Time,raw_angle_left_rad,raw_angle_right_rad,motor_command_left,motor_command_right,vel_L,vel_R,angle_L,angle_R,gait_phase_left,gait_phase_right,amplitude_left,amplitude_right
0,0.5018052,-0.2614226,-0,0,4.41410948713796,-2.29959333302067,0.0441410948713796,-0.0229959333302067,0,0,-6.5,6.5
0.01,0.498164,-0.2582634,-0,0,3.9592964448065,-2.05154892359283,0.0837340593194446,-0.043511422566135,0,0,-6.5,6.5
0.02,0.4956405,-0.2510508,-0,0,3.52300892265261,-1.77344552463953,0.118964148545971,-0.0612458778125303,0,0,-6.5,6.49999999999771
0.03,0.4940587,-0.2397804,-0,0,3.10546024068933,-1.470053755226,0.150018750952864,-0.0759464153647903,0,0,-6.5,6.49999997385956
0.04,0.493658,-0.2242297,-0,0,2.71035934246233,-1.14401168139563,0.177122344377487,-0.0873865321787466,0,0,-6.5,6.49327373427392
0.05,0.494085,-0.2044469,-0,0,2.33570170160207,-0.800284174887549,0.200479361393508,-0.0953893739276221,0,0,-6.5,0.000134364373892868
0.06,0.4947039,-0.1808137,-0,0,1.97701651595738,-0.446479880431982,0.220249526553082,-0.0998541727319419,0,0,-6.49999999999999,6.80658684177597e-17
0.07,0.4950611,-0.1530458,-0,0,1.63170890877501,-0.0837576130477782,0.236566615640832,-0.10069174886242,0,0,-6.49999999990986,4.70060315094658e-44
0.08,0.4941741,-0.1219493,-0,0,1.29265926243691,0.277156947745599,0.249493208265201,-0.0979201793849637,0,0,-6.49999305610755,1.68384334557596e-26
0.09,0.4913782,-0.08773692,-0,0,0.956124731134778,0.631719319981386,0.259054455576549,-0.0916029861851499,0,0,-2.49640448388469,1.16157887377165e-09
0.1,0.4858403,-0.05110205,-0,0,0.617204887911583,0.971602371018745,0.265226504455665,-0.0818869624749624,0,0,-1.49359643990674e-08,1.43243964930652
0.11,0.4772987,-0.01228819,-0,0,0.276453243376977,1.29328663664529,0.267991036889434,-0.0689540961085095,0,0,-1.22308896366278e-20,6.49998424739454
0.12,0.4650505,0.027776,-0,0,-0.0694945920697485,1.58767981880879,0.267296090968737,-0.0530772979204216,0,0,-7.45951420454535e-28,6.49999999942105
0.13,0.4486165,0.0678828,-0,0,-0.421694475894945,1.84424865038637,0.263079146209787,-0.0346348114165579,0,0,-4.28506761214789e-15,6.49999999999967
0.14,0.4292995,0.1095571,-0,0,-0.765394716949647,2.07771793855041,0.255425199040291,-0.0138576320310538,0,0,-0.000142434231733948,6.5
0.15,0.4056149,0.1493682,-0,0,-1.11170714857754,2.258092372219,0.244308127554516,0.00872329169113618,0,0,-6.48998515691898,6.5
0.16,0.3791557,0.1886363,-0,0,-1.44368927115226,2.40019312775258,0.229871234842993,0.032725222968662,0,0,-6.49999996306854,6.5
0.17,0.3501817,0.2264471,-0,0,-1.75771585049003,2.49814816291131,0.212294076338093,0.0577067045977751,0,0,-6.49999999999744,6.5
0.18,0.3189905,0.2616266,-0,0,-2.05028671375385,2.54464197127699,0.191791209200554,0.083153124310545,0,0,-6.5,6.5
0.19,0.28644,0.2942657,-0,0,-2.31344724734489,2.54455301329062,0.168656736727105,0.108598654443451,0,0,-6.5,6.5
0.2,0.25332,0.3242944,-0,0,-2.5407670301494,2.50130843361219,0.143249066425611,0.133611738779573,0,0,-6.5,6.5
0.21,0.2202206,0.3517299,-0,0,-2.72841094821421,2.41915797555654,0.115964956943469,0.157803318535139,0,0,-6.5,6.5
0.22,0.1877399,0.3767371,-0,0,-2.87311654579096,2.30359196956741,0.0872337914855596,0.180839238230813,0,0,-6.5,6.5
0.23,0.1563393,0.3997281,-0,0,-2.97344189215003,2.16206046418413,0.0574993725640593,0.202459842872654,0,0,-6.5,6.5
0.24,0.1259214,0.4207198,-0,0,-3.03332537581594,1.99808328104583,0.0271661188058999,0.222440675683112,0,0,-6.5,6.5
0.25,0.09637504,0.4397293,-0,0,-3.05679316177539,1.81505056084627,-0.00340181281185398,0.240591181291575,0,0,-6.5,6.49999999999952
0.26,0.06826675,0.4575047,-0,0,-3.04184875553139,1.62264179907615,-0.0338203003671679,0.256817599282336,0,0,-6.5,6.49999999989207
0.27,0.04114402,0.473966,-0,0,-2.99592264580361,1.4224780965144,-0.063779526825204,0.27104238024748,0,0,-6.5,6.49999994064881
0.28,0.01432596,0.48863,-0,0,-2.92804229834466,1.21254175003395,-0.0930599498086506,0.28316779774782,0,0,-6.5,6.49988740444606
0.29,-0.01131527,0.5022587,-0,0,-2.83296743265138,1.00203072879857,-0.121389624135164,0.293188105035806,0,0,-6.5,5.82488547302613
0.3,-0.03691988,0.5139132,-0,0,-2.72381165908596,0.784363707722935,-0.148627740726024,0.301031742113035,0,0,-6.5,0.00107299784079889
0.31,-0.06202048,0.523885,-0,0,-2.59852246512145,0.56442892525844,-0.174612965377239,0.306676031365619,0,0,-6.5,1.59198368670792e-09
0.32,-0.08705665,0.5316176,-0,0,-2.46332141256483,0.339235165228899,-0.199246179502887,0.310068383017908,0,0,-6.5,8.53961624619086e-17
0.33,-0.1117228,0.5373664,-0,0,-2.3174134770322,0.113246627937471,-0.222420314273209,0.311200849297283,0,0,-6.5,6.5340944856931e-24
0.34,-0.1361825,0.5408674,-0,1.07774826039617e-25,-2.16427930328238,-0.11403274830915,-0.244063107306033,0.310060521814192,0,-2.30815949030324,-6.5,5.78910015967554e-24
0.35,-0.1604625,0.5424103,-0,1.2176426586062e-18,-2.00594572685953,-0.338166918443154,-0.264122564574628,0.30667885262976,0,-2.21861030479729,-6.5,6.10680166108858e-17
0.36,-0.1845573,0.5423018,-0,1.4158673109081e-11,-1.84401973699869,-0.554986834237315,-0.282562761944615,0.301128984287387,0,-2.14088036986745,-6.49999999999981,6.74172590351972e-10
0.37,-0.2083193,0.5410528,-0,4.7490328509399e-06,-1.678747020292,-0.758949156788169,-0.299350232147535,0.293539492719505,0,-2.07331746381197,-6.49999999998326,0.000217332244342508
0.38,-0.2315277,0.5391764,-0,0.0498337419703898,-1.50973191918744,-0.945078194913666,-0.314447551339409,0.284088710770369,0,-2.01427938798287,-6.49999999744817,2.21232526709689
0.39,-0.2537881,0.5371671,-0,0.149693153453696,-1.33512149622669,-1.1091389799738,-0.327798766301676,0.272997320970631,0,-1.96228286234819,-6.49999920318056,6.49159679312379
0.4,-0.2749664,0.535082,-0,0.152675625717532,-1.1555519957914,-1.25128748311898,-0.33935428625959,0.260484446139441,0,-1.91550827405363,-6.49940404077326,6.49996948938981
0.41,-0.2946321,0.532844,-0,0.15494924796729,-0.969044078247187,-1.37301933362247,-0.349044727042062,0.246754252803216,0,-1.87250214966341,-5.29220335493461,6.49999961633404
0.42,-0.3120432,0.5310739,-0,0.156785099208886,-0.771110260026497,-1.46971618425726,-0.356755829642327,0.232057090960644,0,-1.83294621920702,-0.0018814792303791,6.49999998472842
0.43,-0.3272398,0.5290172,-0,0.158301765218017,-0.564618058408612,-1.54945717339819,-0.362402010226413,0.216562519226662,0,-1.79526760539922,-1.4006596686393e-08,6.49999999875868
0.44,-0.3398181,0.5269511,-0,0.159537720590299,-0.348356100830181,-1.61066874053952,-0.365885571234715,0.200455831821266,0,-1.75921347529109,-9.68190165576942e-15,6.49999999980243
0.45,-0.3496328,0.5248962,-0,0.160529828814096,-0.123568254421151,-1.65431685399329,-0.367121253778926,0.183912663281334,0,-1.72436965612327,-1.65426686217598e-20,6.49999999994394
0.46,-0.3566744,0.5228776,-0,0.161303788386259,0.107346056021306,-1.68137913654336,-0.366047793218713,0.1670988719159,0,-1.69041141180402,-7.68325011305671e-21,6.49999999997352
0.47,-0.3607796,0.5212021,-0,0.161875445322006,0.343499055683907,-1.69039981748728,-0.362612802661874,0.150194873741027,0,-1.65720103827638,-5.48013593265338e-15,6.49999999997872
0.48,-0.3619568,0.5198734,-0,0.162258878236484,0.582526017489229,-1.68285675343051,-0.356787542486982,0.133366306206722,0,-1.62447299372988,-3.44604367831907e-08,6.49999999997229
0.49,-0.3600149,0.5190836,-0,0.162462157801591,0.823997071827065,-1.6585691735935,-0.348547571768711,0.116780614470787,0,-1.59205867500576,-0.0248140001039321,6.49999999994077
0.5,-0.3546368,0.5187424,-0,0.162489775848827,1.0686051239407,-1.61998572235511,-0.337861520529304,0.100580757247236,0,-1.55974458821014,-6.4783160081107,6.49999999980249
0.51,-0.3454562,0.5186675,-0,0.162342166251246,1.3173830395482,-1.57025978560833,-0.324687690133822,0.0848781593911526,0,-1.52737040593792,-6.49999846170596,6.49999999903914
0.52,-0.3325196,0.5184193,-0,0.162017601199548,1.56761269481674,-1.51461246984162,-0.309011563185655,0.0697320346927364,0,-1.49486454852676,-6.49999999956641,6.49999999404547
0.53,-0.315257,0.5175231,-0,0.161515467616171,1.82221581206904,-1.45815894525842,-0.290789405064965,0.0551504452401522,0,-1.46229170758957,-6.49999999999968,6.49999995952847
0.54,-0.2936983,0.5155406,-0,0.160839698232011,2.07854776774208,-1.40524972844088,-0.270003927387544,0.0410979479557434,0,-1.42984057077126,-6.5,6.49999973941153
0.55,-0.2675877,0.5122913,-0,0.159998820955912,2.33669168650575,-1.35755770716539,-0.246637010522486,0.0275223708840895,0,-1.39771032279119,-6.5,6.49999851906268
0.56,-0.2371507,0.5076428,-0,0.159006251455052,2.59247596703691,-1.31614278610497,-0.220712250852117,0.0143609430230398,0,-1.36611516750142,-6.5,6.49999297785296
0.57,-0.2028041,0.5014372,-0,0.157881097453246,2.84042993768449,-1.28214768505254,-0.192307951475272,0.00153946617251434,0,-1.33530223968065,-6.5,6.4999739388645
0.58,-0.1656939,0.4930143,-0,0.156664066335588,3.06921640466686,-1.26096231063207,-0.161615787428604,-0.0110701569338064,0,-1.30589691167954,-6.5,6.49994016334873
0.59,-0.1256147,0.4830448,-0,0.155355677000639,3.28050673438637,-1.24571870047695,-0.12881072008474,-0.0235273439385759,0,-1.2774603076304,-6.5,6.4998908472437
0.6,-0.08518046,0.4698353,-0,0.154057618340258,3.45119549217823,-1.25085431497217,-0.0942987651629578,-0.0360358870882976,0,-1.25160862996351,-6.5,6.49991218605215
0.61,-0.04261792,0.4548534,-0,0.152716805599294,3.5990495808013,-1.26163609389127,-0.0583082693549448,-0.0486522480272103,0,-1.22682937847542,-6.5,6.49994375674498
0.62,-0.0002281107,0.4369268,-0,0.151417637956508,3.70466574213239,-1.28774433520182,-0.0212616119336209,-0.0615296913792284,0,-1.20430852984909,-6.5,6.49998019976793
0.63,0.04088568,0.4160581,-0,0.150170392687834,3.76118609789705,-1.32758171611148,0.0163502490453496,-0.0748055085403432,0,-1.18382891494205,-6.5,6.49999577883469
0.64,0.08160131,0.3932914,-0,0.148901904774416,3.78013563017571,-1.37044427906752,0.0541516053471066,-0.0885099513310184,0,-1.16396190553609,-6.5,6.49999915928246
0.65,0.1199387,0.3680685,-0,0.147656180166911,3.74721615817337,-1.42060158832422,0.0916237669288403,-0.102715967214261,0,-1.14525532952399,-6.5,6.49999986426724
0.66,0.1561152,0.3412763,-0,0.146357790764353,3.66908728165662,-1.46921450231215,0.128314639745407,-0.117408112237382,0,-1.12648974012266,-6.5,6.49999997547896
0.67,0.1896261,0.3132704,-0,0.144977153445232,3.54583679477779,-1.51289371344028,0.163773007693184,-0.132537049371785,0,-1.10724751216309,-6.5,6.49999999451111
0.68,0.220255,0.2846312,-0,0.143464916100744,3.3804307595375,-1.54661465649002,0.197577315288559,-0.148003195936685,0,-1.08690297281642,-6.5,6.49999999824275
0.69,0.2479346,0.2557584,-0,0.141789109294278,3.17721645114642,-1.56745429191548,0.229349479800024,-0.16367773885584,0,-1.06513135685186,-6.5,6.49999999913817
0.7,0.272787,0.2271159,-0,0.139910024161365,2.94212306456632,-1.57228356132152,0.258770710445687,-0.179400574469055,0,-1.04154927724832,-6.5,6.49999999929866
0.71,0.2950754,0.1990253,-0,0.137800961398256,2.68205203257654,-1.55962117023542,0.285591230771452,-0.194996786171409,0,-1.01596927696394,-6.5,6.49999999901475
0.72,0.3147698,0.1713766,-0,0.135484204622042,2.40092080395426,-1.53203006912772,0.309600438810995,-0.210317086862686,0,-0.988777721202878,-6.5,6.49999999777752
0.73,0.3328652,0.1450476,-0,0.1328574705939,2.11147579337554,-1.48331297063362,0.33071519674475,-0.225150216569023,0,-0.95889267521619,-6.5,6.4999999899084
0.74,0.3492774,0.1194102,-0,0.130017554851412,1.81592974019516,-1.42116959829735,0.348874494146702,-0.239361912551996,0,-0.927486896669321,-6.49999999999971,6.49999992467983
0.75,0.3643783,0.09458933,-0,0.126957071420623,1.52035678959013,-1.34613379594273,0.364078062042603,-0.252823250511423,0,-0.894515142075101,-6.49999999871111,6.49999904034133
0.76,0.3784673,0.07046662,-0,0.123680703775415,1.2296623791157,-1.26092272495326,0.37637468583376,-0.265432477760956,0,-0.860328047401293,-6.49997754498556,6.49997968946927
0.77,0.3917855,0.04710804,-0,0.12013256788692,0.947772584655532,-1.16647904569653,0.385852411680315,-0.277097268217921,0,-0.824951397182341,-4.93910292822617,6.49925355551001
0.78,0.4042922,0.02426812,-0,0.115555619095906,0.675724971431173,-1.06646232599588,0.392609661394627,-0.28776189147788,0,-0.788992434949102,-2.88029906215732e-05,6.45537261938938
0.79,0.4160049,0.001935331,-0,0.0659686159344269,0.414902628372225,-0.962205395942064,0.396758687678349,-0.297383945437301,0,-0.752621393988441,-5.77204862163232e-12,3.81992680947852
0.8,0.4270403,-0.01990495,-0,0.000861059212617401,0.167351744057079,-0.854984086926155,0.39843220511892,-0.305933786306562,0,-0.716020270491344,-3.9328675998217e-18,0.0519307207348045
0.81,0.4366769,-0.04189084,-0,3.54425483347049e-06,-0.0725252082905641,-0.751445066033963,0.397706953036015,-0.313448236966902,0,-0.680733592075533,-1.40041298013692e-19,0.000223572312094797
0.82,0.4454666,-0.06359597,-1.34601413052573e-17,8.83162375168006e-09,-0.298702139761986,-0.648303282481468,0.394719931638395,-0.319931269791717,-2.95147562833115,-0.645932598316279,-3.49343559628381e-15,5.86479589328084e-07
0.83,0.4537489,-0.08455857,-1.11793079538339e-11,1.02978292074796e-11,-0.507654550768358,-0.54224884390532,0.389643386130711,-0.32535375823077,-2.88940703765443,-0.610670545135099,-1.31883935696326e-09,7.26769103601971e-10
0.84,0.4604529,-0.1060858,-1.28241397630072e-06,1.35746759328823e-14,-0.708686424358895,-0.445771584260008,0.382556521887122,-0.32981147407337,-2.82821291055231,-0.578319457689486,-0.000129447289739571,1.02003389723446e-12
0.85,0.4661729,-0.1279284,-0.0118489673135151,2.17467204820024e-17,-0.895717921732505,-0.356569236970451,0.373599342669797,-0.333377166443075,-2.7691010434761,-0.548321266278037,-1.18892227980008,1.73857032192181e-15
0.86,0.4716104,-0.1489233,-0.0655759297138025,2.72464617715855e-20,-1.06236491964815,-0.264481905797759,0.362975693473316,-0.336021985501052,-2.71337523336895,-0.517698096429486,-6.48008756025514,2.32256313442152e-18
0.87,0.476482,-0.1692781,-0.0710419155557218,6.24957080558298e-23,-1.21161238962758,-0.17226651488653,0.35085956957704,-0.337744650649917,-2.65981262446515,-0.487169877662925,-6.49994105803365,5.66106701791735e-21
0.88,0.4806521,-0.1884988,-0.0788828126788432,7.06166096765748e-25,-1.34502056434032,-0.0762957194469038,0.337409363933637,-0.338507607844386,-2.60765629716861,-0.455492239044182,-6.49999948256901,6.75050656150629e-23
0.89,0.483907,-0.2061905,-0.0877669655666355,2.19130619302224e-25,-1.46481808931412,0.0258399038283201,0.322761183040495,-0.338249208806103,-2.55602514906331,-0.421689175792323,-6.49999998979077,2.17736474855024e-23
0.9,0.486038,-0.2218869,-0.0965426573512101,6.98817037468546e-24,-1.57309959976016,0.13691355520784,0.307030187042894,-0.336880073254025,-2.50411294829758,-0.384535108784045,-6.49999999962916,7.02184315962757e-22
0.91,0.486921,-0.2350595,-0.104362938316043,1.42223924566132e-20,-1.67112046226876,0.259928062812605,0.290318982420206,-0.334280792625899,-2.45136007925903,-0.342539810805889,-6.49999999997814,1.42167006818207e-18
0.92,0.4865754,-0.2455534,-0.111236489961051,2.30693845033796e-16,-1.75884358002044,0.394258212765202,0.272730546620002,-0.330338210498247,-2.39756038784691,-0.295310450301947,-6.49999999999803,2.37758336836258e-14
0.93,0.4851702,-0.2529077,-0.117407272015723,5.55069003777479e-12,-1.83500004148253,0.541918774635597,0.254380546205176,-0.324919022751891,-2.34283547905661,-0.241332654050451,-6.49999999999973,6.98218019086642e-10
0.94,0.4831002,-0.2569539,-0.123044909886615,3.96199871081242e-08,-1.896540138354,0.702082842432034,0.235415144821636,-0.31789819432757,-2.28775413220745,-0.17998231117274,-6.49999999999994,1.43615152298045e-05
0.95,0.4807717,-0.2573591,-0.128290691928846,-0.000127176117970791,-1.94069221262739,0.875333352070655,0.216008222695363,-0.309144860806864,-2.23282281269464,-0.109954278284671,-6.49999999999998,0.153957527172574
0.96,0.4788508,-0.2540514,-0.133187889831191,0.0515772677265017,-1.9627828917684,1.05981371827951,0.196380393777679,-0.298546723624069,-2.17898906155901,-0.0309047631593964,-6.49999999999999,6.44766000430055
0.97,0.4765832,-0.2465089,-0.13790946314898,-0.339222984455853,-1.97119283758679,1.25767489269071,0.176668465401811,-0.285969974697162,-2.12432791394376,0.0592103101382041,-6.49999999999999,6.49998062779706
0.98,0.4751463,-0.2348211,-0.142236947790336,-1.0469138471369,-1.95671162285355,1.46542498385699,0.157101349173275,-0.271315724858592,-2.07071622487821,0.159671705228454,-6.49999999999999,6.49999998591374
0.99,0.4739937,-0.2187407,-0.14624409990971,-1.72720870397133,-1.92625329790302,1.68274238357041,0.137838816194245,-0.254488301022888,-2.01671383363317,0.270647879197333,-6.49999999999997,6.49999999998153
1,0.4725774,-0.1982183,-0.149964817648917,-2.47364787171433,-1.88625902865853,1.90752648688889,0.11897622590766,-0.235413036153999,-1.96104622016646,0.390710069247415,-6.4999999999999,6.49999999999996
1.01,0.4703599,-0.1737519,-0.153386142598241,-3.2069573135565,-1.84258668526834,2.13300558249969,0.100550359054976,-0.214082980329002,-1.90264160164292,0.515478508999854,-6.49999999999968,6.5
1.02,0.4669049,-0.1452823,-0.156438987345513,-3.89537783993352,-1.79971666640636,2.35787120897729,0.0825531923909127,-0.190504268239229,-1.84082957801594,0.642609391052967,-6.49999999999893,6.5
1.03,0.4614744,-0.1135302,-0.159025544426534,-4.51045636031971,-1.76437549272299,2.57410364553254,0.0649094374636828,-0.164763231783903,-1.7749142663708,0.767074616657399,-6.49999999999706,6.5
1.04,0.4536034,-0.07925612,-0.160991857656184,-5.03125475468792,-1.74024271307309,2.77409982099888,0.0475070103329519,-0.137022233573915,-1.70512711230451,0.885243320655377,-6.49999999999405,6.5
1.05,0.4432577,-0.04277664,-0.162180470633806,-5.45675833989498,-1.72680317661138,2.95493012972668,0.0302389785668381,-0.107472932276648,-1.63258941985626,0.996312211922613,-6.49999999999114,6.5
1.06,0.4301493,-0.004742557,-0.162487471103294,-5.79203184223387,-1.72572934333207,3.11113941252311,0.0129816851335174,-0.0763615381514168,-1.55856217157426,1.09963896657554,-6.4999999999908,6.5
1.07,0.4141528,0.03450409,-0.161878758650416,-6.0492967549921,-1.73701969064259,3.24063923332391,-0.00438851177290847,-0.0439551458181777,-1.48462126010375,1.19613208450358,-6.49999999999335,6.5
1.08,0.3951202,0.074024,-0.160402553241076,-6.23871695129363,-1.76077570569049,3.3364987452193,-0.0219962688298133,-0.0105901583659847,-1.41232894469766,1.28622940553071,-6.49999999999664,6.5
1.09,0.373137,0.113234,-0.158174597541198,-6.37144909679938,-1.79494090396663,3.3957658935947,-0.0399456778694796,0.0233675005699623,-1.3429328852335,1.37153543445193,-6.49999999999873,6.5
1.1,0.3487025,0.1518945,-0.15533206106805,-6.45579639076682,-1.83392912318711,3.41903557356152,-0.0582849691013507,0.0575578563055775,-1.2769168594464,1.4540771714767,-6.49999999999957,6.5
1.11,0.3217171,0.1885775,-0.152032532906888,-6.4959099281636,-1.87785841233685,3.3967224652994,-0.0770635532247192,0.0915250809585716,-1.21478863075929,1.53531048606099,-6.49999999999987,6.5
1.12,0.2930553,0.2233967,-0.148360386211469,-6.49278190464352,-1.91825581532732,3.33392491378322,-0.0962461113779924,0.124864330096404,-1.15573904160572,1.61793945175967,-6.49999999999996,6.5
1.13,0.2631841,0.2560613,-0.144383167138123,-6.44199969983449,-1.95099198898274,3.23207141202199,-0.11575603126782,0.157185044216624,-1.0991709697233,1.70451910143189,-6.49999999999998,6.5
1.14,0.2330759,0.2863554,-0.140085001681008,-6.3330537459527,-1.96792810689977,3.09342285789289,-0.135435312336817,0.188119272795553,-1.04371166138123,1.79798558758323,-6.49999999999999,6.5
1.15,0.2031043,0.3144709,-0.135490683790413,-6.14820299109736,-1.96701237373141,2.9239008163887,-0.155105436074132,0.21735828095944,-0.988852596673846,1.90138226715763,-6.49999999999999,6.5
1.16,0.1738658,0.3405274,-0.130589749214681,-5.86124279913927,-1.94455495238106,2.72851704591086,-0.174550985597942,0.244643451418548,-0.933749500705853,2.01792478614608,-6.49999999999998,6.5
1.17,0.1456236,0.3645269,-0.12540228588986,-5.43622985824498,-1.90027961184939,2.51102274206138,-0.193553781716436,0.269753678839162,-0.878135264422894,2.15106377774779,-6.49999999999994,6.5
1.18,0.1186557,0.3870105,-0.119814451406518,-4.83824067802497,-1.83397301773214,2.27972926290679,-0.211893511893758,0.29255097146823,-0.821718245692144,2.30193780567126,-6.49999999999968,6.5
1.19,0.09307079,0.4080005,-0.113628405817615,-4.04058412696369,-1.74709341198907,2.03779281180559,-0.229364446013648,0.312928899586286,-0.76452067695631,2.47069322832505,-6.49999999999675,6.5
1.2,0.06870817,0.4278344,-0.106620977478435,-3.05591888088054,-1.64349149044,1.7909335446462,-0.245799360918048,0.330838235032748,-0.707092829051404,2.65263981563855,-6.49999999993914,6.49999999999938
1.21,0.0453568,0.4465515,-0.0985259211934864,-1.91722775846296,-1.52725071721388,1.54180280876614,-0.261071868090187,0.346256263120409,-0.650080725111637,2.84054229252149,-6.49999999798313,6.49999999924624
1.22,0.02300471,0.4643481,-0.0891784568970724,-0.77237865544449,-1.40045069531988,1.29421161577052,-0.275076375043386,0.359198379278114,-0.593681712965261,3.02424441024285,-6.49999987739302,6.4999974475536
1.23,0.00105576,0.4808104,-0.079792649061813,0.0438499905236696,-1.2701866500417,1.04628606450454,-0.287778241543803,0.36966123992316,-0.53939147897401,-3.08492657616533,-6.49998808628332,6.46444747563556
1.24,-0.02032321,0.4961576,-0.0716949405646555,9.57031812355341e-05,-1.13627699783406,0.801863592078078,-0.299141011522143,0.37767987584394,-0.486876142073152,-2.92729254418901,-6.49795357772378,0.0155699098293071
1.25,-0.04172745,0.5097289,-0.0614802938131155,2.0226389222001e-10,-1.00525738253923,0.556713898541467,-0.309193585347536,0.383247014829355,-0.43760052986572,-2.78451594693457,-6.01684531633098,2.024282280567e-08
1.26,-0.06331097,0.5212879,-0.00216392907035966,4.16148047948906e-17,-0.879204829675817,0.310703232693349,-0.317985633644294,0.386354047156289,-0.391859172898208,-2.65617579183501,-0.217451563980569,3.78201349554714e-15
1.27,-0.0838952,0.5319656,-2.50131633872306e-06,5.63244457339667e-22,-0.748308031882527,0.0756904454347236,-0.325468713963119,0.387110951610636,-0.34662353734446,-2.54634737833082,-0.000250055921764362,4.09290777620975e-20
1.28,-0.1070297,0.5375306,-6.88527821255115e-09,2.46307966955786e-20,-0.645048890607086,-0.184532648559561,-0.33191920286919,0.38526562512504,-0.310830733409252,-2.64825081395242,-6.96449968551041e-07,2.20499814176405e-18
1.29,-0.1293743,0.5417199,-8.60445451436992e-12,9.68437091919809e-14,-0.538531209082478,-0.433045972596517,-0.337304514960015,0.380935165399075,-0.275376707813794,-2.56365204698009,-9.26419501883155e-10,7.28263743983451e-12
1.3,-0.1521044,0.5434664,-1.04569871324045e-14,2.84705582604028e-07,-0.440120977280472,-0.678302593908377,-0.34170572473282,0.374152139459991,-0.243325152740626,-2.48320857996579,-1.29831212477879e-12,1.85446015150511e-05
1.31,-0.1750234,0.5431693,-1.31940751037002e-17,0.0355307217323329,-0.348118993754355,-0.915205209091091,-0.345186914670363,0.36500008736908,-0.213975977564586,-2.40765504928829,-2.1557714633078e-15,2.09922860726646
1.32,-0.1980725,0.5414556,-2.04397200432813e-20,0.117928632639601,-0.262128933510148,-1.13716609042036,-0.347808204005465,0.353628426464877,-0.187034541225218,-2.33775737920683,-5.80194343915004e-18,6.49895429753453
1.33,-0.2208521,0.5389295,-2.69491818925732e-23,0.124412601083132,-0.17876270480496,-1.33848877826716,-0.349595831053514,0.340243538682205,-0.161349932897898,-2.27373998703309,-3.25946308543476e-20,6.4999993656392
1.34,-0.2429342,0.5363122,6.46015447642695e-25,0.129867803679263,-0.0946617854274123,-1.51310587499178,-0.350542448907788,0.325112479932288,-0.135789098304507,-2.21573985123339,-6.51874829116071e-22,6.49999999786486
1.35,-0.2641099,0.5333382,9.47031067297382e-26,0.134679404433828,-0.00868584923748017,-1.66432606269343,-0.350629307400163,0.308469219305353,-0.109871759329074,-2.16206883290943,-1.15341272658276e-22,6.49999999997577
1.36,-0.2836113,0.5307353,-1.15066952897128e-24,0.138856507992867,0.0850809522964369,-1.78665265166222,-0.349778497877199,0.290602692788731,-0.0816610025047335,-2.11292895331008,-4.23329265380029e-22,6.49999999999915
1.37,-0.3013775,0.5280663,-3.02842306994916e-22,0.142542903075233,0.185783990268746,-1.88548711980209,-0.347920657974511,0.27174782159071,-0.0512036674546888,-2.06676147865851,-4.08013063322499e-20,6.49999999999993
1.38,-0.3167707,0.5256187,-3.32697415677474e-19,0.145774836888907,0.297637913697059,-1.95959892847155,-0.344944278837541,0.252151832305995,-0.0169388725225235,-2.02331148303912,-5.52437830146891e-17,6.49999999999999
1.39,-0.3295325,0.5231459,4.54547057600205e-15,0.148634543372064,0.42107672805674,-2.01273089339785,-0.340733511556973,0.232024523372016,0.0216365921985867,-1.98170886927594,-3.15935756782833e-13,6.5
1.4,-0.3397112,0.5208579,1.34974343099309e-10,0.151149879055618,0.553716491449102,-2.04446225200464,-0.335196346642482,0.21157990085197,0.064221377364448,-1.9417737550488,-2.32910806290929e-09,6.5
1.41,-0.3469933,0.518881,1.54117433766831e-06,0.153352856632487,0.696478563039925,-2.05530853579016,-0.328231561012083,0.191026815494068,0.111626665377266,-1.90325537278454,-1.36758186693133e-05,6.5
1.42,-0.3513145,0.517409,0.00775143884372828,0.155267810237733,0.847935835937168,-2.04531038191825,-0.319752202652711,0.170573711674886,0.163996741418023,-1.86600320492048,-0.0469325672662843,6.5
1.43,-0.3523988,0.5165199,1.33525430902345,0.156921253507419,1.00857231429944,-2.01568033085097,-0.309666479509717,0.150416908366376,0.222165402574824,-1.82978155978832,-6.08253646280819,6.5
1.44,-0.3500865,0.5159819,1.82710740864844,0.158343439019944,1.1777350259536,-1.97038713362478,-0.297889129250181,0.130713037030128,0.286659185914563,-1.79414501653287,-6.49961344026293,6.49999999999999
1.45,-0.343938,0.5158274,2.27760035530673,0.159546667330587,1.35721168903619,-1.91086042026596,-0.284317012359819,0.111604432827468,0.358851073275261,-1.75892775507813,-6.49999948212708,6.49999999999995
1.46,-0.3335605,0.51547,2.76957218056857,0.160549718382445,1.54813841900508,-1.84393043012812,-0.268835628169768,0.0931651285261873,0.439871760962318,-1.72359082567497,-6.49999999900031,6.49999999999969
1.47,-0.3188108,0.5142762,3.28794762533556,0.161357058551817,1.74927799572958,-1.77629555988636,-0.251342848212472,0.0754021729273237,0.529891790354326,-1.68771440868816,-6.49999999999719,6.49999999999792
1.48,-0.2991503,0.5117256,3.8289049664985,0.161960578192874,1.9628764550012,-1.71308165944198,-0.23171408366246,0.0582713563329039,0.629846354787914,-1.65109298113,-6.49999999999999,6.49999999998707
1.49,-0.2745798,0.5077676,4.37482489503323,0.162344961109376,2.1861666546047,-1.65482190099805,-0.209852417116413,0.0417231373229234,0.738487036332124,-1.61383598837632,-6.5,6.49999999992613
1.5,-0.2451297,0.5020723,4.89976578897042,0.162497710724328,2.41628479703822,-1.60440338894812,-0.185689569146031,0.0256791034334422,0.853926517471228,-1.57602586785643,-6.5,6.49999999964969
1.51,-0.2112714,0.4946246,5.37253423450372,0.162409375459231,2.64670311898006,-1.56164660273441,-0.159222537956231,0.0100626374060981,0.972901159097432,-1.53789167238137,-6.5,6.49999999864067
1.52,-0.1736524,0.4853344,5.76972123253504,0.162076798645792,2.86991810660927,-1.52698309171869,-0.130523356890138,-0.00520719351108881,1.09213217422849,-1.4996781058267,-6.5,6.49999999582097
1.53,-0.1332686,0.4739662,6.07864833413577,0.16150427673551,3.07608944472305,-1.50201036178902,-0.0997624624429074,-0.020227297128979,1.2086756788158,-1.46167609680659,-6.5,6.4999999905093
1.54,-0.09096837,0.4602851,6.29845101081508,0.160705029005524,3.25765466774138,-1.48810807914948,-0.0671859157654936,-0.0351083779204738,1.3210588416788,-1.42422443436027,-6.5,6.49999998503254
1.55,-0.04791104,0.4439799,6.43442239054008,0.15970252344237,3.40517927053571,-1.48711005900523,-0.0331341230601365,-0.0499794785105261,1.42859280662116,-1.38771277272606,-6.5,6.49999998474188
1.56,-0.003736787,0.4258094,6.49515523496537,0.15850984580191,3.52360422654749,-1.4912405309528,0.0021019192053384,-0.064891883820054,1.53217473267785,-1.35198637035656,-6.5,6.49999998696868
1.57,0.04006532,0.4053345,6.48785535447622,0.157159286207896,3.6014854540537,-1.50383199925127,0.0381167737458754,-0.0799302038125668,1.6319506176087,-1.31743560634964,-6.5,6.49999999163785
1.58,0.0829288,0.3827845,6.41898980513613,0.15566976409828,3.63676024806219,-1.52201585973706,0.0744843762264973,-0.0951503624099374,1.72888056702315,-1.28399018455532,-6.5,6.49999999553724
1.59,0.1243814,0.3585306,6.29297811491812,0.15404857257955,3.62869772156957,-1.54189332629514,0.110771353442193,-0.110569295672889,1.82391970040562,-1.25139569678672,-6.5,6.49999999773792
1.6,0.1637616,0.3328455,6.11207820163801,0.152299612780425,3.57530827342729,-1.56075276608054,0.146524436176466,-0.126176823333694,1.91810385603494,-1.21943376782533,-6.5,6.49999999881019
1.61,0.2004387,0.3062457,5.87632613650608,0.150406707617957,3.47539499632447,-1.5739971524974,0.181278386139711,-0.141916794858668,2.01252673089049,-1.18763013348445,-6.5,6.49999999925044
1.62,0.2345427,0.2790975,5.58625810380751,0.148354695685758,3.33488277012874,-1.57878757406647,0.214627213840998,-0.157704670599333,2.10751952783053,-1.15565339743208,-6.5,6.49999999938492
1.63,0.2657637,0.2517976,5.24123300517461,0.14612061414038,3.15564301911195,-1.57233166390528,0.246183644032118,-0.173427987238386,2.20365928214291,-1.12313469478377,-6.5,6.49999999928483
1.64,0.2941561,0.2245769,4.842623725013,0.143690796441523,2.94287505082723,-1.55361605311516,0.27561239454039,-0.188964147769537,2.30092862704014,-1.08989724607187,-6.5,6.49999999878021
1.65,0.3197917,0.1975196,4.39412102570952,0.14106483315036,2.70173418966802,-1.52308727752411,0.30262973643707,-0.204195020544778,2.39908353121177,-1.05594509111201,-6.5,6.4999999969573
1.66,0.3430871,0.1712859,3.90526458957644,0.138179064595728,2.44016740833159,-1.47621991221443,0.327031410520386,-0.218957219666923,2.49707520754425,-1.0204928357932,-6.5,6.49999998684498
1.67,0.3640271,0.1452976,3.38348010463511,0.135114830361003,2.16180564574027,-1.41981538076103,0.348649466977789,-0.233155373474533,2.59452400375041,-0.984519148387821,-6.5,6.49999991826446
1.68,0.3831446,0.1198381,2.83952282867229,0.131854313049745,1.87489297182418,-1.35263523687012,0.36739839669603,-0.246681725843234,2.68987266419406,-0.947703119543597,-6.49999999999994,6.4999992081447
1.69,0.4005331,0.09474071,2.27887209882561,0.128446501199765,1.58317405430832,-1.2775583788596,0.383230137239114,-0.25945730963183,2.78253625836479,-0.910449375045573,-6.49999999983472,6.49998864851632
1.7,0.4165666,0.07005941,1.72441190552452,0.124884842365636,1.29255930664921,-1.19534893538579,0.396155730305606,-0.271410798985688,2.87139303857002,-0.872793909662388,-6.49999815670919,6.49975318623539
1.71,0.431178,0.04564294,1.18024527063547,0.121038015470634,1.00457734326788,-1.10854836257822,0.406201503738285,-0.28249628261147,2.95652826380163,-0.835152644509494,-6.38470321310436,6.49221020746059
1.72,0.4444884,0.0213813,6.95210778859928e-05,0.11136541172297,0.72224792649525,-1.01915158662227,0.413423983003237,-0.292687798477693,3.03770741645072,-0.797876496514877,-0.000667308602480912,6.17045604699341
1.73,0.4564254,-0.002747971,2.51439464301667e-12,0.0260404058269156,0.446596088227118,-0.928235507264109,0.417889943885508,-0.301970153550334,3.1152974147761,-0.761145386466922,-1.37096908221892e-10,1.49470276746723
1.74,0.4673764,-0.02632615,-5.41142073085194e-19,0.000300131331147755,0.18252825179475,-0.832945898169935,0.419715226403456,-0.310299612532033,-3.09456860223112,-0.724191290611137,-6.93976060911991e-17,0.017928969906021
1.75,0.4765791,-0.0500998,2.17646120321764e-21,2.17692846256291e-06,-0.07562259249314,-0.740876540685058,0.418959000478524,-0.317708377938884,-3.0232666017471,-0.688836910361776,-1.86032753652324e-18,0.000135834320652724
1.76,0.4842848,-0.07388288,-8.32055732637252e-16,1.19128165177021e-08,-0.324202065667833,-0.650799082723147,0.415716979821846,-0.324216368766115,-2.70484938665337,-0.654748282546354,-8.15088500108685e-14,7.8025449699002e-07
1.77,0.4910155,-0.09714803,-7.75866731167925e-10,3.7514411003129e-11,-0.557579363437611,-0.558600259129953,0.41014118618747,-0.329802371357415,-2.62764872572571,-0.620749484889221,-6.6650967646197e-08,2.59959722990132e-09
1.78,0.4956598,-0.1214942,-0.000166170139464881,1.91472085434738e-13,-0.7850175948425,-0.479090240886791,0.402291010239045,-0.334593273766283,-2.55336718460439,-0.590981262864797,-0.0122419329334288,1.40297172870875e-11
1.79,0.4998003,-0.1447446,-0.0955734407093751,4.55397937069286e-16,-0.991445878972314,-0.392755257742778,0.392376551449322,-0.338520826343711,-2.4855503923214,-0.559782541013238,-6.24741266305436,3.55457138213537e-14
1.8,0.5027965,-0.1677889,-0.108267562522695,1.11552515885561e-18,-1.18271734991261,-0.308586749975298,0.380549377950196,-0.341606693843464,-2.42169291377987,-0.529714512226908,-6.4998743196696,9.2738249678729e-17
1.81,0.5048118,-0.1898522,-0.115377391173234,2.60080126268698e-21,-1.35725343825209,-0.220256495960385,0.366976843567675,-0.343809258803067,-2.36150743100502,-0.498734270774351,-6.4999997407038,2.3038706682047e-19
1.82,0.5058197,-0.210624,-0.121397532955918,1.24583236683189e-23,-1.51540229263416,-0.126074267281894,0.351822820641333,-0.345070001475886,-2.30431299877185,-0.46612110024592,-6.49999999835363,1.17134768092302e-21
1.83,0.5056297,-0.229579,-0.126754531607851,5.96127040885617e-25,-1.65904042377077,-0.0226699732205091,0.335232416403625,-0.345296701208091,-2.24922646279673,-0.430498398964404,-6.4999999999757,5.87805680078056e-23
1.84,0.5039852,-0.2463472,-0.131716466888092,2.54056454060234e-24,-1.79056721465997,0.0916020791268224,0.317326744257026,-0.344380680416823,-2.19541868965796,-0.390900144429101,-6.49999999999933,2.55308586195341e-22
1.85,0.5010445,-0.2604698,-0.136338864194933,1.78613230819272e-21,-1.90863528704897,0.218933281737193,0.298240391386536,-0.342191347599451,-2.14288380168662,-0.345977998946014,-6.49999999999997,1.78553658512675e-19
1.86,0.4966062,-0.2716624,-0.140634390864499,3.05837736401289e-17,-2.01526440641425,0.359697916524418,0.278087747322393,-0.338594368434207,-2.09104832262642,-0.294810509583902,-6.5,3.15455194264997e-15
1.87,0.4911432,-0.2794659,-0.144535347755302,1.27798650522539e-12,-2.10648495260148,0.515654145180648,0.257022897796379,-0.333437826982401,-2.04036335467481,-0.235698248540341,-6.5,1.67398011918727e-10
1.88,0.4851517,-0.2836502,-0.148007554320574,1.02992746312591e-08,-2.17858952206862,0.686290328427944,0.235237002575692,-0.326574923698121,-1.9911348934107,-0.167554591644518,-6.5,7.15236283714797e-06
1.89,0.4792013,-0.2837899,-0.151039519545817,0.000253927432874623,-2.22770052681673,0.872725132415201,0.212959997307525,-0.317847672373969,-1.94360666770653,-0.0883772104802714,-6.5,0.157916895616766
1.9,0.4737125,-0.2797537,-0.153649941369515,-0.00925693758626153,-2.25176132836314,1.07328984339137,0.190442384023894,-0.307114773940055,-1.89773914498204,0.0027669673355079,-6.5,6.47364636880587
1.91,0.4691443,-0.2711299,-0.155862998583714,-0.70565055976287,-2.24874992403213,1.28879644818751,0.167954884783572,-0.29422680945818,-1.85347894866548,0.107840148586169,-6.5,6.49999434965228
1.92,0.4657469,-0.2577984,-0.157713950304837,-1.45693868339833,-2.218858203457,1.51732298560866,0.145766302749002,-0.279053579602094,-1.81055519777402,0.22705679389251,-6.5,6.49999999750051
1.93,0.4633929,-0.239439,-0.159241731517315,-2.28757996280015,-2.16577134418143,1.75875713349802,0.124108589307188,-0.261466008267114,-1.76843676680509,0.360462865978101,-6.5,6.49999999999793
1.94,0.4615353,-0.2163494,-0.160476957179319,-3.14142234478359,-2.09669997746093,2.00750726919915,0.103141589532579,-0.241390935575122,-1.72642121078619,0.50391335800883,-6.5,6.5
1.95,0.4596802,-0.1887544,-0.161428112380074,-3.94625948889223,-2.0178834183934,2.25904406907361,0.0829627553486448,-0.218800494884386,-1.68401759728904,0.652456694905264,-6.5,6.5
1.96,0.4568879,-0.1571548,-0.162091023402097,-4.66177054284751,-1.93898400749357,2.50680346106372,0.0635729152737091,-0.193732460273749,-1.64070861183852,0.799910954835445,-6.49999999999997,6.5
1.97,0.4526086,-0.1222459,-0.162445078272234,-5.2524240431699,-1.86541077431885,2.74312412762042,0.0449188075305206,-0.166301218997545,-1.59641159176172,0.940847516486248,-6.49999999999981,6.5
1.98,0.4459935,-0.08502825,-0.162467928602781,-5.70685268024238,-1.80467008702751,2.95843523824409,0.0268721066602455,-0.136716866615104,-1.55122227442729,1.0715404354083,-6.49999999999902,6.5
1.99,0.43643,-0.0463933,-0.162144190767638,-6.03756287973611,-1.76144346968538,3.14510980765105,0.00925767196339164,-0.105265768538593,-1.50558828778593,1.1912282784024,-6.4999999999967,6.5
2,0.4239743,-0.00641605,-0.161475401291884,-6.26653929975378,-1.73402094236466,3.30351967334734,-0.00808253746025491,-0.0722305718051198,-1.46010349770252,1.3019033891073,-6.49999999999276,6.5
2.01,0.4081664,0.03383865,-0.160484200013344,-6.41041600503103,-1.72522808555139,3.42558918803695,-0.0253348183157688,-0.0379746799247503,-1.41545089652606,1.40453859573647,-6.49999999999071,6.5
2.02,0.3888656,0.07354297,-0.159211393409867,-6.48426611162019,-1.73470777989665,3.50628813939478,-0.0426818961147353,-0.00291179853080253,-1.37223435243723,1.5011861801368,-6.499999999993,6.5
2.03,0.3663859,0.1127748,-0.157700509717853,-6.49820259068755,-1.75801789587097,3.54923543618912,-0.0602620750734449,0.0325805558310886,-1.33069900363189,1.59431974079127,-6.49999999999646,6.5
2.04,0.3407651,0.1504077,-0.155999204066717,-6.45701579015983,-1.79341144323114,3.54752336246051,-0.0781961895057564,0.0680557894556938,-1.29105527233931,1.68589251520498,-6.49999999999872,6.5
2.05,0.3130014,0.1869262,-0.154114573269557,-6.36142161820052,-1.83081160851825,3.50923071366378,-0.0965043055909389,0.103148096592332,-1.25266068915789,1.77770960374204,-6.49999999999955,6.5
2.06,0.2833011,0.2211085,-0.152066199720815,-6.20743762167039,-1.86792117904394,3.42714108590386,-0.115183517381378,0.13741950745137,-1.21537108421871,1.8720372221147,-6.49999999999984,6.5
2.07,0.2524164,0.2532362,-0.14983613626564,-5.98833259305841,-1.8978803649218,3.30810525947865,-0.134162321030596,0.170500560046157,-1.17850527971856,1.97031406180407,-6.49999999999993,6.5
2.08,0.2212744,0.2832853,-0.147378041734827,-5.69509807670683,-1.91295549591016,3.15599899781246,-0.153291875989698,0.202060550024281,-1.14117601306981,2.07381614605468,-6.49999999999995,6.5
2.09,0.1903154,0.3113757,-0.144665668708046,-5.3187976506162,-1.9104543357085,2.97587030243019,-0.172396419346783,0.231819253048583,-1.10299787166535,2.18321379257551,-6.49999999999995,6.5
2.1,0.1602341,0.3377183,-0.141643420625142,-4.8537016940892,-1.88583197718382,2.77333768469466,-0.191254739118621,0.25955262989553,-1.06327328143802,2.2983728980175,-6.49999999999992,6.5
2.11,0.1314408,0.3626098,-0.138272386238531,-4.30217807266078,-1.83759422118459,2.55445090008973,-0.209630681330467,0.285097138896427,-1.0216133132461,2.41812188416563,-6.49999999999971,6.5
2.12,0.1038754,0.3860663,-0.134565175402257,-3.67294030720407,-1.76866263484356,2.32241375378975,-0.227317307678903,0.308321276434325,-0.978217689592558,2.54125830705073,-6.49999999999821,6.5
2.13,0.07795948,0.4086351,-0.130482595784725,-2.98878283700577,-1.67766098204348,2.08488254789208,-0.244093917499337,0.329170101913245,-0.932574397081787,2.66428655268663,-6.4999999999776,6.5
2.14,0.0529257,0.4298122,-0.126150985259721,-2.2514717306221,-1.57387558581866,1.839726508948,-0.259832673357524,0.347567367002725,-0.885989425316958,2.78695752949765,-6.49999999952963,6.49999999999984
2.15,0.02939576,0.4504005,-0.121422416938345,-1.5194026175903,-1.4537615309668,1.59644986798554,-0.274370288667192,0.363531865682581,-0.837527065553079,2.90440096643764,-6.49999997966476,6.49999999987228
2.16,0.00630769,0.4694779,-0.116380463170486,-0.810981816456138,-1.32889757921251,1.34868106568983,-0.287659264459317,0.377018676339479,-0.7892315807111,3.01859293948981,-6.49999861594109,6.4999996834006
2.17,-0.01579297,0.4882343,-0.11077454840381,-0.073392987768813,-1.19586492773519,1.10904510654504,-0.299617913736669,0.38810912740493,-0.740208113830371,3.12384877722427,-6.49981473897612,6.49795354003201
2.18,-0.03873906,0.5031599,-0.104504119486034,0.000276038072333817,-1.07235283126354,0.848047618933414,-0.310341442049304,0.396589603594264,-0.694391851048927,-3.05049542510342,-6.47363680200174,0.232022449865983
2.19,-0.06121799,0.517099,-0.0486232571833064,1.64300053513519e-09,-0.946996411962065,0.594307207204544,-0.319811406168925,0.402532675666309,-0.649113462002598,-2.95003940463774,-3.21267204978847,4.1022110148209e-07
2.2,-0.08385244,0.5286348,-0.000254592806965454,7.9822115351553e-16,-0.826316978343808,0.336761262318056,-0.328074575952363,0.40590028828949,-0.605939113840799,-2.85301296049215,-0.0181268634558999,8.32539569122571e-14
2.21,-0.1065091,0.5377454,-4.60376165591773e-07,4.57709906568393e-21,-0.709637486086883,0.0774969132268382,-0.335170950813232,0.406675257421758,-0.564675162005623,-2.75988434806934,-3.55717731477619e-05,4.59816251294293e-19
2.22,-0.1292706,0.5440038,-6.15038584733971e-10,1.77051037899187e-19,-0.59819251387875,-0.185091234308985,-0.341152875952019,0.404824345078668,-0.525624365377352,-2.70116541217779,-5.15703557174391e-08,1.72703190393689e-17
2.23,-0.1521547,0.5473117,-6.83786091313817e-13,7.41651485350534e-13,-0.492504752862757,-0.449574985570827,-0.346077923480647,0.40032859522296,-0.488901725656398,-2.61414139928982,-6.1737138785605e-11,6.19495850757678e-11
2.24,-0.17503,0.5481166,-7.1059153346472e-16,2.68504792522983e-06,-0.391705216266942,-0.709877211756393,-0.349994975643316,0.393229823105396,-0.454210980509307,-2.5310528772626,-6.80557946841913e-14,0.000189542995956928
2.25,-0.1977235,0.5468447,-8.72989568814541e-19,0.0879820957009445,-0.294603795466529,-0.960660797236621,-0.352941013597982,0.38362321513303,-0.421133205257428,-2.45269876715605,-8.67799565643974e-17,5.48942657446579
2.26,-0.2201497,0.5441284,-2.16283252377798e-21,0.113306804514568,-0.200849975448492,-1.19532671327824,-0.354949513352467,0.371669948000247,-0.389484465085579,-2.37986737177655,-2.17354950918312e-19,6.49991358936188
2.27,-0.2418919,0.5407594,-2.13186002749019e-23,0.120500060297808,-0.107210224984208,-1.40658357616636,-0.356021615602309,0.357604112238584,-0.358152087508592,-2.31317852952963,-2.13394100134109e-21,6.4999999469594
2.28,-0.2627632,0.5371604,-2.555446833469e-24,0.126474861664027,-0.0127409230478861,-1.59116448447484,-0.356149024832788,0.341692467393835,-0.32670056429319,-2.25218624900836,-2.56087027537737e-22,6.49999999982715
2.29,-0.2821146,0.5338705,-9.22945610158774e-24,0.131609015744831,0.0874417234207812,-1.74527634888156,-0.35527460759858,0.32423970390502,-0.293337984782024,-2.19660913559022,-9.54286495407632e-22,6.49999999999775
2.3,-0.2999506,0.5306268,-9.42724109553424e-22,0.136164835927528,0.192049281186812,-1.87267487091602,-0.353354114786712,0.30551295519586,-0.258245241704307,-2.14491505221779,-1.08015827670116e-19,6.49999999999992
2.31,-0.3158336,0.5274786,-8.75571333316377e-19,0.140207580302878,0.303724850287374,-1.97427468873563,-0.350316866283838,0.285770208308503,-0.220200564693758,-2.0963622386929,-1.3255456609915e-16,6.49999999999999
2.32,-0.3294736,0.5244245,-1.32842490705215e-15,0.143797010610223,0.423534994382919,-2.051545353013,-0.346081516340009,0.265254754778373,-0.178410823229125,-2.05028222171794,-5.13209714629728e-13,6.5
2.33,-0.3406442,0.5214977,2.84345222787467e-12,0.146981574380334,0.551833791307352,-2.10571568231437,-0.340563178426935,0.24419759795523,-0.132229468088341,-2.00617417677411,-2.5536523844931e-09,6.5
2.34,-0.349227,0.5188215,-2.68051870593816e-08,0.149795672237966,0.687933803450647,-2.13729749307422,-0.333683840392429,0.222824623024487,-0.0813062210357377,-1.96372724961362,-9.64589568003608e-06,6.5
2.35,-0.3551427,0.5164615,-0.000162328184595555,0.152273577645919,0.830806135195431,-2.14743519144313,-0.325375779040474,0.201350271110056,-0.0253612008840422,-1.92261419137289,-0.0216653765631851,6.5
2.36,-0.3583172,0.5146514,0.143082449381336,0.154434925796121,0.979407557155465,-2.1358732297092,-0.31558170346892,0.179991538812964,0.0359213675404472,-1.88272318229088,-5.24398341840504,6.5
2.37,-0.3586418,0.5135289,0.670737578866151,0.156303315976513,1.13304409699161,-2.10338260335382,-0.304251262499004,0.158957712779426,0.103030448604336,-1.84385982522566,-6.49778954196666,6.5
2.38,-0.3557763,0.5132183,1.15498704339183,0.157899134582575,1.29305860948337,-2.05094323491909,-0.29132067640417,0.138448280430235,0.177361961967595,-1.80584370515366,-6.4999950519642,6.5
2.39,-0.3494384,0.5134416,1.66115117735843,0.159249004688713,1.46011993194658,-1.98311163051936,-0.276719477084704,0.118617164125042,0.260047112649499,-1.76821521206758,-6.49999998376842,6.49999999999999
2.4,-0.3390883,0.5140445,2.24164876810876,0.160364703404545,1.63702776431193,-1.90308399997479,-0.260349199441585,0.0995863241252936,0.353051651733532,-1.73069050434967,-6.49999999993099,6.49999999999994
2.41,-0.3246876,0.5144663,2.86416381673801,0.161255429732059,1.82188623154709,-1.81741381394933,-0.242130337126114,0.0814121859858003,0.455915157492915,-1.69280840141581,-6.4999999999996,6.49999999999934
2.42,-0.305507,0.5141092,3.51026523860375,0.161917540753968,2.0189249055922,-1.73244838685839,-0.221941088070192,0.0640877021172165,0.570167742278362,-1.6542365701839,-6.5,6.49999999999267
2.43,-0.2815401,0.5127642,4.15380415428101,0.162336774003064,2.22560450328661,-1.65058860166654,-0.199685043037326,0.047581816100551,0.693381503249034,-1.61495794428769,-6.5,6.49999999991645
2.44,-0.2527046,0.5099264,4.76293497518316,0.162498541452092,2.4401925108085,-1.57657588924137,-0.175283117929241,0.0318160572081373,0.822488430914711,-1.57497051874025,-6.5,6.49999999916296
2.45,-0.2193419,0.5054344,5.29741754576509,0.162389700462187,2.65735260586462,-1.51168653600688,-0.148709591870595,0.0166991918480685,0.952684309209446,-1.53449476669686,-6.5,6.49999999310552
2.46,-0.1823308,0.4987037,5.72924778111731,0.162004539552909,2.86750447841541,-1.46069641599269,-0.120034547086441,0.00209222768814161,1.07878462592635,-1.49384298181656,-6.5,6.49999996155031
2.47,-0.1418612,0.490219,6.05589273096983,0.161346484341548,3.06795959054386,-1.41854830935147,-0.089354951181002,-0.0120932554053731,1.19891571926709,-1.45333819430866,-6.5,6.49999983407273
2.48,-0.1000687,0.4785264,6.28004631447041,0.160439997500885,3.23937985736001,-1.39743068965164,-0.0569611526074019,-0.0260675623018895,1.30984332135798,-1.41375340955903,-6.5,6.49999965116333
2.49,-0.05666174,0.4643551,6.41997218531673,0.159309520087105,3.38548169981035,-1.38930419047946,-0.0231063356092984,-0.0399606042066842,1.41367550951411,-1.37523077739001,-6.5,6.4999995386109
2.5,-0.01293167,0.447126,6.48842336477322,0.158001038352847,3.49605598990791,-1.39811475837996,0.0118542242897808,-0.0539417517904837,1.51108970194452,-1.33838150282456,-6.5,6.49999966915652
2.51,0.03055409,0.4272088,6.49643930409953,0.156545292167377,3.5683605104054,-1.41907944343877,0.0475378293938348,-0.0681325462248715,1.60390594127977,-1.30316059965482,-6.5,6.49999984597932
2.52,0.07257796,0.4043322,6.45072917948253,0.154987366191899,3.59451849901484,-1.45331076475463,0.0834830143839832,-0.0826656538724178,1.6940319993869,-1.26986096386681,-6.5,6.49999995429989
2.53,0.1130484,0.3791985,6.3537386731569,0.153326866744879,3.5775013378407,-1.49325591550048,0.11925802776239,-0.0975982130274226,1.78338904027004,-1.23785878630255,-6.5,6.4999999885206
2.54,0.1507692,0.3520085,6.20311513138868,0.151573277940712,3.51072751294591,-1.53633472666951,0.154365302891849,-0.112961560294118,1.87427141343889,-1.20692914940588,-6.5,6.49999999730795
2.55,0.1859186,0.3233815,5.99369171415134,0.14970359493306,3.40054479377291,-1.57653051848425,0.188370750829578,-0.12872686547896,1.96818851084073,-1.17641281482861,-6.5,6.49999999928279
2.56,0.2177342,0.2940005,5.71501207215559,0.14767998197496,3.24488802346967,-1.60781572021343,0.220819631064275,-0.144805022681094,2.0674241260332,-1.14560594559462,-6.5,6.49999999974095
2.57,0.2465596,0.2643422,5.35728442633876,0.145472304895259,3.05185332479845,-1.62655216330863,0.25133816431226,-0.161070544314181,2.17284406076234,-1.11407030554403,-6.5,6.49999999986082
2.58,0.2723563,0.234947,4.90938105044962,0.143039574717745,2.82579730973766,-1.62895707188797,0.279596137409636,-0.17736011503306,2.28541467731471,-1.08130460387492,-6.5,6.49999999987712
2.59,0.2953726,0.206181,4.36569476192362,0.140352088223257,2.57344808305223,-1.61321733578208,0.305330618240159,-0.193492288390881,2.40500370907404,-1.04702507221262,-6.5,6.49999999981242
2.6,0.3160018,0.1782826,3.73161093337722,0.137391299654433,2.30241380795757,-1.57892704370351,0.328354756319734,-0.209281558827916,2.53022624605477,-1.01109677998731,-6.5,6.49999999949217
2.61,0.334657,0.1515031,3.02149833861158,0.134136863728421,2.01995960971148,-1.52574438429626,0.348554352416849,-0.224539002670879,2.65862195924319,-0.973335831445562,-6.5,6.49999999745208
2.62,0.3517044,0.125763,2.25058709785252,0.130615019454688,1.7323984662692,-1.45637353181368,0.365878337079541,-0.239102737989016,2.78710016568946,-0.934026791820525,-6.49999999999745,6.49999997706496
2.63,0.367522,0.1010234,1.47100256207166,0.126850075362921,1.44563485811844,-1.37305703876396,0.380334685660725,-0.252833308376655,2.91224994420916,-0.893379348952127,-6.49999998788472,6.49999963149294
2.64,0.3824639,0.07723674,0.725094183236016,0.122825596540785,1.16484541567164,-1.27802334538953,0.391983139817442,-0.265613541830551,3.03101317966622,-0.851615400476244,-6.499783843466,6.49998936232122
2.65,0.3965218,0.05414866,-0.000532849377948715,0.118518761831746,0.891556039990711,-1.1751928207613,0.400898700217349,-0.277365470038164,-3.14090002478013,-0.809342219284888,-1.58033038871036,6.49947655925166
2.66,0.4098867,0.03173474,1.12107010222033e-09,0.113094230205951,0.62883791931548,-1.06620693246451,0.407187079410504,-0.288027539362809,-3.03824460082641,-0.766750350419138,-3.48015404773908e-06,6.4550154336176
2.67,0.4223635,0.009730626,-6.00223402801942e-15,0.0544234725975536,0.376051682066816,-0.954696383921963,0.410947596231172,-0.297574503202028,-2.9433971789383,-0.724531231454852,-1.27998718431055e-12,3.24982817333953
2.68,0.4347388,-0.01130365,-5.69286459795176e-20,0.000320775017554843,0.141089693507503,-0.836832814403621,0.412358493166247,-0.305942831346065,-2.8584394972773,-0.681614896540244,-6.00699627070847e-18,0.0202102460258813
2.69,0.4440296,-0.0337569,-1.4722267690734e-20,1.290509990883e-06,-0.101806895637729,-0.734791431513116,0.41134042420987,-0.313290745661196,-2.78208964789956,-0.643589761040026,-1.47397864642303e-18,8.6021679290754e-05
2.7,0.4531277,-0.05529455,-4.89832201008709e-16,2.23084899019625e-09,-0.324927318727056,-0.627660506262945,0.408091151022599,-0.319567350723825,-2.70625258397335,-0.60498147826607,-4.80586205510944e-14,1.5912127551032e-07
2.71,0.4612837,-0.07645339,-1.44420872816744e-10,2.20569581385773e-12,-0.534832408321208,-0.521332444410138,0.402742826939387,-0.324780675167927,-2.63579924508404,-0.567263700950693,-1.26142085367228e-08,1.69519744599564e-10
2.72,0.4675238,-0.09864266,-1.29118121089649e-05,3.43837323621117e-15,-0.739562719724823,-0.428763638780694,0.395347199742139,-0.329068311555734,-2.56754172983279,-0.534135541244397,-0.000978653423420407,2.83205830189188e-13
2.73,0.4732697,-0.1202122,-0.0517353691063643,3.67555854769152e-18,-0.92563421050987,-0.3350998657112,0.38609085763704,-0.332419310212846,-2.50478802333747,-0.501229481120744,-3.48714104615894,3.23985713963799e-16
2.74,0.4782697,-0.1415753,-0.105012090010901,5.39327209056665e-21,-1.09544906438272,-0.24471451923278,0.375136366993213,-0.334866455405173,-2.4460830513174,-0.469779191479113,-6.49574355000733,5.0400352686076e-19
2.75,0.482726,-0.1623347,-0.111988432716754,1.7586293382715e-23,-1.2473672585496,-0.154536345399428,0.362662694407717,-0.336411818859168,-2.39121714480776,-0.438743397058347,-6.49998644360943,1.71884787856684e-21
2.76,0.4864351,-0.1822129,-0.117802640442745,3.68799977678586e-25,-1.38356016438575,-0.0628026839193012,0.348827092763859,-0.337039845698361,-2.33912414920819,-0.407429867163505,-6.49999987586319,3.69452594714874e-23
2.77,0.4893691,-0.2006969,-0.122895690872504,1.92467802048636e-25,-1.50459544520851,0.0341291447923169,0.333781138311774,-0.336698554250437,-2.28926878772387,-0.374448918254661,-6.49999999736773,1.931802180631e-23
2.78,0.491319,-0.2173889,-0.127541388233721,6.26303488605296e-24,-1.61268670636512,0.138541448378525,0.317654271248123,-0.335313139766652,-2.24085445180632,-0.338741397901657,-6.49999999989477,6.26141899554938e-22
2.79,0.4922179,-0.2317269,-0.131891962639175,7.7644036932296e-21,-1.70871058114361,0.253884443876778,0.300567165436687,-0.332774295327884,-2.19347175435692,-0.298677789925653,-6.49999999999294,7.96197201608434e-19
2.8,0.4915094,-0.2438346,-0.136074599967892,5.24859212064054e-17,-1.79782252682412,0.37726511931227,0.282588940168446,-0.329001644134762,-2.14596643163422,-0.254770068538292,-6.49999999999935,6.11203410693551e-15
2.81,0.4898153,-0.2526919,-0.139974865623762,5.82543658184013e-13,-1.87452116903427,0.515914495933771,0.263843728478103,-0.323842499175424,-2.09924282336771,-0.203568831752763,-6.49999999999991,1.11810426130999e-10
2.82,0.4869185,-0.2586486,-0.143610182093096,-6.16645685407979e-10,-1.94118061014469,0.664415722142191,0.244431922376656,-0.317198341954002,-2.05276575244995,-0.146238203612816,-6.49999999999998,1.4593456499769e-06
2.83,0.4834701,-0.2610713,-0.146906124083724,3.63225907436019e-05,-1.99248698793135,0.826283494370909,0.224507052497343,-0.308935507010293,-2.00726246383355,-0.0802652109494941,-6.49999999999999,0.0122792361487956
2.84,0.4798085,-0.2599066,-0.149850168345229,0.0134722972260278,-2.02642574046954,0.999585328510594,0.204242795092647,-0.298939653725187,-1.96286525955033,-0.00517469838511695,-6.5,5.80392731948317
2.85,0.4764276,-0.2547469,-0.152433132761077,-0.504524989209257,-2.03993862784,1.1855446287829,0.183843408814247,-0.287084207437358,-1.91981523445442,0.0809513985849259,-6.5,6.49968500407948
2.86,0.4734224,-0.2456411,-0.154682595906052,-1.15926277974801,-2.03386400958211,1.38120952794793,0.163504768718426,-0.273272112157879,-1.87784168535485,0.17806780466225,-6.5,6.49999975843402
2.87,0.4712113,-0.2322693,-0.15660760281001,-1.83143540398846,-2.00630068773509,1.58701564238517,0.143441761841075,-0.257401955734027,-1.8370171965218,0.287334035781664,-6.5,6.49999999968237
2.88,0.4695998,-0.2146874,-0.158243374248733,-2.57660798318964,-1.96101421701266,1.80001367624946,0.123831619670948,-0.239401818971533,-1.7968313458204,0.407645365567742,-6.49999999999999,6.49999999999928
2.89,0.468141,-0.193044,-0.159616656791169,-3.32579530864671,-1.90377460624289,2.01664960311026,0.10479387360852,-0.21923532294043,-1.75667765797035,0.536673842487776,-6.49999999999994,6.5
2.9,0.4664559,-0.1677466,-0.16073489383762,-4.03802445966578,-1.83935127800407,2.23139858294684,0.0864003608284789,-0.196921337110962,-1.71614141176405,0.670395607029162,-6.49999999999964,6.5
2.91,0.4635888,-0.139243,-0.161598646950775,-4.6832880181786,-1.77716839980072,2.43887721410692,0.0686286768304717,-0.172532564969892,-1.67461177905814,0.804668993356651,-6.49999999999796,6.5
2.92,0.4589844,-0.1080425,-0.162186846993026,-5.23329736154776,-1.72232869596807,2.63368995760703,0.051405389870791,-0.146195665393822,-1.63196956017657,0.935873971973887,-6.49999999999006,6.5
2.93,0.4519922,-0.07482831,-0.162474370498903,-5.67439614629266,-1.6802561971755,2.80949112776078,0.034602827899036,-0.118100754116214,-1.58829441009627,1.0612095497238,-6.49999999996536,6.5
2.94,0.4422824,-0.03963492,-0.162439839476093,-6.01178470992996,-1.65301427710002,2.96626319035122,0.0180726851280359,-0.0884381222127019,-1.54398713690465,1.18066128489077,-6.49999999992097,6.5
2.95,0.4291745,-0.003609649,-0.162075730805606,-6.25076111449312,-1.64542092649622,3.09446971508862,0.00161847586307364,-0.0574934250618157,-1.49958839075978,1.29290882091309,-6.49999999990022,6.5
2.96,0.4129626,0.03349243,-0.161392226042132,-6.40521555612546,-1.65324062775084,3.1977039915932,-0.0149139304144348,-0.0255163851458837,-1.45569318084029,1.39976950341697,-6.49999999992144,6.5
2.97,0.3930528,0.0701503,-0.160419393691544,-6.48438361538172,-1.68021311175911,3.26410531821653,-0.0317160615320259,0.00712466803628155,-1.41296787112988,1.50144670294874,-6.49999999996526,6.5
2.98,0.3702185,0.107162,-0.159188003722193,-6.49720002422588,-1.71771261845193,3.30325120342876,-0.0488931877165452,0.0401571800705691,-1.37152674098663,1.60015656538573,-6.49999999998861,6.5
2.99,0.3444507,0.1433769,-0.157735855301108,-6.44830419907804,-1.76458595146224,3.30717978265063,-0.0665390472311675,0.0732289778970754,-1.33159005234899,1.69703217660829,-6.49999999999708,6.5
3,0.3164018,0.1786511,-0.156081802835562,-6.33943532636281,-1.81395502497804,3.27762393365192,-0.0846785974809479,0.106005217233595,-1.29285367810276,1.79358274594632,-6.49999999999928,6.5
3.01,0.2863419,0.2122656,-0.154243874873907,-6.16859237599881,-1.86284779223412,3.2114301880815,-0.103307075403289,0.13811951911441,-1.25515279919742,1.89157437624471,-6.49999999999981,6.5
3.02,0.2550731,0.2440085,-0.152208194569677,-5.93074985354726,-1.9039258176256,3.11039691284332,-0.122346333579545,0.169223488242843,-1.21783743273752,1.99251281618895,-6.49999999999994,6.5
3.03,0.2233422,0.2739342,-0.149946742123488,-5.61995466489967,-1.93103175523972,2.97874483346233,-0.141656651131942,0.199010936577466,-1.18025913963447,2.09729509177973,-6.49999999999997,6.5
3.04,0.1917061,0.3019857,-0.147429612145355,-5.22997388319103,-1.94029747946516,2.81959382211688,-0.161059625926594,0.227206874798635,-1.14192982288157,2.20657944632841,-6.49999999999998,6.5
3.05,0.1609151,0.3284312,-0.144601855366039,-4.75967131115176,-1.92664989616378,2.63882862117665,-0.180326124888232,0.253595161010401,-1.1021311812768,2.3198410283509,-6.49999999999997,6.5
3.06,0.1310636,0.3532077,-0.141453240127322,-4.21086097911138,-1.89132771363653,2.43910989004286,-0.199239402024597,0.27798625991083,-1.06085562534746,2.43672843406352,-6.49999999999993,6.5
3.07,0.1020845,0.3762865,-0.137995010035107,-3.59174988995523,-1.83703325314991,2.22331429454021,-0.217609734556096,0.300219402856232,-1.01828761741647,2.55639046226864,-6.49999999999971,6.5
3.08,0.07457973,0.3982822,-0.134169012925833,-2.92415701287965,-1.76056211948379,1.99977272703416,-0.235215355750934,0.320217130126574,-0.973701422204375,2.67541620599815,-6.49999999999782,6.5
3.09,0.04845126,0.4193314,-0.130002945978736,-2.22224185567966,-1.66524120287584,1.77200426521822,-0.251867767779692,0.337937172778756,-0.927327379993389,2.79166715875692,-6.49999999996885,6.499999999999
3.1,0.02294755,0.4389098,-0.125624345009458,-1.51194063099629,-1.55992845477512,1.53752303682244,-0.267467052327444,0.35331240314698,-0.880458132175258,2.90560934842183,-6.49999999930323,6.49999999918128
3.11,-0.002308767,0.4568554,-0.121054320187489,-0.824499779560802,-1.44953746752459,1.29725121784529,-0.281962427002689,0.366284915325433,-0.83387601066231,3.01658832600237,-6.49999997770507,6.49999786750271
3.12,-0.0263607,0.4740555,-0.116026803249944,-0.0915258002799922,-1.32700184284388,1.06118189158676,-0.295232445431128,0.376896734241301,-0.785988742426468,3.12028547490176,-6.49999860427592,6.48292206612089
3.13,-0.05046546,0.4893005,-0.110675707807039,0.000146432570280989,-1.20519586300055,0.820217834252894,-0.307284404061134,0.38509891258383,-0.739379339113368,-3.0623612760871,-6.49988081993837,0.0466804768806404
3.14,-0.07462785,0.5024353,-0.104682114161268,2.01419431437552e-10,-1.08499070422942,0.575235889401583,-0.318134311103428,0.390851271477845,-0.694228611939191,-2.9650572852445,-6.48603024651434,8.4419173326056e-08
3.15,-0.09740772,0.5148627,-0.0602189861875698,4.05958014696081e-16,-0.95461880394571,0.340590672817875,-0.327680499142885,0.394257178206024,-0.647589130817953,-2.87615192915472,-3.9884227528796,4.51636133792153e-14
3.16,-0.1228241,0.5221166,-0.00105909030780177,1.15814603775211e-21,-0.850830866655251,0.078392319611936,-0.336188807809437,0.395041101402144,-0.608688649856128,-2.7807663541928,-0.0750203346028024,1.15977535049785e-19
3.17,-0.1467826,0.5283192,-2.65640075352572e-06,2.78085414011494e-20,-0.736511571750313,-0.171234146380456,-0.343553923526941,0.393328759938339,-0.56793520056393,-2.70447687653007,-0.000203877077078764,2.72300941508703e-18
3.18,-0.1706566,0.5320249,-4.50913071991631e-09,6.04876077192607e-14,-0.625341016982325,-0.420044302846968,-0.349807333696764,0.389128316909869,-0.528849060030034,-2.61585359474545,-3.75543376794518e-07,5.0706085813939e-12
3.19,-0.1944291,0.5335875,-5.5970929569951e-12,1.45323594005945e-07,-0.51771347901915,-0.663162059522293,-0.354984468486955,0.382496696314646,-0.49147546590042,-2.53215341716845,-5.02868823043692e-10,1.02796122607589e-05
3.2,-0.21775,0.533587,-4.84067339279743e-15,0.0179104450659988,-0.411068853217692,-0.89421298573486,-0.359095157019132,0.373554566457298,-0.454988241669105,-2.45447503304749,-4.630816091775e-13,1.120112112464
3.21,-0.2404702,0.5325522,-3.7485922177614e-18,0.112871714087761,-0.304811609276584,-1.1079075201331,-0.362143273111898,0.362475491255967,-0.419090797130949,-2.38319656407961,-3.73179954420199e-16,6.49695602209597
3.22,-0.2622533,0.5309833,-4.51312701318386e-21,0.119979926607276,-0.196768932157489,-1.2997907140608,-0.364110962433473,0.349477584115359,-0.382971372046321,-2.31826409751634,-4.53438294676292e-19,6.49999770166968
3.23,-0.2828204,0.5291588,-3.20179798273356e-23,0.125827750363857,-0.0854726779455461,-1.4678795585408,-0.364965689212928,0.334798788529951,-0.345976429585483,-2.25900185306102,-3.20072987845527e-21,6.49999999153218
3.24,-0.301699,0.5271781,-9.62715259730481e-24,0.130897368601979,0.0320708151486784,-1.61209485148004,-0.364644981061442,0.31867784001515,-0.306882401783043,-2.20446352486515,-9.77434400479182e-22,6.49999999989354
3.25,-0.3186257,0.5250263,-4.17983786177454e-22,0.135409482590285,0.156728807954771,-1.73353557126876,-0.363077692981894,0.301342484302463,-0.265057892294643,-2.15367800928721,-4.65684046112865e-20,6.49999999999651
3.26,-0.3332302,0.5225585,-7.68707557542042e-19,0.13945268014918,0.290165580567582,-1.83450387869595,-0.360176037176218,0.282997445515503,-0.219496850383001,-2.105664855584,-1.17311973924306e-16,6.49999999999976
3.27,-0.3453267,0.5195171,-2.74058079524789e-15,0.143100830003724,0.432224895614205,-1.91823432141286,-0.355853788220076,0.263815102301375,-0.169712599506566,-2.05948496378037,-1.6486553428977e-12,6.49999999999997
3.28,-0.3547055,0.5161189,2.92836543679163e-11,0.146363595238223,0.582906720990586,-1.98369376902714,-0.35002472101017,0.243978164611103,-0.1150710654923,-2.01502054325422,-2.72868351629466e-08,6.49999999999999
3.29,-0.3611987,0.5123513,-1.86491221353512e-06,0.149276254610965,0.741776849584781,-2.03206875845931,-0.342606952514322,0.22365747702651,-0.0550104069615544,-1.97185979131662,-0.000266689367382229,6.5
3.3,-0.3647182,0.5085286,0.00645412069730893,0.15184549755045,0.907681699934258,-2.06173435113524,-0.33353013551498,0.203040133515158,0.0108092727293932,-1.93002396445406,-1.02389051704458,6.5
3.31,-0.3651701,0.5049192,0.517252466996265,0.15408794890916,1.07956097975703,-2.07174996933218,-0.32273452571741,0.182322633821836,0.0827774477862778,-1.88944282689887,-6.48340225733417,6.5
3.32,-0.362405,0.5018247,1.058091684439,0.156021197942619,1.25688093501727,-2.0611141708615,-0.310165716367237,0.161711492113221,0.161483921406554,-1.85005960020701,-6.49998391689405,6.5
3.33,-0.3561427,0.4992457,1.58596439952471,0.157674831769833,1.44024523595216,-2.03168404236262,-0.295763264007715,0.141394651689595,0.247945708953527,-1.81153896764503,-6.49999997229139,6.5
3.34,-0.3460231,0.4970393,2.18098916013923,0.159073704598802,1.63085041179518,-1.98654230581759,-0.279454759889763,0.121529228631419,0.343289549626666,-1.77348888420185,-6.49999999992449,6.49999999999999
3.35,-0.3316997,0.4951718,2.81861719674226,0.160230075701165,1.82961153370744,-1.92767956301251,-0.261158644552689,0.102252433001294,0.448169579769943,-1.73566641256119,-6.4999999999997,6.49999999999997
3.36,-0.3132031,0.4929706,3.46127517459403,0.161158191969084,2.03402783412959,-1.86255535059767,-0.240818366211393,0.0836268794953169,0.561200458150357,-1.69749171541419,-6.5,6.49999999999981
3.37,-0.2901594,0.4900835,4.09551955657713,0.16185310345588,2.24527834959839,-1.79525462791598,-0.218365582715409,0.0656743332161571,0.681759078714199,-1.65873392614987,-6.5,6.49999999999876
3.38,-0.2626329,0.4861691,4.69322361110635,0.162303223400201,2.46058158297007,-1.72942474370131,-0.193759766885709,0.048380085779144,0.806873867441573,-1.61928545318976,-6.5,6.49999999999188
3.39,-0.230916,0.4809814,5.22111964221679,0.162494103681276,2.67538403009644,-1.66756018951356,-0.167005926584744,0.0317044838840084,0.932724916555015,-1.57918912092561,-6.5,6.49999999994931
3.4,-0.1955373,0.4743407,5.65639869464053,0.162413237850362,2.88347868328849,-1.61133166504861,-0.138171139751859,0.0155911672335223,1.05556273948212,-1.53860055792569,-6.5,6.49999999971644
3.41,-0.1573357,0.4659512,5.99126821498247,0.162053700184677,3.07655207004504,-1.56322497474993,-0.107405619051409,-4.10825139770324e-05,1.17244159622585,-1.4977621962384,-6.5,6.49999999870628
3.42,-0.1172478,0.4554158,6.23108498477071,0.161418111329256,3.24627584928293,-1.52632647496119,-0.0749428605585796,-0.0153043472635889,1.28207476170858,-1.45704749332152,-6.5,6.4999999957396
3.43,-0.07605529,0.4424568,6.38793845306906,0.160521908094753,3.38656448431311,-1.502330826401,-0.0410772157154485,-0.0303276555275989,1.38479305543709,-1.41691393647462,-6.5,6.49999999066293
3.44,-0.03461063,0.4269907,6.47421055562803,0.159391595653601,3.49146718078992,-1.49100275664572,-0.00616254390754922,-0.0452376830940561,1.48166475523877,-1.37777156575089,-6.5,6.49999998654137
3.45,0.007195271,0.4091323,6.49995608036439,0.158057873124758,3.56415955017964,-1.49031209137583,0.0294790515942472,-0.0601408040078144,1.5744733507051,-1.33986215180214,-6.5,6.49999998646727
3.46,0.04762311,0.3886778,6.47146455464939,0.156561977921001,3.59174672801501,-1.50108191588734,0.0653965188743973,-0.0751516231666878,1.66455645870667,-1.30353870967201,-6.5,6.49999999076337
3.47,0.08723255,0.3662373,6.39180487364026,0.154917355766448,3.58274033692645,-1.51692392013527,0.101223922243662,-0.0903208623680405,1.75355353144946,-1.26844700474641,-6.5,6.49999999467525
3.48,0.1246881,0.3419387,6.26017439181259,0.153144870286377,3.5287486282302,-1.53614386453428,0.136511408525964,-0.105682301013383,1.84335250022856,-1.23452590813221,-6.5,6.49999999724544
3.49,0.1602215,0.3164422,6.07345409742086,0.151229517152006,3.43604671922855,-1.55255555330805,0.170871875718249,-0.121207856546464,1.93516680067074,-1.20114672516391,-6.5,6.49999999843476
3.5,0.1933393,0.2902597,5.82527771886042,0.149151014846433,3.30436783442341,-1.56181439712548,0.203915554062483,-0.136826000517719,2.03055710434097,-1.16779390501024,-6.5,6.49999999888203
3.51,0.2239907,0.2638875,5.50822911348181,0.146880031288607,3.13760651561571,-1.56014389793053,0.23529161921864,-0.152427439497024,2.13054608469886,-1.13395437199347,-6.5,6.49999999887401
3.52,0.2521497,0.2378183,5.11468481967723,0.144378285651269,2.93980324667092,-1.54420619071288,0.26468965168535,-0.167869501404153,2.23584161738927,-1.09910506728323,-6.5,6.49999999822134
3.53,0.2779042,0.2124446,4.63960948622699,0.141608692610516,2.71587188274745,-1.51192899155932,0.291848370512824,-0.182988791319746,2.34655807110564,-1.06283114487158,-6.5,6.49999999523069
3.54,0.301305,0.1878051,4.08266935276046,0.13856942006572,2.47017913121981,-1.46460651637336,0.316550161825022,-0.197634856483479,2.46238190459325,-1.02519046708807,-6.5,6.49999997857394
3.55,0.3227876,0.1646872,3.45582471426617,0.135162773822553,2.21021895480697,-1.3970518625894,0.338652351373092,-0.211605375109373,2.58138658732423,-0.985070821571191,-6.5,6.49999979769188
3.56,0.3422479,0.1421553,2.76459933064195,0.131530516246611,1.93826119589777,-1.31959808944757,0.35803496333207,-0.224801356003849,2.70255978472476,-0.944115266125812,-6.49999999999999,6.49999697850551
3.57,0.3603977,0.1211524,2.03297195113111,0.127539321926594,1.66355071531003,-1.22549514908125,0.37467047048517,-0.237056307494662,2.8220339482867,-0.900737016453346,-6.49999999998326,6.49990034867966
3.58,0.3769768,0.1007534,1.30727154572423,0.123230124966662,1.38612028328995,-1.12487349137687,0.388531673318069,-0.24830504240843,2.9390352793148,-0.856787123047808,-6.49999992026124,6.49449437131714
3.59,0.3921626,0.08089182,0.573697364405354,0.110077635966825,1.10981643528721,-1.01960556713833,0.399629837670942,-0.258501098079814,3.05158569382478,-0.812530593664941,-6.49831527934,6.01961989389173
3.6,0.406033,0.06135231,-0.00108676540845204,0.0086219509103741,0.83728416669296,-0.912723443938763,0.408002679337871,-0.267628332519201,-3.12472355701783,-0.7685846493137,-0.180936831683694,0.491212808308042
3.61,0.4185864,0.04192882,1.85297451740921e-10,3.78214940984813e-05,0.570218488996566,-0.806929717954443,0.413704864227837,-0.275697629698746,-3.02401546069125,-0.725591358740503,-1.6089353715967e-07,0.00225571630126691
3.62,0.429625,0.02232491,-2.13380824609158e-16,1.13893689837445e-07,0.308428399858137,-0.70546708727252,0.416789148226418,-0.282752300571471,-2.92896480883837,-0.684446360556152,-3.55068293096745e-14,7.14836425104686e-06
3.63,0.439453,0.002703082,-1.05334424835965e-20,2.36496555348479e-10,0.0560547909572691,-0.607292903524769,0.417349696135991,-0.288825229606719,-2.8404403330179,-0.644878828400075,-1.07655074657472e-18,1.57314934201588e-08
3.64,0.4479804,-0.01695972,-5.44468474347392e-19,3.5576137366978e-13,-0.186608876424927,-0.513036483153972,0.415483607371742,-0.293955594438258,-2.72893705057904,-0.607081769812574,-5.44155729940677e-17,2.52758592121749e-11
3.65,0.4529716,-0.03853884,-6.23841949138708e-13,1.55071526570055e-15,-0.437971935336755,-0.439273517035218,0.411103888018374,-0.298348329608611,-2.64629417021821,-0.576403515788489,-5.56357087481624e-11,1.16976735994817e-13
3.66,0.4568852,-0.06005142,-5.052916929295e-07,6.00367824640996e-18,-0.674069795073407,-0.367601992509822,0.40436319006764,-0.302024349533709,-2.57016631108142,-0.546997713612563,-3.85042416835772e-05,4.81307461983797e-16
3.67,0.4589542,-0.08224214,-0.0301194631430641,4.18385761097312e-20,-0.901098630114483,-0.304801153373447,0.395352203766495,-0.305072361067443,-2.4978302703301,-0.521117821098954,-2.00711723881229,3.54123113907221e-18
3.68,0.4595869,-0.1048034,-0.10720706736189,4.96009143873715e-22,-1.11459297994283,-0.247891647303849,0.384206273967067,-0.307551277540482,-2.42977511692136,-0.497757521969592,-6.49827034632885,4.40227035253939e-20
3.69,0.4591138,-0.1274885,-0.114872604615635,9.95517035115733e-24,-1.31124372437682,-0.194634391004669,0.371093836723299,-0.309497621450529,-2.36604969145296,-0.47611696298083,-6.49999876347731,9.20173213970968e-22
3.7,0.4579163,-0.1500161,-0.121162031923422,3.4625864085078e-25,-1.48771356455227,-0.142659727790587,0.356216701077776,-0.310924218728434,-2.30665022341917,-0.455318289277099,-6.49999999618344,3.31086560172634e-23
3.71,0.4564819,-0.171845,-0.126526196509272,2.17810401361239e-26,-1.64018483346178,-0.0875453118339173,0.339814852743158,-0.311799671846774,-2.25164359952913,-0.433700813205589,-6.49999999995908,2.14073715504263e-24
3.72,0.4548571,-0.1926012,-0.131279111993072,4.02126730076297e-27,-1.76917143176724,-0.026723716082504,0.322123138425486,-0.312066909007599,-2.20025663195325,-0.410215160243964,-6.49999999999882,4.02373044395088e-25
3.73,0.4533549,-0.211458,-0.13553205297871,5.31519669527214e-27,-1.87300812181443,0.0460218350907553,0.303393057207342,-0.311606690656691,-2.15226183208623,-0.382325827518403,-6.49999999999992,5.33994855109019e-25
3.74,0.4515795,-0.2282275,-0.139391806961499,1.50123394674109e-25,-1.95651117341968,0.13074899122612,0.283827945473145,-0.31029920074443,-2.1064098303823,-0.349671097895539,-6.49999999999999,1.50110184013844e-23
3.75,0.4496886,-0.2422462,-0.142873263725747,1.25325518395314e-22,-2.01943162099651,0.231533547394125,0.26363362926318,-0.307983865270489,-2.06246320022099,-0.310106568358918,-6.5,1.26848308413763e-20
3.76,0.4476565,-0.2532214,-0.146013028666558,1.0970866716455e-18,-2.0632885942265,0.348763402586066,0.243000743320915,-0.304496231244628,-2.01997283198217,-0.262675600721482,-6.5,1.23366250338585e-16
3.77,0.4458017,-0.2606256,-0.148814015487487,2.14212520849019e-14,-2.08662769115037,0.484699936894593,0.222134466409411,-0.299649231875682,-1.97897551289181,-0.205309754935372,-6.5,3.98806957087974e-12
3.78,0.4444348,-0.2647199,-0.151287851937163,-9.26830222342703e-11,-2.08834608937656,0.634439207336957,0.201251005515646,-0.293304839802312,-1.93947052624679,-0.138868453908045,-6.5,1.08501351938216e-07
3.79,0.4432155,-0.2651124,-0.153487832490399,1.07323731546383e-05,-2.07324651553025,0.799045293680695,0.180518540360343,-0.285314386865505,-1.9007598824619,-0.0614284731741252,-6.5,0.00175494618893809
3.8,0.4429117,-0.2613299,-0.15539570140111,-0.0974165464518095,-2.03623290376489,0.98007654340509,0.160156211322694,-0.275513621431455,-1.86335532790075,0.0293922555741476,-6.5,4.61478462686496
3.81,0.4438768,-0.2535191,-0.157027608643514,-0.877570612590142,-1.9764144669026,1.17346800466529,0.140392066653668,-0.263778941384802,-1.82728324532253,0.133011352601294,-6.49999999999999,6.49936304231302
3.82,0.4459746,-0.2414171,-0.158416775449623,-1.59986165150455,-1.89739465704724,1.37895393519595,0.121418120083196,-0.249989402032842,-1.7921559965509,0.250185857019394,-6.49999999999993,6.49999969497995
3.83,0.4487954,-0.2249182,-0.1595927553753,-2.40776392488428,-1.80498482717974,1.59483692311534,0.103368271811398,-0.234041032801689,-1.75744907275932,0.379953192427409,-6.4999999999991,6.4999999997209
3.84,0.4513073,-0.2045169,-0.160582392201096,-3.21783985105398,-1.70998726108585,1.81429468205907,0.0862683992005398,-0.215898085981098,-1.72230278081766,0.517407383193728,-6.49999999998633,6.49999999999947
3.85,0.4534957,-0.1798542,-0.161377112311335,-3.98811144261981,-1.61346826818763,2.03844673867045,0.0701337165186635,-0.195513618594394,-1.68668293305453,0.660608919239616,-6.49999999974626,6.5
3.86,0.4543224,-0.151553,-0.161974414780029,-4.67572216391331,-1.5252823864093,2.25978545989977,0.0548808926545705,-0.172915763995396,-1.65005588548449,0.802993354079691,-6.49999999572089,6.5
3.87,0.4531569,-0.1200535,-0.162355600927291,-5.24931128906277,-1.45083055545519,2.47305403491854,0.0403725871000186,-0.14818522364621,-1.61233249402147,0.940035781347618,-6.49999994707334,6.5
3.88,0.4496059,-0.08589104,-0.162499277221362,-5.69805257750444,-1.39288317331823,2.67268338420198,0.0264437553668363,-0.121458389804191,-1.57371383929458,1.06872013012469,-6.49999958954443,6.5
3.89,0.4432651,-0.04958579,-0.162390113015616,-6.02965538160381,-1.35393572736979,2.85381901477493,0.0129043980931384,-0.0929201996564414,-1.53456972790849,1.18795734315529,-6.49999829382106,6.5
3.9,0.4339917,-0.01153212,-0.162024446692247,-6.26013286794353,-1.33385551819886,3.01325040104536,-0.000434157088850171,-0.0627876956459879,-1.49541261758336,1.29821641256445,-6.49999639028866,6.5
3.91,0.4214016,0.02730088,-0.161413543426327,-6.40558140416215,-1.33446544183485,3.14323727768675,-0.0137788115071987,-0.0313553228691203,-1.45681192265717,1.40010068990096,-6.49999648124462,6.5
3.92,0.4063323,0.06804475,-0.160574472522364,-6.48200475155854,-1.346692229252,3.25508724190874,-0.0272457337997187,0.00119554954996702,-1.41897883434617,1.49634952521158,-6.49999778663875,6.5
3.93,0.3876683,0.1081505,-0.159546743210928,-6.49912457046199,-1.37907242237551,3.32744975389304,-0.0410364580234739,0.0344700470888974,-1.38266784666844,1.58721289290758,-6.49999933326971,6.5
3.94,0.365619,0.1473756,-0.158363920382245,-6.46474076977065,-1.42777280146228,3.36105218556077,-0.0553141860380967,0.0680805689445051,-1.34800145792625,1.67502801967648,-6.49999988420911,6.5
3.95,0.3417802,0.1867169,-0.157015582660579,-6.38265104966825,-1.47716718318382,3.36756088075941,-0.0700858578699349,0.101756177752099,-1.31402574594577,1.76115008190044,-6.49999997925006,6.5
3.96,0.3156176,0.2246633,-0.155535333434509,-6.25307334540696,-1.5314182804248,3.3361624472103,-0.0854000406741829,0.135117802224202,-1.28115468796355,1.84738355202673,-6.49999999665412,6.5
3.97,0.2875369,0.2601922,-0.153924916492383,-6.07147390754288,-1.58615394842212,3.26148478795575,-0.101261580158404,0.16773265010376,-1.2490382883477,1.93602100868793,-6.49999999943573,6.5
3.98,0.2583574,0.2937528,-0.152156476961815,-5.83275187428247,-1.63379708100078,3.15166429945296,-0.117599550968412,0.199249293098289,-1.2169372961026,2.02795867276849,-6.499999999875,6.5
3.99,0.2287513,0.3248815,-0.150197165228336,-5.52771004872626,-1.66875266075879,3.00651448962592,-0.134287077576,0.229314437994548,-1.18425648007628,2.12487795875393,-6.499999999958,6.5
4,0.1990755,0.3536478,-0.14802580455705,-5.14783498343585,-1.68873438763787,2.83073875761216,-0.151174421452378,0.25762182557067,-1.15072950872254,2.22754241533549,-6.49999999997771,6.5
4.01,0.1696678,0.3800019,-0.145618746396022,-4.68488520438419,-1.69193275893082,2.62783506996763,-0.168093749041687,0.283900176270346,-1.1161045028995,2.33656955585976,-6.49999999998063,6.5
4.02,0.1409973,0.4042672,-0.142936634318439,-4.13904866185501,-1.6756855803275,2.40443015142548,-0.184850604844962,0.307944477784601,-1.07995736244186,2.45116357776875,-6.49999999997035,6.5
4.03,0.1126306,0.4257381,-0.140026491320068,-3.50271080084827,-1.64551540769406,2.1578452523189,-0.201305758921902,0.32952293030779,-1.04298785798701,2.57281117239782,-6.49999999993137,6.5
4.04,0.0852138,0.4455176,-0.13682703888515,-2.79777742319831,-1.59723019381848,1.90143477446463,-0.217278060860087,0.348537278052436,-1.00443242943741,2.69695429142921,-6.4999999997211,6.49999999999997
4.05,0.05801859,0.4630007,-0.133444508667683,-2.02151368619673,-1.53902967124036,1.63271871428955,-0.23266835757249,0.364864465195332,-0.965494706497873,2.82386732025683,-6.49999999839597,6.49999999995652
4.06,0.03091761,0.4782363,-0.129926767996374,-1.23266713984347,-1.47327846454557,1.35517411999862,-0.247401142217946,0.378416206395318,-0.926495979500019,2.95137440617731,-6.49999998750484,6.49999974999296
4.07,0.00449818,0.4919631,-0.126208156553723,-0.396944856443956,-1.39601143482736,1.07800790441483,-0.26136125656622,0.389196285439466,-0.886591790237624,3.07463394203591,-6.49999984353493,6.49290309823715
4.08,-0.02140504,0.5041022,-0.122290934085866,0.000193768181248889,-1.31020339504844,0.802564520148998,-0.274463290516704,0.397221930640956,-0.846215553744358,-3.090833757645,-6.49999698222406,0.0259486484697362
4.09,-0.04783696,0.5136942,-0.118327124145675,7.18640493867328e-12,-1.22624326973092,0.522452350191955,-0.286725723214013,0.402446454142876,-0.807439639362818,-2.97629896870916,-6.49993600849938,5.93113789504919e-09
4.1,-0.07432373,0.5212372,-0.114158079402711,3.31455801967474e-18,-1.14047188723474,0.244465389756172,-0.298130442086361,0.404891108040438,-0.76945318804327,-2.8678257585231,-6.49825867067953,3.58566380727204e-16
4.11,-0.1009145,0.5267457,-0.108837712612685,1.65762802565702e-21,-1.05408315888939,-0.0293833062858937,-0.308671273675255,0.404597274977579,-0.732474516679974,-2.76583884285529,-6.44085244661397,1.66408034025486e-19
4.12,-0.1274729,0.530484,-0.074227840883404,5.08228313240148e-17,-0.966568063415878,-0.295124535897834,-0.318336954309413,0.4016460296186,-0.696326691024321,-2.69605053965183,-4.58670745756022,4.92596095241025e-15
4.13,-0.1540245,0.532638,-0.00387913029754901,2.82167738596565e-10,-0.87887081287834,-0.549866113183953,-0.327125662438197,0.396147368486761,-0.6611765399629,-2.60605996607439,-0.251616521797465,2.3172945888145e-08
4.14,-0.180294,0.5338517,-4.32471821795946e-05,0.00013648427032891,-0.789254549923996,-0.787087459934355,-0.335018207937437,0.388276493887417,-0.626507751117246,-2.52404937746774,-0.00296661372760312,0.00951230452544678
4.15,-0.2064557,0.5342684,-3.38658465940658e-07,0.101811962747307,-0.700036372924181,-1.00528674000207,-0.342018571666678,0.378223626487396,-0.592845005470585,-2.44912053455552,-2.47242501207661e-05,6.32258108923106
4.16,-0.231643,0.5347008,-1.23895416353605e-09,0.113074491670645,-0.604328792503935,-1.19744715682373,-0.348061859591718,0.366249154919159,-0.558215408047249,-2.38188606131139,-9.70213589872116e-08,6.49991505640499
4.17,-0.2557907,0.5352408,-2.04053984033535e-12,0.11969304976827,-0.502823231323148,-1.36357854252626,-0.353090091904949,0.352613369493897,-0.522639865791462,-2.32105295042575,-1.72165836936664e-10,6.49999976225654
4.18,-0.2783491,0.5361248,-1.19259420896696e-15,0.125174258760252,-0.392005927600067,-1.50263354457641,-0.35701015118095,0.337587034048132,-0.484887937595394,-2.26583677470498,-1.08491577713055e-13,6.49999999727335
4.19,-0.2990226,0.5372046,-3.18335486699489e-19,0.129947467214615,-0.270940126741266,-1.61718255482967,-0.359719552448363,0.321415208499836,-0.444370936493441,-2.21487081810203,-3.09009109452615e-17,6.49999999990998
4.2,-0.3172986,0.5386323,-1.41768714680547e-22,0.134194982108485,-0.136973301088602,-1.70715790331893,-0.361089285459249,0.304343629466646,-0.399851021542758,-2.1675958185891,-1.42327185682944e-20,6.49999999999276
4.21,-0.3330408,0.5401102,-4.9536445465124e-24,0.138035739457822,0.00896411167654065,-1.77657188098678,-0.360999644342483,0.286577910656779,-0.35107334648899,-2.12281757414176,-4.95386999967081e-22,6.49999999999887
4.22,-0.3460398,0.5415719,-4.88915919870218e-22,0.141516385201581,0.166557826346228,-1.82724417452003,-0.359334066079021,0.268305468911578,-0.297488079928112,-2.07993527969191,-5.02215738932482e-20,6.49999999999969
4.23,-0.3560755,0.5432184,-1.5063375352633e-17,0.144647468857613,0.335524172828073,-1.85866581504381,-0.35597882435074,0.24971881076114,-0.238418522161448,-2.03884210053541,-1.93358193901812e-15,6.49999999999986
4.24,-0.3632341,0.5448651,-6.43339278423494e-13,0.147481252864175,0.512863344435587,-1.87385296017775,-0.350850190906384,0.230980281159363,-0.174101025974313,-1.99890684239415,-3.02762451033588e-10,6.4999999999999
4.25,-0.3672776,0.5467171,8.35915630220739e-09,0.150023492549497,0.698575226955185,-1.87231239287732,-0.343864438636833,0.212257157230589,-0.103640717410732,-1.96011232341576,-2.39445861754827e-05,6.49999999999989
4.26,-0.3680956,0.5488154,-0.00396853469247499,0.15229537228131,0.891488346727058,-1.85514132040649,-0.334949555169562,0.193705744026525,-0.0265366890824795,-1.92223308175875,-0.520213522820927,6.49999999999981
4.27,-0.365285,0.5511194,0.335622620192046,0.154319022659139,1.09300699457006,-1.82416289306018,-0.324019485223861,0.175464115095923,0.0587885843914097,-1.88498290463453,-6.49074003024629,6.49999999999954
4.28,-0.3583146,0.5533141,1.01380460485646,0.15612356517761,1.3054530679615,-1.78351931555433,-0.310964954544246,0.15762892194038,0.154336596246765,-1.84782542280169,-6.49999733540301,6.49999999999854
4.29,-0.3470997,0.5548124,1.66151393838752,0.1577338990744,1.52700198636578,-1.73941733696119,-0.295694934680589,0.140234748570768,0.260105398758652,-1.81005200143179,-6.49999999833563,6.49999999999472
4.3,-0.3313409,0.5549908,2.38581927559661,0.159154227738912,1.75776986276846,-1.69786635330236,-0.278117236052904,0.123256085037744,0.376382497505675,-1.77108340397657,-6.49999999999802,6.49999999998177
4.31,-0.3107553,0.5534484,3.13340284932218,0.160364178588207,1.99764921103696,-1.66241316641588,-0.258140743942534,0.106631953373585,0.502504045672397,-1.73071019928995,-6.5,6.49999999994612
4.32,-0.2850274,0.5502002,3.86494062780279,0.161328792598919,2.24675099132324,-1.63265826733193,-0.235673234029302,0.0903053707002659,0.636751236855454,-1.68915309358319,-6.5,6.49999999986355
4.33,-0.2541962,0.5453255,4.54780599357904,0.16201802525639,2.50203822737665,-1.60763825923643,-0.210652851755536,0.0742289881079015,0.775082513970306,-1.64669471812576,-6.5,6.49999999969774
4.34,-0.2187231,0.5388687,5.14010552589591,0.162409924677897,2.75703741896893,-1.58673430531723,-0.183082477565846,0.0583616450547292,0.912107166096927,-1.60360111685429,-6.5,6.49999999940704
4.35,-0.1798417,0.5303325,5.61277199996568,0.162490291891324,2.99915873760153,-1.57402687179609,-0.153090890189831,0.0426213763367683,1.04210311310214,-1.56002711849943,-6.5,6.49999999909978
4.36,-0.1371149,0.5206671,5.9724555655332,0.162252303530554,3.23143511574268,-1.56068502231783,-0.120776539032404,0.0270145261135899,1.16504331271971,-1.51639259970219,-6.5,6.49999999860717
4.37,-0.09356083,0.5081763,6.22103537208244,0.161700601433288,3.42684598403521,-1.56148661205424,-0.0865080791920521,0.0113996599930475,1.2766910796666,-1.47303363773847,-6.5,6.49999999863409
4.38,-0.04825557,0.4939614,6.38287084653799,0.160846953711711,3.59504788022929,-1.56567877092821,-0.0505576003897592,-0.00425712771623458,1.38062146166888,-1.43014917651309,-6.5,6.49999999880409
4.39,-0.003077741,0.4772072,6.47163157202447,0.159719933496948,3.72084692188872,-1.57994917857007,-0.013349131170872,-0.0200566195019353,1.47731118608743,-1.38828518388658,-6.5,6.49999999924315
4.4,0.04133934,0.4579902,6.49998980029283,0.158352240995135,3.8014385956567,-1.60263745461563,0.024665254785695,-0.0360829940480916,1.5690243388875,-1.34768544727465,-6.5,6.49999999963217
4.41,0.08397789,0.4362174,6.47535863935736,0.156783009502513,3.83127718264414,-1.63362222422967,0.0629780266121364,-0.0524192162903882,1.65792006729344,-1.30859814225111,-6.5,6.49999999986063
4.42,0.1247518,0.4124134,6.40043431960024,0.155030562248062,3.81372644600491,-1.66740238615803,0.101115291072186,-0.0690932401519685,1.7460944436746,-1.27073649790075,-6.5,6.49999999995077
4.43,0.162517,0.3866163,6.27317332078023,0.153121915005947,3.74307637680935,-1.7031241461645,0.138546054840279,-0.0861244816136135,1.83581857045457,-1.23410772161393,-6.5,6.49999999998329
4.44,0.1972424,0.3592063,6.08767049700976,0.151062441077758,3.62412482989498,-1.73704423586547,0.174787303139229,-0.103494923972268,1.92897700452337,-1.19836600242244,-6.5,6.49999999999392
4.45,0.2284689,0.330753,5.83348695038178,0.148835403106265,3.45792607376931,-1.76412134569787,0.209366563876922,-0.121136137429247,2.02770237681024,-1.16294395272186,-6.5,6.49999999999727
4.46,0.256484,0.3016058,5.49899482390465,0.146429277061499,3.25224976093423,-1.78169676594065,0.241889061486264,-0.138953105088653,2.13321495700251,-1.12750518437657,-6.5,6.4999999999984
4.47,0.2813786,0.2723576,5.07147939757391,0.143806231421984,3.01279690721976,-1.78531411159301,0.272017030558462,-0.156806246204584,2.24652758917967,-1.09143327422546,-6.5,6.49999999999861
4.48,0.3035024,0.2432719,4.54300562693279,0.140951514664134,2.74727074109524,-1.77384676138581,0.299489737969414,-0.174544713818442,2.36754279892139,-1.05451914180645,-6.5,6.49999999999817
4.49,0.3233395,0.2147921,3.91703982698505,0.137829427310584,2.46406767130435,-1.74482550336468,0.324130414682458,-0.191992968852088,2.4947993419531,-1.0163089441474,-6.5,6.49999999999607
4.5,0.3415148,0.1872504,3.2120904711916,0.134413313669774,2.17221196473986,-1.69708417973231,0.345852534329856,-0.208963810649412,2.62520461871445,-0.976483987000898,-6.5,6.4999999999854
4.51,0.3582911,0.1605912,2.44373178806838,0.130729197419164,1.87688445277406,-1.63304118035527,0.364621378857597,-0.225294222452964,2.75577407689739,-0.935280403059603,-6.49999999999994,6.49999999990914
4.52,0.3742661,0.1351049,1.65740389733858,0.126755367196084,1.58574113750645,-1.55204574901615,0.380478790232661,-0.240814679943126,2.88214768779952,-0.892375046779595,-6.49999999984384,6.49999999897812
4.53,0.3899042,0.1108546,0.928699045891005,0.122448262826318,1.30459033873115,-1.45558837051574,0.393524693619973,-0.255370563648283,3.00071513667288,-0.847799596417176,-6.49999875925663,6.49999997852971
4.54,0.4050903,0.0876011,0.14536029649641,0.117766258687536,1.03366188769397,-1.3477544527055,0.403861312496912,-0.268848108175338,3.11070429748733,-0.802126107420879,-6.46458853035486,6.49999918956918
4.55,0.4198843,0.06529157,-4.39765246023731e-05,0.112599062829821,0.774598019686884,-1.23075495102718,0.411607292693781,-0.28115565768561,-3.07168078498809,-0.755598730740785,-0.0092559017082515,6.49994350351604
4.56,0.4341415,0.04382374,-1.37770694619921e-11,0.106692430024179,0.527043580902706,-1.1071060874811,0.416877728502808,-0.292226718560421,-2.97938936090458,-0.70857584125174,-1.51651773144455e-08,6.49255811104133
4.57,0.4478525,0.0232852,-1.43896333004845e-16,0.0759520051941079,0.291756537284535,-0.977521332409758,0.419795293875654,-0.302001931884519,-2.89507343217157,-0.661022387389425,-1.75175976480487e-14,4.92769390178488
4.58,0.4601174,0.002896907,-1.68527395539586e-20,0.000629967783647242,0.0616499483227031,-0.850165497208771,0.420411793358881,-0.310503586856606,-2.81533251042846,-0.614872552474969,-1.68910936014696e-18,0.0441186910869811
4.59,0.4710555,-0.01710092,-2.89308816871213e-19,6.62584526577644e-07,-0.160988211731727,-0.723700989935217,0.418801911241563,-0.317740596755958,-2.6439749728491,-0.569707344179057,-2.56843256306904e-17,5.06682639162413e-05
4.6,0.4802714,-0.03712776,-2.52338733229162e-14,4.41541299751942e-10,-0.378563442882459,-0.602583844201238,0.415016276812739,-0.323766435197971,-2.57647121326765,-0.526711716771924,-1.94794345729613e-12,3.69387213743302e-08
4.61,0.4876751,-0.05738411,-6.3218045038852e-09,2.32590628948139e-13,-0.590673101081755,-0.488960230503828,0.409109545801921,-0.328656037503009,-2.5118813130762,-0.486506697307393,-4.31258240967978e-07,2.10951038057588e-11
4.62,0.4934591,-0.07782806,-0.000308429291697593,1.18931050280945e-16,-0.794544511377161,-0.382647413353716,0.40116410068815,-0.332482511636546,-2.45037378947836,-0.44903963995573,-0.0191849772906049,1.14737726293172e-14
4.63,0.4984848,-0.09750466,-0.105169696893403,4.84377198150341e-20,-0.981926858206499,-0.275557940548737,0.391344832106085,-0.335238091042034,-2.39335528763812,-0.411733277329899,-6.11800114670461,4.84325661210345e-18
4.64,0.5014433,-0.1185511,-0.117964365892885,1.29092256817499e-22,-1.16414521153492,-0.186952351404898,0.379703379990736,-0.337107614556083,-2.33755462472124,-0.380705899145152,-6.49974004683608,1.29673750438021e-20
4.65,0.5044594,-0.1378872,-0.123147867568259,9.82048840880096e-25,-1.32192619123538,-0.0893386130145331,0.366484118078382,-0.338001000686228,-2.28670721053558,-0.346940430461962,-6.49999911165884,9.81768383411433e-23
4.66,0.5056778,-0.157888,-0.1279232470807,1.82432600338033e-25,-1.47221802763818,-0.00466932908432938,0.351761937802,-0.338047693977071,-2.23676844137581,-0.317658663193885,-6.49999999352087,1.83604578942556e-23
4.67,0.5067823,-0.1757943,-0.132180205611766,8.91122754599863e-25,-1.59998962395023,0.0913303048871015,0.335762041562498,-0.3371343909282,-2.1902668173625,-0.284450892692824,-6.49999999986223,9.37523773310722e-23
4.68,0.5069887,-0.1920811,-0.136123269408544,1.27280303903301e-22,-1.71299269496914,0.192887744525578,0.318632114612806,-0.335205513482944,-2.14539951835037,-0.24902952041403,-6.4999999999943,1.52725261683067e-20
4.69,0.5067616,-0.2060629,-0.139711377647838,1.85007294193982e-19,-1.80763332305657,0.30468149420625,0.300555781382241,-0.332158698540882,-2.1024904021954,-0.209356336566766,-6.49999999999954,3.22760138672702e-17
4.7,0.5060134,-0.2175304,-0.142982251957179,2.6889732835309e-16,-1.88553188541585,0.42680695307434,0.281700462528082,-0.327890629010138,-2.06103862956707,-0.164893557713781,-6.49999999999994,2.29478875084782e-13
4.71,0.5050346,-0.2260326,-0.145933574018293,-2.42431230610408e-12,-1.94503102399278,0.56134947298748,0.262250152288154,-0.322277134280264,-2.02108883948552,-0.114207927596917,-6.49999999999998,2.33150507347532e-09
4.72,0.5042303,-0.2314027,-0.148563755367745,1.2592746866594e-07,-1.98376420179458,0.70767287391952,0.242412510270208,-0.315200405541068,-1.98278256637798,-0.0567574439560738,-6.49999999999999,1.85971773614191e-05
4.73,0.5039837,-0.2332958,-0.150882980696196,-0.000469620914883884,-1.99991458575681,0.866637409839285,0.22241336441264,-0.306534031442676,-1.94619255312008,0.00871810316155537,-6.5,0.0951111491185768
4.74,0.5047335,-0.2315615,-0.152904129031299,-0.507314494817695,-1.99151272553569,1.03725737853943,0.202498237157283,-0.296161457657281,-1.91142856824477,0.0828061925323594,-6.49999999999999,6.35613174311928
4.75,0.5058903,-0.225962,-0.154693524187065,-1.08816564037912,-1.96582468906438,1.21929072311767,0.18283999026664,-0.283968550426105,-1.87762459624011,0.166383953859473,-6.49999999999999,6.49991408899056
4.76,0.5080453,-0.2161397,-0.156246839495384,-1.66469841520221,-1.91942389278448,1.41346496969189,0.163645751338795,-0.269833900729186,-1.84511173250513,0.260617031390236,-6.49999999999996,6.49999991871366
4.77,0.5103626,-0.2020416,-0.157616380095464,-2.31610995833764,-1.86165930776043,1.61772334836936,0.14502915826119,-0.253656667245492,-1.81300168790355,0.365075926959429,-6.49999999999982,6.49999999987295
4.78,0.5121172,-0.1835422,-0.158828512655508,-2.9987333650918,-1.80019942784327,1.83073249207024,0.127027163982758,-0.23534934232479,-1.78064672991617,0.479026827597854,-6.49999999999902,6.49999999999968
4.79,0.512412,-0.1607785,-0.159896176627102,-3.67138050463861,-1.74356316501375,2.04894754949455,0.10959153233262,-0.214859866829844,-1.74740978891658,0.60004217430155,-6.49999999999501,6.5
4.8,0.5104867,-0.1341239,-0.160812232147774,-4.30704037554925,-1.69831288568639,2.26704722272484,0.0926084034757563,-0.192189394602596,-1.71291560202428,0.724469740655909,-6.49999999998095,6.5
4.81,0.5057799,-0.1039172,-0.161555303719245,-4.87850796785488,-1.6686390524242,2.48046909226217,0.0759220129515143,-0.167384703679974,-1.67708096074973,0.848969379451967,-6.49999999995297,6.5
4.82,0.4979923,-0.0707379,-0.162098094426732,-5.36265594205981,-1.65598742279101,2.68299897267999,0.0593621387236041,-0.140554713953174,-1.64010135089619,0.9702083846874,-6.49999999992983,6.5
4.83,0.4869561,-0.0350684,-0.162416846553935,-5.75211919252515,-1.66041398686582,2.86987631755345,0.0427579988549459,-0.11185595077764,-1.6023153685166,1.086285610678,-6.49999999993764,6.5
4.84,0.4725611,0.002431447,-0.162496266051608,-6.04915011867601,-1.68134015467318,3.03533552060438,0.0259445973082141,-0.081502595571596,-1.56411750615836,1.19607042513151,-6.49999999996631,6.5
4.85,0.4548585,0.04134171,-0.16233138411589,-6.26291749910969,-1.71671991527679,3.17633085952181,0.00877739815544622,-0.0497392869763779,-1.52591137872934,1.29981298695651,-6.49999999998804,6.5
4.86,0.4337722,0.08038921,-0.161927016311529,-6.40270502333645,-1.76567015142625,3.28291307767375,-0.00887930335881626,-0.0169101561996404,-1.48803797999692,1.39751373474307,-6.49999999999707,6.5
4.87,0.4092099,0.1188067,-0.161295942153987,-6.47914964344396,-1.82742150157003,3.35060063002505,-0.0271535183745166,0.0165958501006101,-1.4507890916604,1.49065809072281,-6.49999999999948,6.5
4.88,0.3826272,0.1573191,-0.160446836453963,-6.49963887730482,-1.88782204988169,3.38843223102454,-0.0460317388733335,0.0504801724108555,-1.41401457348931,1.58134010467656,-6.4999999999999,6.5
4.89,0.3538422,0.1945224,-0.159393266225863,-6.46761188035834,-1.94807366865753,3.38656337559367,-0.0655124755599088,0.0843458061667922,-1.37782361975484,1.6706905176554,-6.49999999999998,6.5
4.9,0.3234591,0.2295861,-0.158139578939614,-6.38330826415766,-2.00249588573959,3.34123063573084,-0.0855374344173047,0.117758112524101,-1.34200740359335,1.760614687515,-6.49999999999999,6.5
4.91,0.2922084,0.2625646,-0.156679525011848,-6.2433650051909,-2.04485247894273,3.25693645740036,-0.105985959206732,0.150327477098104,-1.30621773665746,1.8528037984797,-6.5,6.5
4.92,0.2608531,0.2931878,-0.154995364883472,-6.04099470046504,-2.06925545178225,3.13529501813916,-0.126678513724554,0.181680427279496,-1.27002288703934,1.94893642277126,-6.5,6.5
4.93,0.2297697,0.3215792,-0.153071359848885,-5.76762653466794,-2.07379059043433,2.98144946140753,-0.147416419628898,0.211494921893571,-1.23318844501581,2.05015969035956,-6.5,6.5
4.94,0.1992974,0.3475967,-0.150888205006507,-5.41249129549069,-2.05717807897289,2.79805717095752,-0.167988200418627,0.239475493603146,-1.19548613980376,2.15768822895617,-6.5,6.5
4.95,0.1697327,0.3714554,-0.148424163755099,-4.96717401932762,-2.01877651126855,2.59084611480404,-0.188175965531312,0.265383954751187,-1.15669998012258,2.27175676455829,-6.5,6.5
4.96,0.1410589,0.393212,-0.145674181606176,-4.42663042979255,-1.96086072812047,2.36386598867344,-0.207784572812517,0.289022614637921,-1.11687653809332,2.3922742983348,-6.49999999999999,6.5
4.97,0.1133526,0.4130453,-0.14263140826222,-3.79552238578611,-1.88485119553726,2.1220199219309,-0.226633084767889,0.31024281385723,-1.07597981177489,2.51811346816547,-6.49999999999992,6.5
4.98,0.0866449,0.4313008,-0.139297024180813,-3.08960200935499,-1.79257398279186,1.87133348798737,-0.244558824595808,0.328956148737104,-1.03402435300452,2.64676347617448,-6.49999999999913,6.49999999999993
4.99,0.06034356,0.4477566,-0.135744303879946,-2.31290169732557,-1.69118963391411,1.61250147504106,-0.261470720934949,0.345081163487514,-0.991788399127642,2.77703586744072,-6.49999999998598,6.49999999991052
5,0.03433896,0.4624268,-0.132018034715287,-1.50491860233303,-1.58315194542028,1.34824937410092,-0.277302240389152,0.358563657228524,-0.949521568448534,2.90674702488091,-6.49999999967739,6.49999961768459
5.01,0.008794838,0.4757222,-0.128136742733315,-0.715896849524113,-1.46839750365072,1.08452592835538,-0.291986215425659,0.369408916512077,-0.907115097838411,3.0322022480738,-6.49999998878755,6.49277847435444
5.02,-0.01637811,0.4875427,-0.124119611995728,0.000187061257414585,-1.34909841823369,0.822365356836464,-0.305477199607996,0.377632570080442,-0.864831003659704,-3.13101475815594,-6.49999941404222,0.0437156491367553
5.03,-0.04155415,0.4976005,-0.119987917151845,-3.25501456871925e-11,-1.22972835259624,0.561090554255699,-0.317774483133958,0.383243475622999,-0.823413490028601,-3.01651910652931,-6.49995825336385,2.64160102089663e-08
5.04,-0.06634281,0.5061969,-0.115542583022235,1.96944296864269e-17,-1.10778834149279,0.305144774675078,-0.328852366548886,0.38629492336975,-0.782340190276836,-2.90930114933244,-6.49529227296081,2.65100824270023e-15
5.05,-0.0910628,0.5129736,-0.0992904113575352,2.4513023821014e-22,-0.987123023304676,0.0528763601671614,-0.338723596781933,0.386823686971421,-0.742330899292022,-2.80815070299751,-5.81258160917021,2.4522566512018e-20
5.06,-0.1154179,0.5181711,-0.00321235952370082,3.13449370284487e-20,-0.865940122564908,-0.192097028299891,-0.347382998007582,0.384902716688423,-0.702957944244677,-2.72607176245375,-0.196841823183725,3.12767018286271e-18
5.07,-0.1394798,0.5219561,-7.06425052765786e-06,5.49098657688755e-14,-0.745774057591852,-0.427154457830447,-0.354840738583501,0.380631172110118,-0.664498612988757,-2.64393664494326,-0.000455973069965913,4.87443340345996e-12
5.08,-0.1631735,0.524643,-8.79324294961527e-09,4.49965968871167e-08,-0.626758678202677,-0.648703670339678,-0.361108325365527,0.374144135406721,-0.626922007592916,-2.56787818246159,-6.02752815855707e-07,3.41286248176224e-06
5.09,-0.186484,0.5266305,-6.71617538353252e-12,0.00225876006339869,-0.509525380459749,-0.852830343309819,-0.366203579170125,0.365615831973623,-0.590315379842932,-2.49804248571327,-4.9275684078512e-10,0.150572069636033
5.1,-0.2094112,0.5283632,-3.82180485824303e-15,0.105494581823332,-0.394768029680584,-1.03569139213845,-0.370151259466931,0.355258918052239,-0.554790347185064,-2.43445458548181,-3.01427710512537e-13,6.43097369319873
5.11,-0.2314449,0.530432,-1.9197037281062e-18,0.113599140771148,-0.278709777354393,-1.19266814445717,-0.372938357240475,0.343332236607667,-0.519245278958037,-2.3773079476212,-1.63117299227366e-16,6.49986740423762
5.12,-0.2523417,0.5331694,-2.24878096877913e-21,0.11916839512939,-0.160210277001312,-1.32195672434615,-0.374540460010488,0.330112669364205,-0.483202680207907,-2.32612144326621,-2.05213847950336e-19,6.49999875467596
5.13,-0.2720919,0.5362166,-4.46597300070753e-23,0.123889160381663,-0.040261776202712,-1.42805979419173,-0.374943077772515,0.315832071422288,-0.446758053189469,-2.27913105913316,-4.32172294689659e-21,6.4999999639328
5.14,-0.2901232,0.5398556,-1.01999437288589e-22,0.127981249740807,0.0850617763944967,-1.50974961247586,-0.37409246000857,0.30073457529753,-0.408501745268417,-2.23614650435931,-1.02136994510329e-20,6.49999999721267
5.15,-0.3063761,0.5436963,-2.90243310603001e-20,0.131681331571972,0.214888131728067,-1.57186945719188,-0.371943578691289,0.285015880725611,-0.36837042932266,-2.19580808553824,-2.91029378894851e-18,6.49999999956261
5.16,-0.3200598,0.5479593,-1.77418780278914e-16,0.13502858276181,0.354681603113974,-1.61373562748145,-0.36839676266015,0.268878524450796,-0.324153095134756,-2.15806508202588,-1.77966131557321e-14,6.49999999986696
5.17,-0.331433,0.5522793,-2.21098538439822e-12,0.138111878789326,0.500318925602429,-1.63991793279209,-0.363393573404125,0.252479345122875,-0.276636523154861,-2.12190550943402,-2.37202816323665e-10,6.49999999993432
5.18,-0.340136,0.5566024,-1.75521050409148e-08,0.140959295481801,0.653310123134766,-1.6520284130609,-0.356860472172778,0.235959060992266,-0.224644230479874,-2.08697569701285,-2.5343196604133e-06,6.49999999995071
5.19,-0.3460928,0.5609574,-2.02117825854617e-05,0.143584738727523,0.812534756723757,-1.65093597344301,-0.34873512460554,0.219449701257836,-0.167798834140142,-2.05310317510114,-0.0137969721233027,6.49999999994552
5.2,-0.3490586,0.5651575,0.00261444710517739,0.146024197678268,0.978373905799302,-1.63938831393472,-0.338951385547547,0.203055818118489,-0.105049563196133,-2.01981576605395,-5.5299332379586,6.49999999991806
5.21,-0.3488488,0.5692218,-0.0531262978793033,0.148284149049487,1.15060317357649,-1.61820363960554,-0.327445353811782,0.186873781722434,-0.0354345613937936,-1.98699972251365,-6.49916622959236,6.49999999983503
5.22,-0.345097,0.5729039,0.222475119106863,0.150393023847922,1.33053359506403,-1.59048491357738,-0.314140017861142,0.17096893258666,0.0427979133250771,-1.95418364856279,-6.49999894643861,6.49999999959102
5.23,-0.3373476,0.5759469,0.869901187881198,0.152369321969927,1.52006934890107,-1.55920932300879,-0.298939324372131,0.155376839356572,0.131831056221924,-1.92093710615435,-6.49999999796885,6.49999999885077
5.24,-0.3251655,0.5779175,1.49769495648568,0.154232304620145,1.72070088863317,-1.52863819629284,-0.281732315485799,0.140090457393643,0.233674685395327,-1.8866636101922,-6.4999999999945,6.49999999678729
5.25,-0.3083255,0.5781247,2.21648899530958,0.155997806503459,1.93189427326427,-1.50487716249275,-0.262413372753157,0.125041685768716,0.348999352299502,-1.85056771074605,-6.49999999999998,6.49999999270277
5.26,-0.2863925,0.5764538,2.99468887347398,0.157629179741084,2.15488834697149,-1.48849718303995,-0.240864489283442,0.110156713938316,0.478327191857102,-1.81268211208989,-6.5,6.49999998693194
5.27,-0.2592023,0.5726925,3.77423981252888,0.159089281914857,2.3883896251808,-1.4808015380064,-0.216980593031634,0.0953486985582525,0.619434433003828,-1.77302572174269,-6.5,6.49999998249556
5.28,-0.2270075,0.5669048,4.50980860524156,0.160330747157981,2.62754673422423,-1.48053709421269,-0.190705125689392,0.0805433276161256,0.766936272674669,-1.731959866764,-6.5,6.4999999818087
5.29,-0.1904131,0.5590299,5.14761728122401,0.161316618380312,2.86484793960457,-1.48757607975357,-0.162056646293346,0.0656675668185899,0.913995443751893,-1.68976738759631,-6.5,6.49999998528308
5.3,-0.1503426,0.5489674,5.65310031175534,0.16201733189504,3.09069576913722,-1.50208611991218,-0.131149688601974,0.0506467056194681,1.05453396799403,-1.64674930099077,-6.5,6.49999999075653
5.31,-0.1080048,0.5365281,6.02209808964679,0.162412039045736,3.2939482298691,-1.52492465108569,-0.0982102063032826,0.0353974591086112,1.18485592942893,-1.60321375974214,-6.5,6.4999999955879
5.32,-0.06440452,0.5215856,6.2711270358403,0.162489388212205,3.46634147286112,-1.55627213761965,-0.0635467915746714,0.0198347377324147,1.3045742950389,-1.55953704688629,-6.5,6.49999999838983
5.33,-0.02042714,0.5040981,6.42142912799451,0.162249669464319,3.60158093666219,-1.5955006696391,-0.0275309822080495,0.00387973103602372,1.41511522397777,-1.51610401800547,-6.5,6.49999999953441
5.34,0.0225664,0.4839105,6.49111148762463,0.161704339252607,3.69009499344466,-1.64294900131133,0.00936996772639707,-0.0125497589770896,1.51848076322858,-1.47326265190737,-6.5,6.49999999989258
5.35,0.06530206,0.461655,6.49284729663099,0.160870359917955,3.7414421625525,-1.69210007423904,0.046784389351922,-0.02947075971948,1.61772538109694,-1.43115024133851,-6.5,6.49999999997555
5.36,0.1061138,0.4371609,6.43263723024158,0.159770394289563,3.74405051438887,-1.74388196690289,0.0842248944958107,-0.0469095793885088,1.71492569779657,-1.38995437385625,-6.5,6.49999999999464
5.37,0.1451641,0.4112777,6.31151091332151,0.158414562434123,3.70344306697077,-1.79035588967238,0.121259325165518,-0.0648131382852327,1.8122663888483,-1.34937638021605,-6.5,6.49999999999858
5.38,0.1812901,0.3839057,6.12453954882314,0.156821536003369,3.61358376855965,-1.83246077848842,0.157395162851115,-0.0831377460701169,1.912424654591,-1.30948970231522,-6.5,6.49999999999956
5.39,0.2144851,0.3556907,5.86271177345204,0.154988097424502,3.47927510987808,-1.86468146071012,0.192187913949896,-0.101784560677218,2.01740174699418,-1.26987574324011,-6.5,6.49999999999982
5.4,0.244553,0.3270511,5.51312499023991,0.152907106977514,3.30361012083989,-1.8840040300951,0.225224015158295,-0.120624600978169,2.12912645206392,-1.23021772225732,-6.5,6.4999999999999
5.41,0.2714331,0.2985024,5.06119747323188,0.150558009773668,3.0908937965721,-1.88693345885141,0.256132953124016,-0.139493935566683,2.2490495638374,-1.19008290373958,-6.5,6.49999999999991
5.42,0.2953376,0.2704101,4.49679764518653,0.147919342913867,2.84768558121752,-1.87168703891681,0.284609808936191,-0.158210805955851,2.37743137105582,-1.14914643674342,-6.5,6.49999999999987
5.43,0.3165161,0.2429697,3.8205831466866,0.14497667817275,2.58053746794938,-1.83822873973131,0.310415183615685,-0.176593093353164,2.51333617110768,-1.10724100173796,-6.5,6.49999999999969
5.44,0.3353019,0.2164145,3.04639957065604,0.141711673990435,2.2963347330857,-1.78633559846996,0.333378530946542,-0.194456449337864,2.65429653267979,-1.06414311201937,-6.5,6.49999999999878
5.45,0.3521547,0.1908432,2.19375752486537,0.13811986256669,2.00258908482278,-1.71709769751983,0.35340442179477,-0.211627426313062,2.79625044350815,-1.01978284199355,-6.5,6.49999999999188
5.46,0.3675414,0.166242,1.33458797863112,0.134216771038778,1.70630168315694,-1.63260512595938,0.370467438626339,-0.227953477572656,2.93453765349296,-0.974244763554394,-6.49999999999487,6.49999999990896
5.47,0.3820222,0.142818,0.474729904564373,0.129999247267028,1.41469252133505,-1.53298717681016,0.384614363839689,-0.243283349340758,3.06452031013553,-0.927287000755736,-6.49999996796885,6.49999999815529
5.48,0.3957008,0.1202608,-0.052385132694927,0.125533127690247,1.13039743373366,-1.42291511042772,0.395918338177026,-0.257512500445035,-3.09883996639529,-0.879503275540831,-6.49921481679265,6.49999993631135
5.49,0.4089005,0.09852675,3.49849900574702e-05,0.120771363617999,0.857663026634519,-1.3044485967955,0.404494968443371,-0.27055698641299,-2.9906812587948,-0.831082949387519,-0.426456111995496,6.49999616066725
5.5,0.421605,0.07745012,-5.52186214577504e-09,0.11563379071075,0.597361090505203,-1.18058024924679,0.410468579348423,-0.282362788905458,-2.89353068573723,-0.782472878688113,-6.66207321558725e-07,6.49959807569046
5.51,0.4336787,0.05683545,-3.12679238727419e-15,0.108847650877757,0.349171618159758,-1.05434161215361,0.413960295530021,-0.292906205026994,-2.80593603936589,-0.734224019807567,-3.12694756974012e-13,6.42889819209301
5.52,0.445067,0.03661536,-3.18176553906186e-20,0.0232245546452623,0.113407845883039,-0.927422633311014,0.415094373988851,-0.302180431360104,-2.72663724616486,-0.686647254908953,-3.1759014065645e-18,1.45336441277213
5.53,0.456405,0.01709614,-2.11925545487101e-20,4.14358012015445e-05,-0.10380139212316,-0.798166672221914,0.41405636006762,-0.310162098082323,-2.76905596181197,-0.639199486412091,-2.12647066056278e-18,0.00278185011516342
5.54,0.4652817,-0.003262833,-5.47720759058658e-16,5.45200564286101e-08,-0.32319163583086,-0.680927594701146,0.410824443709311,-0.316971374029335,-2.6980578891622,-0.595763806659659,-5.32237299575193e-14,3.95781387869802e-06
5.55,0.4722023,-0.0246512,-2.067457964765e-10,8.63769131421614e-11,-0.538611896830247,-0.577144572049697,0.405438324741009,-0.322742819749832,-2.62921828458225,-0.556925589931844,-1.78178247688206e-08,6.78229915720763e-09
5.56,0.4786057,-0.04576702,-1.18723486905636e-05,8.87283471698347e-14,-0.736436704753864,-0.475233005141241,0.39807395769347,-0.327495149801244,-2.56590596962535,-0.51931846327067,-0.000896881631540514,7.53810704120849e-12
5.57,0.4837069,-0.06740193,-0.0505550222427449,1.16255551115743e-16,-0.923466853735484,-0.382555809847155,0.388839289156115,-0.331320707899716,-2.50547965017112,-0.485155393102506,-3.41151758701901,1.05706256412163e-14
5.58,0.4878063,-0.08948263,-0.104731510339532,2.5083700917038e-19,-1.09666055600389,-0.298354298360387,0.377872683596076,-0.33430425088332,-2.44819832942658,-0.454215806977181,-6.49610106112048,2.40233542330913e-17
5.59,0.4914419,-0.111639,-0.111579154458945,1.02371715463886e-21,-1.25129224536772,-0.219326179038113,0.365359761142399,-0.336497512673701,-2.39468032412747,-0.425418364089753,-6.4999886061087,1.0141398087701e-19
5.6,0.4950832,-0.1329396,-0.117152846104404,8.21699820851278e-24,-1.38376816199534,-0.137597693993158,0.351522079522446,-0.337873489613632,-2.3452110373076,-0.396083105450576,-6.49999987955925,8.25431752484348e-22
5.61,0.4977892,-0.154241,-0.122095545442549,4.36101291741427e-25,-1.50309803944997,-0.0613372008133766,0.336491099127946,-0.338486861621766,-2.29734103722001,-0.368873759121299,-6.49999999729217,4.37320152610326e-23
5.62,0.4997401,-0.17491,-0.126578688732435,2.00195153623419e-25,-1.60796920506325,0.0148093135920959,0.320411407077313,-0.338338768485845,-2.25108841973195,-0.341878469923022,-6.4999999998808,2.00116534621677e-23
5.63,0.5016198,-0.1930566,-0.130640099602472,1.73319831352771e-24,-1.69295513487589,0.106522831186112,0.303481855728554,-0.337273540173984,-2.20729060644368,-0.309345165677942,-6.4999999999891,1.75547326850763e-22
5.64,0.5030842,-0.2086162,-0.134427693573188,5.0352126595727e-22,-1.76208492614182,0.212355454668874,0.285861006467136,-0.335149985627295,-2.16494463371848,-0.271342559767808,-6.4999999999983,5.48826831484872e-20
5.65,0.5041282,-0.2212943,-0.137958680846762,1.85424449237459e-18,-1.81624223422528,0.332845352001911,0.267698584124883,-0.331821532107276,-2.12373958232131,-0.227073467912211,-6.49999999999958,2.61451593257471e-16
5.66,0.5046769,-0.2306427,-0.141250595969928,1.1104461270193e-14,-1.85694781107896,0.469694147249982,0.249129106014094,-0.327124590634776,-2.08330349026704,-0.175079937137283,-6.49999999999985,4.98053390256743e-12
5.67,0.5050551,-0.2363416,-0.144275510486956,-1.30337867646932e-10,-1.88225389332773,0.623227846225866,0.230306567080816,-0.320892312172518,-2.04387336789455,-0.114187988680532,-6.49999999999992,1.25446007502624e-07
5.68,0.5054907,-0.2381166,-0.147027745438945,1.8137156336219e-05,-1.89132616601864,0.793229624896167,0.21139330542063,-0.312960015923556,-2.00550705647686,-0.0432386223987755,-6.49999999999993,0.00225668222538381
5.69,0.506293,-0.235767,-0.149501666401972,-0.150748235429731,-1.88282697950773,0.978741525438387,0.192565035625553,-0.303172600669172,-1.96834876806115,0.0387253889869896,-6.49999999999991,5.01400345605176
5.7,0.5075911,-0.229136,-0.151711985929008,-0.87371461411102,-1.85721252947648,1.17839321527679,0.173992910330788,-0.291388668516404,-1.93230629268884,0.132419134964163,-6.49999999999981,6.49959820833747
5.71,0.5093836,-0.218192,-0.153680873967956,-1.52289210224522,-1.81615278917231,1.38975149677647,0.155831382439065,-0.27749115354864,-1.89715976478386,0.237756570244543,-6.4999999999994,6.49999982557814
5.72,0.5114865,-0.2029126,-0.155435157250622,-2.24785755340504,-1.76285718867846,1.6104194860135,0.13820281055228,-0.261386958688505,-1.8625337958239,0.354052423018183,-6.49999999999727,6.49999999984737
5.73,0.5134557,-0.1834536,-0.157003521525368,-2.99941809301041,-1.70258842174942,1.83660926231778,0.121176926334786,-0.243020866065327,-1.8278511182528,0.479145306243497,-6.49999999998406,6.49999999999973
5.74,0.5147861,-0.160019,-0.158401528331243,-3.72439307178319,-1.64073349135067,2.06439699826306,0.104769591421279,-0.222376896082696,-1.79257096338037,0.610004733373548,-6.49999999989605,6.5
5.75,0.5146126,-0.1330995,-0.159638739039766,-4.39316826831171,-1.58531834271933,2.28772552542774,0.0889164079940861,-0.199499640828419,-1.75596214050944,0.742310190713392,-6.49999999940709,6.5
5.76,0.512515,-0.1032107,-0.160693362919897,-4.97735006839422,-1.53980467635183,2.50087175548519,0.0735183612305677,-0.174490923273567,-1.71784470744042,0.872263629348548,-6.49999999740038,6.5
5.77,0.5078856,-0.07091995,-0.161537388971146,-5.45938472577426,-1.50889081743941,2.69823426175164,0.0584294530561737,-0.147508580656051,-1.67808498891822,0.997055868466058,-6.49999999269275,6.5
5.78,0.5004792,-0.03675862,-0.162133583855493,-5.83749329580474,-1.49364450553601,2.87511432630198,0.0434930080008136,-0.118757437393031,-1.63696950440712,1.11528951254284,-6.49999998765904,6.5
5.79,0.4898243,-0.001454056,-0.162451616734795,-6.11844691700017,-1.49686527297576,3.02568570418878,0.028524355271056,-0.0885005803511429,-1.59483838634099,1.22638007041804,-6.49999998878406,6.5
5.8,0.4760696,0.03467383,-0.162471428254793,-6.31455736211796,-1.51564384606584,3.14830849892413,0.0133679168103975,-0.0570174953619016,-1.55232116367161,1.33129500826066,-6.49999999394365,6.5
5.81,0.4589823,0.07109788,-0.162190042296723,-6.4366468747074,-1.5504787509559,3.23991159079489,-0.00213687069916148,-0.0246183794539526,-1.50993609196268,1.4310294823321,-6.49999999805194,6.5
5.82,0.4389991,0.1075444,-0.161618314604173,-6.49376591915128,-1.59595539570601,3.30008867156776,-0.0180964246562215,0.00838250726172499,-1.46812081052736,1.52698486016393,-6.49999999954241,6.5
5.83,0.4162226,0.1434724,-0.1607760621374,-6.49199429980897,-1.64991203456213,3.32640819619034,-0.0345955450018428,0.0416465892236284,-1.42715943950603,1.62044539579004,-6.49999999991388,6.5
5.84,0.3908263,0.1784253,-0.159686789498152,-6.43456136120551,-1.70970093136449,3.31762105275416,-0.0516925543154877,0.07482279975117,-1.38719696051643,1.71284883595437,-6.49999999998565,6.5
5.85,0.3638905,0.2126453,-0.158358126969414,-6.32218903167241,-1.7650698729156,3.27883567708892,-0.0693432530446438,0.107611156522059,-1.34784461149335,1.80529457849012,-6.49999999999713,6.5
5.86,0.3358089,0.2455012,-0.15679589778168,-6.15306305564374,-1.81257794374861,3.20745745112478,-0.0874690324821299,0.139685731033307,-1.30889606935671,1.89907009783309,-6.49999999999925,6.5
5.87,0.307127,0.2767083,-0.154994023243508,-5.92319099782818,-1.8478328031932,3.10432682494126,-0.105947360514062,0.17072899928272,-1.26999571777978,1.99534547476223,-6.49999999999972,6.5
5.88,0.2784889,0.3062923,-0.152931847006172,-5.62820310050373,-1.86606466183262,2.97310838409861,-0.124608007132388,0.200460083123706,-1.23066362904347,2.09476473230931,-6.49999999999983,6.5
5.89,0.2505893,0.3342645,-0.150572712347738,-5.26428556427076,-1.86260652444223,2.81723918165236,-0.14323407237681,0.228632474940229,-1.19032201136714,2.1976435480574,-6.49999999999983,6.5
5.9,0.2234357,0.3605583,-0.147908621302108,-4.82876093672534,-1.83925080076411,2.63937827791581,-0.161626580384452,0.255026257719387,-1.14898729509812,2.30411661835232,-6.49999999999969,6.5
5.91,0.1975898,0.3853697,-0.144892763507584,-4.32539786232008,-1.79302783620327,2.44436992868501,-0.179556858746484,0.279469957006237,-1.10609299314119,2.41334357341485,-6.49999999999894,6.5
5.92,0.1730074,0.4086978,-0.141520645377258,-3.76166876028311,-1.72659174447666,2.23508442837914,-0.196822776191251,0.301820801290029,-1.06171149995983,2.52454207951891,-6.49999999999349,6.5
5.93,0.1495288,0.4305741,-0.137810142109819,-3.14776862784592,-1.64351090967535,2.01453350062068,-0.213257885288004,0.321966136296236,-1.0160788091762,2.63656311777011,-6.49999999993034,6.5
5.94,0.1273708,0.4511975,-0.133748651341988,-2.49409250857453,-1.54394078945438,1.78698446535841,-0.228697293182548,0.33983598094982,-0.968931737864627,2.74753255824115,-6.49999999860127,6.49999999999934
5.95,0.1057507,0.4702661,-0.129471478742682,-1.81277941176574,-1.43672094485629,1.55210385395721,-0.243064502631111,0.355357019489392,-0.921537961851098,2.85724281405088,-6.49999995655916,6.49999999948458
5.96,0.08426482,0.4873408,-0.125073277806339,-1.14367704411853,-1.32673761248026,1.30846433860258,-0.256331878755914,0.368441662875418,-0.874704485356543,2.96609664966714,-6.49999811305931,6.49999859920821
5.97,0.06361875,0.5032174,-0.120384726856814,-0.430197064535869,-1.20896154734539,1.06541056068912,-0.268421494229368,0.379095768482309,-0.827309859982315,3.07020602904319,-6.4998521466745,6.48613857388983
5.98,0.04274429,0.5169376,-0.11527478969744,0.000325336043705638,-1.09406869727506,0.816451438813871,-0.279362181202118,0.387260282870448,-0.781557837386424,-3.11088137971895,-6.48507518946109,0.0407316613543502
5.99,0.02147373,0.5283611,-0.0862442423964527,-5.03824673843434e-11,-0.984073152413679,0.562707353433602,-0.289202912726255,0.392887356404784,-0.737968165457042,-3.01109365960912,-5.07286618273736,4.34947625210972e-08
6,-0.0003043268,0.5373255,-0.00263477852943189,4.05186094881175e-17,-0.880296313838116,0.305050600244137,-0.298005875864636,0.395937862407225,-0.696927967245572,-2.91374167439774,-0.162683759497409,5.6716450651527e-15
6.01,-0.02275187,0.5437691,-1.8250273772684e-05,7.20224753553546e-22,-0.784333717903099,0.0451753256817611,-0.305849213043667,0.396389615664042,-0.658906863636958,-2.81919123294992,-0.00118781562353279,7.2300176696391e-20
6.02,-0.04588299,0.5477633,-1.29120750649181e-07,2.55969491488758e-19,-0.696317376323957,-0.21421083792022,-0.312812386806907,0.39424750728484,-0.623987478381013,-2.74233456095334,-8.8964104904868e-06,2.57007090094478e-17
6.03,-0.06964155,0.5495816,-9.97230506521083e-10,1.28750388492717e-12,-0.615706601662158,-0.468900929884192,-0.318969452823528,0.389558497985998,-0.592038250340061,-2.65284825720377,-7.29190001673503e-08,1.16279841779754e-10
6.04,-0.09422163,0.5495754,-1.02376527921945e-11,2.31838182067781e-06,-0.544098321597044,-0.714410069115978,-0.324410436039499,0.382414397294839,-0.563509589427601,-2.56863746296163,-7.92938692330802e-10,0.000176114817226235
6.05,-0.1193091,0.548266,-1.26630868163221e-13,0.0681306342267207,-0.478527449779435,-0.945247839517954,-0.329195710537293,0.372961918899659,-0.537519135054186,-2.49046648157709,-1.03561779563998e-11,4.48741075609598
6.06,-0.1448066,0.5463467,-1.93134719033667e-15,0.108597923290476,-0.418098996054027,-1.15502512514566,-0.333376700497833,0.361411667648202,-0.513759576743628,-2.41902989935168,-1.65975575637043e-13,6.4995331745745
6.07,-0.1701762,0.5443802,-2.79692939768086e-17,0.11616771193492,-0.358177159370491,-1.33917022694851,-0.336958472091538,0.348019965378717,-0.490780199892555,-2.35431435591185,-2.51624300912119e-15,6.49999942249123
6.08,-0.1952162,0.5424014,-3.82066825968581e-19,0.122318988448502,-0.297407149936234,-1.49821586411157,-0.339932543590901,0.333037806737602,-0.468104179500307,-2.29509534824571,-3.58048184277113e-17,6.49999999676007
6.09,-0.2190953,0.5409539,-3.65584489046608e-21,0.127499219168493,-0.229157354130841,-1.62847053832192,-0.342224117132209,0.316753101354382,-0.443582039345398,-2.24130476102719,-3.55228683715682e-19,6.49999999993382
6.1,-0.2413154,0.540098,-3.34101505429572e-23,0.132025547581955,-0.150281282188018,-1.73091138331544,-0.343726929954089,0.299443987521228,-0.416073932659894,-2.1919875625189,-3.33262341064592e-21,6.49999999999621
6.11,-0.26164,0.539676,-9.69823432620194e-25,0.136069203227016,-0.0602270757672656,-1.80850491011846,-0.344329200711762,0.281358938420043,-0.38518010044411,-2.1460292717108,-9.74531794667216e-23,6.49999999999951
6.12,-0.2794986,0.5397733,-6.49098111333648e-25,0.139676380212216,0.0442883883914647,-1.86206480922106,-0.343886316827847,0.262738290327833,-0.349472514551699,-2.10292066170449,-6.49029800992084e-23,6.49999999999987
6.13,-0.294707,0.5404056,-5.49940907254218e-23,0.142897387684954,0.162842278718287,-1.89310952874979,-0.342257894040664,0.243807195040335,-0.308604672595251,-2.0621481617582,-5.57396618777938e-21,6.49999999999994
6.14,-0.3069275,0.5417189,-2.76446944790564e-19,0.145762825772987,0.296256871847937,-1.90207757491101,-0.339295325322185,0.224786419291225,-0.261635722667301,-2.02347928918523,-3.12176408300241e-17,6.49999999999995
6.15,-0.3160525,0.5437409,-6.2680298112125e-15,0.148312495938491,0.443197580640238,-1.89054773424189,-0.334863349515783,0.205880941948806,-0.208234065000832,-1.9865738937658,-1.11254628370988e-12,6.49999999999993
6.16,-0.3216775,0.5468521,1.91368081607764e-11,0.150551660953423,0.604885630640631,-1.85709555613071,-0.328814493209376,0.187309986387499,-0.146928176372049,-1.95161295851363,-5.09917715618426e-08,6.49999999999982
6.17,-0.3244799,0.549429,-2.69180002335137e-06,0.152630678302329,0.773048796605202,-1.8177509147013,-0.321084005243324,0.169132477240486,-0.0799512154633871,-1.9163207327103,-0.00089360786490805,6.49999999999945
6.18,-0.3233134,0.5524891,-0.00486942021026112,0.154482259308547,0.955709976561852,-1.76458852515813,-0.311526905477706,0.151486591988904,-0.00283356328690881,-1.88179586850679,-3.66919908747586,6.49999999999748
6.19,-0.3177697,0.5551764,0.545253720416028,0.156164384545475,1.15376634065654,-1.70651552164624,-0.29998924207114,0.134421436772442,0.0862687427923984,-1.84692968969359,-6.49900758375973,6.49999999998619
6.2,-0.3077983,0.5566531,1.21717140098236,0.157704237497282,1.36485233983706,-1.65155455443234,-0.28634071867277,0.117905891228119,0.187650780855961,-1.81079982594445,-6.49999961008713,6.49999999992704
6.21,-0.2928521,0.5563481,1.93019803386477,0.159092537881739,1.5909620357983,-1.60473382263175,-0.270431098314787,0.101858553001801,0.303123664104976,-1.772928795062,-6.49999999973657,6.49999999968442
6.22,-0.2727225,0.55378,2.72353652998717,0.160299836912891,1.83090299238318,-1.56981577023315,-0.252122068390955,0.0861603952994696,0.432122950174445,-1.73310684926761,-6.4999999999997,6.49999999902765
6.23,-0.2471648,0.5490181,3.52423297425125,0.161277666771719,2.08378809178048,-1.54543541809544,-0.23128418747315,0.0707060411185153,0.572734223435437,-1.69171204710716,-6.5,6.49999999782396
6.24,-0.2164117,0.5421104,4.28392774250758,0.161986464741118,2.34461597701512,-1.53044641545525,-0.207838027702999,0.0554015769639627,0.71972878042782,-1.64914155292586,-6.5,6.49999999638766
6.25,-0.1811169,0.5330296,4.95200832194663,0.16239757976516,2.6051421276153,-1.52437385883324,-0.181786606426846,0.0401578383756303,0.866230659567167,-1.60577712505782,-6.5,6.49999999552486
6.26,-0.1420684,0.521884,5.49268107886227,0.16249359446705,2.85667885113679,-1.52555464838434,-0.153219817915478,0.0249022918917869,1.00655942507658,-1.56204870096002,-6.5,6.49999999564857
6.27,-0.1004048,0.5084972,5.89787879250686,0.162269472138095,3.08834329359215,-1.53484908106183,-0.122336384979557,0.00955380108116863,1.13688814679716,-1.51831236015365,-6.5,6.49999999676995
6.28,-0.05716627,0.4929896,6.18153616384962,0.161731279710163,3.29116993322435,-1.5504441258255,-0.0894246856473132,-0.00595064017708632,1.25639776713117,-1.47492942184763,-6.5,6.49999999805039
6.29,-0.01373424,0.4749155,6.36392196847308,0.160897259834441,3.45425005420196,-1.57547686999002,-0.0548821851052936,-0.0217054088769865,1.36576480650448,-1.43230960244062,-6.5,6.49999999912853
6.3,0.02984791,0.4546991,6.4655856773897,0.159789726316379,3.57936525514786,-1.60529959108634,-0.019088532553815,-0.0377584047878499,1.46782216186704,-1.39059789905132,-6.5,6.49999999966185
6.31,0.07313357,0.4329217,6.49987513153284,0.158425261772224,3.66496827777734,-1.6342820775447,0.0175611502239584,-0.0541012255632969,1.56459629479501,-1.349667951647,-6.5,6.49999999986365
6.32,0.1140914,0.4087675,6.4752969773142,0.156848527887843,3.69635718717837,-1.66923653810998,0.0545247220957421,-0.0707935909443967,1.65802907658003,-1.31011609080296,-6.5,6.49999999995349
6.33,0.153457,0.3834042,6.39552153312632,0.155051844756056,3.68419509637938,-1.69937410878755,0.0913666730595359,-0.0877873320322721,1.75037852145082,-1.27116877630101,-6.5,6.4999999999814
6.34,0.1898216,0.3566469,6.25907086926748,0.153061516005377,3.6201835239749,-1.72643775232484,0.127568508299285,-0.10505170955552,1.84398274276995,-1.23300971991423,-6.5,6.49999999999177
6.35,0.2232518,0.3290718,6.06064576364416,0.150866500681557,3.50975790518486,-1.74553280995537,0.162666087351134,-0.122507037655074,1.9406586710849,-1.19512880807129,-6.5,6.4999999999954
6.36,0.2535462,0.301042,5.79146180686564,0.148456864607003,3.35594118065577,-1.75406471525492,0.196225499157691,-0.140047684807623,2.04214686271221,-1.15719344594199,-6.5,6.49999999999652
6.37,0.2807536,0.2729121,5.44114220204786,0.145816734920165,3.16396029062638,-1.74980823789104,0.227865102063955,-0.157545767186534,2.1496845407564,-1.11886693416183,-6.5,6.49999999999624
6.38,0.3050083,0.2449839,4.99982698987724,0.142929582284479,2.93961819792885,-1.73127793313691,0.257261284043243,-0.174858546517903,2.26394153056116,-1.07986517589747,-6.5,6.49999999999391
6.39,0.3266236,0.2174806,4.46318310757731,0.139783879867459,2.68999241319634,-1.69789036414642,0.284161208175207,-0.191837450159367,2.38456749168397,-1.03999440896697,-6.5,6.49999999998487
6.4,0.3459567,0.1905248,3.83708765708755,0.136380139505874,2.42212313676336,-1.65008157573065,0.308382439542841,-0.208338265916674,2.51018129729548,-0.999191311235724,-6.5,6.49999999994167
6.41,0.3634397,0.1642957,3.13819565893552,0.132715519171907,2.14322506398914,-1.58787361032295,0.329814690182732,-0.224217002019903,2.63824649377303,-0.95730236541055,-6.5,6.49999999963879
6.42,0.3794914,0.1387644,2.38375117796972,0.12882171235579,1.85986494867554,-1.51316958697339,0.348413339669487,-0.239348697889637,2.76554636886613,-0.914495399941279,-6.49999999999991,6.49999999645003
6.43,0.3944714,0.1140009,1.61572185771067,0.124695271369306,1.57757292100957,-1.42695870181077,0.364189068879583,-0.253618284907745,2.88885221873993,-0.87077762817749,-6.49999999977628,6.49999994315743
6.44,0.4085956,0.08990724,0.896096991108426,0.120300766016548,1.30016852225759,-1.33166577920464,0.377190754102159,-0.266934942699791,3.00575877322128,-0.826461068553287,-6.49999827986206,6.49999853637871
6.45,0.4218605,0.06639659,0.118428560126782,0.115571714052554,1.02922715342788,-1.22947936816566,0.387483025636438,-0.279229736381448,3.11525580501757,-0.781854365724017,-6.44447672574733,6.49993963437153
6.46,0.4343439,0.04339403,-1.55278206913902e-05,0.110352927609226,0.766839705602209,-1.12235059873288,0.39515142269246,-0.290453242368777,-3.06650445446179,-0.73725770307155,-0.00402446128595706,6.49599696103884
6.47,0.4460747,0.0209953,-5.07590398334176e-12,0.0977671398700628,0.514435984709841,-1.01064182976621,0.400295782539558,-0.300559660666439,-2.97311772980073,-0.692614572792846,-3.30825190164106e-09,6.07027024695337
6.48,0.4565596,-0.00129739,-1.02067343637677e-17,0.00758161988667296,0.268777805668016,-0.899792257286222,0.402983560596238,-0.309557583239301,-2.88577173605612,-0.649201514941257,-1.18259971303885e-15,0.500869047628913
6.49,0.4670022,-0.02224039,-1.63357215558197e-21,1.67531596748739e-05,0.0413891573625094,-0.779884097722359,0.403397452169863,-0.317356424216524,-2.807643063915,-0.604213593857329,-1.63406576751687e-19,0.00119669426642641
6.5,0.4747035,-0.04434881,-1.66154461594558e-19,4.13954030429427e-08,-0.19075025954222,-0.674046227639529,0.401489949574441,-0.32409688649292,-2.69523031448333,-0.564022731030808,-1.60871515656681e-17,3.20280421254837e-06
6.51,0.4804983,-0.06716692,-8.74844613634278e-14,1.11402767433596e-10,-0.418385040690431,-0.577932678228478,0.397306099167537,-0.329876213275204,-2.62179467303194,-0.527484493591894,-7.42504063806081e-12,9.30474117747125e-09
6.52,0.4865015,-0.08832926,-1.78809558303751e-08,8.89214393100384e-14,-0.62212004468477,-0.471172983854423,0.391084898720689,-0.334587943113749,-2.55648537538387,-0.488395621287932,-1.32547082168619e-06,8.03617601766203e-12
6.53,0.4902484,-0.1109121,-0.000793939591633195,1.64705651318689e-16,-0.823614909092335,-0.381735159036197,0.382848749629766,-0.338405294704111,-2.49220357178305,-0.455302706935284,-0.0524350372236488,1.57492328405583e-14
6.54,0.4943858,-0.1316284,-0.102443223424864,1.19415897904185e-19,-0.998912664009637,-0.280675505220714,0.372859622989669,-0.341212049756318,-2.43472285883538,-0.418953584394933,-6.24702009463314,1.18892248688321e-17
6.55,0.4967963,-0.152834,-0.113463083900863,3.03657933861373e-22,-1.1671002341503,-0.189848414836952,0.361188620648166,-0.343110533904687,-2.3784733808721,-0.386322686425752,-6.49970862508655,3.05147758800322e-20
6.56,0.4994335,-0.1718298,-0.119069106248947,1.98021709914603e-24,-1.31081227306473,-0.0859584754885674,0.348080497917519,-0.343970118659573,-2.32707605666699,-0.349466675398823,-6.4999984293677,1.98000771235825e-22
6.57,0.5012259,-0.1890048,-0.124029014741267,4.76778943410631e-25,-1.44025754160771,0.0258053914589382,0.333677922501442,-0.343712064744984,-2.2776939833553,-0.309802993691482,-6.49999997895082,4.82704057008076e-23
6.58,0.5022242,-0.2037521,-0.128549125382063,2.34587787369365e-23,-1.55526372570425,0.149147888975122,0.3181252852444,-0.342220585855232,-2.23003975907285,-0.265591617218429,-6.49999999940064,2.60836596892581e-21
6.59,0.5024024,-0.2156068,-0.132765597660076,9.38438891910251e-20,-1.65643406198722,0.286153232762373,0.301560944624527,-0.339359053527609,-2.18372951690365,-0.2154600952696,-6.49999999996836,1.50392906218996e-17
6.6,0.5017883,-0.2242481,-0.136711659120557,4.07188269792936e-16,-1.74396074787633,0.43739340039523,0.284121337145764,-0.334985119523656,-2.13851644938153,-0.158398025572592,-6.49999999999717,7.37705415967767e-13
6.61,0.5004907,-0.2294148,-0.140373699186931,3.77271625109134e-11,-1.81742327006256,0.60277350662048,0.265947104445138,-0.328957384457452,-2.09429879907127,-0.0934873970008602,-6.49999999999959,4.47796670081574e-08
6.62,0.4990066,-0.2309438,-0.143705523172892,9.38079694225344e-06,-1.87321724939487,0.781259650797139,0.24721493195119,-0.32114478794948,-2.05149966826701,-0.0200822472117908,-6.4999999999999,0.00140500637129099
6.63,0.4976995,-0.2286315,-0.146697538413225,-0.268730715140236,-1.90932062859071,0.972153940720023,0.228121725665283,-0.31142324854228,-2.01025904924257,0.0626209755807679,-6.49999999999996,4.79017181455151
6.64,0.4969168,-0.2224499,-0.149353889992686,-1.01570934379753,-1.92416717123359,1.17322188600278,0.208880053952947,-0.299691029682252,-1.97065364291355,0.154653500580136,-6.49999999999997,6.49954545549061
6.65,0.4968722,-0.2124198,-0.151695430982079,-1.63354170120057,-1.91762917239038,1.38192558392873,0.189703762229043,-0.285871773842965,-1.93258836995827,0.255608311568219,-6.49999999999996,6.49999978436101
6.66,0.4975068,-0.1984145,-0.153758600735434,-2.31727724998349,-1.89208166708801,1.59714533617046,0.170782945558163,-0.26990032048126,-1.89569962582245,0.36526483610705,-6.49999999999992,6.49999999978123
6.67,0.4984854,-0.1805889,-0.155583833014892,-3.01471875123613,-1.85220399707179,1.81540103588462,0.152260905587445,-0.251746310122414,-1.85941805832032,0.481795135608188,-6.49999999999977,6.49999999999955
6.68,0.4991189,-0.1591308,-0.157209737586855,-3.68638783721587,-1.80541358760283,2.03320055082862,0.134206769711417,-0.231414304614128,-1.82294931922078,0.602855650547124,-6.49999999999916,6.5
6.69,0.4985375,-0.1342537,-0.158657394514594,-4.31375003825264,-1.76008740732354,2.2471353904076,0.116605895638181,-0.208942950710052,-1.78550340276236,0.725849663626744,-6.49999999999692,6.5
6.7,0.4959372,-0.106389,-0.159921369094897,-4.8730799645729,-1.72331005260407,2.45225006738283,0.0993727951121406,-0.184420450036224,-1.74655080995337,0.847708080516741,-6.49999999999091,6.5
6.71,0.4908081,-0.07570941,-0.160972443043946,-5.34987888047925,-1.69897454654852,2.64628677753064,0.0823830496466553,-0.157957582260917,-1.7059903961646,0.966741117594633,-6.49999999998103,6.5
6.72,0.4825428,-0.04307332,-0.161775399125797,-5.73410363024368,-1.69138147347984,2.82140018646786,0.065469234911857,-0.129743580396239,-1.66386939832461,1.08036832895848,-6.49999999997576,6.5
6.73,0.4711823,-0.008350222,-0.16229142968832,-6.0325207643309,-1.69878554691181,2.97900078395092,0.0484813794427389,-0.0999535725567294,-1.62071769232456,1.18913952555922,-6.49999999998018,6.5
6.74,0.4567286,0.02791075,-0.1624967279054,-6.25024041980152,-1.7198127328257,3.11469962359442,0.0312832521144819,-0.0688065763207852,-1.57704846373202,1.29261682582837,-6.49999999998915,6.5
6.75,0.4389109,0.06495491,-0.162382429534033,-6.39516307771379,-1.75543485496585,3.2228857632721,0.0137289035648233,-0.0365777186880641,-1.53331719829827,1.39090550141249,-6.49999999999608,6.5
6.76,0.4179758,0.1021804,-0.16195369389514,-6.47605683586352,-1.8020067174481,3.29993284514217,-0.00429116360965763,-0.00357839023664241,-1.48998862416839,1.48491652190275,-6.49999999999894,6.5
6.77,0.3945853,0.1400523,-0.161225073384126,-6.49990839847656,-1.85255749986353,3.35186521389349,-0.0228167386082929,0.0299402619022925,-1.44730322156642,1.57610662247738,-6.49999999999974,6.5
6.78,0.3676262,0.1755994,-0.160224990015387,-6.47093756609805,-1.91586801300274,3.35502822754042,-0.0419754187383203,0.0634905441776966,-1.4057411814437,1.66541891257397,-6.49999999999995,6.5
6.79,0.3406755,0.2124781,-0.15894063133339,-6.39161392672617,-1.95975449029274,3.34474417099684,-0.0615729636412477,0.0969379858876651,-1.36418877063733,1.75371517847367,-6.49999999999998,6.5
6.8,0.3116771,0.246765,-0.157411662660639,-6.26035524376271,-2.00310981790553,3.28869050405073,-0.081604061820303,0.129824890928172,-1.32353439655434,1.84324907666601,-6.49999999999999,6.5
6.81,0.2819716,0.2791025,-0.155626520013442,-6.07356670544105,-2.03416391669346,3.19662920707524,-0.101945700987238,0.161791182998925,-1.28307513255337,1.93511816664993,-6.5,6.5
6.82,0.2524104,0.3093155,-0.153564180601242,-5.82526188100106,-2.04642798896543,3.07077378189917,-0.122409980876892,0.192498920817916,-1.24225219434157,2.03056259595202,-6.5,6.5
6.83,0.223446,0.3374361,-0.151204126602922,-5.50884971673047,-2.03751660947635,2.91516776293535,-0.142785146971655,0.22165059844727,-1.20072290897883,2.13036631030857,-6.5,6.5
6.84,0.1954844,0.3635169,-0.148520007113509,-5.11833411210707,-2.00580350459001,2.73390634196415,-0.162843182017555,0.248989661866911,-1.15814775422284,2.23493235020624,-6.5,6.5
6.85,0.168636,0.3875225,-0.145498334749254,-4.64915816624603,-1.95249437985031,2.53017303961235,-0.182368125816059,0.274291392263035,-1.11443132751809,2.34445990808935,-6.49999999999998,6.5
6.86,0.1429247,0.4095964,-0.142135364487502,-4.10326364933747,-1.8795939526483,2.30857372456843,-0.201164065342541,0.297377129508719,-1.06956878061351,2.45829541243769,-6.4999999999999,6.5
6.87,0.1182247,0.4298036,-0.138449302328474,-3.48827864190241,-1.79035607705572,2.0727855546323,-0.219067626113099,0.318104985055042,-1.02374190782603,2.57545598178295,-6.49999999999899,6.5
6.88,0.09444612,0.4484159,-0.134469472751039,-2.81603410647934,-1.68757217192233,1.82803993763197,-0.235943347832322,0.336385384431362,-0.977124755898467,2.69386120158837,-6.49999999998264,6.49999999999977
6.89,0.07111757,0.4652508,-0.130289750487494,-2.09181018664495,-1.57715452815609,1.5753142046287,-0.251714893113883,0.352138526477649,-0.930462264036845,2.81261276955231,-6.49999999955731,6.49999999973989
6.9,0.04788354,0.4802618,-0.126002131323258,-1.36016209610118,-1.46357635087334,1.31671866260494,-0.266350656622616,0.365305713103698,-0.884422866421669,2.93033818618343,-6.49999998456929,6.49999892064619
6.91,0.02497636,0.4938408,-0.121548428719983,-0.62764884398143,-1.34592717483683,1.05797447739101,-0.279809928370985,0.375885457877608,-0.838781378683423,3.04418407991974,-6.4999992011977,6.48017763624336
6.92,0.001676784,0.5054078,-0.116996222799419,6.93890561899465e-05,-1.23153652475987,0.796016796653632,-0.292125293618583,0.383845625844145,-0.794932487315612,-3.12803724946813,-6.49995031608961,0.0134281409118712
6.93,-0.02193079,0.5151275,-0.112216031043932,-8.08229787135985e-12,-1.12021513497624,0.534426809418569,-0.303327444968346,0.38918989393833,-0.752870691486363,-3.02149407578141,-6.49620369975303,6.71361287343462e-09
6.94,-0.04606428,0.5227008,-0.102277129207222,3.85883330076629e-18,-1.01435061285243,0.272520226324019,-0.31347095109687,0.391915096201571,-0.713138706826318,-2.91892253957519,-6.18960425394415,5.6864393673109e-16
6.95,-0.07069853,0.5282823,-0.0177643888388474,3.09638286030495e-22,-0.91400887203012,0.0135465029594855,-0.322611039817171,0.392050561231165,-0.675773296335941,-2.82126238611351,-1.12828363114927,3.11151781701426e-20
6.96,-0.09555838,0.5319849,-0.000176521663958953,6.99160901868473e-19,-0.817073100629585,-0.239895862948195,-0.330781770823467,0.389651602601684,-0.640261576447163,-2.70606012733445,-0.0118303458338478,6.8581991525138e-17
6.97,-0.1208005,0.5338392,-1.32030437508852e-06,3.19995082002052e-12,-0.725272806966025,-0.486168642097546,-0.338034498893127,0.384789916180708,-0.606996305557197,-2.62095481766388,-9.3818955055198e-05,2.71115214406462e-10
6.98,-0.146214,0.5344157,-8.43564020830991e-09,2.76246598907269e-06,-0.637011788746378,-0.719217966196176,-0.344404616780591,0.377597736518746,-0.5755345715424,-2.5421305823837,-6.37456502765289e-07,0.000199115548326622
6.99,-0.1717629,0.5340357,-4.79557219176373e-11,0.0579372639649492,-0.552299605710616,-0.935725311839398,-0.349927612837697,0.368240483400352,-0.545825685877892,-2.46949561418849,-3.85402706779844e-09,3.69889661742123
7,-0.196945,0.533489,-1.967819389284e-13,0.110460924172768,-0.46713631475285,-1.12877600720271,-0.354598975985226,0.356952723328325,-0.516731962705588,-2.40380826398248,-1.68077630182575e-11,6.49859524509233
7.01,-0.221301,0.533304,-5.01331964569949e-16,0.117188087718354,-0.378234707781026,-1.29444402902656,-0.358381323063036,0.34400828303806,-0.48725254756757,-2.34488210867906,-4.54052313880099e-14,6.4999970637452
7.02,-0.2446645,0.5332106,-9.56972925954975e-19,0.122734117271508,-0.28512389289795,-1.43615406901466,-0.361232561992016,0.329646742347913,-0.457124853744711,-2.29090559108718,-9.12583657506148e-17,6.49999997514635
7.03,-0.2666602,0.5333701,-2.18034179875723e-21,0.127504399397697,-0.185617547964156,-1.55352883075527,-0.363088737471657,0.31411145404036,-0.425557176335452,-2.24124945284489,-2.15968669281989e-19,6.49999999935149
7.04,-0.2868303,0.5336376,-2.15731867453695e-23,0.131766845264038,-0.0770655985998729,-1.64901552990772,-0.363859393457656,0.297621298741283,-0.391539221473665,-2.19486013112266,-2.16790264711109e-21,6.49999999995985
7.05,-0.3047475,0.5339249,-9.60118197143804e-24,0.135642345301958,0.0426291077566603,-1.72452432261517,-0.363433102380089,0.280376055515131,-0.354108436006825,-2.15098562991452,-9.60500454788296e-22,6.49999999999503
7.06,-0.3201855,0.5340128,-9.46710587862936e-22,0.139195517891154,0.173578191143228,-1.78306999723641,-0.361697320468657,0.262545355542767,-0.312792402547112,-2.10880694350817,-9.56050099257546e-20,6.49999999999895
7.07,-0.3329068,0.533883,-5.41580707437482e-18,0.1424513407248,0.315896600605093,-1.82581584310945,-0.358538354462606,0.244287197111673,-0.267004167389807,-2.06794759228393,-5.99077425689848e-16,6.49999999999965
7.08,-0.342838,0.5333065,-1.09986088318824e-13,0.145452740723877,0.468196460897275,-1.85574282811346,-0.353856389853633,0.225729768830538,-0.216550893520228,-2.027793537043,-1.73857726097543e-11,6.49999999999983
7.09,-0.3498406,0.5324183,-3.57906588574801e-10,0.148196644481114,0.629692722868313,-1.87256339438438,-0.34755946262495,0.207004134886695,-0.160951506290404,-1.98831181853184,-4.5362373999747e-07,6.49999999999989
7.1,-0.3538181,0.5313198,-2.47706769278045e-07,0.150686246651746,0.799235570611827,-1.87639730339108,-0.339567106918832,0.188240161852784,-0.0997681496047932,-1.94941962753663,-0.00559786604672524,6.49999999999989
7.11,-0.3545789,0.52997,-0.042973980890758,0.152934997230596,0.976522611071069,-1.86866569751407,-0.329801880808121,0.169553504877643,-0.0321597180863565,-1.91087220673725,-5.32626101085954,6.49999999999986
7.12,-0.3516259,0.5287116,0.229756547258055,0.154930928858303,1.16382970569177,-1.84747839868244,-0.318163583751204,0.151078720890819,0.0438747758100296,-1.87287201960042,-6.49945565566218,6.49999999999974
7.13,-0.3444883,0.5271451,0.859941798633292,0.156703219799654,1.36293539850368,-1.81754141696423,-0.304534229766167,0.132903306721176,0.130321314384224,-1.8348317072854,-6.49999963676428,6.4999999999994
7.14,-0.3328846,0.5253271,1.46503369074085,0.158248497776195,1.57375882746094,-1.77932933452963,-0.288796641491557,0.11511001337588,0.228372839638256,-1.79669455862036,-6.49999999959598,6.4999999999982
7.15,-0.316377,0.5228087,2.15687754841053,0.159575517557453,1.79747275078017,-1.73765174187454,-0.270821913983756,0.0977334959571347,0.339416198452999,-1.75800347601417,-6.49999999999931,6.49999999999397
7.16,-0.2948071,0.519206,2.90531619680267,0.160677615747129,2.0326631294466,-1.69637675959478,-0.25049528268929,0.0807697283611869,0.462946629759107,-1.71848545094368,-6.5,6.49999999997948
7.17,-0.2679293,0.5146865,3.65805177564559,0.16153319765919,2.27869587288962,-1.65433425709131,-0.227708323960393,0.0642263857902738,0.597547872053269,-1.67831855465934,-6.5,6.49999999992665
7.18,-0.2359613,0.5088294,4.37654123715441,0.162128967789998,2.53094866586059,-1.61547622753319,-0.202398837301788,0.048071623514942,0.738844208426844,-1.63738520414976,-6.5,6.4999999997555
7.19,-0.1994009,0.5016956,5.01446898372208,0.162447321608887,2.78275559221841,-1.57928516114794,-0.174571281379603,0.0322787719034626,0.881179561860902,-1.59588296362735,-6.5,6.49999999923202
7.2,-0.1591109,0.4930893,5.53537714052077,0.162476280693794,3.02490514148888,-1.54745379783282,-0.144322229964715,0.0168042339251344,1.01895982724718,-1.55396297893684,-6.5,6.49999999785835
7.21,-0.1162558,0.4826351,5.92867694034381,0.162209272594255,3.24646211440277,-1.52303058960384,-0.111857608820687,0.00157392802909598,1.14830124138206,-1.5118548364402,-6.5,6.4999999952415
7.22,-0.07206395,0.4699132,6.20423845675176,0.161649043133408,3.43703016840057,-1.50912327849057,-0.0774873071366812,-0.0135173047558097,1.26790032327288,-1.46992752972403,-6.5,6.49999999248712
7.23,-0.0281405,0.4543048,6.37980396209677,0.160813244879098,3.58410869329972,-1.51019522966596,-0.041646220203684,-0.0286192570524693,1.37814019172893,-1.42871978248021,-6.5,6.49999999279954
7.24,0.01715862,0.4372474,6.47482004845266,0.159713271833479,3.70431834280893,-1.51268056798313,-0.00460303677559473,-0.0437460627323006,1.48272498395635,-1.38806595171303,-6.5,6.49999999344647
7.25,0.06057421,0.4171127,6.49959947049065,0.158399831482439,3.77120142470496,-1.53029879370831,0.0331089774714549,-0.0590490506693837,1.5819005027692,-1.34897555791369,-6.5,6.49999999638634
7.26,0.1017367,0.3943051,6.46234928176949,0.156905188207145,3.78561385667298,-1.55815650246649,0.0709651160381847,-0.0746306156940486,1.67850814306366,-1.31143574126158,-6.5,6.49999999856292
7.27,0.141593,0.3700063,6.36576154177763,0.155223512417999,3.75995986787637,-1.58507791941505,0.108564714716948,-0.0904813948881991,1.77443244335237,-1.27467757183629,-6.5,6.49999999940425
7.28,0.1785855,0.3439421,6.20768290803805,0.153387192248729,3.68450428274533,-1.61325257142917,0.145409757544402,-0.106613920602491,1.87190995753497,-1.23897042420657,-6.5,6.49999999975985
7.29,0.2127072,0.3167793,5.98242183802553,0.151382991596542,3.56394326699247,-1.63665698228947,0.181049190214326,-0.122980490425385,1.97264605107408,-1.20371802072874,-6.5,6.49999999988679
7.3,0.2438662,0.2890651,5.68165651687959,0.149190316520207,3.40218088840745,-1.65083288691879,0.215070999098401,-0.139488819294573,2.07808886690662,-1.16840147705913,-6.5,6.49999999992912
7.31,0.2720637,0.2612428,5.29611459931449,0.146785691818332,3.20388969609434,-1.65265589009923,0.247109896059344,-0.156015378195566,2.18925389802406,-1.13259789347773,-6.5,6.49999999993581
7.32,0.2974234,0.2337813,4.81844998309608,0.144135783678169,2.97465783683791,-1.63913902498063,0.276856474427723,-0.172406768445372,2.30648053222396,-1.09584056415943,-6.5,6.49999999990824
7.33,0.32018,0.2069384,4.24801460599174,0.141220463557323,2.72077516245447,-1.60946113510846,0.304064226052268,-0.188501379796457,2.42919298473515,-1.05790837902609,-6.5,6.49999999978573
7.34,0.3407413,0.1810461,3.5963734120246,0.138009182324551,2.44965525518065,-1.56235679876892,0.328560778604075,-0.204124947784146,2.55553285406585,-1.0184572018761,-6.5,6.49999999912877
7.35,0.3594334,0.1560814,2.87963075687072,0.134513844399595,2.16750921373098,-1.4998206051791,0.350235870741384,-0.219123153835937,2.68303845926085,-0.977631332363613,-6.5,6.49999999395168
7.36,0.3764508,0.1320302,2.11301361179304,0.130754593273367,1.87898018749086,-1.42371318952384,0.369025672616293,-0.233360285731175,2.80921424942928,-0.935559422724369,-6.49999999999995,6.49999992856028
7.37,0.3922417,0.1087274,1.35756543621141,0.12677945902878,1.59052439349251,-1.3371223325915,0.384930916551218,-0.24673150905709,2.93076412907735,-0.892630696197115,-6.49999999986881,6.4999986169877
7.38,0.4075505,0.0868709,0.632057216241252,0.122436244667316,1.31057722502268,-1.23560010055596,0.398036688801445,-0.25908751006265,3.04384957342466,-0.847689153637307,-6.49999904098151,6.49994352805153
7.39,0.4218725,0.06542924,-0.0218937375098199,0.117776921522058,1.03613140627451,-1.12991602422217,0.40839800286419,-0.270386670304872,-3.13364369330086,-0.802840294932353,-6.47033412005475,6.49640430184273
7.4,0.4355003,0.0445641,4.24699225609094e-06,0.106422075883745,0.771201844346216,-1.01979123655295,0.416110021307652,-0.280584582670401,-3.03643195554699,-0.757892619502931,-0.00880924568275008,6.12887386250929
7.41,0.4485011,0.02430362,-4.55440421773839e-11,0.00817651037679664,0.517465833434045,-0.906140827440044,0.421284679641993,-0.289645990944801,-2.94751388906038,-0.712926385358096,-1.06672453406624e-08,0.494951905273207
7.42,0.4606418,0.004503771,-8.61855541949621e-17,2.28216668503403e-05,0.27381691115918,-0.79129502604026,0.424022848753584,-0.297558941205204,-2.86552866094677,-0.66841918352856,-9.26118235522334e-15,0.00146468785697477
7.43,0.4713975,-0.01532938,-1.9134632426596e-20,3.92670671797237e-08,0.0366776922488157,-0.680374993079671,0.424389625676073,-0.304362691136001,-2.78834955143673,-0.625719074976267,-1.91401714500027e-18,2.6972985836869e-06
7.44,0.4818898,-0.03396043,-9.45633377565169e-19,2.23743927295022e-11,-0.183218455228563,-0.563310165247159,0.422557441123787,-0.309995792788472,-2.74474520304855,-0.581810147782819,-9.49834588516364e-17,1.66950753018543e-09
7.45,0.489042,-0.05420877,-1.91373909391073e-13,2.43845902530232e-14,-0.411999895625101,-0.465466866044569,0.418437442167536,-0.314650461448918,-2.67276464437366,-0.544334624672885,-1.79126267940365e-11,1.96585110821713e-12
7.46,0.4949863,-0.07387383,-5.14859740551531e-08,1.59204195502443e-17,-0.629055216448194,-0.367159357380622,0.412146890003054,-0.318322055022724,-2.60498167056913,-0.507235358793402,-4.21869612350112e-06,1.38649708061248e-15
7.47,0.4993527,-0.09373423,-0.002254279652515,1.49274101770298e-20,-0.836961966635826,-0.275754955377934,0.403777270336696,-0.321079604576504,-2.53999162469261,-0.47283460033817,-0.161824243198258,1.38770692248034e-18
7.48,0.502042,-0.1136906,-0.100089198129529,3.3367381839094e-23,-1.0358308056904,-0.190467560871618,0.393418962279792,-0.32298428018522,-2.47723320104095,-0.440867924290774,-6.46173243064236,3.25307739566332e-21
7.49,0.5035212,-0.1337975,-0.108813557127745,3.70373693528805e-25,-1.22099432820043,-0.111844413698407,0.381209018997787,-0.324102724322204,-2.41737012971562,-0.411514092917596,-6.49997066741774,3.7037419169793e-23
7.5,0.5038654,-0.1535922,-0.115535543207637,3.17274584228303e-26,-1.3916241677863,-0.0359362903840506,0.367292777319924,-0.324462087226044,-2.3600759635715,-0.383345319058807,-6.49999991952229,3.18777952248374e-24
7.51,0.503386,-0.172839,-0.121281520628195,3.16613677673187e-26,-1.54505026816969,0.0389566645725949,0.351842274638228,-0.324072520580318,-2.30546531817643,-0.355669117699727,-6.49999999934407,3.16806353498544e-24
7.52,0.5022317,-0.1909376,-0.126370514660246,4.1247371350698e-25,-1.68033958228948,0.117500601026492,0.335038878815333,-0.322897514570054,-2.25328839335848,-0.326623263093475,-6.49999999998682,4.13360066504346e-23
7.53,0.5003157,-0.2074269,-0.131037086415318,5.79981487803049e-23,-1.79877983377025,0.202749077167255,0.31705108047763,-0.320870023798381,-2.2029254870766,-0.294815298593679,-6.49999999999946,5.98215130593729e-21
7.54,0.4978417,-0.2216333,-0.135355909381393,5.70862577479079e-20,-1.89919173913263,0.299254260645696,0.298059163086304,-0.317877481191924,-2.1542963063773,-0.258087831033796,-6.49999999999996,6.54546507220733e-18
7.55,0.4944762,-0.2334129,-0.139380967405192,1.38916527689603e-16,-1.9852102969907,0.406582925611044,0.278207060116397,-0.313811651935814,-2.10654240746832,-0.216061359271406,-6.49999999999999,2.20935601569181e-14
7.56,0.4907559,-0.2421415,-0.143052309315152,1.85694069807643e-13,-2.05284227077754,0.528349902246926,0.257678637408622,-0.308528152913344,-2.06012117955401,-0.166480442954597,-6.5,1.39528600942189e-10
7.57,0.4875942,-0.2471095,-0.14630724267864,-7.16766441649689e-10,-2.09535233914401,0.6684788555709,0.236725114017182,-0.301843364357635,-2.01581976024682,-0.106551279354973,-6.5,1.2076282920359e-06
7.58,0.4833266,-0.2493278,-0.149315332095414,4.22197210258692e-05,-2.1287596089226,0.815770763017291,0.215437517927956,-0.293685656727462,-1.97125308543645,-0.0401060545567552,-6.5,0.00517798242477533
7.59,0.4808331,-0.2472562,-0.151881694477292,-0.149441483098675,-2.12901338484026,0.981649124521716,0.194147384079553,-0.283869165482245,-1.92940288922153,0.0394401473171363,-6.5,4.85427167339298
7.6,0.4788248,-0.2410403,-0.154140045654447,-0.868735600305583,-2.10992234492313,1.16207187154684,0.173048160630322,-0.272248446766777,-1.88844247997179,0.131673005913586,-6.5,6.49906446737882
7.61,0.4785546,-0.2304267,-0.156057926409754,-1.52180314056963,-2.06257937768808,1.35662678788933,0.152422366853441,-0.258682178887884,-1.84925997865775,0.23758032084121,-6.5,6.49999936592878
7.62,0.4795101,-0.2154147,-0.157693943460571,-2.26214937740705,-1.99410443806773,1.56268064452393,0.132481322472763,-0.243055372442644,-1.81105882844697,0.356357280485074,-6.49999999999999,6.49999999927578
7.63,0.4813301,-0.1959027,-0.159079431776517,-3.04243893078989,-1.90987579569745,1.77859749373444,0.113382564515789,-0.2252693975053,-1.77331872291971,0.486607340303031,-6.49999999999995,6.49999999999863
7.64,0.4834104,-0.1719121,-0.160236036134264,-3.8043166348466,-1.81700188823716,2.00175742398651,0.0952125456334174,-0.205251823265435,-1.73544926048525,0.625153826873893,-6.49999999999935,6.5
7.65,0.4846712,-0.144094,-0.161174801732857,-4.50391643771436,-1.72610519079657,2.22435024684237,0.0779514937254517,-0.183008320797011,-1.69670399777642,0.765678685729873,-6.49999999999134,6.5
7.66,0.4841774,-0.1128715,-0.161883096601575,-5.10556180646642,-1.64565081882095,2.44117086722547,0.0614949855372423,-0.158596612124756,-1.65666980659284,0.903482541885571,-6.49999999990431,6.5
7.67,0.4814946,-0.07853073,-0.16233337908434,-5.59095559244879,-1.57903035844,2.64866552145765,0.0457046819528423,-0.13210995691018,-1.61541491080245,1.03548784730176,-6.49999999923388,6.5
7.68,0.476186,-0.04141282,-0.162499518879606,-5.95887550812573,-1.52926420851804,2.84317766348387,0.0304120398676619,-0.103678180275341,-1.57319349497962,1.15978112372112,-6.49999999615856,6.5
7.69,0.4670675,-0.002871278,-0.162363216180451,-6.21656034333535,-1.50535863783254,3.01284242830128,0.0153584534893365,-0.0735497559923282,-1.53037025224759,1.27432433031458,-6.49999999149285,6.5
7.7,0.4547613,0.0376175,-0.161921566324743,-6.38376690463471,-1.49995847958023,3.16295298606534,0.000358868693534213,-0.0419202261316748,-1.48764511526258,1.3813524793936,-6.49999998979176,6.5
7.71,0.4388335,0.07907005,-0.161190549691313,-6.47397125450928,-1.51520178673629,3.28567151492831,-0.0147931491738287,-0.00906351098239175,-1.44564006124189,1.48125190758358,-6.49999999385736,6.5
7.72,0.4191862,0.1207727,-0.160201464561034,-6.499929122074,-1.55002466705981,3.37632028605667,-0.0302933958444267,0.0246996918781749,-1.40488778847335,1.57546746525251,-6.49999999804189,6.5
7.73,0.3960741,0.1623604,-0.158990093624138,-6.4707699145785,-1.60030635374066,3.43381487525118,-0.0462964593818334,0.0590378406306867,-1.36563537712381,1.66569164749137,-6.49999999960765,6.5
7.74,0.3696527,0.2024973,-0.157592056813298,-6.39150552336136,-1.6630061036737,3.44914954794715,-0.0629265204185703,0.0935293361101582,-1.32798481559506,1.7538068850311,-6.49999999994342,6.5
7.75,0.340829,0.2417463,-0.156016565030727,-6.26409025043241,-1.72884844652241,3.43053782370773,-0.0802150048837944,0.127834714347235,-1.29143234568372,1.84110451428916,-6.49999999999203,6.5
7.76,0.3099321,0.2787853,-0.154274866957743,-6.08602637524884,-1.79425033747761,3.36971152318654,-0.0981575082585705,0.161531829579101,-1.25575289546002,1.92969807522454,-6.49999999999878,6.5
7.77,0.27771,0.3130839,-0.152352671337794,-5.85126806592717,-1.85236657035568,3.26614575242352,-0.116681173962127,0.194193287103336,-1.22036335592368,2.02146136905381,-6.49999999999976,6.5
7.78,0.2449317,0.3447483,-0.150221606666467,-5.55305629047137,-1.89681021316783,3.12508847091318,-0.135649276093806,0.225444171812468,-1.18464861860118,2.11742428756887,-6.49999999999993,6.5
7.79,0.2123492,0.3736871,-0.147842348702019,-5.18323760413662,-1.92198335476574,2.94993691123181,-0.154869109641463,0.254943540924786,-1.14800476559165,2.2185789064153,-6.49999999999996,6.5
7.8,0.1805997,0.3999949,-0.145172221209155,-4.73553565012697,-1.92388381132277,2.74563124365472,-0.174107947754691,0.282399853361333,-1.10992535340351,2.32527203124078,-6.49999999999997,6.5
7.81,0.1499251,0.4237614,-0.142191660214818,-4.20762492034743,-1.90238375038838,2.51686665135374,-0.193131785258574,0.307568519874871,-1.07029312729451,2.43738255974892,-6.49999999999994,6.5
7.82,0.1204886,0.444962,-0.138888501015821,-3.60156668892354,-1.85820990552557,2.26714561039508,-0.21171388431383,0.330239975978821,-1.02905174004474,2.55456897549996,-6.49999999999983,6.5
7.83,0.09245831,0.4640805,-0.135253132370463,-2.92952544019847,-1.79214902381132,2.00415236617675,-0.229635374551943,0.350281499640589,-0.986111342347609,2.67449469000518,-6.49999999999907,6.5
7.84,0.06528956,0.480705,-0.131368322986472,-2.18898275495453,-1.71114900893294,1.72740031996433,-0.246746864641273,0.367555502840232,-0.942321257138145,2.79701817035031,-6.49999999999158,6.4999999999971
7.85,0.04008332,0.496221,-0.127115251260429,-1.44844169980068,-1.60766760074835,1.4518299722203,-0.262823540648756,0.382073802562435,-0.896196107747338,2.91591814654073,-6.49999999983528,6.49999999022596
7.86,0.01525958,0.5093606,-0.12269553928314,-0.704192597848957,-1.49778992371794,1.16854070221859,-0.277801439885936,0.393759209584621,-0.850296750510347,3.03395381915453,-6.49999999528862,6.49981676857835
7.87,-0.009531648,0.5200548,-0.11810731143339,0.0036507766325367,-1.38580891514422,0.879641202408045,-0.291659529037378,0.402555621608702,-0.805344737022721,-3.13328937433313,-6.49999981920956,1.03992673854073
7.88,-0.03319248,0.5294171,-0.113057727195083,-6.97607243974116e-10,-1.26334402747363,0.597159950357067,-0.304292969312114,0.408527221112272,-0.759550472848593,-3.0243556968999,-6.49998667905956,6.10543100017375e-07
7.89,-0.05729776,0.5361758,-0.107751909217387,1.96948403582976e-16,-1.14555322258034,0.311774534756374,-0.315748501537918,0.411644966459836,-0.715983258417614,-2.918686314663,-6.4988330554395,2.8950372564167e-14
7.9,-0.08162131,0.5407436,-0.100119807814573,4.0534436052382e-21,-1.03094166270057,0.0293025691878483,-0.326057918164923,0.411937992151714,-0.674322019153525,-2.81821710647862,-6.37192243952019,4.06728982494733e-19
7.91,-0.1062039,0.5432669,-0.0252260489061535,6.52610375064448e-18,-0.92039069660035,-0.247218295845151,-0.335261825130927,0.409465809193263,-0.634747989505108,-2.6913113277828,-1.70618665675498,6.28526629758315e-16
7.92,-0.1310401,0.5441176,-0.000185566263326843,4.55653442718511e-11,-0.814284303623459,-0.513128495055859,-0.343404668167161,0.404334524242704,-0.597321765225268,-2.6006851838215,-0.0134304953382025,3.69998127258254e-09
7.93,-0.1559823,0.5438494,-7.86939454475576e-07,4.91523171836635e-05,-0.711731190528212,-0.762696288274903,-0.350521980072443,0.396707561359955,-0.561773226759894,-2.51792878781832,-6.11705736192626e-05,0.0033885205978991
7.94,-0.1813707,0.5425471,-3.24960946515729e-09,0.101710297469938,-0.616042705620615,-0.994778093541683,-0.35668240712865,0.386759780424539,-0.528903174229669,-2.44203315049173,-2.7061334553106e-07,6.25910311224522
7.95,-0.2061617,0.5414945,-8.07551056571919e-12,0.113911695904941,-0.518424688562057,-1.19825767698271,-0.36186665401427,0.374777203654711,-0.496319092650784,-2.37457273651304,-7.1875860096531e-10,6.49992551337551
7.96,-0.2305526,0.5403572,-1.50806049985285e-14,0.120496378932431,-0.421404083446951,-1.37692869309183,-0.36608069484874,0.361007916723793,-0.464591858407105,-2.31321464651871,-1.42143437839979e-12,6.49999986019021
7.97,-0.2540879,0.5390836,-2.09212180653043e-17,0.12604913219604,-0.321738490069983,-1.53203457903618,-0.36929807974944,0.345687570933431,-0.432704190603485,-2.25667541193124,-2.05836058681224e-15,6.49999999897597
7.98,-0.2758621,0.5383132,-2.41455145319329e-20,0.130839239040869,-0.212650253135976,-1.65900552207547,-0.371424582280799,0.329097515712677,-0.39854684324242,-2.20510286084658,-2.42464638328225e-18,6.4999999999748
7.99,-0.2954485,0.53782,-1.00966499518067e-22,0.135107615164086,-0.0920888429967803,-1.76122233653285,-0.372345470710767,0.311485292347348,-0.36123308936017,-2.15715651557497,-1.01115398468903e-20,6.49999999999846
8,-0.312781,0.5371038,-2.83370673043219e-23,0.13898463579517,0.0386697005511039,-1.84428967959714,-0.371958773705256,0.293042395551377,-0.320773024334694,-2.11137370603601,-2.84690032785392e-21,6.49999999999982
8.01,-0.3273775,0.5363282,-3.53992314184302e-21,0.142483229052112,0.181916136959579,-1.9078274540752,-0.37013961233566,0.273964121010625,-0.275989180429646,-2.06753475843586,-3.80467709115285e-19,6.49999999999996
8.02,-0.3390612,0.5355575,-3.37287781122289e-17,0.145631658756426,0.337056146853875,-1.95247620263339,-0.366769050867121,0.254439358984291,-0.226467759325096,-2.02530842110513,-4.78340295480713e-15,6.49999999999999
8.03,-0.3476135,0.534936,-5.11962901936401e-13,0.148449459472456,0.503810038982969,-1.97827883815203,-0.361730950477292,0.234656570602771,-0.171581871207692,-1.98451099871909,-2.75568493459659e-10,6.49999999999999
8.04,-0.3529363,0.5346149,1.05040671911108e-08,0.150956112370913,0.680810268991543,-1.98535145787204,-0.354922847787376,0.21480305602405,-0.1109721627412,-1.94498650730966,-1.18715587419592e-05,6.49999999999999
8.05,-0.3548509,0.5346835,-0.00165375919780878,0.153174401177737,0.867409959201154,-1.97446713361835,-0.346248748195365,0.195058384687867,-0.0439484769326336,-1.90652805501028,-0.206717652877329,6.49999999999999
8.06,-0.3532327,0.5350377,0.140623974747883,0.15513335308039,1.06248845554222,-1.94810755220178,-0.335623863639943,0.175577309165849,0.030071480434103,-1.86876280144619,-6.47102087738842,6.49999999999998
8.07,-0.3476423,0.5355662,0.740427866194488,0.156852930688732,1.26763024448073,-1.90871852854047,-0.322947561195135,0.156490123880444,0.112753988726984,-1.83137425086182,-6.49999043884401,6.49999999999995
8.08,-0.3377304,0.5357651,1.32455725089091,0.158357450706994,1.48344365895971,-1.86197084421936,-0.308113124605538,0.137870415438251,0.205404937853005,-1.79376633477022,-6.49999999382272,6.49999999999982
8.09,-0.3234806,0.5350594,1.96018487619461,0.159655293851149,1.70757141597753,-1.81371162649477,-0.291037410445763,0.119733299173303,0.307917398799198,-1.7554239329488,-6.49999999999236,6.49999999999931
8.1,-0.3046799,0.5329067,2.65363442267166,0.160737958473431,1.93946506550539,-1.76902414552586,-0.271642759790709,0.102043057718044,0.420429820296997,-1.71601493746239,-6.49999999999998,6.49999999999754
8.11,-0.2809468,0.5290436,3.36039783315081,0.161582561937385,2.17999567554301,-1.73016013343688,-0.249842803035279,0.0847414563836756,0.542900740912532,-1.67553487793115,-6.5,6.49999999999237
8.12,-0.2523873,0.5234092,4.04948701425019,0.162163868682217,2.42574897335231,-1.69741258510178,-0.225585313301756,0.0677673305326578,0.672653268470977,-1.63417493352974,-6.5,6.49999999997976
8.13,-0.2193175,0.5159516,4.68835351741089,0.162461745377002,2.67177123009754,-1.67092867426374,-0.19886760100078,0.0510580437900204,0.805792485623125,-1.59217422976846,-6.5,6.49999999995483
8.14,-0.182327,0.5065455,5.24107828965925,0.162463078873508,2.91119937315521,-1.651419525131,-0.169755607269228,0.0345438485387104,0.937893165239411,-1.54979434316936,-6.5,6.49999999991772
8.15,-0.1423247,0.494966,5.6864353811981,0.162163066345662,3.13508514775432,-1.6403271862974,-0.138404755791685,0.0181405766757364,1.06501907606109,-1.50734209803266,-6.5,6.49999999988384
8.16,-0.1002862,0.4809012,6.02243704414126,0.1615674306596,3.33478203492394,-1.6396481278794,-0.105056935442446,0.00174409539694244,1.1849945240274,-1.46519674750271,-6.5,6.49999999988105
8.17,-0.0571075,0.4642686,6.25878839662786,0.160693077941472,3.50323223863439,-1.6491810014222,-0.0700246130561017,-0.0147477146172796,1.29744881317353,-1.42373632345694,-6.5,6.49999999991116
8.18,-0.01339994,0.4449915,6.40913058077875,0.15956636509997,3.63662282079773,-1.66861861927574,-0.0336583848481243,-0.0314339008100369,1.40334727408929,-1.38329547266015,-6.5,6.49999999995089
8.19,0.03006582,0.4231133,6.48549807352084,0.158218143417245,3.73036372625725,-1.69658180575012,0.00364525241444811,-0.0483997188675381,1.50396801356085,-1.34408887521036,-6.5,6.49999999997885
8.2,0.07229882,0.3987864,6.49705451615482,0.156677785668794,3.77866929486731,-1.73082345808519,0.0414319453631212,-0.06570795344839,1.60090985048478,-1.30617790417355,-6.5,6.49999999999233
8.21,0.1128481,0.3723684,6.4490612188731,0.154964196509384,3.78116653575597,-1.76749507237394,0.0792436107206809,-0.0833829041721294,1.69610326661661,-1.26939230510499,-6.5,6.49999999999736
8.22,0.1510429,0.344318,6.34246751596221,0.153083253410959,3.73598042807771,-1.80219925844245,0.116603415001458,-0.101404896756554,1.79146048165601,-1.23340450279199,-6.5,6.49999999999903
8.23,0.1867937,0.3152775,6.17462179916526,0.151021064889377,3.64668357572006,-1.82936750036425,0.153070250758659,-0.119698571760196,1.88861810675301,-1.19768028221236,-6.5,6.49999999999955
8.24,0.2197254,0.2857305,5.93949845126554,0.148760763708124,3.51444143135397,-1.84530432795448,0.188214665072198,-0.138151615039741,1.98921178198155,-1.16180443391176,-6.5,6.49999999999972
8.25,0.2497506,0.2562692,5.62906352407863,0.146269555588803,3.34308086209911,-1.84578891372228,0.221645473693189,-0.156609504176964,2.09450014145457,-1.12523907781832,-6.5,6.49999999999973
8.26,0.2769324,0.2273059,5.235207949855,0.143519381635887,3.13767040393885,-1.82859781262098,0.253022177732578,-0.174895482303174,2.20522339009076,-1.08762360130611,-6.5,6.49999999999959
8.27,0.301413,0.1991833,4.7523616055012,0.140483190235863,2.90377110400657,-1.79241473729397,0.282059888772644,-0.192819629676114,2.32148916950417,-1.04865721618932,-6.5,6.49999999999896
8.28,0.32342,0.1720826,4.18187375565302,0.13714798610287,2.64740750860884,-1.73754220843141,0.308533963858732,-0.210195051760428,2.44257542927268,-1.00821651141423,-6.5,6.49999999999545
8.29,0.3432882,0.1461074,3.53571338568483,0.133512638536583,2.37517078766859,-1.66505456965697,0.332285671735418,-0.226845597456997,2.5667456992531,-0.96626362304991,-6.5,6.49999999996518
8.3,0.3612945,0.1212186,2.82846993162282,0.129601949827824,2.09271455740997,-1.57727056124621,0.353212817309518,-0.242618303069459,2.69175078560864,-0.922956823547369,-6.5,6.499999999539
8.31,0.3777562,0.09721722,2.07767937892571,0.125457809720132,1.80563259064017,-1.47778270856968,0.371269143215919,-0.257396130155156,2.81487657926064,-0.878715548120903,-6.49999999999966,6.49999998981656
8.32,0.3927942,0.0739224,1.33742855525846,0.121063101963808,1.51740848257658,-1.36980920763311,0.386443228041685,-0.271094222231487,2.93407068373468,-0.833962959333768,-6.49999999881015,6.4999996345941
8.33,0.4065567,0.05114135,0.604244806738713,0.116374310453614,1.23147071513912,-1.25645822492296,0.398757935193076,-0.283658804480717,3.0475668430931,-0.789178175102627,-6.49998381473012,6.49997930938577
8.34,0.4191096,0.02861925,-0.0271478133305681,0.111320969886244,0.950239495052365,-1.14113982399899,0.4082603301436,-0.295070202720707,-3.1287982144949,-0.744991692164021,-5.48133620371807,6.49824952013216
8.35,0.4302008,0.005960913,5.25387290752271e-08,0.102896787517098,0.673195862388461,-1.02818040134961,0.414992288767485,-0.305352006734203,-3.02813909855399,-0.702347293394711,-5.21257635840063e-05,6.30995618947865
8.36,0.4402098,-0.01658368,-6.82163795789931e-14,0.0168467692868453,0.405200181760627,-0.916048359853843,0.419044290585091,-0.314512490332741,-2.93479413949968,-0.660852972590355,-1.23887692715019e-11,1.09327835109954
8.37,0.4491613,-0.03901537,-1.77591710150242e-19,7.74598970125437e-05,0.147621515114821,-0.805464547097142,0.420520505736239,-0.322567135803713,-2.84837365517378,-0.620636769796146,-1.83659317223581e-17,0.00536873611321549
8.38,0.4562523,-0.06239092,-4.16605630410227e-20,3.3453267913866e-07,-0.105394310246069,-0.706037218910538,0.419466562633778,-0.329627507992818,-2.70841187870892,-0.584221281854277,-4.09680946247861e-18,2.48418418953743e-05
8.39,0.4624972,-0.08558093,-3.03481621202903e-15,9.84356613535834e-10,-0.343792532615673,-0.607930925414578,0.416028637307622,-0.335706817246964,-2.63245935119732,-0.548954531796468,-2.63283728524823e-13,7.85911933463604e-08
8.4,0.4684334,-0.1082325,-1.19401927019384e-09,1.69065892967409e-12,-0.562529601890034,-0.508723567198217,0.410403341288721,-0.340794052918946,-2.56402565722259,-0.514067426356447,-8.98579291111536e-08,1.45199492234167e-10
8.41,0.4723431,-0.1324856,-0.000119293707597471,6.97893397405336e-15,-0.776296564188357,-0.42736028765561,0.402640375646838,-0.345067655795502,-2.49798109681674,-0.484999655368001,-0.00795149508190936,6.34749094538706e-13
8.42,0.4766647,-0.155397,-0.0930934403998433,1.36848159308446e-17,-0.963248275889363,-0.337921103537049,0.393007892887944,-0.348446866830873,-2.4393500461253,-0.454079587088724,-5.70953163151175,1.31089225143549e-15
8.43,0.480803,-0.1772112,-0.112627953191233,2.24223129313102e-20,-1.12936697356845,-0.243792503354612,0.38171422315226,-0.350884791864419,-2.38560614764685,-0.422158472116307,-6.49900767443367,2.2271630742108e-18
8.44,0.484636,-0.1974745,-0.118167551395587,6.24006543430139e-23,-1.27625709773303,-0.142185623154539,0.368951652174929,-0.352306648095964,-2.3356768278123,-0.38817623545263,-6.49999558879996,6.27096799748572e-21
8.45,0.4879332,-0.2156727,-0.12297199803786,1.80414230939424e-24,-1.40644163182222,-0.030091739308844,0.354887235856707,-0.352607565489053,-2.28849457691572,-0.35088952300248,-6.49999994546803,1.80419078883172e-22
8.46,0.4903092,-0.231421,-0.127347082211712,7.31503185215067e-24,-1.52366810459059,0.0940634750410538,0.339650554810801,-0.351666930738642,-2.24292785460494,-0.309376160312412,-6.49999999861372,7.40883190368327e-22
8.47,0.4917046,-0.2442648,-0.131430116778532,7.89664079433323e-21,-1.62868422447256,0.232223119798988,0.323363712566076,-0.349344699540652,-2.19858847651927,-0.262424645240728,-6.49999999993672,8.88864986980404e-19
8.48,0.4922842,-0.2537434,-0.135252758429056,1.94082461694699e-16,-1.72035766411269,0.386111562505967,0.306160135924949,-0.345483583915593,-2.15548561995912,-0.208684369059785,-6.49999999999506,3.42086861681591e-14
8.49,0.4921468,-0.2595703,-0.138808900198368,-1.14035060296745e-12,-1.79830721820061,0.555713448020718,0.288177063742943,-0.339926449435386,-2.11350601561706,-0.147215649226493,-6.49999999999938,3.20969971433494e-09
8.5,0.4917224,-0.2613502,-0.142060521103162,7.43482321010452e-07,-1.85946808381438,0.741816126351011,0.269582382904799,-0.332508288171875,-2.0729856070379,-0.0765964194617197,-6.49999999999987,0.000206785454849123
8.51,0.4914213,-0.258701,-0.144991723348814,-0.00775859439411188,-1.9013249294522,0.944908706645478,0.250569133610277,-0.323059201105421,-2.03414557482644,0.00464295858230751,-6.49999999999995,3.13693910674253
8.52,0.4915482,-0.251333,-0.147609514656211,-0.630973954481242,-1.92261367612166,1.16452494953983,0.23134299684906,-0.311413951610022,-1.99702414424306,0.097604840189192,-6.49999999999997,6.49943047853908
8.53,0.4918575,-0.2390733,-0.149966401760161,-1.30806463845609,-1.92700423691609,1.39912651470841,0.212072954479899,-0.297422686462938,-1.96102103312008,0.202688140045233,-6.49999999999997,6.49999989030379
8.54,0.4919141,-0.2217567,-0.152111515940537,-2.03366141216155,-1.9195900560855,1.64712685278387,0.192877053919044,-0.280951417935099,-1.92543618090729,0.319669033844006,-6.49999999999997,6.49999999995374
8.55,0.4908437,-0.1995269,-0.154098141302025,-2.80764470278261,-1.90884746595445,1.90435372707557,0.1737885792595,-0.261907880664344,-1.88924734884211,0.446309339712683,-6.49999999999995,6.49999999999996
8.56,0.487965,-0.1724679,-0.155940056532046,-3.56216691079578,-1.9009173286812,2.16742596278902,0.154779405972688,-0.240233621036454,-1.85181839428717,0.579726509136258,-6.49999999999994,6.5
8.57,0.4828827,-0.1410037,-0.15761902844164,-4.26265943972194,-1.89896774925931,2.43031990430456,0.135789728480095,-0.215930421993408,-1.81293560048932,0.715382921002809,-6.49999999999993,6.5
8.58,0.4755004,-0.1054274,-0.159098991777563,-4.88064288941253,-1.90330997633801,2.68863076724809,0.116756628716715,-0.189044114320927,-1.77273650967971,0.849465963056507,-6.49999999999994,6.5
8.59,0.4652996,-0.06670978,-0.160352571934558,-5.38920500739513,-1.91776910665426,2.93261252416123,0.0975789376501721,-0.159717989079315,-1.73114515465264,0.977469970224561,-6.49999999999996,6.5
8.6,0.4523326,-0.02576189,-0.161340505996023,-5.78469342344974,-1.94091781621663,3.15395206195833,0.0781697594880058,-0.128178468459732,-1.68855902526498,1.09715767551258,-6.49999999999998,6.5
8.61,0.437084,0.01764171,-0.162032732923244,-6.08082268449655,-1.96771466669899,3.35483829477501,0.0584926128210159,-0.0946300855119815,-1.64552714940686,1.20962145370592,-6.49999999999999,6.5
8.62,0.4190651,0.06183846,-0.162417635981437,-6.2866397492666,-2.00178498683067,3.52141289532943,0.0384747629527092,-0.0594159565586872,-1.60216538467965,1.31380620042992,-6.49999999999999,6.5
8.63,0.3984183,0.1061921,-0.162487994332544,-6.41752687644644,-2.04102863360202,3.64993847905686,0.018064476616689,-0.0229165717681186,-1.55882035905146,1.41128808377518,-6.5,6.5
8.64,0.3752463,0.149985,-0.162246498213691,-6.48541582597834,-2.08382502968486,3.7365793006331,-0.0027737736801596,0.0144492212382123,-1.51575859090391,1.5037787026816,-6.5,6.5
8.65,0.349757,0.192121,-0.161702871842518,-6.49838923353425,-2.12776689982312,3.77491428556435,-0.0240514426783908,0.0521983640938559,-1.47317267972819,1.59306488546023,-6.5,6.5
8.66,0.3224538,0.2323852,-0.16086952472496,-6.46042621983821,-2.16813599383471,3.76688757071642,-0.0457328026167379,0.0898672398010201,-1.43111439820866,1.68122737933146,-6.5,6.5
8.67,0.2936902,0.2698433,-0.159758111421483,-6.37109994770122,-2.20191072455329,3.70851600473272,-0.0677519098622708,0.126952399848347,-1.38954667281279,1.77032853317563,-6.5,6.5
8.68,0.2641803,0.3042225,-0.158372063969943,-6.22568135386702,-2.22331170339805,3.60212805610776,-0.0899850268962513,0.162973680409425,-1.34822193008448,1.86242467775177,-6.5,6.5
8.69,0.2340518,0.3354353,-0.156716248481724,-6.01560476038835,-2.23211763114583,3.45177441735618,-0.11230620320771,0.197491424582987,-1.30706009302563,1.95938269901485,-6.5,6.5
8.7,0.2041904,0.363384,-0.15477289177958,-5.72871461156382,-2.22178241163361,3.26139767247079,-0.134524027324046,0.230105401307695,-1.2655490833623,2.0629816316509,-6.5,6.5
8.71,0.1750642,0.3884351,-0.152521620493001,-5.35259650766805,-2.1899995185593,3.03883588724777,-0.156424022509639,0.260493760180172,-1.22333869852298,2.17411553194868,-6.5,6.5
8.72,0.1464129,0.4106135,-0.149967598955603,-4.87419288787544,-2.14099429706905,2.78860385177221,-0.177833965480329,0.288379798697894,-1.18059065660319,2.29362611105205,-6.5,6.5
8.73,0.1182159,0.43012,-0.147113727376547,-4.28648302537558,-2.0767247123634,2.51652768033494,-0.198601212603963,0.313545075501244,-1.137330292412,2.42134066305156,-6.5,6.5
8.74,0.09143192,0.447858,-0.143898046745855,-3.60431491586386,-1.99078352370517,2.23405725899058,-0.218509047841015,0.335885648091149,-1.09265785849468,2.55405864924805,-6.49999999999999,6.5
8.75,0.06516252,0.463721,-0.14039234780073,-2.83816236786779,-1.89322200338108,1.94318747882942,-0.237441267874826,0.355317522879444,-1.04752587598818,2.69010395713943,-6.49999999999994,6.49999999999999
8.76,0.03955647,0.4781036,-0.136605580935151,-2.01014657856037,-1.78443808850361,1.65005481680091,-0.255285648759862,0.371818071047453,-1.00183121843524,2.82568576636696,-6.49999999999896,6.49999999997487
8.77,0.01469403,0.4913366,-0.132558960276404,-1.19860997663052,-1.66545890602116,1.35975217521094,-0.271940237820073,0.385415592799562,-0.955551103857669,2.95701656097899,-6.49999999997178,6.49999980005966
8.78,-0.009625524,0.5034901,-0.128318075110528,-0.343740240383411,-1.53968210582441,1.07471134181824,-0.287337058878318,0.396162706217745,-0.909064418630971,3.08172141221638,-6.49999999882602,6.49268023344893
8.79,-0.03362027,0.5143719,-0.123925212206773,0.000140206990781275,-1.4104139254113,0.794896820183816,-0.30144119813243,0.404111674419583,-0.862831822121642,-3.08403350656713,-6.49999992745136,0.0210361855528345
8.8,-0.05735496,0.5238392,-0.119338584029506,1.05429117453688e-11,-1.27940485628637,0.520659186867732,-0.314235246695294,0.40931826628826,-0.817111941945518,-2.97406093088141,-6.49999329277072,7.33344579031333e-09
8.81,-0.0808384,0.5317889,-0.114467912712187,9.50164242276678e-18,-1.14779500283422,0.252614183726784,-0.325713196723636,0.411844408125528,-0.772079627402593,-2.87138227926037,-6.49904777040817,1.03948475029821e-15
8.82,-0.1041133,0.5380663,-0.105845029082676,3.54073952787663e-21,-1.01691973222702,-0.00915204549936988,-0.335882394045907,0.411752887670534,-0.7279728712787,-2.77534642638045,-6.29559408990236,3.54902202921417e-19
8.83,-0.1272215,0.5423897,-0.00838921363773075,1.75527755738002e-17,-0.887990720540664,-0.26568124424238,-0.344762301251313,0.409096075228111,-0.685028324278688,-2.6862625168012,-0.52612469982964,1.67833692424131e-15
8.84,-0.1501784,0.544784,-1.54127774634193e-05,5.04052521653082e-11,-0.761876493358614,-0.51536427042997,-0.352381066184899,0.403942432523811,-0.64342181712472,-2.60777887914687,-0.00102765017283324,4.15449824119696e-09
8.85,-0.1733012,0.5454627,-1.92567462253659e-08,3.21062969546564e-05,-0.64191459626835,-0.755176571930583,-0.358800212147583,0.396390666804505,-0.603970623132695,-2.53354024193161,-1.37615877348541e-06,0.0022769347013534
8.86,-0.1963502,0.5449767,-1.72244660298351e-11,0.0953866865325093,-0.526391922757355,-0.979556990339532,-0.364064131375156,0.38659509690111,-0.566238248747994,-2.464205807014,-1.32659291712621e-09,6.0447885176769
8.87,-0.2190971,0.5438603,-1.16122003349065e-14,0.110934477647256,-0.413807418014954,-1.18366668021935,-0.368202205555306,0.374758430098916,-0.529783285635017,-2.40006312076735,-9.65231364862511e-13,6.49986991083109
8.88,-0.241693,0.5425149,-9.42839087832036e-18,0.117610304302051,-0.305984855603107,-1.36434493340569,-0.371262054111337,0.361114980764859,-0.495061336345298,-2.34093257865942,-8.4123507021439e-16,6.49999978544138
8.89,-0.2633489,0.5414037,-1.23794655770397e-20,0.123149839314944,-0.196585627848627,-1.51834186139686,-0.373227910389823,0.345931562150891,-0.46016613331886,-2.28668732181572,-1.17505178135814e-18,6.49999999843331
8.9,-0.28379,0.5406158,-1.00172882834619e-22,0.127944290599261,-0.0841871871306168,-1.64604324751894,-0.374069782261129,0.329471129675701,-0.424498900644183,-2.23654284112753,-9.93127740335394e-21,6.49999999996333
8.91,-0.3027346,0.5398715,-3.32305636862913e-23,0.132268580132939,0.0325487568051983,-1.75111602595784,-0.373744294693078,0.311959969416123,-0.387419120453336,-2.18928237131208,-3.33946981861393e-21,6.49999999999797
8.92,-0.3198772,0.5390655,-1.22518853051916e-21,0.136226805599839,0.155014132932038,-1.83559968559431,-0.372194153363757,0.29360397256018,-0.348185405334512,-2.14419228611395,-1.22493573757934e-19,6.49999999999978
8.93,-0.3345669,0.5381817,-2.06750899456447e-18,0.139847625273968,0.287367474241421,-1.90075462089031,-0.369320478621343,0.274596426351277,-0.305002010828666,-2.10081293126598,-2.10334092123925e-16,6.49999999999996
8.94,-0.3468126,0.5371174,-1.7905722234202e-14,0.143164800455909,0.427743993315488,-1.94860610151422,-0.365043038688188,0.255110365336134,-0.257938219364712,-2.05864515616482,-2.0544371413885e-12,6.49999999999999
8.95,-0.3563558,0.5358829,-1.43149502131698e-10,0.146194571607269,0.576642144340994,-1.98017513643958,-0.359276617244778,0.235308613971739,-0.206164520934402,-2.01741406949021,-2.62700411523628e-08,6.49999999999999
8.96,-0.363059,0.5346894,4.64121531048797e-08,0.148935222104135,0.733429577905,-1.99481446470102,-0.351942321465728,0.215360469324728,-0.149139071782558,-1.97712034838022,-0.000214179767022235,6.49999999999999
8.97,-0.3667174,0.5331076,-0.001578531504566,0.151432267994345,0.898036245529028,-1.99747785419326,-0.342961959010438,0.195385690782796,-0.0859987578655316,-1.93704555805163,-0.793024032696641,6.49999999999999
8.98,-0.3672062,0.5316876,-0.037685544841474,0.153656929883961,1.06966010428729,-1.98448996940421,-0.332265357967565,0.175540791088754,-0.0160688578610998,-1.89760833164335,-6.47766325481213,6.49999999999999
8.99,-0.3640854,0.5302917,0.364138679421285,0.155628483352549,1.2501886723905,-1.95842869881687,-0.31976347124366,0.155956504100585,0.0625525421834725,-1.85847603695506,-6.49998111490962,6.49999999999999
9,-0.3568582,0.5287797,0.999342193473801,0.157357738326348,1.44176097076386,-1.92176939863754,-0.305345861536021,0.13673881011421,0.152022108171718,-1.81937356388006,-6.49999997534734,6.49999999999996
9.01,-0.3449892,0.5269378,1.62651493246177,0.158850231403032,1.6465792747133,-1.87747831240365,-0.288880068788888,0.117964026990173,0.254477726003083,-1.78002240325222,-6.49999999995485,6.49999999999988
9.02,-0.3281944,0.5242335,2.34945086432348,0.160109700752574,1.86442662799593,-1.83102590364153,-0.270235802508929,0.099653767953758,0.370477142726001,-1.73999294347406,-6.49999999999989,6.49999999999956
9.03,-0.3062119,0.5204849,3.11570445768826,0.161121490874452,2.09482128129006,-1.78446157160379,-0.249287589696028,0.0818091522377201,0.49939832882801,-1.69921523226192,-6.5,6.49999999999836
9.04,-0.2788265,0.5153533,3.87607747865287,0.161869431482656,2.33682915028731,-1.74099044704362,-0.225919298193155,0.0643992477672839,0.638891929183782,-1.65761630617648,-6.5,6.49999999999427
9.05,-0.2463547,0.508711,4.58604538666186,0.162334074578129,2.5850032466943,-1.70173522375979,-0.200069265726212,0.047381895529686,0.783345706850777,-1.61532167895914,-6.5,6.49999999998181
9.06,-0.2093888,0.5003763,5.19637146775081,0.162499755140979,2.83197032746605,-1.66814804072741,-0.171749562451552,0.0307004151224119,0.926366332886059,-1.57250662511324,-6.5,6.49999999995017
9.07,-0.1687616,0.4902496,5.67890329683283,0.162356764937635,3.06895245235092,-1.64081799123069,-0.141060037928043,0.014292235210105,1.06263266923955,-1.52942774636916,-6.5,6.49999999988543
9.08,-0.1257022,0.4778436,6.03160318140282,0.161904049178501,3.28462353348532,-1.62352264633779,-0.108213802593189,-0.00194299125327287,1.18876057581781,-1.48639466241733,-6.5,6.49999999980502
9.09,-0.08119542,0.4630001,6.27100253861605,0.161151735399862,3.47084159132777,-1.61685658770549,-0.0735053866799117,-0.0181115571303278,1.30450146955437,-1.4437960467986,-6.5,6.49999999976123
9.1,-0.03668571,0.4451639,6.41699788973263,0.160125049409393,3.6164698172169,-1.62464573569312,-0.0373406885077427,-0.0343580144872589,1.41077626573489,-1.40214526769864,-6.5,6.49999999981374
9.11,0.008631399,0.4252383,6.48829571039189,0.158844199204996,3.73066522830534,-1.6379381940078,-3.40362246892406e-05,-0.0507373964273369,1.51076131667454,-1.36139666580631,-6.5,6.49999999987764
9.12,0.05350866,0.4029391,6.49601527379928,0.157343568295036,3.80464778173213,-1.65855187166181,0.0380124415926321,-0.067322915143955,1.60582214481277,-1.32187457831692,-6.5,6.49999999993564
9.13,0.09642963,0.37813,6.44742741400637,0.155660896383237,3.8283896778937,-1.68684501693464,0.0762963383715691,-0.0841913653133014,1.69809961947439,-1.28380231273416,-6.5,6.49999999997295
9.14,0.1381665,0.3517207,6.34536387606963,0.153795746475001,3.81246805982647,-1.71423578181349,0.114421018969834,-0.101333723131436,1.78941436284498,-1.24659301387736,-6.5,6.49999999998821
9.15,0.1774592,0.3239633,6.18817142130475,0.151758571752517,3.74963295654325,-1.73843998414777,0.151917348535266,-0.118718122972914,1.88187560513604,-1.21008121797384,-6.5,6.49999999999432
9.16,0.2144984,0.295482,5.9718706999486,0.149533728409002,3.64587865225339,-1.75423963755546,0.1883761350578,-0.136260519348469,1.97677730060912,-1.17374553430076,-6.5,6.49999999999651
9.17,0.2489214,0.2666793,5.68946867064333,0.147108547803606,3.50230244260377,-1.75879622887845,0.223399159483838,-0.153848481637253,2.07560961774053,-1.13725522463121,-6.5,6.49999999999705
9.18,0.2806767,0.2380636,5.33324269258197,0.144456295244709,3.3228354487031,-1.74869654705478,0.256627513970869,-0.171335447107801,2.17933997448826,-1.10015914738413,-6.5,6.49999999999625
9.19,0.3097156,0.2099101,4.89573672395304,0.14156330881956,3.1113602939536,-1.72289151530448,0.287741116910405,-0.188564362260846,2.28860783486822,-1.0622537884479,-6.5,6.49999999999257
9.2,0.3361687,0.182443,4.37408970188594,0.138419747264734,2.87318598827593,-1.6809693172406,0.316472976793164,-0.205374055433252,2.4032585769223,-1.02338590556849,-6.5,6.49999999997634
9.21,0.3601091,0.1556761,3.77156144806077,0.135040316772076,2.61287805855144,-1.62444514393225,0.342601757378679,-0.221618506872574,2.52266644798771,-0.983662411488348,-6.5,6.49999999988048
9.22,0.381844,0.1296267,3.09982837956053,0.131446437711036,2.33676313889031,-1.55478356155118,0.365969388767582,-0.237166342488086,2.64497498363765,-0.943184615060385,-6.5,6.49999999904572
9.23,0.4017425,0.1046174,2.3714326217752,0.127621975602924,2.05127131464995,-1.47083742533283,0.386482101914081,-0.251874716741414,2.76754798447495,-0.901599277741562,-6.5,6.49999998679114
9.24,0.4198137,0.08010636,1.61735090528884,0.123638829168663,1.75930774456023,-1.3789694498372,0.404075179359684,-0.265664411239786,2.888589943597,-0.859895418668068,-6.49999999999903,6.49999972489338
9.25,0.4361693,0.05601786,0.893837326264134,0.119464628417927,1.46444895317462,-1.28112121362342,0.41871966889143,-0.27847562337602,3.00610587524068,-0.818329451324817,-6.49999999525748,6.49999144635291
9.26,0.4509663,0.03231791,0.10244724767691,0.115038152690877,1.170373096787,-1.17875945474126,0.4304233998593,-0.290263217923433,3.11830087380808,-0.777091681352104,-6.49989543537513,6.49959962805728
9.27,0.4641781,0.008891291,-0.00478576935043409,0.109863544308644,0.878890026230074,-1.07394679613387,0.439212300121601,-0.301002685884772,-3.05873291900285,-0.736525350961009,-1.90366124420768,6.47240265678642
9.28,0.4757258,-0.0142913,-5.78422049746886e-09,0.0730389700867895,0.591192116832069,-0.967862981631988,0.445124221289921,-0.310681315701092,-2.95876020110697,-0.696809124535316,-1.88523485014175e-06,4.51045860852646
9.29,0.4854284,-0.03743981,-3.50116532488904e-15,0.00154445096894611,0.307482554737284,-0.863125312429311,0.448199046837294,-0.319312568825385,-2.86450252791758,-0.65848275701879,-3.75146846594231e-13,0.100584498026935
9.3,0.493418,-0.06024411,-2.82263124768689e-19,6.3248968985444e-06,0.0305737667009112,-0.757723062002377,0.448504784504303,-0.326889799445408,-2.77620873408431,-0.620983181018078,-2.82880904543495e-17,0.00043810750137225
9.31,0.4996522,-0.08274323,-1.03342725894872e-16,1.57559406875285e-08,-0.238487653848047,-0.652773881837092,0.446119907965823,-0.333417538263779,-2.78436820437581,-0.584497970701715,-1.03428974304899e-14,1.16936545432515e-06
9.32,0.5038152,-0.1051134,-1.11735879565499e-10,2.73735986252208e-11,-0.501110377699511,-0.550459448522034,0.441108804188828,-0.338922132749,-2.70374059705189,-0.549515443006424,-1.09320396903522e-08,2.18294275634223e-09
9.33,0.506547,-0.127054,-5.94257196096086e-05,3.05278959573415e-14,-0.75053428634574,-0.448727295986231,0.43360346132537,-0.343409405708862,-2.62777270486127,-0.515397359591171,-0.00510627753130372,2.61467230584265e-12
9.34,0.5087084,-0.147663,-0.0841129590135686,1.5366122004656e-17,-0.978789729364408,-0.340609789944054,0.423815564031726,-0.346815503608302,-2.55778590013438,-0.480054635727643,-6.2512517288586,1.41033941219733e-15
9.35,0.5093412,-0.1682964,-0.0986325292695319,1.40890609102417e-20,-1.19414182295896,-0.238873023456811,0.411874145802136,-0.349204233842871,-2.49081499645753,-0.447012284859117,-6.49994508298892,1.36294017632004e-18
9.36,0.508865,-0.1884993,-0.107561475251761,4.54488339148951e-23,-1.39257476079305,-0.139845178636911,0.397948398194206,-0.35060268562924,-2.42724619414484,-0.415124624974315,-6.49999994115566,4.53605698947442e-21
9.37,0.5088962,-0.2061254,-0.114484158498658,1.3383634845766e-24,-1.56039290204305,-0.0258458530832044,0.382344469173776,-0.350861144160072,-2.3695177043831,-0.378794284023928,-6.49999999967027,1.34410795501728e-22
9.38,0.5086955,-0.221486,-0.120288487811292,6.8491258898001e-24,-1.70523239448864,0.0984199515638551,0.365292145228889,-0.349876944644433,-2.31525200542909,-0.33906295602827,-6.49999999999455,6.84721009155784e-22
9.39,0.5082961,-0.2339801,-0.125364561466754,9.40869153531438e-21,-1.82770425119391,0.236279449569643,0.34701510271695,-0.347514150148737,-2.26385144603658,-0.294328531704676,-6.49999999999979,9.71215970622492e-19
9.4,0.5072335,-0.2434167,-0.130026009840273,2.66229489762809e-16,-1.93274223528176,0.387211889299117,0.327687680364132,-0.343642031255746,-2.21401345270756,-0.244057612969326,-6.49999999999998,3.29011149688058e-14
9.41,0.50567,-0.2493616,-0.134368451944143,8.57479795623789e-12,-2.01967870579544,0.552698975978849,0.307490893306178,-0.338115041495957,-2.16562023093433,-0.18683946872134,-6.5,2.44861732020407e-09
9.42,0.5037186,-0.2515158,-0.138397198918293,-1.45805545680407e-07,-2.08844923880432,0.732843621937185,0.286606400918135,-0.330786605276585,-2.11847824182154,-0.121514445160503,-6.5,0.000119337025992234
9.43,0.5016611,-0.2497292,-0.142087882229862,0.0137955750579534,-2.13769579126201,0.926375714614394,0.265229443005515,-0.321522848130441,-2.07263418432966,-0.0472684006944536,-6.5,1.77347899788453
9.44,0.4999583,-0.2439005,-0.145414058617093,-0.181690518937301,-2.16480055865851,1.13161825433974,0.24358143741893,-0.310206665587044,-2.0283293338951,0.0366106881042801,-6.5,6.49780674260025
9.45,0.4991038,-0.2338928,-0.148365236581487,-0.863890414571215,-2.16724942278175,1.34724860497639,0.221908943191112,-0.29673417953728,-1.98578059997879,0.130919085608973,-6.5,6.49999932980365
9.46,0.4994226,-0.2197134,-0.150957175436225,-1.51022920369183,-2.14435018443749,1.57075974692409,0.200465441346737,-0.281026582068039,-1.94496894974802,0.23570607416846,-6.5,6.49999999953726
9.47,0.5010307,-0.2013434,-0.153221749540529,-2.22697292947084,-2.09742325432637,1.80002112416138,0.179491208803473,-0.263026370826425,-1.90566265320657,0.350687329085229,-6.5,6.49999999999934
9.48,0.5033044,-0.1791674,-0.155222624447232,-2.96656338517449,-2.03411790765611,2.02962257334836,0.159150029726912,-0.242730145092942,-1.86693333366444,0.473470573521407,-6.5,6.5
9.49,0.5058255,-0.1532626,-0.156988963311484,-3.68334591489257,-1.9598146897223,2.25720859011577,0.139551882829689,-0.220158059191784,-1.8281937514302,0.602284937695341,-6.49999999999999,6.5
9.5,0.5075467,-0.1241718,-0.158553205865833,-4.35026292679163,-1.88484344656394,2.47669834632141,0.12070344836405,-0.19539107572857,-1.78840843949273,0.733387974636707,-6.4999999999999,6.5
9.51,0.5073922,-0.09232777,-0.159915407169535,-4.94152179926954,-1.81890634192941,2.68350888376642,0.102514384944756,-0.168555986890906,-1.74675446572521,0.863746697444232,-6.49999999999939,6.5
9.52,0.5046262,-0.05822438,-0.161040149015869,-5.43735495673348,-1.76793526501318,2.87301967216839,0.0848350322946241,-0.139825790169222,-1.70295551435146,0.990844511794617,-6.4999999999974,6.5
9.53,0.4989868,-0.02182378,-0.161874068569022,-5.8342003295918,-1.73323414481726,3.04561469993468,0.0675026908464514,-0.109369643169875,-1.65729628139834,1.11413913581247,-6.49999999999286,6.5
9.54,0.4895437,0.01568181,-0.162371381118365,-6.12926744846589,-1.72153631004672,3.19137116553016,0.0502873277459842,-0.0774559315145734,-1.60999714508324,1.23134660197889,-6.49999999998982,6.5
9.55,0.476747,0.05464249,-0.162493511527845,-6.33329366482214,-1.72714860809319,3.31442745888623,0.0330158416650523,-0.0443116569257111,-1.56199217575028,1.34377107441432,-6.49999999999124,6.5
9.56,0.4604715,0.09461287,-0.162229884337995,-6.45383587069358,-1.74960278358591,3.41201247361084,0.0155198138291932,-0.0101915321896027,-1.51398321542658,1.45151388172419,-6.49999999999538,6.5
9.57,0.4400833,0.1342189,-0.161593640545636,-6.49917351681887,-1.7926501523429,3.47392495553272,-0.00240668769423576,0.0245477173657245,-1.46669268924067,1.55484530680343,-6.49999999999863,6.5
9.58,0.4168926,0.1742858,-0.16061143829729,-6.47682841795023,-1.84312151787326,3.50965871572982,-0.0208379028729684,0.0596443045230227,-1.42044409013555,1.65528020063412,-6.49999999999966,6.5
9.59,0.3901379,0.2125223,-0.159327683383728,-6.39107268405976,-1.90643945942401,3.50176911285125,-0.0399022974672085,0.0946619956515352,-1.37578997160179,1.75417260428466,-6.49999999999994,6.5
9.6,0.3608734,0.2494685,-0.157770661889036,-6.24321152073527,-1.97210831375954,3.45851175933615,-0.0596233806048039,0.129247113244897,-1.33247068296851,1.85288867552041,-6.49999999999999,6.5
9.61,0.3296809,0.2841515,-0.155960500019446,-6.03041304683588,-2.03450432128509,3.37492163671562,-0.0799684238176548,0.162996329612053,-1.29021638777077,1.95332305556479,-6.5,6.5
9.62,0.2973007,0.3164656,-0.153898849713006,-5.74774141214214,-2.08715751032065,3.25406917188013,-0.100839998920861,0.195537021330854,-1.24854341962514,2.05675104891181,-6.5,6.5
9.63,0.2644474,0.3462492,-0.151572445102548,-5.38877421846559,-2.12443589928681,3.09856268452554,-0.122084357913729,0.22652264817611,-1.20691503739265,2.16424113688642,-6.5,6.5
9.64,0.2320756,0.3735452,-0.148940090431487,-4.94851381653094,-2.13926411562617,2.91277039131718,-0.143476999069991,0.255650352089281,-1.16454697552218,2.27619054898449,-6.5,6.5
9.65,0.2005554,0.3984898,-0.145978825871848,-4.42658327924063,-2.13027017975096,2.70169881214566,-0.164779700867501,0.282667340210738,-1.12113912792599,2.39228420463066,-6.5,6.5
9.66,0.1705302,0.4216825,-0.142639576756482,-3.83604795037771,-2.09405807810534,2.47402907358372,-0.185720281648554,0.307407630946575,-1.07608592997079,2.51038024330051,-6.5,6.5
9.67,0.1414868,0.4422993,-0.13896849845743,-3.17546468638041,-2.03749357883092,2.2258070736815,-0.206095217436863,0.32966570168339,-1.03002289211331,2.63168252879459,-6.5,6.5
9.68,0.1136523,0.460945,-0.134960654416589,-2.46014127705316,-1.96075174799067,1.9656305211405,-0.22570273491677,0.349322006894795,-0.982747361722833,2.75309252099436,-6.49999999999999,6.49999999999999
9.69,0.08701085,0.4780737,-0.130645657106307,-1.72294650595551,-1.86619109033204,1.70018653873598,-0.24436464582009,0.366323872282155,-0.93436305015229,2.87162804405724,-6.49999999999988,6.49999999999376
9.7,0.06097865,0.4932779,-0.126133671418139,-1.01356285831905,-1.76089924753779,1.42835906721158,-0.261973638295468,0.380607462954271,-0.885807085156092,2.98729489382282,-6.49999999999806,6.49999997880316
9.71,0.03531853,0.5067194,-0.121427369879901,-0.224799349237486,-1.64851324963048,1.15398019866219,-0.278458770791773,0.392147264940893,-0.83757631621609,3.09844928445037,-6.49999999995504,6.49967157054881
9.72,0.009700539,0.5183181,-0.11650265680997,0.00567340486581567,-1.53319734926683,0.878538035432769,-0.293790744284441,0.40093264529522,-0.790356352078792,-3.07855447197967,-6.49999999861486,0.966319439690658
9.73,-0.01599477,0.5280451,-0.111292200724118,9.05366048622192e-10,-1.41700521748554,0.603834607582911,-0.307960796459297,0.40697099137105,-0.744498958466301,-2.97766129715292,-6.49999994463247,8.40927710479128e-07
9.74,-0.0420572,0.5357502,-0.105771608176572,6.92629431710455e-16,-1.30326294836556,0.330492980511053,-0.320993425942952,0.41027592117616,-0.700660038061808,-2.8817270813764,-6.49999735838737,7.87988906111563e-14
9.75,-0.0685077,0.5414135,-0.0998779599316557,5.35731430710757e-21,-1.19272498256979,0.0601753072603302,-0.33292067576865,0.410877674248763,-0.65897710029308,-2.79067342930555,-6.49985164191853,5.35747427932827e-19
9.76,-0.0952155,0.5451933,-0.093406105970212,6.42690555450099e-19,-1.08477680144522,-0.204111346638882,-0.343768443783102,0.408836560782375,-0.619264561663575,-2.7245004243263,-6.48985661285176,6.40666489894691e-17
9.77,-0.1222297,0.54715,-0.0772883673596512,1.7098884500543e-12,-0.980357220734881,-0.460478421078598,-0.353572015990451,0.404231776571589,-0.581677795125422,-2.63847593765838,-5.76854669195944,1.50153010768082e-10
9.78,-0.1494528,0.5474784,-0.00601665008601508,2.34408617371162e-06,-0.87906101752607,-0.706117768615307,-0.362362626165712,0.397170598885436,-0.546045962049598,-2.5579684909192,-0.483312585657715,0.000174275290348606
9.79,-0.1765627,0.5469477,-4.51503537835641e-05,0.0631587306071009,-0.778598376437628,-0.933683045493382,-0.370148609930088,0.387833768430502,-0.511713326080647,-2.48410625733236,-0.003896430141112,4.11949371542083
9.8,-0.2032666,0.5459899,-2.05315020092292e-07,0.108881588585223,-0.677115301343186,-1.13942017953762,-0.37691976294352,0.376439566635125,-0.478102640260802,-2.41673485427556,-1.89106808560187e-05,6.49928564231685
9.81,-0.2291802,0.5450904,-5.18843870094182e-10,0.116020461503394,-0.572149153911461,-1.31959427146756,-0.382641254482635,0.36324362392045,-0.444450241456187,-2.35566194687879,-5.03592196257056e-08,6.49999900488099
9.82,-0.2539788,0.5445723,-6.63864078380813e-13,0.121799498326129,-0.461977197109356,-1.47234007124037,-0.387261026453728,0.348520223208046,-0.410148586800554,-2.30030611678912,-6.64290681275644e-11,6.49999999338431
9.83,-0.2770465,0.544589,-3.94409759543828e-16,0.126695062421836,-0.342602271990813,-1.59757380370837,-0.390687049173636,0.332544485170962,-0.373922054443587,-2.24985654006746,-3.9583813398847e-14,6.49999999984888
9.84,-0.2980004,0.5453817,-2.02675509830018e-19,0.130957116091667,-0.212401643117296,-1.69467646858947,-0.392811065604809,0.315597720485068,-0.335054889023987,-2.20380604950069,-2.02702195156184e-17,6.49999999999026
9.85,-0.3171023,0.5460855,-8.74141132053066e-22,0.134860691924221,-0.0754207856140283,-1.77261900160592,-0.39356527346095,0.297871530469008,-0.294382963477283,-2.15999226499522,-9.02255360519769e-20,6.4999999999988
9.86,-0.333373,0.5472443,-6.82215526801232e-22,0.138369755410792,0.0750717733377471,-1.82785922141679,-0.392814555727572,0.279592938254841,-0.249567024383984,-2.11880854792588,-8.16161135661386e-20,6.49999999999971
9.87,-0.3471751,0.5482542,-2.63634271258996e-19,0.141596562266978,0.233798520324747,-1.86700677058814,-0.390476570524325,0.260922870548959,-0.201700118619694,-2.07891587703822,-5.23820443056799e-17,6.49999999999989
9.88,-0.3582228,0.5491256,1.87874817923436e-16,0.144558539365039,0.401344042389837,-1.89104263270971,-0.386463130100426,0.242012444221862,-0.150091252073826,-2.04004902457103,-1.29429464553749e-12,6.49999999999994
9.89,-0.3664602,0.5498232,-4.08328191452635e-11,0.147274960803371,0.576235355507656,-1.90135830691376,-0.38070077654535,0.222998861152724,-0.0946254030427328,-2.00191996846545,-5.96243480304895e-08,6.49999999999995
9.9,-0.3718572,0.550402,-1.09096315829066e-05,0.14975358312541,0.756849392332221,-1.89856674890595,-0.373132282622028,0.204013193663665,-0.0352125114996848,-1.96439183350071,-0.00133526241702656,6.49999999999994
9.91,-0.3743076,0.5508109,0.0821522490608253,0.152008461567135,0.942297772940584,-1.88421819162702,-0.363709304892622,0.185171011747395,0.0285026418606604,-1.92721993098498,-4.04629300982141,6.49999999999991
9.92,-0.3736702,0.5510115,0.626533384889992,0.154047978576504,1.13202745938327,-1.85970822401403,-0.352389030298789,0.166573929507254,0.0970179796107584,-1.89020832124513,-6.49869447096723,6.49999999999982
9.93,-0.3695154,0.5508565,1.12084838311621,0.155881575732349,1.32793352919411,-1.82730680484608,-0.339109695006848,0.148300861458794,0.17173802157485,-1.85307947940759,-6.49999907061668,6.49999999999955
9.94,-0.361283,0.5501288,1.62627093964344,0.157514096678889,1.53280756976449,-1.78973960878799,-0.323781619309203,0.130403465370914,0.254438461990448,-1.8155408081768,-6.49999999883969,6.49999999999869
9.95,-0.3487936,0.548575,2.19488140521886,0.158942958615797,1.7459190362878,-1.74984365047986,-0.306322428946325,0.112905028866115,0.34552293944367,-1.77733604077851,-6.49999999999759,6.49999999999585
9.96,-0.3316912,0.5458523,2.80374823397254,0.160159286963616,1.96802966595184,-1.71098831825957,-0.286642132286807,0.0957951456835194,0.445649277594815,-1.73822410289534,-6.49999999999999,6.49999999998692
9.97,-0.3096536,0.5417067,3.42620351442699,0.161144534678744,2.19948362586132,-1.67549779057227,-0.264647296028193,0.0790401677777967,0.554813282882519,-1.69813578302367,-6.5,6.49999999996184
9.98,-0.282488,0.5362275,4.04546676426506,0.161874362222609,2.43942976708221,-1.64257895695269,-0.240252998357371,0.0626143782082697,0.671861003293494,-1.65727597519617,-6.5,6.49999999989509
9.99,-0.2504968,0.5292779,4.63307205519625,0.162330798091946,2.68284505070796,-1.61339280709332,-0.213424547850292,0.0464804501373366,0.793600645615301,-1.61575921836087,-6.5,6.49999999973884
10,-0.2141369,0.5208684,5.15736158517492,0.162499244927719,2.92379482619586,-1.5877300056734,-0.184186599588333,0.0306031500806026,0.916451884172742,-1.57379967066108,-6.5,6.49999999941109
10.01,-0.1743421,0.5106426,5.59441062800172,0.162371310197098,3.15283686565061,-1.56846851922744,-0.152658230931827,0.0149184648883282,1.03653054919138,-1.53158470492906,-6.5,6.49999999890821
10.02,-0.1321815,0.4985164,5.93651523546272,0.161945901053743,3.36026287848728,-1.55590038010598,-0.119055602146954,-0.000640538912731588,1.15125249221844,-1.48941399773389,-6.5,6.49999999836385
10.03,-0.08933696,0.4836489,6.1866241446325,0.161234128621403,3.53216609242364,-1.55662228848919,-0.0837339412227178,-0.0162067617976235,1.25893996862926,-1.4477431566706,-6.5,6.49999999840568
10.04,-0.04484065,0.4671787,6.35888893564338,0.160248544960828,3.67843839946605,-1.55988199298039,-0.0469495572280574,-0.0318055817274274,1.36199400426859,-1.40660004307764,-6.5,6.499999998575
10.05,-0.0007889494,0.4481051,6.46007519137405,0.159023187109017,3.78244701428453,-1.5738599948863,-0.00912508708521206,-0.0475441816762904,1.4598760811532,-1.36660886999695,-6.5,6.49999999909904
10.06,0.0427006,0.4269778,6.49911726433845,0.157580325695289,3.84597219890267,-1.59289022191827,0.0293346349038146,-0.0634730838954731,1.55431139712571,-1.32769299521627,-6.5,6.49999999951427
10.07,0.08433028,0.4035912,6.4813115799993,0.155955763200684,3.86096981309824,-1.61811679116173,0.0679443330347971,-0.0796542518070904,1.64666408953904,-1.29011388584467,-6.5,6.49999999978316
10.08,0.1246361,0.3789965,6.40890586979618,0.15413940204523,3.83590396507579,-1.6399465149333,0.106303372685555,-0.0960537169564233,1.73845277875835,-1.25313779712458,-6.5,6.49999999989179
10.09,0.1624594,0.3530774,6.28088180878809,0.152154533277933,3.76450689784602,-1.65946019446988,0.143948441664015,-0.112648318901122,1.83125043348353,-1.21690350783364,-6.5,6.49999999994184
10.1,0.1977145,0.3264737,6.09355100082251,0.149983042229929,3.65042953719702,-1.67129218812395,0.180452737035985,-0.129361240782362,1.92638650512349,-1.18083628893465,-6.5,6.4999999999606
10.11,0.2302223,0.2995869,5.8410493674535,0.147609703257935,3.49653677666055,-1.6725920564544,0.215418104802591,-0.146087161346906,2.0250578034345,-1.1445712830704,-6.5,6.49999999996362
10.12,0.2599003,0.2727489,5.51632754730657,0.145018018909753,3.30655572873352,-1.66140972573066,0.248483662089926,-0.162701258604212,2.1281960681793,-1.10780743728813,-6.5,6.49999999995153
10.13,0.286824,0.2462228,5.11310289231687,0.142193426770447,3.08549187964408,-1.63663131886106,0.279338580886367,-0.179067571792823,2.23623544548484,-1.07031587050482,-6.5,6.49999999990314
10.14,0.3111299,0.2200962,4.62817407214874,0.139137996641859,2.83867132178675,-1.59881126345323,0.307725294104234,-0.195055684427355,2.34906499240029,-1.03208471379003,-6.5,6.49999999970984
10.15,0.3331414,0.1945883,4.06627986053817,0.135841524520982,2.5727365654088,-1.54744254756639,0.333452659758322,-0.210530109903019,2.46562488808939,-0.992916324810312,-6.5,6.49999999864151
10.16,0.3530499,0.1695297,3.43852575035482,0.13234649654895,2.29279128114153,-1.4854309237978,0.356380572569738,-0.225384419140997,2.58453833163344,-0.953178951218943,-6.5,6.49999999059917
10.17,0.3713687,0.1451249,2.76123709230359,0.128652254637043,2.00633085712947,-1.4123646853769,0.376443881141032,-0.239508065994766,2.70312672067067,-0.91266532588647,-6.5,6.49999989819979
10.18,0.3882478,0.1211493,2.04901896492173,0.124801490420545,1.71719812943835,-1.33155849473356,0.393615862435416,-0.252823650942102,2.81946570752666,-0.871879567711892,-6.49999999999672,6.49999837679072
10.19,0.4040153,0.09764964,1.35460922978296,0.120748672268877,1.43043424665122,-1.24381978186787,0.407920204901928,-0.26526184876078,2.93124913815388,-0.830865844673247,-6.49999998448935,6.49996090429211
10.2,0.4188049,0.0745634,0.681371299053925,0.116424951327779,1.14899906481927,-1.15085634545954,0.419410195550121,-0.276770412215376,3.03712490182894,-0.789874343600403,-6.49972530413627,6.4985832087309
10.21,0.4325353,0.05174092,0.00333454412705987,0.11059497507358,0.873750307323903,-1.05500413496321,0.42814769862336,-0.287320453565008,3.13685443157008,-0.749336136082365,-1.31912644548202,6.42613774967601
10.22,0.4451578,0.02909576,-4.10471949398146e-09,0.0572664024205021,0.605703035103843,-0.957890516697592,0.434204728974398,-0.296899358731984,-3.0527266730046,-0.709560346657731,-2.68073482016385e-06,3.4806568198266
10.23,0.4566373,0.006785665,-3.28359810101246e-15,0.000986788442097159,0.345852028197534,-0.858958295226184,0.437663249256374,-0.305488941684246,-2.96500180079748,-0.670324912777039,-1.37278717729835e-12,0.0631588108049358
10.24,0.466647,-0.01540147,-2.1519776024797e-19,5.54310392950556e-06,0.0925908294757889,-0.7608260018389,0.438589157551132,-0.313097201702634,-2.88192268522535,-0.63223280046411,-2.45031924138468e-17,0.000376510852803629
10.25,0.4748667,-0.03773497,-1.3541417846893e-18,2.44282778944412e-08,-0.15554334877816,-0.666368676336287,0.43703372406335,-0.319760888465997,-2.74453957618035,-0.596017630679843,-1.36011918194385e-16,1.77246940002046e-06
10.26,0.4812466,-0.0601142,-2.04123266441014e-13,8.43248327986277e-11,-0.397641812926665,-0.575077722469267,0.433057305934083,-0.32551166569069,-2.6699106592052,-0.561500096960672,-1.90137341972394e-11,6.55847308846078e-09
10.27,0.4858283,-0.0826804,-1.05362648478462e-07,2.66509017668966e-13,-0.632139172849548,-0.488502851406196,0.426735914205588,-0.330396694204752,-2.59871731583597,-0.529090469446341,-8.5202871186942e-06,2.21850034802995e-11
10.28,0.4888708,-0.1053187,-0.00743522845675355,8.15558379339567e-16,-0.855822709462537,-0.405874070780911,0.418177687110962,-0.334455434912561,-2.53120305825948,-0.498519518840255,-0.52501362898762,7.22753249763561e-14
10.29,0.4906168,-0.1279015,-0.101974393768866,2.692972053041e-18,-1.06595900211982,-0.326350936584191,0.407518097089764,-0.337718944278403,-2.46740788284792,-0.469477893713943,-6.49120533617038,2.51787345659832e-16
10.3,0.4914047,-0.1502112,-0.110042137926997,1.1223559440584e-20,-1.25933176272194,-0.24838626730191,0.394924779462545,-0.340202806951422,-2.40744417220971,-0.441415168519559,-6.49999387022932,1.09349127846755e-18
10.31,0.4916226,-0.1719511,-0.116485843394249,8.02129187226277e-23,-1.43269472171918,-0.169888253633964,0.380597832245353,-0.341901689487762,-2.35139123326168,-0.413575410946835,-6.49999998159885,8.01275325852813e-21
10.32,0.4914144,-0.1925136,-0.121949327444026,1.69180769764036e-24,-1.58527555427293,-0.0863249501069419,0.364745076702624,-0.342764938988831,-2.29880696962318,-0.384343668526012,-6.49999999982315,1.69993984109996e-22
10.33,0.4907786,-0.2113816,-0.126770447492699,3.64772122767139e-25,-1.71773979931711,0.0056488548961724,0.347567678709453,-0.342708450439869,-2.24905776926618,-0.352389059885162,-6.49999999999574,3.64840835612618e-23
10.34,0.489693,-0.2280137,-0.131159302030306,3.49733167307763e-24,-1.83101282375478,0.109240863669285,0.329257550471905,-0.341616041803177,-2.20157853005035,-0.316284872475741,-6.49999999999979,3.52289267852115e-22
10.35,0.4881954,-0.2418077,-0.135209818297142,2.24195164632116e-21,-1.92557399950296,0.227813400045036,0.310001810476875,-0.339337907802726,-2.15598026183326,-0.274344575152838,-6.49999999999998,2.42114511099198e-19
10.36,0.4861085,-0.2526218,-0.138963215728741,1.92536537002191e-17,-2.00380858991604,0.360458256695139,0.289963724577715,-0.335733325235775,-2.11163393122632,-0.226220136072509,-6.5,2.73707960917502e-15
10.37,0.4837617,-0.2598795,-0.142395340409352,1.68352202925156e-13,-2.06374015989206,0.5099000417977,0.269326322978794,-0.330634324817798,-2.06867193481691,-0.169994972431922,-6.5,9.9517406429899e-11
10.38,0.4815142,-0.2633848,-0.145494693821269,-1.57239033661689e-09,-2.10343981529184,0.675306306265959,0.248291924825876,-0.323881261755138,-2.02721183842751,-0.104873882759388,-6.5,3.43382736043221e-06
10.39,0.4796802,-0.2628548,-0.148265574473308,0.000529328091816199,-2.12166566643552,0.856527865096318,0.227075268161521,-0.315315983104175,-1.98727854389319,-0.0296362851799392,-6.5,0.0668931945508953
10.4,0.478565,-0.2582008,-0.150719718376588,-0.314094138720272,-2.11751114285378,1.05167797685493,0.205900156732983,-0.304799203335626,-1.94887234992904,0.0562559418878092,-6.5,6.4310641532921
10.41,0.4784109,-0.2492125,-0.152876384456171,-1.00962764109417,-2.09083989054099,1.25994890856085,0.184991757827573,-0.292199714250017,-1.9119279085168,0.153667458511294,-6.5,6.49998315485634
10.42,0.4791589,-0.2358863,-0.154769591972,-1.67512650136639,-2.04423092140147,1.47876509425056,0.164549448613558,-0.277412063307512,-1.87610945828109,0.262291983993288,-6.5,6.49999999124161
10.43,0.4805181,-0.2182681,-0.156434273084714,-2.41428998456329,-1.98214770509752,1.70527148374181,0.144727971562583,-0.260359348470094,-1.84093542123831,0.381016200190055,-6.49999999999999,6.4999999999906
10.44,0.4820489,-0.1963234,-0.157897683077757,-3.16609453827742,-1.91004473205977,1.93747286788764,0.125627524241985,-0.240984619791217,-1.80588099232779,0.508257198683831,-6.49999999999995,6.49999999999998
10.45,0.4826821,-0.1707352,-0.1591891746109,-3.87732978606028,-1.83829669903188,2.16745816647911,0.107244557251667,-0.219310038126426,-1.77003054831498,0.639132844264424,-6.49999999999964,6.5
10.46,0.4818572,-0.141676,-0.160302099220079,-4.52753972381815,-1.77211027635186,2.39229481717285,0.089523454488148,-0.195387089954698,-1.73302317638778,0.770729757576234,-6.4999999999977,6.5
10.47,0.4787449,-0.1099016,-0.161220960586415,-5.08669830585631,-1.71847567771156,2.60442001882216,0.0723386977110323,-0.169342889766476,-1.69448873139602,0.898812687314492,-6.49999999998912,6.5
10.48,0.4731741,-0.07547544,-0.161912132743523,-5.54648220483195,-1.67814986154985,2.80282438641174,0.0555571990955338,-0.141314645902359,-1.65462327050856,1.0222263420456,-6.49999999996373,6.5
10.49,0.4648412,-0.0388626,-0.162346124725827,-5.90506273612731,-1.65284390998646,2.98329833856296,0.0390287599956692,-0.111481662516729,-1.61367414590666,1.1395249824465,-6.49999999992143,6.5
10.5,0.4531285,-0.0009867256,-0.162499889252859,-6.16782755599784,-1.64666388307544,3.13825349004174,0.0225621211649147,-0.0800991276163116,-1.57194653500963,1.24964515968092,-6.49999999990436,6.5
10.51,0.4367539,0.03645763,-0.162359963022605,-6.34531913452777,-1.66882812412087,3.25443262021273,0.00587383992370603,-0.0475548014141843,-1.52989224790632,1.35214654004109,-6.49999999995077,6.5
10.52,0.420564,0.07852583,-0.161926915255071,-6.45480509208247,-1.67590671401722,3.37677050742258,-0.0108852272164662,-0.0137870963399586,-1.48803067809484,1.45277416811024,-6.49999999996019,6.5
10.53,0.3994661,0.1187814,-0.161220759727145,-6.49823105783391,-1.71202483965799,3.44967343503641,-0.0280054756130461,0.0207096380104055,-1.44709419706612,1.54745994525181,-6.49999999998637,6.5
10.54,0.3758441,0.1592716,-0.160258650180857,-6.48483524436267,-1.75435454243653,3.49396260322252,-0.0455490210374114,0.0556492640426307,-1.40696986374977,1.63913539493242,-6.49999999999602,6.5
10.55,0.34958,0.1985712,-0.159065802147733,-6.41878131218859,-1.80303502675985,3.49969217726641,-0.0635793713050098,0.0906461858152948,-1.36786920833281,1.72908428855428,-6.499999999999,6.5
10.56,0.3220777,0.2375873,-0.157641573636221,-6.30223804501359,-1.84532273373638,3.4776508162585,-0.0820325986423736,0.12542269397788,-1.32922036308303,1.8181643486116,-6.49999999999969,6.5
10.57,0.2931433,0.2745357,-0.15600381557971,-6.13330475671413,-1.88305577246224,3.41527464609217,-0.100863156366996,0.159575440438802,-1.29115538495896,1.90837497010445,-6.49999999999989,6.5
10.58,0.263654,0.3097742,-0.154138165495845,-5.90939921761627,-1.90892743140768,3.31936817079516,-0.119952430681073,0.192769122146753,-1.25311401962818,2.00046863701679,-6.49999999999995,6.5
10.59,0.2341333,0.3428887,-0.152028634607424,-5.6252554256781,-1.91930956719689,3.18990557475101,-0.139145526353042,0.224668177894263,-1.21472124494907,2.09567025904889,-6.49999999999996,6.5
10.6,0.204974,0.3737842,-0.1496568451117,-5.27547847463052,-1.91209278647784,3.02979282983624,-0.15826645421782,0.254966106192626,-1.1756771322456,2.19470448641204,-6.49999999999995,6.5
10.61,0.1765767,0.4024618,-0.146997505636346,-4.85589285901882,-1.88540445489778,2.84271729784553,-0.177120498766798,0.283393279171081,-1.13564856638036,2.29786652189986,-6.49999999999991,6.5
10.62,0.1484033,0.4284282,-0.144091193402747,-4.35970959216335,-1.845574969968,2.62809357151297,-0.195576248466478,0.309674214886211,-1.09524229190313,2.4062462610158,-6.49999999999976,6.5
10.63,0.1215222,0.4524578,-0.140856337124762,-3.79792670644793,-1.78496552320327,2.3962467041801,-0.213425903698511,0.333636681928012,-1.05332377237476,2.51765581835381,-6.4999999999988,6.5
10.64,0.09436058,0.4733243,-0.137457840870963,-3.15869182418038,-1.71897274379753,2.13992926739481,-0.230615631136486,0.35503597460196,-1.01188623341855,2.63464007243751,-6.49999999999283,6.5
10.65,0.06826358,0.4924045,-0.133777289497363,-2.46596671187916,-1.63716155258525,1.87457724414146,-0.246987246662338,0.373781747043374,-0.969255966393636,2.75213967845802,-6.49999999992689,6.49999999999994
10.66,0.04177376,0.5085149,-0.130028243585468,-1.71799534057752,-1.55368776946502,1.59285754538688,-0.262524124356989,0.389710322497243,-0.927603592579573,2.87242187438823,-6.49999999913086,6.49999999988173
10.67,0.01538641,0.5222889,-0.126180672170473,-0.984786185060284,-1.46508483016681,1.30345668934589,-0.277174972658657,0.402744889390702,-0.886302151866782,2.99188928930747,-6.49999998626072,6.4999988303096
10.68,-0.01165109,0.5329572,-0.12233751003613,-0.138650807734088,-1.37872082753805,1.0025890054927,-0.290962180934037,0.412770779445629,-0.84668379612879,3.1115499817028,-6.49999976772557,6.38800355781781
10.69,-0.03893439,0.5410337,-0.118404832615739,4.24519150851355e-07,-1.29158618630762,0.697663328159351,-0.303878042797113,0.419747412727223,-0.808167827950884,-3.0550302085069,-6.49999530337682,0.000223593605085053
10.7,-0.06664383,0.5463949,-0.11438096300952,3.25677107488278e-14,-1.20585208465105,0.390137689951956,-0.315936563643624,0.423648789626742,-0.771174384227373,-2.94223161733436,-6.49989349662381,6.77770279319926e-12
10.71,-0.09468785,0.5492896,-0.110174296653428,4.18544351510232e-20,-1.12120781255225,0.084497902294089,-0.327148641769146,0.424493768649683,-0.735614463019858,-2.83481494220046,-6.49723745522073,4.24989378446119e-18
10.72,-0.1230551,0.5498993,-0.104577425029211,4.17752682128134e-18,-1.03803606533398,-0.215722753063027,-0.337529002422486,0.422336541119053,-0.701537643736576,-2.70672488391404,-6.41952597672621,4.10076668443248e-16
10.73,-0.1518313,0.5483845,-0.0723912936438773,5.94410350488591e-11,-0.957493363062483,-0.507501023136612,-0.347103936053111,0.417261530887687,-0.669169695981774,-2.60935963213748,-4.64103750357815,4.91553779032316e-09
10.74,-0.1804107,0.5458578,-0.00522902054364618,0.000166285464215328,-0.874801293365174,-0.780117637324196,-0.355851948986763,0.409460354514445,-0.63732808431885,-2.52148675036838,-0.352146923498019,0.0115361440912584
10.75,-0.2086971,0.5427023,-8.44189937441324e-05,0.104846587829566,-0.789886546934952,-1.03002409860178,-0.363750814456112,0.399160113528427,-0.605914441905351,-2.44244747733344,-0.00601086273370395,6.45549018682943
10.76,-0.2358963,0.5399547,-6.23540817431631e-07,0.114119306139454,-0.69682737871652,-1.2486318531435,-0.370719088243277,0.386673794996992,-0.573346525107257,-2.37275133637041,-4.73292314891149e-05,6.49999007079367
10.77,-0.2622198,0.5371029,-2.42762876732314e-09,0.120869853925802,-0.598722258745148,-1.44132008330414,-0.376706310830729,0.372260594163951,-0.540275026189362,-2.3095392360928,-1.97389866635246e-07,6.49999998508031
10.78,-0.2862999,0.535386,-2.46614836313e-12,0.126332057153763,-0.485157872443061,-1.59847212846788,-0.381557889555159,0.356275872879272,-0.503756741769967,-2.25369429274355,-2.16286025089077e-10,6.49999999987374
10.79,-0.3084177,0.5340262,-9.00454882867363e-16,0.13107960726419,-0.360589492592112,-1.72848977699397,-0.385163784481081,0.338990975109332,-0.46468417815129,-2.20245702716896,-8.4860406691338e-14,6.49999999999669
10.8,-0.3278573,0.5332392,-1.88882053756712e-19,0.135272779948737,-0.220785518969748,-1.83090719928254,-0.387371639670778,0.320681903116507,-0.421477900450231,-2.15525489493753,-1.87710463154509e-17,6.49999999999978
10.81,-0.3439493,0.5335226,-3.38708204358511e-22,0.138930662396862,-0.0623775659277683,-1.90311917749264,-0.387995415330056,0.30165071134158,-0.372565367279104,-2.11202923888467,-3.39862920536945e-20,6.49999999999996
10.82,-0.3573747,0.5334817,-9.57757580821644e-22,0.142280736744377,0.106215314555428,-1.9588717204946,-0.386933262184501,0.282061994136634,-0.319805094078587,-2.07015171930782,-9.62710440288398e-20,6.49999999999999
10.83,-0.3678413,0.533578,-5.70059440634527e-18,0.145299551719715,0.285400116203192,-1.99525970941528,-0.384079261022469,0.262109397042481,-0.262385033956362,-2.02991233952593,-6.4177521764377e-16,6.5
10.84,-0.3744656,0.5350057,-6.61429496916085e-13,0.147921146271307,0.480446365440962,-2.00359590028135,-0.37927479736806,0.242073438039668,-0.19766078033606,-1.99241944433643,-1.42682452550493e-10,6.5
10.85,-0.3779881,0.5361137,2.68041358827545e-08,0.150323328311558,0.682393285370871,-2.00005720446841,-0.372450864514351,0.222072865994984,-0.127713910350866,-1.95530813744982,-2.21650307725422e-05,6.5
10.86,-0.3778014,0.538229,-0.00714250927737884,0.152430362764287,0.894326543186978,-1.97449906378002,-0.363507599082481,0.202327875357184,-0.0504630460029011,-1.91986400378576,-0.95275800390938,6.49999999999999
10.87,-0.3735564,0.5408866,0.174128800190871,0.154301766257044,1.11682625411967,-1.93285718810631,-0.352339336541285,0.182999303476121,0.0354234208217434,-1.88531803261606,-6.49758286599739,6.49999999999998
10.88,-0.3651725,0.5436844,0.859840615759556,0.155973789050866,1.34808289231385,-1.88015899964119,-0.338858507618146,0.164197713479709,0.130306012641953,-1.85108850667926,-6.49999954093108,6.4999999999999
10.89,-0.3523788,0.5460318,1.50565727349914,0.157474550902242,1.58797419209997,-1.82266972773746,-0.322978765697146,0.145971016202334,0.234965317591157,-1.81651566728382,-6.49999999978589,6.49999999999949
10.9,-0.3348921,0.5472029,2.22122412602027,0.158818040904725,1.83642922045276,-1.76730384505488,-0.304614473492619,0.128297977751785,0.349761634303601,-1.78094710043124,-6.49999999999979,6.49999999999754
10.91,-0.3123988,0.5467888,2.97184918598799,0.159991670899314,2.09357194112162,-1.71770823415649,-0.283678754081403,0.11112089541022,0.474382154930732,-1.74413152122412,-6.5,6.49999999998953
10.92,-0.2846729,0.5447955,3.70924223376986,0.160967525066167,2.35871453335763,-1.67369386495142,-0.260091608747826,0.094383956760706,0.60715057719763,-1.70620820963429,-6.5,6.49999999996068
10.93,-0.2518632,0.5410722,4.40238468818179,0.161721610645381,2.62801338672045,-1.63636299366256,-0.233811474880622,0.0780203268240805,0.744236028169267,-1.66726474780979,-6.5,6.49999999987576
10.94,-0.2145107,0.5355613,5.01215203146151,0.162230925850602,2.89461243604593,-1.60589335649904,-0.204865350520163,0.0619613932590901,0.880620215223832,-1.62749977164128,-6.5,6.49999999967572
10.95,-0.1739369,0.5276634,5.50739167007719,0.162478007031231,3.14568612081697,-1.58694959348557,-0.173408489311993,0.0460918973242344,1.01080406296537,-1.58700552023959,-6.5,6.49999999940351
10.96,-0.1300423,0.518153,5.89063518383958,0.162449657853116,3.38154738772455,-1.57217220738667,-0.139593015434747,0.0303701752503677,1.13424453809902,-1.54627231442034,-6.5,6.49999999903649
10.97,-0.08480597,0.5061132,6.16492097874766,0.16214350750749,3.58510489106028,-1.56900492005059,-0.103741966524145,0.0146801260498618,1.24823098723251,-1.50552568815742,-6.5,6.49999999892663
10.98,-0.03905917,0.4912757,6.34776268624741,0.161567143804589,3.75058604673631,-1.5787298571566,-0.0662361060567816,-0.00110717252170422,1.35388729552749,-1.46518049281629,-6.5,6.4999999992102
10.99,0.006094345,0.4736273,6.4547892368056,0.160738639486616,3.87068133404449,-1.600281540028,-0.0275292927163367,-0.0171099879219842,1.45275344361648,-1.42560583607271,-6.5,6.49999999960019
11,0.05055331,0.4534636,6.49818450930976,0.159680028319618,3.94744999165328,-1.63000530550714,0.0119452072001961,-0.0334100409770555,1.54715488428243,-1.38697574999642,-6.5,6.49999999984191
11.01,0.09278665,0.4305429,6.4849507613307,0.158422193426138,3.97105915846432,-1.66900796685544,0.0516557987848392,-0.05010012064561,1.63887451126468,-1.34958429658012,-6.5,6.49999999995211
11.02,0.1329128,0.4055611,6.41781524420066,0.156978235534958,3.94675580740766,-1.71035797861977,0.0911233568589159,-0.0672037004318076,1.73002487428507,-1.31314670217154,-6.5,6.49999999998614
11.03,0.169977,0.3786876,6.29497281967942,0.155364714848931,3.87066138857838,-1.75211450622708,0.1298299707447,-0.0847248454940784,1.82269080691965,-1.27759367959343,-6.5,6.49999999999593
11.04,0.2038914,0.3504496,6.11074123666804,0.153580080160653,3.74688601949001,-1.78948902946193,0.1672988309396,-0.102619735788698,1.91870788176048,-1.24254851500821,-6.5,6.49999999999862
11.05,0.2344867,0.3213521,5.85597471559923,0.1516135699357,3.57885190809459,-1.81831179628088,0.203087350020546,-0.120802853751506,2.0197958466361,-1.20761242501494,-6.5,6.4999999999994
11.06,0.261852,0.2918473,5.51971805388624,0.1494486206189,3.37218722137868,-1.83526842143218,0.236809222234332,-0.139155537965828,2.12720956113563,-1.17241515928178,-6.5,6.49999999999963
11.07,0.2861567,0.2622483,5.09123848356772,0.147071057145816,3.1329989492111,-1.83857512372032,0.268139211726443,-0.157541289203031,2.24165852177897,-1.13671220403923,-6.5,6.49999999999968
11.08,0.3080715,0.2335125,4.56797715214778,0.14441227068473,2.87133468491351,-1.82128338862741,0.296852558575579,-0.175754123089305,2.36215960892311,-1.09956404154614,-6.5,6.49999999999951
11.09,0.3273735,0.2049368,3.94873175151475,0.141534186265845,2.58904308218132,-1.7911166189971,0.322742989397392,-0.193665289279276,2.48865572809226,-1.06188356800033,-6.5,6.49999999999893
11.1,0.3453619,0.1777001,3.26124083943167,0.138329965491806,2.30076766765558,-1.73944161682704,0.345750666073947,-0.211059705447547,2.61646859670493,-1.02230544883716,-6.5,6.4999999999957
11.11,0.3619379,0.1511872,2.5172189261943,0.134873540811471,2.00820735320499,-1.67356215575733,0.365832739605997,-0.22779532700512,2.74373573541681,-0.981747739240639,-6.5,6.49999999997299
11.12,0.377522,0.1254751,1.75147229380087,0.131176254061082,1.71731891796455,-1.5944595189505,0.383005928785643,-0.243739922194625,2.86705670676628,-0.940201072459181,-6.49999999999651,6.49999999972995
11.13,0.3925906,0.1007183,1.03923109625744,0.127241019147876,1.43401332889449,-1.50247695880779,0.397346062074588,-0.258764691782703,2.9831632431837,-0.897534672256297,-6.4999999847907,6.49999999547978
11.14,0.4069403,0.07655422,0.271671450556591,0.123105104557671,1.15793409600552,-1.40236043425311,0.408925403034643,-0.272788296125234,3.09168853617821,-0.854450365852313,-6.49977476337378,6.49999988340283
11.15,0.4206582,0.05291446,-0.015190132104107,0.118722125464342,0.891149640085871,-1.29604584107043,0.417836899435502,-0.285748754535938,-3.09123816844701,-0.811192372608633,-2.02338492627786,6.49999535974002
11.16,0.4334483,0.02945218,4.7320813356581e-09,0.114079999793358,0.632262161338581,-1.18768809997863,0.424159521048888,-0.297625635535725,-2.99821188515481,-0.76853296639501,-7.80499070121758e-06,6.49973907111664
11.17,0.4466085,0.007323116,-7.58821749477409e-14,0.108297950887079,0.393341841043082,-1.06849819886068,0.428092939459318,-0.308310617524331,-2.91592016147005,-0.724366316245982,-1.08450701736766e-11,6.46810057273797
11.18,0.456939,-0.01621747,-4.65614565416483e-19,0.0694857468357392,0.147484604668762,-0.963235512124633,0.429567785506006,-0.317942972645578,-2.83410936715662,-0.68443911689466,-4.72445238069958e-17,4.36120973368501
11.19,0.4654525,-0.04061171,-8.50602788165195e-20,0.00208564540084741,-0.0944830081085755,-0.86676776480358,0.42862295542492,-0.326610650293614,-2.75601588655656,-0.647641439259907,-8.5474915087528e-18,0.13812497734279
11.2,0.4738592,-0.06383853,-1.20879850923772e-15,9.39240264660512e-06,-0.316804254814755,-0.762051259941231,0.425454912876773,-0.334231162893026,-2.66154812787172,-0.609576786841939,-1.10948449344817e-13,0.00066421170868149
11.21,0.4798983,-0.08866127,-4.26685872643232e-10,6.83167119269963e-08,-0.538571019726106,-0.673682651288239,0.420069202679512,-0.340967989405908,-2.59512550643379,-0.576702353771773,-3.42450162806614e-08,5.15028871541818e-06
11.22,0.4853286,-0.1129495,-2.75831260649324e-05,3.01379505254033e-10,-0.743476553231424,-0.583011417460888,0.412634437147197,-0.346798103580517,-2.53379349471043,-0.543949889791952,-0.00195708135940435,2.43164464183243e-08
11.23,0.4902813,-0.1361877,-0.0672386539117093,6.22734251769338e-13,-0.930385603654834,-0.486521909666472,0.403330581110649,-0.351663322677182,-2.47703041969897,-0.510202109899033,-4.33961894685683,5.39074785333866e-11
11.24,0.4930232,-0.1606926,-0.108371047340202,2.66663922592602e-15,-1.11405890667988,-0.40480383393836,0.39218999204385,-0.355711361016565,-2.42068267513247,-0.48134307562405,-6.49841905169709,2.44177637784082e-13
11.25,0.4957464,-0.1828338,-0.114560376958124,3.35326238519044e-18,-1.27503339570347,-0.306709740133122,0.379439658086816,-0.358778458417897,-2.36883852706209,-0.448077544781471,-6.4999958741237,3.23924974802236e-16
11.26,0.4972252,-0.203395,-0.119949805128457,4.0477533589968e-21,-1.4243749989527,-0.200865968931311,0.365195908097289,-0.36078711810721,-2.31855785029718,-0.412741223523596,-6.49999997242881,4.04524762971618e-19
11.27,0.4974618,-0.2217046,-0.124815146910982,1.91215531110492e-23,-1.56197778560486,-0.0830212817587466,0.34957613024124,-0.361617330924797,-2.26957167665544,-0.373695769443065,-6.49999999960324,1.91901375623273e-21
11.28,0.4966058,-0.2370715,-0.129304438485275,8.07209463453929e-24,-1.6865854278989,0.0507941191591854,0.332710275962251,-0.361109389733205,-2.22186896374023,-0.329176661109694,-6.49999999998883,8.08303276818125e-22
11.29,0.4946423,-0.2492903,-0.133527002994065,3.01989894601382e-21,-1.79851838681485,0.200024626265737,0.314725092094102,-0.359109143470548,-2.17516683939857,-0.278696584054893,-6.49999999999945,3.22183915382689e-19
11.3,0.4918772,-0.257865,-0.137461604866834,1.08911174467661e-16,-1.8954646608068,0.366483709278377,0.295770445486034,-0.355444306377764,-2.1296617408577,-0.220772163738617,-6.49999999999995,1.63831251111923e-14
11.31,0.4892377,-0.2621972,-0.141014155138052,4.67899095670671e-13,-1.97018626721092,0.552569558260132,0.276068582813925,-0.349918610795163,-2.08628564232116,-0.153421226921875,-6.49999999999999,3.92037459693856e-09
11.32,0.4860023,-0.2626542,-0.144286538351221,1.61078092572794e-06,-2.03007299567534,0.752230810389584,0.255767852857172,-0.342396302691267,-2.04372483144182,-0.0776824660180271,-6.5,0.000472904067074613
11.33,0.482755,-0.258718,-0.147240375576181,-0.0231309788910309,-2.07102181456313,0.967250794948953,0.235057634711541,-0.332723794741778,-2.0024233446201,0.00835451806332818,-6.5,4.91416031659078
11.34,0.480884,-0.2497425,-0.149805192728152,-0.699535647862985,-2.08265129989693,1.20022964136885,0.214231121712571,-0.320721498328089,-1.96357678197497,0.106987406982443,-6.5,6.49987386147068
11.35,0.4796993,-0.2359322,-0.152076210814075,-1.39570875395994,-2.07313180843271,1.44627709370923,0.193499803628244,-0.306258727390997,-1.92604820220609,0.21707434270229,-6.5,6.49999997890963
11.36,0.4789649,-0.2171933,-0.154092948854857,-2.14736943300098,-2.04628194555678,1.70332337930499,0.173036984172676,-0.289225493597947,-1.88934694799115,0.337889759669493,-6.5,6.4999999999913
11.37,0.4784647,-0.1936192,-0.155881253088443,-2.92983400497464,-2.00555896893893,1.96781832984773,0.152981394483287,-0.26954731029947,-1.85308642193178,0.467150946727637,-6.5,6.49999999999999
11.38,0.476986,-0.1658518,-0.157490082857835,-3.67136045793791,-1.96260375020213,2.23185457186813,0.133355356981266,-0.247228764580788,-1.81613323169883,0.600038419657523,-6.49999999999999,6.5
11.39,0.4742253,-0.1342043,-0.15891071920668,-4.34822600181912,-1.92045151171394,2.49094454994493,0.114150841864126,-0.222319319081339,-1.77827390692147,0.732966133708054,-6.49999999999996,6.5
11.4,0.469864,-0.09907817,-0.160127239556575,-4.93672689340723,-1.8820025990327,2.74026991092374,0.0953308158737995,-0.194916619972101,-1.73936939646683,0.862613323075374,-6.49999999999989,6.5
11.41,0.462773,-0.06187405,-0.16112745785933,-5.41483605889238,-1.85669582400209,2.96710175087429,0.0767638576337786,-0.165245602463359,-1.69893658583217,0.98455579331907,-6.49999999999977,6.5
11.42,0.4532521,-0.02247202,-0.16187173717411,-5.79180484018444,-1.84107264533822,3.17268890902574,0.0583531311803964,-0.133518713373101,-1.65745732808168,1.09956203048771,-6.49999999999965,6.5
11.43,0.4407572,0.01798542,-0.162335859628367,-6.07398710414436,-1.83898596978983,3.34773609088177,0.0399632714824982,-0.100041352464283,-1.61508148650429,1.20665610684082,-6.49999999999962,6.5
11.44,0.4252524,0.0593954,-0.162499826964608,-6.27590953034532,-1.84959264233385,3.4926596705384,0.0214673450591597,-0.0651147557588995,-1.57223407344707,1.30738673022873,-6.49999999999971,6.5
11.45,0.4071104,0.1016637,-0.162356321971793,-6.40888317089006,-1.86859813515011,3.6081250771618,0.00278136370765863,-0.0290335049872815,-1.52936381831317,1.40311893878015,-6.49999999999983,6.5
11.46,0.3853778,0.1427614,-0.161910150196908,-6.48093178747812,-1.90314510134126,3.67872502200561,-0.016250087305754,0.0077537452327746,-1.48682806581261,1.49416116240558,-6.49999999999993,6.5
11.47,0.3613174,0.1833836,-0.161173751618142,-6.49953217925206,-1.94104850919073,3.71350181709807,-0.0356605723976613,0.0448887634037553,-1.44483870911688,1.58279709895928,-6.49999999999998,6.5
11.48,0.33468,0.2223768,-0.160166616141387,-6.46780717648961,-1.98382115922275,3.70549229953963,-0.0554987839898888,0.0819436863991515,-1.40363156718394,1.67038863805556,-6.49999999999999,6.5
11.49,0.3059056,0.2592051,-0.158906819105329,-6.38564379954249,-2.0270249574371,3.65379839059529,-0.0757690335642598,0.118481670305104,-1.36320557211714,1.75869986847663,-6.5,6.5
11.5,0.2759382,0.2936109,-0.157398783884711,-6.24940775546734,-2.06235746696676,3.56024225459771,-0.0963926082339274,0.154084092851081,-1.32321964427106,1.84944214956898,-6.5,6.5
11.51,0.2451418,0.3254881,-0.155646608609177,-6.05240557314937,-2.08714182984271,3.42806092249625,-0.117264026532355,0.188364702076044,-1.28349986241216,1.94415105150838,-6.5,6.5
11.52,0.2142517,0.3548148,-0.15363663910997,-5.78559353412057,-2.09587986318871,3.26120322604228,-0.138222825164242,0.220976734336467,-1.24360464825955,2.04413127785426,-6.5,6.5
11.53,0.1838894,0.3817783,-0.151346398180619,-5.43957599548113,-2.08460764556167,3.06528862110189,-0.159068901619858,0.251629620547486,-1.20310344462517,2.15012460110947,-6.5,6.5
11.54,0.1541235,0.4064138,-0.148770682200486,-5.00522698271761,-2.05447365038898,2.84439864136386,-0.179613638123748,0.280073606961124,-1.16195569765056,2.26264198933713,-6.5,6.5
11.55,0.1251137,0.42884,-0.14590121034265,-4.47764166200014,-2.00590129197567,2.60315497874015,-0.199672651043505,0.306105156748526,-1.12004990735775,2.38150386160357,-6.5,6.5
11.56,0.09760649,0.4498504,-0.142685838918081,-3.86933925755949,-1.93448498830336,2.35159180319255,-0.219017500926538,0.329621074780451,-1.0766872683116,2.50399630735075,-6.49999999999998,6.5
11.57,0.07095606,0.4691372,-0.139179688223409,-3.18814268662888,-1.84803439715765,2.08974619683554,-0.237497844898115,0.350518536748807,-1.03259273237089,2.6294432723978,-6.4999999999998,6.5
11.58,0.04515371,0.4869474,-0.135403211862751,-2.44702714234659,-1.74846526524259,1.82237752796816,-0.254982497550541,0.368742312028488,-0.987842251293132,2.75523585646412,-6.49999999999717,6.49999999999978
11.59,0.02012316,0.5033,-0.131394995422477,-1.67519910405618,-1.63819281257609,1.55197410901879,-0.271364425676302,0.384262053118676,-0.942615982064948,2.87928901093368,-6.49999999993679,6.49999999958053
11.6,-0.00433961,0.5180457,-0.127218966337207,-0.93155207670679,-1.52057725831632,1.27942702207913,-0.286570198259465,0.397056323339468,-0.897299841116185,3.00027057644046,-6.49999999784449,6.49999709063075
11.61,-0.02740422,0.5324954,-0.122741026416423,-0.136437745025911,-1.39006972763665,1.01780996041695,-0.300470895535831,0.407234422943637,-0.850757008669056,3.11209865466912,-6.499999853685,6.43499435799365
11.62,-0.05205169,0.5422507,-0.118377428143827,1.87009189396219e-06,-1.2736599801101,0.731164066607853,-0.313207495336932,0.414546063609716,-0.807907943702438,-3.05383384070507,-6.49999162946375,0.00109613884768433
11.63,-0.07548359,0.5512131,-0.113567853936444,1.14549113868493e-12,-1.14747888005226,0.45630102635041,-0.324682284137455,0.41910907387322,-0.764139830709255,-2.94642538016751,-6.49902412668041,2.614092103829e-10
11.64,-0.09866147,0.5579282,-0.105581147513409,7.44707071632021e-19,-1.02127785012753,0.181967481577367,-0.33489506263873,0.420928748688993,-0.721315840494208,-2.84394939890401,-6.32813302229442,7.64791142997143e-17
11.65,-0.1217939,0.5620413,-0.0125502817062665,3.10661037565041e-20,-0.897672993723589,-0.0929272263691203,-0.343871792575966,0.419999476425302,-0.67996436236847,-2.74565212092589,-0.792508229329278,3.12077317798154e-18
11.66,-0.1448887,0.5636474,-3.45900481194663e-05,1.10590277406349e-14,-0.777359481500014,-0.36560814292482,-0.351645387390966,0.416343394996054,-0.640218235385279,-2.64367441679369,-0.00231836320871724,9.81220466008712e-13
11.67,-0.168177,0.5629554,-6.46663080008503e-08,6.36320487772998e-08,-0.662825580389573,-0.632589943660157,-0.358273643194862,0.410017495559452,-0.602657738866455,-2.56040633145667,-4.63278810185167e-06,4.75396612481232e-06
11.68,-0.19133,0.560747,-8.49573432853719e-11,0.0198420880933431,-0.551610409960801,-0.885913380951088,-0.36378974729447,0.401158361749942,-0.566643697957907,-2.48304995166925,-6.53777545187601e-09,1.29212662910463
11.69,-0.2141336,0.5574513,-7.95479985645213e-14,0.109508364062936,-0.442403895445366,-1.12133631533257,-0.368213786248924,0.389944998596616,-0.531771807572582,-2.41162195093268,-6.58467630920142e-12,6.49877940176632
11.7,-0.2362979,0.5536928,-5.98345888895391e-17,0.117037337255876,-0.333353804882499,-1.33345874456271,-0.371547324297749,0.376610411150989,-0.497450141035181,-2.34628617436802,-5.31375915392064e-15,6.49999946212819
11.71,-0.2576545,0.5500749,-6.23574560049611e-20,0.123125488582769,-0.223785572799173,-1.51766872717071,-0.373785180025741,0.361433723879282,-0.463367329903761,-2.28693502000611,-5.88914406422947e-18,6.49999999857074
11.72,-0.2778232,0.5462241,-2.69894609539263e-22,0.128388248469593,-0.111310009755911,-1.67812854605679,-0.3748982801233,0.344652438418714,-0.428680381954439,-2.23177300113144,-2.66590005305975e-20,6.49999999998672
11.73,-0.2963054,0.5425211,-3.20867342514383e-23,0.133049192955231,0.00723151965479474,-1.81249041208947,-0.374825964926752,0.326527534297819,-0.392224649135503,-2.18054833600656,-3.22431391242395e-21,6.49999999999964
11.74,-0.3127347,0.5388849,-5.41547782855105e-22,0.13723406815877,0.13357816838105,-1.92265994766873,-0.373490183242941,0.307300934821132,-0.353139832277053,-2.13235827822978,-5.41697747444094e-20,6.49999999999998
11.75,-0.3268794,0.5353483,-6.79419471893438e-19,0.140986818969857,0.26813466826556,-2.00959749179124,-0.370808836560286,0.287204959903219,-0.310870598540478,-2.08662957905309,-6.87213126217855e-17,6.5
11.76,-0.3385658,0.5319462,-6.42238488797282e-15,0.144348222954545,0.410721793889373,-2.07432788444748,-0.366701618621392,0.266461681058744,-0.264953691412146,-2.04289328507246,-7.15812443042796e-13,6.5
11.77,-0.3476603,0.5287942,-6.47156820840684e-11,0.147348151070247,0.560781529678586,-2.11727088068008,-0.361093803324606,0.245288972251944,-0.214962420747036,-2.00085303214302,-1.04378487077098e-08,6.5
11.78,-0.3539199,0.5262076,-6.98090787393073e-08,0.150001011640013,0.718662557975762,-2.13729315369484,-0.353907177744848,0.223916040714995,-0.160041895259055,-1.96047037778254,-9.92316846264921e-05,6.5
11.79,-0.3573926,0.5241758,3.96001267564935e-08,0.152344501555853,0.882185079433924,-2.1362479080577,-0.345085326950509,0.202553561634418,-0.100168309412937,-1.92137258132203,-0.40620541129744,6.5
11.8,-0.3577019,0.5229856,-0.0525167797545353,0.154393628548167,1.05287226941324,-2.11349386771899,-0.334556604256377,0.181418622957228,-0.0338161929505651,-1.88353011213296,-6.45566164093227,6.5
11.81,-0.3545792,0.5222363,0.205770866922836,0.156192398519709,1.2311575459314,-2.07435978448331,-0.322245028797063,0.160675025112395,0.0402994749552768,-1.84631333536027,-6.49996217503284,6.5
11.82,-0.3475108,0.5220116,0.820704893493208,0.157751851176988,1.41943960171084,-2.01978558241176,-0.308050632779954,0.140477169288278,0.124440223811909,-1.80959828731659,-6.49999994902288,6.5
11.83,-0.3361231,0.5216816,1.41560432315837,0.159098351557665,1.61866457217804,-1.95672367295152,-0.291863987058174,0.120909932558762,0.220323604249943,-1.77275559225515,-6.49999999989821,6.49999999999998
11.84,-0.3203737,0.5205278,2.08627280373492,0.160241772598068,1.82684239554246,-1.89234580717145,-0.273595563102749,0.101986474487048,0.328092674409186,-1.73524000021554,-6.49999999999969,6.49999999999991
11.85,-0.2997391,0.5181468,2.82383131916673,0.161171718769653,2.04611794326314,-1.83059205228864,-0.253134383670118,0.0836805539641615,0.449054341184165,-1.69685057709143,-6.5,6.49999999999954
11.86,-0.2744436,0.5143123,3.56644022979707,0.161869880233862,2.27210035557699,-1.77356664383258,-0.230413380114348,0.0659448875258356,0.580516245999528,-1.65758538741805,-6.5,6.49999999999773
11.87,-0.2439993,0.5090338,4.29060980108374,0.16231658838613,2.50669184976638,-1.72118597198753,-0.205346461616684,0.0487330278059604,0.721097464931245,-1.61760950539188,-6.5,6.4999999999897
11.88,-0.2094886,0.5018609,4.93924413202288,0.162496772314385,2.73840201063868,-1.6771939757287,-0.177962441510297,0.0319610880486733,0.863208136816086,-1.5770058908843,-6.5,6.499999999962
11.89,-0.1714287,0.4927562,5.47746125924835,0.162398963101073,2.96146172801985,-1.64149612747718,-0.148347824230099,0.0155461267739015,1.00219772665457,-1.53605257077345,-6.5,6.49999999988781
11.9,-0.1313882,0.4809965,5.88697444365474,0.162020137823859,3.16182912699555,-1.61969386432983,-0.116729532960143,-0.000650811869396712,1.13291421429339,-1.49506453671786,-6.5,6.49999999978059
11.91,-0.08882742,0.4672367,6.18174083225458,0.161366155173146,3.344473309271,-1.60527018757642,-0.0832847998674333,-0.0167035137451609,1.25649964535403,-1.45434500803051,-6.5,6.49999999965776
11.92,-0.04549819,0.4507591,6.37112639216929,0.160455840333219,3.49485946978373,-1.60369976031818,-0.0483362051695961,-0.0327405113483427,1.37128465693037,-1.41435950459544,-6.5,6.49999999964336
11.93,-0.001708744,0.4317613,6.47264398659228,0.15931318052311,3.61199870559067,-1.61224004845811,-0.0122162181136893,-0.0488629118329238,1.47899568661119,-1.37534306700133,-6.5,6.49999999972994
11.94,0.04161125,0.410215,6.49965115302119,0.157968125367936,3.69000938631033,-1.6301938071901,0.024683875749414,-0.0651648499048249,1.58115934524901,-1.33752792905387,-6.5,6.49999999984738
11.95,0.08375787,0.3864212,6.46146103679454,0.156444309615483,3.72567056295991,-1.65409991436403,0.0619405813790131,-0.0817058490484652,1.67977253291359,-1.30088261776587,-6.5,6.49999999992783
11.96,0.1241655,0.3606264,6.36254005199242,0.154761200789095,3.71748993075186,-1.68119943340714,0.0991154806865317,-0.0985178433825366,1.77686996766308,-1.26531570736447,-6.5,6.49999999996876
11.97,0.1621275,0.3332694,6.20255430969194,0.152924285050395,3.66322813188485,-1.70733097811657,0.13574776200538,-0.115591153163702,1.87456012092413,-1.23052727684669,-6.5,6.49999999998596
11.98,0.197394,0.3048694,5.97734336232095,0.150925705770925,3.5649893086218,-1.72801619238117,0.171397655091598,-0.132871315087514,1.97463949525832,-1.19610426880052,-6.5,6.49999999999256
11.99,0.2298026,0.2758697,5.68007768960659,0.148752553058553,3.42574790443706,-1.73982231061216,0.205655134135969,-0.150269538193636,2.07858857427882,-1.16167925332426,-6.5,6.49999999999491
12,0.25897,0.2468793,5.30077512015273,0.146373293951101,3.24667059932733,-1.73828319497533,0.238121840129242,-0.167652370143389,2.18801710467607,-1.12670978504858,-6.5,6.49999999999491
12.01,0.2852145,0.2181216,4.83334310908699,0.143777517868459,3.03499089845324,-1.72262529364185,0.268471749113775,-0.184878623079807,2.30306411412864,-1.09105082763217,-6.5,6.49999999999243
12.02,0.3086125,0.1898489,4.27533364565596,0.140951308612795,2.79554232283477,-1.69199655244523,0.296427172342122,-0.20179858860426,2.42362186809079,-1.05451655167454,-6.5,6.49999999998264
12.03,0.3293886,0.1623285,3.6339150262868,0.137878094312526,2.53419758843118,-1.64559721065179,0.321769148226434,-0.218254560710778,2.54855101265744,-1.01688999376986,-6.5,6.49999999993582
12.04,0.3478895,0.135602,2.9229045081224,0.134566586757856,2.25751430214014,-1.58469479834529,0.344344291247835,-0.23410150869423,2.67563112613321,-0.978233816756497,-6.5,6.49999999961872
12.05,0.3646792,0.1099052,2.16167414561036,0.131006539986975,1.97343516761148,-1.50892702575779,0.36407864292395,-0.249190778951808,2.80140620381708,-0.938330742537087,-6.49999999999999,6.49999999613314
12.06,0.3798399,0.08492505,1.40015298956347,0.12726300408404,1.68525149718344,-1.42265851170067,0.380931157895785,-0.263417364068815,2.9237920048245,-0.897768842677703,-6.49999999999132,6.49999993807184
12.07,0.3940136,0.06105458,0.666004967637966,0.123260733473752,1.40070080474941,-1.32405721022644,0.394938165943279,-0.27665793617108,3.03924264471509,-0.856034664726286,-6.49999995375363,6.49999820687235
12.08,0.4069363,0.03776715,-0.0177733335528029,0.119028934793529,1.11925593637702,-1.21922468649914,0.406130725307049,-0.288850183036071,-3.13537585735314,-0.814144968167711,-6.49894459773153,6.49991762244355
12.09,0.419088,0.01530495,0.000180386304560548,0.114333010560069,0.846644189994116,-1.10736547468273,0.41459716720699,-0.299923837782898,-3.03549868091559,-0.77178775160666,-0.323297202260589,6.49324988777604
12.1,0.4304307,-0.006434091,-2.12485093325314e-09,0.0947622758676863,0.583713085666716,-0.990680401119864,0.420434298063657,-0.309830641794097,-2.94384281366914,-0.729284615188493,-4.57485910081089e-07,5.62802922027621
12.11,0.4406489,-0.02773274,-1.82761633598802e-15,0.00255925887084592,0.328845553665964,-0.872732928796175,0.423722753600317,-0.318557971082059,-2.85889108344914,-0.687334297533701,-1.93049675239069e-13,0.16000892509825
12.12,0.4511498,-0.04741574,-5.55503502146012e-20,3.08549581171776e-06,0.0949364782607134,-0.744601981173115,0.424672118382924,-0.32600399089379,-2.7838704633566,-0.643572916777631,-5.5600898682933e-18,0.000205675860025781
12.13,0.4585291,-0.06834009,-2.3521395964078e-19,4.3985630778605e-09,-0.146654281890321,-0.631915912199332,0.423205575564021,-0.332323150015783,-2.78553019734631,-0.604478398728846,-2.35370206020507e-17,3.14036717815557e-07
12.14,0.4645175,-0.08950214,-2.72252394794525e-14,5.18761485787645e-12,-0.379094564600457,-0.525758069940608,0.419414629918016,-0.337580730715189,-2.71095365765121,-0.567796639612586,-2.68415072465104e-12,3.98259604772198e-10
12.15,0.4700569,-0.1097983,-6.8521142823816e-09,3.03481290669544e-15,-0.593629404788118,-0.417076288882512,0.413478335870135,-0.341751493604014,-2.64257302455607,-0.530952589784573,-6.06639559074334e-07,2.51642353309062e-13
12.16,0.4745748,-0.1299846,-0.000283617229643932,1.88377686619923e-18,-0.795048291888563,-0.313150045824194,0.405527852951249,-0.344882994062256,-2.57815008572049,-0.495935392632666,-0.0219701008754043,1.67790930237893e-16
12.17,0.4783249,-0.1500008,-0.0889478409500132,2.23068936034224e-21,-0.980908908911694,-0.213790268868557,0.395718763862132,-0.347020896750942,-2.51769331089731,-0.4626485715621,-6.12945018512837,2.10911726086494e-19
12.18,0.481452,-0.1695574,-0.103031300982469,1.17209388677615e-23,-1.14999242451285,-0.116876767250893,0.384218839617004,-0.348189664423451,-2.46089722192974,-0.430379001309916,-6.49957424129396,1.15586723735014e-21
12.19,0.4837618,-0.1883643,-0.110124083953083,8.95288001870098e-25,-1.304138783214,-0.0204462787444015,0.371177451784864,-0.348394127210895,-2.40677393888169,-0.398404321377431,-6.49999841136844,8.99052779220723e-23
12.2,0.4855799,-0.2058573,-0.116038718796757,2.63483721151566e-24,-1.44077879928193,0.0795970919196591,0.356769663792045,-0.347598156291698,-2.35549519817934,-0.365225625181427,-6.49999998274482,2.64053121205789e-22
12.21,0.4861973,-0.2217776,-0.121301931553442,2.9456018547964e-22,-1.5663513247571,0.184420905416403,0.341106150544474,-0.345753947237534,-2.30526271653326,-0.330203198005991,-6.49999999963239,2.94879171339274e-20
12.22,0.4857282,-0.2354496,-0.126108753077766,4.74560879198013e-19,-1.67993117497408,0.298547252669209,0.324306838794733,-0.342768474710842,-2.25604793664033,-0.291407934348324,-6.49999999998584,4.92332504503508e-17
12.23,0.4842121,-0.2466965,-0.130604946999657,2.44853622389364e-15,-1.7813823650932,0.421879402364617,0.306493015143801,-0.338549680687196,-2.20767639745341,-0.248356630683674,-6.49999999999909,2.94918155178367e-13
12.24,0.4817584,-0.2550389,-0.134851927813616,1.2590511200269e-11,-1.87007548619161,0.556788985870426,0.287792260281885,-0.332981790828492,-2.1600927583942,-0.199494460943541,-6.49999999999991,2.61306619470199e-09
12.25,0.4786797,-0.2601444,-0.138807422250805,-1.19395988107849e-08,-1.94382206679189,0.704139568636968,0.268354039613966,-0.325940395142122,-2.11352392306047,-0.143593526686481,-6.49999999999998,2.01242701499111e-05
12.26,0.4754838,-0.2618265,-0.142417217691037,0.000299070689964924,-1.99908730388934,0.863408410626199,0.248363166575072,-0.31730631103586,-2.06838905911681,-0.0797777089728883,-6.5,0.0983045582500647
12.27,0.4725787,-0.259724,-0.14566349949526,0.017872449859261,-2.0335962975917,1.03549205019682,0.228027203599155,-0.306951390533892,-2.02486496881587,-0.00640637500265958,-6.5,6.36448431378009
12.28,0.4705972,-0.2537566,-0.148526557064595,-0.475602320218444,-2.04353146045021,1.21876723472321,0.207591888994653,-0.29476371818666,-1.98334579504851,0.0771866060062131,-6.5,6.49992062821007
12.29,0.4689262,-0.2435157,-0.151092923471743,-1.12774123138205,-2.03600436848627,1.41441240509377,0.187231845309791,-0.280619594135722,-1.94272073441635,0.172871403572887,-6.5,6.4999999267288
12.3,0.4682925,-0.2290799,-0.153338871749446,-1.78725626023093,-2.00643315545159,1.61934217220232,0.167167513755275,-0.264426172413699,-1.90351292836713,0.280265682390944,-6.5,6.49999999988511
12.31,0.4682262,-0.2103752,-0.155318927170238,-2.52412225715859,-1.96080154261621,1.83193757793581,0.147559498329113,-0.246106796634341,-1.86494760314393,0.398991848349457,-6.49999999999999,6.4999999999997
12.32,0.4680428,-0.1875474,-0.157073986664254,-3.27137342080574,-1.90650275394137,2.04881896464688,0.128494470789699,-0.225618606987872,-1.82618640242616,0.526931201293055,-6.49999999999994,6.5
12.33,0.467064,-0.1609245,-0.158619751104299,-3.98760751089156,-1.85032035008281,2.26533651978392,0.109991267288871,-0.202965241790033,-1.78655741505529,0.66051047127008,-6.49999999999974,6.5
12.34,0.4646911,-0.1309978,-0.159948468287864,-4.64122293275983,-1.79781553238731,2.47586048367913,0.0920131119649976,-0.178206636953241,-1.74562216514161,0.795388798641311,-6.49999999999889,6.5
12.35,0.4601288,-0.09837507,-0.161038994343808,-5.20088481487854,-1.75569981351041,2.67430120320626,0.0744561138298935,-0.151463624921179,-1.70300785189383,0.92752190160878,-6.49999999999628,6.5
12.36,0.4526337,-0.06394878,-0.161854122079731,-5.64991910476073,-1.72961430525604,2.85278035799191,0.0571599707773331,-0.12293582134126,-1.65866461806113,1.05354351205055,-6.49999999999199,6.5
12.37,0.4424326,-0.02743831,-0.162349405352477,-5.9954031175182,-1.71648567667512,3.01402105004993,0.039995114010582,-0.0927956108407603,-1.61321453537588,1.1740851977721,-6.49999999998811,6.5
12.38,0.4285686,0.009642157,-0.162498775754961,-6.24027012216537,-1.72331376165735,3.14563887553719,0.0227619763940084,-0.0613392220853884,-1.56697205047693,1.28708215846246,-6.49999999999016,6.5
12.39,0.4113493,0.04701509,-0.162289845144269,-6.39871850759923,-1.74578139915819,3.24682548067964,0.00530416240242652,-0.028870967278592,-1.52068564950368,1.39399030423202,-6.49999999999483,6.5
12.4,0.3913069,0.08510051,-0.161730743778757,-6.48214538148929,-1.77794311780477,3.32288188174114,-0.0124752687756212,0.00435785153881935,-1.47489598005014,1.49664112441643,-6.49999999999793,6.5
12.41,0.3681523,0.1225929,-0.16084460798046,-6.49798927244882,-1.82115324843288,3.36442306327314,-0.03068680125995,0.0380020821715508,-1.43004923970022,1.59567657227319,-6.49999999999938,6.5
12.42,0.3424479,0.1593177,-0.159658978357153,-6.45176860336021,-1.86944635215365,3.37254111252581,-0.0493812647814865,0.0717274932968089,-1.38628871701097,1.69272354393667,-6.49999999999983,6.5
12.43,0.3144786,0.1942525,-0.158201921006715,-6.34511848640224,-1.9196435775825,3.34138563699786,-0.0685777005573115,0.105141349666788,-1.34365755547369,1.78958844713745,-6.49999999999996,6.5
12.44,0.2851031,0.227631,-0.156483707192997,-6.17659407359705,-1.96401636665565,3.27636815533083,-0.088217864223868,0.137905031220096,-1.30176910931446,1.88764530211251,-6.49999999999999,6.5
12.45,0.2549241,0.2590852,-0.154505331743653,-5.94179353952114,-1.99766446641596,3.17766044814018,-0.108194508888028,0.169681635701498,-1.26024974938295,1.98834172695128,-6.49999999999999,6.5
12.46,0.2245451,0.2885526,-0.152255162723548,-5.6350170075244,-2.01616819683493,3.04820981521394,-0.128356190856377,0.200163733853637,-1.21865674912719,2.09266602930797,-6.5,6.5
12.47,0.1947198,0.3160406,-0.149700805667007,-5.25085839462771,-2.01432660400415,2.89151781358899,-0.148499456896418,0.229078911989527,-1.17636888659173,2.20115353603999,-6.5,6.5
12.48,0.1656662,0.3415876,-0.146827661483578,-4.78616979689916,-1.99199882835716,2.71124935347655,-0.16841944517999,0.256191405524292,-1.13320091742491,2.31384180865228,-6.49999999999999,6.5
12.49,0.1377076,0.3654472,-0.143611798871059,-4.24548765811933,-1.94831945350346,2.51272434365009,-0.187902639715025,0.281318648960793,-1.08884834882069,2.429706990122,-6.49999999999998,6.5
12.5,0.1106721,0.3873684,-0.140071522147712,-3.6338547277021,-1.88678609590765,2.29673618064345,-0.206770500674101,0.304286010767228,-1.04354484741384,2.54856225304503,-6.49999999999992,6.5
12.51,0.08480144,0.4078508,-0.136196357293952,-2.96942461562747,-1.80727384823119,2.07040463966452,-0.224843239156413,0.324990057163873,-0.997045167582182,2.66762870263646,-6.49999999999938,6.5
12.52,0.05960839,0.4266146,-0.132067888381753,-2.25539245076315,-1.71588775950445,1.83381845271669,-0.242002116751457,0.34332824169104,-0.950075920589196,2.78632528311057,-6.49999999999251,6.49999999999981
12.53,0.034957,0.4437171,-0.127747282041931,-1.52823101470293,-1.61537043425241,1.58994801507487,-0.258155821093982,0.359227721841789,-0.902939488474548,2.90297207777555,-6.4999999998665,6.49999999984034
12.54,0.01084317,0.459466,-0.123234177273529,-0.834135716920316,-1.50719653341861,1.34365921448781,-0.273227786428168,0.372664313986667,-0.855763813557892,3.01515149222853,-6.4999999964244,6.49999960750126
12.55,-0.01332991,0.4732657,-0.118564696847099,-0.0725061619286507,-1.3977271648132,1.09188500229354,-0.2872050580763,0.383583164009602,-0.809689031177194,3.12402142025547,-6.4999998761812,6.49563204388454
12.56,-0.03729327,0.4854469,-0.113612259567696,0.000279323744208866,-1.28556189803782,0.839591578442068,-0.300060677056678,0.391979079794023,-0.764380203070917,-3.0555779976161,-6.49999394225463,0.14051056527491
12.57,-0.06144952,0.4955701,-0.108368749281133,6.61059678563836e-10,-1.1750510166334,0.584901387486973,-0.311811187223012,0.397828093668892,-0.720732263290937,-2.95617049732806,-6.49962740257388,1.9739812589435e-07
12.58,-0.08562764,0.5036306,-0.102249909332366,3.59752494732292e-16,-1.06537362516429,0.32974643573494,-0.322464923474655,0.401125558026242,-0.678526543467722,-2.86126819722065,-6.46951760863713,3.82205418370207e-14
12.59,-0.109805,0.5095965,-0.0633488451027959,2.48190039670438e-21,-0.957012802079156,0.0756718128383795,-0.332035051495446,0.401882276154626,-0.637823003992927,-2.77088677721547,-4.26270508720378,2.48960724172484e-19
12.6,-0.1339539,0.5133324,-0.00110682639717817,7.17867071949604e-20,-0.850357797301875,-0.176773753416477,-0.340538629468465,0.400114538620461,-0.598653845696,-2.7472620932343,-0.0799025072949513,7.21260029916386e-18
12.61,-0.1579857,0.5150791,-4.76526144344427e-06,1.05716634446395e-13,-0.745248446321988,-0.423953477523675,-0.347991113931685,0.395875003845224,-0.560902849335361,-2.66044760498428,-0.000371084006301116,9.68371211422173e-12
12.62,-0.1817071,0.5153252,-1.31174026188751e-08,1.42368653036303e-07,-0.640649678773649,-0.660502355637831,-0.354397610719421,0.389269980288846,-0.524203415132684,-2.5793024622727,-1.10314896546435e-06,1.10547821380776e-05
12.63,-0.2053183,0.5144051,-2.72336749641308e-11,0.0118053274897491,-0.538901848733708,-0.882860828883878,-0.359786629206759,0.380441372000007,-0.489101390810642,-2.50398851163559,-2.45792039816423e-09,0.794661884094217
12.64,-0.2280142,0.5133404,-3.04786124587965e-14,0.10629956280423,-0.43372650869172,-1.08212493888467,-0.364123894293676,0.36962012261116,-0.453714479272147,-2.43595791503158,-2.92114466939839e-12,6.4920494420959
12.65,-0.2498165,0.5126055,-2.42839172369704e-17,0.113875923467602,-0.326308968258793,-1.25486305220938,-0.367386983976264,0.357071492089067,-0.418221321444328,-2.37489740090261,-2.41894960226617e-15,6.49998909144922
12.66,-0.2709582,0.5118214,-3.00073661983315e-20,0.119929491151345,-0.219519673308504,-1.40523983610017,-0.369582180709349,0.343019093728065,-0.383321259435575,-2.31875560207066,-3.01494987992811e-18,6.49999993733898
12.67,-0.2898643,0.5122767,-1.08099170426481e-22,0.124867526673223,-0.100872477883676,-1.5233014228229,-0.370590905488186,0.327786079499836,-0.344986723272287,-2.2690278531078,-1.08059167526014e-20,6.49999999847881
12.68,-0.3075483,0.5128212,-1.85765792558919e-23,0.129244052252379,0.0193487093593276,-1.62051575586088,-0.370397418394592,0.311580921941227,-0.306127212808726,-2.22252419340794,-1.88754747446254e-21,6.49999999991368
12.69,-0.3225541,0.5141486,-6.54780217542381e-22,0.133113218062743,0.1523507297753,-1.69213977112819,-0.368873911096839,0.294659524229945,-0.26278759046382,-2.17982883117201,-7.35963717385909e-20,6.49999999998834
12.7,-0.3352693,0.5155644,-1.43916541312919e-18,0.136654847858302,0.292897506424993,-1.74559750704532,-0.365944936032589,0.277203549159492,-0.216194953573763,-2.13918344012931,-2.28504286959631e-16,6.49999999999721
12.71,-0.3454566,0.5170961,-5.29881423148825e-15,0.139892844498225,0.441359696857027,-1.78179287256666,-0.361531339064019,0.259385620433826,-0.165690607995451,-2.10025533251206,-4.23445924817851e-12,6.4999999999989
12.72,-0.3528558,0.5187238,7.46183769036366e-11,0.142855484800832,0.598207575526914,-1.80206867482638,-0.35554926330875,0.241364933685562,-0.110473632594264,-2.06269527547356,-8.7106043032974e-08,6.49999999999932
12.73,-0.357421,0.5204291,-6.96032243591269e-06,0.145566892481096,0.762019993825454,-1.80775784090234,-0.347929063370495,0.223287355276538,-0.0503442569738471,-2.02620931608956,-0.000927019018643061,6.49999999999938
12.74,-0.3590491,0.5223576,0.02398822603171,0.148032223582752,0.93192111106471,-1.79881384011725,-0.338609852259848,0.205299216875366,0.0151355943758331,-1.99076752817881,-2.56918708742416,6.49999999999916
12.75,-0.3575278,0.5245133,0.549098658999882,0.15027018527957,1.10797416458867,-1.77648130019456,-0.327530110613962,0.18753440387342,0.086813187629427,-1.95616357091597,-6.49525191813742,6.49999999999836
12.76,-0.3523969,0.5268105,1.08833726181656,0.152302280633815,1.29226453290968,-1.7427440336572,-0.314607465284865,0.170106963536848,0.166409760379984,-1.92211219970499,-6.49999582962954,6.49999999999555
12.77,-0.3437195,0.5289999,1.62191164091091,0.15415382342657,1.48226793798583,-1.70086679738872,-0.299784785905007,0.153098295562961,0.253736874301583,-1.88817742545553,-6.49999999321873,6.49999999998445
12.78,-0.3305617,0.5307541,2.23481892036595,0.155843506246836,1.68396045779523,-1.65455367031917,-0.282945181327054,0.136552758859769,0.351951131579397,-1.85389751599447,-6.49999999998437,6.49999999993615
12.79,-0.3133868,0.5312852,2.88059635425048,0.157397052418427,1.89105531462455,-1.61107235960458,-0.264034628180809,0.120442035263724,0.458719096698876,-1.8184152958986,-6.49999999999994,6.49999999975074
12.8,-0.2914265,0.5302382,3.53911156762141,0.158800011847954,2.1080441572895,-1.57344908106931,-0.242954186607914,0.104707544453031,0.575472888511961,-1.78146325892464,-6.5,6.49999999916381
12.81,-0.2648443,0.527438,4.18391018811404,0.160022910961349,2.33118268519802,-1.5429116109923,-0.219642359755933,0.0892784283431076,0.699427087357251,-1.74304568682298,-6.5,6.4999999977114
12.82,-0.233811,0.5227903,4.78402474168789,0.161032221863653,2.55693330073645,-1.51986177460153,-0.194073026748569,0.0740798105970924,0.827263762390485,-1.7033144074456,-6.5,6.49999999502325
12.83,-0.1987783,0.5161206,5.30581730261086,0.161797396138913,2.77968620274927,-1.50527935582359,-0.166276164721076,0.0590270170388565,0.954916072087269,-1.66244472544393,-6.5,6.49999999177046
12.84,-0.1605652,0.5073062,5.72823391016247,0.162291379530912,2.99124983933902,-1.49956995715621,-0.136363666327686,0.0440313174672944,1.07845455025085,-1.62072366563445,-6.5,6.49999998987908
12.85,-0.1201753,0.4960554,6.04749837161335,0.162495094030617,3.18265045761796,-1.50445115498329,-0.104537161751507,0.0289868059174615,1.19537654595536,-1.57845174123339,-6.5,6.49999999129079
12.86,-0.0791106,0.4818304,6.27087562183826,0.162398677360234,3.34164347737418,-1.52347289386305,-0.0711207269777647,0.013752076978831,1.30442724874771,-1.53600349095025,-6.5,6.4999999953195
12.87,-0.03629004,0.4656258,6.41428310589992,0.162004624066545,3.47880433759156,-1.54700301295085,-0.0363326836018491,-0.00171795315067754,1.40817472149377,-1.49384947838483,-6.5,6.49999999782057
12.88,0.005943962,0.4465172,6.48643312955261,0.161327918915908,3.57538521095803,-1.58218946117505,-0.000578831492268783,-0.0175398477624281,1.50615916511434,-1.45239536897773,-6.5,6.49999999929424
12.89,0.04762266,0.424978,6.49715634046725,0.160389383801289,3.6343114531217,-1.62384005192443,0.0357642830389483,-0.0337782482816724,1.60038472710887,-1.41183106848315,-6.5,6.49999999980899
12.9,0.08812029,0.4012606,6.45204934018767,0.159211321458267,3.65304080852914,-1.66899158031578,0.0722946911242397,-0.0504681640848302,1.69236774134215,-1.37223217190355,-6.5,6.49999999995211
12.91,0.1262148,0.3755229,6.35294054348178,0.157815710176948,3.6245461240921,-1.71569211682195,0.108540152365161,-0.0676250852530497,1.78397049014265,-1.33361516323313,-6.5,6.49999999998814
12.92,0.1620912,0.3484329,6.19844350259675,0.156207284858978,3.55446819750717,-1.757887250216,0.144084834340232,-0.0852039577552097,1.87666827395561,-1.29560738295976,-6.5,6.49999999999655
12.93,0.195215,0.320393,5.98379506492758,0.154386811990616,3.44226511109812,-1.79227147915284,0.178507485451213,-0.103126672546738,1.97210541160244,-1.25792953840001,-6.5,6.49999999999872
12.94,0.2254851,0.2919356,5.70227797220139,0.152341054009366,3.29135401541959,-1.81478839554066,0.211421025605409,-0.121274556502145,2.07152016417843,-1.22015962461592,-6.5,6.49999999999933
12.95,0.2528274,0.2634852,5.34601141089896,0.150052180307642,3.10536972064881,-1.82269936728487,0.242474722811898,-0.139501550174993,2.17589758897294,-1.18193767197895,-6.5,6.49999999999948
12.96,0.2773401,0.2353581,4.90844081195217,0.147501946588173,2.88933094960418,-1.81450028322429,0.271368032307939,-0.157646553007236,2.28563509578861,-1.14298907922871,-6.5,6.49999999999938
12.97,0.2992446,0.2078634,4.38792890190573,0.144667964294113,2.6490781478395,-1.78898362261546,0.297858813786334,-0.175536389233391,2.40037578871264,-1.10302907413795,-6.5,6.4999999999988
12.98,0.3189533,0.1811994,3.79274466195649,0.141534053324415,2.39173540999193,-1.74608724327587,0.321776167886254,-0.19299726166615,2.51864201370514,-1.06188187845802,-6.5,6.49999999999622
12.99,0.3365156,0.1553185,3.13259743415441,0.13811091709949,2.12092009770554,-1.68792679861752,0.342985368863309,-0.209876529652325,2.63923007743297,-1.01967561759568,-6.5,6.499999999981
13,0.3524747,0.1302355,2.42301150144467,0.134411607019126,1.84416764136427,-1.61602638272429,0.361427045276952,-0.226036793479568,2.75915500568694,-0.9764645209486,-6.49999999999987,6.4999999998486
13.01,0.3671575,0.105884,1.69658399403514,0.130469846341061,1.56662306473972,-1.53255788995399,0.377093275924349,-0.241362372379108,2.87585627212444,-0.932434652206217,-6.49999999971609,6.49999999811175
13.02,0.3813179,0.08277343,1.02377336170327,0.126232614567734,1.29657044708828,-1.43479253732053,0.390058980395232,-0.255710297752313,2.98565493007247,-0.886849556813461,-6.49999829224878,6.49999995695114
13.03,0.3945476,0.06000755,0.288045375491464,0.121807461412471,1.03184762146179,-1.33204579995891,0.40037745660985,-0.269030755751902,3.08914272965748,-0.841366401982579,-6.45957049533584,6.49999857810996
13.04,0.4072103,0.0378814,-7.60889185431918e-05,0.117064274930536,0.776880941231752,-1.22296346570573,0.408146266022167,-0.281260390408959,-3.09830872417415,-0.795569740435485,-0.00946987281752495,6.49992368002825
13.05,0.4192742,0.01621851,2.00296033959134e-11,0.111825638956045,0.53235885093298,-1.11027834049637,0.413469854531497,-0.292363173813923,-3.01001563448395,-0.749941940704504,-1.7700832384659e-08,6.4934987974204
13.06,0.4309197,-0.004752424,-1.32671530592219e-16,0.0920613399577664,0.300608141374653,-0.993145103174655,0.416475935945243,-0.302294624845669,-2.929225374335,-0.704144409754837,-2.21565286677827e-14,5.63286195275255
13.07,0.4413899,-0.02575478,-1.46760345135407e-20,0.00290109450575246,0.0758511851674442,-0.878753957011163,0.417234447796918,-0.311082164415781,-2.85308161002018,-0.659917623508613,-1.530908226335e-18,0.188531033776121
13.08,0.4511972,-0.04614613,-7.45457339238367e-20,6.66294685088282e-06,-0.136660442092271,-0.762297134024962,0.415867843375995,-0.318705135756031,-2.76670752580113,-0.615911488987048,-7.48265087898196e-18,0.000465747837844534
13.09,0.459586,-0.06647043,-1.9712983959099e-15,9.6461710342635e-09,-0.342782258861675,-0.649268176092562,0.412440020787378,-0.325197817516956,-2.69912909430767,-0.573577801648349,-1.91813340646512e-13,7.31837965284275e-07
13.1,0.4667551,-0.08658663,-2.37644667377759e-10,8.73672981772706e-12,-0.539956351075581,-0.538972749090767,0.407040457276623,-0.330587545007864,-2.63492932652219,-0.532672144584331,-2.07202580499643e-08,7.21827021765041e-10
13.11,0.4727396,-0.1066169,-7.56575373165447e-06,5.96062411014382e-15,-0.727263805082991,-0.432949594797627,0.399767819225793,-0.33491704095584,-2.57379687578573,-0.493612357735593,-0.000580833294934171,5.33327579857331e-13
13.12,0.4776566,-0.1264807,-0.0293613872329564,3.83414517050499e-18,-0.903245935316782,-0.330892138716209,0.390735359872625,-0.338225962343002,-2.51560218772178,-0.45625534632554,-2.01591099591709,3.66105812802884e-16
13.13,0.4816883,-0.1461536,-0.102908596508695,3.91239115830678e-21,-1.06609728200247,-0.232961081997388,0.3800743870526,-0.340555573162976,-2.46032015408177,-0.420596480718733,-6.48672214486631,3.89067819460206e-19
13.14,0.4851392,-0.1653873,-0.109958175515735,1.35855714339665e-23,-1.21323163813588,-0.137409867359565,0.367942070671241,-0.341929671836572,-2.40812495116006,-0.385976275621371,-6.49995424873696,1.36520384282601e-21
13.15,0.4880603,-0.1837709,-0.115697286623003,4.92677215455285e-25,-1.34450153699412,-0.0412690627949672,0.3544970553013,-0.342342362464522,-2.35860779952037,-0.351250497824048,-6.49999954800153,4.92708643967319e-23
13.16,0.4901688,-0.2010853,-0.120743789845834,6.16987629027148e-25,-1.462667416798,0.056578866696249,0.33987038113332,-0.341776573797559,-2.31078205363865,-0.31584950845571,-6.49999999034631,6.21678552192865e-23
13.17,0.4912462,-0.216918,-0.125355700304937,3.23550220301934e-23,-1.56981342627284,0.158757021638245,0.324172246870592,-0.340189003581177,-2.26394398292906,-0.2785851276006,-6.49999999963093,3.45287379760566e-21
13.18,0.4912246,-0.230845,-0.129682356398516,2.61763833686266e-20,-1.66666648992961,0.267731734989241,0.307505581971296,-0.337511686231284,-2.2177606313712,-0.238199465481808,-6.49999999997725,3.36539652030091e-18
13.19,0.4898891,-0.2425365,-0.133832633885847,6.20339707692369e-17,-1.75519233373034,0.384929779876401,0.289953658633992,-0.33366238843252,-2.17170980749192,-0.193686970886033,-6.49999999999798,1.4669361522538e-14
13.2,0.4872954,-0.2516102,-0.137788592213635,-6.11198246458582e-14,-1.83498815115525,0.51203579170236,0.27160377712244,-0.328542030515497,-2.12577092642373,-0.143781993466217,-6.49999999999975,1.05073302734668e-10
13.21,0.4835334,-0.2577926,-0.141514264765665,1.18555270654284e-09,-1.90546288883686,0.649614377950364,0.252549148234071,-0.322045886735993,-2.07996221844545,-0.0875024139124157,-6.49999999999996,6.78607558256622e-07
13.22,0.4790541,-0.2606542,-0.144946918112027,2.32653769089109e-05,-1.96312188565348,0.79940889308979,0.232917929377536,-0.314051797805095,-2.03475905845386,-0.0231939910910449,-6.49999999999999,0.00323179178101037
13.23,0.4749425,-0.2599211,-0.147997764175334,-0.16638847405501,-1.99956253421005,0.961630223037691,0.212922304035436,-0.304435495574718,-1.9912806067961,0.0502949922867204,-6.5,3.94065318097558
13.24,0.4702609,-0.255556,-0.150769415566888,-0.878456024924327,-2.02411251335122,1.13441291932697,0.192681178901924,-0.293091366381448,-1.94805844916493,0.133181871429476,-6.5,6.49764163081203
13.25,0.4661094,-0.2471324,-0.153198792371826,-1.45705444646738,-2.02839894805965,1.31921044153845,0.172397189421327,-0.279899261966064,-1.90608250984612,0.22707569578217,-6.5,6.49999791490128
13.26,0.4628941,-0.2340489,-0.155296396763681,-2.12230195758472,-2.01068142177952,1.518725726824,0.152290375203532,-0.264712004697824,-1.8654133173603,0.333867831138406,-6.5,6.49999999740576
13.27,0.4607475,-0.2168317,-0.157088943703532,-2.83033373041357,-1.97180466614414,1.72593893325329,0.132572328542091,-0.247452615365291,-1.82583169301199,0.450158408749925,-6.49999999999999,6.4999999999945
13.28,0.4594169,-0.1953759,-0.158609721290408,-3.53335859226129,-1.9159078108692,1.93961451250974,0.113413250433399,-0.228056470240194,-1.78683739891309,0.574413361718713,-6.49999999999995,6.49999999999998
13.29,0.4582648,-0.1702172,-0.15988613255852,-4.19724342565858,-1.85011282992352,2.1532371467158,0.0949121221341635,-0.206524098773036,-1.74775110999765,0.702113969259408,-6.49999999999973,6.5
13.3,0.456996,-0.1415449,-0.160920445854412,-4.79670668822502,-1.7781636651955,2.36371612340819,0.0771304854822085,-0.182886937538954,-1.70827596916878,0.830147222431577,-6.49999999999803,6.5
13.31,0.4548701,-0.1098531,-0.161710149444352,-5.30608519368131,-1.70724646550147,2.56570208653279,0.0600580208271938,-0.157229916673626,-1.66797294362881,0.95498736548537,-6.4999999999847,6.5
13.32,0.4507426,-0.0761105,-0.162240667909895,-5.71239448651283,-1.64731042246144,2.75039445576363,0.0435849166025794,-0.129725972115989,-1.62646353664562,1.0733240298814,-6.49999999990741,6.5
13.33,0.4441681,-0.0407997,-0.162485518712618,-6.02155601431769,-1.601561904108,2.91389298514139,0.0275692975614994,-0.100587042264576,-1.58394922445765,1.18463437934032,-6.49999999961761,6.5
13.34,0.4349025,-0.003901255,-0.162424923754813,-6.24528842733712,-1.57115756247604,3.05694692737363,0.011857721936739,-0.0700175729908393,-1.54084732657842,1.2898546259976,-6.49999999899698,6.5
13.35,0.4219023,0.03340756,-0.162052746425059,-6.39265508166821,-1.56371345957924,3.1704222161297,-0.0037794126590534,-0.0383133508295423,-1.49768416392729,1.38876059288609,-6.49999999872652,6.5
13.36,0.4055047,0.07104883,-0.161380471134915,-6.4749604374527,-1.57453332209762,3.25530126305178,-0.0195247458800296,-0.0057603381990245,-1.45508337871493,1.48297100311878,-6.49999999910122,6.5
13.37,0.3852588,0.108089,-0.160438115685187,-6.499974649456,-1.60575131961905,3.30556084278589,-0.03558225907622,0.0272952702288344,-1.41368120380436,1.57358990367659,-6.49999999966606,6.5
13.38,0.3620114,0.1449537,-0.159254862661369,-6.47290855601673,-1.64836184679394,3.32723421723671,-0.0520658775441595,0.0605676124012015,-1.37355606464218,1.66215166032989,-6.49999999991099,6.5
13.39,0.3362189,0.181216,-0.157857056984903,-6.396309482474,-1.69728265299212,3.3189531998573,-0.0690387040740806,0.0937571443997745,-1.33467036111556,1.74969824430022,-6.49999999997971,6.5
13.4,0.3077873,0.215617,-0.156277911429012,-6.26962292827165,-1.75239877795488,3.27274989302994,-0.0865626918536294,0.126484643330074,-1.29716900650259,1.83789689849493,-6.49999999999597,6.5
13.41,0.2778396,0.2485442,-0.154508099043657,-6.09070832563465,-1.80341802265731,3.19528650831776,-0.104596872080202,0.158437508413251,-1.26030411981694,1.92764101895458,-6.49999999999906,6.5
13.42,0.2467732,0.2792591,-0.152546823228882,-5.85373927842594,-1.84698161875767,3.08351943715261,-0.123066688267779,0.189272702784777,-1.22378456840123,2.02058760894221,-6.49999999999972,6.5
13.43,0.2155172,0.3080305,-0.150358287290956,-5.55377911802074,-1.8756319423815,2.9432815800249,-0.141823007691594,0.218705518585026,-1.18684818280412,2.117210380485,-6.49999999999988,6.5
13.44,0.1849927,0.3350245,-0.14788942452296,-5.18692509479699,-1.88270530543704,2.77926485514567,-0.160650060745965,0.246498167136483,-1.14870248667057,2.21763914052626,-6.4999999999999,6.5
13.45,0.1548874,0.3597125,-0.145160099022982,-4.74531286037231,-1.87251914478104,2.59016007834038,-0.179375252193775,0.272399767919887,-1.10975856663636,2.32307573687411,-6.49999999999988,6.5
13.46,0.1267103,0.3831076,-0.142046860648644,-4.23938991309701,-1.83397932617722,2.38777163081953,-0.197715045455547,0.296277484228082,-1.06843166510868,2.43094642534818,-6.49999999999967,6.5
13.47,0.09920385,0.4043714,-0.138662483496491,-3.66525140061825,-1.78016061653693,2.16760813416639,-0.215516651620916,0.317953565569746,-1.02631463157564,2.54269798525007,-6.49999999999864,6.5
13.48,0.07383621,0.424657,-0.134858437159294,-3.0482284568741,-1.70045118220041,1.94224989062126,-0.232521163442921,0.337376064475959,-0.981574533387571,2.65397837474792,-6.49999999998788,6.49999999999999
13.49,0.04945987,0.443429,-0.130783426121847,-2.38621860377111,-1.60709136186548,1.70921697339497,-0.248592077061575,0.354468234209908,-0.935876245876675,2.76514523112615,-6.49999999982046,6.4999999999948
13.5,0.02606232,0.460723,-0.126467278416272,-1.70295126789046,-1.5019446364052,1.47104271783891,-0.263611523425627,0.369178661388298,-0.889326268904283,2.87483469729572,-6.49999999552488,6.49999999413197
13.51,0.003150456,0.4764247,-0.12195430061424,-1.04463559794944,-1.39080439470849,1.22883921002339,-0.277519567372712,0.381467053488531,-0.842835527633609,2.98228903126366,-6.49999983184854,6.49997815914449
13.52,-0.01876552,0.4909527,-0.11707293363295,-0.304709949053149,-1.2706681797365,0.988087353144607,-0.290226249170077,0.391347927019978,-0.795639436191627,3.08509494425571,-6.49998854034383,6.20431578019875
13.53,-0.04008978,0.5040255,-0.111758074096229,1.35519099878614e-05,-1.14646160036176,0.747979211790629,-0.301690865173695,0.398827719137884,-0.748611989835408,-3.0995451882894,-6.49868812631671,0.00167502594299256
13.54,-0.06072464,0.5161566,-0.101596868784826,-4.11464032358553e-12,-1.01854975867295,0.514385262397454,-0.311876362760424,0.403971571761858,-0.701697426361319,-3.00734770731191,-6.23531356612121,3.9224550359202e-09
13.55,-0.08355946,0.5234267,-0.01576830826703,5.76540657059122e-18,-0.912167216407475,0.255766926485734,-0.320998034924499,0.406529241026716,-0.661059408134782,-2.90885517955445,-1.02297644149724,7.73198670853817e-16
13.56,-0.1055516,0.5296666,-6.97300747044243e-05,1.88083830779433e-21,-0.800900397212885,0.00786028479629408,-0.329007038896628,0.406607843874679,-0.620152130608355,-2.8178160919268,-0.00483716243679157,1.88693800289776e-19
13.57,-0.1279676,0.5335601,-2.27163494285929e-07,2.60755738822683e-18,-0.696452607485838,-0.239461847666504,-0.335971564971486,0.404213225398014,-0.581959206045669,-2.70955246343995,-1.69451734148157e-05,2.56721707432715e-16
13.58,-0.1510104,0.5349835,-7.73335204317403e-10,6.37654340009312e-12,-0.600646909931037,-0.485563762314918,-0.341978034070797,0.399357587774864,-0.546992002213335,-2.62356649212014,-6.19980707435142e-08,5.43185210000439e-10
13.59,-0.1743877,0.5345733,-2.62185679616412e-12,5.29536670441571e-06,-0.51097358555176,-0.723544999404282,-0.347087769926314,0.392122137780822,-0.514539952570524,-2.54254407782151,-2.24955207033625e-10,0.000381986678186753
13.6,-0.1983163,0.532748,-1.14975306589617e-14,0.0775262993812853,-0.429327957874889,-0.948945525486579,-0.351381049505063,0.382632682525956,-0.485125062205782,-2.46698463612098,-1.04548093646256e-12,4.93202405814752
13.61,-0.2221682,0.5302041,-5.31124684398211e-17,0.111221138230363,-0.350359030529894,-1.15544764142542,-0.354884639810362,0.371078206111702,-0.457123508076819,-2.39763060221781,-5.0648944658093e-15,6.49959299543265
13.62,-0.2453265,0.5277002,-2.30693841924203e-19,0.118248065916473,-0.269234245715722,-1.33687094742345,-0.357576982267519,0.357709496637467,-0.428991043305508,-2.33491430838974,-2.27802816310135e-17,6.4999994276347
13.63,-0.2683844,0.5248077,-2.04679824110072e-21,0.124119907059716,-0.191618238632799,-1.49759814732035,-0.359493164653847,0.342733515164264,-0.402385150891035,-2.27675872673949,-2.05368349944379e-19,6.49999999691761
13.64,-0.2902009,0.5218484,-3.9622452516325e-23,0.129213288005166,-0.108241680435235,-1.63554620782219,-0.3605755814582,0.326378053086042,-0.374289268064296,-2.22285787429491,-3.97681609828794e-21,6.49999999994921
13.65,-0.310073,0.5193332,-4.88145911834375e-24,0.133700423407699,-0.0142954609830426,-1.74738782032566,-0.36071853606803,0.308904174882785,-0.342956766300717,-2.17320669796564,-4.87949972921094e-22,6.49999999999771
13.66,-0.3277704,0.5171039,-1.89785667648287e-23,0.13770809022846,0.0906160226507922,-1.83582095766257,-0.359812375841522,0.290545965306159,-0.307953132677468,-2.12673055703015,-1.92480110223352e-21,6.49999999999977
13.67,-0.342775,0.5150795,-4.3735524100992e-21,0.141299329647952,0.209170171203887,-1.90283695758561,-0.357720674129483,0.271517595730303,-0.267949248017841,-2.08268718353019,-4.82167231970426e-19,6.49999999999996
13.68,-0.3550049,0.5133516,-1.60296742280396e-17,0.144510032636808,0.340093224694158,-1.94897546622358,-0.354319741882542,0.252027841068067,-0.222822334676364,-2.04070626882152,-2.35836307122696e-15,6.49999999999999
13.69,-0.3640381,0.5122193,-7.96486073179677e-14,0.147355990317225,0.484958507387354,-1.97315180835816,-0.349470156808668,0.232296322984486,-0.171299423719548,-2.00073861934941,-4.35680941129018e-11,6.49999999999999
13.7,-0.3698789,0.5118692,8.06335729627466e-10,0.149866780540295,0.641558554539621,-1.97545847337145,-0.343054571263272,0.212541738250771,-0.113346689372478,-1.96260215840143,-8.03764288928975e-07,6.49999999999999
13.71,-0.3722961,0.51229,-6.79207276679421e-05,0.152083239290358,0.809744833048718,-1.95778318290144,-0.334957122932785,0.192963906421757,-0.0480665059587436,-1.92592643984114,-0.00880441647945272,6.49999999999999
13.72,-0.3710944,0.5136799,0.100657823244927,0.154025843230805,0.98899950756573,-1.92025383946915,-0.325067127857127,0.173761368027065,0.0253967488533614,-1.89063150404808,-5.73304442678801,6.49999999999996
13.73,-0.3660183,0.5156013,0.707709006964856,0.155744068062177,1.17926692786749,-1.86841512145142,-0.313274458578452,0.155077216812551,0.108133100181615,-1.85602362572109,-6.49968961503832,6.49999999999985
13.74,-0.3565094,0.5177191,1.30541165182414,0.157265091952003,1.38293856008838,-1.80660187872327,-0.299445072977569,0.137011198025318,0.202250675671548,-1.8216177276086,-6.49999981150467,6.49999999999919
13.75,-0.3427296,0.5193204,1.95361571441273,0.158615306299033,1.59611536582406,-1.74199952594078,-0.283483919319328,0.119591202765911,0.306867181999326,-1.78668153639349,-6.49999999978987,6.49999999999488
13.76,-0.3245018,0.5196381,2.66204575833258,0.159801892889198,1.81797263090864,-1.6816630904244,-0.265304193010242,0.102774571861667,0.421832238036645,-1.75058858828994,-6.4999999999996,6.49999999996942
13.77,-0.3015923,0.5181836,3.37957499703747,0.160808006108209,2.04816377994511,-1.62971622749065,-0.244822555210791,0.0864774095867602,0.546362714485543,-1.71309374560019,-6.5,6.49999999984976
13.78,-0.2740545,0.5148093,4.07490327825159,0.161603845755957,2.2839192433914,-1.58704266730206,-0.221983362776877,0.0706069829137396,0.677673074333234,-1.67431167189124,-6.5,6.49999999942189
13.79,-0.2421992,0.5093046,4.71441667413808,0.16216129893115,2.52051711335542,-1.55490653663569,-0.196778191643323,0.0550579175473826,0.811593859359717,-1.63441681863066,-6.5,6.49999999836283
13.8,-0.2066114,0.5015859,5.26273881998871,0.16245598795031,2.7513382113896,-1.53333841571278,-0.169264809529427,0.0397245333902548,0.943543901243472,-1.59372662896207,-6.5,6.49999999666014
13.81,-0.1680402,0.4914917,5.70175203890013,0.162472262720526,2.96898702350026,-1.52293680844063,-0.139574939294424,0.0244951653058486,1.06990397932064,-1.55259295370517,-6.5,6.49999999525746
13.82,-0.127452,0.4789001,6.03093343504277,0.162204965445233,3.16496530487947,-1.52384085718017,-0.107925286245629,0.00925675673404683,1.18848420501679,-1.51141970046295,-6.5,6.49999999537052
13.83,-0.0855641,0.4636909,6.26182092418773,0.161660659943272,3.33370105569611,-1.53608405261905,-0.0745882756886681,-0.00610408379214364,1.29918317062903,-1.47061899895967,-6.5,6.49999999689549
13.84,-0.04363345,0.4456524,6.40812284292442,0.160857623957985,3.46578701419445,-1.56037531730364,-0.0399304055467236,-0.0217078369651801,1.40241914972423,-1.43060465523471,-6.5,6.49999999858955
13.85,-0.001087797,0.4254794,6.48397679501674,0.159814419992498,3.56806713080508,-1.58974630412722,-0.00424973423867286,-0.0376053000064522,1.50054883485131,-1.39142321649892,-6.5,6.49999999944989
13.86,0.04080238,0.4030789,6.49816686712768,0.158556376775861,3.63169448422205,-1.62431743921073,0.0320672106035476,-0.0538484743985595,1.59455236581329,-1.35327206629178,-6.5,6.49999999981488
13.87,0.0818293,0.3790579,6.45689038442124,0.157094692505189,3.65766555461114,-1.65834864267759,0.068643866149659,-0.0704319608253354,1.68606047423869,-1.31589742193272,-6.5,6.4999999999355
13.88,0.1208648,0.3533892,6.36265264080633,0.155449700428669,3.63950110211641,-1.69184585270456,0.105038877170823,-0.0873504193523811,1.77678525752395,-1.2793622275435,-6.5,6.49999999997677
13.89,0.1575263,0.3267151,6.21430849883052,0.153614633840252,3.57776857894456,-1.71925659369377,0.140816562960269,-0.104542985289319,1.86845236568757,-1.24319336076483,-6.5,6.49999999998986
13.9,0.1918869,0.2995065,6.00844959165094,0.151577813453444,3.47708483715674,-1.73695600215841,0.175587411331836,-0.121912545310903,1.96227868662934,-1.20700600329344,-6.5,6.49999999999411
13.91,0.223593,0.272185,5.73899546506892,0.149321477434272,3.33840560000673,-1.74209828952591,0.208971467331903,-0.139333528206162,2.05962411047913,-1.17043505344113,-6.5,6.4999999999951
13.92,0.2526282,0.24507,5.39933126207922,0.146827703629789,3.16568160846535,-1.73300794176231,0.240628283416557,-0.156663607623785,2.1613322289775,-1.13320152334523,-6.5,6.49999999999391
13.93,0.2790201,0.2183778,4.98348657101002,0.14408266752144,2.9631374126165,-1.70910482239321,0.270259657542722,-0.173754655847717,2.26786161337474,-1.09512796907965,-6.5,6.49999999998844
13.94,0.3029763,0.1922517,4.48991590182142,0.141078315675966,2.73635596407285,-1.67056415165543,0.29762321718345,-0.190460297364271,2.37889619147637,-1.0561149478438,-6.5,6.49999999996615
13.95,0.3247564,0.1666979,3.92418543435127,0.137823472566798,2.49105897764414,-1.61878824798321,0.322533806959892,-0.206648179844103,2.49341648224333,-1.01623787772278,-6.5,6.49999999984937
13.96,0.344312,0.1413661,3.29380801274176,0.134378617500514,2.2300622933561,-1.55811479182235,0.344834429893453,-0.222229327762327,2.61065267842933,-0.976088318571572,-6.5,6.49999999907893
13.97,0.3627728,0.1171365,2.62354981498702,0.130651154551595,1.96585570442603,-1.48236507637721,0.364492986937713,-0.237052978526099,2.72616855346629,-0.934423398982223,-6.49999999999999,6.49999999020531
13.98,0.3796798,0.09309099,1.92147300651855,0.126799458132249,1.6967026444508,-1.40090919820359,0.381460013382221,-0.251062070508135,2.83986369164633,-0.892842469025555,-6.49999999999373,6.49999985901105
13.99,0.3953354,0.06931051,1.24360082312104,0.122797146350953,1.42737801997926,-1.31408495617436,0.395733793582014,-0.264202920069878,2.94956302158821,-0.851325705655525,-6.49999998086043,6.49999717191419
14,0.4100173,0.04596377,0.559363402547339,0.118563093882992,1.16205546891965,-1.2215106305283,0.40735434827121,-0.276418026375162,3.053485517114,-0.809688387461389,-6.49980357496825,6.49991569986895
14.01,0.4235703,0.02284269,-0.01087018563286,0.114014527831415,0.900935735032519,-1.12600386916062,0.416363705621535,-0.287678065066768,-3.13153651543948,-0.768463184487765,-2.64495928976595,6.49645872782948
14.02,0.436072,0.0001053533,3.14035435132199e-09,0.105545000524823,0.646108059791203,-1.02712972277102,0.422824786219447,-0.297949362294478,-3.03952499964639,-0.727457574443048,-1.57897372462681e-05,6.28142650689964
14.03,0.4476534,-0.02198868,-5.27287478071988e-14,0.0214166720318671,0.39989295587133,-0.923670990822213,0.426823715778161,-0.3071860722027,-2.95390071889218,-0.686248071325414,-1.46728210187622e-11,1.34094318751856
14.04,0.4578314,-0.04392249,-5.89078217605521e-19,0.000156694512023477,0.159248827346318,-0.82070786229038,0.428416204051624,-0.315393150825604,-2.87289462383099,-0.646048326303411,-6.47749745008589e-17,0.0104036534037226
14.05,0.4674143,-0.06451647,-4.38741946319379e-20,3.43098783710359e-07,-0.0679087711938777,-0.709096305084639,0.427737116339685,-0.32248411387645,-2.79842887718378,-0.604227961520682,-4.38566013143641e-18,2.45072109513457e-05
14.06,0.474089,-0.08665404,-4.54182862716332e-16,1.19581302467462e-09,-0.300367485760248,-0.614235723142556,0.424733441482083,-0.328626471107876,-2.66395132760862,-0.567929819535828,-4.18673435685933e-14,9.17789083617443e-08
14.07,0.4804514,-0.1074505,-1.03253529774695e-10,1.52870963813877e-12,-0.514500656996873,-0.511427658314645,0.419588434912114,-0.333740747691022,-2.59480344997411,-0.529916506894058,-8.28133323879025e-09,1.270341837639e-10
14.08,0.4858859,-0.1277307,-6.44516377907889e-06,1.22904600692785e-15,-0.715469622580315,-0.408867588963929,0.412433738686311,-0.337829423580661,-2.53040017840845,-0.492491045740687,-0.000454429382638932,1.10207627078005e-13
14.09,0.4905597,-0.1474124,-0.03562564730262,7.89279498495896e-19,-0.901588214565017,-0.306544349988613,0.403417856540661,-0.340894867080548,-2.47042406402703,-0.455534182838742,-2.27745582594995,7.5445513876558e-17
14.1,0.4946665,-0.1661101,-0.109011540195968,6.3984400890966e-22,-1.07118930636248,-0.201929014499569,0.392705963477036,-0.342914157225543,-2.41458926292937,-0.418077323952303,-6.49109075023619,6.37417628605053e-20
14.11,0.4982406,-0.1835592,-0.115290869257948,2.55675659362665e-24,-1.22418247337281,-0.0937264871000494,0.380464138743308,-0.343851422096544,-2.36228473025633,-0.379479147635444,-6.49997372818055,2.56793479100083e-22
14.12,0.5010871,-0.1994734,-0.120563308171852,4.50690652215795e-25,-1.36250235582546,0.0194047269517412,0.366839115185053,-0.343657374827026,-2.312557418661,-0.339008654273742,-6.49999978311913,4.50566180639866e-23
14.13,0.5030551,-0.2134414,-0.125282962840844,1.5515706647925e-23,-1.4876585530959,0.139696421881006,0.351962529654094,-0.342260410608216,-2.26470323539683,-0.295512786438714,-6.49999999605161,1.5985734021575e-21
14.14,0.5040381,-0.2251435,-0.129640830380155,3.52480870196163e-20,-1.60075345787064,0.268379296756734,0.335954995075388,-0.339576617640649,-2.21821270214884,-0.248061568471153,-6.49999999986551,4.25265727902552e-18
14.15,0.5040472,-0.234266,-0.133732714865072,3.56850558831346e-16,-1.70190314410887,0.406474591991028,0.318935963634299,-0.335511871720739,-2.17284129709331,-0.195661007673303,-6.49999999999221,8.05046793890997e-14
14.16,0.5032428,-0.2405352,-0.13755191924995,-1.84426307584312e-12,-1.79005473541988,0.554516195218113,0.3010354162801,-0.329966709768558,-2.12858895789618,-0.137358216785469,-6.49999999999926,1.99434863247474e-09
14.17,0.5019916,-0.2437427,-0.141059737284212,1.29902511992666e-07,-1.86261560652985,0.712379900455232,0.282409260214802,-0.322842910764005,-2.08571175172056,-0.0723400040017918,-6.49999999999989,2.9963890975415e-05
14.18,0.5007312,-0.2435988,-0.144230909234663,-6.13885383010466e-05,-1.91672878764384,0.880556623709634,0.263241972338363,-0.314037344526909,-2.04447372263032,0.000568921892793366,-6.49999999999997,0.216751862650955
14.19,0.4997839,-0.2398223,-0.147068270010503,-0.512680361369558,-1.9508610022348,1.05935024502978,0.243733362316015,-0.303443842076611,-2.00492079551461,0.0825300274034919,-6.49999999999999,6.44972162903222
14.2,0.4994187,-0.2322131,-0.149586811645747,-1.13636001124736,-1.96418784338345,1.24829033235326,0.224091483882181,-0.290960938753078,-1.96701532049961,0.174290950794294,-6.49999999999999,6.49997353212243
14.21,0.4997165,-0.2206171,-0.151816574306181,-1.7614470665545,-1.9576652564036,1.44648957266852,0.204514831318145,-0.276496043026393,-1.93051952637727,0.276133597934519,-6.49999999999999,6.49999997444269
14.22,0.5003874,-0.204747,-0.153802905162866,-2.45919823984957,-1.93538979820103,1.65417323355329,0.185160933336134,-0.25995431069086,-1.89486457566315,0.388345927636629,-6.49999999999998,6.49999999995841
14.23,0.5006595,-0.1848803,-0.155597674745612,-3.16620060757733,-1.90523385069837,1.86679338285517,0.166108594829151,-0.241286376862309,-1.85912634412589,0.508275899798789,-6.49999999999995,6.49999999999988
14.24,0.4999682,-0.1608984,-0.157218701234816,-3.85157281845415,-1.87274861137041,2.08342770537534,0.147381108715446,-0.220452099808555,-1.8227341551068,0.634185928570803,-6.49999999999987,6.5
14.25,0.4973756,-0.1332834,-0.158676721073693,-4.48562301854775,-1.84613986810267,2.29821671200418,0.12891971003442,-0.197469932688513,-1.78496028608105,0.761783713632974,-6.49999999999972,6.5
14.26,0.4922276,-0.1025746,-0.159951316600506,-5.03931051239515,-1.83052901472304,2.50532481910613,0.110614419887189,-0.172416684497452,-1.74552427503667,0.887200785309703,-6.49999999999956,6.5
14.27,0.484182,-0.06892671,-0.161004867138609,-5.4996651987115,-1.82794151795207,2.70263969987585,0.0923350047076687,-0.145390287498694,-1.70454554018637,1.00857106449768,-6.49999999999951,6.5
14.28,0.4728735,-0.03301916,-0.161799995817093,-5.86130157655599,-1.84033114540887,2.88393765716714,0.0739316932535799,-0.116550910927022,-1.66227490632826,1.12368878460176,-6.49999999999964,6.5
14.29,0.4579852,0.004271737,-0.162304597430785,-6.12957802130343,-1.86898117763498,3.04198770426259,0.0552418814772301,-0.0861310338843963,-1.61911583090437,1.2314901838647,-6.49999999999983,6.5
14.3,0.4397859,0.04279467,-0.162498005072399,-6.31720028998991,-1.91008511242331,3.17633017091396,0.0361410303529971,-0.0543677321752567,-1.57567811425238,1.33301593020723,-6.49999999999994,6.5
14.31,0.4182416,0.08166353,-0.162376640331729,-6.43459967269271,-1.96258112301381,3.2806120482206,0.016515219122859,-0.0215616116930507,-1.53240543326028,1.4287854764574,-6.49999999999998,6.5
14.32,0.39335,0.1198811,-0.161949500406562,-6.49162016962933,-2.02514973069299,3.34829266738083,-0.00373627818407091,0.0119213149807576,-1.48967889951238,1.52000013590174,-6.5,6.5
14.33,0.3663623,0.1580081,-0.161231356642603,-6.49536443157924,-2.08609949837917,3.38654402119629,-0.0245972731678626,0.0457867551927205,-1.44760831697911,1.60857477964094,-6.5,6.5
14.34,0.3375788,0.1950376,-0.160237342240888,-6.44935868437722,-2.14261678716297,3.38915004536683,-0.0460234410394923,0.0796782556463888,-1.40619101538268,1.69573637799259,-6.5,6.5
14.35,0.3073516,0.2300596,-0.158979834791649,-6.35394926647514,-2.19172236899396,3.35145790246348,-0.0679406647294319,0.113192834671024,-1.36533451834793,1.7832353584088,-6.5,6.5
14.36,0.2767022,0.2630264,-0.157454788851862,-6.20631855423529,-2.22517836631693,3.27663159107541,-0.0901924483926012,0.145959150581778,-1.32459122983941,1.87261717960469,-6.5,6.5
14.37,0.2461282,0.2937828,-0.155653661928207,-6.00096933863742,-2.23988768871748,3.16693892230538,-0.112591325279776,0.177628539804832,-1.28364913225221,1.96528466496945,-6.5,6.5
14.38,0.2162555,0.3222487,-0.153554549618755,-5.73042109756109,-2.23207595589679,3.02532705885476,-0.134912084838744,0.207881810393379,-1.24207282330949,2.06242578844366,-6.5,6.5
14.39,0.1870748,0.3482492,-0.151149834123643,-5.38523077993376,-2.20371097389571,2.85393699476218,-0.156949194577701,0.236421180341001,-1.19981815060415,2.1652146802405,-6.5,6.5
14.4,0.1595895,0.3723409,-0.148380672401043,-4.96131813358502,-2.14833582698225,2.66100465312391,-0.178432552847523,0.26303122687224,-1.15604448217801,2.2731506620319,-6.5,6.5
14.41,0.132848,0.3941534,-0.145290215967692,-4.45149902747841,-2.07644166150771,2.44654948379315,-0.199196969462601,0.287496721710172,-1.11155145228309,2.38703690801741,-6.5,6.5
14.42,0.1076488,0.4143513,-0.141821187627779,-3.86584141964585,-1.98324072927742,2.21932067975737,-0.219029376755375,0.309689928507745,-1.0655411842624,2.50466838802637,-6.49999999999999,6.5
14.43,0.0830035,0.4325179,-0.138063421197517,-3.20689463463613,-1.87931952913689,1.97846959021171,-0.237822572046744,0.329474624409862,-1.01910655420756,2.62612524713592,-6.49999999999991,6.49999999999999
14.44,0.05922835,0.4492983,-0.134013424672248,-2.4922368290117,-1.76363389164873,1.73211444245676,-0.255458910963231,0.34679576883443,-0.971933368125969,2.74783687516534,-6.49999999999815,6.49999999999713
14.45,0.03580721,0.4644133,-0.12977079884901,-1.7394107771114,-1.64221538710405,1.48007848672268,-0.271881064834271,0.361596553701657,-0.924795370887521,2.86898914721108,-6.49999999994405,6.49999999533086
14.46,0.01284066,0.478183,-0.125358427408761,-1.01699639949376,-1.51551757783059,1.22720704114294,-0.287036240612577,0.373868624113086,-0.87767714922982,2.98674333995197,-6.49999999747527,6.49997468446448
14.47,-0.009923048,0.490467,-0.120774489385393,-0.193302054721325,-1.38691622817387,0.974134412270196,-0.300905402894316,0.383609968235788,-0.831113077077683,3.1002354821106,-6.49999983744822,5.9043732080407
14.48,-0.03258314,0.5012011,-0.115965272297686,1.77624731511027e-06,-1.25825467736704,0.722076779633653,-0.313487949667986,0.390830736032125,-0.785428736973317,-3.0744910510301,-6.49998518769094,0.00034017316994876
14.49,-0.0551398,0.5103231,-0.110813806549801,3.32645100320022e-13,-1.13040197214578,0.472158706860014,-0.324791969389444,0.395552323100725,-0.74078394201867,-2.97146839628956,-6.49805066761308,1.95082048164824e-10
14.5,-0.07748451,0.5177673,-0.0992750932172985,5.96872000741703e-19,-1.00324771522224,0.225369999564393,-0.334824446541667,0.397806023096369,-0.697124044885103,-2.87395064532098,-6.12818125522845,6.58740204726566e-17
14.51,-0.0997253,0.5234426,-0.00508378681423088,6.42090664943364e-22,-0.87848246448813,-0.0176102562605038,-0.343609271186548,0.397629920533764,-0.654802830248192,-2.78168503382602,-0.3329452701516,6.42896845463239e-20
14.52,-0.1218927,0.5272194,-1.09121485390344e-05,3.01869686816849e-18,-0.756997558730568,-0.25650446944362,-0.351179246773854,0.395064875839328,-0.614010172613879,-2.69458521147328,-0.000765415643065646,2.92022986953655e-16
14.53,-0.1439751,0.5294227,-1.48891345662591e-08,4.56926170059928e-12,-0.639238643503639,-0.487313965205686,-0.35757163320889,0.390191736187271,-0.574830451123116,-2.61432984417263,-1.1267377500865e-06,3.81817507396581e-10
14.54,-0.1658713,0.5303952,-1.38837553212199e-11,1.60919936276734e-06,-0.524847259540152,-0.706279357624041,-0.362820105804291,0.38312894261103,-0.537129284641394,-2.53957500355767,-1.13637828609166e-09,0.000115425493474608
14.55,-0.1873111,0.5306926,-9.00961542604579e-15,0.0294878235130158,-0.412068147228894,-0.908265157539013,-0.36694078727658,0.37404629103564,-0.500359941627003,-2.47088195743173,-7.95535279145011e-13,1.88631127416032
14.56,-0.2088047,0.5307769,-7.96076236393631e-18,0.109832859353056,-0.305759119554907,-1.08945381860844,-0.369998378472129,0.363151752849556,-0.465836502354253,-2.40826669877608,-7.48830107813586e-16,6.49357160984074
14.57,-0.2292775,0.5311403,-1.08000485416304e-20,0.116456671897253,-0.19718283609722,-1.24623392125643,-0.371970206833102,0.350689413636991,-0.430933923562842,-2.35165729637924,-1.06447356750957e-18,6.49998394795384
14.58,-0.2492849,0.5316641,-1.07095135672411e-22,0.121857746610337,-0.0918681632994023,-1.38052512666896,-0.372888888466096,0.336884162370302,-0.397181905288403,-2.29972363375928,-1.07565906493101e-20,6.49999984770904
14.59,-0.2678295,0.5329781,-2.54706401303202e-23,0.126419413154968,0.018018664300584,-1.48803553968163,-0.37270870182309,0.322003806973485,-0.362011537244882,-2.25277205984045,-2.55115473672287e-21,6.49999999515408
14.6,-0.284976,0.5344885,-3.7471218024163e-22,0.130493555772954,0.130814872141855,-1.57515617397162,-0.371400553101671,0.306252245233769,-0.325714016462612,-2.20889811295285,-3.7563906985517e-20,6.49999999965016
14.61,-0.3002781,0.5361629,-1.66315266088907e-19,0.134202594311772,0.249211224359541,-1.64323608110825,-0.368908440858076,0.289819884422687,-0.28712460296493,-2.16750920909479,-1.73974920667428e-17,6.49999999995042
14.62,-0.3134991,0.5378488,-4.31625077607926e-16,0.137607470551226,0.373896451160704,-1.69463830138204,-0.365169476346469,0.272873501408866,-0.24563374560135,-2.12792839817728,-5.28246053332998e-14,6.49999999998795
14.63,-0.324414,0.5394852,-1.39311429345392e-12,0.14073968738049,0.505356447315982,-1.73088789416855,-0.360115911873309,0.255564622467181,-0.200608634791859,-2.08973108880222,-2.82726329791306e-10,6.49999999999537
14.64,-0.3328418,0.5410179,4.8100900616472e-11,0.143625025511772,0.643624989471022,-1.75342921027542,-0.353679661978599,0.238030330364427,-0.151481303581783,-2.0525688153076,-1.28685011643057e-06,6.49999999999737
14.65,-0.3386925,0.5424657,-9.27021220353647e-07,0.146277324758079,0.787924350809938,-1.76308178465461,-0.345800418470499,0.220399512517881,-0.0979054653625547,-2.01624357447662,-0.00354304433380293,6.49999999999786
14.66,-0.3416368,0.5439227,-0.0251886548045419,0.148702031045097,0.939483734619905,-1.76005794185677,-0.3364055811243,0.202798933099313,-0.0386608419995285,-1.98068292188657,-3.07910827384698,6.49999999999753
14.67,-0.341768,0.5454496,0.117920486252178,0.150908015956177,1.09587344272478,-1.74492080910301,-0.325446846697053,0.185349725008283,0.0260940371705584,-1.94578008339917,-6.49193331375794,6.499999999996
14.68,-0.3386138,0.5470718,0.635867607716446,0.152905664649776,1.25951791682381,-1.71856274318411,-0.312851667528814,0.168164097576442,0.0982562302333197,-1.9114009106206,-6.49998578738279,6.49999999999106
14.69,-0.3318843,0.5485696,1.16544305896099,0.154717008071337,1.43107612032484,-1.68391052738461,-0.298540906325566,0.151324992302596,0.179088766282818,-1.87715759737592,-6.49999996307979,6.49999999997432
14.7,-0.3209686,0.5498363,1.72915932032618,0.156349176176389,1.61375524833628,-1.6427703282329,-0.282403353842203,0.134897289020267,0.270960551620311,-1.84283916697514,-6.49999999987597,6.49999999990857
14.71,-0.3058259,0.5504392,2.36937772287623,0.157816566562331,1.80568864394219,-1.59954638914745,-0.264346467402781,0.118901825128792,0.373710941735293,-1.80795568101812,-6.49999999999944,6.49999999964253
14.72,-0.2862592,0.5499448,3.04567212139252,0.159119595534106,2.006393957587,-1.55829468316808,-0.244282527826911,0.103318878297111,0.487169589973462,-1.77212143819339,-6.5,6.49999999864228
14.73,-0.2618747,0.5483022,3.72924712151692,0.160238290073383,2.21699552318218,-1.51955092591809,-0.22211257259509,0.0881233690379304,0.610920327159565,-1.73536706610272,-6.5,6.49999999509435
14.74,-0.2328377,0.5451787,4.38882522193008,0.161156474442401,2.4338174541753,-1.48612417138456,-0.197774398053337,0.0732621273240849,0.741403828987885,-1.69757287361016,-6.5,6.49999998473121
14.75,-0.1995735,0.5404577,4.98392502183926,0.161851266988723,2.65128664358393,-1.45875916225738,-0.171261531617497,0.0586745357015111,0.873835984718402,-1.65885867683134,-6.5,6.4999999605377
14.76,-0.1627783,0.5338966,5.48163642609404,0.162302662664918,2.86203994915794,-1.43914024359696,-0.142641132125918,0.0442831332655414,1.00339126230147,-1.61935426249406,-6.5,6.49999992102634
14.77,-0.1234313,0.5250559,5.86880876420114,0.162494034121363,3.05702207830847,-1.43038628870702,-0.112070911342833,0.0299792703784712,1.12636793011401,-1.57923656304483,-6.5,6.49999989148791
14.78,-0.08254887,0.5136985,6.15027026908555,0.162414644491646,3.22772864624055,-1.4336047231575,-0.0797936248804275,0.0156432231468962,1.24119198029874,-1.53886309134273,-6.5,6.49999990224263
14.79,-0.04106003,0.4994554,6.33960347105232,0.1620644987824,3.36724849157592,-1.45081735763126,-0.0461211399646684,0.00113504957058361,1.34812707296739,-1.49865167358202,-6.5,6.49999994601544
14.8,-0.0002377875,0.4819318,6.45127621280975,0.161456489391707,3.4666071382597,-1.48399190879637,-0.0114550685820713,-0.0137048695173801,1.44824754207578,-1.45908550415002,-6.5,6.49999998260555
14.81,0.04003746,0.4611931,6.49767459425341,0.160613622606,3.52939206199177,-1.53101230137065,0.0238388520378464,-0.0290149925310866,1.54403983496769,-1.4205312478399,-6.5,6.49999999636855
14.82,0.08014068,0.438475,6.48566768916214,0.159549444645853,3.5612625217108,-1.58015278267004,0.0594514772549543,-0.0448165203577869,1.63723253140471,-1.38275368159893,-6.5,6.49999999926
14.83,0.1175741,0.4123772,6.41826075836182,0.158309415194565,3.54381439504844,-1.64246096168311,0.0948896212054388,-0.061241129974618,1.7295917979875,-1.34653070727839,-6.5,6.49999999989454
14.84,0.1534468,0.3846423,6.29496778281673,0.1568827706793,3.49040020536347,-1.7019676898852,0.129793623259073,-0.07826080687347,1.82269391740953,-1.310912848983,-6.5,6.49999999998253
14.85,0.1866274,0.355035,6.11080748554753,0.155291014952227,3.39495095036237,-1.7604115576389,0.163743132762697,-0.095864922449859,1.91867797496921,-1.2760681955801,-6.5,6.49999999999684
14.86,0.2170395,0.3242384,5.85773625019177,0.15352303924658,3.26093441159229,-1.81179470846292,0.19635247687862,-0.113982869534488,2.01917101518768,-1.24148660309439,-6.5,6.49999999999927
14.87,0.2446966,0.2928889,5.52580102603293,0.151557812949178,3.09254593234863,-1.85105060754615,0.227277936202106,-0.13249337560995,2.12543570173932,-1.20666720364795,-6.5,6.49999999999976
14.88,0.2696625,0.2614858,5.10488180411731,0.149371765399756,2.89429085381764,-1.87474996470102,0.256220844740283,-0.15124087525696,2.23827893566059,-1.17121718356394,-6.5,6.49999999999987
14.89,0.2921616,0.2305059,4.58899543255594,0.14693539424189,2.6718407927366,-1.88004093998808,0.282939252667649,-0.170041284656841,2.35760669075114,-1.1347521025712,-6.5,6.4999999999999
14.9,0.3123685,0.2001923,3.97967622436373,0.144230289764572,2.43015499066712,-1.86636539566349,0.30724080257432,-0.188704938613476,2.48263070186281,-1.09711059696356,-6.5,6.49999999999986
14.91,0.3307385,0.1708393,3.29249989245403,0.141232043477825,2.17624458881696,-1.83292039572546,0.32900324846249,-0.20703414257073,2.61088670988618,-1.05805468930418,-6.5,6.49999999999967
14.92,0.3476289,0.1426453,2.54385185831225,0.137923697444865,1.91581145488771,-1.77989649621339,0.348161363011367,-0.224833107532864,2.7393531121637,-1.01743484690248,-6.49999999999998,6.49999999999868
14.93,0.363438,0.1157001,1.7672571804239,0.134302381321267,1.65447336261588,-1.70850505599224,0.364706096637525,-0.241918158092787,2.86452863791859,-0.975219498065152,-6.49999999997684,6.49999999999074
14.94,0.3781631,0.08967438,1.03067907806525,0.13042645160387,1.39406414266331,-1.62344655251332,0.378646738064159,-0.25815262361792,2.98454311006883,-0.931959121136007,-6.49999993301862,6.49999999989531
14.95,0.3925327,0.06528186,0.244891128212589,0.126214198450399,1.1423206182064,-1.52050489306178,0.390069944246223,-0.273357672548538,3.09551200228289,-0.886655434719785,-6.49946788035113,6.49999999766573
14.96,0.4060253,0.04173611,-0.0119681291548332,0.121737471005929,0.895920824974127,-1.4083398167968,0.399029152495964,-0.287441070716506,-3.08432503895898,-0.840666812710516,-1.78521888228971,6.49999991401409
14.97,0.4186983,0.01901246,-9.81287595802982e-10,0.116912617576546,0.656578622922822,-1.28866103422475,0.405594938725192,-0.300327681058753,-2.98884869661566,-0.794148665351778,-1.5375510641353e-05,6.49999460828618
14.98,0.4306489,-0.002615683,-1.99176884432567e-13,0.111544126744183,0.426146727855389,-1.16062452842396,0.409856406003746,-0.311933926342993,-2.90120898503942,-0.746711313359568,-2.52162512493433e-11,6.49933771884574
14.99,0.4411139,-0.02408898,-6.75006040328247e-19,0.103769676222841,0.199138349459197,-1.0335528827616,0.411847789498338,-0.322269455170609,-2.81843796559301,-0.700338155881514,-6.77377433428601e-17,6.37955898897236
15,0.4503649,-0.04509271,-3.67369132827315e-21,0.0138724825729865,-0.0209323518805391,-0.905612338663232,0.411638465979533,-0.331325578557241,-2.74107092780536,-0.654527419811367,-3.68765459768479e-19,0.908914685762543
15.01,0.4587369,-0.06527663,-2.536492083339e-18,2.11508479752023e-05,-0.230359554663437,-0.774833882007691,0.409334870432898,-0.339073917377318,-2.79971771207068,-0.608649074124146,-2.53549612162365e-16,0.00149832404640375
15.02,0.4649601,-0.08611445,-4.2020889644596e-13,2.46970269578181e-08,-0.43911121009053,-0.654512736268757,0.404943758331993,-0.345619044740005,-2.73013012557055,-0.56622804440802,-4.20220031091535e-11,1.90215418504651e-06
15.03,0.4691989,-0.1079109,-6.68202817926712e-08,3.46501563848759e-11,-0.644449098404493,-0.547109302101475,0.398499267347948,-0.35109013776102,-2.66184624950146,-0.528084956751002,-6.13634829932568e-06,2.89046406443997e-09
15.04,0.4732983,-0.1287684,-0.00104727237280849,2.41372945696042e-14,-0.829962990604471,-0.436581717331165,0.390199637441903,-0.355455954934332,-2.59926638458274,-0.489562857489208,-0.0847868751079684,2.17655170222427e-12
15.05,0.4768576,-0.1491856,-0.0873662767291258,1.47018132604187e-17,-0.999337504801481,-0.328051863220118,0.380206262393888,-0.358736473566533,-2.54060392306419,-0.452055592653598,-6.27893287842393,1.41240894555637e-15
15.06,0.4796214,-0.1688711,-0.099560998082679,1.27763737519011e-20,-1.15485502481581,-0.219672758405892,0.36865771214573,-0.360933201150592,-2.48469106493054,-0.414876691976799,-6.49957054649774,1.27534114180225e-18
15.07,0.4819737,-0.1870654,-0.106960409327981,4.33940073197697e-23,-1.29340962442569,-0.105880476106961,0.355723615901473,-0.361992005911662,-2.43189748327382,-0.376054050492673,-6.49999728085622,4.35647599500044e-21
15.08,0.4840234,-0.2029972,-0.11307173665235,5.81989118485064e-24,-1.41454214698039,0.0184857088875958,0.34157819443167,-0.361807148822786,-2.38192274933392,-0.333540312630987,-6.49999995357106,5.82205600101194e-22
15.09,0.4849045,-0.21691,-0.118492849908145,2.27443573972307e-22,-1.52602802241324,0.149692726804744,0.326317914207537,-0.360310221554738,-2.33258814113458,-0.288159441527229,-6.49999999858958,2.37419903781753e-20
15.1,0.4851894,-0.2276316,-0.123337462317113,1.05716496315183e-18,-1.62314799369453,0.295972530747548,0.310086434270592,-0.357350496247263,-2.28477625869943,-0.236423217988769,-6.4999999999195,1.37711284513494e-16
15.11,0.484867,-0.2349334,-0.127795042041765,1.90951111543765e-14,-1.70650386851134,0.456964855238986,0.293021395585478,-0.352780847694873,-2.23814192817069,-0.177599296146418,-6.4999999999922,7.63586364337214e-12
15.12,0.4841339,-0.2383988,-0.131958382668274,-4.72142314199041e-10,-1.77502225809996,0.633791546388629,0.275271173004479,-0.346442932230987,-2.19273403714555,-0.110223282918939,-6.49999999999876,5.60705135831905e-07
15.13,0.4834652,-0.2377907,-0.135811287361411,0.000177773628986182,-1.82551361705274,0.825882155139176,0.257016036833951,-0.338184110679595,-2.14902728387981,-0.0333284657306407,-6.49999999999966,0.0218981952628394
15.14,0.4831654,-0.2329172,-0.139332188790393,-0.294792247334822,-1.85658913538662,1.03223222368582,0.238450145480085,-0.327861788442737,-2.10713871744482,0.0538921430359549,-6.49999999999984,6.38182516707109
15.15,0.4836418,-0.2235007,-0.142499770809008,-1.00166613890763,-1.86625918485652,1.25252667591924,0.21978755363152,-0.315336521683544,-2.06732049866008,0.152393757150782,-6.49999999999987,6.49998195663824
15.16,0.4848776,-0.2096052,-0.145351492103832,-1.67006840364004,-1.85636037881463,1.48355338615404,0.201223949843374,-0.300500987822004,-2.02919485276647,0.261479640526345,-6.49999999999982,6.49999999352576
15.17,0.4866313,-0.1912694,-0.14793980230534,-2.40769246221441,-1.83057541420404,1.7224982509185,0.182918195701333,-0.283276005312819,-1.9921423911622,0.379941555007083,-6.49999999999962,6.49999999999481
15.18,0.4883104,-0.1687726,-0.15033228097498,-3.14774074742941,-1.79529853171156,1.96473311147483,0.164965210384218,-0.26362867419807,-1.95516385889394,0.505024630482144,-6.49999999999897,6.49999999999999
15.19,0.4890567,-0.1422829,-0.152589822554521,-3.85019950820445,-1.7586621722121,2.20690609361665,0.147378588662097,-0.241559613261904,-1.9170461396759,0.633922647012027,-6.499999999997,6.5
15.2,0.4879085,-0.1124764,-0.154743056971634,-4.48760518418496,-1.72898853307772,2.44174118546203,0.130088703331319,-0.217142201407284,-1.87663879886121,0.762205062788595,-6.49999999999272,6.5
15.21,0.4840774,-0.07974973,-0.156771325779673,-5.03902464054471,-1.71242493855587,2.66492166663315,0.112964453945761,-0.190492984740952,-1.83326431137887,0.887131240771794,-6.49999999998783,6.5
15.22,0.4770894,-0.04467338,-0.158607859180712,-5.49242736529521,-1.71191307651411,2.87112869175069,0.0958453231806196,-0.161781697823445,-1.78688934087876,1.00648646870191,-6.49999999998727,6.5
15.23,0.4668268,-0.007405341,-0.160163794000095,-5.85072962300636,-1.72708683361426,3.05900571025734,0.078574454844477,-0.131191640720872,-1.7380624108111,1.11994111394141,-6.49999999999159,6.5
15.24,0.4527725,0.03100897,-0.161366617383233,-6.11844120300169,-1.76080452754208,3.22009854483009,0.0609664095690562,-0.0989906552725709,-1.68722387951835,1.22637746592719,-6.49999999999673,6.5
15.25,0.4350407,0.06991389,-0.16215106646071,-6.30702498107119,-1.8103318297264,3.3500541848881,0.0428630912717922,-0.0654901134236899,-1.63537102368813,1.32645558621292,-6.49999999999917,6.5
15.26,0.4141773,0.1100139,-0.162486488683788,-6.42846983443473,-1.86947638516429,3.45633046586219,0.0241683274201493,-0.0309268087650681,-1.58350109124241,1.42226761725085,-6.49999999999983,6.5
15.27,0.3895061,0.1488016,-0.16237482944892,-6.48936701275531,-1.94260316494249,3.51939083790457,0.00474229577072447,0.0042670996139776,-1.53212464138493,1.51357555189098,-6.49999999999998,6.5
15.28,0.3625176,0.1876964,-0.16183728357354,-6.49669607805523,-2.01568812476715,3.55405536684332,-0.015414585476947,0.0398076532824108,-1.48178923721545,1.60268967691186,-6.5,6.5
15.29,0.3327628,0.2242084,-0.16090718690385,-6.45326769833116,-2.09191602870566,3.541812184178,-0.0363337457640037,0.0752257751241908,-1.43273989005994,1.69081144691421,-6.5,6.5
15.3,0.3013623,0.2590487,-0.159613112958665,-6.3589143183481,-2.16119847488166,3.49244937189342,-0.0579457305128203,0.110150268843125,-1.38480041978297,1.77957980075756,-6.5,6.5
15.31,0.2688489,0.2914154,-0.15797558154895,-6.20990323110168,-2.21919275169601,3.40270359013495,-0.0801376580297805,0.144177304744475,-1.33772098514655,1.87075558079239,-6.5,6.5
15.32,0.236155,0.321505,-0.155993735167539,-6.0003583195538,-2.25868602087023,3.27810917864416,-0.102724518238483,0.176958396530916,-1.29093659106942,1.96552924659581,-6.5,6.5
15.33,0.2036841,0.3490332,-0.153662598453437,-5.72153301163277,-2.27756633635118,3.12001276188715,-0.125500181601995,0.208158524149788,-1.24409046426126,2.06531455030226,-6.5,6.5
15.34,0.1721917,0.3744672,-0.150952000157491,-5.36675967408532,-2.27112367721795,2.9360932758375,-0.148211418374174,0.237519456908163,-1.19653823612357,2.17026690656615,-6.5,6.5
15.35,0.1421902,0.3981477,-0.147825588122309,-4.93250602687705,-2.23722620338965,2.73252935963316,-0.17058368040807,0.264844750504494,-1.1477565954444,2.27997577905605,-6.5,6.5
15.36,0.1134279,0.4199925,-0.144289894632088,-4.417044433265,-2.1804252093863,2.51163432414803,-0.192387932501933,0.289961093745974,-1.0979130361171,2.39428648026102,-6.5,6.5
15.37,0.08579766,0.4400899,-0.140358032674868,-3.82641289462372,-2.10385873152524,2.27705841777057,-0.213426519817186,0.31273167792368,-1.04709899491815,2.51222258935844,-6.5,6.5
15.38,0.05983211,0.4591973,-0.135993171087475,-3.18326118941226,-2.00525162875894,2.03777438444149,-0.233479036104775,0.333109421768095,-0.994678532319784,2.63030585234852,-6.5,6.5
15.39,0.03449234,0.4766006,-0.131342228092275,-2.48442995998059,-1.89566425027459,1.78989103044726,-0.252435678607521,0.351008332072568,-0.94203298434438,2.74911659416561,-6.49999999999995,6.49999999999942
15.4,0.01052924,0.4932261,-0.126358492816583,-1.77056030204519,-1.77051946154723,1.54345060966742,-0.270140873222994,0.366442838169242,-0.888177358373924,2.86399974038247,-6.49999999999856,6.49999999937927
15.41,-0.01294113,0.5083942,-0.121125349789023,-1.08392047526128,-1.63924349041857,1.29438946674931,-0.286533308127179,0.379386732836735,-0.834579069204793,2.97590433129887,-6.49999999994325,6.49999793539274
15.42,-0.03577435,0.5223209,-0.115495308257897,-0.333435269915986,-1.50202333126244,1.04639554969329,-0.301553541439804,0.389850688333668,-0.781152118988417,3.08298343752298,-6.49999999645149,6.47398975192817
15.43,-0.05831972,0.534588,-0.109370259971436,0.000164054931269826,-1.3631536344569,0.797610894093538,-0.315185077784373,0.397826797274603,-0.728687868880062,-3.09722071161243,-6.49999966871205,0.020567977670965
15.44,-0.08062283,0.545023,-0.102577668995046,-1.76921261890506e-11,-1.22407453975979,0.548363252404549,-0.32742582318197,0.403310429798649,-0.677446590100656,-2.99830865124495,-6.49995298838828,2.89010351431035e-08
15.45,-0.1027147,0.5533366,-0.0947937422684441,6.61780191033657e-17,-1.08598832176241,0.297995919464995,-0.338285706399595,0.406290388993299,-0.627650839801375,-2.90291454759289,-6.48963723046338,8.47901496682842e-15
15.46,-0.1243974,0.559523,-0.0537366844052033,2.7027821610572e-21,-0.948098994194623,0.0482596659581773,-0.347766696341541,0.40677298565288,-0.579021181956875,-2.81134257009227,-4.03219449807165,2.7056771491393e-19
15.47,-0.1459723,0.563085,-0.000209187659844443,4.29739520625707e-19,-0.81380349961092,-0.203304320061399,-0.35590473133765,0.404739942452266,-0.532348944008343,-2.6875334553899,-0.0172947796700468,4.11667130526685e-17
15.48,-0.1675301,0.5641573,-2.04813291444038e-07,9.70930850365783e-13,-0.684450880430433,-0.453711252219179,-0.362749240141954,0.400202829930075,-0.48793512560539,-2.60470091111358,-1.85259037404299e-05,7.95099014225389e-11
15.49,-0.1887314,0.5630732,-1.1919229519641e-10,1.47076770087372e-06,-0.557693008611992,-0.698591294786198,-0.368326170228074,0.393216916982213,-0.445037391382767,-2.52597249110046,-1.15601536561323e-08,0.000102862753680143
15.5,-0.2096912,0.5602815,-5.19382873406474e-14,0.0635014820889688,-0.435112642818972,-0.93301245750402,-0.372677296656264,0.383886792407173,-0.404000139039427,-2.45201677077003,-5.20899829895019e-12,3.95845731292533
15.51,-0.2303523,0.556489,-2.44320144335519e-17,0.112864736294964,-0.31671448453438,-1.15039066008062,-0.375844441501608,0.372382885806366,-0.364717444370298,-2.38364055602041,-2.44826485901021e-15,6.4995116920721
15.52,-0.2503971,0.5523154,-2.32857909136875e-20,0.119693742630273,-0.200319284078198,-1.34551688132747,-0.37784763434239,0.358927716993092,-0.326398223722995,-2.32104619774161,-2.33376514300946e-18,6.49999958111238
15.53,-0.2696826,0.5481215,-1.76884820977682e-22,0.125373426214239,-0.085363542146581,-1.5159011646633,-0.378701269763856,0.343768705346459,-0.288712409519269,-2.26375886221313,-1.84441621948512e-20,6.49999999828252
15.54,-0.287852,0.5441362,-5.07318515973511e-23,0.130292019293886,0.0304474341086589,-1.66051687457228,-0.378396795422769,0.327163536600736,-0.25074436867647,-2.2111055606984,-6.03052733647155e-21,6.49999999997561
15.55,-0.3045085,0.5405474,-9.62346469459023e-22,0.134645776136705,0.149540177341777,-1.77893601974789,-0.376901393649351,0.309374176403257,-0.211464247236215,-2.16245353406922,-1.62770766067523e-19,6.49999999999904
15.56,-0.3196502,0.5367312,-1.97233911403104e-19,0.138590965375373,0.270849506787442,-1.87765020655283,-0.374192898581477,0.290597674337729,-0.170951063955429,-2.1161420793699,-1.10089263587963e-16,6.49999999999993
15.57,-0.3327975,0.5330203,4.34396979348431e-16,0.142126955593689,0.39733206949532,-1.95484812361486,-0.370219577886524,0.27104919310158,-0.127861997694913,-2.07213199856196,-3.59817745891034e-13,6.49999999999999
15.58,-0.3438374,0.529268,-4.25626871887339e-12,0.145309719630407,0.528628335977636,-2.01297431479829,-0.364933294526747,0.250919449953597,-0.081916131933595,-2.02977195711171,-1.5914076869176e-09,6.5
15.59,-0.3525668,0.5255871,-4.28301264379707e-08,0.148162037614068,0.665120374835986,-2.05225973492394,-0.358282090778387,0.230396852604358,-0.0325109195261537,-1.98882973853279,-5.29764992094419e-06,6.5
15.6,-0.3587049,0.5222752,0.000156566264772971,0.150693628593095,0.807759276215378,-2.07151920557225,-0.350204498016234,0.209681660548635,0.0212497395900203,-1.94929899124998,-0.0111267464863029,6.5
15.61,-0.3623281,0.5191436,0.324140035538309,0.15294611545583,0.95442345170845,-2.073821269129,-0.340660263499149,0.188943447857345,0.0791587625694371,-1.91067160637123,-4.29307652771941,6.5
15.62,-0.3628812,0.5167797,0.942475769961384,0.154912263484403,1.10835414481213,-2.05568699058325,-0.329576722051028,0.168386577951513,0.143132083946223,-1.87324825040468,-6.49544217831047,6.5
15.63,-0.3602633,0.5148151,1.37428951356711,0.156633141681704,1.26871799156388,-2.02196117077496,-0.316889542135389,0.148166966243763,0.213570101019125,-1.83643516167183,-6.4999902814485,6.5
15.64,-0.3538004,0.5132257,1.86554027692067,0.158122997353912,1.43944096935215,-1.97435388271167,-0.302495132441868,0.128423427416646,0.292787635727946,-1.80002219983537,-6.49999997283417,6.49999999999999
15.65,-0.3430692,0.51199,2.42040688906546,0.159391187699767,1.62197662889199,-1.91450966282849,-0.286275366152948,0.109278330788362,0.38201304349064,-1.76383381012471,-6.49999999990502,6.49999999999995
15.66,-0.3278618,0.5105137,3.01194633580434,0.160452465380711,1.81579369621457,-1.84874933480725,-0.268117429190802,0.0907908374402891,0.481314663126246,-1.72736252901197,-6.49999999999958,6.49999999999972
15.67,-0.3076499,0.5082702,3.62378323351639,0.161306461462379,2.02297229955652,-1.78235522836784,-0.247887706195237,0.0729672851566107,0.591154143167375,-1.69027752066187,-6.5,6.49999999999824
15.68,-0.282401,0.5049559,4.23321085246816,0.161941749379239,2.24122825152233,-1.71833487891274,-0.225475423680014,0.0557839363674833,0.7093915640711,-1.6524831488551,-6.5,6.49999999998888
15.69,-0.2522337,0.5003281,4.80804137584937,0.162343768500901,2.46713793102424,-1.65892709389041,-0.200804044369771,0.0391946654285793,0.832732037587181,-1.61400123453662,-6.5,6.49999999993461
15.7,-0.2175731,0.4941205,5.31346549389566,0.162498564498615,2.694972433884,-1.60634586544341,-0.173854320030931,0.0231312067741451,0.956954322209861,-1.57493742696827,-6.5,6.49999999966985
15.71,-0.1792543,0.4858873,5.72626857436939,0.162395592045434,2.91607606402425,-1.56405569762885,-0.144693559390689,0.00749064979785666,1.07781529487814,-1.53547766582954,-6.5,6.49999999874092
15.72,-0.1380399,0.4756676,6.04147911662978,0.162031123457354,3.12314750207253,-1.53115880600483,-0.113462084369963,-0.00782093826219165,1.19285820626505,-1.49593685824644,-6.5,6.49999999635567
15.73,-0.09569663,0.4623822,6.26332142495539,0.161413215198913,3.30129189187196,-1.5159954088108,-0.0804491654512438,-0.0229808923502997,1.30004534141472,-1.45679010423333,-6.5,6.49999999403618
15.74,-0.05127582,0.4469363,6.40719741184361,0.160555148879423,3.45946686152118,-1.50971513154084,-0.045854496836032,-0.038078043665708,1.40157127127096,-1.41821516559057,-6.5,6.49999999273462
15.75,-0.0064225,0.4287757,6.48243267481396,0.159484243817776,3.58460455062044,-1.51617865422995,-0.0100084513298276,-0.0532398302080075,1.49724041967641,-1.38068018773387,-6.5,6.49999999421884
15.76,0.03793584,0.4077776,6.49899914580133,0.158233120682689,3.67086715181412,-1.53527834293461,0.0267002201883136,-0.0685926136373537,1.58834958852052,-1.34448780415172,-6.5,6.49999999696676
15.77,0.08108732,0.3842514,6.46374601155208,0.156826786075699,3.71494505650432,-1.56326295458805,0.0638496707533568,-0.0842252431832342,1.67648947210246,-1.30961142523277,-6.5,6.49999999879818
15.78,0.1228084,0.358788,6.38019379628752,0.155273925426418,3.71812439239567,-1.59430420075327,0.101030914677313,-0.100168285190767,1.76313881972392,-1.27571554215423,-6.5,6.49999999956189
15.79,0.1619793,0.3315352,6.24839174508245,0.153588957344449,3.67446368520766,-1.62669131205044,0.13777555152939,-0.116435198311271,1.85001012396221,-1.24271406876636,-6.5,6.49999999984434
15.8,0.1983271,0.3030981,6.06557802031038,0.151760197484925,3.5858287474512,-1.65507104294094,0.173633839003902,-0.132985908740681,1.93855312787129,-1.21010898567095,-6.5,6.49999999993658
15.81,0.2315189,0.2740504,5.82642904682327,0.149766660001882,3.45374818680221,-1.67481787045441,0.208171320871924,-0.149734087445225,2.03015772992173,-1.17740719519887,-6.5,6.49999999996626
15.82,0.2613811,0.2447779,5.52390978338043,0.147590670996936,3.28123926566877,-1.68329744628206,0.240983713528612,-0.166567061908045,2.12598775356655,-1.14429145998405,-6.5,6.49999999997493
15.83,0.2879177,0.2158349,5.15072157556475,0.14519662648039,3.07281883363645,-1.6767799792333,0.271711901864976,-0.183334861700378,2.22681550458751,-1.11026129309304,-6.5,6.49999999997115
15.84,0.3112291,0.1873464,4.70111711903613,0.142577811721306,2.83367631512422,-1.65548515969643,0.300048665016219,-0.199889713297343,2.33296349545041,-1.07528397530767,-6.5,6.49999999994877
15.85,0.3314599,0.159361,4.17350737324327,0.139736393952462,2.56915264640635,-1.62034409154418,0.325740191480282,-0.216093154212785,2.44425787122215,-1.03940995904058,-6.5,6.4999999998616
15.86,0.3495976,0.132842,3.58277808816233,0.136577132167922,2.29128648743711,-1.56476819821393,0.348653056354653,-0.231740836194924,2.55805322181963,-1.00149763799964,-6.5,6.49999999928411
15.87,0.3655463,0.1069615,2.93506599944263,0.133206071405271,2.0022691007836,-1.49761412946962,0.368675747362489,-0.24671697748962,2.67354305592365,-0.962808167359971,-6.5,6.49999999434824
15.88,0.3796795,0.08193484,2.24183070553437,0.129617447052558,1.708065204534,-1.41849183450877,0.385756399407829,-0.260901895834708,2.78851168047383,-0.92312547524758,-6.49999999999556,6.49999992749899
15.89,0.3927572,0.05792452,1.54953651408779,0.125799710466144,1.41737676478974,-1.32755925994794,0.399930167055727,-0.274177488434187,2.89952705751655,-0.882296854535322,-6.49999997447769,6.49999839040657
15.9,0.404855,0.03469059,0.898722283192295,0.121752885257381,1.13251106295125,-1.22836052369011,0.411255277685239,-0.286461093671088,3.00534276318367,-0.840831817318545,-6.49941674141951,6.49994089342406
15.91,0.4162491,0.01233174,0.0163782835762244,0.117328017696269,0.857201423744392,-1.12141348615131,0.419827291922683,-0.297675228532601,3.10454768751643,-0.798665687851266,-0.576893622697007,6.49615330274368
15.92,0.4268221,-0.009495967,-6.07134972380477e-09,0.10599166998643,0.591559925401768,-1.01089561978701,0.425742891176701,-0.307784184730471,-3.08584491378987,-0.756567288236063,-8.79767915271618e-07,6.11240991801438
15.93,0.4368288,-0.03036106,3.57388297209335e-16,0.007207735684392,0.3386958728614,-0.894274182188983,0.429129849905315,-0.316726926552361,-3.00004129264833,-0.713794291773439,-5.01042046614378e-13,0.435855064924779
15.94,0.4471117,-0.04985227,-8.91408118100386e-20,1.2341057002413e-05,0.106224389696649,-0.769434545254231,0.430192093802281,-0.324421272004904,-2.92307859448248,-0.669588290110795,-1.37601408150056e-17,0.000790715406151561
15.95,0.454276,-0.0708539,-2.7445128535131e-19,2.73383432324116e-08,-0.133982828369838,-0.661657817437586,0.428852265518583,-0.331037850179279,-2.81547613620167,-0.630502099153222,-2.75089946756894e-17,1.86242738840661e-06
15.96,0.4617252,-0.09012476,-7.95826527197347e-15,1.69855857600438e-11,-0.351559151324913,-0.54353774751209,0.425336674005334,-0.3364732276544,-2.7453608417342,-0.589092916675113,-7.99426336478501e-13,1.24920852117945e-09
15.97,0.4672919,-0.1103972,-1.60808847945084e-09,1.46763023270129e-14,-0.564784187856482,-0.439234104226514,0.419688832126769,-0.340865568696666,-2.67707879111965,-0.552129489711561,-1.51590776915843e-07,1.16398710877747e-12
15.98,0.4725474,-0.1299669,-5.25865805714106e-05,8.57193412764548e-18,-0.759593839738606,-0.334255470061848,0.412092893729383,-0.344208123397284,-2.61421045677235,-0.515366274068226,-0.0043931520145708,7.3422139627309e-16
15.99,0.4771813,-0.1491568,-0.0653216848877413,7.21570955068946e-21,-0.938741651990263,-0.232017642252217,0.40270547720948,-0.346528299819806,-2.55525703066825,-0.479747340918317,-4.83034039025586,6.62643598875858e-19
16,0.4812296,-0.1679228,-0.0972061979622442,2.34192773845151e-23,-1.10199771379024,-0.132615585317346,0.391685500071578,-0.34785445567298,-2.49970718701815,-0.445230755648389,-6.49741747296918,2.27080910546136e-21
16.01,0.4847943,-0.1858462,-0.104924763763732,1.00114784935392e-24,-1.24871339113042,-0.0330290208983897,0.379198366160274,-0.348184745881964,-2.4472359636208,-0.410718220606454,-6.49998923389747,1.00152962783154e-22
16.02,0.4877892,-0.2024956,-0.111283357146468,1.92981533415186e-24,-1.37995869063549,0.0696127149034211,0.365398779253919,-0.347488618732929,-2.39716780110107,-0.37505129469037,-6.49999987869956,1.93713115477032e-22
16.03,0.4896874,-0.2175504,-0.116843605035078,1.89171411543229e-22,-1.50045689540733,0.177008842203342,0.350394210299845,-0.345718530310896,-2.34808496418975,-0.337363520679899,-6.49999999733791,1.8914430233548e-20
16.04,0.4907233,-0.2303073,-0.121810931405177,3.40504162921166e-19,-1.60832723253384,0.293836855527601,0.334310937974507,-0.34278016175562,-2.30019182876713,-0.295547063502576,-6.49999999989162,3.5080036958638e-17
16.05,0.4904924,-0.2407061,-0.126443116206688,2.00917030160971e-15,-1.70720346141297,0.419021801323581,0.317238903360377,-0.338589943742384,-2.25252167985028,-0.249435148877479,-6.49999999999324,2.40540015295156e-13
16.06,0.4892605,-0.2482321,-0.130814330139679,1.08765061219716e-11,-1.79494725207469,0.555263197852859,0.29928943083963,-0.333037311763855,-2.20537671975909,-0.197252238402672,-6.49999999999935,2.36728143905817e-09
16.07,0.487233,-0.2525873,-0.134957026476947,-1.7234556105146e-08,-1.87016882436908,0.703171247154479,0.280587742595939,-0.326005599292311,-2.15888694336675,-0.137801422046331,-6.49999999999991,1.90495722826581e-05
16.08,0.4849259,-0.2534351,-0.13880158594934,0.00047627497803426,-1.92911616351405,0.863545437827764,0.261296580960799,-0.317370144914033,-2.11359463405789,-0.0695885711903463,-6.49999999999998,0.0991003849435841
16.09,0.4827513,-0.2506547,-0.142310341910706,-0.0292696996739259,-1.96931330339921,1.03524796140447,0.241603447926807,-0.307017665299988,-2.06976978107799,0.0081844789392422,-6.49999999999999,6.36315602507496
16.1,0.4811701,-0.2440193,-0.145461003756231,-0.624506140326117,-1.98821616202689,1.21803101935899,0.221721286306538,-0.294837355106398,-2.02767901535843,0.096730322887759,-6.49999999999999,6.49991838660237
16.11,0.4804977,-0.2334388,-0.148260686410483,-1.27088791234311,-1.98484011288381,1.41046064622562,0.2018728851777,-0.280732748644142,-1.98735189096587,0.196547303095497,-6.49999999999999,6.49999991623802
16.12,0.4808919,-0.2187468,-0.15073443549338,-1.96085097479608,-1.95973394262547,1.61178138772856,0.182275545751445,-0.264614934766857,-1.94863149074142,0.308023891048128,-6.49999999999999,6.49999999985584
16.13,0.4824248,-0.1998241,-0.152911149650026,-2.71446424762438,-1.91426113247465,1.82084703653881,0.163132934426699,-0.246406464401469,-1.91130210463225,0.43060040437268,-6.49999999999996,6.4999999999996
16.14,0.4839141,-0.177657,-0.15488243207991,-3.44620954568511,-1.86016555138901,2.02744466695144,0.144531278912809,-0.226132017731954,-1.87384862809441,0.558453445305184,-6.49999999999981,6.5
16.15,0.4854499,-0.1513197,-0.156641005375483,-4.15100731129968,-1.79778237840279,2.23796632506748,0.126553455128781,-0.203752354481279,-1.83625569877653,0.692821350970436,-6.49999999999895,6.5
16.16,0.4855112,-0.1223223,-0.158236198294097,-4.7762408640464,-1.74076600657708,2.4381838182662,0.10914579506301,-0.179370516298617,-1.79702279254403,0.825498409190511,-6.49999999999459,6.5
16.17,0.483732,-0.09070711,-0.159638854211954,-5.30526124730319,-1.69207909045053,2.62720165562988,0.0922250041585046,-0.153098499742319,-1.75595840196716,0.954768113076469,-6.49999999997711,6.5
16.18,0.4794818,-0.05657352,-0.160813936954261,-5.73044788715033,-1.65655762744103,2.80379907091676,0.0756594278840943,-0.125060509033151,-1.71284367510917,1.07917559576453,-6.4999999999324,6.5
16.19,0.4718245,-0.02081426,-0.161716639461524,-6.05011586150653,-1.64107009103458,2.96040695242017,0.0592487269737485,-0.0954564395089492,-1.66757255509231,1.19647669023237,-6.49999999988974,6.5
16.2,0.4604456,0.01620423,-0.162291292622071,-6.27506364226879,-1.64664498828454,3.0945478105095,0.0427822770909031,-0.0645109614038543,-1.6207340962768,1.30688715902781,-6.49999999990547,6.5
16.21,0.4454167,0.05432026,-0.162499524214926,-6.41755748979257,-1.67089599219968,3.20578607690847,0.0260733171689063,-0.0324531006347695,-1.57318040145167,1.41131775339445,-6.499999999954,6.5
16.22,0.4262962,0.09228997,-0.162329396649677,-6.48808108156367,-1.71573452593885,3.28496606843533,0.00891597190951779,0.000396560049583786,-1.52564758036931,1.51021320079617,-6.49999999998769,6.5
16.23,0.403682,0.1304403,-0.161792908194688,-6.49611152046732,-1.77419863610139,3.33683743964038,-0.00882601445149614,0.0337649344459876,-1.47885546121762,1.60539651145639,-6.4999999999977,6.5
16.24,0.3776782,0.1676001,-0.160918991249902,-6.44736331653198,-1.84387648945387,3.35361026994607,-0.0272647793460348,0.0673010371454483,-1.43325328854719,1.69817730601886,-6.49999999999967,6.5
16.25,0.3498642,0.2045428,-0.159730390638064,-6.34504798270506,-1.91031685131271,3.34438559533539,-0.0463679478591619,0.100744893098802,-1.38862985511067,1.7896384386554,-6.49999999999994,6.5
16.26,0.3194239,0.2390879,-0.15826650391621,-6.18757031586673,-1.98002804120811,3.29337180358759,-0.0661682282712429,0.133678611134678,-1.34537946377991,1.88217771778198,-6.49999999999999,6.5
16.27,0.2876865,0.2711458,-0.156531878624086,-5.96998074255197,-2.04127560366848,3.20357901031995,-0.0865809843079277,0.165714401237878,-1.30285686601446,1.97751311269655,-6.5,6.5
16.28,0.2553929,0.3009779,-0.154521835616203,-5.68648509445597,-2.08819848727538,3.08092358918598,-0.107462969180682,0.196523637129737,-1.26057414231818,2.07655779253699,-6.5,6.5
16.29,0.2233099,0.3284738,-0.152214848718903,-5.32965978628166,-2.11530423490795,2.92800227551927,-0.128616011529761,0.22580365988493,-1.21795340128037,2.18030283947028,-6.5,6.5
16.3,0.1920523,0.3538269,-0.149580639095319,-4.8948043522309,-2.1189415881598,2.7499078087153,-0.149805427411359,0.253302737972083,-1.17448053084685,2.28882561023942,-6.5,6.5
16.31,0.1619578,0.3771982,-0.146593581344596,-4.38170385107542,-2.09820317826787,2.55121971365815,-0.170787459194038,0.278814935108665,-1.12984664406585,2.40167341834493,-6.5,6.5
16.32,0.1334356,0.3989984,-0.14321765089892,-3.80087758409217,-2.05183461124496,2.33834052684992,-0.191305805306487,0.302198340377164,-1.0836421923706,2.51709393688671,-6.5,6.5
16.33,0.1063909,0.4193026,-0.139456617537801,-3.16417094778785,-1.98301479113047,2.11448082703263,-0.211135953217792,0.32334314864749,-1.03597601030804,2.63367456462908,-6.49999999999999,6.5
16.34,0.08039382,0.4380662,-0.135364784378071,-2.4781636566693,-1.89757318298251,1.88167714948722,-0.230111685047617,0.342159920142362,-0.987398746230113,2.75014314785129,-6.49999999999994,6.49999999999995
16.35,0.05559599,0.4557329,-0.130955310494497,-1.77346113200515,-1.7961834178228,1.6458800071872,-0.248073519225845,0.358618720214234,-0.93776672973359,2.86353529124849,-6.49999999999922,6.49999999996914
16.36,0.03140157,0.4720521,-0.126343797646771,-1.09898526309159,-1.685730461533,1.40685750226179,-0.264930823841175,0.372687295236852,-0.888022258560643,2.97344131068311,-6.49999999998383,6.49999995386537
16.37,0.008061592,0.4874711,-0.121459189208509,-0.377061115647201,-1.56561830834744,1.17016343414026,-0.280587006924649,0.384388929578255,-0.837892823356947,3.07731947227627,-6.49999999945628,6.4998059141709
16.38,-0.01521998,0.5012338,-0.116338071054534,0.0335478427871248,-1.44399096778883,0.930973155703683,-0.295026916602538,0.393698661135292,-0.788841612107793,-3.10591242646344,-6.49999997541535,4.10214262360527
16.39,-0.0382132,0.513628,-0.110826762618704,-1.14062590058479e-07,-1.31988107469871,0.693472342199279,-0.308225727349525,0.400633384557284,-0.740615630993977,-3.01132768030546,-6.49999837946863,9.80204899604467e-05
16.4,-0.06033211,0.5252837,-0.104635964384664,1.28317959789115e-12,-1.18948604511926,0.464304501584316,-0.320120587800717,0.405276429573127,-0.69225301846653,-2.92418489585132,-6.49980692507467,2.00714108217184e-10
16.41,-0.08329758,0.5337923,-0.0977319233932693,1.55144664431423e-18,-1.06835897167352,0.224507186097256,-0.330804177517453,0.4075215014341,-0.647301366912397,-2.83663385491184,-6.47593355002068,1.57841046052928e-16
16.42,-0.1074885,0.5390238,-0.0650594676733484,2.21046387407808e-21,-0.959656433086451,-0.024496832416709,-0.340400741848317,0.407276533109933,-0.606626412628378,-2.74919738553782,-4.62623404942482,2.2212185146592e-19
16.43,-0.1306494,0.5433692,-0.000914551142563567,8.8524274524977e-18,-0.844492380765338,-0.260586604015877,-0.348845665655971,0.404670667069774,-0.565430140568755,-2.69761260589767,-0.0705543357221379,8.59734451454427e-16
16.44,-0.1537842,0.5456562,-2.70770039292789e-06,1.03441797626422e-11,-0.732424804921493,-0.492873884216422,-0.356169913705185,0.39974192822761,-0.526064464489486,-2.61569611475051,-0.000226829175281932,8.66855688478154e-10
16.45,-0.176981,0.5464108,-6.16031456211959e-09,3.56346788221105e-06,-0.624663942241796,-0.71576526942399,-0.362416553127603,0.39258427553337,-0.488780912191467,-2.53884199197957,-5.56325145565057e-07,0.000255247045874438
16.46,-0.1998038,0.5460978,-9.43363228396908e-12,0.0523226452073851,-0.517973225508861,-0.924693285723954,-0.367596285382692,0.383337342676131,-0.452591377412107,-2.46756833328787,-9.05602398458069e-10,3.3313623153948
16.47,-0.2222501,0.5451546,-1.12989805466661e-14,0.110671332745158,-0.412947896084155,-1.11578413772416,-0.371725764343534,0.372179501298889,-0.417550513465449,-2.40199228732295,-1.12600528024091e-12,6.4980574659926
16.48,-0.2439374,0.5439618,-1.18722485827801e-17,0.117506007319113,-0.306995167095216,-1.28606898152323,-0.374795716014486,0.359318811483657,-0.382774444568393,-2.34191032158842,-1.19279783578703e-15,6.4999965831847
16.49,-0.2645957,0.5427164,-1.91018743550146e-20,0.123149312640669,-0.198671881301181,-1.43447324248937,-0.376782434827498,0.344974079058763,-0.347671995733069,-2.28669267581117,-1.909726513213e-18,6.49999997667368
16.5,-0.2837356,0.5416881,-1.57154668311578e-22,0.128003189101176,-0.0848620582934743,-1.55955823376058,-0.377631055410432,0.329378496721157,-0.311086022988351,-2.23591117042709,-1.58927957231795e-20,6.49999999951132
16.51,-0.3013332,0.5403836,-4.97575312392326e-23,0.13239153395953,0.0334152859214356,-1.66644286965913,-0.377296902551218,0.312714068024566,-0.273082590868593,-2.18791128684988,-5.39393302242923e-21,6.49999999997773
16.52,-0.316935,0.5390385,-1.62381350355595e-21,0.136368882486962,0.158732628879818,-1.75394576182553,-0.37570957626242,0.295174610406311,-0.232534272883793,-2.14253295013917,-2.18135897474137e-19,6.49999999999796
16.53,-0.3303613,0.537579,-1.34681869577588e-18,0.139981554549803,0.291143181466815,-1.82366197324929,-0.372798144447752,0.276937990673818,-0.189041119856946,-2.09916018886439,-3.60280280641024e-16,6.49999999999967
16.54,-0.341419,0.536046,2.08984999813496e-15,0.143256142310732,0.430754951906593,-1.87623235049924,-0.368490594928686,0.258175667168825,-0.14211648310823,-2.05744401057675,-3.06809725354297e-12,6.49999999999991
16.55,-0.3497146,0.5350876,-4.45516277957357e-11,0.146161695033806,0.579266069004376,-1.90736294283927,-0.362697934238642,0.239102037740433,-0.0906225611478605,-2.01787836823819,-3.53293867999073e-08,6.49999999999996
16.56,-0.3561415,0.5331736,-1.39166843972007e-06,0.148866840104301,0.727571585101565,-1.93118917888999,-0.355422218387626,0.219790145951533,-0.0372828469125116,-1.9781679090478,-0.000169937511667662,6.49999999999998
16.57,-0.3596076,0.5322683,0.00634299016086179,0.151227404168624,0.883668422421145,-1.93197215342016,-0.346585534163415,0.200470424417331,0.021407532081899,-1.94048121560009,-0.446692860483757,6.49999999999998
16.58,-0.3603252,0.5318094,0.529240273599789,0.153322067669097,1.04409471655545,-1.9162221983063,-0.33614458699786,0.181308202434268,0.0848453134149406,-1.90382215757852,-6.43677600647371,6.49999999999996
16.59,-0.3579347,0.5319037,1.01377613902271,0.155168000867565,1.21035310748457,-1.8845182742566,-0.324041055923015,0.162463019691702,0.154334024358732,-1.86805402769757,-6.49991764078833,6.49999999999991
16.6,-0.3519568,0.5324032,1.48476630141208,0.15679062856446,1.38476328161275,-1.83960032146526,-0.310193423106887,0.14406701647705,0.231577513286505,-1.83281842773852,-6.4999998368592,6.49999999999968
16.61,-0.3419829,0.5333464,2.0228020713515,0.158200296913379,1.56881581797876,-1.78253847424395,-0.2945052649271,0.12624163173461,0.317931462689163,-1.79797823527806,-6.49999999954471,6.49999999999839
16.62,-0.3278596,0.5339766,2.6125744849002,0.15942474378903,1.76170592003574,-1.72094240279986,-0.276888205726742,0.109032207706611,0.413601919145325,-1.76278541999786,-6.49999999999822,6.49999999999043
16.63,-0.3092945,0.5339155,3.22574540225953,0.16046380888852,1.96377634952203,-1.6587102836967,-0.257250442231522,0.0924451048696444,0.518810114081956,-1.72692725126816,-6.49999999999999,6.49999999993824
16.64,-0.2859977,0.5328461,3.84554145022185,0.161307417015149,2.17525732493781,-1.59892018358843,-0.235497868982144,0.0764559030337601,0.633029995137676,-1.690229621453,-6.5,6.49999999960484
16.65,-0.2579688,0.5304967,4.44870905684967,0.16193956129753,2.39390730314034,-1.54400607313277,-0.21155879595074,0.0610158423024324,0.753966918325659,-1.65264316708557,-6.5,6.49999999769048
16.66,-0.2255666,0.5266324,5.00063254554,0.162342066316962,2.61466140414684,-1.49586358419774,-0.185412181909272,0.046057206460455,0.877844855558879,-1.61423595950977,-6.5,6.49999998857053
16.67,-0.1893558,0.5209331,5.47234959699883,0.162498408149735,2.8311607908172,-1.45688504913145,-0.1571005740011,0.0314883559691405,1.00073952004459,-1.57515564501031,-6.5,6.49999995669099
16.68,-0.1501256,0.5130494,5.84912415848775,0.162396744838804,3.03574927646525,-1.42944120403678,-0.126743081236447,0.0171939439287727,1.11937452967175,-1.53567368309255,-6.5,6.49999988701319
16.69,-0.1088856,0.5025542,6.13003238885698,0.162034248061111,3.21966423124438,-1.41626543917887,-0.0945464389240036,0.0030312895369841,1.23170034927934,-1.49618717942867,-6.5,6.49999981985146
16.7,-0.06641722,0.4892239,6.3239533688772,0.161420455591399,3.37688367418688,-1.41809350908179,-0.0607776021821348,-0.0111496455538338,1.33746969723864,-1.45717115255721,-6.5,6.49999983134519
16.71,-0.02393468,0.4727672,6.44196764735523,0.160578145993661,3.49849688704342,-1.43605339958001,-0.0257926333117006,-0.0255101795496339,1.43703655281387,-1.41912195605808,-6.5,6.49999991067804
16.72,0.01941633,0.4539243,6.49521120874495,0.159527801130793,3.5935888359362,-1.4625879437538,0.0101432550476614,-0.0401360589871719,1.53239851485695,-1.38206291923443,-6.5,6.49999996462953
16.73,0.06139276,0.4321844,6.49074946178721,0.158305948895726,3.64519246175086,-1.50098480731162,0.0465951796651701,-0.0551459070602881,1.62416690224579,-1.34643750360995,-6.5,6.4999999904621
16.74,0.1014465,0.4078603,6.43332829768102,0.156936262434587,3.65197644826,-1.54741108342852,0.0831149441477701,-0.0706200178945734,1.7141832141264,-1.3121622432723,-6.5,6.49999999795808
16.75,0.1401713,0.3820189,6.32458916023883,0.155408212917998,3.6224190323973,-1.5920966891084,0.119339134471743,-0.0865409847856574,1.80369933570548,-1.27849759623846,-6.5,6.49999999951871
16.76,0.1762637,0.35474,6.16262159489361,0.153731898410958,3.54894293635963,-1.63419655260003,0.154828563835339,-0.102882950311658,1.8944761868252,-1.24539071578502,-6.5,6.49999999987272
16.77,0.2096059,0.3266974,5.94320251123288,0.151885853199081,3.43464663653869,-1.66807410357348,0.189175030200726,-0.119563691347393,1.98780674642822,-1.21226118415639,-6.5,6.49999999995569
16.78,0.2399937,0.2983816,5.66003661467946,0.149847460129956,3.28194498133002,-1.69011604690253,0.221994480014027,-0.136464851816418,2.08489306247325,-1.17868451681198,-6.5,6.49999999997779
16.79,0.2673774,0.2703068,5.30613104975608,0.147584522062953,3.09459111365334,-1.69689107241879,0.25294039115056,-0.153433762540606,2.18659308378063,-1.14420108891556,-6.5,6.49999999998255
16.8,0.2918141,0.2427457,4.8755161591297,0.145075753888907,2.87714613114055,-1.68733970912992,0.281711852461966,-0.170307159631905,2.29331870006882,-1.10859946379623,-6.5,6.49999999997798
16.81,0.3134341,0.2159183,4.36601090121131,0.142301730142969,2.63460607812285,-1.66103055756701,0.308057913243194,-0.186917465207575,2.40493803907651,-1.07171174793716,-6.5,6.49999999995456
16.82,0.3323337,0.1896957,3.78083265381055,0.139278556261988,2.37145131204379,-1.62054678694357,0.331772426363632,-0.203122933077011,2.52090645362009,-1.03379884221339,-6.5,6.49999999985526
16.83,0.3495925,0.1652632,3.14175725840398,0.135875380991999,2.10002468298881,-1.55756757536418,0.35277267319352,-0.218698608830652,2.6376204113976,-0.993309451452269,-6.5,6.49999999904809
16.84,0.3649169,0.1414732,2.45139648557853,0.132242658183073,1.82041736639875,-1.48376015612216,0.370976846857508,-0.233536210391874,2.75452200137804,-0.952021437929229,-6.49999999999977,6.49999999047127
16.85,0.3787608,0.1185877,1.73969000874971,0.12836849200546,1.53891769257015,-1.39833538128605,0.386366023783209,-0.247519564204734,2.86894440294674,-0.909607009965618,-6.49999999938556,6.49999984246487
16.86,0.3914633,0.09627818,1.06695254977282,0.124302933816398,1.26036593126787,-1.30549779673498,0.398969683095888,-0.260574542172084,2.97866927566416,-0.866721083246065,-6.49999436042359,6.49999601938416
16.87,0.4040495,0.07560594,0.349336032030972,0.119790966202668,0.994827854572414,-1.19774522903253,0.408917961641612,-0.27255199446241,3.07979669338345,-0.821529842248828,-6.3342945127642,6.4997779024593
16.88,0.4158884,0.05529148,-1.31569890658675e-05,0.114656155430789,0.737831527051114,-1.0875113782699,0.416296276912123,-0.283427108245109,-3.10902211856893,-0.776600152386339,-0.00162684930745263,6.48109997161286
16.89,0.427203,0.0355523,2.9165305824815e-12,0.076827803550171,0.492237717090291,-0.973937101198551,0.421218654083026,-0.293166479257094,-3.02194768299348,-0.731620935056758,-2.43773105705174e-09,4.55089953183813
16.9,0.4383176,0.01658036,-2.24619736693697e-17,0.000829059826829527,0.261429872299615,-0.856466784990388,0.423832952806022,-0.301731147106998,-2.94263069724282,-0.686303143112366,-4.71332687616506e-15,0.051905375245122
16.91,0.4495417,-0.001708803,-1.98774467426936e-20,1.30916201926026e-06,0.0482892086780495,-0.736886574770178,0.424315844892803,-0.3091000128547,-2.87118161211864,-0.640969712297994,-2.17316472665096e-18,8.76373282719919e-05
16.92,0.458989,-0.02026516,-4.09590412469802e-19,1.51826701109332e-09,-0.162715178033935,-0.623956347839307,0.422688693112463,-0.315339576333093,-2.76145481768957,-0.598068194884773,-4.11410996328585e-17,1.09728001213005e-07
16.93,0.466944,-0.03947503,-1.4013285568507e-14,1.77146856095326e-12,-0.367998458446145,-0.521045784092458,0.419008708528002,-0.320550034174017,-2.69368251627597,-0.558709972292026,-1.35398725590959e-12,1.38579328546645e-10
16.94,0.4748994,-0.05757604,-7.35884065371169e-10,8.37071462701847e-16,-0.554371630754396,-0.413542249561281,0.413464992220458,-0.32468545666963,-2.632340727854,-0.518331602483554,-6.3825792521307e-08,7.12607760461244e-14
16.95,0.4813682,-0.07656687,-1.32141709506038e-05,7.36853473407761e-19,-0.734358082072696,-0.31893845667598,0.406121411399731,-0.32787484123639,-2.57296742452431,-0.482524730777878,-0.00101274231440234,6.7325989993148e-17
16.96,0.486856,-0.09635288,-0.0318475030915453,1.78272248364917e-21,-0.903107242608002,-0.236021911425993,0.397090338973651,-0.33023506035065,-2.51650421500531,-0.451015795126646,-2.19005478552271,1.71517830024187e-19
16.97,0.4918374,-0.1158746,-0.102377379532071,1.04490976485422e-23,-1.05649748358487,-0.155681106387682,0.386525364137802,-0.331791871414527,-2.46356385423588,-0.420700245489308,-6.48203629253722,1.03903146572007e-21
16.98,0.4962021,-0.1354888,-0.109310649477234,3.42866920256189e-25,-1.19565530375954,-0.0811606198194639,0.374568811100207,-0.332603477612721,-2.41337456784979,-0.392682380375864,-6.49991755700519,3.44529440691892e-23
16.99,0.5000618,-0.1547272,-0.114909646012197,8.34114665796578e-26,-1.31988345013512,-0.00862907811913516,0.361369976598856,-0.332689768393913,-2.36571778506007,-0.365544131055756,-6.49999899695456,8.35963589600399e-24
17,0.5035915,-0.1725727,-0.119749537365195,2.19158052113976e-25,-1.42812137370574,0.0699467612669693,0.347088762861798,-0.331990300781243,-2.32050486420705,-0.3361917047698,-6.49999997171454,2.19154305304607e-23
17.01,0.5056534,-0.1900435,-0.124263516201222,4.82499201546135e-24,-1.5303004899738,0.145193624520182,0.33178575796206,-0.330538364536041,-2.27527895991628,-0.308022183842735,-6.49999999881057,4.893162381109e-22
17.02,0.5070809,-0.2049579,-0.128422222359888,1.18238608673725e-21,-1.61936329839798,0.234790898883816,0.31559212497808,-0.328190455547203,-2.23140718676025,-0.273955939237573,-6.49999999991271,1.27837052117274e-19
17.03,0.5075085,-0.2173472,-0.132381706685991,1.57044618147614e-18,-1.69877927365008,0.336703982545458,0.29860433224158,-0.324823415721748,-2.18802093499292,-0.234280853429756,-6.49999999999054,2.07996769968473e-16
17.04,0.5070101,-0.2267212,-0.13615074337894,3.79319628008934e-15,-1.76818493772285,0.453257901501672,0.280922482864351,-0.320290836706732,-2.14507933363888,-0.187367982110711,-6.49999999999854,1.06586347212636e-12
17.05,0.505842,-0.2326128,-0.139686166692569,-1.04177370262237e-11,-1.82581317839678,0.586295155724581,0.262664351080383,-0.314427885149486,-2.10280037209495,-0.131505564836062,-6.49999999999967,9.19111013032278e-09
17.06,0.5044032,-0.2347282,-0.142943964863847,4.3444694300203e-07,-1.86894998948117,0.735969597104869,0.243974851185572,-0.307068189178437,-2.06153944924572,-0.0654527753000102,-6.49999999999989,7.91312158878958e-05
17.07,0.5030168,-0.2328215,-0.145906598015001,-0.00326762466847002,-1.89582466509991,0.901911178273732,0.225016604534572,-0.2980490773957,-2.02146720984107,0.0119499506459338,-6.49999999999994,0.46175165061322
17.08,0.5019302,-0.2266183,-0.148574847162245,-0.660899073120632,-1.9055486497533,1.08390243450631,0.205961118037039,-0.287210053050637,-1.9826144914653,0.101946422671348,-6.49999999999995,6.47885387414188
17.09,0.5013353,-0.2161598,-0.150959334491394,-1.31728224997887,-1.89787881097858,1.27904156431881,0.186982329927254,-0.274419637407449,-1.94493328853402,0.204207439804858,-6.49999999999994,6.4999904488815
17.1,0.501066,-0.2014468,-0.153094338252372,-2.02322992585475,-1.8756545536508,1.48490290546754,0.168225784390746,-0.259570608352773,-1.90798666780829,0.317999916674527,-6.49999999999988,6.49999999203461
17.11,0.5010306,-0.1825257,-0.154999529837898,-2.77975454151295,-1.84097101636466,1.6988128210348,0.149816074227099,-0.242582480142425,-1.8714854080739,0.441590873813306,-6.49999999999969,6.4999999999878
17.12,0.5007252,-0.1596166,-0.156704949550096,-3.51865318999203,-1.79922241612505,1.91683241568314,0.131823850065848,-0.223414155985594,-1.83479200998299,0.571708449819564,-6.499999999999,6.49999999999997
17.13,0.4995218,-0.1331246,-0.158226490348889,-4.20656992078422,-1.75642960994622,2.13379950187442,0.114259553966386,-0.20207616096685,-1.79728153836949,0.703996915487188,-6.49999999999657,6.5
17.14,0.4969346,-0.103642,-0.159556949908058,-4.8133194886377,-1.7169540654486,2.34344384179491,0.0970900133119003,-0.178641722548901,-1.75859884475182,0.83393818026032,-6.49999999998903,6.5
17.15,0.4921044,-0.07197322,-0.160682433328055,-5.31652752742786,-1.6878414708056,2.53831753513453,0.0802115986038444,-0.153258547197556,-1.71828972017985,0.957772020396089,-6.49999999997359,6.5
17.16,0.4846888,-0.03843433,-0.161565935532402,-5.71643630204621,-1.67123951957134,2.71568756627278,0.0634992034081309,-0.126101671534828,-1.67648060540935,1.07462857377775,-6.49999999995581,6.5
17.17,0.4743068,-0.00375047,-0.162171611786385,-6.01943101266898,-1.66934732826885,2.86980685692385,0.0468057301254425,-0.0974036029655893,-1.6334404412662,1.18376703852835,-6.49999999995246,6.5
17.18,0.4608693,0.03192722,-0.162470157625172,-6.23892210223043,-1.68168200498455,3.00026319527742,0.0299889100755969,-0.0674009710128151,-1.58967789263863,1.2863418989975,-6.49999999996671,6.5
17.19,0.4439904,0.06760757,-0.162447199661899,-6.3854730339976,-1.71013738533332,3.09994763446435,0.0128875362222637,-0.0364014946681716,-1.54568066377739,1.38275212790295,-6.49999999998552,6.5
17.2,0.4241852,0.1034348,-0.162104097144202,-6.47018280491077,-1.74894242075778,3.1718530277187,-0.00460188798531415,-0.00468296439098464,-1.5020110171459,1.47495199745565,-6.49999999999528,6.5
17.21,0.4010247,0.1384438,-0.161456814560907,-6.49985068817593,-1.80047835609065,3.20981641141083,-0.0226066715462207,0.0274151997231237,-1.45910290662343,1.56401655965893,-6.4999999999989,6.5
17.22,0.3757364,0.1732964,-0.160524009917193,-6.47882966879931,-1.8532414352511,3.2217511937338,-0.0411390858987316,0.0596327116604617,-1.41699588152837,1.65154746374822,-6.49999999999974,6.5
17.23,0.348375,0.2071673,-0.159327362506141,-6.40869128010178,-1.90629420005065,3.20290423393463,-0.0602020278992381,0.0916617539998079,-1.37578007287495,1.73865059950038,-6.49999999999994,6.5
17.24,0.3194196,0.2396192,-0.157881880516375,-6.28846440299223,-1.95528782876326,3.15230213057495,-0.0797549061868707,0.123184775305557,-1.3353060874926,1.82667917364107,-6.49999999999998,6.5
17.25,0.2896173,0.2704985,-0.15618780313941,-6.11488304304641,-1.99405876551934,3.07159262029522,-0.0996954938420641,0.15390070150851,-1.29517812125724,1.91683337133334,-6.49999999999999,6.5
17.26,0.2593852,0.2997437,-0.15424207807567,-5.88312836322411,-2.01972793301528,2.96324931345215,-0.119892773172217,0.183533194643031,-1.25511804106388,2.01007205088299,-6.5,6.5
17.27,0.2293641,0.32736,-0.152024449361343,-5.58784412413293,-2.02790463029337,2.8302773026893,-0.140171819475151,0.211835967669924,-1.2146489120903,2.10704225100113,-6.5,6.5
17.28,0.1999083,0.3533861,-0.149516638007241,-5.22434576269458,-2.01703079879178,2.67588064674398,-0.160342127463068,0.238594774137364,-1.17347806393134,2.20803480275823,-6.5,6.5
17.29,0.1711401,0.3777139,-0.146709540469412,-4.78844322868232,-1.98770677844203,2.50194204627405,-0.180219195247489,0.263614194600104,-1.13150555382441,2.31332529483987,-6.49999999999999,6.5
17.3,0.143431,0.4006079,-0.143576250148941,-4.28353915397628,-1.93856692261215,2.31337900556889,-0.19960486447361,0.286747984655793,-1.0883769476604,2.42194341874602,-6.49999999999998,6.5
17.31,0.1167366,0.4222935,-0.140121965031178,-3.71988372847438,-1.87190412506054,2.1144845180634,-0.218323905724216,0.307892829836427,-1.04416929658315,2.53243798235145,-6.49999999999989,6.5
17.32,0.09051488,0.4421957,-0.136414684008676,-3.09680424470167,-1.79402502225569,1.90271100047123,-0.236264155946772,0.32691993984114,-0.99959530184762,2.64550408983881,-6.49999999999914,6.49999999999997
17.33,0.06491062,0.4606808,-0.132469164512372,-2.42573947765908,-1.70515955035827,1.68352304456941,-0.253315751450355,0.343755170286834,-0.954547913841326,2.75871019820845,-6.49999999999028,6.49999999998856
17.34,0.03964736,0.4776042,-0.12836049080756,-1.72560177008789,-1.60904984779099,1.45780212271681,-0.269406249928265,0.358333191514002,-0.909520855468856,2.87120236989194,-6.49999999984715,6.49999999020415
17.35,0.01463126,0.4929283,-0.124114450766902,-1.0476185734804,-1.50768153881712,1.22727741536428,-0.284483065316436,0.370605965667645,-0.86477775431616,2.98180618758028,-6.49999999670698,6.49997380119161
17.36,-0.01030602,0.5064718,-0.119712014161433,-0.270711531855062,-1.40352396772409,0.992395160316548,-0.298518304993677,0.38052991727081,-0.82072364542878,3.0900196413987,-6.49999990634237,6.20544655450655
17.37,-0.03521008,0.5181357,-0.115098414207397,1.24114347907317e-05,-1.29785567293744,0.754268839517195,-0.311496861723052,0.388072605665982,-0.7775702956646,-3.08798684728564,-6.49999650446692,0.00173339240022353
17.38,-0.05998657,0.5278579,-0.110176548294062,6.25397225905623e-13,-1.19071240954852,0.514247119224656,-0.323403985818537,0.393215076858229,-0.735273277179219,-2.98642059576566,-6.49982226184896,2.34439576105915e-09
17.39,-0.08446172,0.5355095,-0.10461241325585,7.05251227872441e-18,-1.08148552304324,0.273036552376865,-0.334218841048969,0.395945442381997,-0.693622256126521,-2.8886007042737,-6.48679774541991,8.28562346080096e-16
17.4,-0.1085952,0.5410316,-0.0804396893856548,6.05721314746719e-22,-0.970725343830132,0.0318682492906177,-0.34392609448727,0.396264124874903,-0.652656511899746,-2.79473881659453,-5.2855655650248,6.05545422521132e-20
17.41,-0.1322706,0.5446174,-0.00213906576050432,1.71634173187032e-19,-0.858324509367066,-0.206057727025197,-0.352509339580941,0.394203547604652,-0.61224883406423,-2.69716080971544,-0.150526237281302,1.66592811932692e-17
17.42,-0.1556048,0.546014,-6.98633964391439e-06,2.48886247361631e-13,-0.746108033325633,-0.441478677152752,-0.359970419914197,0.389788760833124,-0.572763736238339,-2.61223149641397,-0.000530921329434123,2.07062815400694e-11
17.43,-0.1782757,0.5460507,-1.20468867041214e-08,1.75887684431156e-07,-0.632153559865799,-0.66621779201126,-0.366291955512855,0.383126582913011,-0.533579007853984,-2.53334662104444,-9.93417526853087e-07,1.24692159218849e-05
17.44,-0.1999751,0.5451821,-9.87356827262107e-12,0.00833537055688043,-0.514821278605055,-0.875905801982476,-0.371440168298906,0.374367524893187,-0.494088864689052,-2.4608232620106,-8.82622872748626e-10,0.525771143571048
17.45,-0.2212676,0.5438381,-6.15349920980961e-15,0.111308382838178,-0.399791075324842,-1.06683533190866,-0.375438079052154,0.3636991715741,-0.455763473363794,-2.39460020956883,-5.88000182440461e-13,6.48366261514767
17.46,-0.2412888,0.5426619,-2.89597757219693e-18,0.118251553253424,-0.28054195311816,-1.2339785512787,-0.378243498583336,0.351359386061313,-0.416538372056595,-2.33487698329566,-2.88787132773328e-16,6.49997481547553
17.47,-0.2600776,0.5420659,-3.42024448070541e-21,0.123686431053426,-0.158527169862161,-1.37476838064719,-0.379828770281958,0.337611702254841,-0.376628536133067,-2.28120987340969,-3.43397484383193e-19,6.49999981565378
17.48,-0.2777795,0.5416514,-8.12244815921027e-23,0.12839207221717,-0.0359781510400765,-1.49367486764163,-0.380188551792358,0.322674953578425,-0.3365164793561,-2.23173183366952,-8.12200315384754e-21,6.49999999597388
17.49,-0.2938175,0.5417526,-2.26318284135192e-22,0.13254191452976,0.090977924251618,-1.58893859408331,-0.379278772549842,0.306785567637592,-0.294705258686109,-2.18623205356921,-2.33474807693669e-20,6.49999999977082
17.5,-0.3080969,0.5420943,-6.1363597391052e-20,0.136282168441961,0.22190533359349,-1.66410167097183,-0.377059719213907,0.290144550927874,-0.251009666650009,-2.14354607141076,-7.28399732740344e-18,6.49999999997316
17.51,-0.320475,0.5425535,-1.56726877571688e-16,0.139671951568808,0.356771801957009,-1.72130030802628,-0.373492001194337,0.272931547847611,-0.205070027011594,-2.10297508941756,-2.92983037352096e-14,6.49999999999437
17.52,-0.3308447,0.5429816,-8.49964379969791e-14,0.142762297917612,0.495222723616479,-1.76283055999432,-0.368539773958172,0.255303242247668,-0.156593487762846,-2.06391026419769,-2.17745928154294e-10,6.49999999999811
17.53,-0.3391155,0.5433154,5.60032125158145e-10,0.14558451855288,0.636771481302709,-1.79020244319596,-0.362172059145145,0.237401217815708,-0.105294830834187,-2.02596428654081,-1.13532764508869e-06,6.49999999999905
17.54,-0.345198,0.5436345,-2.23361663934332e-05,0.148151076954818,0.780938383240375,-1.80373116101658,-0.354362675312742,0.219363906205542,-0.0508479459899038,-1.98899365660767,-0.00299474542540532,6.4999999999993
17.55,-0.3490938,0.5437995,0.00882465639002713,0.150490578890758,0.926516043447812,-1.80559411092263,-0.345097514878263,0.201307965096316,0.00681595224070683,-1.95260463874435,-2.35058387161108,6.4999999999993
17.56,-0.3506663,0.5438949,0.406208588667399,0.152608121134545,1.07351921686671,-1.79603379610219,-0.334362322709596,0.183347627135294,0.0682731814220488,-1.91672141721297,-6.4815529663826,6.49999999999903
17.57,-0.3494099,0.5440946,0.893504523882254,0.154504048881054,1.22497357135942,-1.77461985200278,-0.322112586996002,0.165601428615266,0.135436702109613,-1.88136810614598,-6.49995206452023,6.49999999999817
17.58,-0.3450492,0.5441223,1.34903928060222,0.156201750585489,1.38173877296881,-1.74472447333475,-0.308295199266314,0.148154183881919,0.209429307071363,-1.8461072787171,-6.49999981629243,6.49999999999555
17.59,-0.33701,0.5437692,1.86314473742346,0.157710494242931,1.5470129783551,-1.70895050965204,-0.292825069482763,0.131064678785398,0.292404630867536,-1.81064227049357,-6.49999999909631,6.49999999998704
17.6,-0.3248161,0.5426861,2.44429506477919,0.15903545733389,1.7228687010432,-1.67087618028429,-0.275596382472331,0.114355916982555,0.38591056479705,-1.77462167738865,-6.49999999999468,6.49999999995879
17.61,-0.3081523,0.5404508,3.06406380353036,0.160172805557625,1.90981373827509,-1.63439979704978,-0.25649824508958,0.0980119190120575,0.490371761993573,-1.73773865236572,-6.49999999999996,6.49999999987235
17.62,-0.286691,0.5367116,3.6999646969418,0.161107639210109,2.1083367391581,-1.60251008533495,-0.235414877697999,0.081986818158708,0.605405580299936,-1.69985977221167,-6.5,6.49999999964966
17.63,-0.2603104,0.5313998,4.32818502259807,0.161817545494588,2.3171174819491,-1.57559854293259,-0.212243702878508,0.0662308327293821,0.72882396515586,-1.66112008573858,-6.5,6.49999999916542
17.64,-0.2292798,0.5243611,4.91038385337961,0.162283444854341,2.53166647146269,-1.55469130992126,-0.186927038163881,0.0506839196301695,0.856413123288234,-1.62166450339695,-6.5,6.49999999834357
17.65,-0.1941991,0.5154793,5.41020510731379,0.16249002375836,2.74510838727258,-1.54037648954117,-0.159475954291155,0.0352801547347578,0.983269944477203,-1.58171321977771,-6.5,6.49999999733391
17.66,-0.1559031,0.5044989,5.80866129197558,0.162428229580899,2.94921392690223,-1.53428733701887,-0.129983815022133,0.0199372813645691,1.10530710887018,-1.54151418055879,-6.5,6.49999999672097
17.67,-0.1152981,0.4913534,6.10485026198048,0.162096885680009,3.13590054082917,-1.53631777280741,-0.0986248096138414,0.00457410363649496,1.22023519462406,-1.5013871259362,-6.5,6.49999999691848
17.68,-0.07406919,0.4752018,6.30742394264425,0.161505843156171,3.29148361842515,-1.55265583231761,-0.0657099734295899,-0.0109524546866812,1.32670955235952,-1.46176204096621,-6.5,6.4999999981861
17.69,-0.03149846,0.4572822,6.43311705676678,0.160667069727941,3.42330077949203,-1.57185974437921,-0.0314769656346696,-0.0266710521304732,1.42718207742952,-1.42267963070501,-6.5,6.49999999902479
17.7,0.01133797,0.4370319,6.49233692627345,0.15960406612744,3.52354575833458,-1.59814975580296,0.00375849194867616,-0.0426525496885028,1.52222152457678,-1.38450824158225,-6.5,6.49999999957897
17.71,0.05361911,0.4146937,6.49415715003479,0.15833764018241,3.58735462240421,-1.62875493110064,0.0396320381727182,-0.0589400989995092,1.6132105740809,-1.34729110055768,-6.5,6.49999999983934
17.72,0.09371752,0.3900577,6.44418495083525,0.156897256986492,3.60389887549781,-1.66480843048129,0.0756710269276963,-0.0755881833043221,1.70197212573593,-1.31125062730977,-6.5,6.49999999994724
17.73,0.1331105,0.3646161,6.34485502950619,0.155259305915758,3.58899758195144,-1.69338046927207,0.111561002747211,-0.0925219879970428,1.78977519707781,-1.27541417762887,-6.5,6.49999999997798
17.74,0.1700478,0.3381781,6.19473501634715,0.153440102209191,3.53094180031563,-1.71642491087702,0.146870420750367,-0.109686237105813,1.87855809658564,-1.23994829750381,-6.5,6.4999999999891
17.75,0.2044848,0.3113162,5.98998729632695,0.151422612759077,3.43324736193722,-1.72952654240409,0.181202894369739,-0.126981502529854,1.9696589135501,-1.20438451096253,-6.5,6.49999999999279
17.76,0.2360899,0.2843954,5.72403174057949,0.149191174634117,3.29706504818769,-1.73039596166132,0.214173544851616,-0.144285462146467,2.06450399656449,-1.16841475188827,-6.5,6.49999999999323
17.77,0.2646657,0.2577087,5.3885055028338,0.146729222688679,3.12480935414112,-1.71760111438921,0.245421638393027,-0.161461473290359,2.16431501472105,-1.13178765910646,-6.5,6.49999999999064
17.78,0.2902003,0.2314784,4.97514866137138,0.144022119425055,2.92046761195546,-1.69050066377519,0.274626314512582,-0.178366479928111,2.26985481731075,-1.09431672690506,-6.5,6.49999999998041
17.79,0.3127757,0.2057888,4.47836715711501,0.141066825730524,2.68868671516134,-1.64972833605761,0.301513181664195,-0.194863763288687,2.38134990604546,-1.05597019083472,-6.5,6.49999999993808
17.8,0.3324666,0.1805652,3.89766684669645,0.137880912451655,2.43386400561267,-1.59725948876345,0.325851821720322,-0.210836358176322,2.49854173181763,-1.01692365335945,-6.5,6.49999999971385
17.81,0.3496635,0.1557984,3.24279872862588,0.1344827399634,2.16278253320535,-1.53445168233244,0.347479647052376,-0.226180874999646,2.61975231360781,-0.977276195547794,-6.5,6.49999999808628
17.82,0.36469,0.131453,2.52307907966215,0.130901608973175,1.88123200667474,-1.46283335344012,0.366291967119123,-0.240809208534047,2.74277235393448,-0.937175783256375,-6.49999999999995,6.49999998168272
17.83,0.3779518,0.1074206,1.76608663590096,0.127181487194612,1.59527470156113,-1.38446731973068,0.382244714134734,-0.254653881731354,2.86471607592754,-0.896900909358199,-6.49999999988385,6.49999975592545
17.84,0.389758,0.08366413,1.04052421017686,0.123318806121916,1.30971583246004,-1.30070699064722,0.395341872459335,-0.267660951637826,2.98295429682976,-0.856627039586072,-6.49999898306563,6.49999549553662
17.85,0.4004902,0.06022378,0.247053022682997,0.119262683828038,1.02955900014589,-1.21220062019197,0.405637462460794,-0.279782957839746,3.09497740348222,-0.816399737490574,-6.45917647449852,6.49988232780194
17.86,0.4102637,0.03701905,-2.63941514424827e-05,0.114902796798218,0.757178820710429,-1.12056260299245,0.413209250667898,-0.290988583869671,-3.08345233182491,-0.776493703445432,-0.00400745414605571,6.49571161705879
17.87,0.4193854,0.0142808,-5.6838108041725e-13,0.106391680587497,0.496275582524447,-1.02475037657398,0.418172006493142,-0.30123608763541,-2.98703867686422,-0.73657032764439,-2.65473504023457e-09,6.26755382529559
17.88,0.4277284,-0.008297796,-1.32556917942806e-17,0.0268679554152195,0.246613650392597,-0.928231874928503,0.420638142997068,-0.310518406384695,-2.89818395029461,-0.697396537437868,-1.6449130744553e-15,1.65796316739338
17.89,0.4355117,-0.03036795,-1.0464253075598e-20,0.000262676776048538,0.010736276333013,-0.828835907846543,0.420745505760398,-0.318806765463161,-2.81692215363192,-0.658327333445919,-1.04943345920925e-18,0.0171111955140337
17.9,0.4427981,-0.05188462,-2.22853649064224e-18,1.09603679067781e-06,-0.210392864300253,-0.727072854087364,0.418641577117396,-0.326077494004034,-2.74704089909044,-0.61938340191538,-2.2390246347162e-16,7.61364355701063e-05
17.91,0.4492173,-0.07333339,-2.34941278503134e-13,3.25641991000684e-09,-0.419534791297714,-0.62776736283233,0.414446229204419,-0.332355167632358,-2.67715551491525,-0.581832879776361,-2.21501169236602e-11,2.42972852422284e-07
17.92,0.4558334,-0.09364916,-1.31117363870003e-08,3.99762047084993e-12,-0.607555904579101,-0.522654556133659,0.408370670158628,-0.337581713193694,-2.61449537376688,-0.54315738361991,-1.09602494673501e-06,3.23081102668063e-10
17.93,0.4614995,-0.1142687,-0.000152715873120838,4.98846539401571e-15,-0.784319355531835,-0.424644301758356,0.400527476603309,-0.341828156211278,-2.55526424568128,-0.507145019749965,-0.0112930369532186,4.34521072760815e-13
17.94,0.4665953,-0.1349897,-0.0745218551024318,7.27726066657096e-18,-0.946450452846918,-0.332141201744818,0.39106297207484,-0.345149568228726,-2.49985576335071,-0.47330734948915,-4.98236530985036,6.75967382519439e-16
17.95,0.4723856,-0.1539612,-0.104389184414963,6.55743183270355e-21,-1.08369826608697,-0.230165283283903,0.380225989413971,-0.347451221061565,-2.45041596546781,-0.436695406219915,-6.49359408087107,6.42405643545357e-19
17.96,0.4783005,-0.1713007,-0.11035801476092,1.47340977444245e-23,-1.20184428441749,-0.121120733509819,0.368207546569796,-0.348662428396663,-2.40484330498394,-0.397802426449465,-6.49992978385968,1.47974957559397e-21
17.97,0.4832238,-0.1878496,-0.115507028234884,9.0448084500449e-25,-1.31079600995005,-0.0131881498304125,0.355099586470295,-0.348794309894967,-2.36033413333398,-0.359189970467952,-6.49999853029328,9.05511648689754e-23
17.98,0.4875998,-0.2019791,-0.120053829690537,6.95483797197368e-24,-1.40693136578818,0.10632589981676,0.341030272812413,-0.3477310508968,-2.31754422464434,-0.316065917100618,-6.49999993982896,7.0066921559589e-22
17.99,0.4908495,-0.2136881,-0.124278824564484,6.86965263032904e-21,-1.49538976202426,0.235687976615772,0.326076375192171,-0.345374171130642,-2.27512107157214,-0.26851354906816,-6.49999999627739,7.55866711514697e-19
18,0.4928058,-0.2227013,-0.128306214809356,7.70089930970814e-17,-1.57756592899423,0.375476000154507,0.310300715902228,-0.341619411129097,-2.23265583265962,-0.215672778248861,-6.49999999968275,1.23079582237468e-14
18.01,0.4934266,-0.2286997,-0.132203167342886,1.49567926869419e-13,-1.65375669395902,0.526507836889905,0.293763148962638,-0.336354332760198,-2.19001111861799,-0.156435656767844,-6.49999999996435,3.97302803506469e-10
18.02,0.4928273,-0.2314544,-0.135958629000204,1.2280508586624e-08,-1.72298593333805,0.688715619524018,0.276533289629258,-0.329467176564958,-2.14731582452056,-0.0899036662035197,-6.49999999999472,8.96088887345552e-06
18.03,0.4914122,-0.2307385,-0.139499030886221,0.000544609650639715,-1.78203415245094,0.861945789970498,0.258712948104748,-0.320847718665253,-2.10509710211276,-0.0151198865557277,-6.4999999999989,0.0975533211099813
18.04,0.4895837,-0.2264642,-0.142773885887394,-0.402500829579449,-1.82803131085398,1.04483960735061,0.240432634996209,-0.310399322591747,-2.06375930709178,0.0683463030538992,-6.49999999999966,6.41363258143525
18.05,0.4877018,-0.2185297,-0.145757606435567,-1.05418591177771,-1.85877668766748,1.2361990587297,0.221844868119534,-0.29803733200445,-2.02355219174505,0.160850882322469,-6.49999999999984,6.49996063921223
18.06,0.4859619,-0.2069011,-0.148453245329291,-1.67464315815592,-1.8737008144276,1.43430616042224,0.203107859975258,-0.283694270400227,-1.98445384912907,0.262214365941477,-6.49999999999989,6.49999996334273
18.07,0.4846814,-0.1915596,-0.150859569643659,-2.35750765552514,-1.87139067107893,1.6374146918747,0.184393953264468,-0.26732012348148,-1.94657789036376,0.371784100066756,-6.49999999999987,6.49999999993402
18.08,0.4835012,-0.1725842,-0.153024320675134,-3.05055034945214,-1.85620400469687,1.84308396533058,0.1658319132175,-0.248889283828175,-1.90925745770764,0.488018295221073,-6.4999999999998,6.49999999999978
18.09,0.4821515,-0.1501391,-0.154972453518695,-3.71703963500316,-1.83149821395173,2.04835619661415,0.147516931077982,-0.228405721862033,-1.87203341940619,0.608618780439822,-6.4999999999996,6.5
18.1,0.4801534,-0.1243956,-0.15672513088857,-4.33904861134723,-1.80213340549992,2.25046019192238,0.129495597022983,-0.205901119942809,-1.83432842684173,0.73106745067266,-6.49999999999907,6.5
18.11,0.4764245,-0.09607483,-0.158305240559651,-4.88892005505037,-1.77754221377926,2.44237332274937,0.111720174885191,-0.181477386715316,-1.79517419894094,0.851393887970485,-6.4999999999981,6.5
18.12,0.4706679,-0.06525095,-0.159683248351546,-5.35612325040449,-1.75991802810252,2.62300334017737,0.0941209946041654,-0.155247353313542,-1.75451158423944,0.968433435102494,-6.49999999999678,6.5
18.13,0.4622717,-0.03226831,-0.160828967165059,-5.73546408905586,-1.75380715121196,2.78921197105194,0.0765829230920458,-0.127355233603022,-1.71220797005838,1.08081287839323,-6.49999999999608,6.5
18.14,0.4511001,0.002873511,-0.161699628249728,-6.03086279619798,-1.75940288174113,2.94102987317031,0.0589888942746346,-0.0979449348713194,-1.66861855718214,1.18845506698367,-6.49999999999659,6.5
18.15,0.4361912,0.03855595,-0.162264278403525,-6.24450976037089,-1.78356310699094,3.06535141801897,0.0411532632047251,-0.0672914206911297,-1.62386837388967,1.28942269201924,-6.49999999999825,6.5
18.16,0.4185125,0.0763047,-0.162494539220804,-6.39016926291281,-1.81666575954375,3.17601526425372,0.0229866056092877,-0.0355312680485924,-1.57887320166584,1.38665903499979,-6.4999999999993,6.5
18.17,0.3972025,0.1140163,-0.162386520839897,-6.47267566978758,-1.86478191635997,3.25616916487381,0.00433878644568794,-0.00296957639985431,-1.53397516134827,1.47904890017824,-6.49999999999981,6.5
18.18,0.3726758,0.1515329,-0.161949578703319,-6.49997675565404,-1.92293850302307,3.30643529604091,-0.0148905985845428,0.0300947765605548,-1.48968467158108,1.56812131537789,-6.49999999999996,6.5
18.19,0.3451379,0.1878714,-0.16120452255436,-6.47686821063865,-1.98821284400411,3.32084534154606,-0.0347727270245839,0.0633032299760154,-1.44631053052519,1.65520758402838,-6.49999999999999,6.5
18.2,0.3154241,0.2235569,-0.160172477321961,-6.40541490926685,-2.0527192570259,3.30647874474692,-0.0552999195948429,0.0963680174234846,-1.40384219768808,1.74164276318257,-6.5,6.5
18.21,0.2838083,0.2570747,-0.158873460333825,-6.28422562792737,-2.11381389060797,3.25336820870215,-0.0764380585009226,0.128901699510506,-1.36224001807407,1.82924431643921,-6.5,6.5
18.22,0.2510631,0.2885849,-0.157314179842302,-6.10935332654512,-2.16501224085401,3.16630136639897,-0.0980881809094627,0.160564713174496,-1.32116153779017,1.91933386092887,-6.5,6.5
18.23,0.2179958,0.3179001,-0.155486394466164,-5.8743181470244,-2.20014287325707,3.04706773572747,-0.120089609642033,0.191035390531771,-1.28012900801049,2.01324890613778,-6.5,6.5
18.24,0.1851881,0.3449309,-0.153373859279061,-5.57095384559474,-2.21549259798556,2.89832879863189,-0.142244535621889,0.220018678518089,-1.23872443196992,2.11210542935926,-6.5,6.5
18.25,0.1533117,0.3699145,-0.150944514248743,-5.19257603551624,-2.20704851980312,2.72539785657323,-0.16431502081992,0.247272657083822,-1.19641464068884,2.21619669611747,-6.5,6.5
18.26,0.1226419,0.3930087,-0.14817325814507,-4.73494985566609,-2.17452692371081,2.53267074715118,-0.186060290057028,0.272599364555334,-1.15293077786544,2.32540345881246,-6.5,6.5
18.27,0.093018,0.4138505,-0.145060669703285,-4.1925863817877,-2.12139699128083,2.32006318312085,-0.207274259969837,0.295799996386542,-1.10839242558834,2.4404178259605,-6.5,6.5
18.28,0.06515384,0.4335164,-0.141547410890617,-3.58582902725411,-2.04383026866202,2.09939494350841,-0.227712562656457,0.316793945821626,-1.06205166035836,2.55748799346315,-6.5,6.5
18.29,0.03812646,0.4510483,-0.137713840892019,-2.90783988984742,-1.95185986783629,1.86495354477229,-0.24723116133482,0.335443481269349,-1.01493060987433,2.67821378292925,-6.49999999999999,6.49999999999991
18.3,0.01186884,0.466766,-0.133592429968571,-2.17007951332025,-1.84779835280693,1.62202865816438,-0.265709144862889,0.351663767850993,-0.967164883423296,2.80005610776974,-6.49999999999982,6.49999999993524
18.31,-0.01359383,0.4808296,-0.129218990949549,-1.41899436437941,-1.73309703757242,1.37422928384606,-0.283040115238613,0.365406060689453,-0.918796628924636,2.92071595458227,-6.49999999999615,6.4999998526888
18.32,-0.0387812,0.4928062,-0.124686899331981,-0.659451080677687,-1.61361460339553,1.12006106764748,-0.299176261272569,0.376606671365928,-0.870690845302711,3.04011739807029,-6.49999999988625,6.49845900063705
18.33,-0.06399116,0.5024444,-0.119994067296211,0.00181541605751093,-1.4929501985433,0.859679706232605,-0.314105763258002,0.385203468428254,-0.823465900901768,-3.12556027695257,-6.49999999563104,0.312519844317622
18.34,-0.08942276,0.5095505,-0.115103963334237,-2.92715063072497e-10,-1.37360883370266,0.593741865104732,-0.327841851595028,0.391140887079302,-0.777619685973967,-3.01067102282103,-6.49999979190972,2.54908723110754e-07
18.35,-0.1149717,0.514266,-0.10991635373412,1.42542148571473e-16,-1.25540194237406,0.325627142477543,-0.340395871018769,0.394397158504077,-0.733121732830833,-2.90009801779199,-6.49998730819123,1.79108489396265e-14
18.36,-0.1407042,0.5165129,-0.104347458772493,7.27966554666694e-22,-1.13954288845527,0.0566656115006765,-0.351791299903322,0.394963814619084,-0.690233574272593,-2.79434764833363,-6.49902735861413,7.27771495722273e-20
18.37,-0.1666737,0.516653,-0.0970188076660402,1.65307108654944e-19,-1.02702482651041,-0.20832351958444,-0.362061548168426,0.392880579423239,-0.649177650547588,-2.72150861512715,-6.40965158153487,1.64450958728327e-17
18.38,-0.1928291,0.5149424,-0.0347990523161548,1.02944383404186e-12,-0.917885225128913,-0.465801852856799,-0.371240400419715,0.388222560894671,-0.609945341214803,-2.63133913611677,-2.45923862663921,8.91052706663174e-11
18.39,-0.2186531,0.5124196,-0.000294927674183256,1.48167697325368e-06,-0.808323616416672,-0.706178734734607,-0.379323636583881,0.381160773547325,-0.571527027517889,-2.5492963363708,-0.0224694562774315,0.000108287851171438
18.4,-0.2441015,0.5094523,-1.01886325121993e-06,0.0481180684700577,-0.698722888455947,-0.926235913510183,-0.386310865468441,0.371898414412223,-0.533925444878558,-2.4749870154637,-8.39569763570642e-05,3.09631824710161
18.41,-0.2686734,0.5066002,-1.85686362342232e-09,0.109910025436942,-0.585701535025173,-1.12158691665844,-0.392167880818693,0.360682545245639,-0.49611153246981,-2.40827731968061,-1.65336772576026e-07,6.49821074190158
18.42,-0.2918568,0.5041597,-1.49960701190513e-12,0.116815869599598,-0.466091281683802,-1.29051449215316,-0.396828793635531,0.347777400324107,-0.457023875736551,-2.34834145295005,-1.43026461212631e-10,6.49999673722935
18.43,-0.313157,0.5022978,-5.64272014482822e-16,0.12240702164553,-0.337170727653849,-1.43267491947696,-0.400200500912069,0.333450651129338,-0.415622576096897,-2.29420875284102,-5.6300925411875e-14,6.49999997291352
18.44,-0.3323385,0.5006618,-2.52644254038837e-19,0.127230866106132,-0.198623631688598,-1.55217309185664,-0.402186737228955,0.317928920210771,-0.37146849310719,-2.24416610371235,-2.53460662800436e-17,6.49999999933978
18.45,-0.3489305,0.4993848,-1.63702079192403e-21,0.13151229409421,-0.0483076747045743,-1.64896336417353,-0.402669813976001,0.301439286569036,-0.323471744679492,-2.1976796774169,-1.64254413206017e-19,6.4999999999606
18.46,-0.3622887,0.4985494,-6.98124754987633e-21,0.135361698938336,0.117082526225033,-1.7235655946307,-0.401498988713751,0.284203630622729,-0.269993899983902,-2.1542295082141,-7.64300595745919e-19,6.49999999999499
18.47,-0.3732429,0.4973357,-1.56774349238591e-17,0.138930318606836,0.288425611869059,-1.78397665902762,-0.39861473259506,0.266363864032453,-0.213370988192718,-2.11203341255485,-2.58239341717408e-15,6.49999999999899
18.48,-0.380758,0.496454,1.91719643702081e-14,0.142150859010086,0.472547514072971,-1.82513810454392,-0.39388925745433,0.248112482987014,-0.150620212014373,-2.07182458932667,-1.8328344220223e-10,6.49999999999965
18.49,-0.3849286,0.4959813,-3.83243686010455e-08,0.145051168945888,0.666390062999803,-1.8477051191632,-0.387225356824332,0.229635431795382,-0.0819772166548251,-2.03333059130145,-1.43854791542003e-05,6.49999999999979
18.5,-0.38572,0.495842,-0.00126291993879734,0.147670333722605,0.868136392248651,-1.85365162044981,-0.378543992901846,0.211098915590884,-0.00728320250741239,-1.99612888174063,-0.402212016530042,6.49999999999981
18.51,-0.3826612,0.4964422,0.458047789166166,0.150001924155878,1.07962486428911,-1.84096726356656,-0.367747744258955,0.192689242955218,0.0749839440241381,-1.96045584986727,-6.49094665575659,6.49999999999972
18.52,-0.3756037,0.4975851,1.08104859669608,0.152089550575077,1.29984186020243,-1.81285812852627,-0.35474932565693,0.174560661669955,0.165219621807673,-1.92581706935054,-6.49999782033397,6.49999999999938
18.53,-0.364258,0.4990338,1.68616666039926,0.153967023085218,1.52894463001093,-1.77270007514377,-0.339459879356821,0.156833660918518,0.264064512490932,-1.89175346859707,-6.49999999882267,6.49999999999802
18.54,-0.3483554,0.500428,2.35689757867993,0.155663020597924,1.76684542886125,-1.72468346629326,-0.321791425068209,0.139586826255585,0.371685109795396,-1.85774534842353,-6.49999999999875,6.49999999999194
18.55,-0.3277838,0.5011002,3.04549917824413,0.157205434335332,2.01212023003153,-1.67521654456163,-0.301670222767893,0.122834660809969,0.487139510133488,-1.82305255154664,-6.5,6.49999999996442
18.56,-0.302153,0.5009145,3.72241318446085,0.158584296834767,2.26568353189792,-1.62585519340947,-0.279013387448914,0.106576108875874,0.609631441643048,-1.78754553913761,-6.5,6.49999999983697
18.57,-0.2715998,0.4994803,4.36289083207071,0.159791446989466,2.52400752309764,-1.58010601752448,-0.253773312217938,0.0907750487006293,0.736006664921067,-1.75093736649938,-6.5,6.49999999930365
18.58,-0.2362173,0.4968143,4.93862683012398,0.160802099067407,2.78417536260873,-1.5378366876573,-0.22593155859185,0.0753966818240563,0.863062232502721,-1.71334237699478,-6.5,6.49999999723729
18.59,-0.1965944,0.49266,5.42315311975428,0.161596438085534,3.03944211435435,-1.50113299059739,-0.195537137448307,0.0603853519180824,0.986871445137389,-1.67473901329352,-6.5,6.49999999057242
18.6,-0.1535769,0.486743,5.80609019163765,0.162152880445397,3.28154717734998,-1.47201613242604,-0.162721665674807,0.045665190593822,1.10442657435875,-1.63520283588073,-6.5,6.49999997448233
18.61,-0.1081018,0.4786317,6.09147171164949,0.162451465986982,3.50224162175407,-1.45357294067705,-0.127699249457266,0.0311294611870515,1.21428811264204,-1.59487558176885,-6.5,6.49999995146071
18.62,-0.06200643,0.467421,6.28963688307988,0.16247633754048,3.68674093201106,-1.4524268691029,-0.0908318401371559,0.0166051924960225,1.31562747236322,-1.55398359639327,-6.5,6.49999994909264
18.63,-0.01356957,0.4544571,6.4178494146501,0.162221646894972,3.85077299751426,-1.4561714402361,-0.0523241101620133,0.00204347809366147,1.41160095441897,-1.5131233113636,-6.5,6.49999995509791
18.64,0.03331497,0.4377799,6.48434250395615,0.161696191973667,3.96305409267047,-1.48035606358388,-0.0126935692353086,-0.0127600825421773,1.50135544199707,-1.47276418357861,-6.5,6.49999998033032
18.65,0.07979302,0.4185169,6.49908741803705,0.160916855813262,4.0363623410627,-1.51392909661761,0.0276700541753184,-0.0278993735083534,1.58755763335488,-1.43316027942969,-6.5,6.49999999363278
18.66,0.1240329,0.3961886,6.4669764297112,0.159912384844169,4.05837470536252,-1.55978810892873,0.0682538012289436,-0.0434972545976407,1.67166653610765,-1.39473503710926,-6.5,6.49999999858358
18.67,0.1652865,0.3712604,6.38932708784605,0.158706640942123,4.02696883339589,-1.61280159199966,0.108523489562903,-0.0596252705176373,1.75564025107324,-1.35747585142044,-6.5,6.49999999973756
18.68,0.2034167,0.3443394,6.26390357739843,0.157312712299847,3.94554542830723,-1.66705053737269,0.147978943845975,-0.0762957758913642,1.8412120919186,-1.32112598323749,-6.5,6.49999999995071
18.69,0.2380954,0.3158751,6.08519639898556,0.155736872799969,3.81600581303733,-1.71837824014351,0.186139001976348,-0.0934795582927993,1.93006155579607,-1.28541577359075,-6.5,6.49999999998941
18.7,0.2686355,0.2864918,5.84331265307076,0.15396989051594,3.63749324432806,-1.76155750847507,0.222513934419629,-0.11109513337755,2.02426354078506,-1.24989379403771,-6.5,6.49999999999701
18.71,0.295532,0.256811,5.52807252531772,0.151991036372095,3.41920722044653,-1.79186815813583,0.256706006624094,-0.129013814958908,2.12477200003323,-1.21407192667967,-6.5,6.49999999999877
18.72,0.3188891,0.2272723,5.1278666928403,0.149778697075231,3.16667627499559,-1.806541084085,0.28837276937405,-0.147079225799758,2.23255216235396,-1.17759724626714,-6.5,6.49999999999921
18.73,0.339234,0.1984834,4.6359326775082,0.147292630509568,2.88866868255587,-1.80176749488338,0.317259456199609,-0.165096900748592,2.34736480619194,-1.13993005756115,-6.5,6.49999999999913
18.74,0.3568981,0.1707291,4.05201372086457,0.144505962764986,2.59181170237436,-1.77681195290526,0.343177573223352,-0.182865020277645,2.46844120749057,-1.10083127417101,-6.5,6.49999999999835
18.75,0.3723842,0.1439625,3.38795822951304,0.141418777107581,2.28372017755231,-1.73383839819477,0.366014774998875,-0.200203404259592,2.5937140806797,-1.06041845855556,-6.5,6.49999999999477
18.76,0.386851,0.1191132,2.67005486482914,0.137934628543019,1.97682236768187,-1.66699385887698,0.385782998675694,-0.216873342848362,2.71842389116864,-1.01756550389572,-6.5,6.4999999999658
18.77,0.400612,0.0959773,1.92362093101612,0.134069116947086,1.67562181544195,-1.58030453473307,0.402539216830114,-0.232676388195693,2.83952034600879,-0.972565875514586,-6.49999999999012,6.49999999956044
18.78,0.4139726,0.07420053,1.21517318202041,0.129877664141263,1.38414856646082,-1.47882731553504,0.416380702494722,-0.247464661351043,2.95427294838342,-0.925960338888797,-6.49999993495644,6.49999998959626
18.79,0.4270111,0.05364124,0.499626415684268,0.12539065893951,1.10418488615026,-1.36557414197338,0.427422551356224,-0.261120402770777,3.06126781008307,-0.878013887182487,-6.49860432772647,6.49999954579867
18.8,0.4397673,0.03411214,-0.00214123146995598,0.120570539524187,0.836974202617213,-1.24376341080332,0.435792293382397,-0.27355803687881,-3.12329095427033,-0.829112906597921,-0.338687205203251,6.49996343185859
18.81,0.4525441,0.01551749,8.28481176298398e-10,0.115215321806454,0.585722328464627,-1.11566325424499,0.441649516667043,-0.28471466942126,-3.03385168765228,-0.77952409972328,-1.21616168729179e-06,6.49436547771545
18.82,0.4640286,-0.003306927,-6.87604839607658e-15,0.0930354704371732,0.340072229459373,-0.992109149346415,0.445050238961637,-0.294635760914724,-2.94930628183757,-0.731732609513564,-1.68433411992346e-12,5.5102720050732
18.83,0.4750564,-0.0217311,-7.32718302333064e-19,0.00156485590407513,0.108018114675829,-0.868399421601037,0.446130420108395,-0.303319755130735,-2.87178678674785,-0.684574194357154,-8.0267621527306e-17,0.0981989179351929
18.84,0.4846523,-0.04082756,-9.21388845011081e-19,3.64988169176599e-06,-0.117972410932566,-0.754093993221048,0.444950695999069,-0.310860695062945,-2.76606542610993,-0.640643217393343,-9.24945482748867e-17,0.000244459291618235
18.85,0.4927784,-0.06077119,-1.15375919666857e-14,8.69261197648931e-09,-0.337201291917999,-0.650594871195434,0.441578683079889,-0.317366643774899,-2.70094810102749,-0.600499385693565,-1.12513347471869e-12,6.25313125835617e-07
18.86,0.4991363,-0.08157136,-1.63139654235597e-09,2.43311132195363e-11,-0.551200446767737,-0.557768708003906,0.436066678612212,-0.322944330854939,-2.63782736133218,-0.564235969190524,-1.43074207243428e-07,1.88169315250048e-09
18.87,0.5039661,-0.1033935,-7.8902580874369e-05,1.02244733654572e-13,-0.757008428206582,-0.476693771246367,0.428496594330146,-0.327711268567402,-2.57702939063298,-0.532274300541609,-0.00609795604930075,8.45450108776342e-12
18.88,0.5074073,-0.1259074,-0.0829651433355047,6.20419835898349e-16,-0.952780869018078,-0.404242682563307,0.418968785639965,-0.331753695393035,-2.51854799676442,-0.503680589631046,-5.72579754266953,5.44203414282577e-14
18.89,0.5100986,-0.147551,-0.102691229471751,2.39719865354287e-18,-1.13281129076996,-0.327443686631952,0.407640672732266,-0.335028132259355,-2.46328386377782,-0.474240196951721,-6.49939336962121,2.22308924597857e-16
18.9,0.5103536,-0.1707653,-0.110019225465767,3.38426349839979e-20,-1.31094626196329,-0.267043068054875,0.394531210112633,-0.337698562939904,-2.40763226802826,-0.450728425361787,-6.49999901754577,3.25734674731786e-18
18.91,0.5097759,-0.1918745,-0.116152435908885,2.40085899073105e-22,-1.47304864150153,-0.192129888211795,0.379800723697617,-0.339619861822021,-2.35445441679066,-0.422739028141967,-6.49999999495034,2.38364334739335e-20
18.92,0.5083148,-0.2108054,-0.121507028396928,2.45581981377784e-24,-1.61974765858766,-0.103774961282703,0.363603247111741,-0.340657611434848,-2.30322371222685,-0.390382014263357,-6.49999999993591,2.4679563010446e-22
18.93,0.5050519,-0.2276107,-0.126478302561783,2.70899468070696e-25,-1.75880527742462,-0.00408152446525634,0.346015194337495,-0.340698426679501,-2.25214988502317,-0.354051933767926,-6.49999999999862,2.71005351435761e-23
18.94,0.5012387,-0.2409198,-0.131032788579032,3.63770090890883e-24,-1.87968399546618,0.116539460587077,0.327218354382833,-0.33953303207363,-2.20297282712983,-0.3097439424318,-6.49999999999994,3.68310541630829e-22
18.95,0.4970128,-0.2504212,-0.135252850284042,1.38686082081566e-20,-1.98192027308087,0.258119729185083,0.307399151652024,-0.336951834781779,-2.15548456156848,-0.256541229171557,-6.49999999999999,1.60144975407013e-18
18.96,0.4925943,-0.2559365,-0.139130606193128,7.49009915884673e-16,-2.06453802539897,0.419458755875361,0.286753771398034,-0.332757247223026,-2.10959795763952,-0.193751115711951,-6.5,1.76841588069499e-13
18.97,0.4884748,-0.2571035,-0.142636491877855,-4.38999910047873e-11,-2.12455702707755,0.600816421896845,0.265508201127259,-0.326749083004057,-2.06554680187332,-0.119879312721145,-6.5,3.65721084722441e-08
18.98,0.4852152,-0.2535602,-0.145755839189906,3.38652141757729e-05,-2.15882570044307,0.802293591998058,0.243919944122828,-0.318726147084077,-2.02357687400805,-0.0333007345656704,-6.5,0.00417205185573392
18.99,0.482964,-0.2452867,-0.14852056063034,-0.37716633478064,-2.16798982368739,1.02105312157087,0.222240045885954,-0.308515615868368,-1.98343652516725,0.0662685573983054,-6.5,6.25168451276937
19,0.4817128,-0.2321553,-0.150969548381128,-1.16553008539545,-2.15409432222174,1.2552530571111,0.200699102663737,-0.295963085297257,-1.9447645432617,0.179103722275345,-6.5,6.49998054885694
19.01,0.4811136,-0.2141377,-0.153151721718444,-1.93757206893698,-2.12194514763715,1.50228235886863,0.179479651187365,-0.280940261708571,-1.90694183722287,0.304302430463815,-6.5,6.49999999599948
19.02,0.4801434,-0.191914,-0.155129256127529,-2.75396621236523,-2.08159163802417,1.75388263127602,0.158663734807124,-0.263401435395811,-1.86884650468402,0.43724062965626,-6.5,6.49999999999765
19.03,0.4785542,-0.1652332,-0.156903361331049,-3.5424318041392,-2.03599059486495,2.01002257083113,0.138303828858474,-0.243301209687499,-1.8301995634068,0.576084717185368,-6.5,6.5
19.04,0.475007,-0.1350775,-0.158496713453945,-4.25708944499823,-1.99679731229408,2.26059232528823,0.118335855735533,-0.220695286434617,-1.78996781773026,0.714247397527808,-6.49999999999999,6.5
19.05,0.4691607,-0.1020053,-0.15987585924309,-4.87341430358263,-1.96652392374807,2.49979456946062,0.0986706164980526,-0.195697340740011,-1.74809955024084,0.847785718483089,-6.49999999999999,6.5
19.06,0.4606569,-0.06614231,-0.161002160352643,-5.3807184167442,-1.94755946329299,2.72590199718187,0.0791950218651228,-0.168438320768192,-1.70466675031585,0.975140258049829,-6.49999999999998,6.5
19.07,0.4491387,-0.02816897,-0.161835977541273,-5.77670387674646,-1.94200353376176,2.93289331680646,0.0597749865275052,-0.139109387600128,-1.65989113751238,1.09446983512555,-6.49999999999998,6.5
19.08,0.4344316,0.01142464,-0.162342364613304,-6.07169250789346,-1.95020400288339,3.116915021746,0.0402729464986714,-0.107940237382668,-1.614194949669,1.20566585022792,-6.49999999999998,6.5
19.09,0.4164615,0.05199946,-0.162499382148364,-6.27901679833239,-1.97156769729819,3.27336460985341,0.0205572695256894,-0.0752065912841335,-1.56807953034919,1.30922984548821,-6.49999999999999,6.5
19.1,0.3952174,0.09306416,-0.162301079056887,-6.41239167220756,-2.00494254063848,3.39939966726056,0.000507844119304553,-0.0412125946115279,-1.52204366218186,1.40638630255544,-6.49999999999999,6.5
19.11,0.3709013,0.1340943,-0.161756503227945,-6.4830367153639,-2.04744937306664,3.49234119208371,-0.0199666496113618,-0.00628918269069074,-1.47651657884191,1.49851662646386,-6.5,6.5
19.12,0.3438279,0.1743948,-0.160884933959779,-6.49914123650151,-2.09546256682798,3.54855718539166,-0.0409212752796416,0.0291963891632258,-1.43177717691323,1.58705587288318,-6.5,6.5
19.13,0.3145209,0.2134651,-0.159708237784531,-6.46570987335807,-2.14391084095227,3.56654068092941,-0.0623603836891643,0.0648617959725199,-1.38790044668591,1.67358435092723,-6.5,6.5
19.14,0.2836215,0.2509924,-0.158243357804801,-6.38455205484193,-2.18717278627941,3.54669159604848,-0.0842321115519584,0.100328711933005,-1.34476086888188,1.7595973381019,-6.5,6.5
19.15,0.2516414,0.2867564,-0.156501190925174,-6.25478957530236,-2.22117589121236,3.49038335141386,-0.106443870464082,0.135232545447143,-1.30216341743529,1.84641456690247,-6.5,6.5
19.16,0.2192589,0.3202592,-0.154479738931372,-6.07274458834912,-2.24088223652333,3.39686193081051,-0.128852692829315,0.169201164755248,-1.25974734221649,1.93547308631441,-6.5,6.5
19.17,0.1870791,0.3515508,-0.152167333686797,-5.83346142012922,-2.24235962554505,3.27014820524307,-0.151276289084766,0.201902646807679,-1.2171260799883,2.02771128058174,-6.5,6.5
19.18,0.1557331,0.3807347,-0.14953982590075,-5.53173931008312,-2.22190459492329,3.11459374272027,-0.173495335033999,0.233048584234882,-1.17384100100981,2.1236991037747,-6.5,6.5
19.19,0.1252984,0.4079219,-0.146592598219783,-5.16329028874977,-2.1807757412814,2.93445231121991,-0.195303092446813,0.262393107347081,-1.12983260228246,2.22364232515131,-6.5,6.5
19.2,0.09558781,0.4326074,-0.143343177178011,-4.72061018686722,-2.12242511344456,2.72878241278793,-0.216527343581258,0.28968093147496,-1.08529536189708,2.32861501598396,-6.5,6.5
19.21,0.06728194,0.4557095,-0.139751319568498,-4.21218710327761,-2.04306668399623,2.50848332027867,-0.236958010421221,0.314765764677747,-1.03959361053991,2.43646027474597,-6.5,6.5
19.22,0.04027269,0.4772775,-0.135838414940801,-3.6463891946503,-1.94579160819541,2.27658928461172,-0.256415926503175,0.337531657523864,-0.992880226048042,2.54622384570376,-6.49999999999998,6.5
19.23,0.01355029,0.4966036,-0.131739080167129,-3.02040669450579,-1.84090930392115,2.02980190943833,-0.274825019542386,0.357829676618247,-0.946424650189005,2.65881130677834,-6.49999999999979,6.5
19.24,-0.01216322,0.5146174,-0.127416717242152,-2.3540024112064,-1.72382495734898,1.77852461498247,-0.292063269115876,0.375614922768072,-0.899407412388001,2.77037725435305,-6.4999999999952,6.49999999999931
19.25,-0.03767153,0.530677,-0.122967046985178,-1.66076910429799,-1.60283501998476,1.5195511328073,-0.308091619315724,0.390810434096145,-0.853047810762925,2.88160693217582,-6.49999999985053,6.4999999989242
19.26,-0.06257201,0.5451893,-0.118269471864081,-0.996526072980266,-1.4757546743737,1.25852666640317,-0.322849166059461,0.403395700760177,-0.806881315116926,2.99001986217787,-6.49999999284474,6.49999427246128
19.27,-0.08735657,0.5575561,-0.113317996801466,-0.231633237522646,-1.34790852833235,0.992469415593405,-0.336328251342784,0.413320394916111,-0.761809698849855,3.09653911891721,-6.49999952779961,6.3305281568415
19.28,-0.1120747,0.5675688,-0.108033403820602,5.19676497158347e-06,-1.22058723619885,0.721848084767608,-0.348534123704773,0.420538875763787,-0.718043974743652,-3.08228233068131,-6.49995700300858,0.000809027183674555
19.29,-0.136483,0.5752671,-0.102175285892764,1.79384518350008e-13,-1.09258489148464,0.449147287694871,-0.359459972619619,0.425030348640736,-0.675275094271195,-2.98099342783507,-6.49405839164382,2.37360539141371e-10
19.3,-0.1605842,0.5804856,-0.0801186931174852,8.95928800079196e-19,-0.964806548051449,0.174996409178497,-0.369108038100134,0.426780312732521,-0.633616431742073,-2.88285551873515,-5.42924815885916,1.02429997464539e-16
19.31,-0.1843954,0.5832478,-0.00130564482059379,6.89618515779468e-20,-0.838198445210899,-0.0984780284294047,-0.377490022552243,0.425795532448227,-0.59319768903432,-2.78836575872405,-0.0952549826250651,6.89816780812794e-18
19.32,-0.2078166,0.583943,-2.16248313316254e-06,1.75897349326558e-14,-0.712670394401258,-0.366342559305338,-0.384616726496255,0.422132106855173,-0.553906842515848,-2.62932466078796,-0.0001708713700416,1.51625387892165e-12
19.33,-0.2308158,0.583079,-2.15777065665038e-09,4.79291268374368e-08,-0.588686547091626,-0.623137483749403,-0.390503591967171,0.415900732017679,-0.515756685390645,-2.54675922676813,-1.84673260911214e-07,3.48562982547395e-06
19.34,-0.2531946,0.5810099,-1.35425109935448e-12,0.00979802750053158,-0.465308487702529,-0.865170158413349,-0.395156676844197,0.407249030433546,-0.478397922531799,-2.47063504837153,-1.24668233296047e-10,0.62655093788275
19.35,-0.2746676,0.5783185,-6.48489908831985e-16,0.110733737492916,-0.34096488453541,-1.08727934166518,-0.398566325689551,0.396376237016894,-0.441281612516009,-2.40113073792578,-6.31914553957139e-14,6.49562728182886
19.36,-0.294884,0.5752457,-4.67873296324516e-19,0.117974424535506,-0.2136859813765,-1.28764173675855,-0.400703185503316,0.383499819649308,-0.40369981240811,-2.33750376133574,-4.69280549835492e-17,6.49999748567445
19.37,-0.3131739,0.5721069,-2.56638291191146e-21,0.123883245778274,-0.0790864209216124,-1.46411657401341,-0.401494049712532,0.368858653909174,-0.364186049579881,-2.27919178714507,-2.5714643950245e-19,6.49999999265487
19.38,-0.329767,0.5684487,-1.58343446316187e-21,0.129068197345442,0.0594795247693014,-1.62115389540556,-0.400899254464839,0.352647114955119,-0.323390001871448,-2.22443038547093,-1.58883334512056e-19,6.49999999993397
19.39,-0.3440996,0.5644526,-2.39774135306869e-19,0.133735610511315,0.2053665070882,-1.75779995092447,-0.398845589393957,0.335069115445874,-0.279970617073402,-2.1728085243729,-2.54966760493381e-17,6.4999999999985
19.4,-0.3558977,0.5602833,-1.17252423484509e-15,0.137942705757902,0.359243281190224,-1.87345064011272,-0.395253156582055,0.316334609044747,-0.233258867142985,-2.12393059077149,-1.56576534946428e-13,6.49999999999993
19.41,-0.3650363,0.5560927,-9.11463789593469e-12,0.14171316623249,0.520452863988844,-1.96779362818701,-0.390048627942166,0.296656672762877,-0.182910892430612,-2.07743051135683,-2.96248744265751e-09,6.49999999999999
19.42,-0.3714927,0.5518805,4.90034680992091e-08,0.145089308003021,0.687506661192813,-2.04192140149277,-0.383173561330238,0.276237458747949,-0.128799939798963,-2.03280708692754,-4.10886929477565e-05,6.5
19.43,-0.3746754,0.5487006,-0.00147538572955544,0.148028913717644,0.863628264423291,-2.08839113300828,-0.374537278686005,0.255353547417866,-0.0690996250890816,-1.99081683373195,-0.301804152953897,6.5
19.44,-0.3746904,0.5462588,-0.0116593675619646,0.150612855790509,1.04603362441281,-2.11152513302127,-0.364076942441877,0.234238296087654,-0.00393133567468894,-1.95061709563411,-6.46096102154672,6.5
19.45,-0.370836,0.5451759,0.413764213127206,0.152848796322006,1.23870064251285,-2.10800153665558,-0.351689936016749,0.213158280721098,0.0691138941655943,-1.91242375885006,-6.49997896838874,6.5
19.46,-0.3627147,0.5452737,0.996465291962111,0.154790901331545,1.44273306531272,-2.0814541222553,-0.337262605363621,0.192343739498545,0.151562955495624,-1.87568373078995,-6.49999998112276,6.5
19.47,-0.3503198,0.5459675,1.55901491957718,0.156493077985263,1.65587947609014,-2.03868611213937,-0.32070381060272,0.171956878377151,0.243596772405756,-1.83961227550028,-6.49999999997105,6.5
19.48,-0.3333367,0.5465555,2.19875887259407,0.157990598960854,1.87851846961894,-1.98701015571865,-0.301918625906531,0.152086776819965,0.34614653558158,-1.80348236188565,-6.49999999999993,6.49999999999999
19.49,-0.31147,0.5462947,2.88538757942388,0.159298926977505,2.11077361966786,-1.93353723293349,-0.280810889709852,0.13275140449063,0.459537588043459,-1.76668783135993,-6.5,6.49999999999997
19.5,-0.2846847,0.5446768,3.57671213021069,0.160411332396479,2.35056947292405,-1.88290190474367,-0.257305194980611,0.113922385443193,0.582416263745753,-1.72893094686166,-6.5,6.49999999999989
19.51,-0.2530893,0.5413845,4.24661092638666,0.161309030440213,2.59477718611797,-1.83778648788507,-0.231357423119432,0.0955445205643423,0.712114119815403,-1.69014870284632,-6.5,6.49999999999963
19.52,-0.2170656,0.5360993,4.85995506578419,0.161970060727398,2.83826406784286,-1.80062429524431,-0.202974782441003,0.0775382776118992,0.844665664995345,-1.65038369490022,-6.5,6.49999999999895
19.53,-0.1771918,0.5286248,5.3835206537686,0.162372480290062,3.07471845613044,-1.77260267614752,-0.172227597879699,0.059812250850424,0.975908627863438,-1.60982925990435,-6.5,6.49999999999766
19.54,-0.1345374,0.5183944,5.79868053373392,0.162499627240826,3.29438564333705,-1.75775974380089,-0.139283741446328,0.0422346534124151,1.10189754590812,-1.56868610033234,-6.5,6.49999999999638
19.55,-0.0896704,0.5053102,6.10727231122203,0.162342073295889,3.49249729446639,-1.75590246796584,-0.104358768501664,0.0246756287327567,1.22132222369108,-1.52735761476934,-6.5,6.49999999999615
19.56,-0.04403601,0.4887579,6.31732062286836,0.161902433686698,3.65767372234336,-1.77096332756458,-0.0677820312782307,0.00696599545711083,1.33309457495902,-1.48628027212332,-6.5,6.49999999999747
19.57,0.002529097,0.4697161,6.44352255125488,0.161192453863234,3.79277647805971,-1.79348205005624,-0.0298542664976337,-0.0109688250434516,1.43884331899484,-1.44573121377922,-6.5,6.49999999999866
19.58,0.04880555,0.4476649,6.49677286797179,0.160234589398752,3.88937412332035,-1.82690581557716,0.00903947473556988,-0.0292378831992232,1.53927582010164,-1.4060906592224,-6.5,6.49999999999947
19.59,0.09291618,0.4223696,6.48622687389404,0.159059329848892,3.9346203291835,-1.87200739060399,0.0483856780274048,-0.0479579571052631,1.6359231433612,-1.36767729540044,-6.5,6.49999999999984
19.6,0.1355704,0.3950512,6.41703548851963,0.157676183725953,3.93811817177371,-1.91757744805078,0.0877668597451419,-0.0671337315857709,1.73078006296108,-1.33008762022902,-6.5,6.49999999999995
19.61,0.1751917,0.3657334,6.28981251734117,0.156104940525509,3.89035593865121,-1.9630522315378,0.126670419131654,-0.0867642539011489,1.82585805875881,-1.2933594586072,-6.5,6.49999999999999
19.62,0.2116337,0.3351203,6.10135404774521,0.154343481048876,3.79458377679625,-2.00238047934417,0.164616256899616,-0.106788058694591,1.92292090163808,-1.25708532320058,-6.5,6.49999999999999
19.63,0.2446201,0.3037814,5.84518295737518,0.152382694603539,3.65305350646097,-2.03113672511341,0.201146791964226,-0.127099425945725,2.02360620869394,-1.22089037821417,-6.5,6.5
19.64,0.2741582,0.272322,5.51329478562517,0.150202517872997,3.47045042492843,-2.04503807541795,0.23585129621351,-0.147549806699904,2.12907715925745,-1.18434232722511,-6.5,6.5
19.65,0.3003248,0.2412644,5.09778135976027,0.147777870349293,3.25192516811293,-2.040919091553,0.26837054789464,-0.167958997615434,2.24003959628923,-1.14705074233664,-6.5,6.5
19.66,0.3234026,0.2108486,4.59484720078469,0.145094610629788,3.0041284817381,-2.01828973953319,0.298411832712021,-0.188141895010766,2.35633547245989,-1.10885839057944,-6.5,6.5
19.67,0.3438329,0.1814617,4.00978808535942,0.142125963437732,2.73465985784265,-1.97562533441307,0.325758431290447,-0.207898148354897,2.47674222199125,-1.06944789861037,-6.5,6.49999999999999
19.68,0.361967,0.1530861,3.35617905418712,0.138876678830146,2.44991703352847,-1.91494783272478,0.350257601625732,-0.227047626682145,2.5994524603448,-1.02890832693477,-6.5,6.49999999999996
19.69,0.3783201,0.1258319,2.65057979561296,0.135346156351499,2.15721374033046,-1.83719865146841,0.371829739029036,-0.245419613196829,2.72167181851626,-0.987183830663583,-6.5,6.49999999999974
19.7,0.3933369,0.09962355,1.91725527068214,0.131560308630814,1.86274917051438,-1.74486417801126,0.39045723073418,-0.262868254976941,2.84053789474635,-0.944444292561116,-6.49999999999993,6.49999999999697
19.71,0.407381,0.07434706,1.21913004798556,0.127559102283089,1.5715721239505,-1.64063985730943,0.406172951973685,-0.279274653550036,2.95361736746734,-0.900927418650511,-6.49999999980314,6.49999999994349
19.72,0.4208651,0.0500349,0.518289907763074,0.123324198485646,1.28869628760339,-1.52589048610147,0.419059914849719,-0.29453355841105,3.0588525371483,-0.856681146948096,-6.49999836306776,6.49999999826391
19.73,0.4338502,0.02643017,-0.0345653949655441,0.118828122295574,1.01581022009509,-1.40429250917738,0.42921801705067,-0.308576483502824,-3.12733662686219,-0.81220533463259,-6.45153323476912,6.49999991526709
19.74,0.4462931,0.003392294,2.11448503235291e-06,0.114007073369889,0.753547525414483,-1.2783244326875,0.436753492304815,-0.321359727829699,-3.03820805667993,-0.767849910080508,-0.00649562570199414,6.49999346104208
19.75,0.4581411,-0.01908664,-4.04064188850893e-11,0.108741692886726,0.502346129475185,-1.14921509392348,0.441776953599567,-0.332851878768934,-2.95628688152589,-0.7237557723232,-1.21112353943781e-08,6.49917170961017
19.76,0.4697083,-0.04072769,-2.8908833139715e-16,0.0998080521148248,0.265518049080306,-1.01578392006978,0.44443213409037,-0.343009717969632,-2.881745211748,-0.679539123207051,-3.28914903114264e-14,6.30622250533431
19.77,0.4809769,-0.06132564,-2.11838635478429e-19,0.00548848185661264,0.0433095650580313,-0.877575232764237,0.44486522974095,-0.351785470297274,-2.81369594733997,-0.634925643376751,-2.12205466681411e-17,0.371107588170105
19.78,0.4889019,-0.08349653,-8.78282106890855e-18,1.30585579263134e-05,-0.188788690186271,-0.757128600898128,0.442977342839087,-0.359356756306255,-2.78382752928919,-0.595318342042069,-8.79087072319905e-16,0.00094878712412092
19.79,0.4967177,-0.1040801,-3.57034564962326e-13,9.66812825602925e-09,-0.402112143055369,-0.628097923282127,0.438956221408534,-0.365637735539077,-2.71873323409606,-0.554157740433062,-3.54440687088032e-11,7.63538937170359e-07
19.8,0.5031189,-0.1242838,-3.07323814615123e-08,4.3042923299325e-12,-0.6074007978536,-0.501827006018345,0.432882213429998,-0.37065600559926,-2.65619065896554,-0.51420662281794,-2.79308065625212e-06,3.69561377397019e-10
19.81,0.5082408,-0.1441771,-0.000654789901157307,1.5413709236527e-15,-0.802847116046095,-0.379473822398069,0.424853742269537,-0.374450743823241,-2.59620205967359,-0.475709936367237,-0.0526712130962468,1.4257393991498e-13
19.82,0.512295,-0.1635886,-0.0877594541317435,7.40346331758446e-19,-0.986232431955209,-0.260122488151012,0.414991417949985,-0.377051968704751,-2.53887156199932,-0.438339147754423,-6.28645959679357,7.23937335599827e-17
19.83,0.5154845,-0.182146,-0.0996358706230109,1.346015711314e-21,-1.15566466876683,-0.141280036672669,0.403434771262316,-0.378464769071478,-2.48421194714398,-0.401263320894598,-6.49973528530206,1.35091025566772e-19
19.84,0.5178939,-0.1996344,-0.106952337510208,5.78471681998025e-23,-1.31046043140456,-0.0219332244419874,0.390330166948271,-0.378684101315897,-2.43195977941824,-0.364023784076075,-6.49999895570527,5.79600771481626e-21
19.85,0.5196092,-0.2155529,-0.113078194282581,2.62980481805525e-22,-1.45007581024572,0.101166216763914,0.375829408845813,-0.377672439148258,-2.38186676996989,-0.325406247862095,-6.49999998909819,2.63661261238462e-20
19.86,0.5204028,-0.2296519,-0.118433618757204,8.87793390461019e-20,-1.57666118016409,0.228933242491159,0.360062797044173,-0.375383106723347,-2.33315186288444,-0.284824910683592,-6.4999999997634,9.33246230226301e-18
19.87,0.520472,-0.2413445,-0.123230703282506,3.54546018222925e-16,-1.68882055278706,0.364914895228829,0.343174591516302,-0.371733957771058,-2.28586422065464,-0.240718591449024,-6.49999999999013,4.4783665477791e-14
19.88,0.5197345,-0.2504143,-0.127661215029092,2.03438153034293e-12,-1.78764056556295,0.509303428635178,0.325298185860672,-0.366640923484707,-2.23957386604448,-0.192491664311323,-6.4999999999993,4.9571817955022e-10
19.89,0.5184492,-0.2564021,-0.131805904865128,-4.5548405341829e-09,-1.87143059435643,0.664187437139333,0.306583879917108,-0.359999049113313,-2.19442688170807,-0.138748596269735,-6.49999999999992,5.29604843026442e-06
19.9,0.5171472,-0.2591229,-0.13564835316839,0.000111105884418567,-1.93652032312066,0.829185812752371,0.287218676685902,-0.35170719098579,-2.15091606072251,-0.0788182767759932,-6.49999999999998,0.0346275646247573
19.91,0.516188,-0.2582085,-0.139163637604942,0.0280256842407093,-1.98106136016601,1.0053666252469,0.267408063084241,-0.341653524733321,-2.10919554153462,-0.0113640286149232,-6.49999999999999,6.1916818839908
19.92,0.5159977,-0.2534782,-0.142332939427538,-0.3780385459926,-2.00294951441042,1.19210915629098,0.247378567940137,-0.329732433170411,-2.06947809489455,0.0644025975183502,-6.5,6.4998427112099
19.93,0.5167196,-0.2448314,-0.145177321615582,-0.980170655974731,-2.00270648695204,1.38812139744504,0.227351503070617,-0.31585121919596,-2.03159710969623,0.148970396993629,-6.5,6.49999986085039
19.94,0.5180477,-0.2321909,-0.147754711172932,-1.5528220493205,-1.98461633839176,1.5919579951687,0.207505339686699,-0.299931639244273,-1.99488411887074,0.242596451149953,-6.49999999999999,6.49999999978242
19.95,0.519841,-0.2153954,-0.150095631732573,-2.19494187336949,-1.95139451122881,1.80292261686802,0.187991394574411,-0.281902413075593,-1.95896135317621,0.345532663474109,-6.49999999999998,6.49999999999944
19.96,0.5212552,-0.194487,-0.152267238586508,-2.86957885493121,-1.91135780944212,2.01867154336455,0.16887781647999,-0.261715697641948,-1.92272496696856,0.456838587912234,-6.49999999999995,6.5
19.97,0.5214769,-0.1695303,-0.154305275345732,-3.53627029083941,-1.87194030263874,2.23683361203826,0.150158413453603,-0.239347361521565,-1.8852499117143,0.574949516625895,-6.49999999999987,6.5
19.98,0.5195858,-0.1412611,-0.156221409340876,-4.16580374862075,-1.8408360893689,2.4497612241684,0.131750052559914,-0.214849749279881,-1.84567364739791,0.695787627839667,-6.49999999999968,6.5
19.99,0.5149637,-0.1097601,-0.157984145100442,-4.74094038142355,-1.82259501588767,2.65578084466336,0.113524102401037,-0.188291940833247,-1.80364974748425,0.817534077912986,-6.49999999999946,6.5
20,0.5073359,-0.07534591,-0.15953382521753,-5.24089810943171,-1.81851403785502,2.85146470546501,0.0953389620224868,-0.159777293778597,-1.75933774355458,0.937846344264886,-6.49999999999937,6.5
