Time,raw_angle_left_rad,raw_angle_right_rad,motor_command_left,motor_command_right,vel_L,vel_R,angle_L,angle_R,gait_phase_left,gait_phase_right,amplitude_left,amplitude_right
0,-0.1926695,0.8755875,-0,0,-1.69480901121412,7.70207012338402,-0.0169480901121412,0.0770207012338402,0,0,-6.49999999997731,6.5
0.01,-0.1846123,0.8690115,-0,0,-1.46160650269227,6.90651006459838,-0.0315641551390639,0.146085801879824,0,0,-6.49999996315931,6.5
0.02,-0.1734291,0.8600776,-0,0,-1.20985620628583,6.10553135427965,-0.0436627172019222,0.207141115422621,0,0,-6.49954073526775,6.5
0.03,-0.1573853,0.8506555,-0,0,-0.927900656165538,5.32228582631403,-0.0529417237635776,0.260363973685761,0,0,-0.163020835582295,6.5
0.04,-0.1378594,0.8387505,-0,0,-0.632727183021019,4.54378039582716,-0.0592689955937878,0.305801777644032,0,0,-9.30229994347055e-10,6.5
0.05,-0.1146314,0.8248427,-0,0,-0.325877914803335,3.77991701845393,-0.0625277747418211,0.343600947828572,0,0,-7.21442298665151e-24,6.5
0.06,-0.08780269,0.8090407,-0,0,-0.0116806137175756,3.0363992052418,-0.0626445808789969,0.37396493988099,0,0,-1.06696595522462e-59,6.5
0.07,-0.057249,0.7919037,-0,0,0.307842540967298,2.32225204480579,-0.0595661554693239,0.397187460329048,0,0,-4.25035566961165e-25,6.5
0.08,-0.023733,0.7730607,-0,0,0.623001433882513,1.63717868597502,-0.0533361411304988,0.413559247188798,0,0,-4.13668830486432e-10,6.49999999997268
0.09,0.01224022,0.7526715,-0,0,0.927256887844949,0.985357556911957,-0.0440635722520493,0.423412822757917,0,0,-0.153817668467109,6.30920556281298
0.1,0.05018921,0.7312949,-0,0,1.21493783974556,0.373847482028758,-0.0319141938545937,0.427151297578205,0,0,-6.49962182224261,3.28648342357781e-12
0.11,0.08891342,0.7081646,-0,0,1.47467809161717,-0.202869764184719,-0.0171674129384221,0.425122599936358,0,0,-6.4999999761998,2.925026940032e-16
0.12,0.1287364,0.6846447,-0,0,1.70973677376417,-0.731369218863016,-7.00452007804143e-05,0.417808907747728,0,0,-6.49999999998533,0.00121929725502582
0.13,0.1685896,0.660032,-0,0,1.91102419225318,-1.21794931014507,0.0190401967217514,0.405629414646277,0,0,-6.49999999999994,6.49997548652538
0.14,0.2079532,0.6343369,-0,0,2.07530527416388,-1.66240431084243,0.0397932494633902,0.389005371537853,0,0,-6.5,6.49999999998425
0.15,0.2470845,0.6083114,-0,0,2.20674099940556,-2.05835295692411,0.0618606594574458,0.368421841968611,0,0,-6.5,6.5
0.16,0.2850349,0.5813074,-0,0,2.29879111162804,-2.41265571000741,0.0848485705737261,0.344295284868537,0,0,-6.5,6.5
0.17,0.322392,0.5543832,-0,0,2.35933344282835,-2.71689065757433,0.10844190500201,0.317126378292794,0,0,-6.5,6.5
0.18,0.3589089,0.5275314,-0,0,2.38846064089474,-2.9731326056213,0.132326511410957,0.287395052236581,0,0,-6.5,6.5
0.19,0.3942318,0.5003332,-0,0,2.3855587083806,-3.18725925407438,0.156182098494763,0.255522459695837,0,0,-6.5,6.5
0.2,0.4284848,0.4732632,-0,0,2.35452178779139,-3.35710483057933,0.179727316372677,0.221951411390044,0,0,-6.5,6.5
0.21,0.4614815,0.4461977,-0,0,2.29638853876616,-3.48629781432234,0.202691201760339,0.187088433246821,0,0,-6.5,6.5
0.22,0.4933276,0.4191932,-0,0,2.21489273836849,-3.57687590756497,0.224840129144024,0.151319674171171,0,0,-6.5,6.5
0.23,0.523795,0.3921136,-0,0,2.11068247956467,-3.63269226382161,0.24594695393967,0.114992751532955,0,0,-6.5,6.5
0.24,0.5531287,0.3650292,-0,0,1.98869632568962,-3.65571678060688,0.265833917196566,0.0784355837268861,0,0,-6.49999999999999,6.5
0.25,0.5814244,0.3380382,-0,0,1.85227752574104,-3.64775688765719,0.284356692453977,0.0419580148503142,0,0,-6.49999999999985,6.5
0.26,0.6085099,0.3108659,-0,0,1.70224857901178,-3.6139762856212,0.301379178244095,0.00581825199410218,0,0,-6.49999999999155,6.5
0.27,0.6348867,0.2840219,-0,0,1.54536697031438,-3.55239651682566,0.316832847947238,-0.0297057131741544,0,0,-6.4999999991791,6.5
0.28,0.6611372,0.2584302,-0,0,1.3885603224139,-3.45778963380604,0.330718451171377,-0.0642836095122148,0,0,-6.49999987821074,6.5
0.29,0.6852865,0.231074,-0,0,1.21565404313557,-3.36025345265176,0.342874991602733,-0.0978861440387324,0,0,-6.4999448786791,6.5
0.3,0.709584,0.2053698,-0,0,1.04917506026966,-3.2307685088956,0.35336674220543,-0.130193829127688,0,0,-6.4600794116139,6.5
0.31,0.7334784,0.1804918,-0,0,0.884985689906159,-3.08036358663739,0.362216599104491,-0.160997464994062,0,0,-0.627005555822225,6.5
0.32,0.7574613,0.1574557,-0,0,0.72846547014597,-2.90309497713019,0.369501253805951,-0.190028414765364,0,0,-0.000262533519385973,6.5
0.33,0.7798784,0.1342389,-0,0,0.565596242918645,-2.7204250071571,0.375157216235137,-0.217232664836935,0,0,-2.49461074662161e-08,6.5
0.34,0.801572,0.1121198,-0,0,0.40559157072142,-2.52299102309643,0.379213131942352,-0.242462575067899,0,0,-1.0901902035373e-12,6.5
0.35,0.8221158,0.09099578,-0,0,0.245683497289008,-2.3144941086265,0.381669966915242,-0.265607516154165,0,0,-4.5845685294247e-17,6.5
0.36,0.8415769,0.07108199,-0,0,0.0876825920758151,-2.09560380381602,0.382546792836,-0.286563554192325,0,0,-3.18468423494236e-20,6.5
0.37,0.8591031,0.05181532,-0,0,-0.0748503902577013,-1.87384440609383,0.381798288933423,-0.305301998253263,0,0,-2.06105212851211e-20,6.49999999999992
0.38,0.8744524,0.03311687,-5.97724634545393e-19,0,-0.242390649190916,-1.65185116319438,0.379374382441514,-0.321820509885207,-2.23872789414561,0,-3.04149133409224e-17,6.49999999996765
0.39,0.8877097,0.01507186,-2.78380050961078e-14,0,-0.412453384792627,-1.4305895568904,0.375249848593587,-0.336126405454111,-2.16644282070873,0,-1.34737203941159e-12,6.49999997157215
0.4,0.8976991,-0.003578107,-2.39759295311598e-09,0,-0.593832711891046,-1.22272383446663,0.369311521474677,-0.348353643798777,-2.09774427285449,0,-1.11240499103687e-07,6.49996026585359
0.41,0.906908,-0.02019528,-2.95387999390565e-05,0,-0.762274130291317,-1.00551601520091,0.361688780171764,-0.358408803950786,-2.0388809879791,0,-0.00132740656081851,6.26089215247934
0.42,0.9112999,-0.03885107,-0.102505588322414,0,-0.953060723680323,-0.817161913762305,0.35215817293496,-0.366580423088409,-1.979760530772,0,-4.47885702288227,0.0261424984741215
0.43,0.9146017,-0.0563812,-0.151927436812071,0,-1.13001247986587,-0.628798118033004,0.340858048136302,-0.372868404268739,-1.92795888189236,0,-6.4983663833894,1.02314833298541e-06
0.44,0.9158649,-0.07351436,-0.154553744777802,0,-1.30129694432301,-0.44824855726791,0.327845078693072,-0.377350889841418,-1.88038915602241,0,-6.49999733352388,1.60474340709544e-11
0.45,0.9154483,-0.09027917,-0.156623309392948,0,-1.46292483406128,-0.276448510999316,0.313215830352459,-0.380115374951411,-1.83665938031593,0,-6.49999998838062,2.62041673838119e-16
0.46,0.9137143,-0.1062309,-0.158263874049453,0,-1.61130180154715,-0.11003236806188,0.297102812336987,-0.38121569863203,-1.79628355814659,0,-6.49999999987667,5.49889324721834e-20
0.47,0.9109091,-0.1211181,-0.159554709771336,0,-1.74427226817315,0.0524155410623379,0.279660089655256,-0.380691543221407,-1.75867054868678,0,-6.49999999999714,1.11038388899699e-20
0.48,0.9073172,-0.1345626,-0.160556485214019,0,-1.85964876181547,0.21332675519119,0.261063602037101,-0.378558275669495,-1.72332495340228,0,-6.49999999999986,5.17376681464711e-18
0.49,0.9030041,-0.1463518,-0.161318034216838,0,-1.95749882654972,0.373478179020232,0.241488613771604,-0.374823493879293,-1.68969612499335,0,-6.49999999999999,9.79567492496301e-14
0.5,0.8981349,-0.1562231,-0.161872716651924,0,-2.03714032524959,0.534019397034044,0.221117210519108,-0.369483299908952,-1.65738970470121,0,-6.5,2.7407220948303e-09
0.51,0.8926359,-0.1639432,-0.162244962355612,0,-2.10018999888385,0.695735727793171,0.20011531053027,-0.36252594263102,-1.62600057867262,0,-6.5,3.49253517582803e-05
0.52,0.886475,-0.1693094,-0.162450004875537,0,-2.14788335331478,0.859066172704054,0.178636476997122,-0.35393528090398,-1.59523566919406,0,-6.5,0.160565503088756
0.53,0.8795195,-0.1721301,-0.162497048889757,0,-2.18234762830188,1.02429337268065,0.156813000714103,-0.343692347177174,-1.56485876392311,0,-6.5,6.36684735143483
0.54,0.8715907,-0.1722472,-0.162390984784806,0,-2.20602772890601,1.19136533258496,0.134752723425043,-0.331778693851324,-1.53470672738859,0,-6.5,6.49984162974759
0.55,0.8625656,-0.169406,-0.162134236566079,0,-2.22074694441843,1.36106217218254,0.112545253980859,-0.318168072129499,-1.50468210794316,0,-6.5,6.49999965218458
0.56,0.8522491,-0.1634405,-0.16172832154361,0,-2.22886952065482,1.53329445048139,0.0902565587743104,-0.302835127624685,-1.47474499243249,0,-6.5,6.49999999869336
0.57,0.8405781,-0.1541227,-0.161174610390399,0,-2.23144278751945,1.70849843173032,0.0679421308991159,-0.285750143307381,-1.44487955349977,0,-6.5,6.49999999999237
0.58,0.8274781,-0.1411759,-0.160475021720708,0,-2.22956422321818,1.88747478081435,0.0456464886669341,-0.266875395499238,-1.41509685021241,0,-6.5,6.49999999999994
0.59,0.8129441,-0.1244594,-0.1596317454764,0,-2.22365650029303,2.06972356491009,0.0234099236640038,-0.246178159850137,-1.38540361005256,0,-6.5,6.5
0.6,0.7972953,-0.1034937,-0.158642282720802,0,-2.21129562199446,2.2577362746582,0.00129696744405916,-0.223600797103555,-1.35566551396888,0,-6.5,6.5
0.61,0.7798454,-0.0788919,-0.157522204930971,0,-2.19913126395349,2.44415140577125,-0.0206943451954758,-0.199159283045843,-1.32625219190877,0,-6.5,6.5
0.62,0.7615105,-0.05004476,-0.156254514574228,0,-2.1791828210257,2.63298289770013,-0.0424861734057328,-0.172829454068841,-1.29665073046487,0,-6.5,6.5
0.63,0.7415197,-0.01773695,-0.154865273587469,0,-2.15901150664467,2.81564541624013,-0.0640762884721795,-0.14467299990644,-1.26739921080367,0,-6.5,6.5
0.64,0.7209572,0.01823787,-0.15331922911774,0,-2.12926529764968,2.99304171550128,-0.0853689414486763,-0.114742582751427,-1.23771828743839,0,-6.5,6.5
0.65,0.6989157,0.05679671,-0.151659097082118,0,-2.09892691056462,3.15472218119009,-0.106358210554323,-0.0831953609395262,-1.20838590321159,0,-6.5,6.5
0.66,0.6756977,0.09748959,-0.149878841237336,0,-2.06560025307303,3.29682080661364,-0.127014213085053,-0.0502271528733898,-1.17918160989183,0,-6.5,6.5
0.67,0.6514603,0.1396235,-0.147976922223754,0,-2.0283952542182,3.41382345268686,-0.147298165627235,-0.0160889183465212,-1.15000198863426,0,-6.5,6.5
0.68,0.6260262,0.1824709,-0.145975339687229,0,-1.98945605575196,3.50058299044161,-0.167192726184754,0.0189169115578949,-1.12109015667701,0,-6.49999999999999,6.5
0.69,0.5995557,0.22552,-0.143873230707614,0,-1.94779497964046,3.55452307701136,-0.186670675981159,0.0544621423280085,-1.09232662491068,0,-6.49999999999998,6.5
0.7,0.5722241,0.2684737,-0.141666434596717,0,-1.9024009853015,3.57542352796037,-0.205694685834174,0.0902163776076122,-1.06356644619957,0,-6.49999999999995,6.5
0.71,0.5437346,0.3105452,-0.139397891307949,0,-1.85651194681796,3.55904006458427,-0.224259805302354,0.125806778253455,-1.03525725043492,0,-6.49999999999983,6.5
0.72,0.5157982,0.3528362,-0.136890778401489,0,-1.7955174313942,3.51836235774118,-0.242214979616296,0.160990401830867,-1.00518258497503,0,-6.49999999999919,6.5
0.73,0.4862926,0.392906,-0.134409464440272,0,-1.73973736384051,3.43434377667993,-0.259612353254701,0.195333839597666,-0.976440083176183,0,-6.49999999999646,6.5
0.74,0.4581811,0.4337853,-0.131584200131624,0,-1.66319051825976,3.33796875134204,-0.276244258437298,0.228713527111086,-0.944708759045735,0,-6.49999999997046,6.5
0.75,0.4300474,0.4732492,-0.128620361150756,0,-1.58063320475617,3.21148050245678,-0.29205059048486,0.260828332135654,-0.912321173191423,0,-6.49999999967872,6.5
0.76,0.4021499,0.5115118,-0.12548172502072,0,-1.49093247709158,3.06032372653754,-0.306959915255776,0.29143156940103,-0.878965595905615,0,-6.49999999511038,6.5
0.77,0.3745091,0.5483447,-0.122143202813341,0,-1.39518887312486,2.88578036252887,-0.320911803987025,0.320289373026318,-0.844730051783601,0,-6.49999989491939,6.5
0.78,0.3471673,0.583659,-0.118562687196321,0,-1.29426273206477,2.69043117877015,-0.333854431307672,0.34719368481402,-0.80967041858237,0,-6.49999674625858,6.5
0.79,0.3200478,0.6173615,-0.114706626337342,0,-1.19001926676094,2.47676177197858,-0.345754623975282,0.371961302533805,-0.774080597062848,0,-6.49985701188493,6.5
0.8,0.2931248,0.6494839,-0.110379978651629,0,-1.08373969493714,2.2482796204151,-0.356592020924653,0.394444098737957,-0.738170068142169,0,-6.49108820239926,6.5
0.81,0.2663687,0.6798604,-0.0945113649957954,0,-0.976645264788033,2.00657264204501,-0.366358473572533,0.414509825158407,-0.702169299231752,0,-5.79702642540715,6.5
0.82,0.2397089,0.7086647,-0.00641087714561455,0,-0.870210809678994,1.75617364868967,-0.375060581669323,0.432071561645303,-0.666409431829217,0,-0.412647019526093,6.49999999999912
0.83,0.2131393,0.7358583,-3.917637942529e-05,0,-0.76521709380264,1.49942477162936,-0.38271275260735,0.447065809361597,-0.631080718709603,0,-0.00266625431749345,6.49999999876406
0.84,0.1867418,0.7615808,-1.62352502411778e-07,0,-0.661594380188035,1.2400778040387,-0.38932869640923,0.459466587401984,-0.596156842134023,0,-1.17768197474619e-05,6.49999445664118
0.85,0.1604808,0.7858884,-5.28021146432813e-10,0,-0.560297114677461,0.980845456233475,-0.394931667556005,0.469275041964319,-0.561899208252509,0,-4.10335508499599e-08,6.40264029756444
0.86,0.1344901,0.8089076,-1.41758691946781e-12,0,-0.460697157996421,0.724817981730382,-0.399538639135969,0.476523221781623,-0.528120871182722,0,-1.18244081142666e-10,0.00530018268311898
0.87,0.1087803,0.8306127,-3.89405266613342e-15,0,-0.363287518116245,0.473457980341472,-0.403171514317131,0.481257801585037,-0.494955880218019,0,-3.47512811112437e-13,1.91246371706929e-08
0.88,0.0834574,0.8510535,-1.50039263847057e-17,0,-0.267664772066702,0.228725935609418,-0.405848162037798,0.483545060941131,-0.462262669723749,0,-1.41949043195045e-15,1.68674944911473e-13
0.89,0.0585044,0.8700687,-1.43887439741709e-19,0,-0.174525061166236,-0.00949323749215125,-0.407593412649461,0.48345012856621,-0.430243876782424,0,-1.41914092939843e-17,1.08313612034811e-15
0.9,0.0340334,0.8875842,-6.45532513528283e-21,1.36627535347237e-15,-0.0833567600571357,-0.240586672568448,-0.408426980250032,0.481044261840526,-0.398711020173353,-3.08045170835346,-6.48213046129839e-19,2.21861061216319e-13
0.91,0.00999582,0.9033422,-2.32514888945163e-21,-1.20468733083417e-11,0.00491859875710077,-0.465662466925139,-0.408377794262461,0.476387637171274,-0.367953937409867,-3.01549243835574,-2.33127875072732e-19,9.82360205987905e-09
0.92,-0.01373766,0.9169992,-6.64260045050908e-21,2.57388043909093e-06,0.088776110277756,-0.686528800006997,-0.407490033159684,0.469522349171204,-0.338501463638397,-2.95038631164432,-6.64100239758012e-19,0.000648575696558802
0.93,-0.0371443,0.9284262,-8.80669853422553e-20,0.0373725111443581,0.168184614387933,-0.902979214882798,-0.405808187015804,0.460492557022376,-0.31037969343663,-2.88472881778181,-8.91154210690363e-18,4.30905887843469
0.94,-0.06022703,0.9374291,-2.72630679543643e-18,0.064779792805096,0.242924438343792,-1.11543221867113,-0.403378942632366,0.449338234835665,-0.283684298237479,-2.81794966564016,-2.87323227818691e-16,6.49935737415778
0.95,-0.08305504,0.9439021,-1.07851302606049e-16,0.0646835876852796,0.312250887068316,-1.32352229884915,-0.400256433761683,0.436103011847173,-0.258716099267166,-2.74971911719473,-1.23315995735038e-14,6.49999959518376
0.96,-0.1057015,0.9478102,-3.6210329764141e-15,0.0686439822697672,0.375489665079549,-1.52632444746046,-0.396501537110888,0.420839767372569,-0.235768839566773,-2.67988879423008,-4.74046826394043e-13,6.49999999931602
0.97,-0.1279251,0.9495037,-9.49569824271031e-14,0.0786237368740458,0.434813757780923,-1.71965443072519,-0.392153399533078,0.403643223065317,-0.214031280317171,-2.60922254805438,-1.55035611767564e-11,6.49999999999713
0.98,-0.1495584,0.9492254,-1.78984379852909e-12,0.0908722623632623,0.491592095156989,-1.90070910718959,-0.387237478581509,0.384636131993421,-0.192963846234888,-2.53810507160452,-4.30937622444575e-10,6.49999999999997
0.99,-0.170316,0.9476539,-2.09059003318221e-11,0.102055898399112,0.548117722974325,-2.06320421220597,-0.381756301351765,0.364004089871361,-0.171615034163387,-2.46780246582018,-1.12316789587064e-08,6.5
1,-0.1896819,0.9452438,9.68647035169974e-11,0.11108312415636,0.608498444867081,-2.20351239344978,-0.375671316903094,0.341968965936864,-0.148210530789591,-2.39884253292962,-3.40342727091113e-07,6.5
1.01,-0.2073551,0.9426267,1.56094413164232e-08,0.11855790397126,0.674572083574212,-2.31694665565252,-0.368925596067352,0.318799499380338,-0.121808990367145,-2.33196839393471,-1.27473765182008e-05,6.5
1.02,-0.223084,0.9398599,-6.59803476112998e-07,0.125102131013798,0.747538641607363,-2.40447457672978,-0.361450209651279,0.294754753613041,-0.0916598306397968,-2.26658814610216,-0.00059649210931471,6.5
1.03,-0.2364961,0.9374199,-0.000246776410074038,0.131035320505811,0.829492940920844,-2.46350435367672,-0.35315528024207,0.270119710076273,-0.056534344669,-2.20294493853949,-0.0362885527070779,6.5
1.04,-0.2476356,0.9355419,-0.0107817176380247,0.136522411960146,0.918637299069907,-2.49400754954654,-0.343968907251371,0.245179634580808,-0.0168599078383183,-2.14073628191973,-1.79569306748394,6.5
1.05,-0.2562234,0.9341947,0.126190787639012,0.141575597862309,1.01609519754698,-2.49851537152339,-0.333807955275901,0.220194480865574,0.0282636641114918,-2.07918257849453,-6.28192414538363,6.5
1.06,-0.2622263,0.9332495,0.487001024247988,0.146195388356568,1.12067793863144,-2.4803943278947,-0.322601175889587,0.195390537586627,0.0786976844364322,-2.01740252975866,-6.497019310039,6.5
1.07,-0.2658665,0.9326371,0.87887090530872,0.150362500590884,1.22901278203785,-2.4423665997726,-0.310311048069209,0.170966871588901,0.133197471525313,-1.9546764864803,-6.49995385775368,6.5
1.08,-0.2668157,0.9317371,1.24867739170163,0.154081625842371,1.34279803738738,-2.39190065278521,-0.296883067695335,0.147047865061049,0.192870534874264,-1.88956403899382,-6.49999921618779,6.5
1.09,-0.2654613,0.9304217,1.63369013469485,0.157268874147553,1.4572914090779,-2.33158752984595,-0.282310153604556,0.123731989762589,0.255632181892766,-1.82152649359585,-6.49999998279744,6.5
1.1,-0.2614645,0.9281061,2.05189374889758,0.159828398344095,1.57449342361532,-2.26786733187747,-0.266565219368402,0.101053316443815,0.322587127005796,-1.74970058457649,-6.4999999995543,6.5
1.11,-0.2548425,0.9244287,2.48850011236406,0.161610570816732,1.69310411700245,-2.20468553166946,-0.249634178198378,0.0790064611271201,0.393143137899406,-1.67392217113569,-6.49999999998603,6.5
1.12,-0.2453376,0.9192192,2.93363354851113,0.162452430423968,1.81431836604537,-2.14395860332457,-0.231490994537924,0.0575668750938744,0.467803507475145,-1.59463542395331,-6.4999999999995,6.5
1.13,-0.2328802,0.9121543,3.37790708796734,0.162217549424163,1.93756645626694,-2.08875321906926,-0.212115329975255,0.0366793429031818,0.546061302139149,-1.51270013971773,-6.49999999999998,6.5
1.14,-0.217252,0.9030548,3.81844475058262,0.160832226222444,2.06360672125101,-2.04055884483327,-0.191479262762745,0.0162737544548491,0.627848227223903,-1.42952290038574,-6.5,6.5
1.15,-0.198562,0.891674,4.24417136155636,0.158322282546451,2.19025100879171,-2.00126944872483,-0.169576752674828,-0.00373894003239918,0.711618003264644,-1.3468770460347,-6.5,6.49999999999999
1.16,-0.1761888,0.8783401,4.6548748006894,0.154804274992027,2.32186894956855,-1.96750930817046,-0.146358063179142,-0.0234140331141038,0.798391014626643,-1.26617639620866,-6.5,6.49999999999999
1.17,-0.1506638,0.8626252,5.02980537666088,0.150507918285008,2.45234895718858,-1.94277154049465,-0.121834573607256,-0.0428417485190502,0.884891635649614,-1.18926928631375,-6.5,6.49999999999998
1.18,-0.1216109,0.8450577,5.36619340282979,0.145647709049622,2.5840389214295,-1.92180185184272,-0.0959941843929612,-0.0620597670374774,0.971171453785354,-1.11650772270385,-6.5,6.49999999999996
1.19,-0.08931052,0.8256984,5.65586603351639,0.140461642190862,2.71333991279013,-1.90386839646305,-0.0688607852650599,-0.081098451002108,1.0553964747028,-1.04838869387002,-6.5,6.49999999999994
1.2,-0.05402691,0.8046463,5.89662356650325,0.1351592827133,2.83712608768483,-1.88794600593537,-0.0404895243882116,-0.0999779110614616,1.13642896251152,-0.985030592917428,-6.5,6.4999999999999
1.21,-0.01637463,0.782008,6.08888203025343,0.12990817274379,2.94952882238017,-1.87301339949688,-0.0109942361644099,-0.11870804505643,1.21314788794822,-0.926293108358721,-6.5,6.49999999999986
1.22,0.02349123,0.7581039,6.23812506357803,0.124757474602862,3.04928366018241,-1.85626311403672,0.0194986004374143,-0.137270676196798,1.28590508918833,-0.871422581078274,-6.5,6.49999999999979
1.23,0.06545532,0.7337342,6.34962215701302,0.119487382586664,3.13567748094801,-1.83094994343804,0.0508553752468944,-0.155580175631178,1.35522122850336,-0.818547911006811,-6.5,6.4999999999996
1.24,0.1079788,0.7075755,6.42685351778138,0.114329630056377,3.19574757753842,-1.80955728624569,0.0828128510222786,-0.173675748493635,1.42059577060743,-0.770702127212363,-6.5,6.49999999999932
1.25,0.150476,0.6799389,6.47510591051989,0.109139876333959,3.22617325682685,-1.789149079353,0.115074583590547,-0.191567239287165,1.48322665893889,-0.726832307548461,-6.5,6.49999999999886
1.26,0.1938184,0.6520991,6.4978135984062,0.103463209735757,3.23685206996895,-1.75861412005402,0.147443104290237,-0.209153380487705,1.54485190520275,-0.683727842051885,-6.5,6.49999999999748
1.27,0.2367381,0.6232637,6.49592878512655,0.0974816573843921,3.21831763436693,-1.72596519293791,0.179626280633906,-0.226413032417084,1.60620026208489,-0.643384696207322,-6.5,6.49999999999403
1.28,0.2794181,0.5942249,6.46899205240328,0.0909312190779729,3.17479995821769,-1.68467487037735,0.211374280216083,-0.243259781120858,1.66853719222736,-0.603830762701635,-6.5,6.49999999998167
1.29,0.3208331,0.5642144,6.41427950334277,0.0845278932480555,3.09981711295851,-1.64249456418678,0.242372451345668,-0.259684726762726,1.7334213569721,-0.566996753193445,-6.5,6.49999999994116
1.3,0.361544,0.5343649,6.32704042951602,0.0782518324848164,3.00151937121356,-1.58989116506948,0.272387645057804,-0.27558363841342,1.8020589506977,-0.530110602242312,-6.5,6.49999999973507
1.31,0.400762,0.5038769,6.19851744207496,0.072880908098148,2.87576035349071,-1.53512756906859,0.301145248592711,-0.290934914104106,1.87663047981084,-0.495274238645828,-6.5,6.49999999867394
1.32,0.4385032,0.4733954,6.01620862950154,0.0685620776428686,2.72598296561721,-1.47314206151106,0.328405078248883,-0.305666334719217,1.95913735020082,-0.460943210202752,-6.5,6.49999999122959
1.33,0.4746291,0.4427572,5.76180773774589,0.0657431356553876,2.55416340868059,-1.4064290395855,0.353946712335689,-0.319730625115072,2.05209708134337,-0.427648361049373,-6.5,6.49999992756991
1.34,0.5090449,0.4120068,5.41005038393515,0.0647007778815216,2.3626609672155,-1.33548840973904,0.377573322007844,-0.333085509212462,2.15836562716821,-0.395363326473529,-6.5,6.49999924891357
1.35,0.5417784,0.3811746,4.92972305808339,0.0648725281895682,2.15484600432664,-1.26093160081061,0.39912178205111,-0.345694825220569,2.28063214093397,-0.364090613580227,-6.5,6.49999019424692
1.36,0.5728959,0.3503045,4.2888606959823,0.0649770482407253,1.93425984397789,-1.18322536559225,0.418464380490889,-0.357527078876491,2.42085361128318,-0.333794324255188,-6.49999999999999,6.49983748269381
1.37,0.6027052,0.3196107,3.47423120217065,0.0637880634035172,1.70633946576036,-1.10133470428195,0.435527775148493,-0.36854042591931,2.57802585193285,-0.304051955343299,-6.49999999999666,6.49633309276432
1.38,0.6309925,0.2888812,2.47541105728084,0.059433061449675,1.47156005704068,-1.01806585386775,0.450243375718899,-0.378721084457988,2.75059390582416,-0.275449183478095,-6.49999999716589,6.39766962322098
1.39,0.6585439,0.2588334,1.37641607932161,0.0304683959324345,1.23912559221534,-0.927880858299893,0.462634631641053,-0.387999893040987,2.92767444433295,-0.246405681854596,-6.49999450087336,3.71165177124383
1.4,0.6847513,0.2289816,0.182451106760591,0.000854422544042114,1.00527140222211,-0.836278553530853,0.472687345663274,-0.396362678576295,3.10472451407982,-0.218221434403415,-6.4662913163203,0.132349454213588
1.41,0.7105265,0.2002171,9.75599099675457e-05,3.89562965141917e-06,0.779822177408128,-0.736270007975854,0.480485567437355,-0.403725378656054,-3.0152168613661,-0.188959650868041,-0.0797006862753081,0.0010445328900472
1.42,0.735455,0.1723573,-1.94275660773768e-08,2.74596869028239e-09,0.560122963868615,-0.630915260851218,0.486086797076041,-0.410034531264566,-2.86765370093537,-0.159289863761682,-2.1005737319483e-06,4.33333106933001e-06
1.43,0.7596261,0.1456576,-5.55711739051626e-13,-1.05955085486052e-11,0.348103336968407,-0.519227868105268,0.489567830445725,-0.415226809945619,-2.73793545058176,-0.128819018496017,-5.57389958714518e-11,8.88663640206206e-09
1.44,0.78273,0.120083,-2.03175466147899e-16,2.96538488464836e-15,0.141988788324205,-0.402888512748554,0.490987718328967,-0.419255695073104,-2.62383976819039,-0.0978272658295,-1.73172711721841e-14,1.09361820814867e-11
1.45,0.8046203,0.09578221,-4.4779303625049e-17,6.56228724882103e-17,-0.0584589392137573,-0.281866490142363,0.49040312893683,-0.422074359974528,-2.52339995083625,-0.0661412728278235,-3.11725729361082e-15,1.22002706415119e-14
1.46,0.8249148,0.07260801,-6.22966428782301e-15,3.17293204104886e-19,-0.255551071934228,-0.158751832222315,0.487847618217488,-0.423661878296751,-2.88643023900081,-0.0342496906487492,-7.24073482991224e-13,3.89412810119801e-17
1.47,0.8432229,0.05043061,-6.84626449222469e-11,2.17486826857441e-21,-0.451493996303832,-0.035773856544985,0.483332678254449,-0.424019616862201,-2.81441732879637,-0.00254297708373427,-6.85970158042848e-09,1.81643584032428e-18
1.48,0.8588835,0.02878658,-1.40006538374714e-06,-6.86952848642308e-20,-0.650663068168917,0.0821220112625198,0.47682604757276,-0.423198396749576,-2.74167182293785,0.0278825116835016,-0.000140556114138788,3.47893496117643e-18
1.49,0.8719822,0.007801639,-0.0130117840538137,-7.22931521231161e-18,-0.85051828838079,0.195599164683784,0.468320864688952,-0.421242405102738,-2.66901941211491,0.0573597646969753,-1.21016933827134,1.4433718939766e-16
1.5,0.8820831,-0.01300822,-0.0808074784720985,-2.01970852227548e-15,-1.0532768312907,0.299976246722245,0.457788096376045,-0.418242642635516,-2.59572220710395,0.0848169194733056,-6.49359266024458,2.45742944675038e-14
1.51,0.8892828,-0.03370033,-0.0934995163240192,-5.47881130243778e-13,-1.256294064195,0.394770155417056,0.445225155734095,-0.414294941081345,-2.52264145096641,0.110233777412846,-6.49999625215608,4.92785609493461e-12
1.52,0.8936965,-0.05446345,-0.104480291133309,-8.01265017233327e-11,-1.45699249050051,0.478464752862102,0.43065523082909,-0.409510293552724,-2.45050281217978,0.133285686057746,-6.49999999462165,5.92209970331689e-10
1.53,0.8957807,-0.07492913,-0.113224680612983,-6.73375031977095e-09,-1.650057180775,0.554618916036631,0.41415465902134,-0.403964104392358,-2.38059499321324,0.154952739500508,-6.49999999998118,4.30104760374097e-08
1.54,0.8959328,-0.09517676,-0.120452145548708,-3.05161625229507e-07,-1.83120917254804,0.622630429151933,0.39584256729586,-0.397737800100838,-2.31364867426674,0.175112230695141,-6.49999999999985,1.73789987156362e-06
1.55,0.8947052,-0.1148207,-0.12664739593273,-9.34872099183669e-06,-1.99528122851288,0.686064949680059,0.375889755010731,-0.390877150604038,-2.25036129288102,0.19474289122702,-6.5,4.82281097332017e-05
1.56,0.892554,-0.1335128,-0.132122162988588,-0.000231893856834309,-2.13852587197176,0.747884249480606,0.354504496291013,-0.383398308109232,-2.19091291377766,0.214695682203094,-6.5,0.00109133134405572
1.57,0.8901513,-0.150881,-0.136956487174507,-0.00544032329796327,-2.25579859664746,0.811007474718373,0.331946510324539,-0.375288233362048,-2.13563603686987,0.235854738633968,-6.5,0.0234008360006136
1.58,0.8877593,-0.1664603,-0.141193304220311,-0.132058221656843,-2.34617220287726,0.878899832096614,0.308484788295766,-0.366499235041082,-2.0840273034551,0.259315054889061,-6.5,0.518158134987894
1.59,0.8856857,-0.1801131,-0.144879076977631,-1.26345802204762,-2.40861088223641,0.951827829840475,0.284398679473402,-0.356980956742677,-2.03568667873929,0.285347101709278,-6.5,4.51479770304085
1.6,0.8839241,-0.1914912,-0.148094278589148,-1.97453393347834,-2.44511676462193,1.03183121752304,0.259947511827183,-0.346662644567447,-1.9898421844129,0.314759026868856,-6.5,6.40771881516764
1.61,0.8825536,-0.2004391,-0.150897182927946,-2.20855752675218,-2.45697340790316,1.11903316856302,0.235377777748151,-0.335472312881816,-1.94595861416941,0.347872214066264,-6.5,6.49726983254016
1.62,0.8814076,-0.2068143,-0.15334999375944,-2.43861672529938,-2.44767998151275,1.21337504190632,0.210900977933024,-0.323338562462753,-1.90330811270465,0.384987955333407,-6.5,6.49992615714492
1.63,0.8801305,-0.2105177,-0.155503798990514,-2.68883889818701,-2.42223552969266,1.31436831042522,0.186678622636097,-0.310194879358501,-1.86109927321802,0.426307982425134,-6.5,6.4999980565529
1.64,0.8783085,-0.2114215,-0.157387806441736,-2.95870081138192,-2.38583428375598,1.42176359734449,0.162820279798537,-0.295977243385056,-1.81864098724253,0.472115594597304,-6.5,6.49999994860446
1.65,0.8757018,-0.2094703,-0.159004336758443,-3.24652811093256,-2.34178631822995,1.53464927075245,0.139402416616238,-0.280630750677532,-1.775538851699,0.522503812571766,-6.5,6.49999999857
1.66,0.8716958,-0.2046645,-0.160349926488678,-3.54965412222753,-2.29642917414021,1.65166265614113,0.116438124874836,-0.26411412411612,-1.7312441284666,0.577416453546666,-6.5,6.49999999995608
1.67,0.8660625,-0.196693,-0.16139648188835,-3.86910057541934,-2.25219320873273,1.77424299799027,0.0939161927875084,-0.246371694136218,-1.68567790029815,0.637550475416184,-6.5,6.49999999999857
1.68,0.8587701,-0.1850957,-0.162111067176216,-4.20569009589944,-2.20957755078444,1.90495744268964,0.071820417279664,-0.227322119709321,-1.63897320932227,0.703819162169029,-6.5,6.49999999999995
1.69,0.8491578,-0.1703065,-0.162465318119843,-4.54656694901618,-2.17449704033129,2.03828895706071,0.0500754468763511,-0.206939230138714,-1.59115144775954,0.774815871269126,-6.5,6.5
1.7,0.8374019,-0.1517756,-0.162433729668284,-4.88872854051225,-2.14500684607757,2.17775648448387,0.0286253784155753,-0.185161665293876,-1.54265861411008,0.851349232395841,-6.5,6.5
1.71,0.8233035,-0.1294588,-0.162005318593732,-5.22121922573776,-2.12255008316985,2.32211197238852,0.0073998775838768,-0.16194054556999,-1.49390346091825,0.932750613387483,-6.5,6.5
1.72,0.8071398,-0.1031451,-0.161182941191535,-5.53361772449928,-2.10424990525959,2.47163313106915,-0.0136426214687191,-0.137224214259299,-1.44527646360138,1.01844389706188,-6.5,6.5
1.73,0.7889266,-0.07292338,-0.159982014923808,-5.81377841288708,-2.08971649015688,2.62391474992483,-0.0345397863702879,-0.110985066760051,-1.39712687003745,1.10706420694255,-6.5,6.5
1.74,0.7688684,-0.03889057,-0.158425157757935,-6.05187959979611,-2.07692624571859,2.77666913753882,-0.0553090488274738,-0.0832183753846624,-1.34966511521662,1.19721974034083,-6.5,6.5
1.75,0.7472098,-0.00136661,-0.156536595271076,-6.24078958678047,-2.06366656279551,2.92585739522408,-0.0759457144554289,-0.0539598014324215,-1.30296360143662,1.28736792250877,-6.5,6.5
1.76,0.7244059,0.03929663,-0.154329342311559,-6.37749422591429,-2.04609064366507,3.06753971063901,-0.0964066208920796,-0.0232844043260314,-1.25681032342374,1.37629213455504,-6.5,6.5
1.77,0.6999158,0.08221207,-0.151860849649233,-6.46221473335838,-2.0293781002326,3.19351106810545,-0.116700401894406,0.00865070635502309,-1.21183198313525,1.4628920365082,-6.5,6.5
1.78,0.6741115,0.1267927,-0.149149702431123,-6.49814445590345,-2.01031293246725,3.29901489846399,-0.136803531219078,0.041640855339663,-1.1677736297717,1.54689550565252,-6.5,6.5
1.79,0.6471309,0.172407,-0.146222244626213,-6.489228234197,-1.98801064023923,3.37947382142032,-0.15668363762147,0.0754355935538661,-1.12456971303137,1.62838940791174,-6.49999999999999,6.5
1.8,0.6187461,0.2181908,-0.143139677118487,-6.4391481760509,-1.96486736642101,3.4288755500352,-0.176332311285681,0.109724349054218,-1.08261753944632,1.70777185229861,-6.49999999999999,6.5
1.81,0.5900802,0.2645323,-0.1398156721587,-6.35105073644964,-1.93133758973564,3.45287415918314,-0.195645687183037,0.144253090646049,-1.04038596819061,1.78534105576647,-6.49999999999997,6.5
1.82,0.5598369,0.3096699,-0.136446343316154,-6.22628321820137,-1.89980384408545,3.43809864799471,-0.214643725623892,0.178634077125997,-0.999965716434344,1.86210231094407,-6.49999999999994,6.5
1.83,0.5296082,0.3544585,-0.132851617676867,-6.06702018198941,-1.85646449263029,3.39542895241777,-0.233208370550194,0.212588366650174,-0.958827055257567,1.93793530122088,-6.49999999999984,6.5
1.84,0.4990258,0.3982625,-0.129120868354668,-5.873832641824,-1.80583874859578,3.32202690353881,-0.251266758036152,0.245808635685562,-0.917732894180744,2.01342335307465,-6.49999999999941,6.5
1.85,0.4688506,0.4417798,-0.125141704846588,-5.65024357875306,-1.7422976630889,3.22715132483185,-0.268689734667041,0.278080148933881,-0.875416681769101,2.08794819708904,-6.49999999999683,6.5
1.86,0.4382453,0.4832642,-0.121031767645128,-5.39211953549123,-1.67467909434615,3.09813161939978,-0.285436525610503,0.309061465127879,-0.833652924644614,2.163320729099,-6.4999999999798,6.5
1.87,0.4076551,0.5230454,-0.116646602955532,-5.10131169001011,-1.59994835840063,2.94173893301267,-0.301436009194509,0.338478854458005,-0.791684614648275,2.23916469143431,-6.4999999998306,6.5
1.88,0.377041,0.5610117,-0.111916229064645,-4.77871797495517,-1.51959144037247,2.7605244724177,-0.316631923598234,0.366084099182182,-0.749760653388177,2.31553280998983,-6.49999999815869,6.5
1.89,0.3465021,0.5970482,-0.10671765230668,-4.42582988508137,-1.43380704969836,2.55697760595926,-0.330969994095217,0.391653875241775,-0.707832096841169,2.39244248008952,-6.49999997340856,6.5
1.9,0.3160068,0.6311934,-0.100945499339629,-4.04599697952338,-1.34395559073757,2.33488073539773,-0.344409550002593,0.415002682595752,-0.666148139498882,2.4696271886391,-6.49999949524796,6.5
1.91,0.2855945,0.6635893,-0.0944724198323732,-3.64442300998585,-1.2506917823067,2.0987308116277,-0.35691646782566,0.435989990712029,-0.624789002491538,2.54659089715016,-6.499987254798,6.5
1.92,0.255293,0.6940492,-0.0874633011026927,-3.22211530837092,-1.15473986825455,1.84988147768467,-0.368463866508206,0.454488805488876,-0.583859270364956,2.62342680779226,-6.49956754894171,6.49999999999993
1.93,0.225283,0.7229533,-0.0801533604426735,-2.78493635651908,-1.05545512790791,1.59460320006153,-0.379018417787285,0.470434837489491,-0.54307521311236,2.69912619507441,-6.47898187339762,6.49999999994054
1.94,0.1956166,0.7503417,-0.0599366493526154,-2.33547298389048,-0.953390575166082,1.33571353732015,-0.388552323538946,0.483791972862693,-0.50248394729664,2.77338131649633,-5.2699729615952,6.49999984551467
1.95,0.1664714,0.7763014,-0.00246690685653705,-1.88374188976085,-0.847982306029543,1.07622168226742,-0.397032146599241,0.494554189685367,-0.461794768896419,2.84583149962237,-0.233561585073041,6.49862709129219
1.96,0.138087,0.8009812,-1.18495818566468e-05,-0.177106980949627,-0.738205374029185,0.81942095089336,-0.404414200339533,0.5027483991943,-0.42055074709643,2.91603789086054,-0.00117842142840149,0.795185941947715
1.97,0.1106623,0.8244162,-2.91863873463336e-08,-1.27871586489988e-06,-0.623509201155088,0.567310301243083,-0.410649292351084,0.508421502206731,-0.378411669265293,2.98388668188184,-2.93103068873004e-06,8.03252361238742e-06
1.98,0.08436275,0.8465673,-3.64382316666189e-11,-6.65194954706671e-12,-0.503719215922629,0.321037103213243,-0.41568648451031,0.511631873238864,-0.335132411028854,3.04949575595967,-3.6442628866842e-09,7.33223402778565e-11
1.99,0.05916974,0.8672019,-2.79282911348541e-14,-7.17272692942327e-16,-0.380313335137004,0.0799213181229987,-0.41948961786168,0.512431086420094,-0.290999945338928,3.11347694221318,-2.89956100852276e-12,3.59444596579399e-14
2,0.0353006,0.8862349,-2.07324916028363e-17,1.46128428884337e-15,-0.252622849825322,-0.155406065331,-0.422015846359933,0.510877025766784,-0.245583337179618,-2.85994485742331,-2.53812944019288e-15,1.54742618500667e-13
2.01,0.01274223,0.9033812,-4.8918514189727e-20,1.07157130593315e-11,-0.122069933195043,-0.386155128907014,-0.423236545691884,0.507015474477713,-0.199151035895644,-2.77728315082285,-1.02246629672078e-17,1.07371602128802e-09
2.02,-0.008957916,0.9181456,-1.5308981651472e-22,6.30908363512862e-07,0.00621143111286671,-0.615288953504425,-0.423174431380755,0.500862584942669,-0.153315085751067,-2.69682763367517,-1.38427787763824e-18,6.12115964059802e-05
2.03,-0.02953401,0.9304814,8.43744837541778e-21,0.0170188218706699,0.133777665554184,-0.841615375471974,-0.421836654725213,0.492446431187949,-0.107362148954414,-2.61880269069088,-1.2900127775881e-17,1.43547492143571
2.04,-0.04941337,0.9400238,-1.41400067134494e-17,0.0900780572816517,0.256041488717116,-1.06683357329454,-0.419276239838042,0.481778095455004,-0.0628057645079202,-2.54251652181878,-2.39379719562133e-15,6.49752941115119
2.05,-0.06882169,0.9466949,-8.45600759936316e-15,0.1020095981697,0.370599096168931,-1.2900033633758,-0.415570248876353,0.468878061821246,-0.0204295874384469,-2.46812449159526,-1.25440527185756e-12,6.4999991367266
2.06,-0.08765809,0.9506477,8.16077882569059e-12,0.111397121932168,0.478142988572117,-1.50826530546389,-0.410788818990631,0.453795408766607,0.0201113994612517,-2.39621342512329,-6.20497877471575e-10,6.49999999911255
2.07,-0.1068175,0.9518495,5.60223525496402e-09,0.119102400188733,0.570719512512454,-1.72066178985596,-0.405081623865507,0.436588790868048,0.0558518624010358,-2.32675637180705,-1.15783399384118e-07,6.49999999999776
2.08,-0.1256013,0.9510458,9.69441124194831e-07,0.125629920867734,0.654995066267254,-1.91958506681934,-0.398531673202834,0.417392940199854,0.0893387803495659,-2.26107612230528,-1.10790463844525e-05,6.49999999999999
2.09,-0.143891,0.948854,7.19952031182259e-05,0.131329870742274,0.732089559406226,-2.09930376968236,-0.391210777608772,0.396399902503031,0.121044841361707,-2.19969615782562,-0.000586638273661182,6.5
2.1,-0.1615311,0.9458925,0.00294473808446305,0.13634672066873,0.803398427242954,-2.25472700102125,-0.383176793336343,0.373852632492818,0.151559939459225,-2.14279198950405,-0.0192090590792622,6.5
2.11,-0.1783472,0.9424215,0.0747070354929504,0.140732635673651,0.870400344531078,-2.38450563085308,-0.374472789891032,0.350007576184287,0.181525998826492,-2.08981938253738,-0.411457878775675,6.5
2.12,-0.1937243,0.9392164,0.801326662450285,0.144494198449279,0.938300056573055,-2.48312183157114,-0.365089789325301,0.325176357868576,0.21313279161216,-2.04092065153672,-3.79741945863283,6.5
2.13,-0.2074689,0.9364496,1.52549425134479,0.147721271032964,1.00818632502504,-2.55102546700263,-0.355007926075051,0.299666103198549,0.247000907502984,-1.99537781796205,-6.27534569488979,6.5
2.14,-0.219622,0.9344626,1.80012664150323,0.150479744001353,1.07900161525842,-2.58738819166238,-0.344217909922467,0.273792221281926,0.2828956649535,-1.95278030201375,-6.48715691814085,6.5
2.15,-0.2298114,0.9331157,2.04871732252852,0.152856278373506,1.15335683127348,-2.59588600560187,-0.332684341609732,0.247833361225907,0.322114132405668,-1.91228934783633,-6.49929702709684,6.5
2.16,-0.2379321,0.932249,2.3151688094401,0.154913881345337,1.23128753257484,-2.58026101413757,-0.320371466283983,0.222030751084531,0.364925835652746,-1.87321565742491,-6.49996165527875,6.5
2.17,-0.2439084,0.9315314,2.5997805262189,0.156702342595807,1.31254620831058,-2.5456057897954,-0.307246004200878,0.196574693186577,0.411480619139346,-1.83485183667205,-6.49999787196625,6.5
2.18,-0.2474827,0.9305216,2.90314424789414,0.158254235192062,1.39845368912095,-2.49767191710614,-0.293261467309668,0.171597974015516,0.462574737802815,-1.79654128578083,-6.49999988432273,6.5
2.19,-0.2487585,0.9290493,3.21891658795756,0.159577133528046,1.48705111454592,-2.43945172587796,-0.278390956164209,0.147203456756736,0.517598360920741,-1.75795157188166,-6.49999999335324,6.5
2.2,-0.2472701,0.9261688,3.55272952663834,0.160680672005214,1.58145894666586,-2.38050046566653,-0.26257636669755,0.123398452100071,0.577983891645002,-1.7183613098486,-6.49999999963292,6.5
2.21,-0.2429198,0.9219308,3.90049047999653,0.161542117572703,1.68129184598476,-2.32087614851089,-0.245763448237703,0.100189690614962,0.643595766076735,-1.67782089419544,-6.49999999997999,6.5
2.22,-0.2353168,0.9159413,4.26131540993689,0.162141722418641,1.78869500855742,-2.26450286061033,-0.227876498152129,0.0775446620088589,0.715108822228578,-1.63623024014016,-6.49999999999897,6.5
2.23,-0.2241001,0.9081384,4.62873872471156,0.162455954128242,1.905307891736,-2.21204786380267,-0.208823419234769,0.0554241833708322,0.792651298846724,-1.59373546006934,-6.49999999999995,6.5
2.24,-0.2088867,0.8985586,4.99245084374944,0.162465683368327,2.03274555642058,-2.16323216381288,-0.188495963670563,0.0337918617327034,0.875879292321824,-1.55054867709466,-6.5,6.5
2.25,-0.1895938,0.8870265,5.33630321770993,0.162158370194307,2.16979670552355,-2.11961416435835,-0.166797996615327,0.0125957200891198,0.963076220758507,-1.50690126614201,-6.5,6.5
2.26,-0.1661177,0.8737018,5.64629753916978,0.161529230644084,2.31546168212676,-2.07966280870261,-0.14364337979406,-0.00820090799790622,1.05241805268513,-1.46305350621775,-6.5,6.5
2.27,-0.1383645,0.8586894,5.91190273603312,0.160580882430641,2.46867272917388,-2.0424234494843,-0.118956652502321,-0.0286251424927492,1.14204971273688,-1.41923011656137,-6.5,6.5
2.28,-0.1067231,0.8420919,6.12546164092669,0.159322175024047,2.62421344038657,-2.00702787539523,-0.0927145180984552,-0.0486954212467015,1.22959184654209,-1.37562011321507,-6.5,6.49999999999999
2.29,-0.07099138,0.8244971,6.28735589051839,0.15775533709581,2.78241811269015,-1.96844711318256,-0.0648903369715538,-0.0683798923785271,1.31424022890532,-1.33208256532635,-6.5,6.49999999999999
2.3,-0.03234119,0.8052248,6.39899807797467,0.155914548048648,2.93167090480805,-1.93313419865879,-0.0355736279234733,-0.087711234365115,1.39423512968126,-1.28922352554255,-6.5,6.49999999999997
2.31,0.008414499,0.7841569,6.46670064517213,0.15383679549279,3.0645356457576,-1.90206898793673,-0.00492827146589728,-0.106731924244482,1.46950544373295,-1.24736821229986,-6.5,6.49999999999993
2.32,0.05126636,0.7622827,6.49709163107764,0.151502686185527,3.18130257633183,-1.86649292291608,0.026884754297421,-0.125396853473643,1.54087314334434,-1.20573487437207,-6.5,6.49999999999984
2.33,0.09587548,0.7398837,6.49526786881691,0.14890996065701,3.27950210946045,-1.82459117555748,0.0596797753920256,-0.143642765229218,1.60896627723825,-1.16408504061766,-6.5,6.49999999999951
2.34,0.1396759,0.7146813,6.46492028380219,0.146277128656707,3.33773616382834,-1.79698835722474,0.093057137030309,-0.161612648801465,1.67476210590975,-1.12534630228979,-6.5,6.499999999999
2.35,0.1838922,0.6888376,6.40806791268891,0.143455515465793,3.36957642873838,-1.76384029487762,0.126752901317693,-0.179251051750242,1.73922394888402,-1.08677868054773,-6.5,6.49999999999761
2.36,0.2277022,0.6619376,6.32510540839206,0.140516017657163,3.36990105075955,-1.72944968824834,0.160451911825288,-0.196545548632725,1.80335480795537,-1.04906649594718,-6.5,6.499999999994
2.37,0.2705936,0.633885,6.21487727815392,0.137505074078585,3.33695056747041,-1.69498579892216,0.193821417499992,-0.213495406621947,1.86815372781113,-1.01244707751735,-6.5,6.49999999998473
2.38,0.3123633,0.6049008,6.07518614413729,0.134426574776977,3.27204278973459,-1.65876046700666,0.226541845397338,-0.230083011292013,1.93441806320095,-0.976635256677643,-6.5,6.49999999995862
2.39,0.3529419,0.5754032,5.90321065590877,0.131247773351889,3.17778267320816,-1.61753688721518,0.25831967212942,-0.246258380164165,2.00274891386073,-0.9409901133953,-6.5,6.49999999986774
2.4,0.3919159,0.5452239,5.69428564342326,0.128025329601614,3.0537915011846,-1.573484401241,0.288857587141266,-0.261993224176575,2.0740753406018,-0.905919024004335,-6.5,6.49999999952915
2.41,0.4291074,0.5145149,5.44327061420356,0.124738892350299,2.9019886182876,-1.52582582412465,0.317877473324142,-0.277251482417821,2.14908603886706,-0.871229860124223,-6.5,6.49999999807257
2.42,0.464523,0.4834672,5.14546659184921,0.121334706206653,2.72593354724082,-1.47354150541591,0.34513680879655,-0.291986897471981,2.2281383167816,-0.836655384802145,-6.5,6.49999999052366
2.43,0.498163,0.4521593,4.79667652254472,0.117769920971357,2.52900563757445,-1.41670997834501,0.370426865172295,-0.306153997255431,2.31145230057135,-0.802160448103107,-6.5,6.49999994333578
2.44,0.5300379,0.4206576,4.39429155264323,0.113994466369273,2.31454280320827,-1.35554344970312,0.393572293204377,-0.319709431752462,2.39904792218336,-0.767737785015304,-6.5,6.49999958362841
2.45,0.5603083,0.3890755,3.93990858661492,0.109935747613038,2.08702070596265,-1.28985870051744,0.414442500264004,-0.332608018757636,2.49036884648627,-0.733278796299282,-6.5,6.49999613768363
2.46,0.5891702,0.357547,3.43908471556551,0.105500066845654,1.85093801569259,-1.21934659536982,0.43295188042093,-0.344801484711335,2.58443659449861,-0.698632065775495,-6.49999999999993,6.49995308201334
2.47,0.6167827,0.3261672,2.89703985227097,0.100578264535639,1.61014870300708,-1.14409658782696,0.449053367451001,-0.356242450589604,2.68006270063679,-0.663738660452616,-6.49999999995467,6.49923260907721
2.48,0.6433908,0.2951086,2.32183508561767,0.0947991590730529,1.36895354366148,-1.06355575001533,0.462742902887615,-0.366878008089758,2.77559006426138,-0.628355914068625,-6.49999993411386,6.48209335378433
2.49,0.6691697,0.2645431,1.73629817755286,0.080917303487603,1.13067950690549,-0.977265353456545,0.47404969795667,-0.376650661624323,2.86947748354788,-0.592245745275105,-6.49975578513288,5.9143973658339
2.5,0.6943078,0.2346982,0.860746775749413,0.011745381937373,0.89846318821683,-0.884367966632475,0.483034329838839,-0.385494341290648,2.96020874178589,-0.555030002484948,-4.7441177501879,0.925900662941182
2.51,0.7189205,0.2058349,6.80214172190236e-05,0.000107180720957287,0.674490999242082,-0.783839411043125,0.489779239831259,-0.393332735401079,3.04670249380519,-0.516241890400796,-0.000723937490778075,0.00916390852386491
2.52,0.743026,0.178203,1.52035983424628e-10,3.7871708030175e-07,0.459859999641431,-0.67490270298552,0.494377839827674,-0.400081762430934,3.12845464367058,-0.475439896042015,-1.92394542901491e-08,3.50472927559472e-05
2.53,0.7664815,0.1518577,-8.04187597141438e-15,5.93930598550773e-10,0.254111967610136,-0.558595952489846,0.496918959503775,-0.405667721955833,-3.07746292250352,-0.432710828353612,-1.41062472094023e-12,5.84342168854502e-08
2.54,0.7891197,0.1270187,5.71193391560132e-18,4.21235620746364e-13,0.0565512469446645,-0.43450259506411,0.497484471973222,-0.410012747906474,-3.00420927026589,-0.38765797051633,-6.18427113724521e-15,4.23318314738716e-11
2.55,0.8105849,0.1036447,-1.95952523069816e-16,2.12531652742407e-16,-0.135144133966683,-0.304561250776075,0.496133030633555,-0.413058360414234,-2.89199804514011,-0.34064260807188,-2.3439003452419e-14,2.12455200957134e-14
2.56,0.8306115,0.08179524,-2.06191290025498e-13,2.33170501273449e-19,-0.322358708602522,-0.16971656875355,0.49290944354753,-0.41475552610177,-2.82460379474081,-0.291710947026334,-2.07603121033771e-11,2.41771024016334e-17
2.57,0.8486518,0.06111964,-1.64822123826782e-09,4.98660292857748e-21,-0.50882689531106,-0.0344254779710411,0.487821174594419,-0.41509978088148,-2.75798126257735,-0.242195875783004,-1.65606305854041e-07,6.23675413131848e-19
2.58,0.8651256,0.04235376,-1.14978752149324e-05,8.81910118273411e-21,-0.689590856540953,0.106652084966804,0.48092526602901,-0.414033260031812,-2.69357842969864,-0.189902221391809,-0.00111078874721017,2.30256386214754e-18
2.59,0.8772721,0.02248418,-0.0432157406328568,-1.25509722369655e-19,-0.88767799259135,0.225851960796717,0.472048486103096,-0.411774740423845,-2.62390033701698,-0.145101466081604,-3.68387230988863,2.52030785385668e-16
2.6,0.8875042,0.004185923,-0.0876466864498304,3.34823395370214e-17,-1.07922898307052,0.347371116700209,0.461256196272391,-0.408301029256843,-2.5565475736927,-0.0986037266632198,-6.49783460183578,1.88014668784619e-13
2.61,0.8947451,-0.01417738,-0.0989329759445177,7.55657983226042e-13,-1.27268215429926,0.455923367688776,0.448529374729398,-0.403741795579955,-2.48886333408663,-0.0562632070590264,-6.49999797805205,1.10550326258013e-10
2.62,0.8992329,-0.03250136,-0.108247299772809,1.85749231784224e-10,-1.4643554790076,0.552728984501428,0.433885819939322,-0.398214505734941,-2.42186943071342,-0.0176482814078097,-6.49999999586062,3.00490760246146e-08
2.63,0.9010226,-0.05122556,-0.115990376933743,-2.67784100033178e-08,-1.6524787103248,0.634274990388491,0.417361032836074,-0.391871755831056,-2.35593702792492,0.0157442650771001,-6.49999999998283,2.73658932572592e-06
2.64,0.9012936,-0.06927293,-0.122478329279281,-6.09574391839424e-06,-1.82572991848647,0.710610686668318,0.399103733651209,-0.384765648964373,-2.29348986031791,0.0479944472485898,-6.49999999999983,0.000153438623960983
2.65,0.89995,-0.08722423,-0.128196177942776,-0.000303621204735405,-1.98491171432234,0.776584395922065,0.379254616507986,-0.376999805005152,-2.2338389882851,0.0769537443070216,-6.5,0.00416517777370553
2.66,0.8974829,-0.1046965,-0.13333207786982,-0.00732790541442488,-2.12578270522207,0.835920587881205,0.357996789455765,-0.36864059912634,-2.17736559967863,0.104156465868547,-6.5,0.0701343032653242
2.67,0.8945186,-0.1211472,-0.137900896350118,-0.115297372494833,-2.24343629257081,0.893451519436191,0.335562426530057,-0.359706083931978,-2.12443027415934,0.13171654550309,-6.5,0.862262219756277
2.68,0.8911606,-0.1363971,-0.141946916165129,-0.688483380885272,-2.33808778534343,0.950456649865728,0.312181548676623,-0.350201517433321,-2.07444269273694,0.160304614567209,-6.5,4.25870551791338
2.69,0.8877726,-0.149962,-0.145493546618236,-1.19428721297113,-2.40785527885835,1.01074728014339,0.28810299588804,-0.340094044631887,-2.02722775316124,0.191798115371066,-6.5,6.24927277540687
2.7,0.8843775,-0.1616175,-0.148604086000703,-1.45262035056323,-2.4541552859056,1.07552889673762,0.263561443028984,-0.329338755664511,-1.98217114285518,0.227013900234445,-6.5,6.48190758669576
2.71,0.8809027,-0.1710865,-0.151336665489538,-1.70403422919456,-2.47928482352346,1.14632120055914,0.238768594793749,-0.31787554365892,-1.93865250852229,0.266978144925532,-6.5,6.49889545580782
2.72,0.8772518,-0.1780155,-0.153735513837334,-1.99198351664747,-2.48570613995473,1.22512605558841,0.213911533394202,-0.305624283103035,-1.89613396878557,0.313004621694286,-6.5,6.49994397450677
2.73,0.8731478,-0.182166,-0.155838667556782,-2.32091535525581,-2.47737101006506,1.31271349293199,0.189137823293551,-0.292497148173716,-1.85400132736557,0.365853835662336,-6.5,6.49999761041898
2.74,0.8682923,-0.1832641,-0.157666412044074,-2.6888648118712,-2.45818612738001,1.4100250680962,0.164555962019751,-0.278396897492754,-1.81175019922845,0.426312188826333,-6.5,6.49999991363043
2.75,0.862433,-0.1813313,-0.159222124730685,-3.08339726119928,-2.43139876147754,1.51528261504278,0.140241974404976,-0.263244071342326,-1.76903281380424,0.493745030363309,-6.5,6.49999999707991
2.76,0.855136,-0.1757639,-0.160500868783382,-3.50845035224184,-2.40160377161634,1.63221756747218,0.116225936688812,-0.246921895667604,-1.72549671816214,0.569834589149562,-6.5,6.49999999991521
2.77,0.8469543,-0.1654067,-0.161476063133956,-3.97266018736809,-2.3644886090623,1.76892050048064,0.0925810505981892,-0.229232690662798,-1.6814533604632,0.657593586201525,-6.5,6.49999999999824
2.78,0.8370137,-0.1514849,-0.162138634316339,-4.43018088672675,-2.32850172986082,1.91201420648274,0.069296033299581,-0.21011254859797,-1.63651173539281,0.750064560047828,-6.5,6.49999999999996
2.79,0.8256072,-0.1331812,-0.162466114103843,-4.87417298712232,-2.29126364271366,2.06691646896433,0.0463833968724444,-0.189443383908327,-1.59091649867449,0.847961920182142,-6.5,6.5
2.8,0.8123438,-0.1106481,-0.162443249087463,-5.27978758280471,-2.2565179653076,2.23008602152868,0.0238182172193684,-0.16714252369304,-1.54475796972212,0.948022885331076,-6.5,6.5
2.81,0.7971117,-0.08393401,-0.162060158636566,-5.63080042502334,-2.22525196691239,2.39912396002481,0.00156569755024448,-0.143151284092792,-1.49829280042775,1.04762700137973,-6.5,6.5
2.82,0.7808392,-0.05258336,-0.161312784846946,-5.92138715360777,-2.18935565943334,2.57615611061678,-0.0203278590440889,-0.117389722986624,-1.45163245940382,1.14557381718718,-6.5,6.5
2.83,0.7624691,-0.01757135,-0.160210497746494,-6.14444213127468,-2.1586034702593,2.75067462297392,-0.0419138937466819,-0.089882976756885,-1.40521495435479,1.23843180409086,-6.5,6.5
2.84,0.7433808,0.02130929,-0.15874980399338,-6.30646499602303,-2.12083912755878,2.92333410366348,-0.0631222850222697,-0.0606496357202502,-1.35869847217826,1.32609955350111,-6.5,6.5
2.85,0.72265,0.06299089,-0.15695943037892,-6.41367738632556,-2.08490670763524,3.0837094815359,-0.0839713520986221,-0.0298125409048911,-1.31270518627028,1.40759987751252,-6.5,6.5
2.86,0.7005743,0.1068649,-0.154857291057966,-6.47526430323938,-2.04831518379553,3.22634276180009,-0.104454503936577,0.00245088671310974,-1.26723892193041,1.48350586916297,-6.5,6.5
2.87,0.6773511,0.1521763,-0.15246236277554,-6.49916256834866,-2.0096621745319,3.34511428666157,-0.124551125681896,0.0359020295797255,-1.22229243654187,1.5547400001052,-6.5,6.5
2.88,0.6526963,0.1980951,-0.149823482086559,-6.49132090609969,-1.97183337646636,3.433961963038,-0.14426945944656,0.0702416492101055,-1.17830507296433,1.62249178558517,-6.49999999999999,6.5
2.89,0.6263238,0.2438241,-0.147006734137113,-6.45534457220939,-1.93747660829761,3.4878576285337,-0.163644225529536,0.105120225495443,-1.13578189822233,1.68811115749753,-6.49999999999998,6.5
2.9,0.599486,0.2894271,-0.143944887566008,-6.39278909942282,-1.89570666006579,3.50992020502799,-0.182601292130194,0.140219427545722,-1.09328357684925,1.75271807756289,-6.49999999999993,6.5
2.91,0.5712171,0.3340766,-0.140769889073616,-6.30316852728607,-1.85577514203862,3.49552554353802,-0.20115904355058,0.175174682981103,-1.05223984538148,1.81757875641274,-6.49999999999982,6.5
2.92,0.5426017,0.3781014,-0.137395549868975,-6.18531729157752,-1.80842895467352,3.45072785316343,-0.219243333097315,0.209681961512737,-1.01114718219994,1.88330756148088,-6.49999999999938,6.5
2.93,0.5128628,0.4202127,-0.133962124445968,-6.03446023873542,-1.76132873606147,3.36729373134321,-0.23685662045793,0.243354898826169,-0.971351096712,1.95165096966843,-6.49999999999788,6.5
2.94,0.4836372,0.4622839,-0.130263679970041,-5.85159780939064,-1.70065066039474,3.26534412006054,-0.253863127061877,0.276008340026774,-0.93017699230565,2.02134487125463,-6.49999999998896,6.5
2.95,0.4539081,0.5023219,-0.126491782810584,-5.62714719637562,-1.63675448693542,3.12995869915785,-0.270230671931232,0.307307927018353,-0.889585242664001,2.09508926988861,-6.49999999993366,6.5
2.96,0.4241648,0.5404902,-0.122545019252213,-5.35570614263215,-1.56613942894258,2.96640975282811,-0.285892066220657,0.336972024546634,-0.848775744321814,2.17327239133287,-6.49999999948061,6.5
2.97,0.3942626,0.5770134,-0.118406564353829,-5.03297671311163,-1.49112526027556,2.78025740769836,-0.300803318823413,0.364774598623618,-0.808183481836997,2.25593131033464,-6.49999999494031,6.5
2.98,0.3646334,0.6116258,-0.113916874898287,-4.65224197079157,-1.40889126939094,2.57251016219952,-0.314892231517322,0.390499700245613,-0.767054034652473,2.3437813416108,-6.49999993085127,6.5
2.99,0.3351947,0.6444225,-0.109003365363313,-4.21119760660404,-1.32134974349572,2.34737406691022,-0.32810572895228,0.413973440914715,-0.72573701289743,2.43666036924247,-6.49999870459877,6.5
3,0.3060005,0.6754985,-0.103539701984852,-3.71128094117943,-1.22911163579253,2.10882162980901,-0.340396845310205,0.435061657212805,-0.684280098326782,2.53405834171921,-6.49996603831953,6.5
3.01,0.2770779,0.7049523,-0.0973695696554076,-3.15620550954245,-1.13300179610177,1.86061668885565,-0.351726863271223,0.453667824101362,-0.642794339346758,2.63507800177294,-6.49873423627338,6.49999999999995
3.02,0.2484082,0.7328053,-0.0896042676781231,-2.54781966521187,-1.03419809708866,1.60560327053927,-0.362068844242109,0.469723856806754,-0.601502373118817,2.73869922693365,-6.43348049919518,6.49999999995641
3.03,0.2199611,0.7592388,-0.0469272753827339,-1.90092723690337,-0.933894846527878,1.34781521305533,-0.371407792707388,0.483202008937308,-0.560652963977366,2.84314792770199,-3.65625232927787,6.49999989562656
3.04,0.1918083,0.7844303,-0.000885042478209282,-1.26188189050669,-0.832318323120163,1.09092890744137,-0.37973097593859,0.494111298011721,-0.520221887409065,2.94651036883637,-0.0750498600527469,6.49921100595756
3.05,0.1638251,0.8083664,-5.47516289239277e-06,-0.137965259488755,-0.731377030464564,0.836645349696425,-0.387044746243235,0.502477751508686,-0.480707496304218,3.04757241540925,-0.000501928282423413,1.48422324724383
3.06,0.136121,0.8311928,-2.42791709717757e-08,3.2429038413798e-08,-0.630790606860366,0.587878446465645,-0.393352652311839,0.508356535973342,-0.441942358516612,-3.13840212090625,-2.36395412036424e-06,2.18438167896462e-05
3.07,0.1086699,0.8528494,-8.55832066951554e-11,1.10579001694819e-13,-0.531470531570548,0.345471896049169,-0.398667357627544,0.511811254933834,-0.404137032000228,-3.04558112059402,-8.58297106980473e-09,2.21120399115482e-10
3.08,0.08163008,0.8734178,-2.51703997620495e-13,2.0705889334971e-16,-0.432652486066218,0.111377379014755,-0.402993882488207,0.512925028723981,-0.36695059725055,-2.95787557921858,-2.52323702228287e-11,6.54388154486857e-14
3.09,0.05480045,0.892482,-8.58709520741298e-16,5.65548103228604e-16,-0.336731311843444,-0.116984625054862,-0.406361195606641,0.511755182473433,-0.33110759764933,-2.88703258095255,-8.5945189573088e-14,6.59260816039063e-14
3.1,0.02838773,0.9100037,-4.42133276506459e-18,1.29080949485616e-12,-0.242361832715588,-0.338744467885157,-0.408784813933797,0.508367737794581,-0.296064411722877,-2.80819314312776,-4.55135640349781e-16,1.29132172736256e-10
3.11,0.002326743,0.9256433,-6.14797091150401e-20,3.54649629614486e-08,-0.150647337449747,-0.555756977534045,-0.410291287308294,0.502810168019241,-0.262123110233423,-2.73214193853739,-6.92875370276198e-18,3.54986781407097e-06
3.12,-0.02339361,0.9390529,-4.03389162858758e-21,0.000842919416134032,-0.0621128089375631,-0.76982139187249,-0.41091241539767,0.495111954100516,-0.229394682305147,-2.65801889476266,-5.56753243228875e-19,0.0768684264763586
3.13,-0.04876446,0.9500721,-1.55087459768295e-21,0.0817243881375619,0.0229557281075117,-0.980976444738744,-0.410682858116595,0.485302189653128,-0.197911404045148,-2.58560025782921,-3.32745498366912e-19,6.42948695405709
3.14,-0.0737777,0.9585235,-1.89621588433674e-21,0.0948296421149995,0.104313577874471,-1.18942476975881,-0.40963972233785,0.47340794195554,-0.167696581528472,-2.51464042926476,-1.30370109038399e-18,6.49997185148823
3.15,-0.09856585,0.9641856,1.59521729049352e-20,0.105249114040496,0.180550896606782,-1.39574624243899,-0.407834213371782,0.45945047953115,-0.139224383969028,-2.44483546892222,-1.90667635504538e-17,6.49999997145172
3.16,-0.1228527,0.9674368,5.74715796871438e-19,0.113611758508643,0.253936791548206,-1.59529901109484,-0.4052948454563,0.443497489420202,-0.111578749776229,-2.37721776499628,-6.26378412788832e-16,6.49999999992713
3.17,-0.1463864,0.9685004,-7.74478853927882e-17,0.120604050533939,0.326355299475352,-1.78522926602547,-0.402031292461547,0.425645196759947,-0.0839564990523581,-2.31215707661514,-3.32529089907901e-14,6.49999999999958
3.18,-0.1692869,0.9677453,-1.31498824362309e-14,0.12667347974379,0.396327691308812,-1.96174293579836,-0.398068015548459,0.406027767401964,-0.0568539304560928,-2.25008511498401,-1.94562884265827e-12,6.49999999999999
3.19,-0.1912288,0.9656561,-9.55937695450985e-13,0.132080145035345,0.466357938842663,-2.12047073486448,-0.393404436160032,0.384823060053319,-0.0291906026483298,-2.19138040263606,-1.21332932486096e-10,6.5
3.2,-0.2117847,0.9628828,1.93207802975916e-12,0.136889319090879,0.539611586349764,-2.2561253506933,-0.388008320296534,0.362261806546386,0.000444667571624547,-2.13642725082489,-8.74708375323108e-09,6.5
3.21,-0.230154,0.9600486,2.48747742423206e-08,0.141090280052157,0.622167104674908,-2.36427956168912,-0.381786649249785,0.338619010929495,0.0347664923180696,-2.0853269386936,-9.5081864494618e-07,6.5
3.22,-0.2467198,0.9571506,7.14892433444969e-06,0.144765451892939,0.709312812667818,-2.44651109088807,-0.374693521123107,0.314153900020614,0.0721183251532479,-2.03723690417271,-0.00010640347205344,6.5
3.23,-0.2608503,0.9549017,0.00166971351427557,0.147928084519568,0.805446651183544,-2.49826636940409,-0.366639054611272,0.289171236326573,0.114659593033389,-1.9923164257886,-0.0143989416660398,6.5
3.24,-0.2726412,0.953288,0.243551609447096,0.150661986965691,0.908254262901949,-2.52189998847219,-0.357556511982252,0.263952236441851,0.161772650039155,-1.9498158358543,-1.49365611670789,6.5
3.25,-0.2820375,0.9523093,1.33676525862293,0.15303072595761,1.01686365733197,-2.51965532378532,-0.347387875408932,0.238755683203998,0.213431354083111,-1.9091413896615,-6.32641109014661,6.5
3.26,-0.2889444,0.9518566,1.72117359866469,0.155087527821163,1.13077729646324,-2.49471830727782,-0.3360801024443,0.21380850013122,0.269751641371772,-1.86969776677164,-6.49832164016795,6.5
3.27,-0.2932933,0.9516022,2.10261984317422,0.156877603932145,1.24927178216524,-2.45206024660527,-0.323587384622648,0.189287897665167,0.330713191497159,-1.83080017532744,-6.49998116258829,6.5
3.28,-0.2952573,0.9515206,2.5018534981949,0.158417886702908,1.36956816720845,-2.3937441883806,-0.309891702950563,0.165350455781361,0.395333400910343,-1.79212572282567,-6.49999972354909,6.5
3.29,-0.2947623,0.9511108,2.9090571209596,0.159727612564787,1.49124240428884,-2.32588220521613,-0.294979278907675,0.1420916337292,0.463587392868467,-1.75305442768094,-6.4999999947667,6.5
3.3,-0.2922254,0.9494848,3.3086215981885,0.160812969226535,1.60966340139359,-2.25746832168992,-0.278882644893739,0.119516950512301,0.533592715184161,-1.71288450865872,-6.4999999998571,6.5
3.31,-0.2867303,0.9472566,3.71586929657976,0.161644535839063,1.73210204908764,-2.18375013303469,-0.261561624402862,0.097679449181954,0.608398319271183,-1.67193215742557,-6.49999999999564,6.5
3.32,-0.2787046,0.943627,4.11595162703679,0.162208485919918,1.85360057740054,-2.11262751540386,-0.243025618628857,0.0765531740279154,0.685821359368877,-1.62981754320278,-6.49999999999983,6.5
3.33,-0.2666354,0.9397197,4.52458892399089,0.162478193338692,1.98633687305398,-2.03469234293925,-0.223162249898317,0.0562062505985229,0.770097498682953,-1.5869367223037,-6.49999999999999,6.5
3.34,-0.2525469,0.9328289,4.89815808524788,0.162434912774164,2.11090724901809,-1.97446708540876,-0.202053177408136,0.0364615797444353,0.853550632979573,-1.54291092911224,-6.5,6.49999999999999
3.35,-0.2355931,0.9236665,5.24259020428004,0.162060442268167,2.23434424027421,-1.9247051917047,-0.179709735005394,0.0172145278273883,0.938286164399994,-1.49831619161837,-6.5,6.49999999999996
3.36,-0.2150203,0.9123814,5.55650683215453,0.161351117840233,2.36228209352797,-1.88356990992326,-0.156086914070115,-0.0016211712718443,1.02519016926092,-1.45357441541979,-6.5,6.49999999999988
3.37,-0.1915188,0.898481,5.82628385688924,0.160321272747037,2.48741015749572,-1.85484964010532,-0.131212812495157,-0.0201696676728975,1.1113845421652,-1.40928035241587,-6.5,6.49999999999975
3.38,-0.1643319,0.8822365,6.05225587174376,0.158995367510951,2.61551669921292,-1.83532170489785,-0.105057645503028,-0.038522884721876,1.19737844347026,-1.36579021169337,-6.5,6.49999999999958
3.39,-0.133637,0.8638744,6.23032237696341,0.157403109329415,2.74382750183222,-1.82235382879152,-0.077619370484706,-0.0567464230097912,1.2816628090102,-1.32332531309129,-6.5,6.49999999999941
3.4,-0.09959242,0.8433673,6.36054851518975,0.155583766945978,2.86996893185544,-1.81568408844057,-0.0489196811661516,-0.0749032638941969,1.36322991682039,-1.28217320354536,-6.5,6.4999999999993
3.41,-0.0623832,0.8210463,6.4457524182348,0.153563253132232,2.99155641956894,-1.81193050391033,-0.0190041169704622,-0.0930225689333003,1.44147817002225,-1.24223491681175,-6.5,6.49999999999925
3.42,-0.02264574,0.7968416,6.49025156701702,0.151382094832856,3.10256041995497,-1.81143766751798,0.0120214872290876,-0.11113694560848,1.5160079335313,-1.20370294853412,-6.5,6.49999999999926
3.43,0.01973454,0.7718356,6.49913127453475,0.14899779646058,3.20400474590683,-1.80455960253937,0.0440615346881559,-0.129182541633874,1.58714991134905,-1.16543299788655,-6.5,6.49999999999913
3.44,0.06284308,0.7447743,6.47682256813404,0.146535634416381,3.27944897404715,-1.8026792597604,0.0768560244286274,-0.147209334231478,1.65529087055708,-1.12901964947412,-6.5,6.49999999999912
3.45,0.1071617,0.7169738,6.42661414792012,0.143905512543244,3.33466222892106,-1.79399458970708,0.110202646717838,-0.165149280128549,1.72124290891462,-1.09275754508766,-6.5,6.49999999999893
3.46,0.1520236,0.6884438,6.35038298301664,0.141124120971119,3.36519127137595,-1.77903875469215,0.143854559431598,-0.18293966767547,1.7858232810157,-1.05669233749436,-6.5,6.49999999999845
3.47,0.1964197,0.6589453,6.24801341533645,0.138242146592072,3.36420857624364,-1.76049072026041,0.177496645194034,-0.200544574878074,1.85022133208237,-1.02125006073268,-6.5,6.49999999999754
3.48,0.2403745,0.6290157,6.11878459922269,0.135212929179471,3.33459098100814,-1.73412788440091,0.210842555004115,-0.217885853722083,1.91505863102551,-0.985648218192648,-6.5,6.49999999999512
3.49,0.2828523,0.5982378,5.95887481912701,0.132121844006184,3.27006884378433,-1.70438260908662,0.243543243441959,-0.234929679812949,1.98181179523669,-0.950676190110891,-6.5,6.49999999998928
3.5,0.3245591,0.5678177,5.7674128591222,0.12880663760845,3.18013951481638,-1.66133728057,0.275344638590122,-0.251543052618649,2.05023096237333,-0.914332484421772,-6.5,6.49999999996501
3.51,0.3646784,0.5371159,5.53865670209843,0.125383652609934,3.06058921209578,-1.61193430296809,0.30595053071108,-0.26766239564833,2.12166996933125,-0.877940606857264,-6.5,6.49999999985867
3.52,0.4034151,0.5068291,5.2699630210178,0.121702209785817,2.91656262316936,-1.55105095505732,0.335116156942774,-0.283172905198903,2.19615425173038,-0.840314721150245,-6.5,6.4999999991574
3.53,0.4405051,0.476862,4.95648855539175,0.117733700149081,2.74891786438594,-1.48091809566596,0.362605335586633,-0.297982086155563,2.2742985373892,-0.801819621372431,-6.5,6.49999999283127
3.54,0.4759849,0.4472789,4.59589770082659,0.113396510146451,2.56119519374739,-1.40226537769716,0.388217287524107,-0.312004739932535,2.35610709678688,-0.762493892514952,-6.5,6.49999991153433
3.55,0.5098766,0.4180858,4.18760748499921,0.108598048464287,2.35665868084583,-1.31632841651789,0.411783874332565,-0.325168024097714,2.44142108176326,-0.722501950204547,-6.5,6.49999840929495
3.56,0.5421304,0.3892254,3.73252767117892,0.103241886722821,2.13779908505143,-1.22483228022956,0.43316186518308,-0.337416346900009,2.53005320982392,-0.682150656756316,-6.5,6.4999588004513
3.57,0.5732962,0.360847,3.24098677624091,0.0971230318953876,1.91215190204466,-1.12761832683228,0.452283384203526,-0.348692530168332,2.62007456437474,-0.6412709603139,-6.49999999999999,6.49836630009136
3.58,0.6030927,0.3327422,2.71147158041393,0.0890867310164961,1.67951729724209,-1.02766427745158,0.469078557175947,-0.358969172942848,2.71149416533128,-0.600551955129402,-6.49999999999453,6.40791454765065
3.59,0.6318012,0.3049369,2.15376091085178,0.0377559477515715,1.44459624359148,-0.925694129760743,0.483524519611862,-0.368226114240455,2.80267686000109,-0.560099747025935,-6.499999995294,2.94506753673434
3.6,0.6596313,0.2774909,1.59535371332017,0.000494615935687727,1.21108834257942,-0.82209167241038,0.495635403037656,-0.376447030964559,2.89213290428211,-0.519927210732992,-6.49999060602733,0.0419681227494352
3.61,0.6866167,0.2503836,1.05726546415345,2.40484430939598e-06,0.980855659810267,-0.717914161782666,0.505443959635759,-0.383626172582386,2.97899107959679,-0.480254102896619,-6.45294829324783,0.000220642551977465
3.62,0.7129527,0.2238068,0.00557384659087595,7.3347713414563e-09,0.75696559300269,-0.61230235121608,0.513013615565786,-0.389749196094546,3.06203366684994,-0.440710802043184,-0.0733629176735512,7.15222078129577e-07
3.63,0.7386944,0.1978131,1.54880660583975e-09,1.48875871815161e-11,0.540970991032815,-0.505680715190017,0.518423325476114,-0.394806003246447,3.14071040423664,-0.401313775485994,-3.50721443056061e-06,1.49415499184983e-09
3.64,0.7638636,0.1725798,-1.08745483341004e-12,2.16967938411275e-14,0.333950047432964,-0.397374955118551,0.521762825950443,-0.398779752797632,-3.06840232599936,-0.361713901426015,-2.59645012589663e-10,2.17305464039671e-12
3.65,0.7888822,0.1490471,2.27780354399443e-16,2.02369385287827e-17,0.140258532259686,-0.280210459500076,0.52316541127304,-0.401581857392633,-3.00021217538273,-0.319309625670629,-3.15117515932621e-13,2.03471666952123e-15
3.66,0.8123597,0.1252381,-3.79751289615924e-16,7.92059501439484e-20,-0.051781642725004,-0.172815138669698,0.52264759484579,-0.40331000877933,-2.93346608536865,-0.280336895821061,-6.75176249539388e-14,8.41467324362964e-18
3.67,0.8345871,0.1020243,-4.30904213350643e-14,2.15697880452804e-21,-0.238414316711697,-0.0676190182741792,0.520263451678673,-0.403986198962072,-2.88346289141676,-0.242113321166182,-4.93978455635072e-12,2.69920367708437e-19
3.68,0.8553895,0.07951751,-9.32859247791419e-11,8.32013792127649e-22,-0.420243491875524,0.0357688796979616,0.516061016759918,-0.403628510165092,-2.81732276702174,-0.204392105398275,-9.3569226198159e-09,1.57375508263692e-19
3.69,0.8744463,0.05753652,-4.02447878922858e-07,2.33711597307325e-21,-0.599103001201442,0.13519657431933,0.510069986747904,-0.402276544421899,-2.7524617141851,-0.167859282617925,-4.04442748013774e-05,1.58865421775005e-18
3.7,0.8916191,0.03599666,-0.00125401081635914,-1.11027533376328e-19,-0.775124271879911,0.229553440622922,0.502318744029104,-0.399981010015669,-2.6886295861161,-0.132853733894902,-0.120317567218933,1.01404853353644e-16
3.71,0.9049995,0.01312588,-0.0752967297841435,-2.72502870361856e-18,-0.963644860493815,0.303334871553851,0.492682295424166,-0.396947661300131,-2.62081693119054,-0.105283120962286,-6.3776734807461,5.53523016921983e-15
3.72,0.9169955,-0.008541682,-0.0877163090481032,1.79290369320275e-15,-1.14151604039548,0.379591265208838,0.481267135020212,-0.393151748648043,-2.55630449681304,-0.0763314476395734,-6.49985462840426,4.92335153151994e-13
3.73,0.9264821,-0.03031342,-0.0984422928723244,1.98044527190054e-13,-1.31799668114627,0.446300316756258,0.468087168208749,-0.38868874548048,-2.49205332001612,-0.0506156568123965,-6.49999966312696,2.64708115052832e-11
3.74,0.9336857,-0.05204696,-0.107355724181654,6.50261285884455e-12,-1.48994968186066,0.505023542722213,0.453187671390142,-0.383638510053258,-2.42884485432685,-0.0275533073910964,-6.49999999843812,8.40817123316698e-10
3.75,0.9383917,-0.07418054,-0.114844960248303,4.49361368543682e-11,-1.65832527571821,0.552249103079689,0.43660441863296,-0.378116019022461,-2.36629747702542,-0.00861833567359314,-6.49999999998736,1.24071252056554e-08
3.76,0.9415647,-0.09552607,-0.121179480291606,-1.02950035670679e-09,-1.81389201013264,0.598851466187028,0.418465498531634,-0.372127504360591,-2.30647732123089,0.0105728845812786,-6.49999999999979,1.67513645696832e-07
3.77,0.9431109,-0.1163879,-0.126791807435494,-3.57559042438287e-08,-1.95739124675315,0.641925848742545,0.398891586064102,-0.365708245873165,-2.24883133113739,0.0288576591634791,-6.49999999999999,1.73371071664724e-06
3.78,0.9445128,-0.135163,-0.131699062895791,-1.34671684592992e-06,-2.0760524935509,0.695261123074161,0.378131061128593,-0.358755634642424,-2.19561159004353,0.0521407672312055,-6.5,3.04339205243524e-05
3.79,0.9431355,-0.153988,-0.136439937065603,-1.95103453521755e-05,-2.19374295269483,0.739192329530496,0.356193631601645,-0.351363711347119,-2.14170190323785,0.0721783137561025,-6.5,0.000290083877293797
3.8,0.9420088,-0.1700388,-0.140572454472059,-0.000584967913871598,-2.28364500648586,0.798511180130291,0.333357181536786,-0.343378599545816,-2.09182196218246,0.0998296215336472,-6.5,0.00587217291054057
3.81,0.940343,-0.1837356,-0.144265078590464,-0.0229015566167259,-2.35424551608154,0.867837504172158,0.309814726375971,-0.334700224504094,-2.0440138420749,0.133172024771396,-6.5,0.169407501609254
3.82,0.9381818,-0.1947424,-0.147553524191473,-0.605750082349569,-2.40628949189326,0.948683067119333,0.285751831457038,-0.325213393832901,-1.99784688866474,0.17331468515245,-6.5,3.48306174636234
3.83,0.9354926,-0.2029035,-0.150475200045671,-1.39623095966023,-2.44125084489375,1.04078966888149,0.261339323008101,-0.314805497144086,-1.9528539502362,0.2206217224711,-6.5,6.4027796371574
3.84,0.9321392,-0.208065,-0.153064579880716,-1.75654826754862,-2.46149295005926,1.1438204946405,0.236724393507508,-0.303367292197681,-1.90852731533566,0.275411136117326,-6.5,6.49856501286478
3.85,0.9279025,-0.2101051,-0.155346659724478,-2.14670690578624,-2.46999527706375,1.25710700570423,0.212024440736871,-0.290796222140639,-1.86437338964248,0.337784422848958,-6.5,6.49998101827662
3.86,0.9226118,-0.2088925,-0.157329822720441,-2.57717490201998,-2.46915258747521,1.38003989545905,0.187332914862119,-0.276995823186048,-1.82005182528786,0.407739098368075,-6.5,6.49999975480947
3.87,0.9160819,-0.2043234,-0.159012454804188,-3.03289021289862,-2.46134631160297,1.51175220244095,0.162719451746089,-0.261878301161639,-1.7752999891239,0.484948009670939,-6.5,6.49999999670491
3.88,0.9080727,-0.1962186,-0.160385336742435,-3.50441711752826,-2.44927499722779,1.65203166845316,0.138226701773811,-0.245357984477107,-1.72991427624232,0.569094483898975,-6.5,6.49999999995267
3.89,0.8986359,-0.1842032,-0.161429325695895,-3.98581716662466,-2.43293108919316,1.80230018239511,0.113897390881879,-0.227334982653156,-1.68395342676508,0.660160767553507,-6.5,6.49999999999929
3.9,0.8873275,-0.168606,-0.162129935923418,-4.45433307130898,-2.41659095151322,1.95773025970975,0.0897314813667473,-0.207757680056058,-1.63729824015744,0.755154201169761,-6.5,6.49999999999999
3.91,0.8744423,-0.1486789,-0.16246847658881,-4.9023115408814,-2.39782269429119,2.12312533612252,0.0657532544238354,-0.186526426694833,-1.59020242793369,0.854522050996401,-6.5,6.5
3.92,0.8601105,-0.1243771,-0.162434411603193,-5.30904691999129,-2.37583410624636,2.29675306723458,0.0419949133613718,-0.163558896022487,-1.54280376933934,0.955776046709864,-6.5,6.5
3.93,0.8438141,-0.09619345,-0.162022420309638,-5.65583651776968,-2.3554805913409,2.47234433114059,0.0184401074479628,-0.138835452711082,-1.49524494987822,1.05538726309205,-6.5,6.5
3.94,0.82637,-0.06365498,-0.161231606289891,-5.9403425790396,-2.32973936509929,2.65245403990634,-0.00485728620303012,-0.112310912312018,-1.44762045459396,1.15270067736583,-6.5,6.5
3.95,0.8069881,-0.02758202,-0.160072212931,-6.15836581451998,-2.3060101146351,2.82826544224005,-0.0279173873493812,-0.0840282578896177,-1.40027448571441,1.2450633849622,-6.5,6.5
3.96,0.7865406,0.01198659,-0.158548060838842,-6.31599816361244,-2.27678727596673,2.99846568218738,-0.0506852601090485,-0.0540436010677438,-1.35304174171646,1.33223166498634,-6.5,6.5
3.97,0.7650931,0.05449796,-0.156668227349169,-6.42019510616887,-2.24216562178414,3.15747769606612,-0.0731069163268899,-0.0224688241070827,-1.30595911350622,1.41389494529613,-6.5,6.5
3.98,0.7421414,0.09890317,-0.154467341043491,-6.47891183874662,-2.20715380320206,3.29602364006743,-0.0951784543589105,0.0104914122935917,-1.25950423807093,1.49020213984026,-6.5,6.5
3.99,0.7178048,0.1446932,-0.151972714616831,-6.499758821671,-2.17098907230048,3.41041218572994,-0.116888345081915,0.0445955341508911,-1.21375590631978,1.56217969907765,-6.5,6.5
4,0.6920961,0.1911864,-0.149220079298569,-6.48826272875653,-2.13389221262039,3.49596562479711,-0.138227267208119,0.0795551903988622,-1.16886212905339,1.6309158894827,-6.5,6.5
4.01,0.6651762,0.2379049,-0.146237787411276,-6.44787458001136,-2.09480436001616,3.55037031095227,-0.159175310808281,0.115058893508385,-1.12478952142298,1.69755633392889,-6.5,6.5
4.02,0.6371493,0.2844172,-0.143057171722869,-6.3801469451686,-2.05325392643268,3.5721408347773,-0.179707850072608,0.150780301856158,-1.08153520146542,1.76317654061717,-6.5,6.5
4.03,0.6075621,0.3298884,-0.139771242970065,-6.28459029323181,-2.01360671636975,3.55669790652962,-0.199843917236305,0.186347280921454,-1.03983882970729,1.82902461486104,-6.5,6.5
4.04,0.5777482,0.374786,-0.136266547830977,-6.16034318782899,-1.96452949190909,3.51131304447593,-0.219489212155396,0.221460411366213,-0.997864204420895,1.89557689808317,-6.49999999999999,6.5
4.05,0.5474661,0.4190117,-0.132607015559658,-6.0056594046497,-1.90922528698814,3.43799939381493,-0.238581465025277,0.255840405304363,-0.956088349691917,1.96340249134486,-6.49999999999996,6.5
4.06,0.5164998,0.4613452,-0.128867078363209,-5.81473233541919,-1.85044600772623,3.3291685950528,-0.25708592510254,0.289132091254891,-0.914985806752757,2.03420020805843,-6.49999999999983,6.5
4.07,0.4858483,0.503355,-0.124902178093572,-5.58949777414802,-1.78033020665037,3.20209429470457,-0.274889227169043,0.321153034201936,-0.872924740665884,2.10654421276651,-6.49999999999892,6.5
4.08,0.4540033,0.5425779,-0.12094921348511,-5.31556962423215,-1.71324162499218,3.03808777265572,-0.292021643418965,0.351533911928494,-0.83283693255716,2.18407653832109,-6.49999999999353,6.5
4.09,0.4219841,0.5798117,-0.116773789330206,-4.99088319841993,-1.64065009376071,2.8483341905009,-0.308428144356572,0.380017253833503,-0.792860916946827,2.26608944075256,-6.49999999995158,6.5
4.1,0.3896161,0.6149505,-0.112354423369384,-4.61017196694537,-1.56501608254104,2.63549553487803,-0.324078305181983,0.406372209182283,-0.753493054974756,2.35299879297384,-6.49999999957233,6.5
4.11,0.3569688,0.6480114,-0.107609975382211,-4.17076882709737,-1.48652439560642,2.40323071611186,-0.338943549138047,0.430404516343401,-0.714724256618176,2.44480808618004,-6.4999999954915,6.5
4.12,0.3240983,0.6790489,-0.102453653048799,-3.67345690030419,-1.40547647648156,2.15535381428717,-0.352998313902862,0.451958054486273,-0.676570026967655,2.5411615294083,-6.49999994277628,6.5
4.13,0.2910657,0.7082279,-0.0967910093680764,-3.12200752650997,-1.32212621462861,1.89641460181575,-0.366219576049149,0.470922200504431,-0.63903153400633,2.64108897377763,-6.49999911560378,6.49999999999998
4.14,0.2580262,0.7356885,-0.0905975916560302,-2.51970611073848,-1.23591541538849,1.63044237301484,-0.378578730203033,0.487226624234579,-0.601892022333601,2.74332691824893,-6.49998263225043,6.49999999998142
4.15,0.2251166,0.7616279,-0.0841713098679903,-1.88196810624698,-1.14651331335203,1.36166573271232,-0.390043863336554,0.500843281561702,-0.564980187183757,2.84617867761967,-6.49954825710951,6.49999994608289
4.16,0.1925881,0.7862639,-0.0776796629469047,-1.25438314198098,-1.05266231734615,1.0941480675857,-0.400570486510015,0.511784762237559,-0.5278540454606,2.94776080091713,-6.4830546719323,6.49948610505502
4.17,0.160696,0.8097441,-0.0623467001108017,-0.165520459879418,-0.953209888660822,0.830994708614583,-0.410102585396623,0.520094709323705,-0.490072030117359,3.04648106275322,-5.61658546852179,1.75681989311965
4.18,0.1295425,0.8321899,-0.00398405881794165,-6.48542609285184e-09,-0.848454288199271,0.574789410176102,-0.418587128278616,0.525842603425466,-0.451585072397608,3.14106245242087,-0.383004710702087,2.4587844650836e-05
4.19,0.09949623,0.853622,-2.0076136967767e-05,4.6675450814642e-13,-0.736427756813583,0.326978348827026,-0.425951405846752,0.529112386913736,-0.411657153181846,-3.05232528695372,-0.00200747551950554,3.17814158277059e-10
4.2,0.07061855,0.8739405,-4.82292323144829e-08,4.48503528681684e-16,-0.618015689899266,0.0877922464322936,-0.432131562745745,0.529990309378059,-0.370370361770768,-2.96729765840909,-4.83762868618323e-06,2.09033760689113e-13
4.21,0.04297549,0.8929251,-5.98352723015539e-11,5.47276656173524e-15,-0.494035913117166,-0.143653610707275,-0.437071921876916,0.528553773270987,-0.32778351529292,-2.82450085259291,-5.99410010761439e-09,5.50987828215756e-13
4.22,0.01663847,0.9103903,-4.73209920753524e-14,1.42342042880252e-11,-0.365233076795704,-0.367924579015721,-0.440724252644873,0.524874527480829,-0.283930684735512,-2.74561239052166,-4.98432724194157e-12,1.42990292740647e-09
4.23,-0.008639288,0.9258379,-5.30496320034793e-17,3.74126635674181e-07,-0.235048445323123,-0.588268081783085,-0.443074737098105,0.518991846662998,-0.239731941211707,-2.66972842972485,-6.74655774327339e-15,3.48383675243926e-05
4.24,-0.03309811,0.9389053,-2.8023538240023e-19,0.00725818825907318,-0.10658681521015,-0.806513900771201,-0.444140605250206,0.510926707655286,-0.196058174821139,-2.59598752289349,-6.26464588834264e-17,0.583584575136582
4.25,-0.05677073,0.9493821,-1.51951339104512e-21,0.0931199748687937,0.0190981085403834,-1.02304076305153,-0.443949624164802,0.500696300024771,-0.153137052035311,-2.52407449407302,-1.5836969882494e-17,6.49031324507867
4.26,-0.07975685,0.9570967,1.29022334895359e-19,0.104024831170128,0.140487312497548,-1.23786990054965,-0.442544751039827,0.488317601019275,-0.111372518845684,-2.4538180389471,-1.42315778147335e-16,6.49999593722671
4.27,-0.1026397,0.961884,-5.02235749546858e-17,0.112705286572892,0.252084130938094,-1.45097194699041,-0.440023909730446,0.473807881549371,-0.072594469684642,-2.38508867559707,-1.1703434501138e-14,6.49999999573534
4.28,-0.125711,0.9637673,-1.4149726564443e-14,0.119992387205992,0.351424739507756,-1.66071108957043,-0.436509662335368,0.457200770653666,-0.0376479603508134,-2.31814312226537,-1.72797999208243e-12,6.49999999998988
4.29,-0.14788,0.9634761,-4.70564755665407e-13,0.126269188214611,0.448171391610344,-1.85955548626913,-0.432027948419265,0.438605215790975,-0.00304698730847421,-2.25435749282428,-3.31029715573886e-10,6.49999999999994
4.3,-0.169825,0.9612278,8.29285558733601e-10,0.131869308789766,0.53604400346665,-2.0450883812571,-0.426667508384598,0.418154331978404,0.0290212722814394,-2.19372325887321,-3.9922772947757e-08,6.5
4.31,-0.1909067,0.9576469,1.93567431102944e-07,0.136866219127064,0.620633495506212,-2.21170511404526,-0.420461173429536,0.396037280837951,0.0606463101105363,-2.13669918770091,-3.59591729889619e-06,6.5
4.32,-0.2106529,0.9534383,2.57224067232765e-05,0.141231011885843,0.705645429315304,-2.35372943582537,-0.413404719136383,0.372499986479698,0.0933045714935493,-2.08355099956801,-0.000279211528980912,6.5
4.33,-0.2287393,0.9489611,0.00259869054552858,0.145009891807503,0.793198639580119,-2.46912113656562,-0.405472732740582,0.347808775114041,0.127945035144573,-2.03389661622639,-0.0200094782364631,6.5
4.34,-0.2447584,0.944813,0.199527905613052,0.148243079020764,0.885922685284527,-2.55416502624105,-0.396613505887737,0.322267124851631,0.165763850529607,-1.98761600212111,-1.19600810557507,6.5
4.35,-0.258552,0.9410552,1.25737053952572,0.151016588873373,0.98404674692415,-2.61029405884915,-0.386773038418495,0.296164184263139,0.207092240607914,-1.94398648273942,-6.12287970613467,6.5
4.36,-0.2698509,0.93804,1.61359967216912,0.153383669468043,1.08868949424988,-2.63653575637218,-0.375886143475996,0.269798826699418,0.252620909708677,-1.9026872410881,-6.49444642539966,6.5
4.37,-0.2785356,0.935715,1.92625600198022,0.155408847182243,1.19954296147462,-2.63569506385067,-0.36389071386125,0.243441876060911,0.302497342681441,-1.86308185743753,-6.49991940768762,6.5
4.38,-0.2844864,0.9339816,2.2651255943079,0.157140037771105,1.31627809163208,-2.61093541585299,-0.350727932944929,0.217332521902381,0.356837546409752,-1.82461636310596,-6.49999873870897,6.5
4.39,-0.2876018,0.9325069,2.62489072320818,0.158615638718942,1.43839403210302,-2.56733633832846,-0.336343992623899,0.191659158519096,0.415646871787038,-1.78667225597842,-6.49999997807075,6.5
4.4,-0.2878419,0.9309453,2.9966303262884,0.159856673480958,1.56486252636427,-2.50978918730231,-0.320695367360257,0.166561266646073,0.478662994601427,-1.74874847037629,-6.49999999956104,6.5
4.41,-0.2855931,0.9290197,3.36768008087683,0.160869240394304,1.69106635989328,-2.44228375328296,-0.303784703761324,0.142138429113244,0.544214451354514,-1.71049045561942,-6.49999999998852,6.5
4.42,-0.2804162,0.9261667,3.74207964492018,0.161651660489396,1.81983865707974,-2.37099444459065,-0.285586317190526,0.118428484667337,0.613343616129707,-1.67150975302776,-6.49999999999965,6.5
4.43,-0.2725055,0.9219947,4.11148239650336,0.162190134697711,1.94833569929203,-2.30011586226473,-0.266102960197606,0.09542732604469,0.684931693962012,-1.63164749140464,-6.49999999999999,6.5
4.44,-0.2617538,0.9161217,4.47158924280375,0.162466211644953,2.0765325509311,-2.23340022231636,-0.245337634688295,0.0730933238215263,0.758805281581624,-1.59088751870509,-6.5,6.5
4.45,-0.2480453,0.9082989,4.81669244222707,0.162461602941461,2.20448003929531,-2.17309867186087,-0.223292834295342,0.0513623371029176,0.834709796706543,-1.54937866020017,-6.5,6.5
4.46,-0.2307869,0.8987924,5.14527072617447,0.162163357509824,2.33630309764722,-2.11680673916992,-0.19992980331887,0.0301942697112185,0.913405076549966,-1.50736953031094,-6.5,6.5
4.47,-0.2105794,0.8866813,5.4433682993939,0.161567890044872,2.46554075252512,-2.07246814973172,-0.175274395793619,0.0094695882139013,0.992534096676662,-1.46522278518338,-6.5,6.5
4.48,-0.1871636,0.8721609,5.70826567986209,0.160682397349643,2.59364926973401,-2.03768790042531,-0.149337903096278,-0.0109072907903518,1.07199464411901,-1.42330147068229,-6.5,6.5
4.49,-0.1602206,0.8554525,5.9373411229631,0.15952174473898,2.72247388460817,-2.00997972982664,-0.122113164250197,-0.0310070880886182,1.15156459172934,-1.38187003724295,-6.5,6.5
4.5,-0.1298893,0.8367571,6.1267470231174,0.158105244352515,2.84978664784791,-1.98719206877256,-0.0936152977717177,-0.0508790087763437,1.23018352951328,-1.34110353502343,-6.5,6.49999999999999
4.51,-0.09633631,0.8160862,6.2753296930958,0.156458991769521,2.97332076209928,-1.96894301084204,-0.0638820901507249,-0.0705684388847642,1.30704418576089,-1.30121265480049,-6.5,6.49999999999999
4.52,-0.05975391,0.7938077,6.38408695018312,0.154599112417052,3.09080862839524,-1.95179460778995,-0.0329740038667725,-0.0900863849626637,1.38161425380456,-1.26209735919424,-6.5,6.49999999999998
4.53,-0.02064963,0.7700587,6.45533250117882,0.152545220038585,3.19752810694883,-1.93457325789422,-0.000998722797284232,-0.109432117541606,1.45346562299229,-1.22375618999952,-6.5,6.49999999999997
4.54,0.0205359,0.7451295,6.49246765197931,0.150305578852115,3.28980883044492,-1.91489328504136,0.031899365507165,-0.128581050392019,1.52263771058104,-1.18599861541933,-6.5,6.49999999999995
4.55,0.06283836,0.718879,6.49887836507919,0.147912748854892,3.35992799634763,-1.89428439448959,0.0654986454706413,-0.147523894336915,1.58937860058083,-1.1490485544568,-6.5,6.49999999999993
4.56,0.1063187,0.6919614,6.47734191695115,0.145338211872667,3.40973651271055,-1.86734251472442,0.0995960105977469,-0.16619731948416,1.65433829360582,-1.11221426314154,-6.5,6.49999999999985
4.57,0.1494317,0.6637124,6.42938560717089,0.142663626125847,3.42736600439752,-1.84046159983996,0.133869670641722,-0.184601935482559,1.71836945848455,-1.07639846345414,-6.5,6.49999999999971
4.58,0.1927807,0.6351181,6.35559850427155,0.13981224493769,3.42053441149494,-1.80535682450486,0.168075014756671,-0.202655503727608,1.78202800783467,-1.04034374774666,-6.5,6.49999999999929
4.59,0.2356337,0.606079,6.25519925377357,0.136813828969753,3.38508420303547,-1.76380719168477,0.201925856787026,-0.220293575644455,1.84618277071385,-1.00427704408696,-6.5,6.4999999999979
4.6,0.2771457,0.5761971,6.12545061680606,0.133745313710211,3.31645709402209,-1.72004114169258,0.235090427727247,-0.237493987061381,1.91200587736873,-0.968893957057359,-6.5,6.49999999999322
4.61,0.3181198,0.5466381,5.96525814375551,0.130468598383902,3.22479411286322,-1.66455838204062,0.267338368855879,-0.254139570881788,1.97934627333253,-0.932420973894245,-6.5,6.49999999996854
4.62,0.3579107,0.5170822,5.77049730460763,0.12705236039522,3.10717601641276,-1.60147212260346,0.298410129020007,-0.270154292107822,2.04920118641129,-0.895527375541137,-6.5,6.49999999980844
4.63,0.3963687,0.4877183,5.53714544017705,0.123454131258489,2.9653559247761,-1.53024547250023,0.328063688267768,-0.285456746832824,2.12211385353778,-0.8580070038331,-6.5,6.49999999840241
4.64,0.4333943,0.4586616,5.26098299908112,0.119615257072574,2.80154209353844,-1.4510766098602,0.356079109203152,-0.299967512931426,2.19850845296287,-0.819785567919848,-6.5,6.49999998120407
4.65,0.4690533,0.4298261,4.93905251115267,0.115498467725048,2.61932476717983,-1.36593071006167,0.382272356874951,-0.313626820032043,2.27842981058486,-0.781180785276549,-6.5,6.49999969544483
4.66,0.5031561,0.4014139,4.56757974993637,0.110984928212823,2.41994684974907,-1.27417952311785,0.406471825372441,-0.326368615263222,2.36224549840708,-0.7419322256152,-6.5,6.49999273146411
4.67,0.5358296,0.3733677,4.14719535182709,0.105988803731678,2.20736953169635,-1.17751936702012,0.428545520689405,-0.338143808933423,2.44953436120543,-0.702325397691559,-6.5,6.49974639814816
4.68,0.5671216,0.3457272,3.68074757309132,0.100192058687615,1.98464026904922,-1.07670715641073,0.448391923379897,-0.34891088049753,2.53979503136332,-0.662436911320157,-6.5,6.48672657873336
4.69,0.5970942,0.3184373,3.17216911136916,0.0810794177816024,1.75474230991656,-0.973274678123573,0.465939346479063,-0.358643627278766,2.63226408070228,-0.622562197939138,-6.49999999999927,5.60042779208823
4.7,0.6259673,0.2915967,2.62740973022108,0.00416738106061578,1.52180320918998,-0.867329885779675,0.481157378570962,-0.367316926136563,2.72552720515141,-0.58262999288717,-6.49999999954239,0.310447223453582
4.71,0.6536434,0.2651059,2.05214710469885,2.12103032859211e-05,1.28691667169493,-0.760683472169404,0.494026545287912,-0.374923760858257,2.81896493416746,-0.543056481407011,-6.49999930363846,0.00171454549503816
4.72,0.6804088,0.2391338,1.47956822653277,6.24581592341244e-08,1.05436930939045,-0.652701212681471,0.504570238381816,-0.381450772985071,2.9107607017333,-0.50356370974258,-6.49734418832029,5.47982314468497e-06
4.73,0.7062885,0.2137349,0.182524524336636,1.1400207758367e-10,0.825838274654544,-0.543793085475286,0.512828621128362,-0.386888703839824,3.00000011431848,-0.46416917961094,-1.27121628960171,1.07526935380321e-08
4.74,0.7313002,0.188942,3.33179850757777e-06,1.45745625916133e-13,0.602768707066438,-0.434527187181715,0.518856308199026,-0.391233975711641,3.08595629966074,-0.424942284133367,-6.92058205761233e-05,1.44440522907742e-11
4.75,0.7553543,0.1647565,-2.12050924859247e-11,1.80260262914778e-16,0.3855264130869,-0.325695027844581,0.522711572329895,-0.394490925990087,-3.11474069969319,-0.38603247825277,-2.76739192045921e-09,1.8114260344788e-14
4.76,0.7786952,0.141525,4.23189403833381e-16,3.39890952907892e-19,0.17725755189538,-0.215067123729355,0.524484147848849,-0.396641597227381,-3.03681743172721,-0.34657656870046,-9.41482170178759e-13,3.39787246997787e-17
4.77,0.8007749,0.118838,-1.79121249846467e-16,3.50881796957278e-21,-0.0259828926619008,-0.107085462164513,0.52422431892223,-0.397712451849026,-2.96178416350067,-0.307962352965627,-6.53749593735025e-14,3.55860145579402e-19
4.78,0.8218374,0.09709132,-2.51445966345764e-14,5.6261509183912e-22,-0.221082341832329,0.00109039835653846,0.522013495503907,-0.39770154786546,-2.895980926261,-0.269092856138231,-3.07774190699904e-12,6.17815837379576e-20
4.79,0.8412722,0.07584301,-7.15772736229504e-11,2.16441521300478e-21,-0.412535982184181,0.104892225184194,0.517888135682065,-0.396652625613618,-2.83018579561457,-0.231495829498893,-7.23652097435331e-09,2.93304061345381e-19
4.8,0.858867,0.05502914,-4.77511092871345e-07,6.67546682943293e-20,-0.601083818388801,0.203402744119991,0.511877297498177,-0.394618598172419,-2.76554126466183,-0.195455377200285,-4.79389889951179e-05,1.51316731704928e-17
4.81,0.8747829,0.03481672,-0.00193456289595366,1.9187903728981e-18,-0.78423441850849,0.297794075353934,0.504034953313092,-0.391640657418879,-2.70261143539597,-0.160479776537966,-0.189027898168182,2.57724526482796e-15
4.82,0.8882686,0.01451479,-0.0727241187654422,-4.76666773775575e-16,-0.967524035123759,0.381831114728399,0.494359712961854,-0.387822346271595,-2.63947154102013,-0.128936777201134,-6.39895568463249,4.00481710936375e-13
4.83,0.8997735,-0.005395579,-0.0840168273442425,5.41930380908011e-15,-1.14577584526095,0.4599060138166,0.482901954509245,-0.383223286133429,-2.57752617803319,-0.099140541025674,-6.49987902600704,4.69152955683677e-11
4.84,0.9087763,-0.02575905,-0.0946739987368783,9.01324394704411e-12,-1.322561730754,0.524743904991965,0.469676337201705,-0.37797584708351,-2.51558613306799,-0.0740221238507077,-6.4999997165015,2.22886005463846e-09
4.85,0.9154905,-0.04627329,-0.103950459963675,3.80864891706942e-10,-1.49489193314679,0.579594265172226,0.454727417870237,-0.372179904431787,-2.45435700088166,-0.0523866851592383,-6.49999999867691,5.21933267807298e-08
4.86,0.9203584,-0.06665274,-0.111559938637478,5.98165882954176e-09,-1.65810929129429,0.627358551220716,0.438146324957294,-0.36590631891958,-2.39484388935037,-0.0331230917227494,-6.49999999998743,7.37528660894637e-07
4.87,0.9234135,-0.08716036,-0.118032706367265,3.49858581045812e-08,-1.81150280791891,0.666052432256535,0.420031296878105,-0.359245794597015,-2.33695355586201,-0.0171435235878507,-6.49999999999978,5.76471080066549e-06
4.88,0.9250771,-0.1070986,-0.123679457412767,3.15507614978129e-08,-1.95118800820453,0.702139094387888,0.40051941679606,-0.352224403653136,-2.28128132776135,-0.00177407009297482,-6.49999999999999,3.72494005488358e-05
4.89,0.9256049,-0.126228,-0.128745713746549,-1.89056068302507e-06,-2.07511972579767,0.737630024403401,0.379768219538083,-0.344848103409102,-2.22791835928871,0.0138747376475444,-6.5,0.000224406646900861
4.9,0.9252531,-0.1442879,-0.133376557698172,-3.15054215387781e-05,-2.18153842051412,0.774551107805813,0.357952835332942,-0.337102592331044,-2.17686427654657,0.0307648825069069,-6.5,0.0014083057460889
4.91,0.9241658,-0.1607917,-0.137611396878233,-0.000475752260216044,-2.26991797533859,0.816671858799772,0.335253655579556,-0.328935873743046,-2.12788168991795,0.0507410082420855,-6.5,0.011138752637112
4.92,0.9225208,-0.1753838,-0.141449861853452,-0.00847946098193366,-2.33962116212696,0.866281001397013,0.311857443958286,-0.320273063729076,-2.08077989468237,0.0751199191806239,-6.5,0.119888676318776
4.93,0.9202651,-0.1877412,-0.14492540655093,-0.157106501167536,-2.39216840676175,0.925134813037893,0.287935759890669,-0.311021715598697,-2.03505336111984,0.105097204815601,-6.5,1.48872490068338
4.94,0.9174016,-0.1976463,-0.148060861003243,-0.809722967268737,-2.42860066270104,0.993869287013155,0.263649753263658,-0.301083022728565,-1.99034071813405,0.141445540177245,-6.5,5.64512387048684
4.95,0.9137821,-0.204878,-0.150885375381098,-1.19492430918169,-2.451273478602,1.07301884847726,0.239137018477638,-0.290352834243793,-1.94615311720528,0.184963004009946,-6.5,6.46740653506392
4.96,0.9092963,-0.2092025,-0.153413964385528,-1.51486367151779,-2.46212151310317,1.16310223177489,0.214515803346607,-0.278721811926044,-1.90212776918086,0.236488542168245,-6.5,6.49915721601337
4.97,0.9036306,-0.2106703,-0.155661526112795,-1.88284749915842,-2.46472911455604,1.26208397235005,0.189868512201046,-0.266100972202543,-1.85777700343499,0.295555451005031,-6.5,6.49998066871956
4.98,0.8967777,-0.2089238,-0.157616415271905,-2.30575244423017,-2.45982635134035,1.37151715707579,0.165270248687643,-0.252385800631786,-1.81300081021796,0.363400323843661,-6.5,6.49999960981129
4.99,0.8884162,-0.2039014,-0.15927249895253,-2.76851550173231,-2.45081109812753,1.49021814041673,0.140762137706367,-0.237483619227618,-1.76749785464158,0.439693467953668,-6.5,6.49999999244683
5,0.8784555,-0.1954207,-0.160608932370786,-3.25672907493709,-2.43885045992768,1.61806363758437,0.11637363310709,-0.221302982851775,-1.72124848851224,0.524320066205265,-6.5,6.49999999985482
5.01,0.8668261,-0.1832065,-0.161604012997094,-3.76170775866268,-2.42485617345542,1.75566238607545,0.0921250713725363,-0.20374635899102,-1.67430200416619,0.617057963343379,-6.5,6.49999999999721
5.02,0.8535677,-0.1668934,-0.162237557744288,-4.27216637333739,-2.40874122319485,1.90426799802677,0.0680376591405878,-0.184703679010752,-1.62679643792695,0.717323551560248,-6.5,6.49999999999995
5.03,0.8384765,-0.1465268,-0.162494599759342,-4.76190656824362,-2.39251767693126,2.06143551573778,0.0441124823712753,-0.164089323853374,-1.57882830629364,0.822256194832632,-6.5,6.5
5.04,0.8215523,-0.1220786,-0.162364818334334,-5.20705170794363,-2.37628735740529,2.22548955094722,0.0203496087972224,-0.141834428343902,-1.53060770673298,0.929103739284167,-6.5,6.5
5.05,0.8032976,-0.09286269,-0.161845015503102,-5.59532904616827,-2.35586493546843,2.40046304057076,-0.00320904055746195,-0.117829797938195,-1.48231033742874,1.03680803062294,-6.5,6.5
5.06,0.7837135,-0.05936427,-0.160937046327846,-5.909596008677,-2.33171718903866,2.57996201329612,-0.0265262124478485,-0.0920301778052335,-1.43404224781568,1.14119671382715,-6.5,6.5
5.07,0.7621778,-0.02230421,-0.159655168356792,-6.14653223761947,-2.30960589624397,2.75609435052376,-0.0496222714102882,-0.0644692342999959,-1.38616463491566,1.23941911978004,-6.5,6.5
5.08,0.7401652,0.01860124,-0.157993155451126,-6.31495381757641,-2.27693435006895,2.93023571288708,-0.0723916149109778,-0.0351668771711251,-1.33817662864099,1.33155238291425,-6.5,6.5
5.09,0.7165759,0.0620088,-0.155986486180247,-6.42278934186857,-2.24416990931945,3.08977622326485,-0.0948333140041723,-0.0042691149384766,-1.29077935434503,1.41647137751525,-6.5,6.5
5.1,0.6918736,0.1073154,-0.153647500295702,-6.48140301423506,-2.2075802807039,3.22960276240164,-0.116909116811211,0.0280269126855398,-1.24380782736197,1.49511447426201,-6.5,6.5
5.11,0.6660371,0.1536382,-0.151004632417634,-6.49998534854831,-2.16790259874454,3.34279698178996,-0.138588142798657,0.0614548825034394,-1.19740826830478,1.56867255790112,-6.5,6.5
5.12,0.6388192,0.1999965,-0.148109570419229,-6.48505340388839,-2.12776012534911,3.42238801827549,-0.159865744052148,0.0956787626861943,-1.15197877042552,1.63864186280102,-6.5,6.5
5.13,0.6110858,0.2464786,-0.144934577409334,-6.44030674173693,-2.0800801327629,3.47136542963134,-0.180666545379777,0.130392416982508,-1.10666474136961,1.70645961853562,-6.5,6.5
5.14,0.5822753,0.2920006,-0.141565075794573,-6.36683786523939,-2.03059372756054,3.48268778494004,-0.200972482655382,0.165219294831908,-1.06227625778368,1.77361161082344,-6.5,6.5
5.15,0.5524432,0.3361373,-0.138043864952957,-6.26344736161925,-1.97930527172228,3.45580874513822,-0.220765535372605,0.19977738228329,-1.01887236372439,1.84147482852685,-6.49999999999999,6.5
5.16,0.5226458,0.379384,-0.134282522940793,-6.12843385335041,-1.91772139290563,3.39835535332412,-0.239942749301661,0.233760935816531,-0.974993309956843,1.91063114506849,-6.49999999999997,6.5
5.17,0.4922382,0.4207435,-0.130410135400293,-5.95646217626725,-1.85261239892578,3.30480586281453,-0.258468873290919,0.266808994444677,-0.931780369598394,1.98274003549825,-6.49999999999984,6.5
5.18,0.4627379,0.4618974,-0.12622487247429,-5.74847575438183,-1.77181153699214,3.19320764928875,-0.276186988660841,0.298741070937564,-0.886767938463056,2.05650910328993,-6.49999999999865,6.5
5.19,0.4329763,0.5009627,-0.121891130676459,-5.4935917338489,-1.68714039938165,3.04981611277872,-0.293058392654657,0.329239232065351,-0.84220302319958,2.13477129637144,-6.49999999998643,6.5
5.2,0.403279,0.5382943,-0.11728510838301,-5.18729184968255,-1.59673858745564,2.88136886310263,-0.309025778529213,0.358052920696378,-0.797615284708889,2.21754560781528,-6.49999999982136,6.5
5.21,0.3736429,0.5738425,-0.112316952230776,-4.82387383956199,-1.50174163532655,2.69076283192538,-0.324043194882479,0.384960549015632,-0.75317267406498,2.30523781427856,-6.49999999691648,6.5
5.22,0.3441369,0.6076464,-0.106856463741381,-4.39996353719092,-1.40260617863541,2.48156865146436,-0.338069256668833,0.409776235530275,-0.708896115657839,2.39786286446876,-6.4999999287134,6.5
5.23,0.3147075,0.6397799,-0.100787659687524,-3.91579032978828,-1.30082309446436,2.25748659668542,-0.351077487613477,0.432351101497129,-0.665075973359873,2.4950410128176,-6.4999978191384,6.5
5.24,0.2853689,0.6703508,-0.093982723234308,-3.37568792483555,-1.19720060383214,2.0222988069149,-0.363049493651798,0.452574089566278,-0.621848751614202,2.59593229019843,-6.49991099893237,6.5
5.25,0.2561001,0.6994556,-0.0866316280705586,-2.78358470241026,-1.09278830623586,1.77945216544184,-0.373977376714157,0.470368611220697,-0.579428273126111,2.69935463484343,-6.49517690225432,6.49999999999963
5.26,0.2270105,0.7273714,-0.0753092623567431,-2.1501047784698,-0.987445208475421,1.53369567696844,-0.383851828798911,0.485705567990381,-0.537699113899181,2.80326381366129,-6.15664242063693,6.49999999969221
5.27,0.1981363,0.7541294,-0.0106093805180087,-1.50801528136487,-0.881671670732295,1.2872986503027,-0.392668545506234,0.498578554493408,-0.496721932791936,2.90624523200109,-0.943540130770491,6.49999935219367
5.28,0.1695728,0.7798454,-7.51824136058978e-05,-0.889702033831319,-0.775426783740748,1.04306650153129,-0.400422813343641,0.509009219508721,-0.456393191225885,3.00666075058291,-0.0071773664342216,6.49621695915215
5.29,0.1415984,0.8047222,-2.89108997965809e-07,-0.0188184055452998,-0.667120956553759,0.804289522689395,-0.407094022909179,0.517052114735615,-0.416112984380324,3.10278911007429,-2.88375917839364e-05,0.624284373126205
5.3,0.1140641,0.8285974,-8.01247945454236e-10,1.29017357240502e-07,-0.55894656903196,0.570828135910808,-0.412683488599498,0.522760396094723,-0.376453218847343,-3.08870239880921,-8.04445260066797e-08,1.78162156219513e-05
5.31,0.08737858,0.8515713,-1.44673887310373e-12,-4.64788314449111e-13,-0.448172314858631,0.344758532617504,-0.417165211748085,0.526207981420898,-0.336405802769415,-3.00222207543714,-1.44667785095808e-10,5.60436719924904e-10
5.32,0.06154244,0.8734103,-2.21332114919931e-15,2.19431007279093e-15,-0.335786205810216,0.125081440828417,-0.420523073806187,0.527458795829182,-0.296144352192816,-2.92034817556393,-2.27813023949523e-13,3.2836494813873e-13
5.33,0.03657067,0.8938482,-5.1243836775872e-18,1.52665494607813e-15,-0.222583563989787,-0.0894382835818348,-0.422748909446085,0.526564412993364,-0.255786917192167,-2.84231252988192,-5.93830700821142e-16,1.56418744501382e-13
5.34,0.01247961,0.9125251,-4.64561080852775e-20,7.19422927541138e-13,-0.109289137369956,-0.300764054900142,-0.423841800819784,0.523556772444363,-0.215434380935454,-2.81142046587929,-7.44743826745154e-18,7.20207646856362e-11
5.35,-0.01097503,0.9289524,-3.45832462751248e-21,8.57908786575655e-09,0.00121635750969062,-0.5118062523023,-0.423829637244687,0.51843870992134,-0.175962739925521,-2.73705859315706,-1.48788342343596e-18,8.60277085159039e-07
5.36,-0.03376259,0.9428452,5.9868864157372e-21,0.000164492748121575,0.108650300309314,-0.723490057949455,-0.422743134241594,0.511203809341845,-0.137360954495982,-2.66347429114719,-6.47495118332891e-18,0.0151502909381088
5.37,-0.05611387,0.9538482,7.58380401384525e-21,0.0781770306344703,0.210552401267961,-0.937251126860112,-0.420637610228915,0.501831298073244,-0.100422278887574,-2.59015796888314,-2.72831157422481e-16,6.20929933709712
5.38,-0.07826652,0.9617121,-1.64890271641114e-16,0.094435769079881,0.304650586478168,-1.15348284621646,-0.417591104364133,0.490296469611079,-0.0659181095831998,-2.5170188669136,-3.04504352237262e-14,6.49991888475408
5.39,-0.1002925,0.9664836,-2.95314895212135e-14,0.105265996316842,0.39032798121918,-1.3699956308629,-0.413687824551941,0.47659651330245,-0.0340424436506958,-2.44471001935024,-3.62705360009534e-12,6.49999994547402
5.4,-0.1219971,0.9684089,-6.23366873714634e-13,0.11396266370351,0.469345068933713,-1.58308360010273,-0.408994373862604,0.460765677301423,-0.00410052883509619,-2.37413527897747,-3.32215903894788e-10,6.49999999990987
5.41,-0.1438996,0.9676965,2.2597696353446e-10,0.121245113015145,0.537294248624576,-1.78969650013538,-0.403621431376358,0.442868712300069,0.0222270167418076,-2.30582656247298,-1.5193238636941e-08,6.49999999999966
5.42,-0.1652096,0.9652469,2.00754959670819e-08,0.127502037125703,0.601346749874246,-1.98119437116436,-0.397607963877616,0.423056768588426,0.047709473426169,-2.24127467473294,-5.09260853313207e-07,6.5
5.43,-0.1856401,0.9616107,9.65949611546328e-07,0.133028146838548,0.663818057242231,-2.15276010467785,-0.390969783305194,0.401529167541647,0.0733151592681037,-2.18078474265941,-1.40814079481385e-05,6.5
5.44,-0.2046959,0.9575406,3.95752745860629e-05,0.137879056277827,0.728601349969637,-2.29840948142643,-0.383683769805497,0.378545072727383,0.100702593235816,-2.12469117039153,-0.000393369754722925,6.5
5.45,-0.2219607,0.9533053,0.00167188138677073,0.142104053987814,0.798573227364535,-2.41698052715256,-0.375698037531852,0.354375267455857,0.131216927615547,-2.07242638625054,-0.0125508601059859,6.5
5.46,-0.2373683,0.9495535,0.0675765757970253,0.145730417707888,0.873351310742272,-2.5043709293486,-0.366964524424429,0.329331558162371,0.164940597740032,-2.02393179844583,-0.406960144483754,6.5
5.47,-0.2504166,0.9463961,0.968249613923324,0.14884732934272,0.956251625429836,-2.56163889493103,-0.357402008170131,0.303715169213061,0.203526705771741,-1.97846636220538,-4.79275939394082,6.5
5.48,-0.2609197,0.9438569,1.57138823733949,0.151533647559867,1.04755959106392,-2.59071181839866,-0.346926412259492,0.277808051029074,0.247435714876825,-1.93533441541447,-6.45312787939532,6.5
5.49,-0.268943,0.9419104,1.88654658961512,0.153852905713373,1.14534106323961,-2.5939834468096,-0.335473001627095,0.251868216560978,0.29618944798541,-1.89391972634849,-6.49906147528719,6.5
5.5,-0.2741807,0.9401826,2.2268048300655,0.155866111172661,1.25092607734063,-2.57680148135852,-0.322963740853689,0.226100201747393,0.350661240201537,-1.85341205563644,-6.49998218800581,6.5
5.51,-0.276556,0.9382526,2.59557867654757,0.157611258965388,1.36353102993687,-2.54460429436102,-0.30932843055432,0.200654158803783,0.410784394857955,-1.81312943197703,-6.49999965739444,6.5
5.52,-0.2760904,0.935677,2.98153907778073,0.159106161999912,1.48154985287522,-2.50267022265285,-0.294512932025568,0.175627456577255,0.476054645042189,-1.77252267081298,-6.49999999281681,6.5
5.53,-0.2726781,0.9320473,3.37947540983861,0.160350856906959,1.60455189744576,-2.45560061129167,-0.278467413051111,0.151071450464338,0.546344716159767,-1.73120932570826,-6.49999999983288,6.5
5.54,-0.2662313,0.9269825,3.78413985318849,0.161332561216559,1.73195144157402,-2.40740676262382,-0.26114789863537,0.1269973828381,0.621314535806759,-1.6889622849516,-6.49999999999561,6.5
5.55,-0.2565894,0.9200788,4.19017626396507,0.162030665961776,1.86379528504396,-2.36195720506419,-0.242509945784931,0.103377810787458,0.700689083110147,-1.64569233240086,-6.49999999999987,6.5
5.56,-0.2433162,0.9111814,4.59256903621472,0.162420879215171,2.00243280426583,-2.32064892454814,-0.222485617742273,0.0801713215419763,0.78476209126344,-1.60154152525603,-6.5,6.5
5.57,-0.2265484,0.9001538,4.97508503070335,0.162483458548327,2.14509770536303,-2.28457412488497,-0.201034640688642,0.0573255802931266,0.871722643365801,-1.55673891865482,-6.5,6.5
5.58,-0.2061331,0.8869104,5.32696789681396,0.162206603278007,2.29168318489013,-2.25425463267733,-0.178117808839741,0.0347830339663533,0.960567277142916,-1.511584776765,-6.5,6.5
5.59,-0.1818389,0.8716938,5.63949704574342,0.161588054898855,2.4427297887858,-2.22733330712742,-0.153690510951883,0.012509700895079,1.05031068399291,-1.46637209592028,-6.5,6.5
5.6,-0.1538003,0.8544732,5.90413019275973,0.160634797784158,2.59558992111827,-2.20395193790088,-0.1277346117407,-0.00952981848392974,1.13918184290746,-1.42137874818658,-6.5,6.5
5.61,-0.1221169,0.8352072,6.11735522807057,0.159363153390663,2.74812130324346,-2.1843038191386,-0.100253398708266,-0.0313728566753157,1.22588281199748,-1.37688724877287,-6.5,6.5
5.62,-0.08680985,0.814687,6.27964208895604,0.157780603079798,2.89903072841391,-2.16145370535618,-0.0712630914241266,-0.0529873937288775,1.30960228048875,-1.33272278435033,-6.5,6.5
5.63,-0.04817757,0.7930731,6.39364326506122,0.155898776429002,3.04479060436256,-2.1344451422318,-0.040815185380501,-0.0743318451511955,1.38960271681388,-1.28888352947479,-6.5,6.5
5.64,-0.006692667,0.7707127,6.46406167182113,0.153720882318392,3.18073195453763,-2.10084496197397,-0.00900786583512471,-0.0953402947709352,1.46556474447434,-1.24518369830259,-6.5,6.5
5.65,0.03675469,0.7471577,6.49640950374527,0.151286008170609,3.29911072517463,-2.06523829320224,0.0239832414166216,-0.115992677702958,1.53754843696454,-1.20209126203407,-6.5,6.5
5.66,0.08168109,0.7228279,6.49592249103572,0.148595824410553,3.39641456379179,-2.02445278629631,0.0579473870545395,-0.136237205565921,1.60622762158653,-1.15929619754297,-6.5,6.5
5.67,0.1275041,0.6979908,6.46649553573548,0.145652825332821,3.46874132219123,-1.97691913788552,0.0926348002764518,-0.156006396944776,1.67239895229404,-1.11657898311564,-6.5,6.49999999999999
5.68,0.1734312,0.6722957,6.41045380206269,0.142514527330394,3.51091752217808,-1.92650413923631,0.127743975498233,-0.175271438337139,1.73701889982124,-1.07446335253524,-6.5,6.49999999999997
5.69,0.2190829,0.6459613,6.32860331831018,0.139194006882544,3.52192813733048,-1.87192802320199,0.162963256871537,-0.193990718569159,1.80100707562367,-1.03276728738688,-6.5,6.49999999999988
5.7,0.2637605,0.6187343,6.22003395036821,0.135760457414,3.49836472444116,-1.81605961065091,0.197946904115949,-0.212151314675668,1.86543280834968,-0.991975709476068,-6.5,6.49999999999949
5.71,0.3074476,0.5909275,6.08317863905448,0.132215366863333,3.44313821632341,-1.75672015386176,0.232378286279183,-0.229718516214286,1.9309437508661,-0.951717410842848,-6.5,6.49999999999752
5.72,0.3504648,0.5631827,5.9168600636286,0.128501506643627,3.36199791868613,-1.68914817780067,0.265998265466044,-0.246609997992292,1.99770436739831,-0.911039600586015,-6.5,6.49999999998413
5.73,0.3918226,0.5349758,5.71604277660095,0.124715916050568,3.24929274159323,-1.61895233098299,0.298491192881977,-0.262799521302122,2.06709123321437,-0.870991623474021,-6.5,6.49999999988283
5.74,0.4313614,0.5061022,5.47630813982357,0.12087245301649,3.10711096356127,-1.54856722925525,0.329562302517589,-0.278285193594675,2.13972416951825,-0.832079061816187,-6.5,6.49999999906389
5.75,0.4690498,0.4772148,5.19339705954013,0.116805548318035,2.93866382100583,-1.47293820821618,0.358948940727648,-0.293014575676837,2.21598689226187,-0.793155039466055,-6.5,6.49999999039931
5.76,0.5050459,0.4480842,4.86473949213057,0.112510032362391,2.74868648055291,-1.39497263999361,0.386435805533177,-0.306964302076773,2.29581914258188,-0.754825970746135,-6.5,6.4999998821787
5.77,0.5391027,0.418955,4.48610487174919,0.107864131170731,2.53823846030244,-1.31332132178347,0.411818190136201,-0.320097515294607,2.37970652764719,-0.716710346792405,-6.5,6.49999814726392
5.78,0.5713557,0.3898654,4.05795334867505,0.102779766431451,2.31167687026939,-1.22852863286202,0.434934958838895,-0.332382801623228,2.46726938075133,-0.678870280704278,-6.5,6.49996227425148
5.79,0.6019099,0.3608728,3.58345394248195,0.0971405072845976,2.07285114358294,-1.14095392619094,0.455663470274725,-0.343792340885137,2.5579280289442,-0.641322715298586,-6.5,6.49898638325447
5.8,0.6309234,0.3321017,3.06693197409707,0.0904237825189451,1.82582203777793,-1.05037576495221,0.473921690652504,-0.354296098534659,2.65072092028229,-0.603925720963051,-6.49999999999989,6.46256802319248
5.81,0.6585271,0.3035955,2.51235461762984,0.0648025760551325,1.57413633702111,-0.957301544469104,0.489663054022715,-0.36386911397935,2.74453500728263,-0.566728761645041,-6.49999999990922,4.98591939357548
5.82,0.684945,0.2754866,1.93398409288306,0.00314599709567972,1.32186613405729,-0.861458497015278,0.502881715363288,-0.372483698949503,2.83786376820477,-0.529558193497809,-6.4999998068171,0.261625555062233
5.83,0.7100778,0.2476642,1.36127306056829,2.70483250252336e-05,1.07000115731152,-0.764682049545534,0.513581726936403,-0.380130519444958,2.93011352230365,-0.492851958896446,-6.49876231739597,0.00242371425552767
5.84,0.7344273,0.220533,0.183498712404033,1.31784624025009e-07,0.824541942599396,-0.664284279227878,0.521827146362397,-0.386773362237237,3.01899019507521,-0.455700943217273,-1.47563140552407,1.25939005116005e-05
5.85,0.757589,0.1937258,1.10318638933106e-06,4.73606927462569e-10,0.583255838983419,-0.564383510824321,0.527659704752231,-0.39241719734548,3.10513124458702,-0.419255453518349,-3.96617279844793e-05,4.71431208419752e-08
5.86,0.7797521,0.1675272,-7.39101493201136e-12,1.2042180571413e-12,0.349101053638705,-0.463212925261004,0.531150715288618,-0.39704932659809,-3.09568291991779,-0.382863920206128,-9.38100489641666e-10,1.20987944656167e-10
5.87,0.8007631,0.1418954,5.8734833299087e-16,2.69326524646863e-15,0.121835688338642,-0.361937565262444,0.532369072172005,-0.400668702250715,-3.01686962037623,-0.346789226473333,-4.76229730606677e-13,2.69247368269642e-13
5.88,0.8206387,0.1170258,-1.34254534389737e-15,7.11317857169896e-18,-0.0973708102523929,-0.25961281816398,0.531395364069481,-0.403264830432355,-2.94179518652932,-0.310607391684581,-2.76921206625005e-13,7.19642044914895e-16
5.89,0.8390997,0.09285851,-1.35545450029641e-12,4.73365655558144e-20,-0.310004626139452,-0.157549401358629,0.528295317808086,-0.404840324445941,-2.87021222172103,-0.274635864397357,-1.47723535732992e-10,5.10761140748072e-18
5.9,0.856934,0.07064435,-9.24857668404734e-09,1.6634714127395e-21,-0.508436423834588,-0.0458220889913434,0.52321095356974,-0.405298545335854,-2.8025486286235,-0.235302650272831,-9.24600106603943e-07,2.18557257696472e-19
5.91,0.87085,0.04656636,-0.000153239797743752,1.03837770938741e-21,-0.720328197549669,0.0415559352490291,0.516007671594244,-0.404882985983364,-2.73078460766393,-0.204391503906242,-0.0153291796572763,1.96411338700416e-19
5.92,0.8847085,0.02555286,-0.0622878462830115,3.92528931581312e-21,-0.91032505269235,0.147877658557555,0.50690442106732,-0.403404209397788,-2.66588157369873,-0.166506811787128,-5.76149816475716,2.94352676873683e-18
5.93,0.8942031,0.002469123,-0.0807729012246499,-8.86588378156407e-20,-1.11538890086138,0.227189016555009,0.495750532058706,-0.401132319232238,-2.59637294528164,-0.138105432182933,-6.49969503552171,9.95428426667897e-17
5.94,0.9025909,-0.0187237,-0.0920814324710671,-6.92607987741845e-18,-1.30518182499215,0.314851485812667,0.482698713808785,-0.397983804374112,-2.53103488662359,-0.106269439567051,-6.49999956600073,1.21142257271896e-14
5.95,0.9086689,-0.0396792,-0.102214902700875,5.14847022918819e-15,-1.48981443854613,0.395495777209916,0.467800569423323,-0.394028846602012,-2.46669392098812,-0.0765753930834552,-6.49999999863429,1.43049029554648e-12
5.96,0.9126202,-0.06035781,-0.110487923620873,9.11309841629622e-13,-1.66683453054262,0.469480067548908,0.451132224117897,-0.389334045926523,-2.40378250371984,-0.0488703095459604,-6.49999999999107,1.19197986792175e-10
5.97,0.9162046,-0.0791724,-0.117104362686824,8.74638776763122e-11,-1.82070062282558,0.550316588641216,0.432925217889641,-0.383830880040111,-2.34566261390176,-0.0178642544432297,-6.49999999999984,1.40422092288375e-08
5.98,0.9154456,-0.1002408,-0.12339279072076,-3.00347180319785e-10,-1.98592656570975,0.601890146490256,0.413065952232544,-0.377811978575209,-2.28421184653336,0.00235397054231967,-6.5,2.48594225663636e-07
5.99,0.9150101,-0.1190094,-0.128715854655947,-1.55400715523096e-07,-2.12082682666917,0.664973462360649,0.391857683965852,-0.371162243951602,-2.2282408113265,0.027794971347607,-6.5,7.90128194385348e-06
6,0.9136673,-0.1366886,-0.133567188351909,-1.00736597669358e-05,-2.23740367866511,0.727865367558067,0.369483647179201,-0.363883590276022,-2.17471296486132,0.0539877296439117,-6.5,0.000217578563760926
6.01,0.911812,-0.1528696,-0.13796011538581,-0.000480452436357607,-2.33301138329326,0.793600932417249,0.346153533346269,-0.355947580951849,-2.12372242780371,0.0823130677402146,-6.5,0.0060638353864719
6.02,0.9093496,-0.1675664,-0.141935327286028,-0.0179047146694188,-2.40952243653206,0.861345574054148,0.322058308980948,-0.347334125211308,-2.07459114646528,0.11261591330142,-6.5,0.157385896301368
6.03,0.906315,-0.1804918,-0.1455157524364,-0.387729492693202,-2.46769069787753,0.932879854096505,0.297381402002173,-0.338005326670342,-2.02691961731094,0.145863464953277,-6.5,2.62381969094485
6.04,0.9028119,-0.1913355,-0.148718288579525,-1.13343035107496,-2.50775860859841,1.00999428530293,0.272303815916189,-0.327905383817313,-1.98043543598689,0.183103961789103,-6.5,6.19247024773377
6.05,0.8986624,-0.199859,-0.151578380438034,-1.44278094622443,-2.53246139591823,1.09367918904063,0.246979201957006,-0.316968591926907,-1.9345770416112,0.225108453909497,-6.5,6.49018073258651
6.06,0.8936613,-0.2059497,-0.154118220695009,-1.73652072796051,-2.54464267535906,1.1837207430644,0.221532775203416,-0.305131384496263,-1.88886191810903,0.272152501464266,-6.5,6.49971689351052
6.07,0.8877026,-0.2091133,-0.156342041909695,-2.07289078473609,-2.54615784728886,1.28311382532078,0.196071196730527,-0.292300246243055,-1.84299818837929,0.325949469670655,-6.5,6.49999291498399
6.08,0.8804578,-0.2092089,-0.158252520573535,-2.44921315187516,-2.5406619626584,1.39152977490799,0.170664577103943,-0.278384948493975,-1.79658710180319,0.386713921360163,-6.5,6.49999983698874
6.09,0.8717905,-0.2058365,-0.159834359879559,-2.86172127380059,-2.52992583096954,1.51079825885603,0.145365318794248,-0.263276965905415,-1.74950025722508,0.455498807646745,-6.5,6.49999999662881
6.1,0.8615205,-0.1986496,-0.161068514336661,-3.30420124817421,-2.51597630474392,1.64205645790407,0.120205555746808,-0.246856401326374,-1.70166327627711,0.532800662147485,-6.5,6.49999999993678
6.11,0.8495936,-0.1872455,-0.161932608753187,-3.77094718791307,-2.49962382064657,1.78673328698476,0.0952093175403427,-0.228989068456527,-1.65314957741801,0.61880967295285,-6.5,6.49999999999892
6.12,0.8360128,-0.1713451,-0.16240718811652,-4.24890411088849,-2.48114221908653,1.94498584800065,0.0703978953494774,-0.20953920997652,-1.60409575484703,0.712580655067301,-6.5,6.49999999999998
6.13,0.8208137,-0.1507451,-0.162478219028209,-4.71735880360429,-2.46052008327694,2.11621521698518,0.0457926945167081,-0.188377057806668,-1.55466544145726,0.812250951306445,-6.5,6.5
6.14,0.8040646,-0.1253357,-0.162138056449137,-5.15245384596184,-2.43748408150182,2.29898064358613,0.0214178537016898,-0.165387251370807,-1.50502837647124,0.915213706428551,-6.5,6.5
6.15,0.7861351,-0.09519225,-0.161384565726776,-5.53333831422513,-2.40925065786817,2.49030950712235,-0.00267465287699183,-0.140484156299583,-1.45529542691602,1.01836200282677,-6.5,6.5
6.16,0.7662898,-0.06105705,-0.160226428205968,-5.845003327976,-2.38265679660536,2.68176409653574,-0.0265012208430454,-0.113666515334226,-1.4057934939666,1.11792327422852,-6.5,6.5
6.17,0.7460004,-0.02275501,-0.158659205675518,-6.08880787943743,-2.34527860395057,2.87339359954713,-0.0499540068825511,-0.0849325793387547,-1.35614009104178,1.21311529095362,-6.5,6.5
6.18,0.7241573,0.01834656,-0.156712392933687,-6.26626533635771,-2.3076520119548,3.05216918815874,-0.0730305270020991,-0.0544108874571674,-1.30697153308088,1.30174471102691,-6.5,6.5
6.19,0.7011548,0.06163348,-0.154401952570904,-6.38714728946751,-2.26670252239537,3.21264040617358,-0.0956975522260528,-0.0222844833954316,-1.25822503046365,1.384135709762,-6.5,6.5
6.2,0.6769832,0.1061583,-0.151757602575119,-6.46084168223667,-2.22305743261848,3.34712691301109,-0.117928126552238,0.0111867857346794,-1.21006466525891,1.46094706600068,-6.5,6.5
6.21,0.6515812,0.1511652,-0.148820382080549,-6.49545732849746,-2.17774247467042,3.45040843541834,-0.139705551298942,0.0456908700888628,-1.16271440078356,1.53339837486903,-6.5,6.5
6.22,0.6250747,0.1960908,-0.145625727905961,-6.49666055696022,-2.13012661829426,3.51956410123517,-0.161006817481884,0.0808865111012145,-1.11620167245254,1.60286067891714,-6.5,6.5
6.23,0.5975835,0.240556,-0.14220987350097,-6.467644840392,-2.0796993315626,3.55372680578779,-0.18180381079751,0.116423779159092,-1.07052764951904,1.67063963339178,-6.5,6.5
6.24,0.5694078,0.2843913,-0.138588677499502,-6.40955026041906,-2.02448927922346,3.55412887095476,-0.202048703589745,0.15196506786864,-1.02542294893162,1.73785734891786,-6.5,6.5
6.25,0.5400913,0.3267682,-0.134867176103959,-6.32143702318363,-1.9691159309502,3.51656410190782,-0.221739862899247,0.187130708887718,-0.981674746099946,1.8057922125382,-6.49999999999999,6.5
6.26,0.5107242,0.3684605,-0.130950997018343,-6.20196109315576,-1.90474401093154,3.45102239327207,-0.240787303008562,0.221640932820439,-0.937719252252517,1.87486521586998,-6.49999999999996,6.5
6.27,0.4823177,0.4103491,-0.126719458202586,-6.05088256736728,-1.82401859717387,3.36775941218994,-0.259027488980301,0.255318526942338,-0.891994541345067,1.94479312873822,-6.49999999999965,6.5
6.28,0.4535823,0.4506495,-0.122358535236769,-5.86225202311337,-1.73975836266223,3.25371738490644,-0.276425072606923,0.287855700791403,-0.846895457238413,2.01756550598141,-6.49999999999671,6.5
6.29,0.4251162,0.4897243,-0.117695265215355,-5.63304248987404,-1.64777723745932,3.1153484180921,-0.292902844981516,0.319009184972324,-0.80145818759728,2.09327497564459,-6.49999999995732,6.5
6.3,0.3970503,0.5275091,-0.112598319943803,-5.35926920330518,-1.54824840284514,2.9551189037249,-0.308385329009968,0.348560374009573,-0.755583937881599,2.17230503069071,-6.4999999992085,6.5
6.31,0.3693825,0.5638412,-0.106928028542692,-5.03641419566336,-1.44250540029688,2.77461203891016,-0.322810383012937,0.376306494398674,-0.709445834289817,2.25509618510448,-6.49999997879265,6.5
6.32,0.3420812,0.5986992,-0.100523607552046,-4.66154800759564,-1.33206462054562,2.57662054338382,-0.336131029218393,0.402072699832512,-0.663289568742696,2.34173078606235,-6.49999917504871,6.5
6.33,0.3151216,0.6319686,-0.0932302490453166,-4.23268738826896,-1.21828844015302,2.36303917121319,-0.348313913619923,0.425703091544644,-0.617351458743597,2.43230731953906,-6.49995297605763,6.5
6.34,0.2884677,0.6636711,-0.0853295021418953,-3.75171903182853,-1.10254397941765,2.13686842162202,-0.3593393534141,0.447071775760865,-0.57189554837008,2.52642609729204,-6.49604826269758,6.5
6.35,0.2621027,0.6938386,-0.0722495503423562,-3.22224744981004,-0.985936303567804,1.90103275271165,-0.369198716449778,0.466082103287981,-0.527135816466342,2.62340336007311,-6.03893507498249,6.49999999999998
6.36,0.2359834,0.7224995,-0.00467313280091957,-2.64664866732896,-0.869704717651388,1.65824997596946,-0.377895763626292,0.482664603047676,-0.483342724636662,2.72232660930066,-0.426339327776419,6.49999999999114
6.37,0.2100688,0.7497327,-1.7178058705355e-05,-2.0334855796889,-0.75496147673433,1.41148734482449,-0.385445378393635,0.496779476495921,-0.440766814851209,2.82195175626693,-0.00167493972911265,6.49999998848823
6.38,0.184273,0.7755058,-4.50263944613737e-08,-1.41545226989889,-0.643096863036206,1.16254756789736,-0.391876347023997,0.508404952174894,-0.399760334078156,2.92129230137227,-4.52045764865384e-06,6.49995611516338
6.39,0.1587373,0.8000216,-9.04087752290199e-11,-0.74932356330465,-0.533442961057297,0.915089566706747,-0.39721077663457,0.517555847841962,-0.360035026597138,3.01863197588008,-9.05241683461409e-09,6.00776691332079
6.4,0.1333607,0.8232812,-1.66445168257374e-13,-4.22304481308479e-05,-0.427420270024157,0.670745625647548,-0.401484979334811,0.524263304098437,-0.321964592513662,3.1130610759501,-1.67121325549608e-11,0.00207733099815529
6.41,0.1080638,0.8451628,-3.83067685690994e-16,1.79557794706737e-10,-0.326120623336735,0.429951913814442,-0.404746185568179,0.528562823236582,-0.285833535727195,-3.07891366192392,-4.01797866971963e-14,3.02980232657266e-08
6.42,0.08291485,0.8657442,-1.63315840874106e-18,-4.18816901872331e-16,-0.22926452343453,0.194770983968766,-0.407038830802524,0.530510533076269,-0.251476693925654,-2.99168427712917,-1.93380663324358e-16,2.6333572964893e-12
6.43,0.05777624,0.8847358,-2.3044000031097e-20,9.10252380156823e-16,-0.13830423143888,-0.036054873417811,-0.408421873116913,0.530149984342091,-0.219318857113404,-2.9078178432612,-3.52394306214652e-18,1.21046626106716e-13
6.44,0.03289763,0.9022716,-1.35574414753709e-21,1.87878292073517e-13,-0.0512598864482996,-0.26011939419805,-0.408934471981396,0.527548790400111,-0.188612456263211,-2.84891381922936,-3.6717268328358e-19,1.94477301318698e-11
6.45,0.007863641,0.9176474,-2.04699592961482e-22,2.59190988474551e-09,0.0280948179856253,-0.482359063605493,-0.40865352380154,0.522725199764056,-0.160615286708088,-2.77333971911375,-2.70316441170921e-19,2.59887701614754e-07
6.46,-0.01704149,0.93098,1.01715890875382e-21,6.21832041816635e-05,0.102262035681257,-0.700353149342725,-0.407630903444727,0.515721668270628,-0.134403051106249,-2.69989085949393,-9.74854304408382e-19,0.00605628272475235
6.47,-0.04180112,0.9420466,8.5099640447782e-21,0.0682797351324225,0.171309559372922,-0.914786543148999,-0.405917807850998,0.506573802839139,-0.1099058521255,-2.6280901146812,-1.03385507582522e-17,5.87090326593279
6.48,-0.06668171,0.9504447,-2.86482511632505e-19,0.0875767658817253,0.232945188137144,-1.12782676112704,-0.403588355969626,0.495295535227868,-0.0879218611540528,-2.55710118413186,-1.70514096226891e-16,6.49980678705652
6.49,-0.09129826,0.9563526,-1.81596668224177e-17,0.0991280969859084,0.290618993466722,-1.33654990423038,-0.400682166034959,0.481930036185564,-0.0671751224350066,-2.48758629408713,-3.48588874614605e-15,6.49999984634837
6.5,-0.1156522,0.959743,-5.45796565227642e-16,0.10853681036736,0.344255787179719,-1.54004508829917,-0.397239608163162,0.466529585302573,-0.0476655891795122,-2.41957742711631,-7.04500984968751e-14,6.49999999969592
6.51,-0.1392595,0.9609534,-1.23320975543408e-14,0.116226821480362,0.397911406481356,-1.73442634916337,-0.393260494098348,0.449185321810939,-0.0278450634413355,-2.35377251171994,-1.5888444227685e-12,6.49999999999859
6.52,-0.1628873,0.9598505,-1.00779899521964e-13,0.12284752897376,0.444739529368348,-1.92018227614447,-0.388813098804665,0.429983499049494,-0.0102597290358759,-2.28975704322005,-2.41312980921112e-11,6.49999999999999
6.53,-0.1849498,0.9575346,3.34086358692155e-12,0.128624676203132,0.49837252815847,-2.08737982767084,-0.38382937352308,0.409109700772786,0.0103249482375506,-2.2292249267677,-5.58559104451763e-10,6.5
6.54,-0.2057852,0.9541824,3.56562871518307e-10,0.133821919839463,0.555010415510793,-2.23487533857505,-0.378279269367972,0.386760947387035,0.0325893732886956,-2.17183119465624,-1.48080745979044e-08,6.5
6.55,-0.224705,0.9504835,3.02098068537043e-08,0.138441542045047,0.619810237345305,-2.3574210419835,-0.372081166994519,0.3631867369672,0.0587104887533757,-2.11794423723358,-5.85245430820027e-07,6.5
6.56,-0.2412889,0.9467105,3.22044496634965e-06,0.14251124867946,0.695170029806789,-2.45392216387445,-0.365129466696451,0.338647515328456,0.0898977376497288,-2.06717178695323,-3.65310840819548e-05,6.5
6.57,-0.2554487,0.9435261,0.000400582128017549,0.146038876122989,0.780406781643876,-2.52026358321073,-0.357325398880013,0.313444879496348,0.126199946933486,-2.019609277633,-0.00312758859832326,6.5
6.58,-0.2670112,0.9408317,0.053696994003913,0.149111830524692,0.875538290081224,-2.55933890202383,-0.3485700159792,0.28785149047611,0.167975702345301,-1.97440369792816,-0.317903725496672,6.5
6.59,-0.2758482,0.9390211,1.19197899699759,0.1517667085149,0.980126285767724,-2.56982546811368,-0.338768753121523,0.262153235794973,0.215417294705098,-1.93137243917948,-5.59179972418153,6.5
6.6,-0.2819799,0.9380189,1.70940260525455,0.154065145915697,1.092450603885,-2.55469321536723,-0.327844247082673,0.236606303641301,0.268174430185431,-1.88987975213984,-6.49096434655884,6.5
6.61,-0.2855345,0.9376584,2.07008577243538,0.156055263199915,1.2099655741683,-2.51761714451723,-0.31574459134099,0.211430132196129,0.325504524495981,-1.84931803401385,-6.49990901021228,6.5
6.62,-0.2865541,0.9377047,2.45083668572497,0.15777054665986,1.33102717787924,-2.46269764051554,-0.302434319562198,0.186803155790973,0.386979249134201,-1.80912489122679,-6.49999885972418,6.5
6.63,-0.2853417,0.9380248,2.83676752494731,0.159226386434987,1.45190430292995,-2.39295607066199,-0.287915276532898,0.162873595084353,0.45125159517662,-1.76890340787111,-6.4999999801736,6.5
6.64,-0.2819695,0.9381847,3.22043344071838,0.160432529743365,1.57112736873095,-2.3138077416149,-0.272204002845589,0.139735517668204,0.517867439448804,-1.72812461705126,-6.49999999952001,6.5
6.65,-0.2765064,0.9378029,3.5982460326421,0.161382232417358,1.68738592522762,-2.22983710230854,-0.255330143593312,0.117437146645119,0.586407288477041,-1.68641811075469,-6.49999999998392,6.5
6.66,-0.2696536,0.9357668,3.95652360704337,0.162060808548479,1.79417226208754,-2.15145287011837,-0.237388420972437,0.0959226179439353,0.654451560419507,-1.64324624356149,-6.49999999999915,6.5
6.67,-0.259693,0.933704,4.32170714911335,0.16243223803981,1.90598599202322,-2.0649711607207,-0.218328561052205,0.0752729063367283,0.72748826640789,-1.5992489637476,-6.49999999999995,6.5
6.68,-0.2476241,0.9298702,4.6703997980971,0.162476469080607,2.01316010582394,-1.98643401067406,-0.198196959993966,0.0554085662299877,0.80181631206629,-1.55402994294508,-6.5,6.49999999999999
6.69,-0.2340096,0.923662,4.99168056826098,0.162169143038041,2.11055447181304,-1.92081883386896,-0.177091415275835,0.0362003778912981,0.875694481331805,-1.50791710230086,-6.5,6.49999999999996
6.7,-0.2174678,0.9157876,5.29753065945972,0.161497731214216,2.20991798799716,-1.86149851272503,-0.154992235395863,0.0175853927640478,0.952714315991345,-1.46131763678365,-6.5,6.49999999999979
6.71,-0.1982985,0.9057867,5.57712594065923,0.160466088706026,2.30782135399582,-1.81223797250144,-0.131914021855905,-0.000536986960966681,1.0313324435071,-1.41475302949549,-6.5,6.4999999999992
6.72,-0.176405,0.8935226,5.82535674373254,0.159096505789158,2.40447607184799,-1.77367196547657,-0.107869261137425,-0.0182737066157324,1.11106295120327,-1.36878205575361,-6.5,6.49999999999767
6.73,-0.1513213,0.8792811,6.03921606623665,0.157418437402614,2.50318886952457,-1.74273306454024,-0.0828373724421797,-0.0357010372611348,1.19191551585716,-1.32370012493992,-6.5,6.49999999999442
6.74,-0.1230913,0.8631021,6.21351201487422,0.15547250765771,2.6026801828218,-1.71863591426902,-0.0568105706139617,-0.052887396403825,1.27272258166446,-1.2798385937645,-6.5,6.49999999998895
6.75,-0.09161614,0.8452607,6.34598571988892,0.153292585566949,2.70296890151681,-1.69862440879355,-0.0297808815987936,-0.0698736404917605,1.35262005116978,-1.23722861398027,-6.5,6.49999999998052
6.76,-0.0570641,0.8259904,6.43626119813564,0.150908133006012,2.80181653116298,-1.68049436921606,-0.00176271628716383,-0.0866785841839211,1.43060400159184,-1.19581449963188,-6.5,6.49999999996748
6.77,-0.01974095,0.8054273,6.48635346875425,0.148348976306572,2.89602344043845,-1.66304037019146,0.0271975181172207,-0.103308987885836,1.50596961109173,-1.15556733423141,-6.5,6.49999999994679
6.78,0.02032547,0.7843806,6.49980789957403,0.145576508206296,2.98503108780418,-1.63946631547579,0.0570478289952624,-0.119703651040594,1.57848642842268,-1.11551699722592,-6.5,6.49999999989527
6.79,0.06139871,0.7613338,6.48057822749704,0.142779186500523,3.05398014826222,-1.62323185457579,0.0875876304778846,-0.135935969586351,1.64813905790077,-1.07790241011194,-6.5,6.4999999998348
6.8,0.1042389,0.7378569,6.43219317613452,0.139815833510118,3.11042102042538,-1.60054775030693,0.118691840682138,-0.151941447089421,1.71540079204419,-1.04038795604773,-6.5,6.49999999968226
6.81,0.1477272,0.7132967,6.35700192873086,0.136799532542706,3.14554166201161,-1.57760488573,0.150147257302255,-0.167717495946721,1.78099522894446,-1.00410891070703,-6.5,6.49999999938201
6.82,0.1913933,0.6877276,6.25604660452418,0.133753552936297,3.15688044005229,-1.55392708644816,0.181716061702777,-0.183256766811202,1.84570273488889,-0.968987224208488,-6.5,6.4999999987657
6.83,0.2356633,0.662009,6.13063166153526,0.130571205232076,3.14989689217816,-1.52246210902792,0.213215030624559,-0.198481387901482,1.90961492201665,-0.93354606006283,-6.5,6.49999999681868
6.84,0.2782863,0.6343617,5.97608768480126,0.127583282324745,3.10719478458196,-1.49907186904561,0.244286978470379,-0.213472106591938,1.97513094993108,-0.901185756890281,-6.5,6.49999999363466
6.85,0.3214228,0.6072821,5.79677543459456,0.124336971740581,3.05021405742062,-1.46214654381314,0.274789119044585,-0.228093572030069,2.04034330466091,-0.867071565092414,-6.5,6.49999997994095
6.86,0.3626779,0.5786699,5.58343675814788,0.121224325711051,2.96036644178577,-1.43077705244952,0.304392783462443,-0.242401342554564,2.1083675998906,-0.835559927071456,-6.5,6.49999994665844
6.87,0.403014,0.5499128,5.33769508446972,0.117942227423149,2.84910625406481,-1.39297927444857,0.332883846003091,-0.25633113529905,2.1781415778172,-0.803784520900973,-6.5,6.49999982047885
6.88,0.4417882,0.5205747,5.05410463722151,0.114564403833593,2.71357297097988,-1.35320938438646,0.36001957571289,-0.269863229142914,2.25078470327553,-0.772789457617785,-6.5,6.49999933743354
6.89,0.4789792,0.4908332,4.73046211201327,0.111024972877246,2.55654744940098,-1.31038699787526,0.385585050206899,-0.282967099121667,2.32640971521546,-0.742265365621803,-6.5,6.4999971939411
6.9,0.5144558,0.4607283,4.36457050270235,0.107286970976754,2.37980891726151,-1.26470182091595,0.409383139379514,-0.295614117330826,2.40523721487393,-0.712216821819991,-6.5,6.49998632438942
6.91,0.5482576,0.4303284,3.95713994156332,0.103302303116332,2.18656267307706,-1.21611005080526,0.431248766110285,-0.307775217838879,2.48702121514221,-0.682585904728371,-6.5,6.49992233778793
6.92,0.5804618,0.3997323,3.5111538760493,0.0990047032856251,1.98017836832907,-1.16433738561797,0.451050549793576,-0.319418591695059,2.57126176001343,-0.653250486649866,-6.5,6.4994738598054
6.93,0.6111308,0.3690335,3.02894434276778,0.0942964787879084,1.76371436316126,-1.10919720987244,0.468687693425188,-0.330510563793783,2.65732982265051,-0.624107559873499,-6.49999999999944,6.49564885798014
6.94,0.6408978,0.3388996,2.52228140661835,0.0884298280398257,1.54484330966557,-1.04570489923683,0.484136126521844,-0.340967612786152,2.7429035185406,-0.593730387270063,-6.49999999977534,6.44482382006969
6.95,0.6698779,0.3093526,2.0020597998172,0.0714957076084754,1.32625417799426,-0.974797962955442,0.497398668301787,-0.350715592415706,2.8269792486301,-0.562300717671682,-6.49999982105658,5.5514483958609
6.96,0.6961622,0.2780473,1.45690841818686,0.0256610213124377,1.09338770635706,-0.917339105039275,0.508332545365357,-0.359888983466099,2.91452030466126,-0.535679204882078,-6.49943827666142,2.10675512480625
6.97,0.7229049,0.2488371,0.671856876765039,0.000976229812676276,0.875588246585444,-0.840093387072024,0.517088427831212,-0.368289917336819,2.99536133047365,-0.50422827612909,-4.53553201834607,0.0855362676799917
6.98,0.7485464,0.2200672,7.64600095510433e-05,1.74679184992011e-05,0.659989670581581,-0.759192035102629,0.523688324537027,-0.375881837687845,3.0739833716215,-0.47254875202036,-0.00123531777028913,0.00162468362149765
6.99,0.7730684,0.1918502,-2.42773318933618e-10,2.00877057732932e-07,0.447754068690692,-0.674537906039291,0.528165865223934,-0.382627216748238,-3.13309368104153,-0.440513461663675,-6.78164969825182e-08,1.95923907409746e-05
7,0.7964368,0.1646329,-3.11936284286776e-14,1.23326731398305e-09,0.239789526486845,-0.583254634126867,0.530563760488803,-0.388459763089507,-3.05964089839779,-0.407133009446408,-1.16898031208847e-11,1.23558695002119e-07
7.01,0.8184709,0.1383547,-1.23677824652663e-17,4.37600065043402e-12,0.0356703952470312,-0.487033257787893,0.530920464441273,-0.393330095667386,-2.98846371908211,-0.372788583211136,-1.29803369139298e-13,4.39107475112191e-10
7.02,0.8384909,0.1128054,-2.17833001626804e-16,1.14258338353101e-14,-0.169215542441982,-0.388718724292623,0.529228309016853,-0.397217282910312,-2.98728510260532,-0.338238920608112,-1.12696260260354e-12,1.1423316837467e-12
7.03,0.8563692,0.08813249,-1.45811318084701e-11,2.7773140405922e-17,-0.374440024381961,-0.287920566210964,0.525483908773034,-0.400096488572422,-2.91098446690093,-0.303227106051289,-1.99104981340918e-09,2.83121826709765e-15
7.04,0.8716196,0.06401828,-2.69687688105444e-07,1.36221594259763e-19,-0.582619000513624,-0.188220621262502,0.519657718767897,-0.401978694785047,-2.83381593757593,-0.26879635724566,-2.7356410902955e-05,1.49738539099715e-17
7.05,0.8852235,0.04163253,-0.00229719776272364,2.28581626149008e-21,-0.783782445692516,-0.0803591420472216,0.511819894310972,-0.402782286205519,-2.75923018454383,-0.231712299846027,-0.230790256299707,3.09187258347665e-19
7.06,0.893916,0.01762133,-0.0686218252919317,5.88081434743192e-22,-1.00454946565593,0.00596035638032077,0.501774399654413,-0.402722682641716,-2.67818020844543,-0.201945257957628,-6.48029380003147,1.16304334184263e-19
7.07,0.9020866,-0.003742545,-0.079490850199748,7.79675823927321e-22,-1.20479424408531,0.107960454561194,0.48972645721356,-0.401643078096104,-2.60400283266686,-0.166646040487716,-6.49998720608144,5.78558888323459e-19
7.08,0.9052247,-0.02697416,-0.0931707938724653,-8.56021010335771e-21,-1.42274258811088,0.185557107434335,0.475499031332451,-0.39978750702176,-2.52459859325506,-0.139699642045526,-6.49999998983931,1.05337084404521e-17
7.09,0.9077742,-0.04782731,-0.10427445114275,-7.49929172898235e-19,-1.61798536767786,0.27604795672756,0.459319177655672,-0.397027027454485,-2.45200512428399,-0.107879404278929,-6.49999999996668,1.08531392360382e-15
7.1,0.9082946,-0.06829078,-0.113057176884831,5.24370531761069e-16,-1.80314379442689,0.360952137047398,0.441287739711403,-0.393417506084011,-2.38204895820256,-0.0776414203054085,-6.49999999999976,1.53625858529344e-13
7.11,0.907756,-0.08709714,-0.120164061155352,2.83623814132684e-13,-1.96958137121084,0.450823154705752,0.421591925999295,-0.388909274536953,-2.31646843594078,-0.0450189937381352,-6.5,3.57332490046851e-11
7.12,0.9062955,-0.104464,-0.126227043712735,3.81161350414641e-11,-2.11652102091774,0.542773567260305,0.400426715790118,-0.38348153886435,-2.25480182873308,-0.0108789725823656,-6.5,8.71255319560326e-09
7.13,0.9040007,-0.1200577,-0.13161903174003,-3.78966916081711e-08,-2.24380607190438,0.638788134643832,0.377988655071074,-0.377093657517912,-2.19649822006631,0.0257361628534555,-6.5,2.12281755429611e-06
7.14,0.9013649,-0.1335874,-0.136440330850547,-2.98972904611426e-05,-2.3480216965007,0.740291503108324,0.354508438106067,-0.369690742486829,-2.14169729534556,0.065635844322436,-6.5,0.000501685689362293
7.15,0.898143,-0.144931,-0.140774846950843,-0.0114326372838295,-2.43240997214595,0.847126705857754,0.330184338384607,-0.361219475428251,-2.0892906901985,0.109066373549404,-6.5,0.104021731966059
7.16,0.8944082,-0.1538592,-0.144648627707398,-0.772649098040993,-2.49740761738197,0.960010079330523,0.305210262210788,-0.351619374634946,-2.03882635607961,0.156644742565298,-6.5,4.88463632005437
7.17,0.8899833,-0.1601994,-0.14811178832371,-1.34233896602514,-2.54565527517827,1.07907610933459,0.279753709459005,-0.3408286135416,-1.98958076164698,0.208784222039173,-6.5,6.48660509872903
7.18,0.8846091,-0.1637403,-0.151203978038379,-1.69825536757144,-2.58038123976197,1.2047274444637,0.253949897061385,-0.328781339096963,-1.94087222312498,0.266008643624883,-6.5,6.49990261022297
7.19,0.8781172,-0.1641556,-0.153940228393286,-2.09304535336571,-2.60387391228493,1.33825231220437,0.227911157938536,-0.315398815974919,-1.892263339961,0.329177843628696,-6.5,6.4999992073244
7.2,0.8703137,-0.1611383,-0.156324224629253,-2.52381463111916,-2.61852268033341,1.48060543570638,0.201725931135202,-0.300592761617855,-1.84339494168196,0.398941258502943,-6.5,6.4999999928811
7.21,0.8610469,-0.1542899,-0.158346939798162,-2.98138721961987,-2.62622312159776,1.63337055821251,0.175463699919224,-0.28425905603573,-1.79405046288875,0.476028419695134,-6.5,6.49999999993165
7.22,0.8502585,-0.1432039,-0.159990656029453,-3.45905118305278,-2.62797466706331,1.79798217325399,0.149183953248591,-0.266279234303191,-1.74416668307499,0.560794630323951,-6.5,6.49999999999931
7.23,0.8379898,-0.1275252,-0.161235453015171,-3.9484397659031,-2.62389730327047,1.97523775670764,0.122944980215886,-0.246526856736114,-1.69378502426885,0.652880199414907,-6.5,6.49999999999999
7.24,0.8242115,-0.10709,-0.162064628824708,-4.43344829834539,-2.61473344087287,2.16415934359152,0.0967976458071578,-0.224885263300199,-1.64293031461114,0.750751724902725,-6.5,6.5
7.25,0.8090103,-0.0816881,-0.162463436393687,-4.89397386206355,-2.60022344916933,2.36415723820448,0.0707954113154645,-0.201243690918154,-1.5916963751383,0.852573110233995,-6.5,6.5
7.26,0.7925256,-0.05149874,-0.162421494722301,-5.30745644018444,-2.57972321845993,2.57133117442508,0.0449981791308652,-0.175530379173903,-1.54017095985315,0.95535240618474,-6.5,6.5
7.27,0.775246,-0.01664835,-0.161931771119892,-5.65990180624978,-2.54975384868268,2.78249881523259,0.0195006406440385,-0.147705391021577,-1.48838227457113,1.05665742249339,-6.5,6.5
7.28,0.7565041,0.02189026,-0.160991451696031,-5.94220213265399,-2.51690142596536,2.98759210930869,-0.00566837361561515,-0.11782946992849,-1.43644743358758,1.15340600117762,-6.5,6.5
7.29,0.7366635,0.06351343,-0.159601005225699,-6.15740941573601,-2.47855910569392,3.18053869462228,-0.0304539646725543,-0.0860240829822677,-1.38440948788984,1.24460371329303,-6.5,6.5
7.3,0.7156169,0.107207,-0.157769422046268,-6.31220890513151,-2.43633198853173,3.35240833535403,-0.0548172845578716,-0.0524999996287275,-1.33243925967075,1.32977594358343,-6.5,6.5
7.31,0.6933986,0.1520097,-0.155512645373878,-6.41559274688113,-2.39052958906442,3.49561616371455,-0.0787225804485158,-0.0175438379915819,-1.28067875155467,1.40942454367147,-6.5,6.5
7.32,0.6698809,0.1970436,-0.152862497556128,-6.47588314735018,-2.34281656192477,3.6041218930383,-0.102150746067763,0.018497380938801,-1.22941506752693,1.48460539793442,-6.5,6.5
7.33,0.6450471,0.2415975,-0.149859845156985,-6.499349489613,-2.29379928454337,3.67403877235222,-0.125088738913197,0.0552377686623232,-1.1788806344772,1.55664498610153,-6.5,6.5
7.34,0.6190372,0.2852011,-0.146543515805164,-6.48977022802991,-2.24272660248415,3.70411352653936,-0.147516004938039,0.0922789039277168,-1.12913205179319,1.62692138675645,-6.5,6.5
7.35,0.5919849,0.3275642,-0.142954258009785,-6.44856986215892,-2.18897567898124,3.69499184046612,-0.169405761727851,0.129228822332378,-1.08018780535027,1.69670696800033,-6.5,6.5
7.36,0.5639618,0.3683258,-0.139140681396656,-6.37510887424268,-2.13251782673821,3.64695287773909,-0.190730939995233,0.165698351109769,-1.03211741747529,1.76719105251487,-6.5,6.5
7.37,0.5347659,0.4068706,-0.135190469563403,-6.26650546194588,-2.07563792562011,3.55839037383621,-0.211487319251434,0.201282254848131,-0.985389593372194,1.83970886809956,-6.5,6.5
7.38,0.5060201,0.4447784,-0.130932173291735,-6.1208493451795,-2.00512273756402,3.44658181977144,-0.231538546627075,0.235748073045845,-0.937512085056611,1.91411585358349,-6.5,6.5
7.39,0.4772386,0.481394,-0.126476990952137,-5.93381889859238,-1.92665636322226,3.30872496040134,-0.250805110259297,0.268835322649859,-0.889428907089927,1.99135757752545,-6.49999999999998,6.5
7.4,0.448035,0.515844,-0.121871472110444,-5.69783654902629,-1.84466565951709,3.14060307398636,-0.269251766854468,0.300241353389722,-0.842006306682664,2.07294157475054,-6.49999999999981,6.5
7.41,0.4187903,0.548618,-0.116967915060224,-5.40834913808493,-1.75679517896783,2.95003042715409,-0.286819718644146,0.329741657661263,-0.794661171440579,2.15883734539306,-6.49999999999804,6.5
7.42,0.3896486,0.5798419,-0.111621110159956,-5.06094154507948,-1.66291512866902,2.7412704121742,-0.303448869930837,0.357154361783005,-0.747264416667806,2.24911223739195,-6.49999999997407,6.5
7.43,0.3606341,0.6095047,-0.105676134699169,-4.65219484751372,-1.56395574697715,2.51720515476082,-0.319088427400608,0.382326413330613,-0.699943516677775,2.34379171422086,-6.49999999954408,6.5
7.44,0.3317546,0.6377415,-0.0989541399501618,-4.18319053916353,-1.46093999474952,2.28181196568163,-0.333697827348103,0.40514453298743,-0.652867412255234,2.4423104220418,-6.49999998930649,6.5
7.45,0.3030662,0.6646485,-0.0913193157299301,-3.65927143167059,-1.35443134530875,2.03848938198795,-0.347242140801191,0.425529426807309,-0.606093592754081,2.54381671299432,-6.49999965809658,6.5
7.46,0.2744632,0.6901984,-0.08332519192369,-3.08550512807315,-1.24632583364881,1.78936808972617,-0.359705399137679,0.443423107704571,-0.560070735743544,2.6474794035543,-6.49998545742183,6.49999999999966
7.47,0.2460072,0.7145655,-0.0757913718400758,-2.46877054903179,-1.1369688276156,1.53813670600795,-0.371075087413835,0.45880447476465,-0.514819574399654,2.75168089929515,-6.49915577421758,6.49999999965508
7.48,0.217695,0.7378578,-0.0689295791788003,-1.82769076387579,-1.02723058966556,1.28763333602787,-0.381347393310491,0.471680808124929,-0.470518171677831,2.85485750210155,-6.43343794207309,6.49999909597277
7.49,0.1895237,0.7601527,-0.0308307043295798,-1.20595244387046,-0.91790518291922,1.04019459744947,-0.390526445139683,0.482082754099424,-0.427327934756355,2.9555855728237,-3.0491054725139,6.49301467316859
7.5,0.1615492,0.7815188,-0.000372006957204011,-0.0203503662935539,-0.809228653193976,0.797865721193958,-0.398618731671623,0.490061411311363,-0.385234862887149,3.05265569925232,-0.0373814059382993,0.233827414253647
7.51,0.1338516,0.8020131,-1.73564052918319e-06,5.94771261729601e-09,-0.701208117479894,0.562387718938453,-0.405630812846421,0.495685288500748,-0.344144302024238,-3.13801428772776,-0.000173496300043865,3.59756814111104e-06
7.52,0.1064746,0.8216736,-5.69109145818198e-09,6.94676704382213e-14,-0.594150246306953,0.335148783693562,-0.411572315309491,0.499036776337684,-0.304054482662372,-3.05058482158311,-5.7959304833173e-07,5.77414580507319e-11
7.53,0.07947033,0.8404235,-1.36088930201295e-11,4.5284101985084e-17,-0.488261466467414,0.116399386957099,-0.416454929974165,0.500200770207255,-0.264928285749906,-2.96812886540858,-1.51693675004913e-09,2.20145464550457e-14
7.54,0.05298519,0.8582375,-2.51437913638161e-14,1.06571675691014e-16,-0.382932632061589,-0.093258203980966,-0.420284256294781,0.499268188167445,-0.226445879394101,-2.89052527702129,-3.5666342515662e-12,1.26464131474252e-14
7.55,0.02701227,0.8749088,-4.17285805975418e-17,7.65970192722166e-14,-0.278888309996496,-0.294857647006566,-0.423073139394746,0.496319611697379,-0.188741665268754,-2.72491089062003,-1.12590625693641e-14,7.63757278249047e-12
7.56,0.001640719,0.890286,2.12070517992233e-21,7.82913440747397e-10,-0.175980334324798,-0.488935421699026,-0.424832942737994,0.491430257480389,-0.151648324724622,-2.66174859753199,-8.77432663130118e-17,7.1885073598005e-08
7.57,-0.02307477,0.9041055,4.16274377565927e-21,8.40110764488646e-06,-0.0743558005193989,-0.676974684477671,-0.425576500743188,0.484660510635612,-0.1151003776562,-2.60099380904867,-3.87500718005434e-18,0.000682626795655537
7.58,-0.04727449,0.9159536,-5.91298305997265e-21,0.0282535864136267,0.0242229647310666,-0.861636074222808,-0.425334271095877,0.476044149893384,-0.0796143552999595,-2.54153412003763,-1.92570367842494e-18,2.03416615018791
7.59,-0.07092696,0.9256852,-8.28397798741559e-20,0.0996834120794897,0.119599733463872,-1.04311829160318,-0.424138273761239,0.465612966977352,-0.0451431470453404,-2.48306953279634,-1.04471310157672e-17,6.4916247880221
7.6,-0.09407127,0.9331396,-1.49056873546373e-18,0.107808827523003,0.211060165727055,-1.22175265346364,-0.422027672103968,0.453395440442716,-0.0118479754799256,-2.42531402759983,-3.18906732038973e-16,6.49998844176916
7.61,-0.1167746,0.9381719,3.02377758811784e-16,0.114647060591365,0.297739427081837,-1.39772773995094,-0.41905027783315,0.439418163043207,0.0200430763399266,-2.36806634422809,-2.30869411348789e-14,6.4999999670032
7.62,-0.1386975,0.9410672,1.07769940540699e-13,0.120625406116426,0.382285072192467,-1.567616006084,-0.415227427111225,0.423742002982367,0.0515927628071927,-2.31194711815098,-2.46915081209406e-12,6.49999999980713
7.63,-0.160525,0.9415721,1.45720491096803e-11,0.126068270102869,0.458550276861018,-1.73284417338351,-0.410641924342615,0.406413561248531,0.0805957561763562,-2.25647403975686,-1.88751064236381e-10,6.49999999999803
7.64,-0.181452,0.940576,1.44187324492731e-09,0.131024721829045,0.533447541423627,-1.88514495051288,-0.405307448928378,0.387562111743403,0.109691995136838,-2.20306167628631,-1.30380324658545e-08,6.49999999999996
7.65,-0.2013178,0.9383591,1.11820172066197e-07,0.135573331396559,0.607918200168292,-2.02215470361821,-0.399228266926696,0.36734056470722,0.139332431171821,-2.15178440599793,-7.91102212308136e-07,6.5
7.66,-0.2197142,0.9355267,8.13392884744302e-06,0.139664971332108,0.68490136755382,-2.13908511340036,-0.392379253251157,0.345949713573217,0.170748796201371,-2.10306086776358,-4.74249001617793e-05,6.5
7.67,-0.2363203,0.9322708,0.000605388703987263,0.143319363181747,0.766337002215579,-2.23516267189821,-0.384715883229002,0.323598086854235,0.204834756823974,-2.05661126588791,-0.00297861314256765,6.5
7.68,-0.2510935,0.9293723,0.0422055771691919,0.146516736314776,0.851636129253414,-2.30488156035875,-0.376199521936467,0.300549271250647,0.241539591224475,-2.01284242466947,-0.17741674086011,6.5
7.69,-0.2635338,0.9265826,1.17700620014739,0.149337434545163,0.944065614887862,-2.35203586912874,-0.366758865787589,0.27702891255936,0.282310778562692,-1.97090956633764,-4.2502170360506,6.5
7.7,-0.2737546,0.9244198,2.05933390453414,0.151794704616031,1.04142271156642,-2.37381887331141,-0.356344638671925,0.253290723826246,0.326499370475836,-1.93089381806136,-6.44680439217281,6.5
7.71,-0.2816601,0.9227052,2.37187276966264,0.153944238431169,1.14340735084902,-2.37369845214323,-0.344910565163434,0.229553739304813,0.374169878093331,-1.89218708217663,-6.49909374933124,6.5
7.72,-0.28718,0.921371,2.68267947332436,0.155820545646337,1.24949486633784,-2.35407313170057,-0.332415616500056,0.206013007987808,0.425279005559019,-1.85438979873867,-6.49998287188033,6.5
7.73,-0.2903649,0.9200222,3.00074293647313,0.157458203077065,1.35816284924785,-2.32002984746748,-0.318833988007577,0.182812709513133,0.479374600400197,-1.81691756776104,-6.49999961727759,6.5
7.74,-0.2912562,0.9182579,3.32231081822761,0.158875192980832,1.46807179925995,-2.27637947757671,-0.304153270014978,0.160048914737366,0.536048192072102,-1.77930259290217,-6.49999998954697,6.5
7.75,-0.2898697,0.9157953,3.64433174766381,0.16007384846219,1.57819829517263,-2.22660432440362,-0.288371287063252,0.137782871493329,0.594984721640664,-1.74126056301636,-6.49999999964661,6.5
7.76,-0.2860943,0.9121266,3.96574756471672,0.161050712065495,1.68866410258834,-2.1758253032167,-0.271484646037368,0.116024618461162,0.656246721834955,-1.70247576622321,-6.49999999998559,6.5
7.77,-0.2798877,0.9068909,4.28347522896442,0.161791274360417,1.79900167842678,-2.1275061810178,-0.2534946292531,0.0947495566509844,0.719636149659215,-1.66284342995204,-6.4999999999993,6.5
7.78,-0.2710618,0.8998351,4.59508156857675,0.162277006768914,1.91000078587544,-2.08389296887565,-0.234394621394346,0.0739106269622279,0.785308127554534,-1.62241528161668,-6.49999999999996,6.5
7.79,-0.2590532,0.8908519,4.90095288407856,0.162490641498454,2.02551863482883,-2.04578354348928,-0.214139435046058,0.0534527915273351,0.854204166725314,-1.58136985792789,-6.5,6.5
7.8,-0.2439149,0.8797639,5.19252971319794,0.162420257205287,2.14389560086887,-2.01445598364589,-0.192700479037369,0.0333082316908762,0.925384122055995,-1.53993050328187,-6.5,6.5
7.81,-0.2253722,0.8666225,5.46489742097091,0.162061159253716,2.26633314564764,-1.98911063438881,-0.170037147580893,0.0134171253469881,0.998619580510709,-1.49837535527731,-6.5,6.49999999999999
7.82,-0.2031257,0.851642,5.71289872542412,0.16141601558706,2.39410358577524,-1.96760248151428,-0.14609611172314,-0.00625889946815463,1.07348660736936,-1.45693724295599,-6.5,6.49999999999999
7.83,-0.1771911,0.834765,5.93011907540275,0.160494523708113,2.52569821875641,-1.95021884056264,-0.120839129535576,-0.0257610878737811,1.14884277103714,-1.41585008359079,-6.5,6.49999999999998
7.84,-0.1474744,0.8161252,6.11282504420383,0.159310896637804,2.660622184018,-1.93558832178998,-0.094232907695396,-0.0451169710916808,1.22382665203421,-1.37527278062037,-6.5,6.49999999999997
7.85,-0.1139421,0.7963221,6.25903853217344,0.15787281595932,2.7978889514463,-1.91852558999942,-0.066254018180933,-0.064302226991675,1.29759146387905,-1.33507375204577,-6.5,6.49999999999996
7.86,-0.07677031,0.7758121,6.3685521975133,0.156182393718952,2.93482200110073,-1.89549892475561,-0.0369057981699257,-0.0832572162392311,1.36929524684463,-1.2950590437192,-6.5,6.49999999999992
7.87,-0.03664683,0.7541391,6.44293339460398,0.154267384822375,3.06469108767055,-1.87096971511693,-0.00625888729322028,-0.1019669133904,1.43815585223222,-1.25560792081148,-6.5,6.49999999999985
7.88,0.005497303,0.7310409,6.48548521743814,0.152162143662676,3.17934202563981,-1.84740860309182,0.0255345329631778,-0.120440999421319,1.50393838715492,-1.21703582078963,-6.5,6.49999999999972
7.89,0.04969558,0.7077821,6.49995676618679,0.149821315717868,3.27947562845395,-1.81426366010073,0.0583292892477173,-0.138583636022326,1.56714812496438,-1.17827080717709,-6.5,6.49999999999935
7.9,0.09539204,0.6842496,6.4893126911184,0.147260983519063,3.36090540700809,-1.77349246728324,0.0919383433177982,-0.156318560695158,1.6281631197744,-1.13946918948674,-6.5,6.49999999999806
7.91,0.1413255,0.6596354,6.45570364053882,0.14456356615513,3.41402951809576,-1.73276953327237,0.126078638498756,-0.173646256027882,1.68763801014883,-1.10161178300385,-6.5,6.49999999999415
7.92,0.1872521,0.6343336,6.40018465370186,0.141724919402324,3.43875512987841,-1.68904257884203,0.16046618979754,-0.190536681816302,1.74631465441391,-1.0643120469601,-6.5,6.49999999998034
7.93,0.2328862,0.6084833,6.32283446353931,0.138758311945473,3.43484412030577,-1.6416754085255,0.194814631000598,-0.206953435901557,1.80486664222147,-1.02747392869834,-6.5,6.4999999999246
7.94,0.2775003,0.5818078,6.22237680412662,0.135725812534091,3.39858849361425,-1.59359449218338,0.22880051593674,-0.222889380823391,1.86418850690198,-0.991574028344402,-6.5,6.49999999969544
7.95,0.3212909,0.5550215,6.0974915457459,0.132566524496214,3.33453952402731,-1.5391798600661,0.262145911177013,-0.238281179424052,1.92464043887759,-0.955635652794418,-6.5,6.49999999844653
7.96,0.3635953,0.5278241,5.9448983357342,0.129351358619804,3.23988533803686,-1.48183199335107,0.294544764557382,-0.253099499357563,1.98716199011629,-0.920233040425924,-6.5,6.49999999086407
7.97,0.4039946,0.4997959,5.76024225759258,0.126166219047614,3.11429850316872,-1.42568566654261,0.325687749589069,-0.267356356022989,2.0526170855563,-0.886149897887205,-6.5,6.49999994549137
7.98,0.4426364,0.4717203,5.54000086708469,0.122874767700885,2.96243363930561,-1.36443863427566,0.355312085982125,-0.281000742365745,2.12127489379554,-0.852111792608786,-6.5,6.499999588652
7.99,0.4793321,0.4434806,5.27916783415265,0.119476407257324,2.78593378511065,-1.29989525987256,0.383171423833232,-0.293999694964471,2.19373307775929,-0.818442465099703,-6.5,6.49999623435363
8,0.5139771,0.4151379,4.97262313705226,0.115932613626426,2.58717748506574,-1.23224267512305,0.409043198683889,-0.306322121715702,2.27045761869591,-0.78513507039384,-6.5,6.49995762931233
8.01,0.5466615,0.3867829,4.61705072671122,0.112183778686196,2.37013346577362,-1.16142545456527,0.432744533341625,-0.317936376261354,2.35149747470636,-0.752124285704993,-6.5,6.49939920214514
8.02,0.5774258,0.3585029,4.21048124900419,0.108016731214595,2.13815048003366,-1.08744404269915,0.454126038141962,-0.328810816688346,2.43680520952048,-0.719350621452408,-6.5,6.48898573732683
8.03,0.6063543,0.3303433,3.75382098484821,0.0998063764334961,1.89477019723691,-1.0106706518669,0.473073740114331,-0.338917523207015,2.52602828715007,-0.686838872597785,-6.49999999999998,6.24416742277128
8.04,0.633647,0.3023622,3.25110801658725,0.0426083787106027,1.64428822284556,-0.931362198304264,0.489516622342787,-0.348231145190057,2.61827366622682,-0.654584699601918,-6.49999999998764,2.79142379619447
8.05,0.6594218,0.2746525,2.70503131530697,0.0015394918528775,1.39000420223775,-0.849478072332218,0.503416664365164,-0.35672592591338,2.7125737488814,-0.622504503827924,-6.49999997891642,0.106348727860593
8.06,0.6848571,0.2483792,2.14080565742933,1.37724574377777e-05,1.14383063219681,-0.756023108695949,0.514854970687132,-0.364286157000339,2.80475222458461,-0.588109709168704,-6.49992205956698,0.00101486358789369
8.07,0.7070221,0.2201496,1.19900872304222,2.51646378346241e-07,0.88230231375789,-0.681006151513984,0.523677993824711,-0.371096218515479,2.90250909046988,-0.559464543523257,-5.09019268588544,1.96550423106137e-05
8.08,0.7293269,0.1937145,8.03857280091723e-05,1.59525489373832e-09,0.636991033535601,-0.591969349479925,0.530047904160067,-0.377015912010278,2.99453840492564,-0.527544538116658,-0.000539741257549065,1.33224415210581e-07
8.09,0.7515736,0.1689263,7.76115113710687e-10,3.78072147259647e-12,0.406582122768988,-0.491920751901688,0.534113725387757,-0.381935119529295,3.08077998380468,-0.492988580715881,-1.43670501813881e-08,3.38689013032875e-10
8.1,0.7704567,0.1421961,-1.34753356084657e-14,2.75938435280127e-14,0.1638092121486,-0.412514007720681,0.535751817509243,-0.386060259606502,-3.11201361012268,-0.464994503505521,-1.70385480387238e-12,2.59918269228286e-12
8.11,0.7896506,0.1176813,2.13636001252099e-16,7.49807789387873e-17,-0.0579244898209126,-0.317737505115325,0.535172572611034,-0.389237634657655,-3.02989218662201,-0.43276039838829,-2.31237821777556e-13,7.37665262958494e-15
8.12,0.8073759,0.09369761,-2.73869146153088e-13,3.25589311555808e-19,-0.273704443738964,-0.223627616860071,0.532435528173644,-0.391473910826256,-2.93114385018221,-0.401004556976324,-4.70073004085652e-11,3.2679240538315e-17
8.13,0.8246111,0.07160821,-2.16503979549524e-09,2.9687596047987e-21,-0.474358335087949,-0.119352950649336,0.527691944822765,-0.392667440332749,-2.86180816406222,-0.366157007454295,-2.30331259784188e-07,2.97565789664427e-19
8.14,0.8383303,0.04813629,-3.5595238911348e-05,4.10743492183315e-22,-0.685032832023765,-0.0339230603845735,0.520841616502527,-0.393006670936595,-2.78915782730315,-0.33748896276997,-0.00356021311617845,4.10679732314674e-20
8.15,0.8521662,0.02754901,-0.0422103959034291,6.61357189372585e-22,-0.87307916545543,0.0693905123696013,0.512110824847973,-0.392312765812899,-2.72359847956532,-0.302809018576152,-4.20526594471977,6.74531520218873e-20
8.16,0.8628659,0.006475129,-0.071523493720633,1.13642418017037e-20,-1.06624559138067,0.16014349829355,0.501448368934166,-0.390711330829963,-2.65601603437158,-0.272200706866687,-6.49821977175204,1.23530764316447e-18
8.17,0.8712523,-0.01410528,-0.08203517472103,7.2691791577355e-19,-1.25587842257411,0.246967675490858,0.488889584708425,-0.388241654075055,-2.58900290531176,-0.242704008120391,-6.4999978444378,9.06143827652161e-17
8.18,0.8781822,-0.03355697,-0.0931541788055181,9.50059156633713e-17,-1.43378427504877,0.334910307634701,0.474551741957937,-0.384892550998708,-2.52469730845249,-0.212434783957812,-6.49999999275426,1.58513938200291e-14
8.19,0.8845262,-0.05136428,-0.102493656877388,1.37682700259627e-14,-1.59241809442468,0.427584727973567,0.45862756101369,-0.380616703718972,-2.46474180252956,-0.179889644338247,-6.49999999993004,5.00899575691482e-12
8.2,0.8872915,-0.07006154,-0.110682148602754,5.32769491670755e-14,-1.75726753829153,0.502726036491147,0.441054885630775,-0.375589443354061,-2.40217677577424,-0.153278459885399,-6.49999999999919,4.95257319287132e-10
8.21,0.8900965,-0.08676751,-0.117195812385714,-8.34092395710825e-11,-1.89642391307154,0.585405684546139,0.42209064650006,-0.369735386508599,-2.34481058189423,-0.123089528715118,-6.49999999999998,6.76793697154195e-08
8.22,0.8917766,-0.1027496,-0.122868524674993,4.64218777831234e-09,-2.02077306831637,0.663802161482529,0.401882915816896,-0.363097364893774,-2.28954423030515,-0.0936996357950598,-6.5,5.71200134992511e-06
8.23,0.8930325,-0.1173491,-0.127878885071055,2.3915674366706e-06,-2.12481418897521,0.743239202113159,0.380634773927144,-0.355664972872642,-2.23724388926216,-0.0628715744757825,-6.5,0.000405569055165039
8.24,0.8937919,-0.1305688,-0.132453867846927,0.000184220875520516,-2.21010592120527,0.823049640602456,0.358533714715091,-0.347434476466618,-2.18721554170268,-0.0306666434783574,-6.5,0.0230724275552952
8.25,0.894076,-0.142451,-0.136669201702651,-0.00124537006729473,-2.27742514263103,0.90228578716038,0.335759463288781,-0.338411618595014,-2.13901496855168,0.00273204755254082,-6.5,0.882565285827744
8.26,0.8941047,-0.1527336,-0.140514517123696,-0.164643150913123,-2.32595290163069,0.98263110191958,0.312499934272474,-0.328585307575818,-2.09254487096534,0.0382885768993058,-6.5,5.55708918800588
8.27,0.8935376,-0.1614474,-0.144050612310978,-0.463132752691824,-2.35974716682601,1.06316595893466,0.288902462604214,-0.317953647986472,-2.04689431022583,0.0758942071055621,-6.5,6.4644850836138
8.28,0.8923541,-0.1685725,-0.147287708652218,-0.760570829853874,-2.37996332162781,1.14346986418275,0.265102829387936,-0.306518949344644,-2.00173429988373,0.115665155604761,-6.5,6.49859340693578
8.29,0.8902441,-0.1739769,-0.150254347464054,-1.03779431647289,-2.39016804062566,1.22409651257682,0.241201148981679,-0.294277984218876,-1.9564181778824,0.15819903528605,-6.5,6.49993512214251
8.3,0.8869745,-0.1775002,-0.15295476548747,-1.31755823278327,-2.39306050269742,1.30578555083274,0.217270543954705,-0.281220128710548,-1.91051546195249,0.204252690121786,-6.5,6.49999663438744
8.31,0.8822898,-0.1789293,-0.155380195875714,-1.62882541631327,-2.39134918945065,1.38964818172139,0.193357052060198,-0.267323646893335,-1.86367757430093,0.254849521270407,-6.5,6.49999981243803
8.32,0.8760169,-0.1779614,-0.157505623936762,-1.98215588073357,-2.38686099332934,1.47743321776981,0.169488442126905,-0.252549314715636,-1.81574999063961,0.311430308444449,-6.5,6.49999998941191
8.33,0.8679859,-0.1742966,-0.159299221771125,-2.37988408634671,-2.38125866406359,1.57069082944945,0.145675855486269,-0.236842406421142,-1.76667877730138,0.375417741222406,-6.5,6.49999999941887
8.34,0.8581718,-0.1675399,-0.160723662832054,-2.82082108217623,-2.37486618143212,1.67159295483343,0.121927193671948,-0.220126476872808,-1.71660397340068,0.448543486265856,-6.5,6.49999999997051
8.35,0.8464466,-0.1575426,-0.161747293400398,-3.29511430057218,-2.36884083766083,1.78001634161572,0.0982387852953396,-0.20232631345665,-1.66565866033401,0.531173714346541,-6.5,6.49999999999858
8.36,0.8329944,-0.1437511,-0.162342607594364,-3.80303685471681,-2.36163607749751,1.89917591571089,0.0746224245203645,-0.183334554299542,-1.61416148390321,0.624910004961488,-6.5,6.49999999999994
8.37,0.8178961,-0.1260295,-0.162494024668174,-4.32725730571693,-2.35270231181845,2.02844560725852,0.05109540140218,-0.163050098226956,-1.56234748510913,0.728632580727746,-6.5,6.5
8.38,0.8011488,-0.1041571,-0.16219505587252,-4.84223970400371,-2.34224622027409,2.16788738334289,0.0276729391994391,-0.141371224393527,-1.51043045517235,0.840575561983338,-6.5,6.5
8.39,0.7829143,-0.0782686,-0.161447602461941,-5.31309835819874,-2.32909015955321,2.31451239638334,0.00438203760390705,-0.118226100429694,-1.45861027882879,0.956856344824549,-6.5,6.5
8.4,0.7636526,-0.04814269,-0.160257445667165,-5.71599304362605,-2.3096889642954,2.4685037769126,-0.018714852039047,-0.093541062660568,-1.40692573866403,1.07448535310756,-6.5,6.5
8.41,0.7428344,-0.01446548,-0.158644004284075,-6.03104650956579,-2.28908462678331,2.62239133748158,-0.0416056983068801,-0.0673171492857522,-1.35571374556141,1.18853085187188,-6.5,6.5
8.42,0.721552,0.02283441,-0.156604447750569,-6.25842315041995,-2.25838417206967,2.77565913168851,-0.0641895400275768,-0.0395605579688671,-1.30450363801162,1.29724064589029,-6.5,6.5
8.43,0.6991615,0.06290759,-0.154173749097127,-6.40390095465992,-2.22398386350937,2.9201421068191,-0.0864293786626706,-0.0103591369006761,-1.25379892505977,1.39858465630518,-6.5,6.5
8.44,0.6759155,0.1051278,-0.151371252565927,-6.48012250028754,-2.18429566580947,3.05028320045738,-0.108272335320765,0.0201436951038977,-1.20352076442774,1.49255098524442,-6.5,6.5
8.45,0.6517988,0.1488092,-0.14823191961601,-6.4997239268102,-2.14013359029619,3.16059298088358,-0.129673671223727,0.0517496249127335,-1.15380933613891,1.5800152564193,-6.5,6.5
8.46,0.6268712,0.1933255,-0.144793042945112,-6.47278685223541,-2.09165016289556,3.24667515937303,-0.150590172852683,0.0842163765064638,-1.10473179193068,1.66235677273229,-6.5,6.5
8.47,0.6011534,0.238143,-0.141101018868836,-6.40602892382694,-2.03933910528829,3.30544496189828,-0.170983563905566,0.117270826125447,-1.05640106688126,1.74108597606883,-6.5,6.5
8.48,0.5747188,0.2828437,-0.137201867355028,-6.3031052141296,-1.98323941380862,3.33523352316647,-0.190815958043652,0.150623161357111,-1.00885347554482,1.81761864524097,-6.49999999999999,6.5
8.49,0.5470547,0.3265956,-0.133226860037476,-6.16441496063892,-1.92829722040045,3.33125658589176,-0.210098930247656,0.183935727216029,-0.963042122791282,1.89360725412349,-6.49999999999997,6.5
8.5,0.5196621,0.3701891,-0.129014821982369,-5.99127611311994,-1.86225980775254,3.30291540590245,-0.228721528325182,0.216964881275053,-0.916584278550764,1.96914792402271,-6.49999999999986,6.5
8.51,0.4917839,0.4127249,-0.124712662093662,-5.78081860147172,-1.7927855150758,3.24488680247725,-0.24664938347594,0.249413749299826,-0.870957888959386,2.04574030233336,-6.49999999999914,6.5
8.52,0.4638028,0.4542762,-0.120210608388136,-5.53165864937679,-1.71742470081538,3.16062257505541,-0.263823630484094,0.28101997505038,-0.825579017184347,2.12372272512082,-6.49999999999346,6.5
8.53,0.4356352,0.4944371,-0.115452135565601,-5.23994351189686,-1.6378558551914,3.04946717410645,-0.280202189036008,0.311514646791444,-0.7807612272004,2.20399431740027,-6.49999999993892,6.5
8.54,0.4072884,0.5329896,-0.11034560672625,-4.90212044952523,-1.55488800940444,2.91258000018554,-0.295751069130052,0.3406404467933,-0.736637420315485,2.28711531915043,-6.49999999930483,6.5
8.55,0.3787598,0.5696899,-0.10478973657072,-4.51468530620035,-1.46937158547823,2.75099103927241,-0.310444784984834,0.368150357186024,-0.693360222169577,2.37361439623646,-6.4999999904019,6.5
8.56,0.3500918,0.6044966,-0.0986637513430114,-4.0772010931076,-1.38172693725366,2.56750473407465,-0.324262054357371,0.393825404526771,-0.650975067003259,2.46346480323196,-6.4999998379207,6.5
8.57,0.3213091,0.637385,-0.0919115571982336,-3.59172056857919,-1.29250268814996,2.36498815728741,-0.33718708123887,0.417475286099645,-0.609560414468756,2.55639589946358,-6.49999663898982,6.5
8.58,0.2923707,0.6684193,-0.0849348661609623,-3.06136926254753,-1.20275745329442,2.14694602196604,-0.349214655771815,0.438944746319305,-0.569340192061924,2.65169044990718,-6.49991580892705,6.5
8.59,0.2633056,0.6975133,-0.0782608871447793,-2.48607877896344,-1.11288497945066,1.91544281225805,-0.360343505566321,0.458099174441885,-0.530353386367833,2.74884638934044,-6.49744300492905,6.49999999999999
8.6,0.2341129,0.724833,-0.0714887436901668,-1.87998723759263,-1.02349406081054,1.67457385351826,-0.370578446174427,0.474844912977068,-0.492700415968572,2.84649535003263,-6.40775302632262,6.499999999994
8.61,0.2049016,0.7504781,-0.0411470214214953,-1.28087791026176,-0.934225550837773,1.42760492024967,-0.379920701682804,0.489120962179565,-0.456189155587592,2.94339320305662,-3.92933689938644,6.49999999245897
8.62,0.1756849,0.7745177,-0.00173373510075893,-0.671889230612365,-0.845545851399983,1.17731765829772,-0.388376160196804,0.500894138762542,-0.420872498160272,3.03843492005957,-0.17237623480907,6.4999710344734
8.63,0.1466531,0.7970731,-2.38551907072045e-05,-0.039838500011106,-0.756405036824518,0.926723118035412,-0.395940210565049,0.510161369942896,-0.386329914251824,3.13049517047259,-0.00239722369489716,6.13182212047445
8.64,0.1179371,0.8182625,-2.37901497846838e-07,8.06286777688159e-06,-0.666339181115966,0.678559044878646,-0.402603602376209,0.516946960391683,-0.35231389193194,-3.06450452294702,-2.37944267602282e-05,0.00229730753238988
8.65,0.0896385,0.8380156,-1.70579306456009e-09,1.96888304200089e-11,-0.575173089135561,0.433746199803664,-0.408355333267565,0.521284422389719,-0.318662827267513,-2.98028357030717,-1.71571877813135e-07,2.39257868923319e-08
8.66,0.06197979,0.8563614,-8.28642354772371e-12,1.11009917878945e-14,-0.481749146662487,0.193935077514496,-0.41317282473419,0.523223773164864,-0.284890359176652,-2.90024755723078,-8.7094113918617e-10,1.39627061573352e-12
8.67,0.03509158,0.8732529,-2.88059945188759e-14,6.18387403796047e-16,-0.385787895672891,-0.0400281218696605,-0.417030703690918,0.522823491946168,-0.25078383477087,-2.8242403260633,-3.4234628801114e-12,6.2247847521445e-14
8.68,0.009027112,0.8884785,-8.89849774854949e-17,1.52939716753122e-13,-0.287696648980557,-0.26877661216691,-0.419907670180724,0.520135725824499,-0.21635053437016,-2.82754198245967,-1.41011853051427e-14,1.54299617717848e-11
8.69,-0.0163284,0.9017218,-3.42579197564628e-19,3.05275266062642e-09,-0.189264118827374,-0.493801759711367,-0.421800311368998,0.515197708227385,-0.182062632677963,-2.74432721359235,-1.14782607639351e-16,3.06613516347335e-07
8.7,-0.04082954,0.9129806,1.28866531346169e-21,9.49618116911312e-05,-0.0899697325650308,-0.713869176482525,-0.422700008694648,0.50805901646256,-0.147617406903573,-2.66445698651014,-3.94078384269938e-18,0.00876163405641942
8.71,-0.06474048,0.9220007,1.33536269167009e-21,0.0770921158490489,0.00724664388526008,-0.929980663334469,-0.422627542255796,0.498759209829215,-0.113899553234297,-2.58733108915064,-1.30015413956764e-18,6.08701686511986
8.72,-0.08799651,0.928879,-1.37611630116478e-20,0.0950492995614209,0.102438446356075,-1.14014851190809,-0.421603157792235,0.487357724710134,-0.0807800590555935,-2.5132958309125,-4.79596551191353e-18,6.49986105740601
8.73,-0.1108319,0.9336116,-8.46480732146096e-19,0.105591498023408,0.193178454454447,-1.34342846871563,-0.41967137324769,0.473923440022978,-0.0490067321860193,-2.44228286420011,-1.10894298576452e-16,6.49999986550587
8.74,-0.1330794,0.9365719,-4.65564156358577e-17,0.113870370409652,0.280610650456921,-1.53585165426842,-0.416865266743121,0.458564923480294,-0.0180864902273501,-2.37494793938954,-7.41761607125861e-15,6.49999999962992
8.75,-0.1546078,0.9381612,5.79707580770468e-15,0.120652557895191,0.365506671227941,-1.71362013879566,-0.413210200030842,0.441428722092337,0.0123493897275664,-2.31168008113143,-7.88516235366613e-13,6.49999999999737
8.76,-0.1754741,0.9387332,2.82812140396353e-12,0.126442988391662,0.447022869754498,-1.87374923969446,-0.408739971333297,0.422691229695392,0.0420895951400323,-2.25252303015664,-8.44386635466402e-11,6.49999999999996
8.77,-0.1951474,0.9389144,6.35673912688398e-10,0.131499204197114,0.529300039083573,-2.01134966079635,-0.403446970942461,0.402577733087429,0.0727398757998397,-2.19782448534378,-9.35925949932166e-09,6.5
8.78,-0.2134948,0.9389087,1.02439645743888e-07,0.135981627610126,0.612814446951255,-2.12562091465792,-0.397318826472948,0.38132152394085,0.1046116875884,-2.14704838505837,-9.75698973250688e-07,6.5
8.79,-0.2301153,0.9392993,1.44968558844451e-05,0.139892637173203,0.700224284884989,-2.21282939297667,-0.390316583624098,0.359193230011083,0.138851101130643,-2.10025789002592,-0.000102909755565277,6.5
8.8,-0.2446221,0.9400482,0.00204866644532937,0.143320906155205,0.793818345069845,-2.27492683341904,-0.3823784001734,0.336443961676893,0.176520355378631,-2.05659092757271,-0.0115805442979869,6.5
8.81,-0.2570351,0.9411662,0.222520213204003,0.146335795958915,0.89226690871601,-2.31347004349881,-0.37345573108624,0.313309261241904,0.217355809771574,-2.01541495749656,-1.03502896292154,6.5
8.82,-0.267179,0.9427943,1.58633374806944,0.148984474639236,0.995935905444163,-2.32896677107201,-0.363496372031798,0.290019593531184,0.261734666880729,-1.97636435218944,-6.16823552977093,6.5
8.83,-0.2748201,0.9445424,1.97331008996336,0.151343706481113,1.10561232879436,-2.32647621025347,-0.352440248743855,0.26675483142865,0.310201289256064,-1.93853437817312,-6.49618274272534,6.5
8.84,-0.2800231,0.9462847,2.29894241210413,0.153449945250922,1.21948686411437,-2.30855656468967,-0.340245380102711,0.243669265781753,0.362301950586348,-1.9014621395838,-6.49995100555145,6.5
8.85,-0.2824808,0.9475104,2.64366656604438,0.155346264738059,1.33896520878642,-2.28087383579915,-0.326855728014847,0.220860527423761,0.418769559119549,-1.86438157552101,-6.49999929854134,6.5
8.86,-0.2823885,0.9479706,2.9966107784521,0.157043433853261,1.4611163643677,-2.24650276939004,-0.31224456437117,0.198395499729861,0.478659614110897,-1.82690948965009,-6.49999998758866,6.5
8.87,-0.27942,0.9470935,3.35908300982019,0.158550432311769,1.58756623028214,-2.21100168910381,-0.296368902068349,0.176285482838823,0.542663668321651,-1.7884852540978,-6.49999999974626,6.5
8.88,-0.2737634,0.9446372,3.72316245793328,0.159850426707052,1.71550054256427,-2.17672090740438,-0.279213896642706,0.154518273764779,0.609772699928005,-1.74895925147134,-6.49999999999355,6.5
8.89,-0.2652114,0.940209,4.08744734372232,0.160922345781874,1.8456102103714,-2.14705972423742,-0.260757794538992,0.133047676522405,0.680157689854368,-1.70819312109417,-6.4999999999998,6.5
8.9,-0.2530621,0.934302,4.4542177120707,0.161731865520153,1.98262625259494,-2.11771300882154,-0.240931532013042,0.11187054643419,0.755129834706044,-1.66662667057969,-6.49999999999999,6.5
8.91,-0.2377284,0.9263281,4.80762681250925,0.16226153030505,2.12156496758674,-2.09374758950309,-0.219715882337175,0.0909330705391586,0.832637369942195,-1.6241769147012,-6.5,6.5
8.92,-0.2196642,0.9158821,5.13509637026541,0.162491211757507,2.25750374761711,-2.07824025472751,-0.197140844861004,0.0701506679918836,0.910850553274801,-1.58104264367235,-6.5,6.5
8.93,-0.1982247,0.9033852,5.43643686644968,0.162408020974233,2.3950772442703,-2.06706078338316,-0.173190072418301,0.049480060158052,0.990586938614439,-1.53764665730217,-6.5,6.5
8.94,-0.1735927,0.8889288,5.70392899851141,0.162009964067905,2.53164550961171,-2.05914257067147,-0.147873617322184,0.0288886344513373,1.07060181985609,-1.49426553861223,-6.5,6.5
8.95,-0.1460897,0.8723087,5.9323744650013,0.161303989398641,2.66363841794685,-2.05594605726329,-0.121237233142715,0.00832917387870443,1.14969099606476,-1.45119130503713,-6.5,6.5
8.96,-0.1158304,0.8535827,6.12048009491191,0.160304986822024,2.78953162032944,-2.05658964175481,-0.0933419169394208,-0.0122367225388436,1.22730801519746,-1.40867634022916,-6.5,6.5
8.97,-0.08274476,0.8336833,6.26888592555905,0.159019871381243,2.90950187870347,-2.0529526069666,-0.0642468981523861,-0.0327662486085096,1.30326630463358,-1.36651112705391,-6.5,6.5
8.98,-0.04772516,0.8116158,6.3779345407421,0.157485089781038,3.01575701198168,-2.05367336638626,-0.0340893280325693,-0.0533029822723722,1.37664309740039,-1.32533641669374,-6.5,6.5
8.99,-0.01063405,0.7888726,6.450935285717,0.155683497696894,3.10980107294126,-2.04592222317913,-0.00299131730315673,-0.0737622045041636,1.44781900537951,-1.28428137231277,-6.5,6.5
9,0.02769491,0.764576,6.49049410178703,0.153661123673479,3.1850295842314,-2.03773894086409,0.0288589785391573,-0.0941395939128044,1.51669394466686,-1.24406284631756,-6.5,6.5
9.01,0.06658097,0.7388467,6.49946164493451,0.151439216566422,3.23678724696185,-2.02817956096992,0.0612268510087758,-0.114421389522504,1.58367005233656,-1.20466414352415,-6.5,6.5
9.02,0.1064084,0.712656,6.47996404310516,0.148980064089229,3.26981336418246,-2.0093035099442,0.0939249846506004,-0.134514424621946,1.64935308268453,-1.16516055126061,-6.5,6.5
9.03,0.1450496,0.6845216,6.43297239835588,0.14641165018196,3.26772271244404,-1.99432930480887,0.126602211775041,-0.154457717670034,1.71456606836359,-1.12725461355103,-6.5,6.49999999999999
9.04,0.185831,0.65725,6.35989527973443,0.143518246576414,3.26102411726404,-1.95963316774175,0.159212452947681,-0.174054049347452,1.77885007406889,-1.08760857461181,-6.5,6.49999999999999
9.05,0.2250326,0.6286739,6.25894205318145,0.140519074157914,3.21921532346099,-1.92511170544486,0.191404606182291,-0.1933051664019,1.8440562196675,-1.04910461546418,-6.5,6.49999999999997
9.06,0.2649375,0.6000405,6.13155008071485,0.137304937807998,3.16441257999216,-1.88057285177758,0.223048731982213,-0.212110894919676,1.9091893935766,-1.01007330378264,-6.5,6.49999999999991
9.07,0.3038501,0.5710267,5.97447849263342,0.133938698569716,3.08395544491706,-1.8298175506716,0.253888286431383,-0.230409070426392,1.9757599405368,-0.971085319359421,-6.5,6.49999999999967
9.08,0.3419902,0.5416648,5.78644562932981,0.13044741050657,2.98231036083181,-1.77341304974491,0.283711390039701,-0.248143200923841,2.04384361185794,-0.932188772100686,-6.5,6.49999999999855
9.09,0.3791248,0.512183,5.5649728777955,0.126824591046349,2.85996395591347,-1.71028896380082,0.312311029598836,-0.265246090561849,2.1138881040802,-0.893108958604954,-6.5,6.49999999999203
9.1,0.4154055,0.4824268,5.30922409978878,0.123084368270587,2.72069852345185,-1.64269423881679,0.339518014833355,-0.281673032950017,2.18576939741778,-0.854239526019766,-6.5,6.49999999994747
9.11,0.4505105,0.4526441,5.01626619624547,0.119144932793711,2.56417039224903,-1.56937463413762,0.365159718755845,-0.297366779291394,2.2599789559863,-0.815245267063072,-6.5,6.49999999955985
9.12,0.4845116,0.4228669,4.68605103833143,0.114945984304814,2.39345110289783,-1.49101537515234,0.389094229784823,-0.312276933042917,2.33631100294342,-0.776200565503985,-6.5,6.49999999529346
9.13,0.5173991,0.393127,4.31940677449689,0.110411909249968,2.21077865577035,-1.40828229651986,0.411202016342527,-0.326359756008116,2.41457833985242,-0.737183374458111,-6.5,6.49999993536726
9.14,0.5491799,0.3634737,3.91885137306891,0.105447721170464,2.01842885185066,-1.32166886286562,0.431386304861033,-0.339576444636772,2.4944488892378,-0.698235838236465,-6.5,6.49999884464002
9.15,0.5798671,0.3339527,3.48818117410926,0.0999444356050639,1.81860616193507,-1.23168563476671,0.449572366480384,-0.351893300984439,2.57547382781207,-0.659407670394243,-6.49999999999985,6.49997271012214
9.16,0.609542,0.3046263,3.03115677173414,0.0937812656880329,1.61395050277532,-1.13868530405737,0.465711871508137,-0.363280154025013,2.65694568376559,-0.620709282383583,-6.49999999996451,6.49912850254795
9.17,0.638583,0.2759556,2.55639761579923,0.0864169704524644,1.40938109053036,-1.03969632642237,0.479805682413441,-0.373677117289236,2.737284732346,-0.581221082634908,-6.49999998517877,6.45578315408862
9.18,0.6659778,0.2468119,2.05327605740003,0.0586864499453737,1.19787228678179,-0.94525804663229,0.491784405281259,-0.383129697755559,2.81878344006789,-0.543835143257809,-6.49998410703384,4.73618865172977
9.19,0.6929388,0.2186082,1.5548877834722,0.00195149032197548,0.991486379945904,-0.84386292465333,0.501699269080718,-0.391568327002092,2.89737299907901,-0.505148200477181,-6.46679251888403,0.17067156692924
9.2,0.7188448,0.1908423,0.0401349977306341,1.2400453744118e-05,0.786039742668599,-0.740937322640491,0.509559666507404,-0.398977700228497,2.97447844230317,-0.466639365101725,-0.238757264073105,0.00116491408946364
9.21,0.7436537,0.1636095,2.0474682422209e-06,5.06039069663921e-08,0.58249533386379,-0.63650026977033,0.515384619846042,-0.405342702926201,3.04983486298931,-0.42821190081382,-2.26672318142591e-05,5.00060648135268e-06
9.22,0.7674201,0.1371866,2.32419540574047e-11,1.27540685039258e-10,0.382525225376625,-0.529069132745455,0.519209872099808,-0.410633394253655,3.12296188697057,-0.389279635093085,-1.93977901621563e-09,1.28172818185169e-08
9.23,0.7897516,0.1114476,-6.15879754811647e-15,2.42669608804233e-13,0.183935852343957,-0.42065968694704,0.521049230623247,-0.414839991123126,-3.08836329427024,-0.350360479701322,-8.54991466112663e-13,2.4266356882764e-11
9.24,0.8114978,0.0876313,5.5074914396693e-17,2.60372770734276e-16,-0.00499197187102141,-0.301776222986824,0.520999310904537,-0.417857753352994,-3.02055050990883,-0.308138242687319,-4.52655210129789e-14,2.64021530737256e-14
9.25,0.8307703,0.06370175,-8.406401473734e-15,9.23947374507631e-19,-0.199438535855521,-0.191023484747866,0.519004925545982,-0.419767988200473,-2.91278780677278,-0.268717603870417,-1.16642850902788e-12,1.0159031295645e-16
9.26,0.8481418,0.04067684,-2.36124571039318e-11,1.77764323409948e-20,-0.392867600711021,-0.0800086768655959,0.515076249538872,-0.420568074969129,-2.84450563092181,-0.229153162652088,-2.42691794218209e-09,2.45880872648143e-18
9.27,0.863207,0.0182959,-2.20686139000946e-07,4.24637101232136e-21,-0.587402104448628,0.0283263980928581,0.509202228494386,-0.4202848109882,-2.77610561610217,-0.19036114361216,-2.21173119198285e-05,1.09472752184716e-18
9.28,0.8752664,-0.00400942,-0.00205325162730027,1.4442025477399e-21,-0.787414804713741,0.128741756526217,0.501328080447248,-0.418997393422938,-2.70607688545521,-0.154156283793543,-0.201410947651733,7.99791709048712e-18
9.29,0.8856736,-0.02486822,-0.0732750834006172,-6.24404986691868e-19,-0.979843986821912,0.23261292854653,0.491529640579029,-0.416671264137472,-2.63849689937119,-0.116304069438565,-6.43488533632231,5.59912224383989e-16
9.3,0.8949606,-0.04402874,-0.084534370702216,6.72262892378489e-16,-1.15957424544552,0.341036330931288,0.479933898124574,-0.41326090082816,-2.57455299521037,-0.0761932363543943,-6.49992392428293,1.83391105991555e-13
9.31,0.9000551,-0.06423792,-0.0961220504705524,2.44674984161582e-13,-1.35190064577171,0.43004657873076,0.466414891666857,-0.408960435040852,-2.50672553887395,-0.0427754790622245,-6.49999988917584,3.03597863324538e-11
9.32,0.9042059,-0.08299159,-0.105473746237568,1.96161308740896e-11,-1.52749067990646,0.521471325466216,0.451139984867792,-0.40374572178619,-2.44316276969395,-0.0077260811218723,-6.4999999994919,5.93910192406302e-09
9.33,0.9067779,-0.1010063,-0.113068691400519,-1.42736801954663e-08,-1.69177632850305,0.60852298865867,0.434222221582762,-0.397660491899603,-2.38194915494889,0.0264617495883967,-6.49999999999495,7.7211869454704e-07
9.34,0.9080683,-0.1180003,-0.119453811243943,-3.85021342841683e-06,-1.84208429386757,0.693308351281175,0.415801378644086,-0.390727408386791,-2.32336927187362,0.0607064355123906,-6.4999999999999,7.14342636608536e-05
9.35,0.9084483,-0.1338809,-0.12499605986741,-0.000448569608576544,-1.97544228279569,0.77620219695963,0.396046955816129,-0.382965386417195,-2.26769200723747,0.0952727477707472,-6.5,0.00475170242294309
9.36,0.9080757,-0.1484846,-0.129965361042154,-0.0308750746911236,-2.09101101086787,0.8581480624375,0.37513684570745,-0.37438390579282,-2.2146755392375,0.130671981158218,-6.5,0.232746736167976
9.37,0.907368,-0.1615839,-0.134468514704263,-0.667075773055205,-2.18599187951386,0.940547163732063,0.353276926912312,-0.364978434155499,-2.16447883244862,0.167634514019638,-6.5,3.95681900672511
9.38,0.9063144,-0.1731103,-0.138559965786319,-1.30603539567955,-2.26151056188576,1.02336055485998,0.330661821293454,-0.3547448286069,-2.116516304081,0.206326983580981,-6.5,6.38210673655719
9.39,0.905036,-0.1829475,-0.142255910466139,-1.57968833387215,-2.31764066832906,1.10694200162966,0.307485414610164,-0.343675408590603,-2.07047182865219,0.247092289184606,-6.5,6.49595201007228
9.4,0.9035879,-0.190965,-0.145584310733864,-1.85009381687742,-2.35513336050928,1.19172837167696,0.283934081005071,-0.331758124873833,-2.0259671761895,0.290324990679547,-6.5,6.49984381813275
9.41,0.901906,-0.1970302,-0.148581033174105,-2.13821431189375,-2.37579384297264,1.27812900672168,0.260176142575344,-0.318976834806617,-1.98252072803773,0.336420834294479,-6.5,6.49999326754484
9.42,0.8998732,-0.2009381,-0.15127652066925,-2.44495087837341,-2.38183354366446,1.36710521307614,0.2363578071387,-0.305305782675855,-1.93966017836101,0.38601768947245,-6.5,6.49999968782625
9.43,0.8972982,-0.2025773,-0.153694280036877,-2.76659106695904,-2.37599674869336,1.45874247132364,0.212597839651766,-0.290718357962619,-1.89690836321056,0.43936881075327,-6.5,6.49999998447282
9.44,0.8939251,-0.2017092,-0.155847454070106,-3.10274913363631,-2.36141790699334,1.55415419067468,0.188983660581833,-0.275176816055872,-1.85381279067135,0.497128859773091,-6.5,6.49999999920006
9.45,0.8895111,-0.1981217,-0.157734549837013,-3.453216926887,-2.34092226749563,1.6541130482265,0.165574437906876,-0.258635685573607,-1.81003556896253,0.55973052732998,-6.5,6.49999999995808
9.46,0.8837901,-0.1915986,-0.159343158001037,-3.8163350983848,-2.31733254205031,1.7593266611601,0.142401112486373,-0.241042418962006,-1.76532471836085,0.627445572591593,-6.5,6.49999999999779
9.47,0.876554,-0.1818939,-0.160650453979394,-4.18876102976387,-2.29277784593287,1.87065405587077,0.119473334027045,-0.222335878403298,-1.71958421288431,0.700403940401928,-6.5,6.49999999999989
9.48,0.8676754,-0.168703,-0.161628682424578,-4.56405704189426,-2.26854573651014,1.98932216912999,0.0967878766619432,-0.202442656711999,-1.67286582095295,0.778586115065159,-6.5,6.49999999999999
9.49,0.8569968,-0.1518281,-0.162251462672802,-4.93089048939946,-2.24606185321523,2.11551599018155,0.0743272581297909,-0.181287496810183,-1.62529234504214,0.861235789714329,-6.5,6.5
9.5,0.8446755,-0.130788,-0.162496627865584,-5.27954951704465,-2.22401248141869,2.25170249935806,0.052087133315604,-0.158770471816603,-1.5771433200155,0.947960148383541,-6.5,6.5
9.51,0.8305266,-0.1057289,-0.162351216810356,-5.59387063346927,-2.20402246740943,2.39486189494584,0.0300469086415097,-0.134821852867144,-1.52863404629299,1.03636746171632,-6.5,6.5
9.52,0.8144897,-0.07679861,-0.16181129632594,-5.86324829142808,-2.18653671375962,2.54216170531792,0.00818154150391346,-0.109400235813965,-1.48005967311013,1.12438208047648,-6.5,6.5
9.53,0.7969566,-0.04377114,-0.160881406709198,-6.08383649979496,-2.16819464124579,2.69407571592343,-0.0135004049085444,-0.0824594786547305,-1.43162518704119,1.2109363019419,-6.5,6.5
9.54,0.777569,-0.007359026,-0.159578247858852,-6.25261977059771,-2.15213535554755,2.84321385845487,-0.0350217584640199,-0.0540273400701818,-1.38367688170209,1.29395356503494,-6.5,6.5
9.55,0.7576851,0.0328753,-0.157898820949114,-6.37395169621475,-2.1270045175193,2.99236280588786,-0.0562918036392129,-0.0241037120113032,-1.33574089113296,1.37349091082558,-6.5,6.5
9.56,0.7362654,0.07550625,-0.155882464954227,-6.4513480806635,-2.10230513389174,3.12861321561677,-0.0773148549781304,0.00718242014486447,-1.2885323089547,1.4483380685649,-6.5,6.5
9.57,0.7135959,0.1199469,-0.153551702120843,-6.49127475196824,-2.07577481109942,3.24717629574411,-0.0980726030891246,0.0396541831023055,-1.24201980803203,1.51896356518278,-6.5,6.5
9.58,0.6898488,0.1656462,-0.150930610413359,-6.4992360164308,-2.04629169926344,3.3440797527824,-0.118535520081759,0.0730949806301295,-1.19618518117767,1.5861323624758,-6.5,6.5
9.59,0.6649094,0.2117784,-0.148062445260914,-6.47924119424346,-2.01522012763176,3.41355166288652,-0.138687721358077,0.107230497258995,-1.1512755581967,1.65075833783821,-6.5,6.5
9.6,0.6389705,0.2579404,-0.14497286647364,-6.43363206736143,-1.98127876314483,3.45399470135446,-0.158500508989525,0.141770444272539,-1.10718880412323,1.71385563279713,-6.49999999999999,6.5
9.61,0.6118494,0.3034509,-0.141722010057732,-6.36303500511647,-1.94641657528567,3.46183779349652,-0.177964674742382,0.176388822207504,-1.06427493679702,1.77649731560684,-6.49999999999998,6.5
9.62,0.5840604,0.3483438,-0.138297463165467,-6.26696806031471,-1.90666151300795,3.43996307421679,-0.197031289872461,0.210788452949672,-1.0219146768463,1.83944074514226,-6.49999999999995,6.5
9.63,0.5557066,0.3922498,-0.134724937348054,-6.14363164425084,-1.8618041234764,3.38787604742208,-0.215649331107225,0.244667213423893,-0.980044954795966,1.90354294452413,-6.49999999999985,6.5
9.64,0.5263752,0.4341494,-0.131106333450243,-5.98837410795008,-1.81595601750764,3.29993958838891,-0.233808891282301,0.277666609307782,-0.939430165745462,1.97029763721921,-6.49999999999952,6.5
9.65,0.4970287,0.4751328,-0.127334378136804,-5.80007267344053,-1.76151773136937,3.18872924187477,-0.251424068595995,0.30955390172653,-0.898529372009221,2.03922091571405,-6.49999999999801,6.5
9.66,0.4680082,0.5153103,-0.123341312347941,-5.57654801395448,-1.69672068695736,3.05781381115097,-0.268391275465569,0.34013203983804,-0.856855656951425,2.11043322991211,-6.49999999998841,6.5
9.67,0.4380406,0.5525771,-0.119320369170877,-5.30363547810939,-1.63335945301673,2.89223395105063,-0.284724869995736,0.369054379348546,-0.816935050702578,2.18725695807477,-6.4999999999318,6.5
9.68,0.4076909,0.5875999,-0.115118826849783,-4.97750632953159,-1.56704543279244,2.70149361098821,-0.30039532432366,0.396069315458428,-0.777753373039985,2.26929168966487,-6.49999999953547,6.5
9.69,0.377016,0.6203708,-0.110669124373357,-4.59213922310187,-1.49797182672915,2.48889103477979,-0.315375042590952,0.420958225806226,-0.739308012262237,2.35692394208673,-6.49999999631158,6.5
9.7,0.3461322,0.6509455,-0.105879276301408,-4.14387620615319,-1.42584373825779,2.25813004084343,-0.32963347997353,0.44353952621466,-0.701469067286914,2.45019839469137,-6.49999996500506,6.5
9.71,0.3150851,0.6794578,-0.100666884834499,-3.63337796466209,-1.35099790021987,2.01338377362849,-0.343143458975729,0.463673363950945,-0.664257577975509,2.54865112446576,-6.4999996005953,6.5
9.72,0.2839726,0.7060807,-0.0949325966870072,-3.06363901173925,-1.27332735387404,1.7589002220159,-0.355876732514469,0.481262366171104,-0.627575299482095,2.65129492642557,-6.49999438551147,6.49999999999942
9.73,0.2529947,0.731052,-0.0887275505670305,-2.43916015958235,-1.1919093703626,1.49918295282349,-0.367795826218095,0.496254195699339,-0.591093466299375,2.7565205095946,-6.49989691086278,6.49999999922143
9.74,0.2222842,0.7545675,-0.082356257161039,-1.77995572510438,-1.10648197349739,1.23805032849609,-0.378860645953069,0.5086346989843,-0.554647545846226,2.86249542408382,-6.49741847561824,6.49999696172596
9.75,0.1920677,0.7768461,-0.0751681006991941,-1.13046890071032,-1.01605265682097,0.979207415561334,-0.389021172521279,0.518426773139913,-0.517852866564434,2.96716758937478,-6.4054837687748,6.461646766754
9.76,0.1625553,0.7980727,-0.037534573694569,-0.00183327854318888,-0.919885209799638,0.725756524046858,-0.398220024619275,0.525684338380382,-0.480375005122195,3.06867533715325,-3.44301176842497,0.0269091634872437
9.77,0.1339362,0.8183433,-0.000695793174004753,2.51889179193757e-09,-0.817517046949682,0.479767923148799,-0.406395195088772,0.53048201761187,-0.441936816370917,-3.11746014722499,-0.0677467249591886,3.43503531632452e-07
9.78,0.1064024,0.8376963,-3.24931320480358e-06,-1.71323913080168e-14,-0.708543248756357,0.242615189572618,-0.413480627576335,0.532908169507596,-0.402254880885455,-3.02561880741695,-0.000326035118707888,1.55102942788887e-11
9.79,0.07999638,0.8559924,-7.77025303490348e-09,7.39902468126636e-16,-0.593874783541253,0.0140249131409931,-0.419419375411748,0.533048418639006,-0.361431794618907,-2.93883712094718,-7.78197130089037e-07,1.44131796711527e-13
9.8,0.05476894,0.8730672,-9.86560390844222e-12,3.70299897995434e-14,-0.474319935188504,-0.206518247799025,-0.424162574763633,0.530983236161016,-0.319536500984071,-2.86265594410854,-9.91808591907642e-10,3.94813104370135e-12
9.81,0.03070369,0.8886852,-8.60303286434137e-15,1.73448822838827e-10,-0.351210666935373,-0.420127872027905,-0.427674681432987,0.526781957440737,-0.276808797929317,-2.78538261741344,-9.22523963075299e-13,1.73567711750791e-08
9.82,0.007572701,0.9024275,-1.10154034308076e-17,2.64812265040259e-06,-0.227543591477762,-0.629389804342573,-0.429950117347764,0.520488059397311,-0.23405811679485,-2.71074030205112,-1.46152009271358e-15,0.000261025064634274
9.83,-0.01494326,0.9139382,-6.25579775797501e-20,0.020189855323619,-0.106828779944159,-0.836180562746094,-0.431018405147206,0.51212625376985,-0.192320173581425,-2.63788829771745,-1.53106787960415e-17,1.77087576981041
9.84,-0.03688371,0.9230872,4.57473161629739e-23,0.0858396221818314,0.0100430111144476,-1.04036213577741,-0.430917975036061,0.501722632412076,-0.151786022802489,-2.56670553323084,-3.45572922271179e-18,6.49517993710248
9.85,-0.05846248,0.9296689,1.97323916158109e-20,0.097687914675277,0.120838029951464,-1.24244755529154,-0.429709594736547,0.48929815685916,-0.113131918283386,-2.49689614397142,-1.98604734304362e-17,6.49999658343287
9.86,-0.08001155,0.9336788,-3.18409932834201e-18,0.107378946672212,0.222570204199222,-1.44124971373861,-0.427483892694555,0.474885659721774,-0.077341163788683,-2.42866475047612,-9.18771658307115e-16,6.49999999428655
9.87,-0.1016185,0.9354296,-7.16088977534609e-16,0.115237286522692,0.314580326230917,-1.63307025354738,-0.424338089432245,0.4585549571863,-0.0446115526687593,-2.3627722968061,-8.99366354576683e-14,6.49999999997819
9.88,-0.1230611,0.9352033,-4.92603948292445e-14,0.121866665261484,0.398887505180795,-1.81481730264004,-0.420349214380437,0.4404067841599,-0.0141839393547209,-2.29963443945024,-9.22747205007508e-12,6.49999999999982
9.89,-0.1441253,0.933674,6.80500996375561e-12,0.127609934999287,0.477330787106879,-1.9804691819726,-0.415575906509369,0.420602092340174,0.0146538340874485,-2.24012207433517,-7.57317401524628e-10,6.5
9.9,-0.1644021,0.9313148,1.78592425492195e-09,0.132705958451621,0.553244807578565,-2.12628048054577,-0.410043458433583,0.399339287534716,0.0431933634194206,-2.18439731481482,-5.15591734868017e-08,6.5
9.91,-0.1835581,0.9286593,2.10515408516742e-07,0.137219040471875,0.629080051161921,-2.24845049866844,-0.403752657921964,0.376854782548032,0.07244674256892,-2.13253606092654,-3.11533991708856e-06,6.5
9.92,-0.2012634,0.9260057,1.87148727329183e-05,0.141182579092181,0.707055013149152,-2.34560611385086,-0.396682107790472,0.353398721409523,0.103388015651858,-2.08416271622807,-0.000180600653444351,6.5
9.93,-0.2169857,0.9237828,0.00162978566354795,0.144629781404939,0.790859251871773,-2.4155792112704,-0.388773515271754,0.329242929296819,0.137617688177475,-2.03908235311075,-0.0116711132470287,6.5
9.94,-0.2305874,0.9223939,0.125804936928975,0.147607330498244,0.880576092821087,-2.45678195637629,-0.379967754343544,0.304675109733057,0.175414971108965,-1.99705626488733,-0.715309893917721,6.5
9.95,-0.2417777,0.9216911,1.2607805459685,0.150201807089628,0.977502860940334,-2.47252383288961,-0.37019272573414,0.27994987140416,0.217559914536529,-1.95726172709099,-5.85914933364101,6.5
9.96,-0.2503552,0.9216121,1.6865367871638,0.152472409477798,1.08203948754257,-2.46531114394041,-0.359372330858715,0.255296759964756,0.264507867237691,-1.91912303640608,-6.49079411731082,6.5
9.97,-0.2561719,0.9217655,2.01382734701261,0.154479502956963,1.19405638565568,-2.44032815289463,-0.347431767002158,0.23089347843581,0.316501630171664,-1.88184994016076,-6.49987996683494,6.5
9.98,-0.2593737,0.9219232,2.36358355939974,0.156254665105849,1.31095539948725,-2.40109880037081,-0.334322213007285,0.206882490432102,0.372770296957115,-1.84493859163459,-6.49999822413899,6.5
9.99,-0.2599935,0.9216546,2.7283229286324,0.157822524877092,1.43124788868974,-2.35263261533992,-0.320009734120388,0.183356164278703,0.432926822208141,-1.80780388978417,-6.49999996855691,6.5
10,-0.2574973,0.9202422,3.10989911967015,0.159197638989555,1.55822749637356,-2.30196363786453,-0.304427459156652,0.160336527900057,0.498380959467951,-1.76977471526127,-6.49999999940479,6.5
10.01,-0.2523567,0.917475,3.49361294600469,0.160364439122794,1.6865591801246,-2.25136063380215,-0.287561867355406,0.137822921562036,0.56711368664728,-1.7307004224556,-6.49999999998582,6.5
10.02,-0.245005,0.9122691,3.8684241555895,0.161310777901509,1.81165890893986,-2.21013245187001,-0.269445278266008,0.115721597043336,0.637420486509404,-1.69006099973633,-6.49999999999953,6.5
10.03,-0.233746,0.9059524,4.255522913081,0.161992287281845,1.9469198833559,-2.16677179813669,-0.249976079432449,0.094053879061969,0.713928232007465,-1.64869591649395,-6.49999999999999,6.5
10.04,-0.2187615,0.8979228,4.63889189220922,0.162393441390902,2.08905241113467,-2.12672535992478,-0.229085555321102,0.0727866254627212,0.794877082451815,-1.6064769343331,-6.5,6.5
10.05,-0.2012284,0.8871011,4.99349246732985,0.162495481259428,2.22677412066421,-2.09891240814042,-0.20681781411446,0.051797501381317,0.876129272723602,-1.56344908135888,-6.5,6.5
10.06,-0.1800932,0.874208,5.32323000369795,0.162284943955947,2.36817344816537,-2.07652058505009,-0.183136079632806,0.0310322955308161,0.959565222587859,-1.52010455670336,-6.5,6.5
10.07,-0.155691,0.8591911,5.61678858134091,0.161760296937012,2.50918271377676,-2.05966796089379,-0.158044252495039,0.0104356159218781,1.04332923769364,-1.47675760353537,-6.5,6.5
10.08,-0.1278609,0.8422577,5.8700587137683,0.160928364134736,2.65016251366302,-2.04626868460195,-0.131542627358408,-0.0100270709241414,1.12681547567461,-1.43366229632974,-6.5,6.5
10.09,-0.09650505,0.8238414,6.08002430261064,0.159798488198763,2.79092241395172,-2.03251460692543,-0.103633403218891,-0.0303522169933956,1.20927390738518,-1.39089031256362,-6.5,6.5
10.1,-0.06183013,0.8043783,6.24498537124865,0.158377001311663,2.9287724015082,-2.01489389414744,-0.0743456792038091,-0.05050115593487,1.28968644108605,-1.34835574966941,-6.5,6.5
10.11,-0.02438321,0.7835847,6.36574202985157,0.15668375269121,3.05845527546944,-1.99616684866845,-0.0437611264491147,-0.0704628244215546,1.3671453600426,-1.30631457839805,-6.5,6.49999999999999
10.12,0.01512013,0.7613581,6.44557174259749,0.154743718832839,3.1738119588492,-1.97737397104403,-0.0120230068606227,-0.0902365641319949,1.44126269638654,-1.26496704745894,-6.5,6.49999999999999
10.13,0.05653883,0.7387185,6.48893232389572,0.152531877224072,3.27402781952411,-1.95018130603882,0.0207172713346184,-0.109738377192383,1.51241731606406,-1.22352008960394,-6.5,6.49999999999998
10.14,0.09930298,0.7154289,6.49966595532895,0.150070478704137,3.35492058869193,-1.91740101295256,0.0542664772215378,-0.128912387321909,1.58093709789832,-1.18222963903203,-6.5,6.49999999999996
10.15,0.1434776,0.6921548,6.48097043377666,0.147324571133187,3.41802108218301,-1.87418946611383,0.0884466880433679,-0.147654281983047,1.64735375406517,-1.14039563377543,-6.5,6.49999999999987
10.16,0.1869793,0.6673027,6.43487855896588,0.144448036821695,3.4471362302203,-1.8348528961345,0.122918050345571,-0.166002810944392,1.71250355755255,-1.10004746643435,-6.5,6.49999999999965
10.17,0.2294802,0.6410975,6.36180945515302,0.141466907288761,3.44211918186665,-1.79744913795782,0.157339242164237,-0.18397730232397,1.77741882584798,-1.06102907425119,-6.5,6.49999999999907
10.18,0.2718104,0.614636,6.26183140900428,0.138291906484859,3.41261797537618,-1.75297577858628,0.191465421917999,-0.201507060109833,1.84240346776662,-1.02184788905044,-6.5,6.49999999999697
10.19,0.3134742,0.5879651,6.13374970308664,0.134940284866269,3.35671978084036,-1.70190188350724,0.225032619726403,-0.218526078944905,1.90816814998784,-0.982513527687823,-6.5,6.49999999998774
10.2,0.3537301,0.5606133,5.97450763886387,0.131511724300332,3.27082302139162,-1.64899077450211,0.257740849940319,-0.235015986689927,1.9757485562635,-0.943906672421419,-6.5,6.49999999994584
10.21,0.3924,0.532809,5.78064693883585,0.128007824677288,3.15647606603936,-1.59283539435406,0.289305610600713,-0.250944340633467,2.0457980540917,-0.905731213191513,-6.5,6.49999999972573
10.22,0.4292577,0.5045788,5.54770441744053,0.124431403354831,3.01489716178805,-1.53383819658857,0.319454582218593,-0.266282722599353,2.11900573180123,-0.868046808976682,-6.5,6.49999999840947
10.23,0.4642242,0.4760716,5.27112716012959,0.120730179277018,2.84860386577797,-1.47137408439581,0.347940620876373,-0.280996463443311,2.19584849580309,-0.83067655249891,-6.5,6.49999998909006
10.24,0.4972081,0.447395,4.94617775394019,0.116845136826631,2.65997745630928,-1.40523615746483,0.374540395439465,-0.295048825017959,2.27674398511735,-0.79352190305343,-6.5,6.4999999094157
10.25,0.5283173,0.4186866,4.57040980780476,0.112695471909675,2.45299632481478,-1.33501105793562,0.399070358687613,-0.308398935597315,2.36163368897209,-0.756419623224285,-6.5,6.49999905767942
10.26,0.5576113,0.3900449,4.14325674300825,0.108192211323755,2.23104048969775,-1.26067243765468,0.421380763584591,-0.321005659973862,2.45032228676623,-0.719290253403601,-6.5,6.49998738972935
10.27,0.5853618,0.3616118,3.66962217161403,0.10321154347764,1.99906269603418,-1.18186321625771,0.441371390544933,-0.332824292136439,2.54187976978613,-0.68195536105449,-6.5,6.49977304393723
10.28,0.6117536,0.3334616,3.15517408571116,0.0975555788725785,1.76096322388564,-1.09884747765387,0.458981022783789,-0.343812766912978,2.63525963624271,-0.644393379384231,-6.49999999999935,6.49435549582877
10.29,0.6370293,0.3056345,2.6063060663878,0.0887086793703194,1.52083659428119,-1.01217714829848,0.474189388726601,-0.353934538395963,2.72903049731278,-0.606663106248487,-6.4999999994971,6.30744361096335
10.3,0.6614257,0.278203,2.0354495532179,0.0330400522969211,1.28240780688909,-0.922116265697767,0.487013466795492,-0.36315570105294,2.82163742782626,-0.568740740950622,-6.49999911109732,2.53160966967233
10.31,0.6850882,0.2511657,1.47290853592422,0.000655385389071577,1.04833300817579,-0.829542351316377,0.49749679687725,-0.371451124566104,2.91179953220753,-0.530788971334314,-6.49617653361602,0.0543622786791176
10.32,0.7082353,0.2245626,0.134916921125996,5.38161483418436e-06,0.821620684786971,-0.734935492266459,0.505713003725119,-0.378800479488769,2.99815260357793,-0.492856511888123,-0.927898748941158,0.000482225124572878
10.33,0.7308227,0.198429,2.82484427364231e-06,2.932998526628e-08,0.602816179056852,-0.638790834811196,0.511741165515688,-0.385188387836881,3.08035541944628,-0.455000002261331,-5.18246761568561e-05,2.80579604625054e-06
10.34,0.753594,0.1737433,-1.79446841093333e-11,6.86213798878591e-11,0.398859785255013,-0.533782348609058,0.515729763368238,-0.390526211322971,-3.1273075854827,-0.414652174712401,-3.34449584915181e-09,6.85069502716108e-09
10.35,0.7739899,0.1472892,-8.93589318498631e-16,4.13712109280453e-13,0.188806551749856,-0.447896349132712,0.517617828885737,-0.395005174814299,-3.05060776426088,-0.381203474137314,-7.40634418520633e-13,4.15596199023177e-11
10.36,0.7950262,0.1233618,-2.07151943400265e-17,7.87727060487966e-16,-0.000583068348682048,-0.344644988366014,0.51761199820225,-0.398451624697959,-2.98228266164382,-0.342030768280778,-3.25944658227866e-14,7.87415867565651e-14
10.37,0.8132952,0.09778408,-7.61820818632094e-15,6.20915346242834e-18,-0.197819073321185,-0.260638245009154,0.515633807469038,-0.40105800714805,-2.87132284424218,-0.30990502190973,-8.33272401905212e-13,6.28573690089351e-16
10.38,0.830873,0.07370882,-1.29623530396626e-11,6.154374791874e-20,-0.383821235589352,-0.168802650106421,0.511795595113144,-0.402746033649114,-2.80623464482705,-0.275107277753554,-1.29635119347228e-09,6.63142403685547e-18
10.39,0.8465977,0.05007848,-7.42074495722868e-08,2.60915151107742e-21,-0.567834159343739,-0.0791252323676801,0.506117253519707,-0.403537285972791,-2.74217839479362,-0.241140273679596,-7.45060773343129e-06,3.28628619906034e-19
10.4,0.8607991,0.02743155,-0.000304052777859165,7.05871095053503e-22,-0.746059931891978,0.012424271015874,0.498656654200787,-0.403413043262632,-2.68015257670222,-0.206399954105076,-0.0288031577782152,1.29033829024436e-19
10.41,0.8721853,0.004768583,-0.0710287020951064,9.75118070163207e-22,-0.928410972360282,0.0968268754245045,0.489372544477184,-0.402444774508387,-2.61686969692432,-0.174216500569661,-5.96690712155186,4.56254905210015e-19
10.42,0.8808923,-0.01792578,-0.0882615999896098,-3.57202706153783e-21,-1.11218638002011,0.1739824942347,0.478250680676983,-0.40070494956604,-2.5531499440489,-0.144617857947776,-6.49954092153902,6.75037585474221e-18
10.43,0.8868775,-0.04015601,-0.0988714306338105,-2.64357120204164e-19,-1.29636465486696,0.248066653595821,0.465287034128314,-0.398224283030082,-2.48926528581061,-0.115943669166971,-6.49999927401986,2.39542959796659e-16
10.44,0.8914793,-0.06117662,-0.107417208216027,3.65156812413812e-17,-1.46862439888988,0.324993765803328,0.450600790139415,-0.394974345372049,-2.42836782729867,-0.0857562115252392,-6.49999999690558,1.798550616179e-14
10.45,0.8956822,-0.08037478,-0.11419787077733,2.04564657879108e-14,-1.62065156491862,0.409072753780208,0.434394274490229,-0.390883617834247,-2.37205804330898,-0.0521407182028088,-6.4999999999624,2.79312503764229e-12
10.46,0.8962334,-0.1004572,-0.12046986062237,1.18484658649253e-12,-1.77986677900924,0.476793175009959,0.416595606700136,-0.386115686084147,-2.31347489358942,-0.0246043305866524,-6.49999999999948,1.60193785460721e-10
10.47,0.8970487,-0.1183259,-0.125722097425441,-6.978436903402e-11,-1.91231957396731,0.554630608751289,0.397472410960463,-0.380569379996634,-2.26011019083035,0.00783565078293134,-6.49999999999998,1.59270058202786e-08
10.48,0.8974769,-0.1346436,-0.130399649352647,-5.4759918938006e-08,-2.02466264052443,0.635748978387021,0.377225784555219,-0.374211890212764,-2.20992715033106,0.0425703170764321,-6.5,1.61102461262093e-06
10.49,0.8977241,-0.1493309,-0.134628194464181,-1.17169193119065e-05,-2.1160744294507,0.719981297118103,0.356065040260712,-0.367012077241583,-2.16265460357238,0.0797401499480716,-6.5,0.000153784280649585
10.5,0.8989342,-0.1617238,-0.138320098055353,-0.00207710072895262,-2.17822085227165,0.811975044448246,0.334282831737996,-0.358892326797101,-2.11940586058008,0.121614752466088,-6.5,0.0168429661644737
10.51,0.8982885,-0.1739484,-0.141861901544501,-0.115453721710618,-2.23629649340465,0.892907543418715,0.311919866803949,-0.349963251362914,-2.07553094400533,0.160159543182964,-6.5,0.714763456481849
10.52,0.8986826,-0.1838293,-0.144943720390352,-1.14020379856423,-2.26637672218923,0.981095143536237,0.289256099582057,-0.340152299927551,-2.03480281670875,0.203596776730285,-6.5,5.6420919842048
10.53,0.8989636,-0.1921954,-0.1477338006182,-1.58407832159675,-2.28004831784787,1.06848794407371,0.266455616403578,-0.329467420486814,-1.99519289385653,0.248602367855396,-6.5,6.47564081268474
10.54,0.8988965,-0.1990133,-0.150272504175741,-1.88072936325838,-2.28049411571318,1.15482561602293,0.243650675246446,-0.317919164326585,-1.95612627985568,0.295252175033832,-6.5,6.49921679954646
10.55,0.8981519,-0.2041826,-0.152591347694182,-2.18468711107483,-2.27150432874299,1.24042699552329,0.220935631959016,-0.305514894371352,-1.91701908569979,0.343885614143041,-6.5,6.49996874514363
10.56,0.8965415,-0.2075289,-0.154697994423185,-2.5005162357385,-2.25545631497381,1.32619700649916,0.198381068809278,-0.29225292430636,-1.87753575345642,0.395114018338827,-6.5,6.49999852886563
10.57,0.8937095,-0.2087045,-0.156597113906584,-2.83037537325419,-2.23595889571387,1.41439562364216,0.17602147985214,-0.278108968069939,-1.83725588468606,0.450165487464008,-6.5,6.49999992543956
10.58,0.8893331,-0.2074041,-0.158277944232655,-3.17584593542493,-2.2160756032981,1.50672495274897,0.153860723819159,-0.263041718542449,-1.79590682641269,0.509977416141801,-6.5,6.49999999615187
10.59,0.8833433,-0.2031729,-0.159713531608805,-3.54115473822049,-2.19652497206256,1.60595210739365,0.131895474098533,-0.246982197468513,-1.7535181627701,0.575849359452931,-6.5,6.49999999981273
10.6,0.8755388,-0.1956226,-0.160878570858935,-3.92568001188654,-2.17905602647559,1.71401287027666,0.110104913833777,-0.229842068765746,-1.71008954446244,0.648465582456464,-6.5,6.49999999999171
10.61,0.8659854,-0.1841137,-0.161744393511122,-4.32833580152408,-2.16305469783027,1.83469465099653,0.0884743668554743,-0.211495122255781,-1.66584136160094,0.728855073267242,-6.5,6.49999999999969
10.62,0.8545058,-0.1685762,-0.162289815038192,-4.73139607633544,-2.14994929526728,1.96668341889923,0.0669748739028015,-0.191828288066788,-1.62091059407607,0.815392266945142,-6.5,6.49999999999999
10.63,0.8412627,-0.1485885,-0.162498081398467,-5.12002014048969,-2.13823095250825,2.1115928789539,0.045592564377719,-0.170712359277249,-1.57558381453607,0.907080757233864,-6.5,6.5
10.64,0.8262148,-0.1240003,-0.162361254723574,-5.47534898581058,-2.12818061340472,2.26857452788412,0.0243107582436718,-0.148026613998408,-1.53008136074512,1.00159475276974,-6.5,6.5
10.65,0.8099748,-0.09449217,-0.161878217069178,-5.78380659296176,-2.11466519833532,2.43815905591797,0.00316410626031863,-0.123645023439229,-1.48458368170711,1.09685863228975,-6.5,6.5
10.66,0.7916863,-0.06104306,-0.161056478461813,-6.03149675200597,-2.105081788667,2.6100396908952,-0.0178867116263514,-0.0975446265302765,-1.43937951733558,1.1887166450196,-6.5,6.5
10.67,0.7726073,-0.02321815,-0.159899394464473,-6.2211122139306,-2.08879592418432,2.78639682615939,-0.0387746708681946,-0.0696806582686826,-1.39429235219924,1.27673188125244,-6.5,6.5
10.68,0.7525894,0.01807437,-0.158416061819889,-6.35511489124928,-2.0676648144633,2.95812835901071,-0.0594513190128276,-0.0400993746785755,-1.34941721785482,1.35920990595795,-6.5,6.5
10.69,0.7311457,0.0618099,-0.156632026010742,-6.44088640301634,-2.04620614729882,3.11595397113956,-0.0799133804858158,-0.00893983496717992,-1.30513203988722,1.43579433816614,-6.5,6.5
10.7,0.7086133,0.1072883,-0.154560652755578,-6.48687301000656,-2.02179283991983,3.25412695896957,-0.100131308885014,0.0236014346225158,-1.26133838541745,1.50721602803934,-6.5,6.5
10.71,0.6849227,0.1536686,-0.152229123148171,-6.49995578567359,-1.99537391334627,3.36634695585638,-0.120085048018477,0.0572649041810796,-1.21820229509113,1.57448566609388,-6.49999999999999,6.5
10.72,0.659868,0.2000666,-0.1496801492294,-6.48497258790844,-1.96895632726621,3.44665374819553,-0.139774611291139,0.0917314416630349,-1.17604370591494,1.63882510589204,-6.49999999999999,6.5
10.73,0.6342105,0.2464502,-0.14689323238862,-6.44466633710005,-1.93642957684474,3.49681680363434,-0.159138907059586,0.126699609699378,-1.1341444742154,1.70140441893648,-6.49999999999998,6.5
10.74,0.6073894,0.291953,-0.143942759031482,-6.37986885952565,-1.90309493535131,3.51179166149372,-0.178169856413099,0.161817526314316,-1.09325512861054,1.76340028346018,-6.49999999999994,6.5
10.75,0.5791079,0.3358105,-0.140899585502585,-6.28941907131836,-1.87165022657456,3.48802963055742,-0.196886358678845,0.19669782261989,-1.05386668528783,1.82609796741985,-6.49999999999988,6.5
10.76,0.5510536,0.3791295,-0.137610853799359,-6.17259762784918,-1.82825250060838,3.43795289200157,-0.215168883684929,0.231077351539905,-1.01370450295161,1.88961352570134,-6.49999999999964,6.5
10.77,0.5222269,0.4206561,-0.134225691585278,-6.02522799347813,-1.78235882492276,3.35369710460845,-0.232992471934156,0.26461432258599,-0.974346285276103,1.95545513769327,-6.4999999999988,6.5
10.78,0.4933167,0.4608608,-0.130684913967866,-5.84463441301202,-1.72879373110519,3.24248053983889,-0.250280409245208,0.297039127984379,-0.934794044801906,2.02379909075045,-6.49999999999498,6.5
10.79,0.4640168,0.4990189,-0.127065546614841,-5.62426653368072,-1.67103110257279,3.10126886150857,-0.266990720270936,0.328051816599465,-0.895667552901596,2.09597372899921,-6.49999999997545,6.5
10.8,0.4344561,0.5350132,-0.123340621657673,-5.3577344948775,-1.60871599709446,2.93248865253632,-0.283077880241881,0.357376703124828,-0.856848613275843,2.17272186743609,-6.49999999985617,6.5
10.81,0.4047548,0.5688517,-0.119454625622567,-5.03869976049122,-1.54162268858061,2.73958469785992,-0.298494107127687,0.384772550103427,-0.818231252426043,2.2545404397218,-6.49999999896626,6.5
10.82,0.3750184,0.6005746,-0.115338823346084,-4.66161553950337,-1.46970019006297,2.52614969488689,-0.313191109028316,0.410034047052296,-0.779736692133394,2.34171588998714,-6.49999999068251,6.5
10.83,0.3452687,0.6303042,-0.110927282834216,-4.22371919444031,-1.39361841406037,2.2962999933138,-0.32712729316892,0.432997046985434,-0.741451183530795,2.43412584716747,-6.49999989446743,6.5
10.84,0.3156215,0.6581045,-0.106117629588766,-3.725156321256,-1.31325072864204,2.05344298696443,-0.340259800455341,0.453531476855078,-0.703267283749927,2.53144399034728,-6.49999845088802,6.5
10.85,0.2860158,0.6841975,-0.100842830692301,-3.17044626669201,-1.22995903247306,1.80209983693892,-0.352559390780071,0.471552475224467,-0.665453223162778,2.6325680146393,-6.49997108995174,6.4999999999998
10.86,0.2566293,0.7087448,-0.0949505249375731,-2.56335117219718,-1.1430571498587,1.54597752601846,-0.363989962278658,0.487012250484652,-0.627748190810493,2.73613721972994,-6.49927417923568,6.49999999978842
10.87,0.2275252,0.7319646,-0.0882235747373511,-1.91864552163266,-1.05287598528778,1.28898208584338,-0.374518722131536,0.499902071343086,-0.590149866795013,2.84031563558105,-6.47494993568391,6.49999939847318
10.88,0.1988081,0.7540734,-0.0687552962575001,-1.28147473111968,-0.959405435425154,1.03468634699603,-0.384112776485788,0.510248934813046,-0.552556889702967,2.94312777416179,-5.4481509199123,6.49488680026681
10.89,0.1705673,0.7751893,-0.0049012940120178,-0.0291536952678661,-0.862780479345538,0.785544110850026,-0.392740581279243,0.518104375921546,-0.5149010670991,3.04298697337496,-0.420218412238959,0.29680613926833
10.9,0.1429377,0.7954395,-4.06833899074669e-05,-8.12973489556893e-09,-0.762776577280846,0.543849355457894,-0.400368347052051,0.523542869476125,-0.476999375818236,3.13852157013978,-0.00375455564683794,5.09675480201866e-06
10.91,0.1159735,0.8148199,-1.97573865823798e-07,2.34719112313456e-13,-0.659871698810065,0.310574190870916,-0.406967064040152,0.526648611384834,-0.438870356509068,-3.05406293730715,-1.9307613118999e-05,1.34689585355316e-10
10.92,0.08979398,0.8333255,-5.96727339441911e-10,3.26047150038417e-16,-0.553991682270919,0.086549784682532,-0.412506980862861,0.52751410923166,-0.400357423744292,-2.96869915155731,-5.99016206360518e-08,1.63314708968691e-13
10.93,0.06439303,0.8507675,-1.26353403134623e-12,2.92289670266647e-15,-0.446118277354444,-0.129034931561257,-0.416968163636406,0.526223759916047,-0.361633078299472,-2.8717678134463,-1.26548240136572e-10,3.20176384286242e-13
10.94,0.03976096,0.8669149,-2.43121414610036e-15,3.23896985633427e-12,-0.337198366227497,-0.33732691933195,-0.420340147298681,0.522850490722728,-0.322869238956787,-2.7980207939815,-2.44006611165012e-13,3.23767975329672e-10
10.95,0.01581584,0.8815178,-7.53921083510482e-18,3.14072520452175e-08,-0.228702930826799,-0.539580301531061,-0.422627176606949,0.517454687707417,-0.284426982561402,-2.72727225066679,-7.93220301453002e-16,3.13608200605669e-06
10.96,-0.007633906,0.8941332,-9.24202605722386e-20,0.000319579613056601,-0.122881454604141,-0.7385731465993,-0.42385599115299,0.510068956241424,-0.246961374809538,-2.65829734183825,-1.12217154158565e-17,0.0291584441236593
10.97,-0.03065735,0.9046406,-9.50098760213681e-21,0.0774948107263175,-0.0207776102064372,-0.934219523244501,-0.424063767255054,0.500726761008979,-0.210746057331478,-2.59088857768002,-1.6236978126476e-18,6.16454239587276
10.98,-0.05337105,0.9127676,-7.29307086670544e-21,0.0931849223793849,0.0762838843758615,-1.12770884166574,-0.423300928411296,0.489449672592322,-0.176174598814174,-2.52449645560018,-3.1072569868723e-18,6.49978658904257
10.99,-0.07605549,0.9184446,2.34476238380069e-20,0.103285505170484,0.165773326736748,-1.3184732040849,-0.421643195143928,0.476264940551473,-0.144105897706991,-2.45913544284292,-4.17562421681044e-17,6.49999969956876
11,-0.09832064,0.9218226,1.80794710237552e-18,0.111511219375343,0.250921691482667,-1.50419223424377,-0.419133978229102,0.461223018209035,-0.113322417766557,-2.39525414130355,-1.80412359253643e-15,6.49999999906217
11.01,-0.1206947,0.9229661,-2.03799114268424e-16,0.118451423630427,0.327186318545749,-1.68347712725433,-0.415862115043644,0.444388246936492,-0.0854662839347832,-2.33298246378923,-9.80756351100984e-14,6.4999999999941
11.02,-0.1420778,0.9225522,-4.91517314986026e-14,0.124440530089378,0.403817353066458,-1.85005306650146,-0.41182394151298,0.425887716271477,-0.05703014176808,-2.27345153090162,-7.29742925733739e-12,6.49999999999992
11.03,-0.1631006,0.9206988,-3.38394913513282e-12,0.129801200648508,0.475100582656168,-2.00284843558755,-0.407072935686418,0.405859231915602,-0.0301019679483602,-2.21646597037991,-4.25830350057229e-10,6.5
11.04,-0.1825571,0.9180659,-1.19625209145495e-11,0.134631365124834,0.55089819912348,-2.13650800594823,-0.401563953695183,0.384494151856119,-0.000790690749336299,-2.16261834601772,-3.11330433143174e-08,6.5
11.05,-0.2005454,0.9150139,5.19675510854057e-08,0.138948488867953,0.629527186517954,-2.2487151075127,-0.395268681830004,0.362007000780992,0.0304330405861898,-2.11181279082289,-2.35527616774748e-06,6.5
11.06,-0.2166683,0.9118308,1.16028856695092e-05,0.142770934192989,0.713487479400605,-2.33808407538331,-0.388133807035997,0.338626160027159,0.0647697452465536,-2.06379776244535,-0.000198044869108817,6.5
11.07,-0.2304271,0.908722,0.00210164354668977,0.146137785256795,0.80586694887586,-2.40417847682401,-0.380075137547239,0.314584375258919,0.103746729114386,-2.01821577723379,-0.0202029346980512,6.5
11.08,-0.2417474,0.9059348,0.249351410808444,0.149087002960724,0.905960018827685,-2.44641264060593,-0.371015537358962,0.29012024885286,0.147421278999982,-1.97478658293769,-1.67023717700189,6.5
11.09,-0.2504954,0.903452,1.23604293251411,0.151672635023163,1.01355050845056,-2.46658999404245,-0.360880032274456,0.265454348912435,0.196060515395277,-1.93297645642767,-6.33645295037546,6.5
11.1,-0.2566231,0.9011791,1.59594028005131,0.153940096696574,1.12768345520939,-2.46715100411859,-0.349603197722362,0.240782838871249,0.249617675558348,-1.89226584411196,-6.49838907737224,6.5
11.11,-0.2600651,0.8989466,1.96122532525106,0.155924411860637,1.24757909419492,-2.45108919555074,-0.337127406780413,0.216271946915742,0.308084587013592,-1.85215628888544,-6.49998244927245,6.5
11.12,-0.2608303,0.8965012,2.35359084904993,0.157649617460736,1.3718686086368,-2.42195350902103,-0.323408720694045,0.192052411825531,0.371148648472848,-1.81217099942205,-6.49999977088084,6.5
11.13,-0.2589366,0.8935333,2.76099660749043,0.159127343561102,1.49919304880958,-2.38355375712443,-0.308416790205949,0.168216874254287,0.438425390846235,-1.7718896640187,-6.49999999628471,6.5
11.14,-0.2543387,0.8898064,3.17423549363048,0.160355348190973,1.62879718323392,-2.33884612857581,-0.29212881837361,0.144828412968529,0.50969319040052,-1.73104122175752,-6.49999999992487,6.5
11.15,-0.2473158,0.8849431,3.5830581721357,0.161324445849118,1.75731336047602,-2.29174606400076,-0.27455568476885,0.121910952328522,0.583591312268458,-1.6893727945901,-6.49999999999797,6.5
11.16,-0.2381603,0.8778884,3.97905193951075,0.162020340663522,1.88154422564033,-2.25143346537748,-0.255740242512447,0.0993966176747467,0.658840139587891,-1.64651210170048,-6.49999999999992,6.5
11.17,-0.2246148,0.8713226,4.39104826718257,0.162410787574751,2.01949023029441,-2.19556424385177,-0.235545340209503,0.077440975236229,0.741867670455493,-1.6034435968772,-6.5,6.5
11.18,-0.2090791,0.8620394,4.77098945888725,0.16248921974193,2.1493949397614,-2.15215090869653,-0.214051390811889,0.0559194661492637,0.82430930533765,-1.55944800149219,-6.5,6.5
11.19,-0.1906705,0.8509073,5.12467035782061,0.162239461335225,2.27825006044418,-2.11330190393814,-0.191268890207447,0.0347864471098823,0.908241585962636,-1.51499973369143,-6.5,6.5
11.2,-0.1691872,0.83794,5.44612520409883,0.161656675805316,2.40689820437589,-2.07877169853202,-0.167199908163688,0.0139987301245621,0.993310181622575,-1.47038130908239,-6.5,6.5
11.21,-0.1445997,0.8232564,5.72875944545795,0.160744472066703,2.53469793033414,-2.04744101876324,-0.141852928860347,-0.0064756800630703,1.07862561802006,-1.42584688886158,-6.5,6.5
11.22,-0.116882,0.8068327,5.96805010654148,0.159515219160984,2.66103563501222,-2.01943096844991,-0.115242572510224,-0.0266699897475694,1.1633291884397,-1.38166245941709,-6.5,6.5
11.23,-0.08601486,0.788967,6.16163168185152,0.157983121768634,2.78530023679182,-1.99218227015915,-0.0873895701423061,-0.0465918124491609,1.24663779105611,-1.33791637602468,-6.5,6.49999999999999
11.24,-0.0522159,0.7697354,6.30890670993833,0.156167849816493,2.90500215158448,-1.96516536307424,-0.0583395486264613,-0.0662434660799033,1.32765571341983,-1.2947391339069,-6.5,6.49999999999999
11.25,-0.0154818,0.7499396,6.4120066469598,0.154061957027899,3.01969468070578,-1.93193087546587,-0.0281426018194035,-0.0855627748345619,1.40602460397321,-1.25165184456181,-6.5,6.49999999999997
11.26,0.0234134,0.7288936,6.47390584331627,0.151715004901063,3.12263104206581,-1.898823550528,0.00308370860125468,-0.104551010339842,1.48113938868669,-1.2093378225299,-6.5,6.49999999999993
11.27,0.06417416,0.7071233,6.49899610471552,0.149125072240465,3.21161591710643,-1.86170868047793,0.035199867772319,-0.123168097144621,1.55321641690219,-1.16739329833805,-6.5,6.49999999999981
11.28,0.1052962,0.6835939,6.49128225294412,0.146400934446735,3.27482663735883,-1.82963992180693,0.0679481341459073,-0.141464496362691,1.62260679867356,-1.12710234533854,-6.5,6.49999999999957
11.29,0.1486968,0.6612152,6.45400127752117,0.143316743070732,3.32960602121137,-1.77848885786002,0.101244194358021,-0.159249384941291,1.68986463161853,-1.08494685293241,-6.5,6.49999999999833
11.3,0.1914326,0.6371391,6.38886288626024,0.14017540387553,3.3521243152639,-1.73353282046906,0.13476543751066,-0.176584713145981,1.7560286030806,-1.04483143294846,-6.5,6.49999999999432
11.31,0.2340079,0.6124625,6.29656028611633,0.136899317990786,3.34895598986176,-1.68553064425156,0.168254997409278,-0.193440019588497,1.8217085941363,-1.00528313880878,-6.5,6.49999999997842
11.32,0.2758976,0.5870808,6.17632455542589,0.133539347576955,3.31788083620951,-1.63588417880663,0.201433805771373,-0.209798861376563,1.88777840948237,-0.96656521909139,-6.5,6.49999999991125
11.33,0.3166016,0.5607893,6.02590066696077,0.130166652299023,3.25725342407233,-1.58671446021113,0.234006340012096,-0.225666005978675,1.95517917094185,-0.929115834744674,-6.5,6.49999999962799
11.34,0.356508,0.5344945,5.84411728913003,0.126666978226257,3.17303511969423,-1.53084396540812,0.265736691209038,-0.240974445632756,2.02398085449657,-0.89143869346439,-6.5,6.49999999800192
11.35,0.3953262,0.5079179,5.62812901780946,0.123076531004357,3.06530155115252,-1.47145401803217,0.296389706720563,-0.255688985813078,2.09478750796964,-0.854159864542125,-6.5,6.49999998733527
11.36,0.4323673,0.4808693,5.37211657997856,0.119404971698393,2.93102278870552,-1.41076618931883,0.325699934607619,-0.269796647706266,2.16880556154734,-0.817751567624666,-6.5,6.4999999108417
11.37,0.4678014,0.453633,5.07345854414841,0.115560657495225,2.77462593612084,-1.34693296302238,0.353446193968827,-0.28326597733649,2.24604122536166,-0.781744482402583,-6.5,6.49999924884192
11.38,0.5015525,0.4262521,4.72902907379767,0.111490101563088,2.59831324514049,-1.28025841174481,0.379429326420232,-0.296068561453938,2.32673081107031,-0.74616190446583,-6.5,6.49999237260531
11.39,0.5336381,0.3988415,4.33771308324397,0.10711175897677,2.40500623418863,-1.21045364121371,0.403479388762118,-0.308173097866075,2.41080124447348,-0.710873048474846,-6.5,6.49990370182217
11.4,0.5641665,0.3715087,3.90156299349945,0.102313816444688,2.19824777934207,-1.13733239941414,0.425461866555539,-0.319546421860216,2.49778988220534,-0.67576221274734,-6.5,6.4984386025243
11.41,0.5932477,0.3443853,3.42498026579782,0.0965447587823863,1.9813943350501,-1.06055164272092,0.44527580990604,-0.330151938287425,2.58700166219658,-0.640659939654214,-6.5,6.46613207111292
11.42,0.6209291,0.3174886,2.91080839703917,0.0790085134006487,1.75708489541328,-0.980757064654114,0.462846658860173,-0.339959508933967,2.67770520411397,-0.605662974151552,-6.4999999999993,5.62827801482878
11.43,0.6475182,0.2910149,2.3666977812887,0.0110017515818573,1.52992171799788,-0.897094381792726,0.478145876040152,-0.348930452751894,2.76831687818846,-0.570435657988665,-6.4999999996305,0.840056518975531
11.44,0.6730062,0.2649921,1.80763166262795,0.000179137443814174,1.30156390754758,-0.810186698078475,0.491161515115627,-0.357032319732679,2.85806637581261,-0.53505909955699,-6.49999955928312,0.0147262647720463
11.45,0.6977112,0.2396719,1.26932964748701,1.50414794480644e-06,1.07621699179344,-0.718793229034482,0.501923685033562,-0.364220252023023,2.94526421912164,-0.499044194708836,-6.49879484481398,0.000133160555790688
11.46,0.7213047,0.2147763,0.306790712928357,8.5249502656911e-09,0.852431758616973,-0.626151380912127,0.510448002619732,-0.370481765832145,3.03029541505827,-0.463277731833355,-2.73100306726311,8.05226174686253e-07
11.47,0.744127,0.1906845,6.18322562374271e-06,2.81287984758436e-11,0.634341959682999,-0.529851073627384,0.516791422216562,-0.375780276568418,3.1116261899922,-0.426879696752129,-0.000285798733260079,2.78300973651712e-09
11.48,0.766612,0.1681093,-1.31872766745368e-10,4.06030256455213e-14,0.426472451026775,-0.424968654376997,0.521056146726829,-0.380029963112188,-3.09549252754709,-0.388068914875463,-1.6766045045526e-08,4.08040485793803e-12
11.49,0.786532,0.1443927,2.98105593071215e-15,1.39670241610704e-16,0.211132186617469,-0.334693223360652,0.523167468593004,-0.383376895345795,-3.01807424035638,-0.354489896375032,-2.41646894516646e-12,1.3973280163689e-14
11.5,0.8058596,0.1222167,-2.50309135053052e-16,3.86968326826192e-19,0.00649688437474794,-0.236416065316121,0.523232437436752,-0.385741055998956,-2.94568244499439,-0.31840445480801,-5.61461763452197e-14,3.89279036946116e-17
11.51,0.8242536,0.1012845,-9.23994795638389e-15,2.53447956962478e-21,-0.18974235679709,-0.133867496616368,0.521335013868781,-0.38707973096512,-2.88045864109796,-0.280902585042107,-1.04558465047218e-12,2.68878359069627e-19
11.52,0.8393052,0.07913883,-3.33618042947131e-11,2.08298842017081e-22,-0.396678758051095,-0.0482262041151245,0.51736822628827,-0.387561993006271,-2.80550671582859,-0.249459171248365,-3.33616586303997e-09,2.49344477134036e-20
11.53,0.8537071,0.05868373,-2.75612575325918e-07,1.39537088462671e-22,-0.590026155994352,0.045151961777357,0.511467964728326,-0.387110473388498,-2.73604781313625,-0.215126047259947,-2.7628462956005e-05,2.24580970194108e-20
11.54,0.8653025,0.03782159,-0.00230308183068252,5.97595037687904e-22,-0.78725139995263,0.12781397907581,0.5035954507288,-0.385832333597739,-2.66587617272484,-0.184589262574919,-0.213028322031941,1.83384146114345e-19
11.55,0.8738841,0.01630731,-0.080453034108364,2.164463135957e-21,-0.988412355109972,0.198083980258346,0.4937113271777,-0.383851493795156,-2.59504202545898,-0.158524126039335,-6.45587912740885,3.8414564540914e-18
11.56,0.8812036,-0.004581864,-0.0925463103494086,-1.75527417074911e-19,-1.17750115564998,0.266991605046563,0.4819363156212,-0.38118157774469,-2.52829363332257,-0.132737802435732,-6.49996169358635,1.59796852390618e-16
11.57,0.8867648,-0.02520171,-0.102586774924461,-5.41452021526395e-18,-1.35829065380313,0.331276853463578,0.468353409083169,-0.377868809210055,-2.46408720679403,-0.108435535028575,-6.49999991218903,7.42511229108895e-15
11.58,0.8905065,-0.04589288,-0.110690817333728,4.6085967637286e-16,-1.53073753549725,0.388101283435098,0.453046033728197,-0.373987796375704,-2.40210496652594,-0.0867241820265937,-6.4999999995469,2.4613507830204e-13
11.59,0.892837,-0.06628957,-0.117393114676405,3.39276068318412e-14,-1.6910159663141,0.440702254943623,0.436135874065056,-0.369580773826267,-2.34296792851768,-0.0663278437401485,-6.49999999999491,6.34347782270321e-12
11.6,0.8949392,-0.08586011,-0.122973849743364,1.2697891732682e-12,-1.82935359633738,0.493439687510389,0.417842338101682,-0.364646376951163,-2.2884757909098,-0.0454531791860397,-6.49999999999986,1.60541530089679e-10
11.61,0.8967267,-0.1043496,-0.127839686455545,3.10081495057596e-11,-1.9473095138703,0.548043624712776,0.398369242962979,-0.359165940704036,-2.23766383232162,-0.0233016145442731,-6.49999999999999,4.29784053980324e-09
11.62,0.8992773,-0.1208421,-0.132057253397377,-3.01412625957458e-10,-2.03692835917604,0.611509573525943,0.377999959371218,-0.353050844968776,-2.19163501232787,0.00320788721966725,-6.5,1.80500148513498e-07
11.63,0.9007269,-0.13688,-0.136016898953934,-9.88827926342031e-08,-2.11516468342057,0.670038134662263,0.356848312537013,-0.346350463622154,-2.14663807525357,0.0284281373984608,-6.5,4.88649394563067e-06
11.64,0.9029975,-0.1505435,-0.139486174987238,-1.11061102731241e-05,-2.16668688359042,0.73938244269101,0.335181443701108,-0.338956639195243,-2.10525461893506,0.0592697122919955,-6.5,0.000212532584692024
11.65,0.9053445,-0.162053,-0.142617530504361,-0.00106997279745242,-2.19941580124208,0.816380934177076,0.313187285688688,-0.330792829853473,-2.06579308881148,0.0947236029061776,-6.5,0.0114108559845437
11.66,0.9074949,-0.171724,-0.145473825770211,-0.0737014597914382,-2.216891659744,0.897297081496475,0.291018369091248,-0.321819859038508,-2.02750126082486,0.133467050967124,-6.5,0.543987785703522
11.67,0.9091133,-0.1791144,-0.148105794586156,-0.964128994822476,-2.22297886321679,0.984883856386372,0.26878858045908,-0.311971020474644,-1.98967026504682,0.177075639232828,-6.5,5.43405213671741
11.68,0.9098531,-0.1842143,-0.150546733287185,-1.44192808509531,-2.22139462233965,1.07807756172526,0.246574634235683,-0.301190244857392,-1.95169304693101,0.225449981531228,-6.5,6.47693886007691
11.69,0.909259,-0.1868645,-0.152819369949227,-1.77963748132541,-2.21648998033394,1.17708669658188,0.224409734432344,-0.289419377891573,-1.91295191066504,0.279065072051151,-6.5,6.49956833466472
11.7,0.9069815,-0.1869178,-0.154920704359011,-2.14994447977634,-2.21141560297973,1.28196125552482,0.202295578402546,-0.276599765336325,-1.87307816609794,0.338303554311106,-6.5,6.49999158352377
11.71,0.9027444,-0.1840748,-0.15683053325022,-2.55483597987308,-2.20846704368203,1.39395440166152,0.180210907965726,-0.262660221319709,-1.83189431771384,0.404050330319082,-6.5,6.49999983339874
11.72,0.896383,-0.1781186,-0.158516332700424,-2.9851038617968,-2.20881938865377,1.51348753864266,0.158122714079188,-0.247525345933283,-1.78942749558386,0.476670383380662,-6.5,6.49999999663193
11.73,0.8877987,-0.1686424,-0.159942347635142,-3.43795703157078,-2.21299166829172,1.64245142355317,0.135992797396271,-0.231100831697751,-1.7458323352734,0.556950816574883,-6.5,6.4999999999331
11.74,0.877034,-0.1552864,-0.161074291232773,-3.90760438864635,-2.22027591319631,1.7821288920514,0.113790038264308,-0.213279542777237,-1.70139854130316,0.644969381235742,-6.5,6.49999999999871
11.75,0.8642036,-0.1377171,-0.161886395095227,-4.38228708028902,-2.22940980019584,1.9334071418426,0.0914959402623498,-0.193945471358811,-1.65643977712909,0.74004074742221,-6.5,6.49999999999998
11.76,0.849701,-0.1154994,-0.162362652834311,-4.84423703627817,-2.23694242820932,2.09784992345887,0.0691265159802566,-0.172966972124222,-1.61130560640598,0.841035770423119,-6.5,6.5
11.77,0.8330681,-0.08897197,-0.162498123744148,-5.26462716749532,-2.24667452126965,2.27046514375248,0.0466597707675601,-0.150262320686698,-1.5660619665382,0.944038626891477,-6.5,6.5
11.78,0.8152415,-0.0576204,-0.162292244122648,-5.63067049127101,-2.25068077519225,2.45359672800694,0.0241529630156375,-0.125726353406628,-1.52097254451806,1.04758700022416,-6.5,6.5
11.79,0.7965752,-0.02173349,-0.161748627287811,-5.92902535277675,-2.24648378769405,2.64274630204719,0.00168812513869703,-0.0992988903861562,-1.47601814983494,1.14843201231354,-6.5,6.5
11.8,0.7765234,0.01779495,-0.160873822155568,-6.15542133172876,-2.2392166553157,2.82878813854412,-0.02070404141446,-0.071011009000715,-1.43129892404182,1.2436501790871,-6.5,6.5
11.81,0.7554521,0.06038931,-0.159673926189991,-6.31634303082837,-2.22616025862725,3.00596841647802,-0.0429656440007325,-0.0409513248359348,-1.38677632699661,1.33245639678012,-6.5,6.5
11.82,0.7333443,0.1051878,-0.158158198418896,-6.42111868056021,-2.20798564454545,3.16672022838181,-0.065045500446187,-0.00928412255211674,-1.34249902835265,1.4148073425769,-6.5,6.5
11.83,0.7101907,0.1512641,-0.156339296000911,-6.47955687318729,-2.1852806047727,3.30367961609191,-0.0868983064939141,0.0237526736088023,-1.29853328330698,1.49144495718935,-6.5,6.5
11.84,0.6858555,0.1978048,-0.154238908927826,-6.4998319882209,-2.15964470848587,3.41116581607959,-0.108494753578773,0.0578643317695982,-1.25505674435063,1.56360452604958,-6.5,6.5
11.85,0.6603857,0.2442094,-0.151878355907821,-6.48756585120336,-2.13107606613568,3.485907110682,-0.12980551424013,0.0927234028764181,-1.21213243895628,1.63267545066856,-6.5,6.5
11.86,0.6336785,0.2898127,-0.149291001505951,-6.44583546472774,-2.10081163800681,3.524588291946,-0.150813630620198,0.127969285795878,-1.16996172228458,1.70001532252057,-6.5,6.5
11.87,0.6057832,0.3342225,-0.146506289255109,-6.37548733167134,-2.06875777300042,3.52664335744609,-0.171501208350202,0.163235719370339,-1.12860135059479,1.76689230345311,-6.5,6.5
11.88,0.5768205,0.3767599,-0.143548568057369,-6.27514847795543,-2.03425677213916,3.48945333453517,-0.191843776071593,0.198130252715691,-1.08801012034978,1.83465543332598,-6.5,6.5
11.89,0.5479931,0.4188002,-0.140329454721475,-6.14423620233335,-1.98788857483735,3.42768429837465,-0.211722661819967,0.232407095699437,-1.04674368240738,1.90325797247733,-6.49999999999999,6.5
11.9,0.5189481,0.4593163,-0.136904404304018,-5.97897139109263,-1.93377985221553,3.33531571999043,-0.231060460342122,0.265760252899342,-1.00534303594489,1.97400146391563,-6.49999999999998,6.5
11.91,0.4894904,0.4979554,-0.13332827580147,-5.77454113570916,-1.87448290988919,3.21254022030862,-0.249805289441014,0.297885655102428,-0.964184212764218,2.0478479966787,-6.4999999999999,6.5
11.92,0.4594126,0.5338491,-0.129670111245605,-5.52202188096012,-1.81247630790281,3.0555253397294,-0.267930052520042,0.328440908499722,-0.923698699611146,2.1265383389835,-6.49999999999954,6.5
11.93,0.429225,0.5674189,-0.125881474324873,-5.21593518859128,-1.74419799123283,2.87153537070589,-0.285372032432371,0.357156262206781,-0.883154864609941,2.21020431378012,-6.49999999999721,6.5
11.94,0.3990813,0.5987403,-0.121911203060372,-4.85016459528027,-1.66932866873035,2.66459263374828,-0.302065319119674,0.383802188544264,-0.84240393447911,2.29918971302887,-6.49999999997832,6.5
11.95,0.3690641,0.628007,-0.117691567360803,-4.42157959812891,-1.58819856840909,2.43951412718712,-0.317947304803765,0.408197329816135,-0.80142342583734,2.39333496818705,-6.4999999997807,6.5
11.96,0.3392329,0.6551925,-0.113137067587698,-3.9284301251091,-1.50134101682358,2.19904533589032,-0.332960714972001,0.430187783175038,-0.760236597730919,2.49259438146144,-6.49999999706471,6.5
11.97,0.3097265,0.6807122,-0.108118808730216,-3.37823491217659,-1.40863934984973,1.94942627884925,-0.347047108470498,0.44968204596353,-0.718710235536586,2.59547211415089,-6.49999994590904,6.49999999999999
11.98,0.2804154,0.704725,-0.102552963530859,-2.77607047420768,-1.31221159369088,1.69435300064265,-0.360169224407407,0.466625575969957,-0.677267758961343,2.70062398810143,-6.49999866920848,6.49999999999629
11.99,0.2514941,0.7274872,-0.0962458000100661,-2.13233914674854,-1.21138662543641,1.43805105575166,-0.372283090661771,0.481006086527474,-0.635638098816446,2.80611482041242,-6.49995334282435,6.49999999407416
12,0.2229228,0.749241,-0.0892139578936969,-1.48547526047688,-1.1074889477036,1.18429658302338,-0.383357980138807,0.492849052357707,-0.594070628933851,2.9098991507108,-6.49767148087588,6.49997454707142
12.01,0.1946876,0.7701382,-0.080012059624735,-0.825619389318224,-1.00154266375457,0.935800837525107,-0.393373406776353,0.502207060732958,-0.552753817526196,3.01030417064542,-6.33752136873781,6.19457247717856
12.02,0.1667987,0.7903176,-0.0205922335497369,-0.000101422126985608,-0.894308083835639,0.6949122659274,-0.402316487614709,0.509156183392232,-0.511814958979515,3.10596840446846,-1.77671955133159,0.0037571043717897
12.03,0.1392453,0.8097787,-0.000174995019118151,4.41184337278597e-10,-0.786661821287161,0.462598821669431,-0.410183105827581,0.513782171608927,-0.471426095554135,-3.0868525111854,-0.0163076320683005,6.27949247403279e-08
12.04,0.1119827,0.8284196,-8.00709483435233e-07,-2.91345060235305e-15,-0.67969016790871,0.238863680061733,-0.416980007506668,0.516170808409544,-0.431836831867158,-3.00171674065383,-7.88484073290652e-05,3.62554362768032e-12
12.05,0.08499786,0.846091,-2.91205668241421e-09,2.01506013981799e-16,-0.574128932139331,0.0232670742467249,-0.422721296828061,0.516403479152011,-0.393201654329658,-2.92139183041703,-2.92607968397102e-07,3.05063258431384e-14
12.06,0.05821487,0.862442,-9.78700527667749e-12,5.10901982154012e-15,-0.471157325548198,-0.186296331901659,-0.427432870083543,0.514540515832995,-0.355828403669826,-2.84611259383722,-9.79318081230761e-10,5.26406185287457e-13
12.07,0.03155103,0.8771586,-3.81118255124908e-14,1.72588864157162e-11,-0.371898332866117,-0.39149423796767,-0.431151853412204,0.510625573453318,-0.320023900568224,-2.77458693106093,-3.83043727120966e-12,1.73015441407549e-09
12.08,0.005025044,0.8899274,-2.30801817461854e-16,2.56359543859503e-07,-0.276533339126075,-0.59388149550017,-0.433917186803465,0.504686758498316,-0.285792045834747,-2.70474691236638,-2.42108446213916e-14,2.51103093243916e-05
12.09,-0.02139716,0.900485,-3.28947442774469e-18,0.00276683071721147,-0.185634779686424,-0.794490114392204,-0.435773534600329,0.496741857354394,-0.253271582464647,-2.63602045667539,-3.85916405497562e-16,0.241772199205138
12.1,-0.0478267,0.9085746,-1.6458327769337e-19,0.0851571895300943,-0.100328727388423,-0.994222568232608,-0.436776821874214,0.486799631672068,-0.222802979968405,-2.56795439185739,-2.42192299663482e-17,6.45993024461653
12.11,-0.07384404,0.9143962,-2.96543272094346e-20,0.0970033484709882,-0.0172875478702039,-1.19017272823115,-0.436949697352916,0.474897904389757,-0.193167489064504,-2.50122636107334,-7.10341992085379e-18,6.49997318832621
12.12,-0.1000765,0.9176351,-1.29586139132408e-20,0.106524929232872,0.0580236674485803,-1.38390484166503,-0.43636946067843,0.461058855973106,-0.16625484106455,-2.43523286004085,-9.90649930429963e-18,6.49999995880854
12.13,-0.1254361,0.9190674,4.62612528276377e-20,0.114241830440618,0.134619127728008,-1.56794441433835,-0.43502326940115,0.445379411829723,-0.138778645867466,-2.37166882710356,-5.38807343307184e-17,6.49999999984008
12.14,-0.1502574,0.9188503,7.60815946474708e-19,0.120765857655617,0.209170151773591,-1.74055360639507,-0.432931567883414,0.427973875765772,-0.111862245449378,-2.31056465870379,-8.16129043604637e-16,6.49999999999862
12.15,-0.173697,0.9177012,-8.19620227449694e-17,0.126415218805671,0.288235694246886,-1.89562800814551,-0.430049210940945,0.409017595684317,-0.0829934271931001,-2.25281636036034,-3.28988023719558e-14,6.49999999999997
12.16,-0.1955453,0.9160165,-2.1372188284198e-14,0.131441540108008,0.372638721462266,-2.03030425170871,-0.426322823726322,0.38871455316723,-0.0517051648876075,-2.1984621875889,-2.89978584500272e-12,6.5
12.17,-0.2153653,0.9141629,-3.00482416658094e-12,0.13595200465956,0.464951420970444,-2.14233103104289,-0.421673309516618,0.367291242856801,-0.0168221159185351,-2.14739284076119,-5.01180116745035e-10,6.5
12.18,-0.2329638,0.9126306,1.98918929939605e-09,0.139944483383081,0.565494380859427,-2.22878636660288,-0.416018365708024,0.345003379190772,0.022035898231185,-2.09961804338469,-1.35175001111614e-07,6.5
12.19,-0.2479221,0.9115123,3.0668885866455e-06,0.143473602847871,0.676340425505686,-2.29040554844722,-0.409254961452967,0.3220993237063,0.0659757027880522,-2.05457480548731,-5.11239843972521e-05,6.5
12.2,-0.2602668,0.910794,0.00236332795375959,0.146599354744997,0.795692672518236,-2.32890584449534,-0.401298034727784,0.298810265261347,0.114626796959026,-2.01166354145008,-0.0203865728093116,6.5
12.21,-0.270104,0.9107973,0.563023049528446,0.149346770126371,0.9211951778017,-2.34327833885285,-0.392086082949767,0.275377481872818,0.167367472287549,-1.9707643925786,-3.34460258439762,6.5
12.22,-0.2770899,0.9108017,1.44000299161248,0.151808406592202,1.0543038478455,-2.34127663365859,-0.381543044471312,0.251964715536232,0.225069083122741,-1.93065935570874,-6.47876887256086,6.5
12.23,-0.2816233,0.9109247,1.82348591656153,0.153996752746009,1.19025414554876,-2.3232822818731,-0.369640503015825,0.228731892717501,0.286067364623725,-1.89118685331448,-6.4998925392686,6.5
12.24,-0.2836336,0.910714,2.22466337285758,0.155946595125079,1.32847249564347,-2.29441117466419,-0.35635577805939,0.205787780970859,0.350315447899526,-1.85167705772026,-6.49999922219888,6.5
12.25,-0.2831943,0.9097263,2.63458202288686,0.157672260242531,1.46724057129774,-2.25936017083953,-0.341683372346413,0.183194179262464,0.417257867980065,-1.81160350048753,-6.49999999178787,6.5
12.26,-0.2807415,0.907015,3.03436309281049,0.159183180121777,1.60202320529707,-2.22659412193094,-0.325663140293442,0.160928238043155,0.485203844151175,-1.77021153455704,-6.49999999986202,6.5
12.27,-0.2752339,0.90348,3.43940649796178,0.160430984170528,1.74071195144756,-2.18878108760867,-0.308256020778966,0.139040427167068,0.557214629725048,-1.72818354765651,-6.49999999999724,6.5
12.28,-0.2673675,0.8979268,3.8328382067929,0.161411597387748,1.87637608369059,-2.15633486729722,-0.289492259942061,0.117477078494096,0.630598404796672,-1.68488747900012,-6.49999999999992,6.5
12.29,-0.2558873,0.8912575,4.229135903517,0.162088501308823,2.01856082637044,-2.12164973475182,-0.269306651678356,0.0962605811465777,0.708564854302827,-1.6409239394741,-6.5,6.5
12.3,-0.2422743,0.8815966,4.59896230495252,0.162447276540381,2.15370119805157,-2.10044543933854,-0.24776963969784,0.0752561267531923,0.786152087024585,-1.59589369778891,-6.5,6.5
12.31,-0.2254404,0.8696479,4.95039031754618,0.162465253202658,2.29030682896806,-2.08599390751317,-0.22486657140816,0.0543961876780607,0.865846926802357,-1.55042216382431,-6.5,6.5
12.32,-0.2053511,0.8553119,5.2753047048403,0.16213646186897,2.42760201789478,-2.07863085145756,-0.200590551229212,0.0336098791634851,0.946842446101226,-1.50488360853635,-6.5,6.5
12.33,-0.181793,0.8388014,5.56818823745354,0.161466492579315,2.56632213947412,-2.0760646874961,-0.174927329834471,0.0128492322885241,1.02866225492003,-1.45962279065514,-6.5,6.5
12.34,-0.1547473,0.82015,5.82330613259298,0.160470702165999,2.70554784049227,-2.07762048620748,-0.147871851429548,-0.0079269725735507,1.11035239069381,-1.41493050206908,-6.5,6.5
12.35,-0.1241422,0.7998604,6.03731908753034,0.159165764571471,2.84485878487623,-2.07881987752283,-0.119423263580786,-0.028715171348779,1.19112703306118,-1.37085622075211,-6.5,6.5
12.36,-0.0902319,0.7779025,6.20814507118303,0.157574990360302,2.98121385506107,-2.07990100417771,-0.0896111250301752,-0.0495141813905561,1.26992262702032,-1.32756038699563,-6.5,6.5
12.37,-0.05328763,0.7547449,6.33664775067643,0.155711213345252,3.11169688568023,-2.07701223473389,-0.0584941561733729,-0.070284303737895,1.34607624419867,-1.28486988525765,-6.5,6.5
12.38,-0.01396801,0.7301773,6.42534864609243,0.153604947886595,3.23051499068052,-2.07218351305098,-0.0261890062665678,-0.0910061388684048,1.41905563254641,-1.24301247994511,-6.5,6.5
12.39,0.0278149,0.7056861,6.47837825838925,0.151207991970015,3.33849845453074,-2.05344471371513,0.00719597827873964,-0.111540586005556,1.48918833844685,-1.20078740053485,-6.5,6.5
12.4,0.07002093,0.6793433,6.49931644570824,0.148645394590783,3.41916443517299,-2.03775850584383,0.0413876226304695,-0.131918171063994,1.55629000990937,-1.16004859195655,-6.5,6.5
12.41,0.1137662,0.6535372,6.49169494655265,0.145780995045189,3.48323480080039,-2.00546326076835,0.0762199706384734,-0.151972803671678,1.62136532289323,-1.11836722585801,-6.5,6.5
12.42,0.1576083,0.6270109,6.45768953101573,0.142726697340312,3.51985183584599,-1.96835424249887,0.111418488996933,-0.171656346096667,1.68498594706829,-1.07721884722653,-6.5,6.49999999999999
12.43,0.2000427,0.5992122,6.39788044775105,0.139571288003458,3.51871987797688,-1.93154511802337,0.146605687776702,-0.1909717972769,1.74833425346127,-1.03738151191094,-6.5,6.49999999999997
12.44,0.2429312,0.5718861,6.3127475445967,0.136158347527444,3.49801703576462,-1.88099154363125,0.181585858134348,-0.209781712713213,1.81146913012134,-0.996601960163978,-6.5,6.49999999999991
12.45,0.2858298,0.5448953,6.20189123856213,0.132524033556528,3.45581495921886,-1.81924152172062,0.216144007726537,-0.227974127930419,1.87490112299476,-0.955160797059857,-6.5,6.49999999999955
12.46,0.3264817,0.5169255,6.06051906762556,0.128883657919992,3.37574206462567,-1.75830921399715,0.249901428372794,-0.245557220070391,1.94071260589961,-0.915165081210113,-6.5,6.49999999999777
12.47,0.3656002,0.4888183,5.88610995064838,0.125136560420881,3.26716875038613,-1.69163894530373,0.282573115876655,-0.262473609523428,2.00899204639819,-0.875363090569694,-6.5,6.49999999998622
12.48,0.4030824,0.4602429,5.6745597096901,0.121311734895993,3.13225411219954,-1.62280923462331,0.31389565699865,-0.278701701869661,2.08033152276619,-0.836427266796689,-6.5,6.49999999990363
12.49,0.4388599,0.4316622,5.4213447698361,0.117288526477822,2.97344079931399,-1.54864962312771,0.34363006499179,-0.294188198100938,2.15522538522415,-0.79764720321447,-6.5,6.49999999914817
12.5,0.4729867,0.4030164,5.12248948823393,0.113024106593237,2.79412500950875,-1.47054568794092,0.371571315086878,-0.308893654980347,2.23389569164749,-0.759257175670648,-6.5,6.49999999066316
12.51,0.5054511,0.3743761,4.77439553171634,0.108439519412724,2.59703426930913,-1.38873130311984,0.397541657779969,-0.322780968011546,2.31651226629815,-0.721243527766092,-6.5,6.49999987095267
12.52,0.5363993,0.3458738,4.37647653850846,0.103427024843008,2.38607292950476,-1.30294387501731,0.421402387075017,-0.335810406761719,2.40276191105209,-0.683468996063749,-6.5,6.49999766459857
12.53,0.5659614,0.3175828,3.93105045443438,0.0978778367497723,2.16479307936792,-1.21344881928307,0.443050317868696,-0.347944894954549,2.49208664255863,-0.645914060997648,-6.5,6.49994325253322
12.54,0.5943344,0.2896457,3.44426317882581,0.091688171388757,1.93707080019658,-1.11995223980116,0.462421025870662,-0.359144417352561,2.58349373936766,-0.608411738958853,-6.49999999999999,6.49804993807899
12.55,0.6216457,0.2621575,2.92125813543425,0.0839272491536093,1.70594456380064,-1.02259811195202,0.479480471508668,-0.369370398472081,2.67591358596005,-0.570896008990711,-6.49999999999755,6.40236515173989
12.56,0.6480441,0.2352579,2.3682209970721,0.0353899225719642,1.47440102702667,-0.921180883198325,0.494224481778935,-0.378582207304064,2.76806954969645,-0.533198450017114,-6.49999999831739,2.920678727973
12.57,0.6736647,0.2090268,1.80382718807992,0.000441715876586982,1.2450788625465,-0.816025337193693,0.5066752704044,-0.386742460676001,2.85867500551625,-0.495284273253975,-6.49999754917296,0.0393943639862213
12.58,0.6992854,0.1843807,1.27238331211869,1.22176826000501e-06,1.0256116304414,-0.700640797024775,0.516931386708814,-0.393748868646249,2.94459082244949,-0.455149449011815,-6.4936090479625,0.000116852421822397
12.59,0.7227169,0.158845,0.0680987513740222,4.25639879089638e-09,0.798830368596541,-0.596766445098943,0.524919690394779,-0.399716533097239,3.03190206460141,-0.418982181388603,-0.615786480930055,4.23765032316244e-07
12.6,0.7460383,0.1348954,9.21678400238425e-07,6.37899844600727e-12,0.583703708145876,-0.483956434937177,0.530756727476238,-0.40455609744661,3.11349458847858,-0.380641948615608,-4.62244554919906e-05,6.40769071330915e-10
12.61,0.7684773,0.111754,-2.64569025690579e-11,7.40949033399448e-15,0.374408679377161,-0.37000455545823,0.53450081427001,-0.408256143001193,-3.09162308937377,-0.342310351136228,-3.50683646118128e-09,7.40653850602764e-13
12.62,0.7901394,0.08988301,2.77451332882479e-15,8.95856962729498e-18,0.172691857956274,-0.251973371668157,0.536227732849572,-0.410775876717874,-3.01758514435799,-0.302913856448955,-2.2480658114445e-12,9.13586969726495e-16
12.63,0.8100683,0.06817368,-9.06766974944644e-16,5.08508034511676e-20,-0.0285184646119347,-0.139995768930213,0.535942548203453,-0.412175834407176,-2.94478453890621,-0.265542195889722,-1.99307812781961e-13,5.65510797497123e-18
12.64,0.8281785,0.04684584,-9.35745880172554e-14,3.25368387538008e-21,-0.228644583767505,-0.0325152196988938,0.533656102365778,-0.412500986604165,-2.86822387832309,-0.229626730249513,-1.01350311636705e-11,4.48140754433298e-19
12.65,0.8437055,0.02514725,-3.5912966205846e-10,2.96432001351097e-21,-0.432675527285973,0.064005158017558,0.529329347092918,-0.41186093502399,-2.79861875522261,-0.19726755003806,-3.58985512460982e-08,6.44969964652095e-19
12.66,0.8581328,0.005200197,-2.56364592375655e-06,1.25814710004517e-20,-0.626895466644299,0.167123369157721,0.523060392426475,-0.410189701332413,-2.73266796316988,-0.162463236583629,-0.000256665617341164,1.34773107829374e-17
12.67,0.8695747,-0.01535309,-0.0145111727691172,-9.85914414964858e-19,-0.826148757857212,0.256415028773354,0.514798904847903,-0.407625551044679,-2.66542680739214,-0.132105137202177,-1.34117628283523,8.82616062189323e-16
12.68,0.8774527,-0.03685451,-0.0807497485767878,-3.03838873991884e-17,-1.03340874152023,0.329636364782722,0.504464817432701,-0.404329187396852,-2.59609207010457,-0.107044194757463,-6.4939980794219,4.8173880106372e-14
12.69,0.8849427,-0.05619988,-0.0918260487014419,2.10078479268149e-14,-1.22083755847404,0.412912899056558,0.49225644184796,-0.400200058406286,-2.53253351957819,-0.07800604790504,-6.49999301047197,6.27135342328916e-12
12.7,0.8880438,-0.07745504,-0.10239027075515,1.26914628607544e-12,-1.42131632446565,0.471749896008653,0.478043278603304,-0.3954825594462,-2.46546711180361,-0.0573152228378339,-6.49999998965353,1.89490637334744e-10
12.71,0.8904763,-0.09721906,-0.110545416143806,6.07963101330233e-11,-1.60221078366295,0.535465701796582,0.462021170766674,-0.390127902428234,-2.40330782530291,-0.0343858070750768,-6.49999999994875,7.45811716046296e-09
12.72,0.8929289,-0.114893,-0.117006876518505,1.46452170159225e-09,-1.75830302415579,0.608125423861999,0.444438140525116,-0.384046648189614,-2.34656946197088,-0.00752377123577453,-6.49999999999923,4.53576693746611e-07
12.73,0.8917553,-0.1339718,-0.123026131744112,-5.29027758579048e-08,-1.92019537728646,0.660046197284828,0.425236186752252,-0.377446186216766,-2.28794489888317,0.0121935907085432,-6.49999999999999,7.302755872904e-06
12.74,0.8913627,-0.1504323,-0.128074870243473,-6.56606661918037e-06,-2.05051014888263,0.725353865923736,0.404731085263425,-0.370192647557528,-2.23514194083846,0.0377407750784153,-6.5,0.000225786162348137
12.75,0.8905807,-0.1652715,-0.13262823988613,-0.000437699941105084,-2.16044593591044,0.79440348617625,0.383126625904321,-0.362248612695766,-2.18526693733364,0.0656820934446175,-6.5,0.00733811309907842
12.76,0.8895067,-0.1783233,-0.136764095766976,-0.0232180711494212,-2.2501223722256,0.867783832168506,0.360625402182065,-0.353570774374081,-2.13790035442957,0.0964747309746288,-6.5,0.242396383865076
12.77,0.8881559,-0.1894614,-0.140513423233381,-0.497905530127554,-2.32045242000207,0.945681181641682,0.337420877982044,-0.344113962557664,-2.09255851267731,0.130457899316679,-6.5,3.75954682217719
12.78,0.8864718,-0.1985752,-0.143913031587773,-1.075709564252,-2.37298576793618,1.02810616977244,0.313691020302683,-0.333832900859939,-2.04873469388938,0.167934616544499,-6.5,6.37000780214897
12.79,0.8841856,-0.205711,-0.147011054126799,-1.34368463149092,-2.41099072654551,1.11375942974578,0.289581113037228,-0.322695306562482,-2.0057483288065,0.208684555194258,-6.5,6.49603828845376
12.8,0.8811566,-0.210678,-0.149830033007703,-1.61938993032804,-2.43652469884625,1.20335330462486,0.265215866048765,-0.310661773516233,-1.96318394736287,0.253335926923543,-6.5,6.4998762013778
12.81,0.8770103,-0.2134065,-0.152396421738817,-1.92372778090493,-2.45346068276271,1.29653044662476,0.240681259221138,-0.297696469049985,-1.92046106688394,0.302089582937925,-6.5,6.49999587002835
12.82,0.8716382,-0.2136188,-0.154705891012884,-2.25918717352625,-2.46325108822646,1.39462762946536,0.216048748338873,-0.283750192755332,-1.87737875459921,0.355879429482444,-6.5,6.49999985887465
12.83,0.8647049,-0.2112347,-0.156756719370955,-2.62024736195047,-2.46912061101465,1.49723096114387,0.191357542228727,-0.268777883143893,-1.83360122528871,0.414875586697599,-6.5,6.49999999494058
12.84,0.8560497,-0.2059467,-0.158530192606189,-3.00426543087452,-2.47263831213829,1.60577855879413,0.166631159107344,-0.252720097555952,-1.78904499871029,0.479984300065398,-6.5,6.49999999981678
12.85,0.8455987,-0.1974877,-0.160002603880671,-3.40944242367566,-2.47455246894171,1.72121935548656,0.141885634417927,-0.235507904001086,-1.74375228218761,0.551770242223106,-6.5,6.4999999999934
12.86,0.8335171,-0.1852993,-0.161148988759768,-3.83739690459889,-2.47361992712721,1.84674764808199,0.117149435146655,-0.217040427520266,-1.69792608833899,0.631470535547723,-6.5,6.49999999999978
12.87,0.8194512,-0.1696098,-0.161954627983866,-4.27149844081844,-2.47293012935358,1.97882340539075,0.0924201338531191,-0.197252193466359,-1.65153487762316,0.7171871042757,-6.5,6.49999999999999
12.88,0.8038713,-0.149691,-0.162402685301937,-4.70602484384817,-2.46862432003253,2.12193453367627,0.0677338906527937,-0.176032848129596,-1.60489403416774,0.809722109869144,-6.5,6.5
12.89,0.7869842,-0.1254756,-0.162486563373575,-5.11991774138736,-2.45932247411237,2.27474597669582,0.0431406659116701,-0.153285388362638,-1.5581267270878,0.90705521494753,-6.5,6.5
12.9,0.7685437,-0.09716323,-0.162203785345972,-5.49177272543532,-2.44746648088432,2.43379429102206,0.0186660011028269,-0.128947445452417,-1.51130102247288,1.00629826331132,-6.5,6.5
12.91,0.7486935,-0.0648369,-0.161555723222575,-5.8081633347577,-2.43214792316296,2.59680270660771,-0.0056554781288027,-0.10297941838634,-1.46453531719544,1.10513645088709,-6.5,6.5
12.92,0.7281107,-0.02842845,-0.16054383604546,-6.0628723417643,-2.40822767933625,2.76287979034021,-0.0297377549221652,-0.0753506204829381,-1.41777107983184,1.20188307103665,-6.5,6.5
12.93,0.7069687,0.011548,-0.159168516424947,-6.25361768770244,-2.37512803785928,2.92644840501797,-0.0534890353007581,-0.0460861364327584,-1.37093907043883,1.2945160790793,-6.5,6.5
12.94,0.6851149,0.05424858,-0.157435265834543,-6.38434604343835,-2.33502258417764,3.0797190054718,-0.0768392611425345,-0.0152889463780404,-1.32411226160073,1.38182643603437,-6.5,6.5
12.95,0.6624792,0.09885804,-0.15535479732996,-6.46282565753491,-2.28928792146815,3.21583601864243,-0.099732140357216,0.0168694138083838,-1.27738795992681,1.463768746421,-6.5,6.5
12.96,0.6387722,0.1443452,-0.152954657227837,-6.49710615715355,-2.24100101563586,3.32685944943544,-0.122142150513575,0.0501380083027382,-1.23107523699538,1.54094796928668,-6.5,6.5
12.97,0.6146597,0.1904849,-0.150226717898873,-6.49377836752649,-2.18525779713014,3.41221426128898,-0.143994728484876,0.0842601509156281,-1.18473066865422,1.61456402263819,-6.5,6.5
12.98,0.5895427,0.2361486,-0.147230502829179,-6.45710567298786,-2.12786136424507,3.46419967377743,-0.165273342127327,0.118902147653402,-1.13902570743161,1.68577198260843,-6.5,6.5
12.99,0.5636337,0.2810383,-0.143989459685829,-6.38913713760871,-2.06757133266552,3.48271270271521,-0.185949055453982,0.153729274680554,-1.09387960749637,1.7557992612532,-6.5,6.5
13,0.5364107,0.3242332,-0.140596593576364,-6.2894840911197,-2.00922156528206,3.46282078518024,-0.206041271106803,0.188357482532357,-1.05007210726277,1.82605833599367,-6.5,6.5
13.01,0.5093864,0.366593,-0.136939107080275,-6.15758053911206,-1.94074108253819,3.41471845092252,-0.225448681932184,0.222504667041582,-1.00575181454529,1.89690673959228,-6.49999999999998,6.5
13.02,0.4813782,0.4065431,-0.133196549588125,-5.98843236598142,-1.87296201570953,3.32817707579783,-0.24417830208928,0.25578643779956,-0.962701024248586,1.97027458744798,-6.4999999999999,6.5
13.03,0.4537672,0.445803,-0.129232220912996,-5.78273720174436,-1.79504443706928,3.22082435862998,-0.262128746459973,0.28799468138586,-0.918940122411318,2.04509439266314,-6.49999999999924,6.5
13.04,0.4258192,0.4826529,-0.125176159108441,-5.53154530261495,-1.7142459220855,3.08104711929548,-0.279271205680828,0.318805152578815,-0.875775682895131,2.12375591698751,-6.49999999999332,6.5
13.05,0.3972488,0.5170808,-0.121050343998431,-5.22885548215053,-1.63361401585459,2.91227003212416,-0.295607345839373,0.347927852900057,-0.833836670341703,2.20686887960048,-6.49999999993608,6.5
13.06,0.3686785,0.5492451,-0.116693855673018,-4.87003010540402,-1.54858906513047,2.71921827955368,-0.311093236490678,0.375120035695593,-0.792121344255589,2.29459247666185,-6.49999999922989,6.5
13.07,0.3401211,0.5791128,-0.112031473814329,-4.45081765880116,-1.45995256997733,2.50484006269919,-0.325692762190451,0.400168436322585,-0.750739264722611,2.38718074125395,-6.49999998828732,6.5
13.08,0.3115274,0.6070691,-0.106990087047065,-3.97409650383051,-1.36894636084057,2.2753870308273,-0.339382225798857,0.422922306630858,-0.709923206540427,2.48371904799084,-6.49999977818932,6.5
13.09,0.2831176,0.6329955,-0.101413919672997,-3.44123331927408,-1.27454813934147,2.03261071993847,-0.352127707192272,0.443248413830243,-0.669351423937802,2.58404546415846,-6.49999442201016,6.5
13.1,0.2548482,0.6572598,-0.0952060269230574,-2.85942055250656,-1.17797326267754,1.78216088018937,-0.363907439819047,0.461070022632137,-0.629255903203097,2.68648592027767,-6.49981530429366,6.49999999999963
13.11,0.2268008,0.680024,-0.088354601916988,-2.23517507167381,-1.07934402947723,1.52760987592804,-0.37470088011382,0.476346121391417,-0.589590115672291,2.78958414307685,-6.4917034185671,6.49999999959746
13.12,0.1990628,0.7015888,-0.0755224221793035,-1.60026155216983,-0.978735150833522,1.27339230206352,-0.384488231622155,0.489080044412052,-0.550287263326146,2.89134232503761,-6.01289391767402,6.49999882281326
13.13,0.1716336,0.7221436,-0.00909614122343513,-0.994252480671639,-0.876944613821728,1.0226791490524,-0.393257677760372,0.499306835902576,-0.511482346233542,2.99013604203596,-0.785358784865713,6.48990780484413
13.14,0.1445987,0.7419065,-7.29871540976738e-05,-0.00801866549584427,-0.774015668114842,0.778593770506689,-0.40099783444152,0.507092773607643,-0.473094817087468,3.08446979649362,-0.00678210015740605,0.160958091783497
13.15,0.1179477,0.7609667,-3.65993993383857e-07,2.36650109468119e-08,-0.670771985298472,0.542916528182161,-0.407705554294505,0.512521938889465,-0.435274888806852,-3.10961549776953,-3.59110968515039e-05,2.93636333433746e-06
13.16,0.0917254,0.7793869,-1.35398743266461e-09,-8.89590602273137e-14,-0.567528004647876,0.317011606187819,-0.413380834340984,0.515692054951343,-0.398023484563185,-3.0261272086391,-1.35976596423079e-07,8.18138478709328e-11
13.17,0.06593622,0.7970943,-4.10552615924708e-12,3.21638015435762e-16,-0.46489990993026,0.100969555001541,-0.418029833440287,0.516701750501358,-0.361437524194138,-2.94796526148236,-4.11172163139755e-10,7.61704122856735e-14
13.18,0.04050696,0.8138943,-1.28384758694463e-14,6.36579149399262e-16,-0.364080061797686,-0.106179550290307,-0.421670634058263,0.515639954998455,-0.325807751112516,-2.89178184501541,-1.28697898510344e-12,7.60544594446517e-14
13.19,0.01547247,0.8296407,-5.80211815836325e-17,3.89126340810311e-13,-0.265278968485134,-0.30498999648092,-0.424323423743115,0.512590055033646,-0.291117213843342,-2.82064425008115,-6.02256744064589e-15,3.90903006664098e-11
13.2,-0.009252814,0.8439606,-6.64348556815033e-19,2.53895015545194e-09,-0.16965372962752,-0.497866114154043,-0.42601996103939,0.507611393892106,-0.257669249582632,-2.75229734650348,-7.6317617253853e-17,2.55153383202793e-07
13.21,-0.03376359,0.85657,-3.38254045399704e-20,1.96263244361459e-05,-0.0783230268435275,-0.686328978915952,-0.426803191307825,0.500748104102946,-0.225772559514852,-2.68591859008009,-4.82958278766674e-18,0.00187564983854263
13.22,-0.0581435,0.8671234,-9.35063605695072e-21,0.0398216764490771,0.00780120521886829,-0.872303394342609,-0.426725179255637,0.49202507015952,-0.195683031980719,-2.62064490452126,-2.10840931656769e-18,3.37171180975068
13.23,-0.08242452,0.875476,-7.74538640202911e-21,0.087676089824987,0.0883317567503354,-1.05594010673344,-0.425841861688133,0.481465669092186,-0.167488807828072,-2.55625216220797,-5.40400268876193e-18,6.49619871124338
13.24,-0.1065062,0.8816906,3.79775642591631e-20,0.0982924002150559,0.164021150797844,-1.23570257255585,-0.424201650180155,0.469108643366627,-0.140881654439385,-2.49302095460497,-5.06174577131557e-17,6.49999430566985
13.25,-0.1302577,0.8857728,1.14759356589128e-18,0.107074500026725,0.235835677593826,-1.41066515391567,-0.421843293404217,0.45500199182747,-0.11547074470964,-2.43101921600913,-1.05523846561334e-15,6.49999998150105
13.26,-0.1536304,0.8878319,-3.83291413700275e-17,0.114376304224612,0.304024977347318,-1.57916385366984,-0.418803043630743,0.439210353290772,-0.0911189980754358,-2.37047627920832,-3.23057194410219e-14,6.49999999987906
13.27,-0.1762535,0.8885549,-6.75194580894236e-15,0.12055901691738,0.371446790219849,-1.73501908243887,-0.415088575728545,0.421860162466383,-0.0667208003128263,-2.31259961533443,-1.27776656155477e-12,6.49999999999832
13.28,-0.1974965,0.8881837,-5.93804880527726e-13,0.125977713085131,0.442837869867006,-1.87624670607252,-0.410660197029875,0.403097695405658,-0.0404126168964314,-2.25742653597823,-7.28973635934925e-11,6.49999999999995
13.29,-0.2173848,0.8872473,-2.4169166103006e-11,0.130814730911916,0.517207961181199,-1.99878861328465,-0.405488117418063,0.383109809272812,-0.012417661467785,-2.20537231397849,-4.99015543675372e-09,6.5
13.3,-0.2353023,0.8861575,5.83662587846272e-09,0.135165852940021,0.598821412329841,-2.09999134393426,-0.399499903294764,0.362109895833469,0.0190794720337301,-2.15648644050067,-4.73240099864931e-07,6.5
13.31,-0.250985,0.8850286,2.77330663250071e-06,0.139071723221227,0.688696525170066,-2.17997323372131,-0.392612938043064,0.340310163496256,0.0547380370849057,-2.11031478232862,-5.88355851710053e-05,6.5
13.32,-0.2640697,0.8842586,0.000886581615972986,0.142536801656522,0.788514421445491,-2.23668140718784,-0.384727793828609,0.317943349424378,0.0955408235597951,-2.06684058680082,-0.00936092143646728,6.5
13.33,-0.2745309,0.8837853,0.185452824049154,0.145622722103478,0.897015366518062,-2.27212166898079,-0.375757640163428,0.29522213273457,0.141350259100917,-2.02543281842056,-1.29376443159911,6.5
13.34,-0.2822943,0.8836331,1.2152886419174,0.148372473421632,1.01338067361201,-2.28757524069049,-0.365623833427308,0.272346380327665,0.192199408223988,-1.98567164376,-6.34678836366956,6.5
13.35,-0.2873311,0.8835391,1.58575490568346,0.150841219433826,1.13643111834235,-2.28668525298765,-0.354259522243885,0.249479527797788,0.247953968510985,-1.94687967691378,-6.49893147802148,6.5
13.36,-0.2896366,0.8832617,1.96305094778034,0.153065197935675,1.26484482603908,-2.27273767496319,-0.341611073983494,0.226752151048156,0.308376041422892,-1.90851609478491,-6.4999911564981,6.5
13.37,-0.2893046,0.8825364,2.36416809790807,0.155067390417127,1.39656990698634,-2.24902139196832,-0.32764537491363,0.204261937128473,0.372865087314555,-1.87010774673551,-6.49999990492844,6.5
13.38,-0.286382,0.8810678,2.77604002277245,0.156858712612899,1.53007863413972,-2.21887485349131,-0.312344588572233,0.18207318859356,0.440963523623698,-1.83123983190094,-6.4999999986387,6.5
13.39,-0.2813692,0.8779342,3.18013371963107,0.158455557694236,1.66028019372195,-2.19049104585753,-0.295741786635014,0.160168278134985,0.510734417567905,-1.7910970492546,-6.49999999997085,6.5
13.4,-0.2725072,0.8746836,3.60407477887091,0.159794062057703,1.80080592689071,-2.1513388579177,-0.277733727366107,0.138654889555808,0.58748940564558,-1.75085011496994,-6.49999999999939,6.5
13.41,-0.2614796,0.8693109,4.0113006884722,0.160900422330806,1.93624729937932,-2.11881257721678,-0.258371254372313,0.11746676378364,0.665146902609817,-1.70914611797848,-6.49999999999998,6.5
13.42,-0.2472588,0.8625934,4.41248390459653,0.161732170434189,2.07441956696591,-2.08626643564423,-0.237627058702654,0.0966040994271976,0.746350164811983,-1.66660763341917,-6.5,6.5
13.43,-0.2300154,0.854091,4.79491869193398,0.162270167272099,2.21278595488256,-2.05747408644,-0.215499199153829,0.0760293585627976,0.82974014354236,-1.6232010943904,-6.5,6.5
13.44,-0.2098389,0.8435798,5.14868718687978,0.162494194587863,2.34967028710808,-2.03411944548047,-0.192002496282748,0.055688164107993,0.914264771068423,-1.57912417211422,-6.5,6.5
13.45,-0.1864954,0.8311166,5.46847461604342,0.162390914732033,2.48615331397649,-2.01543480516628,-0.167140963142983,0.0355338160563302,0.999636317894729,-1.53469513246306,-6.5,6.5
13.46,-0.1595603,0.8170942,5.75031111221535,0.161956398375821,2.62477281308679,-1.99795618121623,-0.140893235012115,0.0155542542441679,1.08568873689343,-1.49018900278218,-6.5,6.49999999999999
13.47,-0.1295844,0.801068,5.98612976419035,0.161196180343187,2.75995484763359,-1.98528568164456,-0.113293686535779,-0.00429860257227773,1.17040799931439,-1.44590980572303,-6.5,6.49999999999999
13.48,-0.09635097,0.7833942,6.1756132598674,0.16012177617826,2.89280460833432,-1.9742027055787,-0.084365640452436,-0.0240406296280647,1.25346321460908,-1.40202877652061,-6.5,6.49999999999999
13.49,-0.05987777,0.764724,6.3190308031698,0.158740401846813,3.02245400846662,-1.95934530517901,-0.0541411003677698,-0.0436340826798548,1.33421505323243,-1.35843156249105,-6.5,6.49999999999998
13.5,-0.02079339,0.7446606,6.41805380195573,0.157075415356066,3.14318538910946,-1.94430983881038,-0.0227092464766752,-0.0630771810679586,1.41179953152979,-1.31544011227421,-6.5,6.49999999999998
13.51,0.02051453,0.723452,6.47672593816132,0.155142346142717,3.25174926122326,-1.92717049739831,0.00980824613555736,-0.0823488860419418,1.48612572638867,-1.2730136645156,-6.5,6.49999999999996
13.52,0.06337458,0.7011021,6.49941250447516,0.152964392186493,3.34294348859936,-1.90815323405493,0.0432376810215509,-0.101430418382491,1.55734787163402,-1.23125104490837,-6.5,6.49999999999994
13.53,0.1067448,0.6770876,6.4901053099616,0.150599692200819,3.40910499579143,-1.89174852602618,0.0773287309794653,-0.120347903642753,1.62599429236285,-1.19076113873001,-6.5,6.49999999999992
13.54,0.1517992,0.6531724,6.45182788956248,0.147961090114234,3.46126650024967,-1.86352595693149,0.111941395981962,-0.138983163212068,1.69264849139924,-1.14976659332841,-6.5,6.49999999999983
13.55,0.1963456,0.6276405,6.38617737736548,0.145200825204699,3.48245204838637,-1.83850694655498,0.146765916465826,-0.157368232677618,1.75825969574596,-1.11031910927266,-6.5,6.49999999999968
13.56,0.2399963,0.600634,6.29318710877702,0.142350510407941,3.47184650470447,-1.81541526780911,0.18148438151287,-0.175522385355709,1.82379121792416,-1.07234145531413,-6.5,6.49999999999942
13.57,0.284221,0.5738738,6.17404453466029,0.13925850583186,3.44391937925367,-1.7802715208954,0.215923575305407,-0.193325100564663,1.88890229271334,-1.03355408496821,-6.5,6.49999999999855
13.58,0.3262981,0.5454055,6.02391728133886,0.136182200161636,3.37821531894727,-1.75008553315799,0.24970572849488,-0.210825955896243,1.95599232201024,-0.996880064197021,-6.5,6.49999999999681
13.59,0.3681969,0.517081,5.84470414839347,0.132914233578934,3.29408463689597,-1.70962132768373,0.282646574863839,-0.22792216917308,2.02377457427633,-0.959529256514588,-6.5,6.49999999999052
13.6,0.4082666,0.4881338,5.62986915445034,0.129591725822786,3.18018742704068,-1.66615427562084,0.314448449134246,-0.244583711929288,2.09425228992502,-0.922845581016559,-6.5,6.49999999996869
13.61,0.4466191,0.4588321,5.37630838397845,0.126195540145044,3.04053511355514,-1.61800951243553,0.344853800269798,-0.260763807053644,2.16765985145937,-0.88645880592802,-6.5,6.49999999987825
13.62,0.4831,0.429323,5.07983128867805,0.122686735862021,2.87683677652326,-1.56465889061145,0.37362216803503,-0.276410395959758,2.24447314109686,-0.850207709415167,-6.5,6.49999999942685
13.63,0.5176096,0.3997126,4.736665215406,0.119016072460429,2.69126297421069,-1.5059838527595,0.400534797777137,-0.291470234487353,2.32501855292717,-0.814006994984157,-6.5,6.49999999666856
13.64,0.5501284,0.3701272,4.34465169265165,0.115116717801414,2.48660228425081,-1.4417473291166,0.425400820619645,-0.305887707778519,2.40936637236192,-0.777734400611207,-6.5,6.49999997543002
13.65,0.5807928,0.3407101,3.90520365836734,0.110901273926805,2.26680428473815,-1.37162815518647,0.448068863467027,-0.319603989330384,2.49708697456462,-0.741234797169465,-6.5,6.49999976174023
13.66,0.6096727,0.3115723,3.42138619402268,0.106269861950169,2.03506190710476,-1.29563449018288,0.468419482538074,-0.332560334232212,2.58765459711182,-0.704420417112399,-6.5,6.49999686638366
13.67,0.636999,0.2828673,2.89781415872555,0.101086219240409,1.79569164602094,-1.21346742861689,0.486376398998284,-0.344695008518381,2.67993021568594,-0.667113261225921,-6.49999999999979,6.49994125294795
13.68,0.6629173,0.2546649,2.33914189713282,0.0951948922741152,1.5520226366684,-1.12556925477676,0.501896625364968,-0.355950701066149,2.77278679430924,-0.629316175855515,-6.49999999984579,6.49838081377849
13.69,0.6876546,0.2271488,1.76569401229179,0.0877161402269234,1.30780345400613,-1.03146515647444,0.514974659905029,-0.366265352630893,2.86477893602595,-0.590773731505583,-6.49999973653713,6.42983207173089
13.7,0.711237,0.2002378,1.21032289992,0.0467076077789804,1.06485890038571,-0.932903225120803,0.525623248908886,-0.375594384882101,2.95503933999288,-0.551841749345274,-6.49879556828222,3.70664333703011
13.71,0.7340863,0.1743322,0.209000657459182,0.000758089936512619,0.828058996375802,-0.827622523681185,0.533903838872644,-0.383870610118913,3.04167378515308,-0.511718255180467,-2.09591289781028,0.0654217396701573
13.72,0.7572323,0.1506088,2.63543009062683e-06,1.64275109768828e-06,0.606747458838136,-0.707305151291166,0.539971313461026,-0.390943661631825,3.12128705450301,-0.467671711425592,-0.000198039336248652,0.000154058786236623
13.73,0.7770782,0.125045,-3.34523117095935e-11,6.79503581480903e-09,0.372050818180355,-0.606493862819825,0.543691821642829,-0.397008600260023,-3.07899521118234,-0.430203702148516,-5.63277194979871e-09,6.70210655212566e-07
13.74,0.7982556,0.103036,3.95704634001287e-15,4.51111799602984e-12,0.163970767518997,-0.480576926145361,0.545331529318019,-0.401814369521477,-3.00674646189586,-0.385134916295259,-3.8519389192296e-12,4.53300814653491e-10
13.75,0.8172073,0.08057893,-2.82263491488966e-15,4.45903885600156e-15,-0.0470289399513462,-0.364790916967991,0.544861239918506,-0.405462278691157,-2.93451088180398,-0.343594961485818,-5.10266463824333e-13,4.45726380304778e-13
13.76,0.833694,0.05754187,-4.60735975624189e-13,1.10838175897524e-17,-0.261279777759768,-0.260124802826638,0.542248442140908,-0.408063526719423,-2.90849728350251,-0.305971581527095,-6.16079204622675e-11,1.12640195910648e-15
13.77,0.8498357,0.03647998,-1.96050653370877e-09,4.71191829550974e-20,-0.460009228352604,-0.145665035603223,0.537648349857382,-0.409520177075455,-2.84037230896234,-0.265043288139386,-2.00352371394824e-07,5.24993121350747e-18
13.78,0.8642239,0.01588137,-1.2617433729436e-05,2.33748205468427e-21,-0.654554417556248,-0.0351768526177096,0.53110280568182,-0.409871945601632,-2.77370763391565,-0.225400844095572,-0.00126505468706617,3.34967486281315e-19
13.79,0.8773629,-0.003825533,-0.0243180104109382,1.95004501807086e-21,-0.839913580188778,0.0744168320477883,0.522703669879932,-0.409127777281155,-2.70983175857641,-0.185845090015033,-2.39485492326078,5.74457226426052e-19
13.8,0.887624,-0.02441643,-0.0730585999668302,-1.3849782847918e-22,-1.02877202900324,0.168107408546767,0.512415949589899,-0.407446703195687,-2.64458791618748,-0.151787398103328,-6.49382826697464,1.05492083856934e-17
13.81,0.895004,-0.04587796,-0.0838622143321606,-5.02927460034965e-19,-1.21963503991529,0.246685186388696,0.500219599190747,-0.4049798513318,-2.57842506410643,-0.123029548159706,-6.49999349331229,4.08157418794887e-16
13.82,0.9016612,-0.06620019,-0.0945198658062204,3.00682505325854e-17,-1.3936585659246,0.327135858998531,0.4862830135315,-0.401708492741815,-2.5165182412402,-0.0931984789340028,-6.49999997721224,3.40387696111813e-14
13.83,0.907661,-0.08604059,-0.103383994905374,1.67885088293493e-14,-1.55052558362483,0.403466705202113,0.470777757695252,-0.397673825689794,-2.45843180210734,-0.0644688383197557,-6.49999999978545,2.97280426223034e-12
13.84,0.9112808,-0.1065183,-0.110926486481521,9.74149354327659e-13,-1.70449744392341,0.466459735735157,0.453732783256018,-0.393009228332442,-2.40014811266019,-0.0404043395997764,-6.49999999999691,1.19586358401645e-10
13.85,0.9136977,-0.1264378,-0.117279267036941,2.32934478536886e-11,-1.84528298305909,0.52646311593449,0.435279953425427,-0.387744597173097,-2.34403191160978,-0.0169944202259241,-6.49999999999992,3.85968752893659e-09
13.86,0.9171029,-0.144557,-0.122458780601144,-9.82947238117043e-10,-1.95531800876149,0.593385669850591,0.415726773337812,-0.381810740474591,-2.29368700979042,0.00980804771590089,-6.49999999999999,1.74245308719437e-07
13.87,0.9189582,-0.1621581,-0.127268348116702,-1.44021263918111e-07,-2.05684918907071,0.655853569365739,0.395158281447105,-0.375252204780934,-2.24376689766969,0.0355687227849099,-6.5,5.34588207396764e-06
13.88,0.9212789,-0.1777811,-0.131535075861937,-1.27512828022421e-05,-2.13361274589747,0.725636307221833,0.37382215398813,-0.367995841708715,-2.19742761014618,0.0652260822460134,-6.5,0.00021569499931873
13.89,0.9235629,-0.1915317,-0.135447269538188,-0.000950533733851754,-2.19114837099328,0.800830181457108,0.351910670278198,-0.359987539894144,-2.15324165315463,0.0982595085053365,-6.5,0.00971620398761004
13.9,0.9256589,-0.2032586,-0.139052278386083,-0.060879826093896,-2.23184175649222,0.881726759798624,0.329592252713275,-0.351170272296158,-2.11055134773071,0.135072950876909,-6.5,0.444059071723651
13.91,0.9274191,-0.2127858,-0.142385372449933,-0.909705676738586,-2.25797071741511,0.968753064655971,0.307012545539124,-0.341482741649598,-2.06880077983764,0.176165348855335,-6.5,5.15195621189316
13.92,0.928621,-0.2200911,-0.145480210105299,-1.41553550626386,-2.2723243112519,1.06101726126948,0.284289302426605,-0.330872569036904,-2.02741273173528,0.221486488749277,-6.5,6.46711655964819
13.93,0.9290274,-0.2250789,-0.148358845838389,-1.73081331968654,-2.27766505371842,1.15825538034967,0.261512651889421,-0.319290015233407,-1.98587679666492,0.271254351847997,-6.5,6.49932789611199
13.94,0.92831,-0.2276599,-0.151036306884107,-2.0709932352722,-2.27732453875067,1.26013905161158,0.238739406501915,-0.306688624717291,-1.94365990227169,0.325645960938351,-6.5,6.49998530367523
13.95,0.9263308,-0.2277426,-0.153499283928385,-2.43754989482775,-2.27286577119033,1.36635252894543,0.216010748790011,-0.293025099427837,-1.90054734887915,0.384809314871139,-6.5,6.4999996479827
13.96,0.9227375,-0.2252666,-0.155736896477852,-2.82184421803537,-2.26748160589788,1.47632390814313,0.193335932731032,-0.278261860346405,-1.85617637581069,0.448717100403787,-6.5,6.49999999056358
13.97,0.9174092,-0.2199103,-0.157714949734073,-3.22217856682165,-2.26224257083669,1.59161021969619,0.170713507022666,-0.262345758149444,-1.81053001221108,0.518177070615829,-6.5,6.49999999973083
13.98,0.9102483,-0.2116729,-0.159396062255283,-3.6317741266886,-2.25794295868337,1.71101512159705,0.148134077435832,-0.245235606933473,-1.76368186310838,0.592642603335186,-6.5,6.4999999999915
13.99,0.9013063,-0.1999431,-0.160741617798979,-4.05338069305045,-2.25410175360322,1.83834116623806,0.1255930598998,-0.226852195271092,-1.71586377766821,0.673421043261453,-6.5,6.49999999999973
14,0.8904478,-0.1848315,-0.161722272656294,-4.47218353136706,-2.25177971578419,1.97119504585964,0.103075262741958,-0.207140244812496,-1.66722368351958,0.758931242008687,-6.5,6.49999999999999
14.01,0.8774208,-0.1663392,-0.162313902416256,-4.87358355791379,-2.25288148725786,2.10822226325155,0.0805464478693792,-0.18605802217998,-1.61795110086761,0.847825024189274,-6.5,6.5
14.02,0.8629941,-0.143445,-0.162499570206366,-5.25370554970343,-2.25089856462491,2.2564115031139,0.0580374622231301,-0.163493907148841,-1.56853040483291,0.941181968463323,-6.5,6.5
14.03,0.8467163,-0.1166508,-0.162276240116578,-5.590887718812,-2.24971085181702,2.40979742745783,0.0355403537049599,-0.139395932874263,-1.51908869496552,1.03546738200659,-6.5,6.5
14.04,0.8290021,-0.08564323,-0.161647544510659,-5.87733661431845,-2.24589046964002,2.56945193907142,0.0130814490085597,-0.113701413483549,-1.46983865869708,1.12942976000947,-6.5,6.5
14.05,0.8096821,-0.05074117,-0.160624892326615,-6.10613646920542,-2.24101609003646,2.73120523774198,-0.00932871189180493,-0.0863893611061292,-1.4209817058136,1.22081204820181,-6.5,6.5
14.06,0.7898813,-0.0116694,-0.159211639133183,-6.27834511339086,-2.2261047861736,2.89600938539912,-0.0315897597535409,-0.057429267252138,-1.37224179949644,1.3088303536287,-6.5,6.5
14.07,0.7687528,0.03052847,-0.157432825518658,-6.39620268721192,-2.20886615215581,3.05406290812783,-0.053678421275099,-0.0268886381708597,-1.32405245559211,1.39180205761124,-6.5,6.5
14.08,0.7466921,0.0753817,-0.155301857016448,-6.46684627473522,-2.18638156258336,3.20102708444285,-0.0755422369009327,0.00512163267356885,-1.27629213770144,1.46972736541427,-6.5,6.5
14.09,0.723603,0.122017,-0.15284654605422,-6.49748221555977,-2.15996752939143,3.32973388530359,-0.0971419121948469,0.0384189715266048,-1.22912847952856,1.54295498614522,-6.5,6.5
14.1,0.6994872,0.1697268,-0.150098247504578,-6.49439108942705,-2.13007033232836,3.43505309956458,-0.118442615518131,0.0727695025222506,-1.18267309239904,1.61235267257835,-6.5,6.5
14.11,0.6743532,0.2178046,-0.147093227074735,-6.46202801777962,-2.0970664592745,3.51242789615215,-0.139413280110876,0.107893781483772,-1.13703324609008,1.67896715200654,-6.5,6.5
14.12,0.6482528,0.2657208,-0.143868460323473,-6.40293358235555,-2.06097240812461,3.55928289090265,-0.160023004192122,0.143486610392799,-1.09226297321291,1.74387475801419,-6.5,6.5
14.13,0.6210291,0.3126932,-0.140484459525817,-6.31771079077073,-2.02350431571438,3.57141205666505,-0.180258047349265,0.179200730959449,-1.04867303674799,1.80824290472468,-6.5,6.5
14.14,0.5927937,0.358326,-0.13697868027984,-6.20538083201279,-1.98408635405986,3.54829355558516,-0.200098910889864,0.214683666515301,-1.00621820673031,1.87310232390206,-6.49999999999999,6.5
14.15,0.56468,0.4032641,-0.133252033978037,-6.0653997512922,-1.93396948167658,3.49808381408042,-0.21943860570663,0.249664504656105,-0.963325501943353,1.93862943004508,-6.49999999999998,6.5
14.16,0.5360269,0.4464329,-0.12943332810707,-5.89380544321487,-1.8796353111949,3.41457681854611,-0.238234958818579,0.283810272841566,-0.921123361602386,2.0061929572564,-6.49999999999991,6.5
14.17,0.5069379,0.4876473,-0.125537114801964,-5.68662694180455,-1.82090981133685,3.2994675702189,-0.256444056931947,0.316804948543755,-0.879544980178757,2.07651275057846,-6.49999999999962,6.5
14.18,0.4774622,0.5264853,-0.121531514676042,-5.43792622224451,-1.75810074162968,3.15260879973851,-0.274025064348244,0.34833103654114,-0.838612761640908,2.15058782007068,-6.499999999998,6.5
14.19,0.4477152,0.5629542,-0.117350673358672,-5.14253627038637,-1.69098333314185,2.97754159566419,-0.290934897679663,0.378106452497782,-0.798227848812661,2.22887496348107,-6.49999999998772,6.5
14.2,0.4178135,0.5970246,-0.112911874261766,-4.79530212561514,-1.61936883003779,2.77741231456219,-0.307128585980041,0.405880575643404,-0.758286109801865,2.31176522764307,-6.49999999990839,6.5
14.21,0.3878494,0.6287826,-0.108121240224332,-4.39313889257384,-1.54330989947098,2.55620964905604,-0.32256168497475,0.431442672133964,-0.718729373704556,2.39928859584231,-6.4999999991566,6.5
14.22,0.3578699,0.658336,-0.102881981199919,-3.93572024209549,-1.4632473000468,2.31791782608134,-0.337194157975218,0.454621850394778,-0.679588878160967,2.49118132586058,-6.49999999033396,6.5
14.23,0.3279532,0.6858249,-0.0970773288872588,-3.42602110228667,-1.37936120519016,2.0665720589254,-0.35098777002712,0.475287570984032,-0.640829224228336,2.58681252111261,-6.49999985944712,6.5
14.24,0.2981499,0.7114179,-0.0906976578376099,-2.867157757093,-1.29206669763825,1.80620045765024,-0.363908437003502,0.493349575560534,-0.602472276738186,2.68516700471724,-6.49999737062387,6.49999999999984
14.25,0.2685224,0.7353306,-0.084094531553541,-2.26467897797107,-1.20166863733587,1.54094479814675,-0.375925123376861,0.508759023542002,-0.564509540103592,2.78482724186163,-6.49993544406388,6.49999999980038
14.26,0.2392271,0.7577479,-0.077672052997523,-1.64415846267668,-1.10771565706916,1.27439834765832,-0.387002279947553,0.521503007018585,-0.526721047843726,2.88427681753689,-6.49780740706721,6.49999926441775
14.27,0.2102064,0.7787549,-0.0709466852281445,-1.04339873363357,-1.01153401863903,1.00907105610084,-0.397117620133943,0.531593717579593,-0.489375513462398,2.9822542092168,-6.39981393203496,6.49094457500155
14.28,0.1816828,0.7985029,-0.0325471386405539,-0.00632540463964663,-0.912106698525243,0.747794861777379,-0.406238687119195,0.539071666197367,-0.452077895733342,3.07741556869825,-3.1267174615498,0.109247524872692
14.29,0.1537375,0.8170367,-0.000562869138836686,9.448631626532e-09,-0.809657327958909,0.492291763684911,-0.414335260398785,0.543994583834216,-0.414776963667803,-3.11424874533649,-0.0561890044358276,1.22502610750532e-06
14.3,0.1264277,0.834276,-3.37332042832194e-06,-4.78368470221059e-14,-0.704603612620318,0.243097030480975,-0.421381296524988,0.546425554139026,-0.377475411174341,-3.02659510703816,-0.000338724329804141,4.46879368715652e-11
14.31,0.09966829,0.8500386,-1.3794256819068e-08,2.33386497891266e-15,-0.59849282564511,-0.000155303814906915,-0.427366224781439,0.546424001100877,-0.340519893277722,-2.94256947965215,-1.37893591202114e-06,4.89105543129582e-13
14.32,0.07361556,0.864253,-3.84397962423583e-11,3.00369143512166e-13,-0.490814639169386,-0.236947594323738,-0.432274371173133,0.54405452515764,-0.303633175432022,-2.8251812747705,-3.91670838565104e-09,3.0253915703444e-11
14.33,0.04821228,0.8766572,-8.94695617282354e-14,3.21173713442068e-09,-0.382827969207874,-0.468378762522754,-0.436102650865211,0.539370737532412,-0.267084085549482,-2.7428997042308,-9.89396919478047e-12,3.22508380888192e-07
14.34,0.02334001,0.8870949,-2.62515883264522e-16,8.9806420534279e-05,-0.276187012702621,-0.694638442745656,-0.438864520992238,0.532424353104956,-0.231280658905806,-2.66408324823619,-3.56393439283735e-14,0.00828045683185918
14.35,-0.001075628,0.8954214,-1.62277011250727e-18,0.0768037446088383,-0.17205160457744,-0.915836297045338,-0.440585037038012,0.523265990134502,-0.19648952259164,-2.5883908773071,-3.59239933622272e-16,6.07770112113503
14.36,-0.02499742,0.9017947,-2.00576788160425e-20,0.0945747847167946,-0.0705762135596615,-1.12966155361877,-0.441290799173609,0.511969374598314,-0.162660343854773,-2.51617429255263,-2.10559395771167e-17,6.49986283409968
14.37,-0.04846536,0.9061951,1.40010225951918e-20,0.104929110206414,0.0274910220065081,-1.335466546095,-0.441015888953544,0.498614709137364,-0.129943190315332,-2.44720515076682,-1.19600300668767e-17,6.49999986987729
14.38,-0.07179427,0.9088556,-5.95667316498228e-21,0.11309529019012,0.119271423709222,-1.53066748945352,-0.439823174716451,0.483308034242829,-0.099218087113424,-2.38171852530056,-5.58807888556706e-17,6.49999999965562
14.39,-0.09413663,0.9103906,-7.14563422543586e-18,0.119753253860539,0.211507060871156,-1.70987521781772,-0.43770810410774,0.466209282064652,-0.0681256433596435,-2.32046879024226,-1.41446327213115e-15,6.49999999999757
14.4,-0.1158627,0.9110241,-7.56478255981279e-16,0.125427990309342,0.300596072391052,-1.8713904883132,-0.434702143383829,0.44749537718152,-0.0377871827606456,-2.2631887953853,-9.23884783987712e-14,6.49999999999996
14.41,-0.1364667,0.911152,-3.1961239161038e-14,0.130407682842481,0.390292111694677,-2.01237567811775,-0.430799222266883,0.427371620400343,-0.00680730579331126,-2.20983915073839,-1.0792675304739e-11,6.5
14.42,-0.1555036,0.9113135,3.3734529333144e-11,0.134816799067428,0.483552298323019,-2.12920057912412,-0.425963699283652,0.406079614609101,0.0259859692593977,-2.16049545418958,-1.86690558171546e-09,6.5
14.43,-0.1730258,0.9115205,1.86042933233182e-08,0.138734867005384,0.579067558019219,-2.22293895293224,-0.42017302370346,0.383850225079779,0.0603012580458224,-2.11440251575574,-3.48169604924414e-07,6.5
14.44,-0.1883811,0.9119694,7.43522074027049e-06,0.142201346460021,0.681286848052153,-2.29324135359249,-0.413360155222939,0.360917811543854,0.0979165446412086,-2.07117481266025,-7.63072451725376e-05,6.5
14.45,-0.2015433,0.9129223,0.00230836469578141,0.145253046175518,0.789217720384201,-2.3394116366557,-0.405467978019097,0.337523695177297,0.138718512405486,-2.03055395899763,-0.0164018697328581,6.5
14.46,-0.2125777,0.9139999,0.372562997623707,0.14797752857322,0.901173275098458,-2.36614075825949,-0.396456245268112,0.313862287594702,0.182340768454638,-1.99158164733186,-2.04340911819851,6.5
14.47,-0.2212295,0.9150942,1.45084713837135,0.150418558880132,1.01814864010176,-2.37568384818944,-0.386274758867095,0.290105449112808,0.22939303571354,-1.95377091190229,-6.40958823241216,6.5
14.48,-0.2274231,0.9158695,1.78490458644099,0.152621372387037,1.13958132027489,-2.37206213486758,-0.374878945664346,0.266384827764132,0.279921117092683,-1.91648608660096,-6.49927558320044,6.5
14.49,-0.2310673,0.9160397,2.12316715083472,0.154611455242185,1.26504902713322,-2.35865871832335,-0.362228455393013,0.242798240580899,0.334006963169208,-1.87925134225435,-6.49999288813182,6.5
14.5,-0.2321832,0.9153828,2.47771425203092,0.156398623976619,1.39323282935236,-2.33813160892397,-0.34829612709949,0.219416924491659,0.391375910760528,-1.84173451436299,-6.49999991014356,6.5
14.51,-0.2306229,0.9134823,2.84258909399308,0.157988903760887,1.52425723732823,-2.31453794775204,-0.333053554726207,0.196271545014138,0.452241413071706,-1.80352633951107,-6.49999999857561,6.5
14.52,-0.2262576,0.9100893,3.21380468471613,0.159371184476023,1.65806374033798,-2.29027495951485,-0.316472917322828,0.17336879541899,0.516691889563807,-1.76445611074953,-6.49999999997218,6.5
14.53,-0.2194893,0.9045,3.58123628831188,0.160534639925558,1.79031089803486,-2.27121740871852,-0.298569808342479,0.150656621331805,0.583253873399118,-1.72418162325492,-6.49999999999926,6.5
14.54,-0.2084254,0.8982853,3.96838088193001,0.161434863239178,1.93546085117622,-2.24438765619689,-0.279215199830717,0.128212744769836,0.656759645360204,-1.683660092985,-6.49999999999998,6.5
14.55,-0.194672,0.889751,4.34338437009067,0.162073387505901,2.07859905509141,-2.22423237428355,-0.258429209279803,0.105970421027,0.73196407073558,-1.64220072332032,-6.5,6.5
14.56,-0.1777764,0.8792154,4.70510184621221,0.162427758858496,2.22257329924489,-2.20776033576129,-0.236203476287354,0.0838928176693875,0.809516463191367,-1.60017436653834,-6.5,6.5
14.57,-0.1575411,0.86686,5.04726938937882,0.162485943603221,2.36794143520849,-2.19329786794699,-0.212524061935269,0.0619598389899176,0.889139352706893,-1.55783782150761,-6.5,6.5
14.58,-0.1340885,0.8527001,5.36097530431207,0.162243101999578,2.51263430210174,-2.18063263157983,-0.187397718914251,0.0401535126741193,0.969751309841177,-1.51539104675809,-6.5,6.5
14.59,-0.1071611,0.8372304,5.6418795623048,0.161699538261792,2.65780404549914,-2.16569271337333,-0.16081967845926,0.0184965855403861,1.0510481035721,-1.47296859277511,-6.5,6.5
14.6,-0.0771983,0.8202012,5.88312926739175,0.160860579008282,2.79890596058129,-2.15074807669994,-0.132830618853447,-0.00301089522661336,1.13152092984176,-1.43073105528833,-6.5,6.5
14.61,-0.04460325,0.8015545,6.08215703208372,0.159737035129461,2.93207526519877,-2.13633653593455,-0.103509866201459,-0.0243742605859589,1.21020302845909,-1.38884919503965,-6.5,6.5
14.62,-0.009058447,0.7826069,6.24059750172275,0.158320765254196,3.05959802976683,-2.11187697175604,-0.0729138859037911,-0.0454930303035193,1.28726222142932,-1.34683617922354,-6.5,6.5
14.63,0.02830993,0.762356,6.35830223034271,0.156637313070789,3.17201383657316,-2.08638774332217,-0.0411937475380595,-0.066356907736741,1.36155879787734,-1.30525267554163,-6.5,6.5
14.64,0.06644189,0.7404996,6.43831623480807,0.154717131905853,3.26125198564061,-2.06252437662618,-0.00858122768165344,-0.0869821515030028,1.43288616854071,-1.26443752055737,-6.5,6.5
14.65,0.1062169,0.7185568,6.48478098374925,0.152518434487614,3.33561746290293,-2.02804733348245,0.0247749469473758,-0.107262624837827,1.50233505904256,-1.2232823716584,-6.5,6.5
14.66,0.1471885,0.6966178,6.49999827827577,0.15003647134163,3.39219339684317,-1.98328437323051,0.0586968809158076,-0.127095468570132,1.57006829784302,-1.18168717887323,-6.5,6.49999999999999
14.67,0.1875661,0.673305,6.48600250689115,0.147373631007207,3.41761981465679,-1.94041904712686,0.0928730790623755,-0.146499659041401,1.63645165396656,-1.14111159413024,-6.5,6.49999999999998
14.68,0.2275596,0.6492391,6.44390822108242,0.144517238366088,3.41587493302365,-1.89455246203574,0.127031828392612,-0.165445183661758,1.70229737464221,-1.10098397138559,-6.5,6.49999999999993
14.69,0.2672023,0.6248227,6.37385168619884,0.141456091727715,3.3893754262726,-1.84295284104765,0.160925582655338,-0.183874712072235,1.76818025516305,-1.06089181105364,-6.5,6.49999999999973
14.7,0.3061521,0.6000323,6.27504775486635,0.138216977373216,3.33749298495673,-1.7865780011637,0.194300512504905,-0.201740492083872,1.83471486863023,-1.02094784496219,-6.5,6.49999999999881
14.71,0.3439583,0.5747798,6.14554279708025,0.134841030621959,3.25894048973735,-1.72685980926534,0.226889917402279,-0.219009090176525,1.9026412743584,-0.981374957751344,-6.5,6.49999999999402
14.72,0.3813507,0.5497282,5.98470865876805,0.131270687506185,3.16218540703708,-1.65909040926061,0.25851177147265,-0.235599994269131,1.9717453474181,-0.941243024438473,-6.5,6.49999999995995
14.73,0.4173798,0.524359,5.78848351856282,0.127613459479992,3.04165352394077,-1.58850112053011,0.288928306712057,-0.251485005474433,2.04315496572878,-0.901508249115213,-6.5,6.49999999968756
14.74,0.4520447,0.4987379,5.55390176531942,0.123861073135429,2.89998693667482,-1.51522041843961,0.317928176078806,-0.266637209658829,2.11717407785478,-0.862173268325291,-6.5,6.49999999712915
14.75,0.4853669,0.4730602,5.27831173261136,0.119945998495601,2.73993392322273,-1.43834157867155,0.345327515311033,-0.281020625445544,2.19395860702703,-0.822997741803232,-6.5,6.49999996741093
14.76,0.517354,0.4472852,4.95963358034114,0.115828991774888,2.56403027485232,-1.35895008829662,0.370967818059556,-0.29461012632851,2.27355121685445,-0.784183365800756,-6.5,6.49999954909851
14.77,0.548065,0.421584,4.59751630839363,0.111412503269727,2.37512585226648,-1.27635942414563,0.394719076582221,-0.307373720569967,2.35575511545936,-0.745509575108825,-6.5,6.49999201679704
14.78,0.577588,0.3960001,4.19398123821498,0.106607767627166,2.17615785506661,-1.19098502289141,0.416480655132887,-0.319283570798881,2.44013661370159,-0.707014935411871,-6.5,6.49981632709828
14.79,0.6060369,0.3706628,3.75386946607354,0.101207340155149,1.97010197065468,-1.10253584871919,0.436181674839434,-0.330308929286073,2.526019110442,-0.668548211420826,-6.5,6.4942498603106
14.8,0.6335236,0.3456684,3.28310489246595,0.0917191562087884,1.75972632137277,-1.01103178883607,0.453778938053161,-0.340419247174433,2.61256649213827,-0.630027966639862,-6.49999999999931,6.25345812549839
14.81,0.660161,0.3211452,2.78668138509838,0.0242988915274315,1.54761167881042,-0.916251542055697,0.469255054841266,-0.34958176259499,2.69883122267107,-0.591292548201661,-6.49999999976294,1.77936524966652
14.82,0.6860504,0.2972155,2.27068819919751,0.000282894661435407,1.33605175036649,-0.818063936105744,0.48261557234493,-0.357762401956048,2.78385747040382,-0.552190181388443,-6.49999984506763,0.0224337094383544
14.83,0.7117147,0.2745202,1.76106277133827,1.08964891196951e-06,1.1305368486993,-0.71220101144214,0.493920940831923,-0.364884412070469,2.86551284933389,-0.511257616367179,-6.49982134081943,9.41232744845645e-05
14.84,0.736302,0.2521375,1.17738586092541,2.86724248720937e-09,0.925045624561754,-0.607351509732169,0.503171397077541,-0.370957927167791,2.94581370576854,-0.471072836786893,-6.0438637904182,2.67357121822079e-07
14.85,0.760222,0.2306087,0.00182839840930023,4.22284951701813e-12,0.724163148636414,-0.49973849928957,0.510413028563905,-0.375955312160687,3.02309280694722,-0.43031009342615,-0.0152306790953253,4.1646671179887e-10
14.86,0.783328,0.2098839,5.75615613926458e-08,4.23023417741427e-15,0.527616434497389,-0.390658835171806,0.515689192908879,-0.379861900512405,3.0975167488289,-0.389259251805037,-1.61867535793991e-06,4.25120097593653e-13
14.87,0.8057297,0.190144,-1.91119087708221e-12,3.93210626050996e-18,0.337182515727207,-0.279461450353168,0.519061018066151,-0.382656515015936,-3.11461377926246,-0.347548630579235,-2.4898984491807e-10,3.93112627452649e-16
14.88,0.8268536,0.1709785,-1.42793476480732e-16,9.76236766095869e-21,0.148978473672322,-0.17031726425224,0.520550802802874,-0.384359687658459,-3.04528106772404,-0.306525257735606,-3.0961161048396e-13,9.91529202688188e-19
14.89,0.8464676,0.1522957,-5.36655584213142e-17,2.19838941488509e-22,-0.0378402216707485,-0.0644858336594325,0.520172400586167,-0.385004545995053,-2.97714563896672,-0.266569676557151,-4.75974146427506e-14,2.43559944236956e-20
14.9,0.8649251,0.1343718,-1.90305028942101e-14,1.0710369997004e-22,-0.21935768225849,0.0398512609652357,0.517978823763582,-0.384606033385401,-2.87209763278905,-0.226919470226994,-2.08692347202812e-12,1.5123902492462e-20
14.91,0.8811911,0.116424,-3.67222245024499e-11,7.21105254822991e-22,-0.403145656806302,0.135860784967619,0.513947367195519,-0.383247425535724,-2.80907481502511,-0.190121532674769,-3.67428823020806e-09,1.87131866271985e-19
14.92,0.8953384,0.09836704,-2.08475542002541e-07,4.2911544722617e-21,-0.587257827717629,0.22291948547489,0.508074788918343,-0.381018230680976,-2.74617321311017,-0.156439914137754,-2.0943838316636e-05,1.13874359347203e-17
14.93,0.9064736,0.07917929,-0.00133873071558834,-7.46568484788909e-19,-0.777653189517409,0.292982232338169,0.500298257023169,-0.378088408357594,-2.68140824007582,-0.129144804270165,-0.127067947767945,6.29234326971479e-16
14.94,0.9166758,0.06120864,-0.0747687302514513,-8.48137417595436e-19,-0.955918389706177,0.36584746276116,0.490739073126107,-0.374429933729982,-2.62029608577152,-0.100302672481201,-6.32609904470271,5.73254093037013e-14
14.95,0.9228767,0.0408547,-0.0878630064597841,2.54908983875885e-15,-1.14648978496132,0.411885800103128,0.479274175276494,-0.370311075728951,-2.55546443667561,-0.0820762012903443,-6.49987534199238,9.62934383576339e-13
14.96,0.9278312,0.02091256,-0.0981747036026927,7.74068960949477e-14,-1.32504021182683,0.455434275144633,0.466023773158225,-0.365756732977505,-2.49377964605721,-0.0645632809024409,-6.49999972758374,1.37431708439683e-11
14.97,0.9308167,0.0004967277,-0.106765175102603,7.58943351562879e-13,-1.49716993065804,0.489302804304927,0.451052073851645,-0.360863704934455,-2.43339662612762,-0.0508175183695558,-6.49999999872329,1.01714513583336e-10
14.98,0.9323462,-0.0200295,-0.11383751214114,4.04163144892444e-12,-1.65815440324189,0.516979930895374,0.434470529819226,-0.355693905625502,-2.37523693212835,-0.0394433656439518,-6.4999999999871,4.94801808177299e-10
14.99,0.9325433,-0.04063831,-0.119880153593642,1.31555032334251e-11,-1.80684474481755,0.53901683801908,0.416402082371051,-0.350303737245311,-2.31923566979762,-0.0302710190745552,-6.49999999999975,1.65304158988374e-09
15,0.9318582,-0.0607628,-0.12517421642671,3.59930893596191e-11,-1.93964062425319,0.56029010285944,0.397005676128519,-0.344700836216716,-2.26583721642814,-0.0212052542132484,-6.49999999999999,5.23216401942206e-09
15.01,0.930635,-0.07980248,-0.129922670575318,8.7544478129167e-11,-2.05418468919226,0.585558085849357,0.376463829236596,-0.338845255358223,-2.21514138108195,-0.010088131310671,-6.5,2.12472547845176e-08
15.02,0.9287868,-0.09806433,-0.134289845799716,-8.50388335584927e-11,-2.15188199588118,0.611875250937288,0.354945009277784,-0.33272650284885,-2.16651594191656,0.00183822556120307,-6.5,9.09192851700372e-08
15.03,0.9266168,-0.1145697,-0.138272689269658,-7.5863156169474e-09,-2.23100730560805,0.646857628923414,0.332634936221704,-0.326257926559616,-2.11997569934104,0.018187494196355,-6.5,6.5190894923987e-07
15.04,0.9239163,-0.1296687,-0.141918330270707,-1.73225539537025e-07,-2.29419804240318,0.686772555695359,0.309692955797672,-0.319390201002662,-2.07480881711577,0.0374459684988466,-6.5,6.01731727484817e-06
15.05,0.9208185,-0.1425067,-0.145231519818661,-5.59467994874231e-06,-2.34124140273349,0.737832703775481,0.286280541770337,-0.312011873964907,-2.03085069760979,0.0628207121810114,-6.5,9.93181031254702e-05
15.06,0.9172167,-0.1532508,-0.148240123068742,-0.000217346855746831,-2.37397083205125,0.797468851255513,0.262540833449825,-0.304037185452352,-1.98766032707032,0.0934588251115332,-6.5,0.00235468363832594
15.07,0.9128795,-0.1615122,-0.150971399078211,-0.010959617556679,-2.39516515134989,0.867724991057617,0.238589181936326,-0.295359935541776,-1.94473396018284,0.130776187237875,-6.5,0.0825514161113994
15.08,0.9077791,-0.1669063,-0.153428210342323,-0.46622454983063,-2.40582025693199,0.950376595635802,0.214530979367006,-0.285856169585418,-1.90186437548455,0.176163804860682,-6.5,2.64040130463765
15.09,0.9016838,-0.1691716,-0.155618157161093,-1.44918500990427,-2.4085567497129,1.04598370254817,0.190445411869877,-0.275396332559937,-1.85869415857436,0.230452883586986,-6.5,6.37397423559371
15.1,0.8945565,-0.1678882,-0.157531489829062,-1.87909684364395,-2.40427453692665,1.15624553501975,0.16640266650061,-0.263833877209739,-1.81511084531105,0.295014405699264,-6.5,6.49871399997226
15.11,0.8861575,-0.1627741,-0.159160498916169,-2.34867669973229,-2.39546859793532,1.28152029136994,0.142447980521257,-0.25101867429604,-1.77089487121226,0.370352206810415,-6.5,6.4999895801044
15.12,0.876412,-0.1533232,-0.160487330713133,-2.87288610649477,-2.38314199696324,1.4238359146231,0.118616560551625,-0.236780315149809,-1.72602080951528,0.457402849770746,-6.5,6.49999993021947
15.13,0.865542,-0.1390391,-0.161490936838822,-3.4336052237374,-2.3658591910303,1.58486460478652,0.0949579686413216,-0.220931669101943,-1.68064585983018,0.556159031861338,-6.5,6.49999999959789
15.14,0.853137,-0.1198432,-0.162158730979406,-4.00489323897397,-2.34739898293307,1.76266542619594,0.0714839788119909,-0.203305014839984,-1.6346576280135,0.663891485389027,-6.5,6.4999999999977
15.15,0.8389874,-0.09578262,-0.16247477200206,-4.55551909740439,-2.3296344754131,1.9543304463099,0.0481876340578599,-0.183761710376885,-1.58815680633856,0.776743919696081,-6.5,6.49999999999999
15.16,0.8235559,-0.06656297,-0.162427631234774,-5.05767936932159,-2.3088944332199,2.15983591756584,0.0250986897256609,-0.162163351201227,-1.5413923464919,0.891681978785052,-6.5,6.5
15.17,0.8071058,-0.03232235,-0.162012539883006,-5.48555632818826,-2.2834182576557,2.37559444315337,0.00226450714910385,-0.138407406769693,-1.4944670415659,1.00451387275785,-6.5,6.5
15.18,0.7883512,0.005655144,-0.161233103611849,-5.82258013157582,-2.26402757918873,2.58904032130509,-0.0203757686427835,-0.112517003556642,-1.4476932779441,1.1101010672381,-6.5,6.5
15.19,0.7690538,0.0474503,-0.160089253816113,-6.07767715643666,-2.23622144401793,2.79958497521138,-0.0427379830829628,-0.0845211538045283,-1.40087562799893,1.20825400922011,-6.5,6.5
15.2,0.7476551,0.09143526,-0.158608051679081,-6.25866344506966,-2.21330975490329,2.99299183390773,-0.0648710806319957,-0.0545912354654509,-1.35470868171464,1.2973775812804,-6.5,6.5
15.21,0.7246938,0.1368734,-0.156808363490066,-6.38042945750944,-2.19070531034683,3.16342962374925,-0.086778133735464,-0.0229569392279585,-1.30918454039347,1.37864368094988,-6.5,6.5
15.22,0.7001027,0.1827166,-0.154721932941241,-6.45527475593639,-2.16903787864072,3.30318311436998,-0.108468512521871,0.0100748919157414,-1.26453307756826,1.45338971901075,-6.5,6.5
15.23,0.673915,0.2281996,-0.152383348823096,-6.49268647646413,-2.14807564612753,3.40762453074161,-0.129949268983146,0.0441511372231575,-1.2209018704381,1.52334253472598,-6.5,6.5
15.24,0.6462381,0.2726825,-0.149825708424382,-6.49877856333406,-2.12700318072055,3.47373072816893,-0.151219300790352,0.0788884445048468,-1.17834029008942,1.59018772505146,-6.5,6.5
15.25,0.6173295,0.3157874,-0.147070618689802,-6.47671716263168,-2.1038730452171,3.5010719455762,-0.172258031242523,0.113899163960609,-1.13670585683149,1.65548289784282,-6.5,6.5
15.26,0.5870719,0.3568301,-0.144163675260583,-6.42714086057975,-2.07990215818445,3.48704640275699,-0.193057052824367,0.148769627988179,-1.09621510063213,1.72070102088499,-6.5,6.5
15.27,0.5562093,0.395849,-0.141074646414055,-6.34860358247351,-2.049323959462,3.43532670954452,-0.213550292418987,0.183122895083624,-1.05606871697659,1.78710312536901,-6.5,6.5
15.28,0.525485,0.4336263,-0.13775250941473,-6.23887394125315,-2.00688084406815,3.35550233428767,-0.233619100859669,0.216677918426501,-1.01539145751981,1.85527716730608,-6.5,6.5
15.29,0.4950903,0.4700671,-0.134194967593135,-6.09448632600791,-1.95223192061819,3.24954119975348,-0.253141420065851,0.249173330424035,-0.973996669854737,1.92597280447265,-6.49999999999999,6.5
15.3,0.4641085,0.5037265,-0.130548448229167,-5.90703747770982,-1.8940070795818,3.10859653649627,-0.272081490861669,0.280259295788998,-0.933296442631792,2.00134019623935,-6.49999999999995,6.5
15.31,0.4335183,0.5353632,-0.126710275012246,-5.67062366361943,-1.82500282379657,2.94243229107209,-0.290331519099635,0.309683618699719,-0.891897255038801,2.08157146653127,-6.4999999999997,6.5
15.32,0.4033702,0.5651401,-0.122649442566424,-5.37812664304076,-1.74608780662678,2.75541582308585,-0.307792397165902,0.337237776930578,-0.849830626730963,2.16716227819312,-6.49999999999762,6.5
15.33,0.3736996,0.5931352,-0.11829876843479,-5.02240821188603,-1.65824769882907,2.55102160133704,-0.324374874154193,0.362747992943948,-0.807159347880387,2.25849355264524,-6.49999999997353,6.5
15.34,0.3446139,0.6196273,-0.113548680253468,-4.59997907524899,-1.56187009551344,2.33416669110233,-0.339993575109328,0.386089659854971,-0.763822887633453,2.35521932910971,-6.49999999957538,6.5
15.35,0.3161188,0.6446351,-0.108275946347433,-4.10933702855485,-1.45817800757993,2.10737282707942,-0.354575355185127,0.407163388125766,-0.719949422264126,2.45708780711063,-6.49999999003056,6.5
15.36,0.2882137,0.6684572,-0.102327564858131,-3.55771488251259,-1.34839852073571,1.87526818495708,-0.368059340392484,0.425916069975336,-0.675686407938634,2.56268846581688,-6.49999965185101,6.49999999999996
15.37,0.2608751,0.691231,-0.0955316279992355,-2.95267006418858,-1.23388019177697,1.64085179831872,-0.380398142310254,0.442324587958524,-0.631232137313567,2.67051556431939,-6.49998165743505,6.49999999998015
15.38,0.2340563,0.7131192,-0.0879685273187952,-2.30293403183207,-1.11608097626738,1.40710143630707,-0.391558952072927,0.456395602321594,-0.586838444821038,2.77864812970965,-6.49852863579637,6.49999997955523
15.39,0.2077971,0.7342383,-0.0780847491856695,-1.63852683459721,-0.995672334010997,1.17638161173217,-0.401515675413037,0.468159418438916,-0.542567787506757,2.88518050340295,-6.31850933882196,6.49995110616295
15.4,0.1820005,0.7547393,-0.0109798164507966,-0.965265478014125,-0.874381868075773,0.951126456793112,-0.410259494093795,0.477670683006847,-0.498789890593486,2.98818731837943,-0.972519487903691,6.22447073500867
15.41,0.1567121,0.7746785,-3.78847886677438e-05,-0.000482602546899849,-0.752665478455711,0.732778231782682,-0.417786148878352,0.484998465324674,-0.455533747929213,3.08637429491249,-0.00362132703412052,0.0101228994560116
15.42,0.1318661,0.7940752,-7.61729430770538e-08,3.03446057389749e-09,-0.631838073918615,0.522325557843594,-0.424104529617538,0.49022172090311,-0.413089200084451,-3.10422332974051,-7.6111811353461e-06,3.70542555817184e-07
15.43,0.1074186,0.8128818,-1.19500400068896e-10,-2.39227899961645e-14,-0.512928258031863,0.320091433826583,-0.429233812197857,0.493422635241376,-0.371678883926256,-3.01741138880591,-1.19890678327214e-08,1.93840261143168e-11
15.44,0.08345053,0.8311161,-1.73073324132071e-13,8.90203452335611e-17,-0.395873505902657,0.126846135758491,-0.433192547256884,0.49469109659896,-0.331191592401806,-2.93649562369924,-1.7321961177642e-11,1.66336285058259e-14
15.45,0.05980486,0.8485378,-3.7883969923377e-16,4.27689626011197e-17,-0.282507592867141,-0.058829354096865,-0.436017623185555,0.494102803057992,-0.292125933802691,-2.86051889918675,-3.92524460880565e-14,4.53536663585847e-15
15.46,0.03656675,0.8650459,-2.3716222768841e-18,4.50877677799198e-15,-0.172559962473812,-0.237167356969103,-0.437743222810293,0.491731129488301,-0.254312252305597,-2.85023351059262,-2.76796778615619e-16,4.67803552206739e-13
15.47,0.01367257,0.8803836,-9.24796084736934e-20,1.03732128446171e-11,-0.0669509411786677,-0.409676829898132,-0.43841273222208,0.48763436118932,-0.217975374464052,-2.7899090679589,-1.43670753880085e-17,1.03743513226848e-09
15.48,-0.00887027,0.894361,-2.79904535004364e-20,4.18425271400504e-08,0.0340666826230844,-0.577244434310074,-0.438072065395849,0.481861916846219,-0.183125441605185,-2.73119319059818,-9.02926564067947e-18,4.18646465229106e-06
15.49,-0.03121929,0.906607,7.31832561901184e-21,0.000121853573132309,0.128969270502033,-0.742165332733961,-0.436782372690829,0.474440263518879,-0.150223116198353,-2.67306770066208,-5.41696247753758e-17,0.011411303311794
15.5,-0.05321305,0.9170875,1.75676092956487e-18,0.0539623745910351,0.218942191738108,-0.903866311619261,-0.434592950773448,0.465401600402687,-0.11879542476015,-2.61549062392385,-1.48855108273724e-15,4.52017505395337
15.51,-0.07494494,0.9255283,-1.2353636715468e-16,0.0873895068708632,0.303068523259562,-1.0637590763227,-0.431562265540852,0.45476400963946,-0.0891121766851348,-2.55784686067958,-8.2756510174382e-14,6.49555349014917
15.52,-0.09683778,0.9316518,-2.58884532498598e-14,0.0972576191313938,0.377906986953839,-1.22318088548317,-0.427783195671314,0.442532200784628,-0.0623902480624174,-2.49962523192722,-4.33606076354052e-12,6.49998732746258
15.53,-0.1180415,0.9360282,-1.91116034914895e-12,0.105598150827621,0.450525857685591,-1.37656384791597,-0.423277937094458,0.428766562305468,-0.0360217491312754,-2.44223309614926,-2.33567390552151e-10,6.49999992625057
15.54,-0.1391682,0.9383558,-3.89180958258879e-11,0.112716123172074,0.515752190766918,-1.52581185111683,-0.418120415186788,0.4135084437943,-0.0118799588376901,-2.38499536538779,-8.30938451241029e-09,6.49999999926148
15.55,-0.1595193,0.9392068,1.86488691260495e-09,0.118864362639372,0.579351478543686,-1.66569699738316,-0.412326900401352,0.396851473820468,0.0122237990687277,-2.32904034569514,-2.56692325503967e-07,6.4999999999864
15.56,-0.1790299,0.9389184,1.88273377141364e-07,0.12431211737175,0.641570839674479,-1.79335130657977,-0.405911192004607,0.378917960754671,0.0364569797376238,-2.27477759751715,-6.76985984345766e-06,6.49999999999955
15.57,-0.1972328,0.9377304,1.00709038099903e-05,0.129264027838713,0.705861544857711,-1.90699723202901,-0.39885257655603,0.35984798843438,0.0622543502613506,-2.22230748309949,-0.00018087844952464,6.49999999999997
15.58,-0.2138329,0.9362613,0.000465002333283919,0.133784489941679,0.774009166670517,-2.00205199931257,-0.391112484889325,0.339827468441255,0.0904797092867188,-2.17225515056518,-0.00523436136861681,6.5
15.59,-0.228425,0.9347236,0.0217441662411285,0.137899871611436,0.848507314287446,-2.07767618998369,-0.38262741174645,0.319050706541418,0.122349496106353,-2.12444251734806,-0.175230527665243,6.5
15.6,-0.2412409,0.9325361,0.501176356564787,0.141701418030354,0.926518004246219,-2.13958430101305,-0.373362231703988,0.297654863531287,0.156981663987848,-2.07758031850707,-3.16197177187928,6.5
15.61,-0.2517068,0.9306656,1.23573895785764,0.145100329874917,1.01184370582563,-2.18071557576086,-0.363243794645732,0.275847707773679,0.196211808288357,-2.03265570675373,-6.33032972324324,6.5
15.62,-0.2596582,0.9288177,1.53868808693731,0.148160364309502,1.10466272974896,-2.20481501683484,-0.352197167348242,0.25379955760533,0.240464512919918,-1.98885476665838,-6.49601837989238,6.5
15.63,-0.2650356,0.9269431,1.84678556534469,0.150907439180778,1.20424859019734,-2.2134785703175,-0.340154681446269,0.231664771902155,0.289792864965729,-1.94578959074017,-6.49991216470078,6.5
15.64,-0.2676881,0.9248796,2.18877037485878,0.15336620033244,1.31061822685547,-2.20917408540731,-0.327048499177714,0.209573031048082,0.344540442533507,-1.9030094513572,-6.49999808026921,6.5
15.65,-0.2675084,0.9224673,2.55961317677224,0.155549395160202,1.42339317262725,-2.1942391215043,-0.312814567451441,0.187630639833039,0.404838473713308,-1.86014261408639,-6.49999995689216,6.5
15.66,-0.2644399,0.9194185,2.94964355627326,0.157463895860851,1.54177582589433,-2.17191697801873,-0.297396809192498,0.165911470052852,0.470556181751357,-1.81677768685197,-6.49999999896435,6.5
15.67,-0.258353,0.9155218,3.35369104827231,0.159101233244191,1.66557825890798,-2.14462433071513,-0.280741026603418,0.144465226745701,0.541691840869034,-1.77266968592367,-6.49999999997305,6.5
15.68,-0.2490229,0.9105107,3.76857292325469,0.160445515059781,1.7953494110051,-2.1150587207562,-0.262787532493367,0.123314639538139,0.618359333561042,-1.72762863833015,-6.49999999999925,6.5
15.69,-0.2366786,0.9040428,4.18187547589146,0.161474389200069,1.92793128118738,-2.08632142921757,-0.243508219681494,0.102451425245963,0.69901757048406,-1.68154387215717,-6.49999999999998,6.5
15.7,-0.2207662,0.8961589,4.5907064787597,0.162159261891224,2.0666466396247,-2.0581901584639,-0.222841753285247,0.0818695236613239,0.784357500226917,-1.63460791702424,-6.5,6.5
15.71,-0.2015216,0.8866284,4.97795167143435,0.162478128320822,2.20820850894284,-2.03262582342223,-0.200759668195818,0.0615432654271016,0.872407376027558,-1.58696076669774,-6.5,6.5
15.72,-0.1790237,0.8752573,5.33130487557508,0.162414644613518,2.35082144774825,-2.01112448672302,-0.177251453718336,0.0414320205598714,0.961731747079596,-1.53886265717087,-6.5,6.5
15.73,-0.1532543,0.8620282,5.64237531422388,0.161962670482123,2.49360282828906,-1.9936174002707,-0.152315425435445,0.0214958465571643,1.0512016649765,-1.49065563550241,-6.5,6.49999999999999
15.74,-0.1243829,0.846932,5.9048785640771,0.16112804567566,2.63423719523489,-1.9799480629863,-0.125973053483096,0.00169636592730138,1.13945719402522,-1.44268355021431,-6.5,6.49999999999999
15.75,-0.09249,0.8301306,6.11676228926324,0.159926453234403,2.77131745037715,-1.96857846967107,-0.0982598789793247,-0.0179894187694093,1.22561301993248,-1.39521569905353,-6.5,6.49999999999999
15.76,-0.05779209,0.8118643,6.27846204765849,0.158378575513049,2.90248315994262,-1.95744972402628,-0.0692350473798984,-0.0375639160096721,1.3088998587334,-1.34839843270476,-6.5,6.49999999999998
15.77,-0.02057616,0.7925066,6.39278274619785,0.156502469599097,3.02503703275722,-1.94359964537148,-0.0389846770523262,-0.0569999124633869,1.38886917096504,-1.30219227709385,-6.5,6.49999999999998
15.78,0.01852877,0.771651,6.46385365998693,0.154340518168017,3.13382138249334,-1.93056218157127,-0.00764646322739281,-0.0763055342790996,1.46526036059469,-1.25702767600427,-6.5,6.49999999999997
15.79,0.05901956,0.749555,6.49658429817358,0.151919732008069,3.22518218936,-1.91626820911083,0.0246053586662072,-0.0954682163702079,1.53836790225998,-1.21284349062712,-6.5,6.49999999999995
15.8,0.1002331,0.7262685,6.49532526099171,0.149274538284121,3.29459139384448,-1.90048303066505,0.057551272604652,-0.114473046676858,1.60873407704067,-1.16970623380733,-6.5,6.49999999999993
15.81,0.142469,0.7029115,6.46337960831417,0.146357411026461,3.34570433348296,-1.87444143617561,0.0910083159394816,-0.133217461038614,1.67702272650446,-1.12648434343716,-6.5,6.49999999999987
15.82,0.1846976,0.6784922,6.40283368172986,0.143276195514227,3.37139457710937,-1.84703444211874,0.124722261710575,-0.151687805459802,1.74396402377738,-1.08441266004367,-6.5,6.49999999999974
15.83,0.226542,0.6533094,6.31447901917766,0.14004318525416,3.37047578546235,-1.8161301450064,0.158427019565199,-0.169849106909866,1.81034847263283,-1.04319429567228,-6.5,6.49999999999942
15.84,0.2679959,0.6277383,6.19834780919659,0.136653004808084,3.34498293402599,-1.77917639462357,0.191876848905459,-0.187640870856102,1.87671718089529,-1.00238758392347,-6.5,6.49999999999848
15.85,0.30841,0.6014854,6.05278733611723,0.133179528704551,3.29181695180852,-1.73921148793077,0.224795018423544,-0.205032985735409,1.94398994061259,-0.962509528308901,-6.5,6.49999999999558
15.86,0.3483016,0.5753015,5.87760591426273,0.129557345056605,3.21760735312476,-1.69070173627931,0.256971091954791,-0.221940003098202,2.01206588083434,-0.922471571002192,-6.5,6.49999999998325
15.87,0.3866229,0.5485133,5.66821088667229,0.125912815688426,3.11610964159577,-1.63999442112101,0.288132188370749,-0.238339947309412,2.08233018776815,-0.883484077886692,-6.5,6.4999999999302
15.88,0.4234233,0.5213717,5.42201125273452,0.122189787852813,2.99050092012921,-1.58555500098365,0.318037197572041,-0.254195497319249,2.15503961147843,-0.845197976778738,-6.5,6.49999999966247
15.89,0.4585366,0.4939904,5.13550504066134,0.118334894573938,2.84214270759498,-1.52709222647432,0.346458624647991,-0.269466419583992,2.23063965663249,-0.807502375411446,-6.5,6.49999999806474
15.9,0.4917725,0.4662753,4.80491978408772,0.114325680027221,2.67224151486421,-1.46602422822159,0.373181039796633,-0.284126661866208,2.30957320648751,-0.77066708755156,-6.5,6.49999998724998
15.91,0.5231973,0.4384257,4.42916543819135,0.110072750157012,2.48409165123814,-1.40132986155513,0.398021956309015,-0.298139960481759,2.3917415635823,-0.734398131298967,-6.5,6.49999989878673
15.92,0.5527911,0.4104745,4.00824936391297,0.105513889271096,2.28015710551622,-1.33341873838121,0.420823527364177,-0.311474147865571,2.47704374534324,-0.69872972984188,-6.5,6.49999902779921
15.93,0.5806254,0.382553,3.54510710610731,0.100553991013847,2.06353622733729,-1.261904715886,0.44145888963755,-0.324093195024431,2.5650147702514,-0.663495754803471,-6.5,6.49998830359649
15.94,0.6068763,0.354821,3.04382942030146,0.0950777744594038,1.8379945583952,-1.18622764112391,0.459838835221502,-0.335955471435671,2.65474353299074,-0.62847425423067,-6.49999999999991,6.49981515983789
15.95,0.631718,0.3274802,2.50868198387444,0.0890663692729058,1.6070417647449,-1.10556434032259,0.47590925286895,-0.347011114838896,2.74513823404444,-0.593360079564288,-6.4999999999603,6.49589558329556
15.96,0.6554447,0.3007829,1.95393402661661,0.081159697331539,1.37490048936584,-1.01878511848769,0.489658257762609,-0.357198966023773,2.83467458186501,-0.557745917096845,-6.4999999599291,6.36175870657538
15.97,0.6780448,0.2747368,1.40697957594449,0.0352447776384412,1.14302539401601,-0.926843651456444,0.501088511702769,-0.366467402538338,2.92267336663957,-0.521774093474424,-6.49989964688503,2.97906102114536
15.98,0.6999068,0.2497087,0.809463153187668,0.000589324362406413,0.915945572346466,-0.827784350969097,0.510247967426234,-0.374745246048029,3.00740558731779,-0.484762589817021,-5.94282034514424,0.0536239757697122
15.99,0.7211419,0.2258182,0.000233661158721437,2.68599045389403e-06,0.695589091558013,-0.721827879622545,0.517203858341814,-0.381963524844254,3.0881310569791,-0.446612431225149,-0.00511143087672232,0.000259973288909305
16,0.7417971,0.2030506,-1.86581929118001e-09,5.96891244604957e-09,0.483174871662918,-0.610296430072907,0.522035607058443,-0.388066489144983,-3.11868743864317,-0.407535193137746,-2.60752495633001e-07,5.97923584535158e-07
16.01,0.7618941,0.1814661,-2.21514480427228e-14,6.57628842813739e-12,0.279574708157853,-0.493843064812744,0.524831354140021,-0.393004919793111,-3.04678256763267,-0.367542950522296,-3.35757576975334e-11,6.59315705616862e-10
16.02,0.781956,0.1616363,-1.13621092894949e-16,3.18822867040655e-15,0.0895321255414103,-0.369019355838148,0.525726675395436,-0.396695113351492,-2.98069745665673,-0.325355523461343,-1.44986120352683e-13,3.19654335487919e-13
16.03,0.8007299,0.1422402,-1.03795125310303e-15,2.44771656850295e-18,-0.0968242944552458,-0.247823229104277,0.524758432450883,-0.399173345642535,-2.91664052364778,-0.284547780801864,-1.49405899661315e-13,2.57461405188427e-16
16.04,0.8180991,0.1231352,-2.48918073438712e-13,9.37679176139547e-21,-0.27954951170036,-0.131859532597588,0.52196293733388,-0.400491940968511,-2.86990982496416,-0.245540067754511,-2.71020240314196e-11,1.14823440028978e-18
16.05,0.835482,0.1058011,-3.53833352740831e-10,4.75668796963705e-22,-0.446477939532492,-0.0096209215898142,0.517498157938555,-0.400588150184409,-2.81121609210236,-0.204396325208691,-3.54201172055686e-08,8.99661555158231e-20
16.06,0.8507991,0.08818773,-8.86167251825558e-07,5.07374899577343e-22,-0.614387251936769,0.101253107199675,0.511354285419187,-0.399575619112412,-2.75217198720084,-0.166868114007859,-8.90558679539072e-05,3.70313941262664e-19
16.07,0.8647808,0.07093168,-0.00136014949352938,-2.64731712723642e-20,-0.776318406244137,0.206054960030556,0.503591101356746,-0.397515069512107,-2.6948750553786,-0.131110597573405,-0.13162872343506,2.31483780825062e-17
16.08,0.8761187,0.05270598,-0.07116543515972,-1.9050719780737e-19,-0.942145564201191,0.29401270801084,0.494169645714734,-0.394574942431998,-2.63603378843673,-0.100847466759129,-6.21877084206366,2.59571225409002e-15
16.09,0.8873337,0.03574342,-0.0832300116241404,2.64181100937398e-15,-1.09041571714428,0.38374812037074,0.483265488543291,-0.390737461228291,-2.58200117766049,-0.0694965344739804,-6.49903139855966,5.47916677787238e-13
16.1,0.8947721,0.01673094,-0.0932943588476323,2.02835948913892e-13,-1.25069636244755,0.44809604523055,0.470758524918815,-0.386256500775985,-2.52386360706678,-0.0467731905316273,-6.49999671331253,2.59491284181526e-11
16.11,0.9020531,-0.001543637,-0.101700844978952,7.94691112596995e-12,-1.39216387386904,0.51094151756957,0.456836886180125,-0.38114708560029,-2.47026487967886,-0.0241224978324354,-6.49999996703739,1.08393040876587e-09
16.12,0.9069148,-0.02064715,-0.109001841741507,4.79453016222761e-11,-1.5334329325843,0.559497631338523,0.441502556854282,-0.375552109286905,-2.41586802467561,-0.00626024272130434,-6.49999999953762,1.74241114048187e-08
16.13,0.9101002,-0.04051796,-0.115284153563356,-4.81758484525035e-10,-1.66768960214421,0.595093886851039,0.42482566083284,-0.369601170418394,-2.36234954203438,0.00716675549782687,-6.49999999998942,1.21405604949155e-07
16.14,0.9127364,-0.05965899,-0.120649229478111,-1.12133691896044e-08,-1.78564398138258,0.630499001052165,0.406969221019014,-0.363296180407872,-2.3117128216282,0.0209170825806445,-6.49999999999953,8.12514514490138e-07
16.15,0.9142444,-0.07870944,-0.125497786054904,-9.34247959729453e-08,-1.89244563309109,0.660404494641924,0.388044764688103,-0.356692135461453,-2.26245909407182,0.0329545915007871,-6.49999999999997,3.82497286788407e-06
16.16,0.9145166,-0.09736694,-0.130012168718049,-5.36297494089022e-07,-1.98914699283255,0.687478902048888,0.368153294759778,-0.349817346440964,-2.21416458161452,0.044279909975484,-6.5,1.49908360056793e-05
16.17,0.9156361,-0.1138904,-0.1339904389306,-5.81312591516648e-06,-2.05932522893168,0.725681792662542,0.347560042470461,-0.342560528514339,-2.16992022178575,0.060535964715621,-6.5,0.000108245145005202
16.18,0.9148384,-0.1302023,-0.137864729519286,-3.94796373457647e-05,-2.12665944739419,0.758534076374829,0.326293447996519,-0.334975187750591,-2.12486226809341,0.0752288483761371,-6.5,0.000557177634979018
16.19,0.9145308,-0.1437595,-0.141319227831154,-0.000601718485790434,-2.17175572349187,0.806558346795377,0.3045758907616,-0.326909604282637,-2.08243537963563,0.0969323456598386,-6.5,0.00624766770185361
16.2,0.9136568,-0.1552188,-0.144509759337004,-0.0122534884119855,-2.20450213575458,0.862992425535374,0.282530869404054,-0.318279680027283,-2.04070996977148,0.123233472428781,-6.5,0.0980203333531715
16.21,0.9120553,-0.1641943,-0.147457543185535,-0.271073422303031,-2.226945138058,0.929879706845099,0.260261418023474,-0.308980882958832,-1.99925408088611,0.155392579292696,-6.5,1.72678060091466
16.22,0.9101366,-0.1701657,-0.150132427763534,-1.17532630183058,-2.23648242765902,1.01010602119474,0.237896593746884,-0.298879822746885,-1.95837309286375,0.195165484741432,-6.5,6.05100412809341
16.23,0.9057603,-0.1739871,-0.152675876541673,-1.52977149387116,-2.25111678835347,1.09526792392604,0.215385425863349,-0.287927143507624,-1.91551657111261,0.239361839420399,-6.5,6.48710269264144
16.24,0.9004214,-0.174474,-0.154954504005142,-1.86220525565027,-2.25842814864163,1.19386926509777,0.192801144376933,-0.275988450856647,-1.87239618627774,0.292265923904162,-6.5,6.49974892090706
16.25,0.8934501,-0.1717315,-0.156982530536607,-2.24304963436859,-2.26427049455677,1.30335294781834,0.170158439431365,-0.262954921378463,-1.82834500865608,0.353277660334683,-6.5,6.4999957671864
16.26,0.8846112,-0.1655304,-0.158736157728922,-2.66858838836353,-2.27058157404901,1.42396239173178,0.147452623690875,-0.248715297461145,-1.78328146612855,0.422923962280821,-6.5,6.49999993518023
16.27,0.873825,-0.1556896,-0.160184146479255,-3.12653849086392,-2.27789888022729,1.55546533882552,0.124673634888602,-0.23316064407289,-1.73733032242353,0.501298748772669,-6.5,6.49999999904799
16.28,0.8610731,-0.1419944,-0.161298116758011,-3.60807131688477,-2.28622109930371,1.69784116662027,0.101811423895565,-0.216182232406687,-1.69069500429839,0.588231823860176,-6.5,6.49999999998609
16.29,0.8460676,-0.1244804,-0.162057754897753,-4.09780523079226,-2.29768683807324,1.84900298987958,0.0788345555148329,-0.197692202507892,-1.64349778867325,0.682212877700737,-6.5,6.49999999999978
16.3,0.829757,-0.1024397,-0.162445675846108,-4.58715063240358,-2.30439785598012,2.01290094570782,0.0557905769550316,-0.177563193050813,-1.59627185004751,0.783585533994371,-6.5,6.5
16.31,0.8111006,-0.07662783,-0.162460139220574,-5.04104927900319,-2.31494923779063,2.18141593410773,0.0326410845771254,-0.155749033709736,-1.54897423460858,0.887623906392373,-6.5,6.5
16.32,0.7911638,-0.04649058,-0.162102741093633,-5.44676850395334,-2.32046200013021,2.35748743200553,0.00943646457582324,-0.132174159389681,-1.50189326823905,0.993491407937442,-6.5,6.5
16.33,0.769783,-0.01260088,-0.161381135839791,-5.7859065999257,-2.32257749366366,2.53478386857319,-0.0137893103608133,-0.106826320703949,-1.45511777477383,1.09756704743934,-6.5,6.5
16.34,0.7475847,0.02478536,-0.160302124896804,-6.05356842338909,-2.31653893109002,2.70999616015593,-0.0369546996717136,-0.0797263591023896,-1.40857042712524,1.19793255287697,-6.5,6.5
16.35,0.7237379,0.06460393,-0.158885773101052,-6.25011010282845,-2.30961733287839,2.87364794652623,-0.0600508730004975,-0.0509898796371273,-1.36259589367136,1.29254379340695,-6.5,6.5
16.36,0.6987062,0.1063457,-0.157145320724803,-6.38382278167809,-2.29820896220433,3.02151589086135,-0.0830329626225407,-0.0207747207285138,-1.31710227338239,1.38139815706713,-6.5,6.5
16.37,0.6726551,0.1492253,-0.15509571537607,-6.46358941556033,-2.28139523585465,3.14761233554103,-0.105846914981087,0.0107014026268965,-1.27206173156617,1.4648749481985,-6.5,6.5
16.38,0.6454011,0.1924189,-0.152765926004643,-6.49764565049073,-2.2611427812677,3.24625812565347,-0.128458342793764,0.0431639838834312,-1.22768345384606,1.54387382412747,-6.5,6.5
16.39,0.6174898,0.2357662,-0.150155176634102,-6.49225081217613,-2.23348138909284,3.31769092455191,-0.150793156684693,0.0763408931289503,-1.18358365096931,1.61964335113407,-6.5,6.5
16.4,0.5884213,0.2781811,-0.147318347744427,-6.45127360795439,-2.20311972903717,3.35492412953597,-0.172824353975064,0.10989013442431,-1.14030488565865,1.69334839140341,-6.5,6.5
16.41,0.5586163,0.3196436,-0.144258709274157,-6.37646090089943,-2.16708774977847,3.36024190143889,-0.194495231472849,0.143492553438699,-1.09749306011013,1.76612170865397,-6.5,6.5
16.42,0.528399,0.3596216,-0.140977344873984,-6.26755818586643,-2.12345300517663,3.33187144331873,-0.215729761524615,0.176811267871886,-1.0548439144384,1.83909832758207,-6.5,6.5
16.43,0.4990262,0.3999736,-0.137368756301097,-6.12622839785519,-2.06307415742289,3.28743928864324,-0.236360503098844,0.209685660758318,-1.01082949507621,1.91164797481735,-6.5,6.5
16.44,0.469233,0.438484,-0.133597338890691,-5.94834032657556,-1.99768726898498,3.21081795867805,-0.256337375788694,0.241793840345099,-0.967220356540351,1.98585043487646,-6.5,6.5
16.45,0.4391744,0.474764,-0.129688651404589,-5.72947493105668,-1.9268408229926,3.10192273554726,-0.27560578401862,0.272813067700572,-0.92390056622326,2.06273404882529,-6.49999999999998,6.5
16.46,0.4092694,0.5090486,-0.125612260270383,-5.46642985043103,-1.84805612057938,2.96585100158613,-0.294086345224414,0.302471577716433,-0.880331573590427,2.14253771194301,-6.49999999999984,6.5
16.47,0.3793167,0.5415965,-0.121365484131424,-5.15722357998014,-1.76403007781957,2.8076577737064,-0.311726646002609,0.330548155453497,-0.836961136788697,2.22517561432471,-6.49999999999858,6.5
16.48,0.3496235,0.5720766,-0.116830270162847,-4.79728247321178,-1.67323950046811,2.62744189024564,-0.328459041007291,0.356822574355953,-0.79338409624595,2.31131430194334,-6.49999999998323,6.5
16.49,0.3201153,0.6006042,-0.111929134574055,-4.38617143044006,-1.57735637007326,2.42898961036732,-0.344232604708023,0.381112470459626,-0.749870134542944,2.40074229063434,-6.49999999974221,6.5
16.5,0.2908092,0.6273834,-0.106546794717983,-3.927379217714,-1.47722562470243,2.21661312610461,-0.359004860955047,0.403278601720673,-0.706526541124356,2.49279796328732,-6.49999999478158,6.5
16.51,0.261768,0.652409,-0.100535694052934,-3.42475893309821,-1.37328838690441,1.99270212454655,-0.372737744824091,0.423205622966138,-0.663371051226097,2.58704187980114,-6.49999985774477,6.5
16.52,0.2330923,0.6759726,-0.093732095922473,-2.88504356611388,-1.26567518104037,1.76189676110319,-0.385394496634495,0.44082459057717,-0.62034034916987,2.68211384808861,-6.49999457884028,6.49999999999928
16.53,0.2048221,0.6982688,-0.0863545751296211,-2.31480828592497,-1.15501019236729,1.52773864287517,-0.396944598558168,0.456101977005922,-0.57749505344904,2.77672736738778,-6.49970386788463,6.49999999951754
16.54,0.1770392,0.7194751,-0.0787332343639392,-1.73556639212452,-1.04155736640752,1.29337295224197,-0.407360172222243,0.469035706528341,-0.534799647636848,2.86960517972374,-6.47591521755206,6.4999992321989
16.55,0.1499419,0.7399048,-0.0484415040524487,-1.18514809630906,-0.924650673769392,1.06277996935074,-0.416606678959937,0.479663506221849,-0.491946322822523,2.95915450213272,-4.34827283488652,6.49699664480994
16.56,0.1234869,0.7594167,-0.000621133894084777,-0.10211639642243,-0.805620513065627,0.835978934885453,-0.424662884090593,0.488023295570703,-0.449188557373318,3.04529822061707,-0.059911191463139,1.06840516528472
16.57,0.09783578,0.7782619,-1.59950628353489e-06,-4.37560912811601e-07,-0.684076447000038,0.616089155868394,-0.431503648560594,0.494184187129387,-0.406277611035007,3.12697515584846,-0.000160300770672848,4.88386228703768e-05
16.58,0.07304169,0.796374,-2.51299638641537e-09,8.52117468173188e-12,-0.560539609157566,0.403410355702015,-0.437109044652169,0.498218290686407,-0.363227836478241,-3.07889326550019,-2.51755543609061e-07,1.43859531042721e-09
16.59,0.04914449,0.8136519,-2.73699516967181e-12,-2.194848732691e-16,-0.435608481030741,0.197896692499633,-0.441465129462477,0.500197257611404,-0.320078995654944,-3.0056020468679,-2.7507414784145e-10,2.23300997254358e-13
16.6,0.02613553,0.8299135,-3.07014325863853e-15,3.19033460036582e-17,-0.31023001356504,-0.00118041835771976,-0.444567429598127,0.500185453427827,-0.276987726932806,-2.93570687210974,-3.29056009355296e-13,5.88202260501036e-15
16.61,0.00385159,0.8448302,-8.4357133287567e-18,1.70399865937981e-15,-0.186508785219175,-0.195699116546841,-0.446432517450319,0.498228462262358,-0.234509059749723,-2.84254372632384,-1.11524389149724e-15,1.74645010261917e-13
16.62,-0.01748916,0.8583536,-1.4342486495197e-19,4.62718557621778e-12,-0.0633447923546058,-0.385183272459152,-0.447065965373865,0.494376629537767,-0.192144077346557,-2.7732045994694,-3.52620650762345e-17,4.63973148610301e-10
16.63,-0.03887781,0.8696909,-1.73689937721155e-21,5.13271481412941e-08,0.0506717073179956,-0.575148020270952,-0.446559248300685,0.488625149335057,-0.152724395566228,-2.70445069091562,-2.7910795455339e-17,5.02580073918826e-06
16.64,-0.05962238,0.8792402,3.83079939951964e-19,0.000389362124786019,0.161055276731531,-0.76118462486555,-0.44494869553337,0.481013303086402,-0.114278612936962,-2.63758780697586,-3.67405362540512e-16,0.0341308231212384
16.65,-0.07974734,0.8870037,-1.059704244273e-16,0.0791151286417205,0.267213940104796,-0.942407384974437,-0.442276556132322,0.471589229236657,-0.0769140978025624,-2.57263222463978,-2.9934804212403e-14,6.05926140932204
16.66,-0.1000895,0.8926798,-2.93991126224431e-14,0.0957718147856179,0.362175747710324,-1.12044698135111,-0.438654798655219,0.460384759423146,-0.0430609552246289,-2.50884649283018,-3.65398974986372e-12,6.49955383092995
16.67,-0.1202362,0.8967956,-1.82873011267269e-12,0.104896065602749,0.449514148365722,-1.29022406976024,-0.434159657171561,0.447482518725544,-0.011410135219104,-2.44744885629873,-4.02754186911065e-10,6.49999888720448
16.68,-0.1397612,0.8999922,4.56347864793814e-10,0.112186802774448,0.532676001110907,-1.44620492371556,-0.428832897160452,0.433020469488388,0.0193512340781619,-2.38953100378968,-3.63694382955886e-08,6.4999999926
16.69,-0.1585242,0.9026299,1.04164199337041e-07,0.11820898824377,0.612586261222589,-1.58561823685591,-0.422707034548226,0.417164287119829,0.0496425099294003,-2.33528493869701,-2.50924680968525e-06,6.49999999988079
16.7,-0.1763828,0.9049409,1.01140889969756e-05,0.123360442504343,0.69013523595909,-1.70703608753586,-0.415805682188636,0.40009392624447,0.079885026702164,-2.28454188205602,-0.000132449302579499,6.49999999999583
16.71,-0.192711,0.9077938,0.000755345290464159,0.127788724790911,0.769992436225643,-1.80419315303991,-0.408105757826379,0.382051994714071,0.111977834297937,-2.23820956314575,-0.00668012143541222,6.49999999999967
16.72,-0.2068926,0.9114741,0.054223786201293,0.131663806679316,0.856365867359671,-1.87611843792343,-0.399542099152782,0.363290810334837,0.147746113531246,-2.19600226108365,-0.362441719943305,6.49999999999994
16.73,-0.2199744,0.9145641,0.842237883199175,0.135294624115212,0.939878602408534,-1.93563762695928,-0.390143313128697,0.343934434065244,0.18375332385688,-2.15500310027972,-4.58642565924586,6.49999999999999
16.74,-0.2305597,0.9185644,1.42811325653148,0.138501927156946,1.03131679426047,-1.97140586530205,-0.379830145186092,0.324220375412224,0.224434230235164,-2.11721645372106,-6.44266452751222,6.49999999999999
16.75,-0.2389966,0.9226897,1.71346984160159,0.141432733394635,1.12670652805771,-1.99132760964414,-0.368563079905515,0.304307099315782,0.268500642157073,-2.08099719276773,-6.49868613606826,6.5
16.76,-0.2448292,0.9265297,2.0188191497817,0.144155800147885,1.2287415083747,-1.9997960887815,-0.356275664821768,0.284309138427967,0.317295691619776,-2.04548332672557,-6.49997093087319,6.5
16.77,-0.2485951,0.9296441,2.33966504026095,0.146722834441426,1.33197315879811,-2.00116702200706,-0.342955933233787,0.264297468207897,0.368890689200329,-2.00989657423468,-6.49999922160923,6.5
16.78,-0.249853,0.9315615,2.67858591322529,0.149168091188916,1.43914659781742,-1.99974076503651,-0.328564467255613,0.244300060557532,0.424593645361571,-1.97353486248836,-6.49999997730153,6.5
16.79,-0.2485247,0.931887,3.0298825754823,0.151499469402735,1.54987807259931,-1.99888433166225,-0.31306568652962,0.224311217240909,0.48442572258289,-1.93591211550383,-6.49999999926913,6.5
16.8,-0.2445323,0.9297895,3.39051013711378,0.153732461562029,1.66378870376813,-2.00515981416769,-0.296427799491939,0.204259619099232,0.548340308637722,-1.89619135164538,-6.49999999997377,6.5
16.81,-0.2373808,0.9258199,3.76377540562819,0.155783292682289,1.78381604125873,-2.01356626481327,-0.278589639079351,0.184123956451099,0.617449787223714,-1.85518677562855,-6.49999999999904,6.5
16.82,-0.2271048,0.9195256,4.14179207085068,0.157629471194628,1.90842198272722,-2.02746571810244,-0.259505419252079,0.163849299270075,0.690977482042404,-1.81267483852274,-6.49999999999996,6.5
16.83,-0.2124824,0.9118451,4.53078445697654,0.159201291264234,2.04612770752335,-2.03885228247578,-0.239044142176846,0.143460776445317,0.771425437241089,-1.76966422651615,-6.5,6.5
16.84,-0.1946314,0.9014294,4.90143972603971,0.160503843916137,2.1861281308496,-2.05856678333277,-0.21718286086835,0.122875108611989,0.854318059578503,-1.72538130766227,-6.5,6.5
16.85,-0.1729341,0.8889909,5.24917123498203,0.161491472956679,2.33222671243858,-2.08013410433894,-0.193860593743964,0.1020737675686,0.9399992797898,-1.68061664335328,-6.5,6.5
16.86,-0.1473971,0.8746984,5.56242794073455,0.162147827817494,2.48293377284324,-2.10190808346161,-0.169031256015531,0.081054686733984,1.02694761122685,-1.63567011468231,-6.5,6.5
16.87,-0.1178218,0.858951,5.83399387724401,0.162466440077609,2.63847070360359,-2.12053629212035,-0.142646548979496,0.0598493238127805,1.11406710288659,-1.59081948606734,-6.5,6.5
16.88,-0.08486645,0.8412542,6.05628497016067,0.162448960012442,2.79221570733961,-2.140060067032,-0.114724391906099,0.0384487231424606,1.19908187845331,-1.54610290951106,-6.5,6.5
16.89,-0.04847285,0.8226811,6.22989877773454,0.162100278815275,2.943760734793,-2.15172724253501,-0.0852867845581695,0.0169314507171105,1.28143423150606,-1.50167997509356,-6.5,6.5
16.9,-0.009253107,0.802762,6.35643245144907,0.161428391514271,3.08742837535973,-2.15979761331186,-0.0544125008045722,-0.00466652541600808,1.36017774525079,-1.45758981609924,-6.5,6.5
16.91,0.03214687,0.7816455,6.44023238048118,0.160442918650796,3.21777175901343,-2.16329909057077,-0.0222347832144378,-0.0262995163217158,1.43504843218333,-1.41386472032785,-6.5,6.5
16.92,0.07504903,0.7593183,6.48648689243947,0.159156052325534,3.32960453142417,-2.16265049031817,0.0110612620998038,-0.0479260212248975,1.50628740904694,-1.37056408483753,-6.5,6.5
16.93,0.1190041,0.735928,6.49995500777494,0.15757961502259,3.42008199322942,-2.15698568583205,0.045262082032098,-0.069495878083218,1.57451797939736,-1.32767532733529,-6.5,6.5
16.94,0.1633201,0.7114081,6.48424370121439,0.155731042706474,3.48479445636086,-2.14723951429239,0.0801100265957067,-0.0909682732261419,1.640456050104,-1.28529165430511,-6.5,6.5
16.95,0.207179,0.6854614,6.44157872267045,0.153641752685826,3.51884600459389,-2.13612968307477,0.115298486641646,-0.11232957005689,1.70500424275289,-1.24370029263661,-6.5,6.5
16.96,0.2509342,0.6588363,6.37303560603246,0.151302678327639,3.52720856981241,-2.1178591342252,0.15057057233977,-0.133508161399142,1.76881976683051,-1.20237041236941,-6.5,6.5
16.97,0.2943753,0.6317759,6.27880037962637,0.148715278200525,3.51015117322776,-2.09115104696695,0.185672084072047,-0.154419671868811,1.832491590535,-1.16111138111638,-6.5,6.5
16.98,0.336207,0.6034298,6.1568018148191,0.145957702654461,3.459487478313,-2.06356982534886,0.220266958855177,-0.1750553701223,1.89728064574556,-1.12084247411639,-6.5,6.5
16.99,0.3767038,0.5744115,6.00523603337632,0.143013716344316,3.38033047795798,-2.03045437340703,0.254070263634757,-0.19535991385637,1.96357274610302,-1.08096590300989,-6.5,6.5
17,0.4155252,0.5450617,5.82076205725538,0.139876774009658,3.27269786917617,-1.98971692323109,0.286797242326519,-0.215257083088681,2.03212039974332,-1.04113910621284,-6.5,6.49999999999999
17.01,0.4523886,0.5150397,5.59905128598334,0.136609406999332,3.13724375152832,-1.94489400094785,0.318169679841802,-0.234706023098159,2.10365868335875,-1.00187609148149,-6.5,6.49999999999998
17.02,0.4873629,0.4846505,5.33644327234063,0.133209074313228,2.97753496411386,-1.89414073831206,0.34794502948294,-0.25364743048128,2.1784787227655,-0.962841957774729,-6.5,6.49999999999994
17.03,0.520126,0.4540751,5.02718976852749,0.129685217595635,2.79391011393665,-1.83677764595068,0.375884130622307,-0.272015206940787,2.25733530027628,-0.923863176289805,-6.5,6.49999999999976
17.04,0.5507978,0.4234062,4.66825430437491,0.126047216280608,2.5903364367373,-1.7729258508918,0.40178749498968,-0.289744465449705,2.34025041720723,-0.884897084100047,-6.5,6.49999999999876
17.05,0.5795609,0.3928269,4.25927399746751,0.12224531147533,2.37109188246097,-1.70201745574419,0.42549841381429,-0.306764640007147,2.42690003246291,-0.845756087342341,-6.5,6.49999999999173
17.06,0.6065246,0.3624472,3.80222051271068,0.118215784942966,2.13963420470438,-1.62415662191729,0.446894755861333,-0.32300620622632,2.51683815553826,-0.806372144088857,-6.5,6.4999999999275
17.07,0.6320047,0.3324908,3.30367473129084,0.113851195255637,1.90086155290858,-1.53857877037217,0.465903371390419,-0.338391993930041,2.60888630727344,-0.766476045231505,-6.49999999999998,6.49999999912091
17.08,0.6562592,0.303053,2.76961851536198,0.10903971377575,1.65887379205032,-1.44565081839912,0.482492109310923,-0.352848502114032,2.70171307416116,-0.72602823831229,-6.49999999999128,6.49999998481305
17.09,0.6794311,0.2742796,2.20699082253563,0.103625193270864,1.41655601221064,-1.34535389304447,0.496657669433029,-0.366302041044477,2.79412185934163,-0.684890166195461,-6.49999999017259,6.49999960677133
17.1,0.7027289,0.2474466,1.65855408708147,0.0970499386390941,1.18500633794731,-1.22874959258217,0.508507732812502,-0.378589536970299,2.88196205236931,-0.640658942552698,-6.49998042146559,6.4999773499828
17.11,0.7230017,0.2187445,1.06761626094118,0.0905051921615345,0.939850474899117,-1.12807367166957,0.517906237561493,-0.389870273686995,2.97344268111878,-0.601429669689503,-6.31451460820915,6.49906477574155
17.12,0.7436062,0.1921242,0.00105261406595733,0.0818659781379575,0.710270728101101,-1.01131479318427,0.525008944842504,-0.399983421618837,3.05814137520117,-0.558760180165078,-0.0130635024331878,6.40358357077285
17.13,0.7635245,0.1663317,7.28519196594934e-10,0.0201216747988858,0.488395741588214,-0.890408380048427,0.529892902258386,-0.408887505419321,3.13877406591738,-0.51564569032094,-4.99717406052412e-07,1.72251194582772
17.14,0.7825061,0.1412634,-1.85663570259293e-13,7.85889365896856e-05,0.273008400444404,-0.767244063899412,0.53262298626283,-0.416559946058316,-3.06731719516327,-0.472475759151597,-4.64177749908551e-11,0.00731044348457064
17.15,0.8002366,0.1167226,5.19314466258272e-17,1.46123252848594e-07,0.0624409669903088,-0.644313643977604,0.533247395932734,-0.423003082498092,-2.99298770614678,-0.429858839706827,-2.02865767307537e-13,1.44172897479423e-05
17.16,0.8175587,0.0939004,-4.16187433100808e-15,1.12985920228034e-10,-0.135704910049405,-0.512899749422573,0.531890346832239,-0.428132079992317,-2.91915092325234,-0.385006769283343,-6.14789328370484e-13,1.13533406009571e-08
17.17,0.8313106,0.06907073,-6.70008596325897e-12,2.6041980469389e-13,-0.346219564099883,-0.40405129027959,0.528428151191241,-0.432172592895113,-2.84755313336384,-0.347466889817484,-6.91948008001087e-10,2.60353559409496e-11
17.18,0.8441768,0.04573819,-5.37710979446094e-08,5.00185086695169e-16,-0.545550546089089,-0.288834698081786,0.52297264573035,-0.435060939875931,-2.78010797841412,-0.308122175384081,-5.38526681621871e-06,5.07202426351405e-14
17.19,0.8548504,0.02237489,-0.000441773812038679,3.20218385403184e-18,-0.743683744355316,-0.180587551114719,0.515535808286797,-0.436866815387078,-2.713281521223,-0.27115506872874,-0.0436514585497823,3.49241456064525e-16
17.2,0.8645899,0.0002665482,-0.0683333541869378,1.01650931967268e-19,-0.929505405778364,-0.0692208710102165,0.506240754229013,-0.43755902409718,-2.65024261439518,-0.233143939772377,-6.14086415717798,1.35869937984753e-17
17.21,0.8702278,-0.02367879,-0.0829940136658397,3.86014320081755e-20,-1.12790416342079,0.0197941834474236,0.494961712594805,-0.437361082262706,-2.58342317199814,-0.202637402944797,-6.49980628987547,7.53592543948107e-18
17.22,0.8750972,-0.04646044,-0.0937846755522391,5.53772510002445e-20,-1.31023738790111,0.111493775962273,0.481859338715794,-0.436246144503083,-2.52093819185303,-0.171093725380886,-6.49999963007276,3.06537060990012e-17
17.23,0.8792105,-0.06819203,-0.102848469098224,-6.25469249980158e-19,-1.47652245628167,0.204196901994692,0.467094114152977,-0.434204175483137,-2.46224092295246,-0.138960714101251,-6.49999999793297,7.36112604440756e-16
17.24,0.8804511,-0.09038961,-0.110619861896515,-2.69471916935628e-17,-1.64373633575048,0.285219020786471,0.450656750795472,-0.431351985275272,-2.40269238425016,-0.110653218274192,-6.49999999998284,3.10838009710921e-14
17.25,0.8816541,-0.1110916,-0.116877185568367,8.23577524742202e-15,-1.78829062735971,0.370549255935089,0.432773844521875,-0.427646492715921,-2.3477736048898,-0.0803969558626042,-6.49999999999963,2.80574970817001e-12
17.26,0.8823175,-0.1305431,-0.122245044785301,2.63733598784027e-12,-1.91503097163183,0.457370678514984,0.413623534805557,-0.423072785930771,-2.29583924793722,-0.049054513951494,-6.49999999999998,3.45701167913897e-10
17.27,0.8827478,-0.1483514,-0.126975484903271,3.03193944255597e-10,-2.02212918098667,0.548136367891537,0.39340224299569,-0.417591422251856,-2.24688214473712,-0.0155522138583712,-6.5,5.32728566402568e-08
17.28,0.8831027,-0.1644393,-0.131246553025993,-1.14052679160414e-07,-2.10920346031994,0.642577301035125,0.372310208392491,-0.411165649241505,-2.20061600787237,0.0202184349992549,-6.5,8.61574836089336e-06
17.29,0.8835221,-0.1786065,-0.13514288093904,-7.05475932475803e-05,-2.17616978276485,0.741395124010616,0.350548510564842,-0.403751698001398,-2.15675081044863,0.0587578200272482,-6.5,0.00136527258862003
17.3,0.8840951,-0.1906311,-0.138689178429371,-0.0200096332782915,-2.22347972510209,0.84537831234752,0.328313713313821,-0.395297914877923,-2.11495525324061,0.100639291297047,-6.5,0.199033090837238
17.31,0.8847519,-0.2005168,-0.1419247493123,-0.770670312641218,-2.2529334275569,0.9534277067091,0.305784379038252,-0.385763637810832,-2.07472662084733,0.145724016810553,-6.5,5.22004335637792
17.32,0.8854133,-0.2082259,-0.144883715557387,-1.25271012726852,-2.2663749583211,1.06483253777765,0.283120629455041,-0.375115312433056,-2.03562330227789,0.194020013418671,-6.5,6.48494328833713
17.33,0.885904,-0.2137875,-0.147601177481002,-1.56967913085851,-2.26636463812762,1.17838533554156,0.260456983073765,-0.36333145907764,-1.99714674104117,0.245325622836089,-6.5,6.49981697349293
17.34,0.8860149,-0.217178,-0.150103962171416,-1.90827165745519,-2.25561366189013,1.29337630988979,0.237900846454864,-0.350397695978742,-1.95882824430299,0.299618867436331,-6.5,6.49999713141144
17.35,0.8854532,-0.2183431,-0.152412646768872,-2.26597297208994,-2.23734910591482,1.40938599095782,0.215527355395716,-0.336303836069164,-1.92017576725339,0.356974212085439,-6.5,6.49999994243269
17.36,0.8839739,-0.2172528,-0.154531481598036,-2.6352508068376,-2.21420855084932,1.52582651374377,0.193385269887223,-0.321045570931726,-1.8808287651179,0.417369101596128,-6.5,6.49999999852999
17.37,0.8812867,-0.2137855,-0.15645538840493,-3.01041607288131,-2.18901139944263,1.64287809178466,0.171495155892796,-0.30461679001388,-1.84046103412993,0.481049524911362,-6.5,6.49999999995369
17.38,0.8771721,-0.2077504,-0.158165407714196,-3.3908782812103,-2.16380544005509,1.76125039449391,0.149857101492245,-0.287004286068941,-1.79890299464999,0.548406931235279,-6.5,6.49999999999827
17.39,0.8714312,-0.1990286,-0.159634756657281,-3.77448452178737,-2.14030825241277,1.88101483209073,0.128454018968118,-0.268194137748033,-1.75609138091062,0.619480876135587,-6.5,6.49999999999993
17.4,0.8638459,-0.1874804,-0.160832763295735,-4.15807360333552,-2.12024541025061,2.00239214175373,0.107251564865612,-0.248170216330496,-1.71204696300449,0.69423707150985,-6.5,6.5
17.41,0.8542267,-0.1727809,-0.161727247356053,-4.53797059336571,-2.10495204574437,2.12704187193587,0.086202044408168,-0.226899797611137,-1.66691454390239,0.772967813864704,-6.5,6.5
17.42,0.8428025,-0.1545775,-0.162288419044384,-4.90720376452268,-2.09231816359456,2.25668625024794,0.0652788627722224,-0.204332935108658,-1.6210767769573,0.855667644076,-6.5,6.5
17.43,0.8291728,-0.1330995,-0.162498709406279,-5.25136684981352,-2.08535873446819,2.38826473484301,0.0444252754275404,-0.180450287760228,-1.57472286583263,0.940571722701251,-6.5,6.5
17.44,0.8134542,-0.1080662,-0.162348369505981,-5.56302373145734,-2.08272552026648,2.52298841007994,0.0235980202248756,-0.155220403659428,-1.5282324618686,1.02712473143619,-6.5,6.5
17.45,0.796307,-0.07900167,-0.16183855343164,-5.83612485993088,-2.07884520543231,2.66349586340614,0.00280956817055256,-0.128585445025367,-1.48187461141826,1.11481113001231,-6.5,6.5
17.46,0.7771952,-0.04649081,-0.160979963326694,-6.06129453818528,-2.0780555653677,2.80377093021461,-0.0179709874831244,-0.100547735723221,-1.43593600060738,1.20121028521631,-6.5,6.5
17.47,0.7569208,-0.01034119,-0.15978342055545,-6.23763009882595,-2.07374747197525,2.94443363615008,-0.0387084622028769,-0.07110339936172,-1.39038774354207,1.28563415595293,-6.5,6.5
17.48,0.7354637,0.02886604,-0.158264715091606,-6.36527847139819,-2.06636018032377,3.07992143141333,-0.0593720640061145,-0.0403041850475867,-1.34533159713599,1.36679286712198,-6.5,6.5
17.49,0.7130883,0.07073575,-0.156436202749611,-6.44807427484324,-2.05406496534675,3.20661769731375,-0.079912713659582,-0.00823800807444928,-1.30070055179666,1.44427968894526,-6.5,6.5
17.5,0.6895617,0.1144549,-0.154325360881189,-6.49094278516868,-2.03914022990005,3.3179363668013,-0.100304115958583,0.0249413555935638,-1.2567329253302,1.51798651229627,-6.5,6.5
17.51,0.6648253,0.1592245,-0.151962525983727,-6.49899569233011,-2.02232106899102,3.40802156340922,-0.120527326648493,0.059021571227656,-1.21358028059357,1.58837984719409,-6.5,6.5
17.52,0.6392519,0.2047201,-0.149356643603372,-6.47629927586948,-2.00088812278725,3.47537168484189,-0.140536207876365,0.0937752880760749,-1.17098185047834,1.65623996526026,-6.49999999999999,6.5
17.53,0.6132681,0.2506531,-0.146502363536645,-6.42557526917235,-1.97193849596758,3.51903134768546,-0.160255592836041,0.12896560155293,-1.12854541724338,1.72230608081134,-6.49999999999999,6.5
17.54,0.5859559,0.2957644,-0.143503271555415,-6.34781195291154,-1.94347181878265,3.53058584284506,-0.179690311023868,0.16427145998138,-1.08741036021094,1.78767011968365,-6.49999999999998,6.5
17.55,0.5583559,0.3404674,-0.140297621461467,-6.2432886776336,-1.90737606528695,3.51573043894633,-0.198764071676737,0.199428764370843,-1.04634810760747,1.85284601079517,-6.49999999999995,6.5
17.56,0.5296321,0.3834713,-0.137008675462932,-6.10957557800913,-1.87105218861155,3.4663854190055,-0.217474593562853,0.234092618560898,-1.00657188954386,1.91923369302434,-6.49999999999988,6.5
17.57,0.5008868,0.4255344,-0.133539262029611,-5.94585518996817,-1.82600821186274,3.39155020838162,-0.23573467568148,0.268008120644715,-0.966564252937002,1.98679777632082,-6.49999999999964,6.5
17.58,0.4720019,0.4661382,-0.129935961158651,-5.74882006394585,-1.77411704894522,3.28956500148261,-0.253475846170932,0.300903770659541,-0.926596282832231,2.05639562446049,-6.49999999999861,6.5
17.59,0.4422582,0.5043561,-0.126334902189995,-5.51177453851936,-1.7218915129836,3.15584541281443,-0.270694761300768,0.332462224787685,-0.88792838317707,2.12951835886384,-6.49999999999441,6.5
17.6,0.4123884,0.5404121,-0.122606974253569,-5.23090989189115,-1.66386753043874,2.99547603319198,-0.287333436605156,0.362416985119605,-0.849401439958541,2.20633712690003,-6.49999999997259,6.5
17.61,0.3822844,0.5741255,-0.11873492661515,-4.90068224241096,-1.60168919861957,2.81010900851615,-0.303350328591351,0.390518075204766,-0.811313904301769,2.28745179492524,-6.49999999984101,6.5
17.62,0.3520935,0.6055629,-0.114644058754621,-4.51775125892797,-1.53487675061474,2.60337811764326,-0.318699096097499,0.416551856381199,-0.773499521456848,2.37295877941315,-6.49999999887553,6.5
17.63,0.321851,0.6346906,-0.110268598623833,-4.07982706659936,-1.46390522223842,2.37797641551602,-0.333338148319883,0.440331620536359,-0.736004212597168,2.46294488486014,-6.49999999026299,6.5
17.64,0.2917381,0.6617692,-0.10549474710089,-3.5904260149324,-1.38808277751414,2.13882801296115,-0.347218976095024,0.461719900665971,-0.698586669391113,2.5566359346663,-6.49999989205773,6.5
17.65,0.2618746,0.6870365,-0.100202697782035,-3.05413023507517,-1.30729131484504,1.89037818946914,-0.360291889243475,0.480623682560662,-0.661131609706764,2.65295124172683,-6.49999841719324,6.49999999999998
17.66,0.2323733,0.710635,-0.094264512145339,-2.47439711022105,-1.2215048683772,1.63602489075984,-0.372506937927247,0.496983931468261,-0.623537243151934,2.75075992027383,-6.49996818317045,6.49999999998538
17.67,0.2033196,0.7328052,-0.0877883096357795,-1.86749253988039,-1.13094935802515,1.37971137918548,-0.383816431507498,0.510781045260115,-0.585760168564693,2.84849289148857,-6.4990940325488,6.49999997314842
17.68,0.1748591,0.7537532,-0.080704279462624,-1.27346020531843,-1.03538859694023,1.12481073335664,-0.3941703174769,0.522029152593682,-0.547622494138185,2.94461534718286,-6.46148047201002,6.49986163776423
17.69,0.1470297,0.773599,-0.0537551724166402,-0.507293293789331,-0.935484274608413,0.873738020999781,-0.403525160222984,0.53076653280368,-0.509187639604838,3.03793090099968,-4.66298349861474,4.88102461784472
17.7,0.1199143,0.7924414,-0.00161514470176528,-4.11670288798342e-06,-0.831522368130393,0.628530184013435,-0.411840383904288,0.537051834643814,-0.47041027109327,3.12749779773422,-0.150774714236064,0.00047967270723031
17.71,0.09348381,0.8102133,-9.09942683281487e-06,4.58211800028638e-11,-0.724673159760513,0.38971133904225,-0.419087115501894,0.540948948034236,-0.431505549677997,-3.07009682254217,-0.000896347638687809,1.0226438130827e-08
17.72,0.06771131,0.8267803,-3.32352638435166e-08,2.70812389963312e-16,-0.616018457156891,0.157195096527808,-0.425247300073462,0.542520898999515,-0.392674280766019,-2.98833820488278,-3.33964337102473e-06,2.56457480702602e-12
17.73,0.04257398,0.842033,-8.75111868460637e-11,3.5321824490789e-15,-0.506534601310427,-0.06893813394435,-0.430312646086567,0.541831517660071,-0.35409640638467,-2.91022023976696,-8.75458924282364e-09,4.79156112746517e-13
17.74,0.01779673,0.8554868,-2.22166646919042e-13,1.48558696097194e-12,-0.399118593895629,-0.29162123451767,-0.434303832025523,0.538915305314894,-0.316580827596073,-2.83206512295556,-2.23746820461684e-11,1.50442684054458e-10
17.75,-0.006589778,0.8670795,-7.46337734653334e-16,1.68475136390535e-08,-0.294014846531589,-0.510229730669423,-0.437243980490839,0.5338130080082,-0.280115713008528,-2.7573495637934,-7.93335656612463e-14,1.69283887860682e-06
17.76,-0.03087037,0.8764663,-6.18174805425868e-18,0.000299478798619901,-0.193925529752541,-0.726449598588886,-0.439183235788364,0.526548512022311,-0.245508947007533,-2.68434728417434,-7.57128612251208e-16,0.0285535676507887
17.77,-0.05486638,0.883737,-1.95847470807016e-19,0.075538929212299,-0.0976524490696136,-0.938404054426009,-0.44015976027906,0.517164471478051,-0.2122916746344,-2.61343340421341,-3.27415232615378e-17,6.3003639011639
17.78,-0.07888332,0.8887895,-2.908643867615e-20,0.0897815334353213,-0.0078905921002459,-1.14590796235635,-0.440238666200063,0.505705391854488,-0.181313281470733,-2.54442355550608,-1.00186665491238e-17,6.49991616591329
17.79,-0.1025103,0.8920543,8.53542451387759e-22,0.100532521914779,0.0785697177659443,-1.34460094905359,-0.439452969022403,0.492259382363952,-0.151413036572879,-2.47824301229443,-1.99602568851327e-17,6.49999989585664
17.8,-0.1255006,0.8937397,2.40964414940753e-19,0.10910130259025,0.163409698182839,-1.53227534001438,-0.437818872040575,0.476936628963808,-0.121925618850997,-2.4150701923593,-1.96624356688235e-16,6.49999999965161
17.81,-0.1476764,0.8944678,-6.27040527778374e-18,0.116015756316632,0.247640797973162,-1.70369323998437,-0.435342464060843,0.459899696563964,-0.0924001526843723,-2.35570511555974,-6.28382130796605e-15,6.49999999999698
17.82,-0.1690078,0.8944058,-2.3712322459351e-15,0.121844629077352,0.331030302942743,-1.85772901990835,-0.432032161031416,0.441322406364881,-0.0628174422675824,-2.29985487158715,-4.01553822577834e-13,6.49999999999994
17.83,-0.1880445,0.8945074,-5.17951337955158e-13,0.12682530655364,0.424575266689544,-1.98722983785431,-0.427786408364521,0.421450107986338,-0.0290383844501686,-2.24847610649336,-6.58435549860954e-11,6.5
17.84,-0.2057836,0.8944598,3.88819872228448e-11,0.131276188873032,0.519027101163125,-2.09578330141479,-0.422596137352889,0.40049227497219,0.00577207941795206,-2.20028890084655,-1.24250241979477e-08,6.5
17.85,-0.2208349,0.8950619,1.43905172231846e-07,0.135220909987852,0.624696247482397,-2.17802904420483,-0.416349174878065,0.378711984530141,0.0456703493432222,-2.15585251819445,-3.86397499628294e-06,6.5
17.86,-0.2336126,0.8961654,0.000108827835824358,0.138744554925902,0.736768622982893,-2.23668940808943,-0.408981488648236,0.356345090449247,0.0891663920180336,-2.11428526047634,-0.0012465911019636,6.5
17.87,-0.2439547,0.8979041,0.0488123353708014,0.141885061955241,0.855315497289318,-2.27219015212662,-0.400428333675343,0.333623188927981,0.136587907777997,-2.07523465371341,-0.352142608884704,6.5
17.88,-0.2518273,0.9000549,1.13785214522725,0.144711732326806,0.979345922739654,-2.28789317060357,-0.390634874447947,0.310744257221945,0.187860615713923,-2.03796833947785,-6.07009896077896,6.5
17.89,-0.2573662,0.9023829,1.55090857306208,0.147278957866804,1.10657532859281,-2.28711408461463,-0.379569121162019,0.287873116375799,0.242385513795287,-2.00186175986986,-6.49745331548134,6.5
17.9,-0.2606571,0.9045452,1.90902315755202,0.14963469585251,1.23527054698383,-2.27386375991211,-0.36721641569218,0.265134478776678,0.299739808391467,-1.96626364715468,-6.49997979946469,6.5
17.91,-0.2618732,0.9061388,2.28005025731,0.151814591834148,1.36313513768221,-2.25239176591816,-0.353585064315358,0.242610561117496,0.359246661581893,-1.9305534704269,-6.49999976068464,6.5
17.92,-0.2608001,0.9067795,2.65981194343442,0.15383672137101,1.49111529929209,-2.22651310385078,-0.338673911322437,0.220345430078988,0.4214596727845,-1.89422584263342,-6.4999999960986,6.5
17.93,-0.2581418,0.9056861,3.02794049588042,0.155721379905833,1.61283560591713,-2.20290747229036,-0.322545555263266,0.198316355356085,0.484088566605356,-1.85650660086671,-6.49999999989823,6.5
17.94,-0.2529227,0.9033775,3.40006866102802,0.157417613665504,1.7357071925596,-2.17742994892219,-0.30518848333767,0.176542055866863,0.550071047239507,-1.81791268524099,-6.49999999999678,6.5
17.95,-0.2454968,0.8992946,3.76718149170106,0.158918571669265,1.8560635579579,-2.15479806797507,-0.286627847758091,0.154994075187112,0.618095477994905,-1.77804585729799,-6.49999999999987,6.5
17.96,-0.235515,0.8932455,4.13159042686132,0.160195247471591,1.97608499271012,-2.13643087118938,-0.26686699783099,0.133629766475218,0.688939377576819,-1.73692966970516,-6.49999999999999,6.5
17.97,-0.2224276,0.885668,4.49442500206065,0.161210267869314,2.09936026849908,-2.11863199208745,-0.245873395145999,0.112443446554344,0.763656023677634,-1.69500539476635,-6.5,6.5
17.98,-0.2070111,0.8752725,4.83805715887827,0.161949795953085,2.21871791811524,-2.11164370694738,-0.223686215964847,0.09132700948487,0.839612618072169,-1.65189196412147,-6.5,6.5
17.99,-0.1886757,0.8625293,5.16268829854723,0.162383054023704,2.33834588317252,-2.1109183387586,-0.200302757133121,0.070217826097284,0.917798044382324,-1.60817577363526,-6.5,6.5
18,-0.1670257,0.8477268,5.46364979185976,0.162496406081208,2.4605668337357,-2.11366440071065,-0.175697088795764,0.0490811820901774,0.998265348892159,-1.56424393627462,-6.5,6.5
18.01,-0.1421824,0.8307202,5.73223836422363,0.162287115060603,2.58342733532048,-2.12071080701756,-0.14986281544256,0.0278740740200019,1.07975942876947,-1.52036114107195,-6.5,6.5
18.02,-0.1139201,0.8118807,5.96380583235031,0.161760453434022,2.70785430247401,-2.1287145394557,-0.12278427241782,0.00658692862544486,1.16168420032461,-1.47676755944487,-6.5,6.5
18.03,-0.08237152,0.7912206,6.15376393988536,0.160927899897171,2.83186839440737,-2.13742675372244,-0.0944655884737458,-0.0147873389117796,1.24285729709838,-1.43364200972962,-6.5,6.5
18.04,-0.04754955,0.7696891,6.30071658446377,0.159796108268257,2.95458862259233,-2.13921093578627,-0.0649197022478225,-0.0361794482696423,1.32247369961646,-1.39081083981717,-6.5,6.5
18.05,-0.009959641,0.7469314,6.40497878600907,0.158380154773687,3.07133005886575,-2.13737767758168,-0.034206401659165,-0.057553225045459,1.3995555037107,-1.34844126096993,-6.5,6.5
18.06,0.02995388,0.7233093,6.46941478697024,0.15668703726484,3.17829423800422,-2.12933926262801,-0.00242345927912285,-0.0788466176717391,1.47372453034166,-1.30638984044653,-6.5,6.5
18.07,0.07154556,0.6989622,6.49782952318828,0.154724716890655,3.27045789788517,-2.1145070571047,0.0302811196997288,-0.0999916882427861,1.54494656700277,-1.26458850064463,-6.5,6.5
18.08,0.1137988,0.6735168,6.49405728052121,0.152523052875038,3.34036264743026,-2.09642730475895,0.0636847461740314,-0.120955961290376,1.61357157797343,-1.22336402502979,-6.5,6.5
18.09,0.1571038,0.6481119,6.46114156934449,0.150041451786851,3.39235404640282,-2.06645031901357,0.0976082866380596,-0.141620464480511,1.68022372703469,-1.18176658068384,-6.5,6.5
18.1,0.2004505,0.6221168,6.4010179286347,0.147326463784909,3.41952156755733,-2.03065241722482,0.131803502313633,-0.16192698865276,1.74557861664697,-1.1404232352941,-6.5,6.5
18.11,0.242954,0.5953187,6.31408885330103,0.144417527681049,3.41663855947601,-1.99136764768795,0.165969887908393,-0.181840665129639,1.81060144694037,-1.09963507105983,-6.5,6.49999999999999
18.12,0.2847802,0.5684753,6.20010652916178,0.14127354150802,3.38735055854264,-1.94310671085002,0.199843393493819,-0.201271732238139,1.87581712168171,-1.05857927176772,-6.5,6.49999999999998
18.13,0.3256457,0.5413795,6.05779606391847,0.137936217081826,3.3316457968388,-1.88848418162061,0.233159851462207,-0.220156574054345,1.94186998656052,-1.01758449312252,-6.5,6.49999999999993
18.14,0.3651934,0.5142877,5.88479849284693,0.134404002140574,3.24909710089119,-1.826290857254,0.265650822471119,-0.238419482626885,2.00946739545382,-0.976377784277816,-6.5,6.49999999999964
18.15,0.4025214,0.4864019,5.67568341504006,0.130816048089781,3.13519124116362,-1.76378066658486,0.297002734882756,-0.256057289292734,2.07997702363234,-0.936234819758706,-6.5,6.49999999999816
18.16,0.4380888,0.4585012,5.42829265590702,0.12710068744519,2.99668012896662,-1.69519029011632,0.326969536172422,-0.273009192193897,2.15328616590158,-0.89604121044323,-6.5,6.49999999998814
18.17,0.4716449,0.430476,5.13799304444283,0.123265797276677,2.83435280118577,-1.62226373907239,0.355313064184279,-0.289231829584621,2.23001568118021,-0.856085909193556,-6.5,6.4999999999073
18.18,0.5031473,0.4023393,4.80112821416217,0.119270991634134,2.65072480048536,-1.54566508611672,0.381820312189133,-0.304688480445788,2.31043799270354,-0.816458993272587,-6.5,6.49999999912252
18.19,0.5326951,0.3741888,4.41632143575591,0.115046005491112,2.44936158853936,-1.46536303333272,0.406313928074527,-0.319342110779116,2.39443809493673,-0.777098570888985,-6.5,6.49999998972262
18.2,0.5602657,0.346035,3.98319439234602,0.110523488877402,2.23270334751899,-1.38203689442349,0.428640961549717,-0.333162479723351,2.48194402461295,-0.738103747248512,-6.5,6.49999985084741
18.21,0.5865887,0.318238,3.51260106706549,0.105534323359357,2.00901340485773,-1.29357517682827,0.448731095598294,-0.346098231491633,2.57099602208977,-0.698882637547766,-6.5,6.49999703055757
18.22,0.6113261,0.2906195,3.0031956386565,0.10002280662881,1.777546958984,-1.20231277049185,0.466506565188134,-0.358121359196552,2.66179355568416,-0.659935816900833,-6.4999999999996,6.499922532059
18.23,0.6349998,0.2634627,2.46483001153708,0.0937648088641246,1.5444358367556,-1.10677674760177,0.48195092355569,-0.369189126672569,2.75232564055342,-0.620787072236616,-6.49999999976799,6.49708775103102
18.24,0.6576136,0.2367487,1.90922462050584,0.0849961198193969,1.31126342039245,-1.00802010349445,0.495063557759614,-0.379269327707514,2.84182157551201,-0.581616324698826,-6.49999969688024,6.34460914249926
18.25,0.6795857,0.2107492,1.37169260800503,0.0252451807543075,1.08274884647306,-0.904742302023969,0.505891046224345,-0.388316750727754,2.9284179679456,-0.541942037876559,-6.499123825196,2.0454948436011
18.26,0.7008386,0.1853397,0.444891270901487,0.000240100346192253,0.859311710058556,-0.798899321777014,0.514484163324931,-0.396305743945524,3.01178448086237,-0.50220344247028,-3.37610740318065,0.0211228269926781
18.27,0.7216057,0.1607664,2.22737202178346e-05,8.99973120864049e-07,0.643755097942396,-0.689384547386751,0.520921714304355,-0.403199589419391,3.09087420935622,-0.461941886352776,-0.000521794864276193,8.51877973798812e-05
18.28,0.7416198,0.1368208,-2.31915662822437e-10,2.18344264073837e-09,0.434672556048966,-0.578790457424674,0.525268439864844,-0.408987493993638,-3.11690435922832,-0.421820843369018,-3.13089150432328e-08,2.1693331019195e-07
18.29,0.7617056,0.1145645,-7.03353851846555e-15,2.33321670242741e-12,0.239322574953114,-0.459497025845629,0.527661665614375,-0.413582464252094,-3.04757278173535,-0.379257867721356,-9.15726368952584e-12,2.34335841689341e-10
18.3,0.7796867,0.09130443,-1.07072564676694e-16,5.24607689780212e-15,0.040695543236609,-0.354147258600605,0.528068621046741,-0.4171239368381,-2.97801200033994,-0.341496961271776,-1.02735971545512e-13,5.24405606705706e-13
18.31,0.797861,0.07026415,-4.04603666395953e-15,8.7803030884619e-18,-0.141657016156188,-0.236860414217922,0.52665205088518,-0.41949254098028,-2.87237922734517,-0.299868533776507,-4.44119173056723e-13,8.9889461732264e-16
18.32,0.8143017,0.04891315,-1.81808839884059e-12,8.7456126027072e-20,-0.323054527915474,-0.129243788769458,0.523421505606025,-0.420784978867974,-2.8084349731172,-0.261546423174882,-1.81888936451206e-10,9.87957219736344e-18
18.33,0.8291768,0.02794161,-5.11245002788334e-09,8.12750297326222e-21,-0.50113619485969,-0.0257480846879545,0.518410143657428,-0.421042459714854,-2.74612891251673,-0.224587928427979,-5.13603694331289e-07,1.17418284031337e-18
18.34,0.8417132,0.006526847,-2.25369200089031e-05,7.35059884238132e-21,-0.681149567457517,0.0668340760549668,0.511598647982853,-0.420374118954304,-2.68355206733106,-0.191375638498704,-0.00214618296185293,1.84391657174351e-18
18.35,0.8539457,-0.01328026,-0.0235647444568711,9.86562997223594e-21,-0.845820870519553,0.164970077095873,0.503140439277657,-0.418724418183345,-2.62593370621866,-0.155901167744356,-2.01720010578431,2.99202842222521e-17
18.36,0.8637017,-0.03349153,-0.0855128312985492,-1.79929477848495e-18,-1.01242958759603,0.251758047530032,0.493016143401697,-0.416206837708045,-2.56765036104503,-0.124259337195471,-6.48289532686519,1.45798160638943e-15
18.37,0.8715732,-0.05387187,-0.0955365410557716,4.91721508336072e-17,-1.17513010254696,0.329414662656866,0.481264842376227,-0.412912691081476,-2.5103282480212,-0.095650795122138,-6.49995782028435,8.98344705449701e-14
18.38,0.8772139,-0.07434147,-0.104101180519359,2.14568378600203e-14,-1.33594027662154,0.398813721989207,0.467905439610012,-0.408924553861584,-2.45326482316937,-0.0697588636916592,-6.49999981496749,4.49156500453477e-12
18.39,0.8822367,-0.09368082,-0.110970036388947,2.14077180440173e-12,-1.48131416137232,0.469797047187697,0.453092297996289,-0.404226583389707,-2.39978551987261,-0.0427669282650495,-6.49999999796055,2.65618531024782e-10
18.4,0.8872785,-0.111233,-0.116575603097259,1.07676311536729e-10,-1.6065442219973,0.546982819446484,0.437026855776316,-0.398756755195242,-2.35056359450384,-0.0127173926856367,-6.49999999994464,2.18385124269042e-08
18.41,0.8901812,-0.1288404,-0.121723914302684,-8.11632076121069e-09,-1.72940399965324,0.614879937507133,0.419732815779783,-0.392607955820171,-2.30106123769462,0.0143893574500369,-6.49999999999802,9.22909866245989e-07
18.42,0.8909873,-0.1464568,-0.126544240034883,-6.40914186347485e-07,-1.84897098683501,0.67416559847495,0.401243105911433,-0.385866299835422,-2.25145279734177,0.038782685045922,-6.49999999999991,2.12765706533907e-05
18.43,0.892168,-0.1614809,-0.130783369983734,-5.3852222523797e-05,-1.94531049469274,0.745660401845775,0.381790000964506,-0.378409695816964,-2.20571702472243,0.0690412499956191,-6.49999999999999,0.000847118167451731
18.44,0.8926494,-0.1748643,-0.134724098164583,-0.00341451867361369,-2.02808439608953,0.82045448776379,0.361509157003611,-0.370205150939326,-2.16155730600183,0.101790829083468,-6.5,0.0335303928174355
18.45,0.8933392,-0.1857126,-0.138274067274198,-0.197218505641066,-2.09069213760456,0.904871854586304,0.340602235627565,-0.361156432393463,-2.11995914202186,0.139962268341171,-6.5,1.3891413046612
18.46,0.8921725,-0.1955654,-0.141693839219948,-1.05001329000307,-2.15056182133061,0.985486981904465,0.319096617414259,-0.351301562574418,-2.07767694154293,0.17812669109535,-6.5,5.88562634301131
18.47,0.8891602,-0.2039835,-0.144945546967479,-1.39525099328113,-2.20743636112891,1.06555614094285,0.29702225380297,-0.34064600116499,-2.03477782188512,0.217836362237911,-6.5,6.47623223058265
18.48,0.8866466,-0.2094423,-0.147812408813919,-1.6882072904424,-2.24274678853869,1.15663192188509,0.274594785917583,-0.329079681946139,-1.99403111218735,0.264418854702103,-6.5,6.49935734034297
18.49,0.8815257,-0.2135019,-0.150551642306624,-1.98671265214173,-2.28238253197819,1.24497717753437,0.251770960597801,-0.316629910170795,-1.95161326160533,0.312160131517077,-6.5,6.49997632183549
18.5,0.8758131,-0.2149166,-0.152996794100974,-2.31872147644191,-2.30989153220749,1.34006168631413,0.228672045275726,-0.303229293307654,-1.90975583563062,0.365498629283431,-6.5,6.49999917868028
18.51,0.8687005,-0.2138811,-0.155193340657567,-2.67220317046007,-2.33239736746237,1.43921705142593,0.205348071601102,-0.288837122793395,-1.86753464150134,0.423527458657485,-6.5,6.49999996994773
18.52,0.8601678,-0.2101581,-0.157126897892121,-3.04381511319731,-2.35029454694853,1.54335844945749,0.181845126131617,-0.27340353829882,-1.82492944798354,0.486846632760369,-6.5,6.49999999886737
18.53,0.8501915,-0.2034603,-0.158783435801031,-3.43304898107302,-2.36400179183185,1.65369093435891,0.158205108213299,-0.256866628955231,-1.78193672782544,0.556057856615963,-6.5,6.49999999995721
18.54,0.8388165,-0.193498,-0.160148415722832,-3.83750373303034,-2.37339144752124,1.77130238634907,0.134471193738086,-0.23915360509174,-1.73861347988125,0.631490979371153,-6.5,6.49999999999841
18.55,0.8260269,-0.1800578,-0.161210660716008,-4.25023848297539,-2.37884960135615,1.89654418689575,0.110682697724525,-0.220188163222782,-1.69498645055465,0.712852208968768,-6.5,6.49999999999994
18.56,0.811784,-0.1628687,-0.161960571362089,-4.6604112732238,-2.38093564450823,2.03014597912798,0.0868733412794425,-0.199886703431503,-1.65109348983821,0.799611162458572,-6.5,6.5
18.57,0.7962586,-0.1416962,-0.162389994229195,-5.05346350842532,-2.37853725860301,2.17243412855647,0.0630879686934124,-0.178162362145938,-1.60704953563786,0.890651293409502,-6.5,6.5
18.58,0.7796139,-0.1163658,-0.162494812933939,-5.41396913521031,-2.3707166265183,2.32318129568739,0.0393808024282293,-0.154930549189064,-1.56292447556874,0.984314889618611,-6.5,6.5
18.59,0.7613406,-0.08730076,-0.162273250398224,-5.72565785538445,-2.36192695384494,2.47741791863357,0.01576153288978,-0.130156370002728,-1.51874432272076,1.07761680445348,-6.5,6.5
18.6,0.7421396,-0.05423698,-0.161725681418794,-5.98373936230891,-2.34676566994768,2.63595032049241,-0.00770612380969685,-0.103796866797804,-1.47458069187102,1.16946529844957,-6.5,6.5
18.61,0.7220221,-0.01758199,-0.160854023353855,-6.18462735858461,-2.32571615622809,2.7942071697405,-0.0309632853719777,-0.0758547951003991,-1.43045079151624,1.25793989510046,-6.5,6.5
18.62,0.7013813,0.02223759,-0.159657991127401,-6.33067896720813,-2.2962561469734,2.94782637868302,-0.0539258468417117,-0.0463765313135689,-1.38625655753274,1.34198990057994,-6.5,6.5
18.63,0.6794934,0.0642326,-0.158151475892654,-6.42718754022676,-2.26488853560626,3.08839004649889,-0.0765747321977743,-0.0154926308485801,-1.34232140903997,1.4209397510762,-6.5,6.5
18.64,0.6566383,0.1077709,-0.156342886681768,-6.48146307850032,-2.22973242847488,3.21103316285967,-0.0988720564825231,0.0166177007800166,-1.29861329033709,1.49523684941156,-6.5,6.5
18.65,0.6328578,0.1520808,-0.154246132241409,-6.49991382733839,-2.19094590007641,3.31028572959243,-0.120781515483287,0.0497205580759409,-1.25519647193309,1.56564579492511,-6.5,6.5
18.66,0.6080546,0.1964596,-0.151884985170713,-6.48735609051348,-2.14979062339295,3.3817987946748,-0.142279421717217,0.0835385460226889,-1.21224627597921,1.63319537769678,-6.5,6.5
18.67,0.5823554,0.240455,-0.149278221726516,-6.44670009647182,-2.10568424809197,3.4237065872125,-0.163336264198136,0.117775611894814,-1.16976338361134,1.69897838391078,-6.5,6.5
18.68,0.5555904,0.2832779,-0.146465791871867,-6.37891213866297,-2.06043346324934,3.43182480720865,-0.18394059883063,0.1520938599669,-1.12802463608685,1.76416809128632,-6.5,6.5
18.69,0.5280749,0.3247932,-0.143457164030624,-6.28340993037832,-2.01190290665619,3.40765466232017,-0.204059627897192,0.186170406590102,-1.08680047541414,1.82973509362108,-6.5,6.5
18.7,0.500347,0.3649851,-0.140232523546641,-6.15857754909439,-1.95639686687525,3.35372105124224,-0.223623596565944,0.219707617102524,-1.04553986153354,1.89642741850714,-6.49999999999999,6.5
18.71,0.4725534,0.4041403,-0.136801057265401,-6.00274001542409,-1.89362276709759,3.27491138441413,-0.24255982423692,0.252456730946666,-1.00412684050765,1.96457507630291,-6.49999999999994,6.5
18.72,0.4446446,0.4413365,-0.133197634367678,-5.81083917534585,-1.82489917994613,3.16638056900272,-0.260808816036381,0.284120536636693,-0.962713229901517,2.03553846525277,-6.49999999999966,6.5
18.73,0.4161798,0.4762603,-0.129518934878695,-5.57706016653128,-1.75454609369516,3.02863517753713,-0.278354276973333,0.314406888412064,-0.922053855751629,2.11027990408579,-6.49999999999784,6.5
18.74,0.387868,0.5091795,-0.125689972942269,-5.29718627593323,-1.67753242575795,2.86689899464074,-0.295129601230912,0.343075878358472,-0.881145716152531,2.18896969163911,-6.49999999998228,6.5
18.75,0.3596563,0.5400524,-0.121689199137473,-4.9660487315977,-1.59524082949879,2.68370120063072,-0.3110820095259,0.369912890364779,-0.840184855214317,2.27202479952853,-6.49999999981534,6.5
18.76,0.3315839,0.5689983,-0.117456669189576,-4.58064051610899,-1.50825628744265,2.48277377122681,-0.326164572400327,0.394740628077047,-0.799219553359595,2.35941893718637,-6.49999999752871,6.5
18.77,0.3036788,0.5962151,-0.112915955433663,-4.14144996328534,-1.41723578733666,2.26828275197103,-0.340336930273693,0.417423455596757,-0.758321391980776,2.45068357168152,-6.49999995713774,6.5
18.78,0.2760015,0.6217575,-0.107964958696961,-3.65107961608939,-1.32255381090666,2.04302846649254,-0.35356246838276,0.437853740261683,-0.717500865824579,2.54534786120901,-6.49999901649713,6.5
18.79,0.2485693,0.6458925,-0.10249344889056,-3.11605873306446,-1.22491507777342,1.81132783599222,-0.365811619160494,0.455967018621605,-0.676852735041401,2.64213221738925,-6.49996979714032,6.49999999999982
18.8,0.2213648,0.6687574,-0.0963740402736259,-2.54109017565879,-1.12526361256567,1.57617973409818,-0.377064255286151,0.471728815962587,-0.636544718120471,2.73980808245719,-6.49875630647513,6.49999999989972
18.81,0.1944488,0.6905922,-0.0887162162096718,-1.94120618895237,-1.0238664627237,1.34117590384884,-0.387302919913388,0.485140575001075,-0.59657347857762,2.83670927962739,-6.43017218012004,6.49999987307997
18.82,0.1677379,0.7114801,-0.0452864445416263,-1.35228138122353,-0.922110875368347,1.10839369509189,-0.396524028667071,0.496224511951994,-0.557252426952367,2.93161772472045,-3.55346129677378,6.49960668516325
18.83,0.141358,0.7315682,-0.000847370798277447,-0.526816535471024,-0.819637965675291,0.880236814871061,-0.404720408323824,0.505026880100704,-0.518407623342935,3.02324962342463,-0.0721262144011201,4.39448498058269
18.84,0.1152642,0.7508963,-5.40977929824842e-06,-1.61375307280054e-05,-0.717461916933985,0.65804826991269,-0.411895027493164,0.511607362799831,-0.480263019369911,3.11086871498094,-0.000496334917646199,0.000722579374216947
18.85,0.0894658,0.7694405,-2.62629919054161e-08,1.96656838419504e-10,-0.616088456039208,0.442528107970581,-0.418055912053556,0.516032643879537,-0.442900705173137,-3.08901486262195,-2.55408305134764e-06,2.70272364261458e-08
18.86,0.06392147,0.7870491,-1.09546335333849e-10,-3.96255130835126e-15,-0.516379645204722,0.233277211915485,-0.423219708505603,0.518365415998692,-0.406520710109607,-3.00975224156275,-1.0977675191008e-08,3.52404697508347e-12
18.87,0.03872565,0.803691,-4.38177035969083e-13,2.18211296471556e-16,-0.418054735802471,0.0308392786251304,-0.427400255863628,0.518673808784943,-0.370963269207685,-2.93450026820032,-4.39556438384443e-11,3.944073838147e-14
18.88,0.01379822,0.8190667,-2.21369554629834e-15,3.14196833516934e-15,-0.322216634845013,-0.16643698429607,-0.430622422212078,0.517009438941983,-0.336518213672978,-2.88444539376579,-2.21357383127195e-13,3.61796906427938e-13
18.89,-0.01088243,0.8329709,-2.05088635320497e-17,4.61667959156045e-12,-0.229409541629913,-0.359359662617855,-0.432916517628377,0.513415842315804,-0.303304011810554,-2.81591738088605,-2.09050048992885e-15,4.62816565242498e-10
18.9,-0.03522627,0.8452189,-5.33868574262946e-19,3.11814336081803e-08,-0.13924224196878,-0.548537275657978,-0.434308940048065,0.507930469559224,-0.271124011134527,-2.74918806348219,-5.82314239298786e-17,3.13331256705833e-06
18.91,-0.05953241,0.8554776,-6.2736757906239e-20,0.000199086041253134,-0.054391422239874,-0.735716210714862,-0.434852854270464,0.500573307452076,-0.240850958973568,-2.68344920949206,-7.91732029486642e-18,0.0189559316262257
18.92,-0.08347879,0.8638309,-3.40699393730803e-20,0.0684179259347378,0.0275783413779607,-0.919236533331244,-0.434577070856684,0.491380942118763,-0.21158164449675,-2.61903349250195,-5.75295108404764e-18,5.77357487340128
18.93,-0.1070711,0.8702691,-6.2038783114325e-20,0.0877681449805035,0.106357670105268,-1.09832532875937,-0.433513494155632,0.480397688831169,-0.183367034392951,-2.55596019348612,-1.98448759636494e-17,6.49924892223325
18.94,-0.1302647,0.8748444,-7.76578941617424e-20,0.0980862150789233,0.182073596345163,-1.27180636536202,-0.43169275819218,0.467679625177549,-0.156104950374831,-2.49434834921492,-2.23482234087573e-16,6.49999836008606
18.95,-0.1528218,0.8778825,6.76987158409646e-18,0.106579381900029,0.256375044623432,-1.43647893503689,-0.429129007745946,0.45331483582718,-0.129125794512698,-2.43481745630243,-5.70420450886689e-15,6.49999999173556
18.96,-0.1744517,0.879719,3.95713795590272e-17,0.11354437105904,0.331204863334527,-1.58936653777091,-0.4258169591126,0.437421170449471,-0.101618832087961,-2.37780745258842,-2.57550736913883e-13,6.49999999990901
18.97,-0.1950321,0.8807282,-6.79941775493619e-14,0.119423732075613,0.407027387056871,-1.72749344362249,-0.421746685242032,0.420146236013246,-0.0732988618641946,-2.32365990257917,-1.63078028533694e-11,6.49999999999792
18.98,-0.2140874,0.8813938,-1.16099785357084e-11,0.124507688121393,0.487032163823073,-1.84734999129775,-0.416876363603801,0.401672736100269,-0.0427975008397172,-2.27275722279119,-1.44077168862512e-09,6.4999999999999
18.99,-0.2314959,0.881925,-6.25584300701538e-10,0.129026520267228,0.571356960206515,-1.94797035843403,-0.411162794001736,0.382193032515929,-0.00986774195103805,-2.22488172006466,-1.54555377091611e-07,6.49999999999999
19,-0.2469533,0.88267,3.57997946651612e-07,0.13309510518336,0.661530204244109,-2.0274922807409,-0.404547491959295,0.36191810970852,0.026325500702268,-2.18003243065663,-1.94915772787392e-05,6.5
19.01,-0.2602277,0.8838187,0.000164882995005763,0.136760489145645,0.75835628992354,-2.08557403840651,-0.396963929060059,0.341062369324454,0.0663857386683603,-2.13794274409244,-0.00272682996816575,6.5
19.02,-0.2712333,0.885417,0.0401741346600203,0.140061005637165,0.861387407226452,-2.12316793047728,-0.388350054987795,0.319830690019682,0.110443033029243,-2.09817792457273,-0.360602950880262,6.5
19.03,-0.2800046,0.8876256,0.913016013324408,0.143021186166586,0.969225667300748,-2.14037663017743,-0.378657798314787,0.298426923717907,0.158236021664627,-2.06052892772562,-5.71715924240046,6.5
19.04,-0.2863341,0.8899915,1.35278971472934,0.145723475792099,1.0824502793132,-2.14224680040748,-0.367833295521655,0.277004455713833,0.210320008055283,-2.02402867805599,-6.49195573526124,6.5
19.05,-0.2906581,0.8926405,1.69234600529241,0.148179391561657,1.19651206020706,-2.12897467917159,-0.355868174919585,0.255714708922117,0.265060453170069,-1.98857009284181,-6.49990074633846,6.5
19.06,-0.2930771,0.8952628,2.04835742363675,0.150432776082788,1.30984520407264,-2.10426019444992,-0.342769722878858,0.234672106977617,0.322021139957212,-1.9535409369805,-6.4999982909583,6.5
19.07,-0.2931883,0.8973244,2.42323463717043,0.152526895746726,1.42495302542508,-2.07334328120093,-0.328520192624607,0.213938674165608,0.382474029737202,-1.91816067277703,-6.49999996364156,6.5
19.08,-0.2915347,0.8988957,2.79653809771509,0.154451464520283,1.53671905314251,-2.03634482794598,-0.313153002093182,0.193575225886148,0.444428614460286,-1.88239946819152,-6.4999999988999,6.5
19.09,-0.2879695,0.8994447,3.16648034814648,0.156223123004849,1.64585129185286,-1.99814248800026,-0.296694489174654,0.173593801006146,0.508325222042412,-1.84563581633459,-6.49999999995572,6.49999999999999
19.1,-0.2820992,0.8988925,3.5383519478671,0.157823130382059,1.75495158757293,-1.95967958187937,-0.279144973298924,0.153997005187352,0.575332946385206,-1.80778845889872,-6.49999999999787,6.49999999999999
19.11,-0.2743548,0.896883,3.90178515621219,0.159236445683823,1.85995463426863,-1.92400260364746,-0.260545426956238,0.134756979150877,0.643845654664615,-1.76859763025778,-6.49999999999987,6.49999999999996
19.12,-0.2642868,0.8933254,4.26126437060616,0.160432706046391,1.96403790569583,-1.8918153362102,-0.24090504789928,0.115838825788775,0.715098414610689,-1.72811789346572,-6.49999999999999,6.49999999999992
19.13,-0.2516757,0.8880911,4.61360699697164,0.161381698708043,2.06832840209544,-1.86403965309018,-0.220221763878325,0.0971984292578735,0.789343290122004,-1.68644574349319,-6.5,6.49999999999982
19.14,-0.2364348,0.8809091,4.9520974291253,0.162055344678853,2.17282383745655,-1.84261382407637,-0.19849352550376,0.0787722910171099,0.866251797636148,-1.64369571916188,-6.5,6.49999999999967
19.15,-0.2182382,0.8716989,5.27180149274488,0.162427779215971,2.27939122501793,-1.82778842394719,-0.175699613253581,0.060494406777638,0.945921327857854,-1.60017022659549,-6.5,6.49999999999949
19.16,-0.1971789,0.8602687,5.56320113551751,0.16248217597223,2.38645597269544,-1.82062127536673,-0.151835053526626,0.0422881940239706,1.02717748123299,-1.55620409746307,-6.5,6.49999999999937
19.17,-0.1728673,0.846638,5.82173933105577,0.162212716705302,2.49633938704199,-1.82038260728566,-0.126871659656206,0.024084367951114,1.10981016227747,-1.51220509274125,-6.5,6.49999999999936
19.18,-0.144923,0.8311703,6.04225672087194,0.161624740189922,2.61108915762633,-1.82365384920732,-0.100760768079943,0.00584782945904081,1.19318264054392,-1.46849597859138,-6.5,6.49999999999942
19.19,-0.1134293,0.8140748,6.21929940811934,0.16073061217961,2.72893068008749,-1.82847399759985,-0.0734714612790682,-0.0124369105169577,1.27577077573685,-1.42527472488657,-6.5,6.49999999999949
19.2,-0.0787552,0.7949551,6.35084792137275,0.159553926848742,2.845971073117,-1.83777590860371,-0.0450117505478981,-0.0308146696029948,1.35610501998447,-1.38289705090332,-6.5,6.49999999999961
19.21,-0.04063936,0.7752042,6.43907978818676,0.158094363959396,2.96355722701827,-1.84019544367095,-0.0153761782777155,-0.0492166240397042,1.43374373297932,-1.34081782906442,-6.5,6.49999999999964
19.22,6.343329e-05,0.7540647,6.487113671385,0.156384508099552,3.07419239025898,-1.84217389752396,0.0153657456248743,-0.0676383630149439,1.50780173776041,-1.29954235165667,-6.5,6.49999999999966
19.23,0.04280823,0.7318658,6.49981633475451,0.154437008156557,3.17343289882918,-1.84112375479801,0.0471000746131661,-0.0860496005629239,1.5783156951457,-1.25891021203951,-6.5,6.49999999999966
19.24,0.08692604,0.7087273,6.48177798997274,0.152267445565472,3.25628180844262,-1.83632290354177,0.0796628926975923,-0.104412829598342,1.64571093720232,-1.21887130308656,-6.5,6.49999999999962
19.25,0.1317669,0.6847141,6.43651775779531,0.149893272681349,3.31838303556399,-1.82755778619701,0.112846723053232,-0.122688407460312,1.71070575696181,-1.17941040173739,-6.5,6.49999999999953
19.26,0.1762181,0.6593624,6.36583775486258,0.147372196836431,3.35222793859706,-1.81880155727351,0.146369002439203,-0.140876423033047,1.77437442863473,-1.14109064977988,-6.5,6.49999999999943
19.27,0.2210579,0.6338442,6.2711183121353,0.14463447018635,3.36586194511406,-1.80088899940301,0.180027621890343,-0.158885313027077,1.83702346217427,-1.10257397934891,-6.5,6.4999999999991
19.28,0.2653963,0.6078044,6.15188077420104,0.141728872185032,3.35377668146617,-1.77740425752615,0.213565388705005,-0.176659355602338,1.89963400920693,-1.06436247005674,-6.5,6.49999999999835
19.29,0.307925,0.580476,6.00471645939181,0.138766320860013,3.30778124554601,-1.75491209323726,0.246643201160465,-0.194208476534711,1.96378159221672,-1.02757089733382,-6.5,6.49999999999706
19.3,0.3498628,0.5533189,5.83031589819042,0.135601338443696,3.24029939503697,-1.7220013392037,0.279046195110835,-0.211428489926748,2.02880706018073,-0.990132319995687,-6.5,6.49999999999294
19.31,0.3900828,0.5256338,5.62341522002941,0.132349070136104,3.14456991832802,-1.68514158877701,0.310491894294115,-0.228279905814518,2.09623485145752,-0.953207652787473,-6.5,6.49999999998078
19.32,0.4286631,0.4977673,5.38124656456726,0.128990038729763,3.02396056645586,-1.64212414258272,0.340731499958674,-0.244701147240345,2.16630764505106,-0.916315998116532,-6.5,6.4999999999363
19.33,0.465265,0.4696241,5.09886962452689,0.125553046596396,2.87846964256903,-1.59441370461535,0.369516196384364,-0.260645284286499,2.23977000054216,-0.879711694166032,-6.5,6.49999999975082
19.34,0.4999925,0.4414105,4.77381957577489,0.12198332079992,2.71171143902883,-1.54102741000576,0.396633310774652,-0.276055558386556,2.31664269870467,-0.843126233664445,-6.5,6.49999999879925
19.35,0.5326841,0.4131161,4.40276733785533,0.118248754335727,2.52507416302624,-1.4827884882879,0.421884052404915,-0.290883443269435,2.3972765960471,-0.806684777266739,-6.5,6.4999999929375
19.36,0.5634317,0.3848152,3.98588721461603,0.114290452749594,2.32194127070684,-1.41982639262263,0.445103465111983,-0.305081707195662,2.48141820541262,-0.770354694698383,-6.5,6.4999999485847
19.37,0.592317,0.3565687,3.52548810384835,0.110039862302318,2.10545698818524,-1.35239134360386,0.466158034993835,-0.3186056206317,2.56862759398474,-0.734129083162533,-6.5,6.49999953083427
19.38,0.619504,0.3284608,3.02473106581408,0.105409836030741,1.87924450918542,-1.2805599523772,0.48495048008569,-0.331411220155472,2.65806110211573,-0.697953866029781,-6.49999999999997,6.49999451689199
19.39,0.6451934,0.3006015,2.4877183781193,0.100289266959746,1.64699276263084,-1.20422883055804,0.501420407711998,-0.343453508461053,2.74857765669081,-0.661721003311947,-6.49999999998963,6.49991520423065
19.4,0.6695559,0.2730936,1.92701186820687,0.0945371966614765,1.41190530621661,-1.12338524784667,0.515539460774164,-0.35468736093952,2.8389783023983,-0.62533714475454,-6.49999999080038,6.49820261785678
19.41,0.6928692,0.2460773,1.37603960930015,0.0875570420668023,1.17779091357152,-1.03775466285474,0.527317369909879,-0.365064907568067,2.92773562772718,-0.588625858623179,-6.49998112473116,6.44532957196067
19.42,0.7152411,0.2196489,0.830642090447906,0.0587141607904097,0.94682615362602,-0.947457077020189,0.53678563144614,-0.374539478338269,3.01387443164115,-0.551509411665443,-6.40727225792664,4.66270894563934
19.43,0.7367464,0.1939042,0.00143324332612875,0.00250403593944505,0.720743919303004,-0.852635724838386,0.54399307063917,-0.383065835586653,3.09666583273782,-0.513908018861932,-0.0393142263458339,0.215125520526535
19.44,0.7586018,0.1703016,-2.83138718611547e-08,1.08849264286192e-05,0.510035641111337,-0.742782437230325,0.549093427050283,-0.390493659958956,-3.11081243542651,-0.472464090341776,-3.54293234336724e-06,0.00101255015896152
19.45,0.7779267,0.1451827,2.62245334439764e-13,7.40427891830766e-08,0.292257371300053,-0.648371489682546,0.552016000763283,-0.396977374855781,-3.03402410354109,-0.436465108868086,-3.92026148771471e-10,7.25553990236548e-06
19.46,0.7976102,0.1223829,-4.25258404169405e-15,1.55660410259752e-10,0.0918561298169038,-0.53871889014011,0.552934562061453,-0.402364563757182,-2.9646032671269,-0.39614073943282,-1.74652803398986e-12,1.56366276616737e-08
19.47,0.8161939,0.100348,-3.27520695767739e-15,2.31614574721059e-13,-0.102709652950651,-0.42783989132522,0.551907465531946,-0.406642962670435,-2.97118026221047,-0.355790830630531,-1.88749079814644e-12,2.31759492370994e-11
19.48,0.834481,0.08020803,-1.8160590161573e-12,1.93823075791055e-16,-0.284443177034198,-0.30764404206694,0.549063033761604,-0.409719403091104,-2.90555898366294,-0.312528307111624,-2.37268263336057e-10,1.95776283227362e-14
19.49,0.8507358,0.05985398,-3.83391022733142e-09,5.30870978072229e-19,-0.466808863577704,-0.19609665194529,0.544394945125827,-0.411680369610557,-2.83993750708068,-0.272303590931627,-3.91586404122002e-07,5.76877529148044e-17
19.5,0.8655551,0.04015671,-1.00679122001945e-05,8.4063314614637e-21,-0.64398481139515,-0.0863723896236266,0.537955097011875,-0.412544093506793,-2.77617455056209,-0.23269611559679,-0.00100900075647497,1.12775802175794e-18
19.51,0.8769864,0.01940033,-0.021152326034612,1.82516681767932e-21,-0.83055582036706,0.00757491423854617,0.529649538808205,-0.412468344364408,-2.7092706487849,-0.19864016118785,-2.08191266353263,3.85572227322453e-19
19.52,0.8883901,0.0009983479,-0.0724106987521267,1.47355999365026e-21,-0.998383948281791,0.113143422250843,0.519665699325387,-0.411336910141899,-2.64826014998919,-0.160154344878153,-6.48246756196587,2.06379944432628e-18
19.53,0.8965842,-0.01851694,-0.0827404526895678,-7.20523534631714e-20,-1.17277163991158,0.201632032647794,0.507937982926271,-0.409320589815421,-2.58490354703871,-0.127662858802377,-6.49996940606586,5.95483930293972e-17
19.54,0.9011987,-0.03930065,-0.0941064791010219,-2.68957444366455e-19,-1.35502457285011,0.272628166912078,0.49438773719777,-0.406594308146301,-2.51900864447164,-0.101428525560334,-6.49999992777894,2.00504845983049e-15
19.55,0.9063717,-0.05780321,-0.103148621972051,9.52836184691733e-16,-1.51106353188316,0.354866977052602,0.479277101878939,-0.403045638375775,-2.4601111111213,-0.0705278437283785,-6.49999999935729,2.05071200712388e-13
19.56,0.9067304,-0.07869333,-0.111388256194286,3.77173691546016e-14,-1.68395802005487,0.410414233337839,0.46243752167839,-0.398941496042396,-2.39628787662727,-0.0494861663310547,-6.49999999999491,4.96955084553992e-12
19.57,0.9069492,-0.0981756,-0.117970001746378,1.26484346396319e-12,-1.83478775420174,0.470743010862549,0.444089644136372,-0.394234065933771,-2.33754595693273,-0.0261556392175087,-6.4999999999999,1.6672784556859e-10
19.58,0.906104,-0.1168494,-0.123668661025941,6.25262994674951e-12,-1.97155978339058,0.530421466466301,0.424374046302467,-0.388929851269108,-2.28139188367277,-0.00255799251924146,-6.5,5.19291925169616e-09
19.59,0.9043628,-0.1342975,-0.128766847161951,-2.61129024708598e-09,-2.09320530860361,0.592405694886736,0.40344199321643,-0.38300579432024,-2.22769008508835,0.0225894613242008,-6.5,1.72087990302807e-07
19.6,0.9021221,-0.150158,-0.13339811929614,-2.80912083459828e-07,-2.19704552602438,0.658970901168139,0.381471537956187,-0.376416085308559,-2.17662117313032,0.0503686971844202,-6.5,6.64030201162385e-06
19.61,0.8994157,-0.1641865,-0.137624343007895,-2.36634644083687e-05,-2.28355410549683,0.731263412905882,0.358635996901218,-0.3691034511795,-2.1277276614426,0.0814671723571259,-6.5,0.000302475189412462
19.62,0.8963276,-0.1760449,-0.141458301964904,-0.00199252512670295,-2.35288386347744,0.811036807361759,0.335107158266444,-0.360993083105883,-2.08067279412586,0.116888522927439,-6.5,0.0168373896566655
19.63,0.8929569,-0.1855452,-0.144917040855484,-0.149713357594787,-2.40515979419818,0.898684667947244,0.311055560324462,-0.35200623642641,-2.03516777166541,0.157126207598709,-6.5,0.943734992408124
19.64,0.8891422,-0.192443,-0.148040793605186,-1.21343421238578,-2.44264084894785,0.994957538303403,0.286629151834984,-0.342056661043376,-1.99063984094722,0.202863389627647,-6.5,6.02486878564586
19.65,0.8848336,-0.1964989,-0.150850010965225,-1.62659150623419,-2.46662730201806,1.10045526071305,0.261962878814803,-0.331052108436246,-1.94673511936226,0.254740438255676,-6.5,6.49378790420043
19.66,0.8797102,-0.1976857,-0.153373044450382,-1.98946961215065,-2.48051873357675,1.21401003733884,0.237157691479035,-0.318912008062857,-1.90288324960331,0.312603542832395,-6.5,6.49992461686449
19.67,0.8737385,-0.1957015,-0.155608479127002,-2.39072006759484,-2.48526411972114,1.33664125752624,0.212305050281824,-0.305545595487595,-1.85889844554716,0.377179479168878,-6.5,6.49999908976802
19.68,0.8667377,-0.190234,-0.157555712225181,-2.82371243595197,-2.48294616415782,1.46931395708637,0.187475588640246,-0.290852455916731,-1.81451083316545,0.449034163644989,-6.5,6.49999998903863
19.69,0.8586674,-0.1811277,-0.159202509595859,-3.27683986445816,-2.47443016029807,1.611624054061,0.162731287037265,-0.274736215376121,-1.76962735607459,0.527907022459354,-6.5,6.49999999986237
19.7,0.8492232,-0.1682785,-0.160538243229586,-3.74054742788457,-2.46261158627049,1.76273564292721,0.13810517117456,-0.257108858946849,-1.72404064539796,0.613054061981743,-6.5,6.49999999999812
19.71,0.8386505,-0.1512655,-0.161540329527777,-4.20822449278602,-2.44588736167715,1.92429904779029,0.113646297557789,-0.237865868468946,-1.67792083745477,0.704331262923826,-6.5,6.49999999999997
19.72,0.8266506,-0.1303192,-0.162194733698354,-4.65857661215097,-2.42705565387705,2.09267342339625,0.0893757410190183,-0.216939134234984,-1.63119408818764,0.799206665557626,-6.5,6.5
19.73,0.8131669,-0.1051603,-0.162485472053326,-5.07731281415497,-2.40681811426224,2.26844515146665,0.0653075598763959,-0.194254682720317,-1.58397040165441,0.896499444914553,-6.5,6.5
19.74,0.7983193,-0.07599659,-0.162401045311277,-5.44760491993782,-2.3844506956173,2.44829811158673,0.0414630529202228,-0.16977170160445,-1.53641247671853,0.993727113448551,-6.5,6.5
19.75,0.7824817,-0.04273484,-0.161935239559634,-5.76155324233051,-2.35731563838601,2.63150061424786,0.0178898965363628,-0.143456695461971,-1.48863433138884,1.08941100141401,-6.5,6.5
19.76,0.7646518,-0.006446649,-0.161090114362739,-6.01184552752454,-2.33375127898203,2.80824860737352,-0.00544761625345755,-0.115374209388236,-1.44092197681303,1.18068589494005,-6.5,6.5
19.77,0.7461256,0.03314068,-0.159865396016508,-6.20394743262986,-2.3034834773843,2.98005330302488,-0.0284824510273005,-0.0855736763579872,-1.39313891547085,1.26775019507018,-6.5,6.5
19.78,0.7259047,0.07485119,-0.158282354996692,-6.34158739787791,-2.27498655249247,3.13701089039263,-0.0512323165522252,-0.054203567454061,-1.34580405315375,1.34951410490063,-6.5,6.5
19.79,0.7042909,0.1181734,-0.156359508026548,-6.43242693564021,-2.24591394123489,3.27527719243477,-0.0736914559645741,-0.0214507955297133,-1.29898394028086,1.42644176768692,-6.5,6.5
19.8,0.6811813,0.1623353,-0.154129091509529,-6.48333850691677,-2.21726433520548,3.38938523491597,-0.0958640993166289,0.0124430568194464,-1.25293958850261,1.4991627486367,-6.5,6.5
19.81,0.6566171,0.2067435,-0.151626040251574,-6.49998474681724,-2.18882750581241,3.47584044496541,-0.117752374374753,0.0472014612691005,-1.2078241374681,1.56862938539455,-6.5,6.5
19.82,0.6306905,0.250939,-0.148885614950511,-6.48625375671265,-2.16001306138348,3.53264076465902,-0.139352504988588,0.0825278689156907,-1.1637121233268,1.63585953159203,-6.5,6.5
19.83,0.6035231,0.2944772,-0.145940971003507,-6.44429826497067,-2.13004571477511,3.55823528535011,-0.160652962136339,0.118110221769192,-1.12060761242325,1.70183871256324,-6.5,6.5
19.84,0.5747785,0.3365115,-0.142864872316774,-6.37449409618103,-2.10179032281722,3.54824596078882,-0.181670865364511,0.15359268137708,-1.07901990620796,1.76767539588536,-6.5,6.5
19.85,0.5456963,0.3775489,-0.139579350476006,-6.27629983071244,-2.0655872849425,3.50943201306381,-0.202326738213936,0.188687001507718,-1.03748043423346,1.83397510438022,-6.5,6.5
19.86,0.5164334,0.4178261,-0.136092934786229,-6.14876935082934,-2.02102226396307,3.44609001855532,-0.222536960853567,0.223147901693271,-0.995839747479087,1.90111362539819,-6.5,6.5
19.87,0.486954,0.4563908,-0.13244032044612,-5.98851255598414,-1.96926643437083,3.35304322442105,-0.242229625197275,0.256678333937482,-0.954225864193116,1.97024285823895,-6.49999999999999,6.5
19.88,0.4569245,0.4928543,-0.12870573469985,-5.79105615897699,-1.91376449080111,3.23010628444144,-0.261367270105286,0.288979396781896,-0.913242575072444,2.04228428550858,-6.49999999999997,6.5
19.89,0.4270864,0.527396,-0.124792685451243,-5.55260870111784,-1.84933478670317,3.08173033215646,-0.279860617972318,0.319796700103461,-0.871787874493257,2.11755670531516,-6.49999999999984,6.5
19.9,0.3974731,0.5600008,-0.120652937049279,-5.26883660262164,-1.77677515348576,2.91066007400126,-0.297628369507175,0.348903300843473,-0.829916302165942,2.19644997654037,-6.49999999999893,6.5
19.91,0.3682396,0.5907651,-0.116188882423328,-4.9364170129317,-1.69592204834524,2.72043375718413,-0.314587589990628,0.376107638415315,-0.787472239080898,2.27905252551149,-6.49999999999055,6.5
19.92,0.3394735,0.6198086,-0.111283199846286,-4.55389332376437,-1.60720123789677,2.51461885636807,-0.330659602369596,0.401253826978995,-0.744423516929764,2.36519914796478,-6.49999999988537,6.5
19.93,0.3112558,0.6472057,-0.105783964364855,-4.1219645857566,-1.51110593699419,2.29624371216127,-0.345770661739537,0.424216264100608,-0.700752507740117,2.45457335017264,-6.49999999803177,6.5
19.94,0.2835127,0.67325,-0.0995457260854164,-3.64688675430542,-1.4093400282587,2.069892666622,-0.359864062022124,0.444915190766828,-0.656757037036908,2.54613094583564,-6.49999995253774,6.5
19.95,0.256333,0.6980373,-0.0923946737402914,-3.13389530490138,-1.30224681880451,1.83829635685161,-0.372886530210169,0.463298154335344,-0.612401481688983,2.63900210275121,-6.49999833023388,6.49999999999992
19.96,0.2296438,0.7217314,-0.0847016950453055,-2.58843783130302,-1.19143112361035,1.60453639442562,-0.384800841446273,0.4793435182796,-0.568001579300242,2.73199057530305,-6.49991446061748,6.49999999995857
19.97,0.203438,0.7444824,-0.0771369315684593,-2.02159533615783,-1.07788508113197,1.37136073615334,-0.395579692257593,0.493057125641134,-0.523727519999562,2.82385425502459,-6.4935142148647,6.49999995680811
19.98,0.1776062,0.7663188,-0.0637810513985654,-1.46192481853561,-0.963338903769412,1.14035077775777,-0.405213081295287,0.504460633418711,-0.479985867112678,2.91372130926241,-5.85470671387935,6.49989517100161
19.99,0.1521359,0.7872168,-0.00354094017244589,-0.842722768840744,-0.848636280901829,0.91254334731444,-0.413699444104305,0.513586066891856,-0.436943099692801,3.00098873635611,-0.346795759945749,5.90943146845072
20,0.1267708,0.8070057,-1.73410892484468e-05,-0.000193043740727429,-0.736458875190394,0.687727467543645,-0.421064032856209,0.520463341567292,-0.395355480609839,3.08562747701706,-0.00174212994078274,0.00397922515619507
20.01,-0.2188081,0.415044,-0.126787868041678,0.130522267122475,-3.12212199008934,-2.7398458902137,-0.452285252757102,0.493064882665155,-0.892719557010184,-2.20858332529391,-6.5,6.5
20.02,-0.2178728,0.4194475,-0.1162649190825,0.133794434342065,-2.60354967700237,-2.7878776206773,-0.478320749527126,0.465186106458382,-0.788169725994245,-2.17214253100996,-6.5,6.5
20.03,-0.2148962,0.4235257,-0.102299122756357,0.136861598656212,-2.09273055864174,-2.81783062657197,-0.499248055113544,0.437007800192662,-0.67548735587318,-2.1367535701835,-6.5,6.5
20.04,-0.2098789,0.4282568,-0.0824821544014328,0.139652422027764,-1.59220990038264,-2.82330998280524,-0.51517015411737,0.40877470036461,-0.555188640114779,-2.1032150575194,-6.49999999995716,6.5
20.05,-0.2021934,0.4330914,-0.0657141421419806,0.142238354285592,-1.09937579201159,-2.8104943836986,-0.526163912037486,0.380669756527624,-0.427216529539969,-2.07069810078451,-6.49967171321732,6.5
20.06,-0.1916946,0.4386014,-2.10568796433533e-06,0.144593715088637,-0.615527685934019,-2.77643422836624,-0.532319188896826,0.352905414243962,-0.292858159804137,-2.03957193587037,-0.000217897411297637,6.5
20.07,-0.1779402,0.4445634,-9.04489202866667e-17,0.146755955381981,-0.139491975457496,-2.72474692099457,-0.533714108651401,0.325657945034016,-0.153368314551575,-2.00942158622159,-7.86637691139278e-13,6.5
20.08,-0.1606711,0.4508244,-1.61982120249985e-12,0.148750477239908,0.328433710115732,-2.65832094370259,-0.530429771550244,0.29907473559699,-0.0108977288148003,-1.97994504309862,-3.6975669264646e-10,6.5
20.09,-0.139835,0.4571615,0.0465527168717688,0.150601222131674,0.786411166041056,-2.5804531883615,-0.522565659889833,0.273270203713375,0.13157675126709,-1.95080659973863,-0.348518023188999,6.5
20.1,-0.1154953,0.4630256,1.72865495728129,0.152342523565041,1.23190458144285,-2.4967955236029,-0.510246614075405,0.248302248477346,0.27087986347519,-1.92140726365913,-6.49999632732492,6.5
20.11,-0.08778547,0.4680042,2.556038534021,0.153990382920166,1.66210262532776,-2.41152523510315,-0.493625587822127,0.224186996126315,0.404248684172577,-1.89130833481113,-6.49999999999272,6.5
20.12,-0.05646366,0.4720562,3.29192324032907,0.155536439052147,2.07742840180288,-2.32560279880503,-0.472851303804098,0.200930968138264,0.53060278810248,-1.86041475529408,-6.5,6.5
20.13,-0.02193674,0.4749936,3.92478670095632,0.156974637668333,2.473306479992,-2.24106266546563,-0.448118239004178,0.178520341483608,0.648292593903306,-1.82853048039961,-6.5,6.5
20.14,0.01433294,0.4753647,4.45350053090377,0.158327152104995,2.83741191679869,-2.16964346280332,-0.419744119836191,0.156823906855575,0.754978362188598,-1.79458440137975,-6.5,6.5
20.15,0.05131829,0.4727019,4.88552478065367,0.159562550294502,3.16195979342874,-2.11440554939754,-0.388124521901904,0.135679851361599,0.850602546123502,-1.75841946535922,-6.5,6.5
20.16,0.09074307,0.469725,5.24705629723509,0.160593939713343,3.46143677663066,-2.05316628268895,-0.353510154135597,0.11514818853471,0.939448297658467,-1.72184495927224,-6.5,6.5
20.17,0.129229,0.4636467,5.53442010258696,0.161438563341917,3.70961020706612,-2.00853265324195,-0.316414052064936,0.0950628620022905,1.01867913218192,-1.68346366811775,-6.5,6.5
20.18,0.1665311,0.4549403,5.76453557570801,0.162053442687137,3.90700357409202,-1.97577710082589,-0.277344016324016,0.0753050909940316,1.09040291776537,-1.6438515354658,-6.5,6.49999999999999
20.19,0.2025772,0.4447385,5.95032158988069,0.162409575799469,4.05575344567204,-1.94531126124199,-0.236786481867295,0.0558519783816117,1.15649894538519,-1.60366459341493,-6.5,6.49999999999998
20.2,0.236498,0.4326513,6.09953479217391,0.162494928732989,4.15191565010958,-1.92017549362526,-0.1952673253662,0.0366502234453591,1.2178608417096,-1.56301283984275,-6.5,6.49999999999996
20.21,0.2677884,0.4186411,6.21903608185074,0.162301919488637,4.19501018927526,-1.90038777892552,-0.153317223473447,0.0176463456561038,1.27563141937041,-1.52214678063881,-6.5,6.49999999999993
20.22,0.2962437,0.4030473,6.31412832736068,0.161829874276954,4.18726003143995,-1.88298258529223,-0.111444623159047,-0.00118348019681851,1.33101678879069,-1.48129271987438,-6.5,6.49999999999988
20.23,0.321448,0.3855827,6.38816768204888,0.161085314969186,4.12938180429057,-1.87010854668621,-0.0701508051161417,-0.0198845656636806,1.38498394195434,-1.44070077698169,-6.5,6.49999999999983
20.24,0.3432806,0.366345,6.44333543655694,0.160080455046708,4.02464923437869,-1.8607084642469,-0.0299043127723548,-0.0384916503061496,1.43862459602347,-1.40056497644931,-6.5,6.49999999999979
20.25,0.3617123,0.345379,6.48038202936095,0.158832292571243,3.87708580427294,-1.85419680674434,0.00886654527037459,-0.057033618373593,1.49306372466659,-1.36105445000282,-6.5,6.49999999999975
20.26,0.3766727,0.3227155,6.49852655336425,0.157361546864057,3.69034771830215,-1.85012704351356,0.045770022453396,-0.0755348888087286,1.54949815826806,-1.32231176454502,-6.5,6.49999999999973
20.27,0.3883382,0.2984431,6.49517193632933,0.155689590062459,3.46997739521566,-1.84761499407599,0.0804697964055526,-0.0940110387494884,1.60935128504773,-1.28441063800769,-6.5,6.49999999999972
20.28,0.3968054,0.2726452,6.46522230370995,0.153837940585948,3.22067682619597,-1.84587850859993,0.112676564667512,-0.112469823835488,1.67431318864855,-1.24738986211253,-6.5,6.49999999999971
20.29,0.4024218,0.2455836,6.40002031933253,0.151818616340189,2.94891822291073,-1.84279378466585,0.14216574689662,-0.130897761682146,1.74645945178351,-1.21110809416999,-6.5,6.49999999999969
20.3,0.4054096,0.2174173,6.28556591068189,0.149643883644267,2.65983728545829,-1.8372110293553,0.168764119751203,-0.149269871975699,1.82843592946601,-1.17547338010759,-6.5,6.49999999999966
20.31,0.4063011,0.1885305,6.10038643031485,0.147307712112772,2.36069206772875,-1.8263258129339,0.19237104042849,-0.167533130105038,1.92335242754125,-1.14014983740592,-6.5,6.49999999999956
20.32,0.4055192,0.1592854,5.81270064418904,0.144797634827417,2.05739094416182,-1.80775573753837,0.212944949870108,-0.185610687480422,2.03489904043247,-1.10479439968213,-6.5,6.49999999999931
20.33,0.4034295,0.1299491,5.37840792583171,0.142102965223677,1.75495820058263,-1.78009076572564,0.230494531875934,-0.203411595137678,2.16708527138765,-1.06915227522161,-6.49999999999741,6.49999999999859
20.34,0.4004301,0.100918,4.74527768592282,0.13919656679851,1.45827597299348,-1.74107898498343,0.245077291605869,-0.220822384987512,2.3230836439991,-1.03279849896023,-6.499999979178,6.49999999999603
20.35,0.3967555,0.07236927,3.86980346075566,0.136069888578708,1.17053649466652,-1.69042720653563,0.256782656552535,-0.237726657052869,2.50381961492928,-0.995571361923826,-6.49923563989035,6.49999999998413
20.36,0.3926103,0.04443778,0.0833009046750476,0.132720551518709,0.894393346577278,-1.62826904923052,0.265726590018307,-0.254009347545174,2.70519395735767,-0.95735870370383,-0.196967040836386,6.49999999990763
20.37,0.3880496,0.01734353,1.02851241818287e-08,0.129137512754973,0.631059521595333,-1.55413540459796,0.272037185234261,-0.269550701591154,2.91741665570733,-0.917913270481749,-4.64505279566901e-08,6.49999999917457
20.38,0.3831435,-0.008869563,2.68263732132602e-18,0.125317178809181,0.381687008249106,-1.46904645285849,0.275854055316752,-0.284241166119738,3.12653420956054,-0.877246498968103,-2.89063987198209e-16,6.49999998846303
20.39,0.3779333,-0.03410385,-1.16115806629843e-27,0.121195891154167,0.147031892432707,-1.37359295189809,0.277324374241079,-0.297977095638719,-2.96317996491259,-0.835278041401837,-4.48554616735162e-25,6.49999973653437
20.4,0.3724314,-0.05833948,-4.24075948521284e-29,0.116686852018683,-0.0725268353128676,-1.26899391708445,0.27659910588795,-0.310667034809564,-2.79226827482939,-0.792058281810753,-4.24025983934193e-27,6.49998981483894
20.41,0.3667757,-0.08147167,-1.94378592904489e-22,0.111634175014867,-0.275754353465132,-1.15576819779443,0.273841562353299,-0.322224716787508,-2.8142044792407,-0.747478799868824,-1.94746568559286e-20,6.4992812109442
20.42,0.3612402,-0.1034005,-1.46774558807466e-15,0.104237399648155,-0.460554464390388,-1.034487032813,0.269236017709395,-0.332569587115638,-2.75749455834361,-0.701428945323883,-1.47477761949966e-13,6.39952632281047
20.43,0.3559126,-0.1240834,-2.69862368878083e-10,0.0165993379454471,-0.626555970355248,-0.906177614764268,0.262970458005842,-0.341631363263281,-2.70552001916084,-0.653907899021686,-2.64556229431187e-08,1.08861203129401
20.44,0.3517313,-0.142859,-1.69834958200238e-06,1.7550177121769e-05,-0.766913717053587,-0.766994184650486,0.255301320835307,-0.349301305109786,-2.65966940878565,-0.603510591118802,-0.000155348823043596,0.00125529160787855
20.45,0.3487818,-0.1598224,-0.000940486673155967,3.99401684026208e-09,-0.882109745869027,-0.61937551578086,0.246480223376616,-0.355495060267594,-2.61938128359143,-0.550496935713987,-0.0794222236843757,3.17853247685819e-07
20.46,0.3475873,-0.1745883,-0.0391169912191505,1.75347798050243e-13,-0.969339213970208,-0.461866192413453,0.236786831236914,-0.360113722191729,-2.58515039651161,-0.493926355054061,-3.07455637197503,1.56797197026894e-11
20.47,0.3481721,-0.186914,-0.0819594837970904,2.00804113828965e-18,-1.03006906900776,-0.294305333010776,0.226486140546837,-0.363056775521837,-2.55650572733242,-0.433134095967291,-6.0756987080655,1.97475981799485e-16
20.48,0.3504442,-0.1967057,-0.0904506844128066,9.12921166171123e-23,-1.06671951496258,-0.117770271093086,0.215818945397211,-0.364234478232768,-2.53289860750383,-0.367804781470994,-6.40698198344331,9.1530434020703e-21
20.49,0.354301,-0.2038636,-0.0941843625565694,1.54998267374325e-23,-1.08175098684172,0.0667338627379195,0.205001435528794,-0.363567139605388,-2.51390671876684,-0.297586082444195,-6.44752655952784,1.59191744797905e-21
20.5,0.3595968,-0.2083412,-0.0963173249813286,9.82582067152462e-20,-1.07790154617164,0.257814055793496,0.194222420067077,-0.360988999047453,-2.49913368698263,-0.222291876289711,-6.43200322712795,1.45378581395932e-17
20.51,0.3660434,-0.2100073,-0.0964432807388227,-5.73273167909757e-15,-1.05891529821721,0.454804749991801,0.183633267084905,-0.356440951547535,-2.48796338149405,-0.141496965736617,-6.32762397264801,8.00281815941519e-12
20.52,0.3739088,-0.2092113,-0.0870108922888878,1.37955045606019e-08,-1.02401376878193,0.653298639944445,0.173393129397086,-0.349907965148091,-2.48105710345659,-0.0564931343810971,-5.64928386215439,2.02704016218338e-06
20.53,0.3831512,-0.2058201,-0.0362529404387465,-0.00226491822308022,-0.974983886926601,0.852991921056869,0.16364329052782,-0.341378045937522,-2.47847755966959,0.03296968785433,-2.34476997350716,0.0926752945021778
20.54,0.393847,-0.1997604,-0.00205855690753524,-0.830703893744246,-0.912639269255937,1.05312801101361,0.15451689783526,-0.330846765827386,-2.4806268050155,0.12681558622073,-0.1335684656539,6.45388495918485
20.55,0.4056645,-0.1910143,-3.61978009116802e-05,-1.44192167610764,-0.840983662710627,1.25257186632405,0.146107061208154,-0.318321047164146,-2.48698234712258,0.224613833246823,-0.00237135129542644,6.49998249022888
20.56,0.4182927,-0.1794087,-3.05106873925684e-07,-2.07526835627323,-0.763603683926291,1.45149214060874,0.138471024368891,-0.303806125758058,-2.49700351914417,0.326329901839945,-2.03048235900184e-05,6.49999998194271
20.57,0.4308226,-0.1649097,-1.84488983615319e-09,-2.7179919515831,-0.688489724167843,1.64895709910741,0.131586127127213,-0.287316554766984,-2.50843302506586,0.431192261286475,-1.25115727166478e-07,6.49999999995757
20.58,0.4425049,-0.14742,-1.2224455726861e-11,-3.33574113228989,-0.6217556076355,1.8446105098733,0.125368571050858,-0.268870449668251,-2.51909758582687,0.538461052573682,-8.44484507375605e-10,6.49999999999981
20.59,0.4524801,-0.1269016,-1.67661508441105e-13,-3.91817902447076,-0.569845998867747,2.03766989318808,0.11967011106218,-0.24849375073637,-2.52624159792123,0.647013684977023,-1.1731666297147e-11,6.5
20.6,0.4605882,-0.1028126,-6.272968655855e-15,-4.46343787629956,-0.533175433633694,2.23136128745295,0.114338356725843,-0.226180137861841,-2.52899930281103,0.757079069732787,-4.41150191320969e-13,6.5
20.61,0.4667646,-0.07527646,-7.68025492086256e-16,-4.95334601208133,-0.511290174164236,2.42345759012879,0.109225454984201,-0.201945561960553,-2.52687778795787,0.866548042710676,-5.38027662702208e-14,6.5
20.62,0.4705725,-0.04476124,-4.52706541633554e-16,-5.37250150371427,-0.506573379366264,2.60922226487674,0.104159721190538,-0.175853339311786,-2.51837080160415,0.972892219186301,-3.12335448702494e-14,6.5
20.63,0.4716714,-0.01179142,-1.5390801601052e-15,-5.71576173571338,-0.520370106410322,2.78388497327842,0.0989560201264353,-0.148014489579001,-2.50240578123836,1.07441063057286,-1.03330434869841e-13,6.5
20.64,0.4704374,0.02318191,-1.82103328104398e-14,-5.98624512826656,-0.548231508521585,2.94368730127793,0.0934737050412194,-0.118577616566222,-2.48028830662172,1.1704535485149,-1.18097327327773e-12,6.5
20.65,0.4653913,0.05866478,-1.48054883604914e-12,-6.1883690188706,-0.600395453695057,3.07711266491976,0.0874697505042688,-0.0878064899170244,-2.44787383577323,1.25981642205798,-9.17942692398915e-11,6.5
20.66,0.4572289,0.09445827,-3.00235451498113e-10,-6.3335751311852,-0.66924074901101,3.18381473474131,0.0807773430141587,-0.0559683425696112,-2.4079628600402,1.34396363323855,-1.77446066993385e-08,6.5
20.67,0.4463339,0.1298503,-8.31167967064182e-08,-6.43000942460778,-0.750059912917288,3.25963120893908,0.0732767438849859,-0.0233720304802205,-2.36237809822844,1.42387766034044,-4.68645509739942e-06,6.5
20.68,0.432373,0.1640358,-2.90464620039198e-05,-6.48408098087492,-0.844015071765503,3.30019025716492,0.0648365931673308,0.00962987209142873,-2.31094704985569,1.50077768205634,-0.00156387507030512,6.5
20.69,0.4159125,0.1965183,-0.00766804199814563,-6.49990468290235,-0.945101621390968,3.304083208849,0.0553855769534211,0.0426707041799188,-2.25594838769721,1.57621325127674,-0.395202830654944,6.5
20.7,0.3970098,0.2268369,-0.12208463405743,-6.47870183386109,-1.05169248886657,3.27051852186736,0.0448686520647554,0.0753758893985923,-2.19814102781773,1.65179103356472,-6.03595186432509,6.5
20.71,0.3763631,0.254714,-0.136534355939497,-6.41867597890943,-1.15727164491229,3.20042610737422,0.0332959356156325,0.107380150472335,-2.13954060643522,1.72918711245444,-6.49571572174678,6.5
20.72,0.3541382,0.2798807,-0.141459249611372,-6.3147446051883,-1.2599720980464,3.09495920035068,0.0206962146351685,0.138329742475841,-2.08064366193743,1.81017612295276,-6.49993806533615,6.5
20.73,0.3305877,0.3023438,-0.145870804330664,-6.15840711667327,-1.35741311179219,2.95755042843938,0.00712208351724663,0.167905246760235,-2.02196837303088,1.89650940357474,-6.49999849681521,6.5
20.74,0.3060506,0.3223328,-0.14977865798902,-5.93819179620019,-1.44675357760016,2.79330217225431,-0.00734545225875499,0.195838268482778,-1.96399600199269,1.98970636697825,-6.49999993792664,6.5
20.75,0.2807618,0.3396742,-0.153154982389925,-5.63807968421926,-1.5262254721062,2.60394045430341,-0.022607706979817,0.221877673025812,-1.90688237439701,2.0917202102466,-6.49999999573817,6.5
20.76,0.2546278,0.3543475,-0.156009014684227,-5.23848535049803,-1.59680716075498,2.39240724698311,-0.0385757785873667,0.245801745495643,-1.85032435829085,2.20437299059522,-6.49999999955949,6.5
20.77,0.2280898,0.3669476,-0.158325850365271,-4.72487980355139,-1.65528744850578,2.16635446979354,-0.0551286530724245,0.267465290193579,-1.79461948298354,2.32765991233714,-6.49999999992802,6.5
20.78,0.2011725,0.3774945,-0.16012184526656,-4.08580795727808,-1.70201101511426,1.92844390933273,-0.0721487632235671,0.286749729286906,-1.73956141909174,2.46175994838824,-6.49999999998241,6.49999999999998
20.79,0.1737128,0.3860762,-0.161411704344593,-3.32249371885948,-1.73882989451845,1.68173162225589,-0.0895370621687516,0.303567045509465,-1.68488186657421,2.60551162842953,-6.49999999999409,6.49999999998497
20.8,0.1459727,0.3928528,-0.162200497895251,-2.4423120122476,-1.76420258351845,1.4296546476525,-0.107179088003936,0.31786359198599,-1.63062096516454,2.75600591825018,-6.49999999999721,6.49999996631119
20.81,0.1179517,0.3978951,-0.162497108013898,-1.48873758906636,-1.77882760887745,1.1747197764617,-0.124967364092711,0.329610789750607,-1.57667411034618,2.90935917825574,-6.49999999999821,6.49968856277981
20.82,0.08968956,0.4012859,-0.162308701264679,-0.132877675906603,-1.78310431117676,0.919349370371869,-0.142798407204478,0.338804283454326,-1.52298701560986,3.06101764367131,-6.49999999999847,1.72170536108819
20.83,0.0613864,0.4030604,-0.161642126270133,1.99319490364571e-08,-1.77622251231823,0.665408851475725,-0.16056063232766,0.345458371969083,-1.46951803549534,-3.07625851836362,-6.49999999999822,3.61787983853824e-06
20.84,0.03308467,0.4032338,-0.16050409480774,1.69853444343386e-15,-1.75873517443683,0.414453960662762,-0.178147984072029,0.349602911575711,-1.41622108234886,-2.93905187101647,-6.49999999999723,3.3218913526463e-13
20.85,0.005065243,0.4018475,-0.158898980156943,2.15853856603575e-22,-1.72936383409279,0.168107708019626,-0.195441622412957,0.351283988655907,-1.36297828167651,-2.81231358746678,-6.49999999999396,2.16140236177018e-20
20.86,-0.0223694,0.3990055,-0.156825868206452,3.23037693360644e-24,-1.68683629931977,-0.0716757929100282,-0.212309985406154,0.350567230726807,-1.30959013993523,-2.69681620716968,-6.49999999998056,3.13411016566268e-22
20.87,-0.04893515,0.3947907,-0.154277071248905,1.02089452307763e-18,-1.63020498654313,-0.303297050322392,-0.228612035271586,0.347534260223583,-1.25579561811265,-2.76644150456279,-6.49999999990242,1.02477960378297e-16
20.88,-0.07439522,0.3891162,-0.151239050910826,5.40775516933124e-12,-1.55905293797866,-0.526653785540574,-0.244202564651372,0.342267722368177,-1.20130597578069,-2.68760399277368,-6.49999999919331,5.18086634556842e-10
20.89,-0.09829462,0.3822054,-0.14767525651844,2.28680519011401e-06,-1.47138643383248,-0.739284089513632,-0.258916428989697,0.334874881473041,-1.14553631165465,-2.61274530951582,-6.49999998754103,0.000190457470442541
20.9,-0.1206486,0.3739163,-0.143572831660173,0.0412111573209165,-1.36913282020338,-0.941830556157072,-0.272607757191731,0.32545657591147,-1.088331744042,-2.54099339269487,-6.4999996297368,2.96400754321199
20.91,-0.1412023,0.3645159,-0.138896579336872,0.101346489077654,-1.25205504241068,-1.13175844018574,-0.285128307615838,0.314138991509613,-1.0291560123396,-2.47248150555653,-6.49997585703876,6.49791428283318
20.92,-0.1601813,0.3540237,-0.133607917345959,0.110131551683155,-1.12377042089984,-1.30873744371133,-0.296366011824836,0.301051617072499,-0.968162627073483,-2.40671261299127,-6.49646196189793,6.49999742690164
20.93,-0.1768477,0.3435823,-0.101011446474646,0.117133286551988,-0.980178818965314,-1.46378714775685,-0.306167800014489,0.286413745594931,-0.903746670518461,-2.34539326935882,-5.13660333689808,6.49999998647618
20.94,-0.1914928,0.3335623,-0.000246682633336641,0.122987770088977,-0.825610090077639,-1.59477997985353,-0.314423900915266,0.270465945796395,-0.836081021743301,-2.28833447264618,-0.013221295439618,6.49999999976558
20.95,-0.2041444,0.3246791,-2.4761785016871e-08,0.128001611820517,-0.66207310493451,-1.69721460888161,-0.321044631964611,0.253493799707579,-0.764816983832426,-2.23592809097239,-1.41605183960411e-06,6.4999999999878
20.96,-0.2146155,0.3178903,-3.15750844193479e-13,0.132305499453851,-0.489804939756439,-1.76522777707579,-0.325942681362175,0.235841521936821,-0.688952355233157,-2.18887085310494,-1.96989768853324e-11,6.49999999999809
20.97,-0.2222973,0.3139803,-3.80866395099137e-19,0.135939523135601,-0.305793257773523,-1.7949739366526,-0.32900061393991,0.217891782570295,-0.605874952963942,-2.14753793593914,-2.71207363911874e-17,6.49999999999911
20.98,-0.2282578,0.3125294,-1.50286902354664e-24,0.139049547051225,-0.120390097038438,-1.79252309377312,-0.330204514910295,0.199966551632564,-0.518209796975751,-2.11058457111242,-1.27973093570104e-22,6.49999999999899
20.99,-0.2326625,0.3133219,-1.30235882654922e-25,0.141724349086736,0.063876807192834,-1.76207672311964,-0.329565746838366,0.182345784401368,-0.426036938416464,-2.07728788146289,-1.2894860205016e-23,6.49999999999751
21,-0.2356452,0.3159998,-2.39858418377669e-21,0.144049154734292,0.244928641470622,-1.70878793872015,-0.32711646042366,0.165257905014166,-0.32941842256033,-2.04691383815844,-2.40167501065345e-19,6.49999999998805
21.01,-0.2376066,0.3202966,-6.92844503143133e-16,0.146081351125752,0.418791766593372,-1.6368294710476,-0.322928542757727,0.14888961030369,-0.229792190500518,-2.01901130926671,-9.52876547757359e-14,6.49999999989449
21.02,-0.2386077,0.325585,1.08995889095198e-11,0.147902937190654,0.584487772210707,-1.55297569169652,-0.317083665035619,0.133359853386725,-0.127206007717848,-1.99268970642038,-8.96594861117024e-09,6.49999999850408
21.03,-0.2386184,0.3323042,-8.13715473706478e-07,0.149480010288579,0.741871702502255,-1.45522943959143,-0.309664948010597,0.118807558990811,-0.021182102285973,-1.96868727027813,-0.000118355435363471,6.49999996071639
21.04,-0.2377967,0.340514,0.0228019095599803,0.150814664791205,0.889397809162947,-1.34479030829815,-0.300770969918967,0.105359655907829,0.087765176117762,-1.94731521888346,-0.266199853456836,6.49999794058456
21.05,-0.2357562,0.3501687,1.26349368718441,0.15190738759159,1.02993504952102,-1.22366737937126,-0.290471619423757,0.0931229821141167,0.20237446477879,-1.92886788214172,-6.28766334984452,6.49976717467168
21.06,-0.232249,0.3616014,2.06438894338103,0.151039650608141,1.16509169633949,-1.09082980535717,-0.278820702460362,0.082214684060545,0.3246271251945,-1.91442842075733,-6.49922338672528,6.4277712440451
21.07,-0.2268785,0.3748404,2.87109846101348,0.0112573458584164,1.29754007989805,-0.947780250255819,-0.265845301661382,0.0727368815579868,0.457098212404499,-1.9049760488779,-6.49999486647647,0.477444302130731
21.08,-0.2191126,0.3898996,3.68251817440042,2.02122267986202e-06,1.43081270227059,-0.796088948527757,-0.251537174638676,0.0647759920727092,0.602129684002365,-1.90194068589392,-6.49999994949896,8.56315844832108e-05
21.09,-0.2085788,0.4060825,4.47220655530256,4.76742334696917e-11,1.56691706578941,-0.642803575410393,-0.235868003980782,0.0583479563186053,0.75893612236154,-1.90593582299316,-6.49999999934334,2.02264184795336e-09
21.1,-0.1950491,0.4225607,5.18400939233102,1.1468131851489e-16,1.70656168495453,-0.495464812052064,-0.218802387131237,0.0533933081980846,0.923210342012207,-1.91726283780748,-6.49999999998929,4.88557008677187e-15
21.11,-0.1782108,0.4383329,5.75964922385179,2.18383360555644e-23,1.85103577591333,-0.362338709478275,-0.200292029372103,0.0497699211033019,1.08877871580099,-1.93512383543024,-6.49999999999979,9.36673331186483e-22
21.12,-0.1577616,0.4525927,6.16545474447521,2.55705928390474e-31,2.00141317618212,-0.249436112866712,-0.180277897610282,0.0472755599746348,1.24849023765602,-1.9576622206533,-6.5,1.1067543356973e-29
21.13,-0.1334637,0.4651378,6.40121118759974,8.09868160337053e-41,2.15814481486651,-0.157459572446749,-0.158696449461617,0.0457009642501673,1.39618518269136,-1.98317815179891,-6.5,3.54397933440588e-39
21.14,-0.105396,0.4753442,6.49408027752601,2.10290088512073e-51,2.31914308761368,-0.0902081682636924,-0.13550501858548,0.0447988825675304,1.5281039338004,-2.00695769528539,-6.5,9.30314418233657e-50
21.15,-0.07357016,0.4832413,6.48274262719253,2.62607616254821e-61,2.48297743419659,-0.0459358947542441,-0.110675244243514,0.0443395236199879,1.64370015744108,-2.02562878031346,-6.5,1.17228586452761e-59
21.16,-0.03883878,0.4880337,6.40215101316979,2.18014651209029e-65,2.64177176456479,-0.0293144862532229,-0.0842575265978663,0.0440463787574557,1.74457280422164,-2.03217021726259,-6.5,9.76393571984182e-64
21.17,-0.001117631,0.4907559,6.27774652027404,2.78274345053499e-65,2.79557378792058,-0.0302186574924317,-0.0563017887186605,0.0437441921825314,1.8331178186601,-2.02929801828447,-6.5,1.24448404858356e-63
21.18,0.03745104,0.4890779,6.12249094528684,7.31998860379951e-57,2.92715166283425,-0.0654163609069842,-0.027030272090318,0.0430900285734615,1.91336450858756,-2.00605793430407,-6.5,3.23695813906846e-55
21.19,0.07672239,0.4847505,5.94400189869321,1.31054539365621e-46,3.03627170279132,-0.118366612892385,0.00333244493759527,0.0419063624445377,1.98750293465635,-1.97253343755672,-6.5,5.7082255637755e-45
21.2,0.1154326,0.4769703,5.74294536607419,9.56291922316806e-37,3.11415818799828,-0.193604385949202,0.0344740268175781,0.0399703185850457,2.05832849194867,-1.92854843841153,-6.5,4.09125273472822e-35
21.21,0.1528946,0.4663586,5.51847537585487,1.10967542827612e-28,3.15739083222696,-0.284080827697875,0.0660479351398477,0.0371295103080669,2.12757131482881,-1.87958766001048,-6.5,4.66568554210477e-27
21.22,0.1877153,0.4521134,5.26433299200223,1.1565697039753e-21,3.15753769642256,-0.394283469935793,0.0976233121040733,0.033186675608709,2.197631119698,-1.82626311412778,-6.5,4.78618909555476e-20
21.23,0.2195174,0.4347883,4.97747104299266,8.63833368179851e-16,3.11498130999221,-0.517677908658216,0.128773125203995,0.0280098965221268,2.26930012062028,-1.77227800483914,-6.5,3.52885623188285e-14
21.24,0.2481456,0.4150397,4.65621254949342,5.95884732171129e-11,3.03205834897742,-0.647359665285003,0.15909370869377,0.0215362998692768,2.34290695960449,-1.71975265988657,-6.5,2.4110430354333e-09
21.25,0.2735084,0.3932942,4.29993468949392,6.03896103166038e-07,2.91166952527253,-0.778714040403937,0.188210403946495,0.0137491594652374,2.41858250451356,-1.66929047215645,-6.5,2.42770644088513e-05
21.26,0.2958933,0.3698332,3.91231609541332,0.00133569848518051,2.75966356318948,-0.908603450757219,0.21580703957839,0.00466312495766524,2.49571276307697,-1.62085405311374,-6.5,0.0534969788389355
21.27,0.3146679,0.3450411,3.48915944688151,0.136114719132414,2.57448439997461,-1.03334337219482,0.241551883578136,-0.00567030876428298,2.57529469976196,-1.574253106396,-6.5,5.44462227940001
21.28,0.3303394,0.3191085,3.0359622903409,0.162212649080111,2.36375321445531,-1.15107316666808,0.265189415722689,-0.0171810404309637,2.65611098611398,-1.52913411992477,-6.5,6.4943118896014
21.29,0.3429751,0.2922615,2.55352590477532,0.161885113652285,2.13124174110214,-1.25984280821918,0.286501833133711,-0.0297794685131555,2.7377584078159,-1.48517088505305,-6.5,6.49993819458304
21.3,0.3536946,0.2654532,2.06029964934248,0.161111286412591,1.88873536746319,-1.3522480013046,0.305389186808342,-0.0433019485262015,2.81765979062712,-1.4419043242426,-6.49999999999995,6.49999822594056
21.31,0.3624291,0.2386594,1.57265515058782,0.160036925918729,1.63793659731632,-1.42916163691125,0.321768552781506,-0.057593564895314,2.89579388009228,-1.39903639097084,-6.49999999995137,6.49999989004175
21.32,0.3696137,0.2121773,1.11307027257474,0.158662304487638,1.38438107116156,-1.48898112759366,0.335612363493121,-0.0724833761712506,2.97113217285481,-1.35622711318835,-6.49999986507958,6.49999998610831
21.33,0.3754815,0.1861641,0.636713893796393,0.156981850511722,1.13162116291058,-1.53141681908121,0.346928575122227,-0.0877975443620627,3.04320378444106,-1.31323166206794,-6.49857950607203,6.49999999666869
21.34,0.3803181,0.1608409,0.0112715093275313,0.15498358419955,0.883339717636041,-1.55580951832047,0.355761972298588,-0.103355639545267,3.11153899560977,-1.26978439942221,-0.519066394215445,6.49999999853012
21.35,0.3842351,0.1362604,-1.22924683033593e-08,0.152658511596041,0.641552808133646,-1.56296989022816,0.362177500379924,-0.118985338447549,-3.10703849770871,-1.2257669218742,-1.50716242747806e-06,6.49999999887114
21.36,0.3878414,0.1128362,-5.33749462655663e-16,0.149976104251012,0.411941931120147,-1.55094291556992,0.366296919691125,-0.134494767603248,-3.04710372603476,-1.18072592058357,-7.5874227380372e-13,6.4999999984086
21.37,0.3905934,0.0902101,2.59039502281569e-23,0.146953792701973,0.190726409158572,-1.52404860499131,0.368204183782711,-0.149735253653161,-2.99029603118314,-1.13501748661579,-4.98911695885876e-19,6.49999999638031
21.38,0.3929797,0.06869901,-7.15278836855873e-24,0.143566357992789,-0.017620261948835,-1.48111183679988,0.368027981163223,-0.16454637202116,-2.93727044971872,-1.08824584079966,-1.3546112906564e-21,6.49999998586374
21.39,0.3948922,0.04826979,-1.48120681341459e-20,0.139820994489081,-0.213679660250357,-1.42387275832589,0.365891184560719,-0.178785099604419,-2.71652458471626,-1.04045156437109,-1.46778702830322e-18,6.49999990677917
21.4,0.3962623,0.02885572,-2.47268858078596e-15,0.135740845970777,-0.397757863376057,-1.35428833231292,0.361913605926959,-0.192327982927548,-2.64529340959233,-0.991748555651445,-2.2008951898349e-13,6.499998975377
21.41,0.3986094,0.01189231,-9.14331491061576e-11,0.131134365811499,-0.557884851473823,-1.26255019811211,0.35633475741222,-0.204953484908669,-2.58343678486253,-0.939745711553859,-7.16093339498671e-09,6.49997061873242
21.42,0.3986023,-0.0057006,-1.41658763230115e-06,0.126512173560358,-0.720807931408139,-1.1748958840516,0.349126678098139,-0.216702443749185,-2.52095314262313,-0.889984083456327,-9.81830382454823e-05,6.49910943474867
21.43,0.3977886,-0.02254996,-0.00388967763389328,0.120828807396861,-0.873319843582614,-1.08084203783574,0.340393479662313,-0.227510864127543,-2.46186663012202,-0.839963378135962,-0.245700413769227,6.45521970128543
21.44,0.3951175,-0.03984028,-0.107702433231956,0.0836257098052512,-1.0234609627166,-0.990665427011237,0.330158870035147,-0.237417518397655,-2.40330651734209,-0.7922935869398,-6.33282534679476,4.65731776962514
21.45,0.3940746,-0.05395601,-0.116323284518077,0.00100233227593621,-1.14346459865774,-0.876461113289029,0.318724224048569,-0.246182129530545,-2.35268487370589,-0.738947803443283,-6.49877167442144,0.0588937765249995
21.46,0.3906617,-0.06929797,-0.121773714058131,3.90724764396558e-06,-1.26596825308653,-0.775036212685354,0.306064541517704,-0.253932491657399,-2.30056157705567,-0.690480622361977,-6.49998811446304,0.000243274504243558
21.47,0.3870142,-0.0838751,-0.126561905108489,6.85485228872089e-09,-1.37346707971858,-0.670508389267685,0.292329870720518,-0.260637575550076,-2.25126590604242,-0.642013692145037,-6.49999972396497,4.58093653877597e-07
21.48,0.3832659,-0.09770261,-0.130892170990784,4.95137258339325e-12,-1.46543712313281,-0.563865336812238,0.27767549948919,-0.266276228918198,-2.20452070107375,-0.593673065347239,-6.49999998646158,3.60899524540084e-10
21.49,0.3793493,-0.1112643,-0.134882933198059,1.85187075441136e-15,-1.54304703612943,-0.459678362685086,0.262245029127896,-0.270873012545049,-2.15973718795411,-0.546906054733624,-6.49999999878439,1.48490767734713e-13
21.5,0.3745147,-0.1251576,-0.138656862483997,5.97871571837874e-19,-1.61275549193649,-0.363033470730056,0.246117474208531,-0.27450334725235,-2.11534596837175,-0.503552421123227,-6.49999999984706,5.2455990652273e-17
21.51,0.3712531,-0.1377101,-0.141909807175687,7.22035519763647e-23,-1.65542012199573,-0.260909569784719,0.229563272988574,-0.277112442950197,-2.07491793985166,-0.458528291887339,-6.49999999995422,6.87081638983359e-21
21.52,0.3692281,-0.1495282,-0.144759481624091,1.35538034107442e-26,-1.675480698883,-0.159068251255711,0.212808465999744,-0.278703125462754,-2.03731824091609,-0.413823175995944,-6.49999999997295,1.35375325205871e-24
21.53,0.367179,-0.1611172,-0.147379490636664,4.36149076797264e-29,-1.6843417383229,-0.0620342585121172,0.195965048616515,-0.279323468047875,-2.00039547739244,-0.3711460050881,-6.49999999997785,4.37535298030872e-27
21.54,0.3668217,-0.1711247,-0.14964019032116,2.05258683460488e-29,-1.66949016974251,0.0405035826252238,0.17927014691909,-0.278918432221623,-1.9661773146975,-0.325855695314072,-6.49999999996376,2.05755718440773e-27
21.55,0.3673495,-0.1801381,-0.151652226233032,3.18703213463594e-27,-1.63910204540433,0.142924803151956,0.162879126465046,-0.277489184190103,-1.93332357895324,-0.280050389788519,-6.49999999990539,3.38828407855242e-25
21.56,0.3687369,-0.1878465,-0.153441604385446,1.19111266297596e-23,-1.59474856357831,0.247035176319532,0.146931640829263,-0.275018832426908,-1.90161655339574,-0.23255013607438,-6.49999999961405,1.59987749422107e-21
21.57,0.3711221,-0.1941685,-0.15502005009254,5.3033192473022e-20,-1.53669738017984,0.352704238006922,0.131564667027465,-0.271491790046839,-1.87106945285437,-0.182976056692268,-6.49999999746369,1.71975910948049e-17
21.58,0.3744341,-0.198841,-0.156409347894834,-1.62303673218884e-16,-1.4669006247699,0.461213677107359,0.116895660779766,-0.266879653275765,-1.84149435700022,-0.130165840907248,-6.49999997344484,1.39214693359794e-13
21.59,0.3788594,-0.2016503,-0.157615816681466,2.54010813059608e-12,-1.3852369238746,0.57334073918074,0.10304329154102,-0.261146245883958,-1.81301545775823,-0.0730554510944532,-6.49999952488587,6.03121627654671e-10
21.6,0.3844947,-0.2022966,-0.158650117149015,5.8245581317285e-09,-1.29236529373496,0.690450609999576,0.0901196386036702,-0.254241739783962,-1.78569693867164,-0.0100954118198254,-6.49998447681063,1.41281579503926e-06
21.61,0.39151,-0.2005238,-0.159496250748325,-0.000101547272229674,-1.18839675756933,0.813428809944323,0.0782356710279769,-0.246107451684519,-1.75972021039162,0.0602037386530579,-6.49895812183884,0.00190438160243896
21.62,0.4000213,-0.1959661,-0.156238319770763,-0.188110912317526,-1.07392374293318,0.943906264327072,0.067496433598645,-0.236668389041248,-1.73528144457443,0.13993206046168,-6.33765003170565,1.32526970644018
21.63,0.410071,-0.1881582,-0.0126027496037095,-1.47625533337915,-0.950131726366457,1.0841135595369,0.0579951163349805,-0.225827253445879,-1.71260539871499,0.231656867076099,-0.509377485085419,6.46061289046197
21.64,0.4215494,-0.1768678,-8.33990360157417e-06,-2.13913924098702,-0.819354146424765,1.23423508175284,0.0498015748707328,-0.213484902628351,-1.6919134824494,0.336573319529441,-0.000336132973473884,6.49991625809028
21.65,0.4344672,-0.1616465,-9.28550111839211e-10,-2.86570567334216,-0.68285455707412,1.39605510114795,0.0429730292999916,-0.199524351616871,-1.67368960452872,0.456178052618678,-3.73454916171584e-08,6.49999977703034
21.66,0.4475263,-0.1428128,-2.26769448390681e-14,-3.60202278893563,-0.551989635328193,1.56518614450827,0.0374531329467097,-0.183872490171788,-1.65752995890205,0.587108360638564,-9.10604301670274e-13,6.49999999913742
21.67,0.4615315,-0.1197041,-3.05670507106171e-20,-4.32883506646635,-0.42088353144983,1.74516127665743,0.0332442976322114,-0.166420877405214,-1.64474099568798,0.728958085621404,-1.2261340086566e-18,6.4999999999958
21.68,0.4752092,-0.09313094,-1.55992644185739e-27,-4.98339734848814,-0.300242170526091,1.92771842834729,0.0302418759269505,-0.147143693121741,-1.63532724405967,0.873709686153322,-6.25311478263821e-26,6.49999999999997
21.69,0.4883402,-0.0633839,-3.75748822052545e-37,-5.52583374275642,-0.191693097110975,2.10926330386367,0.0283249449558407,-0.126051060083105,-1.62997047272976,1.01616650617328,-1.50571044337785e-35,6.5
21.7,0.5003061,-0.03087496,-8.76557501282919e-51,-5.93866910576384,-0.0997563548451792,2.28554171738062,0.0273273814073889,-0.103195642909298,-1.62889636381489,1.15206689035275,-3.51233580650136e-49,6.5
21.71,0.5106803,0.003688034,-2.14293521392153e-72,-6.22458295960034,-0.0270100177540864,2.45036162660512,0.0270572812298481,-0.0786920266432472,-1.63192238654437,1.2785805516414,-8.58826575562317e-71,6.5
21.72,0.5175002,0.03863584,-9.35660854037965e-78,-6.39890589917728,0.0123838177088809,2.59061015973259,0.0271811194069369,-0.0527859250459213,-1.63600488492498,1.39415436973176,-3.75085640433252e-76,6.5
21.73,0.5209886,0.07370706,-5.02844300325229e-74,-6.4841804355628,0.0225133435021236,2.70528148659787,0.0274062528419581,-0.0257331101799427,-1.63872285431369,1.50099683593263,-2.01616740109769e-72,6.5
21.74,0.5202973,0.1079834,-1.28317856248407e-79,-6.49704107197746,-0.000970320219184639,2.78849876538972,0.0273965496397663,0.00215187747395452,-1.63664606521841,1.60097850156568,-5.14420066420511e-78,6.5
21.75,0.5162889,0.1412747,-2.81988714203041e-64,-6.44891146865614,-0.0486140002455522,2.84068983840453,0.0269104096373107,0.0305587758579999,-1.62924506706544,1.69628756205289,-1.12994277767255e-62,6.5
21.76,0.5084231,0.1729532,-1.17789093025641e-46,-6.34616185193605,-0.12242189908094,2.85903774896523,0.0256861906465013,0.0591491533476521,-1.61599429425912,1.78884731741586,-4.71652624593964e-45,6.5
21.77,0.4969181,0.202644,-1.90362736184559e-34,-6.19108021131898,-0.218209156449284,2.84311485936222,0.0235040990820085,0.0875803019412743,-1.59789808754566,1.88040963067656,-7.61739143136627e-33,6.5
21.78,0.4819675,0.2300694,-2.08456436471067e-25,-5.98287890431592,-0.332172151312152,2.79349320058107,0.020182377568887,0.115515233947085,-1.57622090997985,1.97246618054181,-8.33838385400941e-24,6.5
21.79,0.4638928,0.2551383,-2.2245686455226e-18,-5.71913220066052,-0.45970577920482,2.71235385819709,0.0155853197768388,0.142638772529056,-1.55212168990819,2.06609219202911,-8.89987337579765e-17,6.5
21.8,0.4430919,0.2778291,-9.36352479683176e-13,-5.3969182388622,-0.595886933825166,2.60244406341019,0.00962645043858713,0.168663213163158,-1.52644063211136,2.16199823420596,-3.74920904576402e-11,6.5
21.81,0.4199051,0.2980086,-3.71999993814924e-08,-5.01264731196567,-0.736570608705323,2.46560530189569,0.0022607443515339,0.193319266182115,-1.499698117566,2.26085290223259,-1.49188312411641e-06,6.5
21.82,0.3949446,0.3160316,-0.000213295364399275,-4.56843519568365,-0.875801521290097,2.30749581293349,-0.00649727086136707,0.21639422431145,-1.47214410510784,2.36206060428627,-0.00857476754685839,6.5
21.83,0.3686275,0.3319364,-0.0997309848013212,-4.06782230444467,-1.00960471382547,2.1310050686102,-0.0165933179996218,0.237704274997552,-1.44388990503067,2.46532002790238,-4.02256542705183,6.5
21.84,0.3414842,0.3459853,-0.160169618904557,-3.52082277842784,-1.13346845499435,1.94065294149375,-0.0279280025495652,0.257110804412489,-1.41489938315793,2.56948543503371,-6.48783706123198,6.49999999999998
21.85,0.3139307,0.3582805,-0.159619801794683,-2.934687166702,-1.24417535029168,1.73944972777915,-0.0403697560524821,0.27450530169028,-1.38510744899558,2.67360814187194,-6.49988586958705,6.49999999999665
21.86,0.2863141,0.368917,-0.158598035844505,-2.31511774385229,-1.33936782628904,1.53018345805387,-0.0537634343153724,0.289807136270819,-1.35443141881055,2.77667729137719,-6.49999717876183,6.49999999844006
21.87,0.2589975,0.3780594,-0.157378985085684,-1.68646331072186,-1.41683915093049,1.31601772751359,-0.0679318258246774,0.302967313545955,-1.32273662430822,2.8774804421907,-6.4999998332924,6.49999805407193
21.88,0.2321827,0.3856922,-0.155948705694842,-1.08501000980373,-1.47590522037922,1.09850116732771,-0.0826908780284696,0.313952325219232,-1.28996124297804,2.97549954334744,-6.49999997881827,6.49168540195796
21.89,0.2061422,0.3919013,-0.154285417370421,-0.016246347370667,-1.51550062228993,0.879870312326901,-0.0978458842513688,0.322751028342501,-1.25595743114232,3.07004628323399,-6.49999999450531,0.244256090775163
21.9,0.1808807,0.3965417,-0.152376207674355,1.08576701764808e-08,-1.53682737030174,0.660404739662162,-0.113214157954386,0.329355075739123,-1.2207764468114,-3.12182228831761,-6.49999999735213,1.64073071379232e-06
21.91,0.156512,0.3995967,-0.150203094183544,-6.28970407322532e-16,-1.54026159631822,0.441362291829883,-0.128616773917568,0.333768698657422,-1.18435157211993,-3.03380234549107,-6.49999999772099,9.18589805826076e-13
21.92,0.133068,0.401034,-0.147753092518361,5.3791581537166e-22,-1.52689087443512,0.223782406701481,-0.14388568266192,0.336006522724436,-1.14668462705784,-2.94898227405708,-6.49999999663857,1.30677605712975e-19
21.93,0.1106371,0.4007748,-0.145010406026693,1.28542230471753e-25,-1.49738484978519,0.0082543981329195,-0.158859531159772,0.336089066705765,-1.10770308778729,-2.86704504956136,-6.49999999159146,1.38733003423932e-23
21.94,0.08905321,0.3986332,-0.141985633241907,3.59413663036053e-22,-1.45442667960462,-0.20552224400906,-0.173403797955818,0.334033844265675,-1.06764618319593,-2.62594673542813,-6.49999996649762,3.07675202726141e-20
21.95,0.06825622,0.3945097,-0.138688859315261,1.75924887144317e-15,-1.39975511924153,-0.417160772859631,-0.187401349148233,0.329862236537079,-1.02663359472483,-2.5397152152122,-6.49999979230623,1.26221942662666e-13
21.96,0.04815422,0.3882524,-0.135143540098647,2.72014387848058e-09,-1.33529287515717,-0.626724242233571,-0.200754277899805,0.323594994114743,-0.984849895933346,-2.45778907642767,-6.49999804384036,1.70873578098975e-07
21.97,0.02871594,0.3799638,-0.131375386619159,0.00033327596686397,-1.26240510582809,-0.832308284437641,-0.213378328958086,0.315271911270366,-0.942405554401365,-2.38017849473591,-6.4999720016157,0.0191246109764929
21.98,0.00994218,0.3698851,-0.127401035663161,0.11798842852509,-1.18215540779823,-1.03110004238132,-0.225199883036068,0.304960910846553,-0.899369689043897,-2.30702732176574,-6.49938040139692,6.33173460453762
21.99,-0.00845079,0.358149,-0.122918181286853,0.127803861101889,-1.09777308399033,-1.2213889707923,-0.236177613875971,0.29274702113863,-0.856353470844121,-2.2380321173625,-6.4802892934275,6.49992693145419
22,-0.02598369,0.3456686,-0.101569662232672,0.133614363437063,-1.00635948257937,-1.39558989537409,-0.246241208701765,0.278791122184889,-0.812502909363144,-2.17417985559576,-5.55449455408759,6.49999985869207
22.01,-0.0425196,0.3332783,-0.00579682196917963,0.13862336960904,-0.907933252080525,-1.54741365205359,-0.25532054122257,0.263316985664354,-0.767606946931496,-2.11575070281099,-0.330579609797785,6.49999999894642
22.02,-0.05880424,0.3211507,-3.44358131275348e-05,0.142925175011554,-0.809386386238405,-1.67633128451155,-0.263414405084954,0.246553672819238,-0.723425659869823,-2.06178508404808,-0.00205891146156706,6.49999999997696
22.03,-0.07376766,0.3107911,-7.21352810889893e-08,0.146491326097728,-0.703028972875586,-1.7716461703214,-0.27044469481371,0.228837211116024,-0.677527696886522,-2.01320446468838,-4.57042215309225e-06,6.49999999999836
22.04,-0.08703225,0.303123,-3.87882887381856e-11,0.149404648278659,-0.58717260116347,-1.82821017535658,-0.276316420825345,0.210555109362458,-0.629008018619721,-1.96986330292185,-2.64924817933818e-09,6.49999999999963
22.05,-0.09974934,0.2978414,-8.63452924984294e-15,0.151827776992999,-0.472151034299777,-1.85103875645174,-0.281037931168343,0.192044721797941,-0.580964753555263,-1.93032765761792,-6.45374642490723e-13,6.49999999999979
22.06,-0.1108894,0.2952939,-4.25864546217034e-19,0.153837042865033,-0.350617858517072,-1.83989774983498,-0.284544109753513,0.173645744299591,-0.530594106941751,-1.89421976443853,-3.53386468807084e-17,6.4999999999997
22.07,-0.1214011,0.2948942,-1.46663654758172e-23,0.155536316687274,-0.231145125553777,-1.8020209372023,-0.286855561009051,0.155625534927568,-0.480736532884678,-1.86041732438421,-1.34444855010122e-21,6.49999999999912
22.08,-0.1312026,0.2965691,-2.29051816370857e-27,0.156975262703893,-0.113655615720681,-1.74026137861244,-0.287992117166258,0.138222921141444,-0.431229345070362,-1.82851579761703,-2.25691815269147e-25,6.49999999999483
22.09,-0.1398238,0.3000959,-6.01819001262253e-29,0.158195869678699,0.00493901074101544,-1.65855819383546,-0.287942727058848,0.121637339203089,-0.380597941848363,-1.79809578536874,-6.04523210798825e-27,6.49999999994137
22.1,-0.1476396,0.3055043,-2.91113889591102e-27,0.159221822562679,0.120939147326077,-1.55870983464344,-0.286733335585587,0.106050240856655,-0.33014977529168,-1.76904198494041,-2.91433079332465e-25,6.49999999866799
22.11,-0.1541672,0.3127486,-1.6842740738468e-23,0.160074212035745,0.237584488091702,-1.4430740805176,-0.28435749070467,0.0916195000514789,-0.278181224552594,-1.74124769966892,-1.79935709182037e-21,6.49999993620224
22.12,-0.1592317,0.3220985,-2.85528468264159e-19,0.160764579339064,0.355474609095523,-1.31148009797902,-0.280802744613715,0.0785046990716887,-0.224004459624066,-1.71490377659645,-4.14956182536266e-17,6.49999230881361
22.13,-0.1623634,0.3337019,-9.7150619753705e-16,0.161235773891997,0.477437181656889,-1.16481844360577,-0.276028372797146,0.066856514635631,-0.165701734049132,-1.6901991715963,-7.75671478445551e-13,6.49708862870827
22.14,-0.1631348,0.3477103,9.97993637073894e-13,0.0920522475065052,0.605724360259202,-1.00398196074051,-0.269971129194554,0.0568166950282259,-0.101363195445579,-1.66745303065817,-7.83354801065382e-09,3.69988185350286
22.15,-0.1610969,0.3642823,-3.33268354246413e-07,1.57053756006086e-05,0.742543703669583,-0.829831342324662,-0.262545692157858,0.0485183816049793,-0.0288273071193494,-1.64719182067099,-4.24599442210343e-05,0.000630108473680203
22.16,-0.1558323,0.3832646,0.00601779055135794,5.70820528138032e-11,0.889631715560757,-0.645667738663541,-0.25364937500225,0.0420617042183438,0.0540476439403581,-1.63009629386647,-0.129789634445796,2.28742443886804e-09
22.17,-0.1470469,0.4040019,0.954021976801071,2.23663255013761e-18,1.04757258772183,-0.458499061913524,-0.243173649125032,0.0374767135992086,0.14881183903547,-1.61705285053044,-6.33305239063333,8.95640023285255e-17
22.18,-0.1346138,0.4255832,1.6353866719532,3.07395772127626e-29,1.21554326628799,-0.276793361756138,-0.231018216462152,0.0347087799816472,0.255911345701004,-1.60940244043655,-6.49984542931019,1.23052772856658e-27
22.19,-0.118422,0.4469387,2.37743996002542,1.47699245323865e-48,1.39260029054883,-0.109557538081606,-0.217092213556664,0.0336132046008312,0.375020584303868,-1.60902662456961,-6.49999977044191,5.91242067900124e-47
22.2,-0.09854801,0.4672627,3.14159062583478,1.89267553630322e-66,1.57636475857671,0.0370470262650615,-0.201328565970897,0.0339836748634818,0.503942944786458,-1.61842873171567,-6.49999999943193,7.57955907778281e-65
22.21,-0.07489748,0.4857947,3.88269242365779,4.52601101515718e-41,1.76592065517319,0.157820729664083,-0.183669359419165,0.0355618821601226,0.640164951274181,-1.64002440499459,-6.49999999999777,1.81488313556825e-39
22.22,-0.0476922,0.5022341,4.56610249684822,3.15051305779761e-31,1.95794123641905,0.251701336445372,-0.164089947054974,0.0380788955245763,0.779027943288414,-1.67522974481297,-6.49999999999999,1.26731862735399e-29
22.23,-0.01733255,0.5159976,5.15359555504402,2.25017465482814e-26,2.14795932125587,0.315686056169411,-0.142610353842416,0.0412357560862704,0.915501570095328,-1.72142772615765,-6.5,9.1069312070415e-25
22.24,0.01565619,0.5267108,5.62404299821826,3.22559556711795e-24,2.33089762220071,0.348814094184033,-0.119301377620409,0.0447238970281108,1.04555034839131,-1.77051998395796,-6.5,1.31720691113199e-22
22.25,0.05057758,0.5342565,5.97668886403422,5.62602372961498e-24,2.50078874726598,0.352383829638957,-0.0942934901477489,0.0482477353245003,1.16669692628349,-1.81166111032431,-6.5,2.31934816945367e-22
22.26,0.08686929,0.5383871,6.22461481232981,1.49053032997184e-25,2.65324053571604,0.32676543453745,-0.0677610847905885,0.0515153896698748,1.27859757041045,-1.83562490442892,-6.5,6.18403869725615e-24
22.27,0.1232271,0.5386829,6.38370515564652,1.90693596545503e-29,2.77856772840833,0.271142594843425,-0.0399754075065052,0.0542268156183091,1.38130201424943,-1.83842028595276,-6.5,7.91786336914352e-28
22.28,0.1592298,0.5358032,6.47142476427557,2.44489921935273e-36,2.87482152823627,0.193306617353411,-0.0112271922241425,0.0561598817918432,1.47697079925697,-1.82575022497156,-6.5,1.01162419959198e-34
22.29,0.1937691,0.5291389,6.49996407138402,5.11790701065119e-50,2.93506745069469,0.0907501364527334,0.0181234822828044,0.0570673831563705,1.56747059448815,-1.80051492718163,-6.5,2.1040796206409e-48
22.3,0.2264175,0.5190864,6.47688566287311,5.27555036608611e-61,2.95838300717818,-0.0309023438729863,0.0477073123545861,0.0567583597176407,1.65517571624789,-1.76858780661748,-6.5,2.15346478584973e-59
22.31,0.2566913,0.5058786,6.40470488676164,3.41987305639257e-39,2.94370849676103,-0.167615309933648,0.0771443973221964,0.0550822066183042,1.74228437807085,-1.73354253237539,-6.5,1.38682680620988e-37
22.32,0.2842144,0.4897027,6.28142366057042,2.9930714536147e-26,2.89112419627875,-0.315929130084645,0.106055639284984,0.0519229153174577,1.83092637757128,-1.69740459610104,-6.5,1.2071829449555e-24
22.33,0.3087962,0.4710864,6.10097145589501,8.32958587330705e-18,2.80237171085985,-0.469948915029034,0.134079356393582,0.0472234261671674,1.92309158573896,-1.66154163784753,-6.5,3.34601806860497e-16
22.34,0.3304069,0.4501997,5.85388225551511,1.31462433759302e-11,2.68052036338655,-0.626972089920622,0.160884560027448,0.0409537052679612,2.02053700728472,-1.6262549477467,-6.5,5.26683979001476e-10
22.35,0.349053,0.4274318,5.52788818406905,8.17393717417873e-07,2.52888521519913,-0.7827895915571,0.186173412179439,0.0331258093523902,2.12482588872111,-1.59170304751633,-6.5,3.27031118184774e-05
22.36,0.3648695,0.403119,5.10992176896348,0.00524166865442737,2.35170188714659,-0.933935933461148,0.209690431050905,0.0237864500177787,2.23702680031473,-1.55781658358205,-6.5,0.209684943615178
22.37,0.3779179,0.3775212,4.58773079861969,0.158594917902078,2.15246782584395,-1.0778322299787,0.231215109309344,0.0130081277179917,2.35788120678867,-1.52443590536378,-6.5,6.3508268527756
22.38,0.3883977,0.3508988,3.95693704225977,0.161961639644702,1.93561337570829,-1.21213815172241,0.250571243066427,0.000886746200767632,2.48706068052017,-1.49138485744103,-6.49999999999998,6.49956820992266
22.39,0.3965372,0.3234726,3.22399301719716,0.16144528865879,1.70555701950961,-1.33505904158273,0.267626813261523,-0.0124638442150597,2.62309358600326,-1.45849144174325,-6.49999999999097,6.4999965569506
22.4,0.4024093,0.2953416,2.39333208745089,0.16073912376864,1.46525756480664,-1.44594640423339,0.28227938890959,-0.0269233082573936,2.76398836656567,-1.42562589998556,-6.49999998677003,6.49999993668013
22.41,0.4063669,0.2668026,1.51051141231358,0.159849762113154,1.21967249279217,-1.54274477984227,0.294476113837512,-0.0423507560558163,2.9058379699737,-1.39261099365317,-6.49992315733598,6.49999999754512
22.42,0.4086023,0.2379317,0.446207882168868,0.158773157086961,0.972167476754741,-1.62534727732938,0.304197788605059,-0.0586042288291101,3.0450190506792,-1.35936285317803,-4.65288789200693,6.49999999982156
22.43,0.4091965,0.2088928,-3.81788040282988e-07,0.157502585122409,0.725000379907609,-1.69306135342046,0.311447792404135,-0.0755348423633147,-3.10446264817227,-1.32576768035672,-4.6620718509938e-05,6.49999999997721
22.44,0.4086335,0.1800531,-6.76890493761606e-15,0.15602386780085,0.483367671399478,-1.74376121497129,0.31628146911813,-0.0929724545130277,-2.97989650406191,-1.29159110515197,-7.87248059683705e-12,6.4999999999949
22.45,0.4070665,0.151435,-1.39075578312204e-21,0.15432978470467,0.249476370899242,-1.77825677704518,0.318776232827122,-0.110755022283479,-2.86556013888272,-1.25681892455931,-1.49458811463807e-19,6.49999999999813
22.46,0.4046768,0.123212,-1.18030228200301e-26,0.15240770730241,0.0255310786271608,-1.796220661635,0.319031543613394,-0.12871722889983,-2.76172563434047,-1.22133000829842,-1.18551380100509e-24,6.4999999999989
22.47,0.4017269,0.09558316,-1.57650947680673e-23,0.150241963058323,-0.185864907017802,-1.79725223170011,0.317172894543216,-0.146689751216831,-2.57376275455404,-1.18497549102004,-1.21022304095158e-21,6.49999999999898
22.48,0.3983816,0.06857225,-5.21977162212443e-17,0.14782575010706,-0.383139742950739,-1.78243973540935,0.313341497113709,-0.164514148570924,-2.49748161267465,-1.14775899330988,-3.47642499963747e-15,6.49999999999852
22.49,0.3949318,0.04240502,-2.64273495577107e-11,0.145139959170101,-0.563954157968602,-1.75132015991258,0.307701955534023,-0.18202735017005,-2.4293912426183,-1.10948157722651,-1.60113195404492e-09,6.49999999999663
22.5,0.3914511,0.01702025,-7.43746008097791e-07,0.142187861299794,-0.727926508684813,-1.70578468114439,0.300422690447174,-0.199085196981494,-2.36810855592506,-1.07024422162521,-4.21689706828707e-05,6.49999999998826
22.51,0.3882246,-0.007397197,-0.00189608299412762,0.138955399745579,-0.873172604939025,-1.64576271539734,0.291690964397784,-0.215542824135467,-2.31294835301782,-1.02986379099011,-0.102258386423314,6.49999999993545
22.52,0.385377,-0.03078904,-0.108794094933535,0.135443142203951,-0.999304258473209,-1.57225712230325,0.281697921813052,-0.2312653953585,-2.26298137950671,-0.988303328820741,-5.6370970204529,6.49999999943202
22.53,0.3831387,-0.05293939,-0.129488956442094,0.131637462453773,-1.10526082934143,-1.48505719422171,0.270645313519638,-0.246115967300717,-2.2176599283307,-0.945298561644766,-6.48984349109357,6.49999999145781
22.54,0.3809625,-0.07442514,-0.13352180896955,0.127637456534891,-1.19619206065777,-1.39018600121411,0.25868339291306,-0.260017827312858,-2.17516354171229,-0.901764804897129,-6.49973294303674,6.49999980683229
22.55,0.3794014,-0.09456413,-0.136932811291877,0.123322316943867,-1.26843642047242,-1.28350985128285,0.245999028708336,-0.272852925825686,-2.13591061520199,-0.856663546204143,-6.49998227445137,6.49999181434314
22.56,0.3782214,-0.1135112,-0.139996162892919,0.118617169210014,-1.32480844281356,-1.16776254169307,0.2327509442802,-0.284530551242617,-2.09897905381125,-0.810304190792595,-6.49999762750037,6.4993408622073
22.57,0.3772092,-0.1312905,-0.142781297751225,0.111573264352913,-1.36783779403131,-1.04451290462446,0.219072566339887,-0.294975680288862,-2.06366257723382,-0.762786541327965,-6.49999945525707,6.3935983218595
22.58,0.3764423,-0.14777,-0.145307803834189,0.0143704625304474,-1.39769201668933,-0.914048356631877,0.205095646172994,-0.304116163855181,-2.02979834695749,-0.713906014488557,-6.49999979533819,0.868872287110378
22.59,0.3758981,-0.1628621,-0.147603193178954,1.39913117282957e-05,-1.41537574723642,-0.777021469105435,0.19094188870063,-0.311886378546235,-1.99711706378959,-0.663525234012402,-6.49999988155844,0.000904383929970353
22.6,0.3756192,-0.1763891,-0.149684546427945,3.10296531789798e-09,-1.42138464436072,-0.633381612823396,0.176728042257022,-0.318220194674469,-1.96547970842359,-0.611279298006733,-6.49999989748907,2.18745865051512e-07
22.61,0.3756362,-0.1882937,-0.151567702384658,1.45427198827998e-13,-1.41633834991584,-0.484053196534834,0.162564658757864,-0.323060726639817,-1.9347579123038,-0.557046692021838,-6.49999987044281,1.14160339503809e-11
22.62,0.3759236,-0.1985123,-0.15326980701727,1.56619271604348e-18,-1.40130953588404,-0.329878112854239,0.148551563399024,-0.32635950776836,-1.90478204637737,-0.500669032566816,-6.49999976832685,1.38207557016181e-16
22.63,0.376503,-0.2070011,-0.154801877734275,1.79865999380312e-23,-1.37698415643142,-0.171817979936151,0.134781721834709,-0.328077687567721,-1.87546394296031,-0.442017379348493,-6.49999942065331,1.75111347195101e-21
22.64,0.377389,-0.2138111,-0.156173575290042,4.27321329846041e-26,-1.34410503143124,-0.0115158975741565,0.121340671520397,-0.328192846543463,-1.84672656192686,-0.381218188388645,-6.49999799032287,4.29268008589535e-24
22.65,0.3785728,-0.2189613,-0.157393888150684,3.87119399718196e-24,-1.30359405210091,0.149740595949609,0.108304730999388,-0.326695440583967,-1.81848689732111,-0.318309580641155,-6.49999042567663,3.894529070814e-22
22.66,0.3801593,-0.222609,-0.158465344527119,2.01464361396515e-19,-1.25546802630289,0.309689583065413,0.0957500507363589,-0.323598544753312,-1.79078592973923,-0.253775929408858,-6.49993548561026,2.35758232730218e-17
22.67,0.3820888,-0.2248701,-0.159386163317015,9.57090561791251e-15,-1.201061433752,0.466569336286042,0.0837394363988389,-0.318932851390452,-1.7635276102629,-0.187998365166215,-6.49939471270692,2.63912420146088e-12
22.68,0.3847305,-0.2262267,-0.159971565573449,-7.42594589352209e-11,-1.13833257619854,0.615940270341088,0.0723561106368536,-0.312773448687041,-1.73698206215191,-0.122677724138518,-6.49098275715339,6.03453363432183e-08
22.69,0.3875766,-0.2260357,-0.156454307336868,2.38745453853033e-06,-1.07222315321704,0.762451093258292,0.0616338791046832,-0.305148937754458,-1.71075678176828,-0.0554399550202028,-6.32185663746091,0.000344028803662078
22.7,0.3912106,-0.2249447,-0.0811410874434324,-0.00278161698547437,-0.998883321187471,0.900427611512988,0.0516450458928085,-0.296144661639328,-1.68525744588073,0.0113207206993508,-3.26767192358494,0.418430964333918
22.71,0.3955997,-0.222744,-0.00253786652858981,-0.470000271089595,-0.919567063509816,1.03131276841533,0.0424493752577103,-0.285831533955175,-1.66048605328764,0.0785143613649215,-0.10193678210452,6.28840517688934
22.72,0.4002295,-0.2183937,-2.63428416955879e-05,-0.98965299333813,-0.839188271005041,1.16290136666021,0.0340574925476599,-0.274202520288573,-1.63622192097196,0.150498915494902,-0.00105604142043771,6.49911233575816
22.73,0.4054045,-0.211998,-1.40850348783241e-07,-1.4565446465386,-0.755960876058191,1.29352970274913,0.026497883787078,-0.261267223261082,-1.61268221011985,0.22699293696666,-5.63910959502257e-06,6.49999383471974
22.74,0.4107889,-0.2026941,-4.24053843835068e-10,-1.98396368826705,-0.673202719956351,1.4291465724936,0.0197658565875145,-0.246975757536146,-1.58984359871568,0.311719390075096,-1.69653242806507e-08,6.49999994509996
22.75,0.4162312,-0.1896553,-7.12676521235813e-13,-2.57837353723863,-0.59254642883553,1.5749256034638,0.0138403922991592,-0.231226501501508,-1.56778876734157,0.407937245305363,-2.8507193680445e-11,6.49999999947717
22.76,0.4215219,-0.1721199,-6.9728327504956e-16,-3.21997742312738,-0.515931760859054,1.73507675975145,0.00868107469056865,-0.213875733903993,-1.54662157385533,0.517786540146444,-2.78997298516972e-14,6.49999999999518
22.77,0.4274544,-0.1488283,-1.79720208185257e-19,-3.90069970894416,-0.437383672023906,1.91724129228857,0.0043072379703296,-0.194703320981108,-1.52657464046399,0.643636146889577,-7.19605620697147e-18,6.49999999999996
22.78,0.4322155,-0.1209723,-5.11903596084708e-23,-4.55368329599806,-0.371521443483485,2.10938323832142,0.000592023535494747,-0.173609488597893,-1.50785029819316,0.776348245564399,-2.05180081706849e-21,6.5
22.79,0.4374183,-0.08741866,-2.79850917123841e-27,-5.1494085367143,-0.305306677365325,2.31830832519106,-0.00246104323815851,-0.150426405345983,-1.49041104394371,0.914446409880426,-1.12314018373395e-25,6.5
22.8,0.4407133,-0.05047122,-5.42858504703272e-31,-5.62635602982239,-0.25729701120135,2.52362518013659,-0.00503401335017201,-0.125190153544617,-1.47493571576011,1.04626033424224,-2.18175363817512e-29,6.5
22.81,0.442113,-0.0108067,-8.9300590342879e-34,-5.98212286591372,-0.226270543589656,2.71911468845065,-0.00729671878606857,-0.0979990066601104,-1.46135815852322,1.16882898842787,-3.59417540712943e-32,6.5
22.82,0.4409025,0.03021521,-1.02792557231518e-34,-6.22807303881138,-0.21660770350691,2.89381739717596,-0.00946279582113766,-0.0690608326883508,-1.44971633705609,1.28045105030023,-4.14295039180724e-33,6.5
22.83,0.4368888,0.07158954,-1.41539804132773e-33,-6.38478577742131,-0.228193525193144,3.04048516532651,-0.0117447310730691,-0.0386559810350857,-1.43957497886375,1.38218709231148,-5.71218409543344e-32,6.5
22.84,0.4298076,0.1122403,-1.25753982423554e-30,-6.47081546126431,-0.261340923011919,3.15204803574524,-0.0143581403031883,-0.00713550067763324,-1.43038640870422,1.47597502391251,-5.08167922039073e-29,6.5
22.85,0.4197505,0.1513444,-1.11939175250009e-26,-6.49986214355852,-0.313464009722936,3.22414660961323,-0.0174927804004177,0.025105965418499,-1.42136549553744,1.56428182594639,-4.52956734693786e-25,6.5
22.86,0.4069496,0.188317,-1.9236120634866e-22,-6.47985267812766,-0.380978996818794,3.25483619447961,-0.0213025703686056,0.0576543273632951,-1.41179366791212,1.64957121203874,-7.79575017209608e-21,6.5
22.87,0.3913322,0.2224767,-3.23456102341507e-18,-6.41346434486809,-0.462836714136864,3.24182537575798,-0.0259309375099742,0.0900725811208749,-1.40134554066425,1.73419448160366,-1.31319887491182e-16,6.5
22.88,0.3738811,0.2538408,-1.78208442468038e-14,-6.29901436939228,-0.54984654552274,3.18866180234549,-0.0314294029652016,0.12195919914433,-1.38922813305897,1.82018272706817,-7.25111601644055e-13,6.5
22.89,0.3546226,0.2820925,-3.78994582301976e-11,-6.13082767154184,-0.640872429088542,3.09628417722044,-0.0378381272560871,0.152922040916534,-1.37556807260324,1.90952414844384,-1.54623227677022e-09,6.5
22.9,0.3339438,0.3072484,-2.94710134010781e-08,-5.90007565528873,-0.732058614843859,2.96836998961778,-0.0451587134045256,0.182605740812712,-1.36028089624867,2.00389975622874,-1.20626690172943e-06,6.5
22.91,0.3122954,0.3294199,-8.29431676976633e-06,-5.59567810097293,-0.81935823388794,2.80926646186161,-0.053352295743405,0.210698405431328,-1.34330359838076,2.10467912887115,-0.000340815102021101,6.5
22.92,0.2898147,0.348768,-0.000986162955536036,-5.20571720948186,-0.901473652920224,2.62355743384438,-0.0623670322726073,0.236933979769772,-1.32482476849913,2.21283150513322,-0.0407080171748319,6.5
22.93,0.2672658,0.3657943,-0.0345535122800083,-4.72320709036026,-0.972408464748073,2.41826763949941,-0.072091116920088,0.261116656164766,-1.30452429948834,2.32803420856177,-1.43416442619401,6.5
22.94,0.2439719,0.3795028,-0.137283473186573,-4.13000880139065,-1.03779589116463,2.18842913913788,-0.0824690758317343,0.283000947556145,-1.28325649902122,2.45296896314174,-5.73355603135467,6.5
22.95,0.2208993,0.3912421,-0.15281521594971,-3.44422707526724,-1.0902096088901,1.94772406243118,-0.0933711719206353,0.302478188180457,-1.26035703485694,2.58350031485547,-6.42867007491935,6.49999999999999
22.96,0.1978765,0.4007255,-0.152982862705079,-2.66725242783025,-1.13163595027619,1.69621071333445,-0.104687531423397,0.319440295313801,-1.2362275968354,2.71889167944635,-6.48917743984152,6.49999999999087
22.97,0.1751043,0.4082891,-0.151736168414402,-1.82216241760198,-1.16110631033076,1.43882054291439,-0.116298594526705,0.333828500742945,-1.21085168153447,2.85574181320284,-6.49711106109104,6.4999999779552
22.98,0.1526321,0.4139687,-0.150172772248562,-0.988261854575164,-1.1789625843133,1.1778214612237,-0.128088220369838,0.345606715355182,-1.18434316328003,2.99133107097419,-6.49871050567639,6.49976976307885
22.99,0.1304233,0.4178947,-0.148415817405165,-0.0230086506579287,-1.18625169699715,0.91605856714834,-0.139950737339809,0.354767301026665,-1.15688389682406,3.12273353967115,-6.49910064058774,1.89210648768589
23,0.1084453,0.4201068,-0.14648744648142,-1.91374553129748e-09,-1.18397083752026,0.655464942746711,-0.151790445715012,0.361321950454132,-1.12863176243307,-3.03526490405887,-6.49906933023984,3.32089487390969e-06
23.01,0.08695608,0.4208049,-0.144364674920417,2.03433044959603e-15,-1.1708614904266,0.399052543673712,-0.163499060619278,0.36531247589087,-1.09937307548616,-2.91816089592465,-6.4984938678441,2.97398071076673e-13
23.02,0.0659335,0.4199345,-0.142029885187195,4.60521493284027e-22,-1.14798211524732,0.147612676109524,-0.174978881771751,0.366788602651965,-1.06924875052196,-2.80927865945288,-6.49631404630044,4.60799349106607e-20
23.03,0.04504756,0.4174284,-0.139430785362326,5.48396863364691e-23,-1.11874003245976,-0.0982506333259536,-0.186166282096349,0.365806096318705,-1.03882237522212,-2.70823467090517,-6.4880026635674,5.39182148569646e-21
23.04,0.02494031,0.413559,-0.135718307910231,3.62265146648763e-17,-1.07883267791092,-0.3353923134718,-0.196954608875458,0.362452173183987,-1.00722540583884,-2.62581774888808,-6.43618002590807,3.10033749740363e-15
23.05,0.005169359,0.4080255,-0.124989858113114,1.62226455467918e-10,-1.03270490856212,-0.565386688434707,-0.207281657961079,0.35679830629964,-0.975259043093399,-2.54437672219042,-6.0491338326301,1.17436534487231e-08
23.06,-0.01411939,0.400838,-0.0717913239706782,5.79943273947483e-05,-0.97996733010708,-0.78732670677978,-0.21708133126215,0.348925039231842,-0.942768761340833,-2.46766777085298,-3.55108286049146,0.00369299260123354
23.07,-0.03279988,0.3921278,-0.00825707492773357,0.104446245698173,-0.92045392938526,-0.999487614895472,-0.226285870556002,0.338930163082888,-0.909625187925237,-2.39537410314587,-0.418095428419558,6.08896034436212
23.08,-0.05088593,0.3820795,-0.000307299102434796,0.119052001426844,-0.855130841044087,-1.19992242634397,-0.234837178966443,0.326930938819448,-0.875947736546384,-2.32721960663791,-0.01595496139116,6.49988038941993
23.09,-0.06847165,0.3708551,-6.82695631398648e-06,0.125462731791555,-0.785544611275512,-1.38707922535732,-0.242692625079198,0.313060146565875,-0.842013262289532,-2.26282561993267,-0.000364112799706077,6.49999985263
23.1,-0.08522344,0.3592034,-7.92478855316503e-08,0.13105384838577,-0.709855548328342,-1.55506948485653,-0.249791180562482,0.29750945171731,-0.807224539095193,-2.20274083870321,-4.35407200137862e-06,6.49999999931589
23.11,-0.1009813,0.3477556,-4.15559650912308e-10,0.135983534625624,-0.627741084113413,-1.6994838254437,-0.256068591403616,0.280514613462872,-0.771322959189215,-2.14702620569571,-2.36114333951521e-08,6.49999999998988
23.12,-0.1153738,0.3373622,-7.23978123425632e-13,0.140244642812455,-0.537313704445083,-1.81469551242975,-0.261441728448067,0.262367658338575,-0.733533698641463,-2.09590239115632,-4.27933518182955e-11,6.49999999999956
23.13,-0.1283007,0.3288984,-3.42301569138711e-16,0.14385724595466,-0.438973635043624,-1.89549572348836,-0.265831464798503,0.243412701103691,-0.693663789296197,-2.04947928777372,-2.12242653252697e-14,6.49999999999994
23.14,-0.1397227,0.3227239,-3.98149760101234e-20,0.146909002505652,-0.333608713549932,-1.94126235013022,-0.269167551934002,0.224000077602389,-0.651632579418999,-2.00722098852377,-2.62033871665541e-18,6.49999999999998
23.15,-0.1497796,0.3187575,-1.82743586475052e-24,0.149506918646295,-0.223459738195491,-1.95503409250993,-0.271402149315957,0.20444973667729,-0.607816246113553,-1.96826662910169,-1.29656322869727e-22,6.49999999999999
23.16,-0.1582568,0.3170607,-1.86393986177303e-28,0.151722485608744,-0.107897795890466,-1.93870582031094,-0.272481127274862,0.18506267847418,-0.561573698381665,-1.93212728530963,-1.44948205931439e-26,6.49999999999998
23.17,-0.1654594,0.3173932,-4.48171259337689e-30,0.153627349303032,0.00962316905195237,-1.89653687793344,-0.272384895584342,0.166097309694846,-0.513782155231827,-1.89816169481937,-3.85130301263597e-28,6.49999999999993
23.18,-0.1714514,0.3196158,-4.71061151890529e-28,0.15526928613902,0.127757211917139,-1.83183485979055,-0.271107323465171,0.147778961096941,-0.464612402079343,-1.86597277700581,-4.43987663136902e-26,6.4999999999996
23.19,-0.1764331,0.323813,-6.50419408465047e-24,0.156675581070058,0.244211137460933,-1.74606403449075,-0.268665212090562,0.130318320752033,-0.414717649348895,-1.83546522835024,-6.49310291485148e-22,6.49999999999554
23.2,-0.1802007,0.3298147,-2.13624765263543e-19,0.157877637889011,0.359984756481257,-1.64267139042639,-0.265065364525749,0.113891606847769,-0.363311696370892,-1.80639533745641,-2.1401540947302e-17,6.49999999990377
23.21,-0.1828733,0.3380646,-2.76854285072882e-15,0.158881932156759,0.473520631844742,-1.52020768260637,-0.260330158207302,0.0986895300217054,-0.310761018183343,-1.77910783534289,-2.80056675472392e-13,6.49999999529991
23.22,-0.1841732,0.3486411,-1.07982168066878e-11,0.159706764926775,0.58644835937725,-1.38027782355601,-0.254465674613529,0.0848867517861453,-0.255797746158129,-1.75374012147541,-1.25126913930949e-09,6.49999940625451
23.23,-0.183875,0.361692,-1.01060065529211e-08,0.160360751566521,0.699871524034812,-1.22393721687148,-0.247466959373181,0.0726473796174305,-0.19719504739153,-1.73061320082234,-2.20234988137197e-06,6.49975635585289
23.24,-0.1817375,0.3771787,1.98837012214106e-06,0.150769090491987,0.814925436442955,-1.05370397319166,-0.239317705008751,0.0621103398855139,-0.133460746477928,-1.71009532355655,-0.0018485812602966,6.09155029854721
23.25,-0.1774218,0.3948009,-0.00473834968584621,0.000210478530096626,0.933398599386411,-0.874010824141696,-0.229983719014887,0.0533702316440969,-0.0623916063383632,-1.69260962199175,-0.793654374602712,0.00848390728189075
23.26,-0.1707067,0.4137631,0.0725271868750838,1.94272190138309e-09,1.05601372451802,-0.692834694289727,-0.219423581769707,0.0464418847011996,0.017896481896046,-1.67848528343517,-6.35521358969767,7.81754269793066e-08
23.27,-0.1613944,0.4329748,0.716140692755378,1.1737173944286e-15,1.18323222946363,-0.519821041105022,-0.207591259475071,0.0412436742901494,0.109323122585314,-1.66799823745728,-6.49932358703195,4.71781299758111e-14
23.28,-0.1491506,0.4513505,1.38026789753578,2.325095599133e-23,1.31649963073989,-0.363781248979247,-0.194426263167672,0.0376058618003569,0.214548771489854,-1.66138057704925,-6.49999594850314,9.33983349277395e-22
23.29,-0.1337391,0.4681289,2.13097386730779,3.71269714407636e-33,1.45635774655221,-0.230231514386236,-0.17986268570215,0.0353035466564946,0.335258807589735,-1.65882441440862,-6.49999996943979,1.49102670224271e-31
23.3,-0.1148738,0.4827921,2.95943759611985,2.41505889400584e-46,1.60364844773389,-0.122242587276465,-0.163826201224811,0.0340811207837299,0.472242513134391,-1.66020331670775,-6.49999999972156,9.70015129457954e-45
23.31,-0.09239501,0.4949593,3.7952906790818,3.7932032347948e-65,1.75812963677086,-0.0414280548847161,-0.146244904857102,0.0336668402348828,0.623435088894114,-1.66474638836474,-6.49999999999694,1.52420644354676e-63
23.32,-0.06622846,0.5044262,4.58782760343385,9.75106718847771e-74,1.91887604549409,0.0122533889386585,-0.127056144402161,0.0337893741242693,0.783732457754639,-1.67097822858885,-6.49999999999996,3.92067969672019e-72
23.33,-0.03651192,0.5110486,5.26953000121314,1.25421086175659e-65,2.08336256949314,0.0394705372314932,-0.10622251870723,0.0341840794965843,0.945324704377699,-1.67680971400593,-6.5,5.04602922322483e-64
23.34,-0.003851986,0.5146725,5.79178891932591,4.59006038038983e-65,2.24562743513115,0.0409272747178577,-0.0837662443559186,0.0345933522437629,1.09955663498832,-1.67992683783828,-6.5,1.84734594396549e-63
23.35,0.0305409,0.5144024,6.1482489027192,2.52374322565723e-73,2.3955346693059,0.0117121152884141,-0.0598108976628596,0.034710473396647,1.24023215588296,-1.67735215790629,-6.5,1.01543064606364e-71
23.36,0.06677756,0.5115401,6.36702207640909,8.3143835530582e-67,2.53396318844551,-0.0355766963576429,-0.0344712657784045,0.0343547064330706,1.36812185563151,-1.66988132675982,-6.5,3.34264459816866e-65
23.37,0.1027026,0.5041074,6.47481359289807,1.06104560267788e-47,2.64436038204654,-0.114495644252687,-0.00802766195793914,0.0332097499905437,1.48271368765695,-1.6554780696011,-6.5,4.25990894969772e-46
23.38,0.1384615,0.4936844,6.49903576922916,3.54322227244781e-35,2.72931058636866,-0.209929256865646,0.0192654439057475,0.0311104574218872,1.58802543148731,-1.63659725693306,-6.5,1.42045592697883e-33
23.39,0.1729615,0.4799687,6.45620811486666,5.09817413382342e-26,2.78182399519806,-0.32234461425783,0.0470836838577281,0.0278870112793089,1.68697001946232,-1.61406680295052,-6.5,2.04123811027291e-24
23.4,0.205423,0.46297,6.35449877573682,7.66504934433339e-19,2.79805198719307,-0.44966380565715,0.0750642037296587,0.0233903732227374,1.78283383376801,-1.58890405770632,-6.5,3.06653768005099e-17
23.41,0.2356906,0.4433997,6.1952097144242,3.62179189777629e-13,2.77945832244371,-0.584475269417811,0.102858786954096,0.0175456205285593,1.87831682114737,-1.56214311124744,-6.5,1.44877264079269e-11
23.42,0.2632299,0.4213255,5.97354058914831,1.67995764818025e-08,2.72468823376052,-0.724854843073137,0.130105669291701,0.010297072097828,1.97612611635329,-1.53430037594432,-6.5,6.72444392033246e-07
23.43,0.2879325,0.3972068,5.68088416273497,0.000121581124205905,2.63598329111384,-0.865974194085048,0.156465502202839,0.00163733015697749,2.07833337741437,-1.5057321962217,-6.5,0.00487386973580302
23.44,0.3097829,0.3715403,5.30638802134948,0.0871730051899266,2.5163347409722,-1.00308891342593,0.181628849612561,-0.00839355897728176,2.18652468838962,-1.47659897053098,-6.5,3.50291936269645
23.45,0.3288868,0.3447501,4.83984184908304,0.160899037909758,2.36961990555496,-1.13240146293757,0.205325048668111,-0.0197175736066575,2.301569273874,-1.4469429772689,-6.5,6.48715476974567
23.46,0.3453792,0.3173382,4.27548551761022,0.160514200993847,2.19981070703594,-1.24985421287515,0.22732315573847,-0.032216115735409,2.42359082408136,-1.41670198438488,-6.5,6.49990822421654
23.47,0.359392,0.2896411,3.61592539057442,0.159644372549358,2.01068887379011,-1.35304641737968,0.247430044476371,-0.0457465799092057,2.55190073714853,-1.38581485917474,-6.5,6.49999828258885
23.48,0.371322,0.262132,2.87446660880506,0.158586872437724,1.80790094052918,-1.43879349648236,0.265509053881663,-0.0601345148740293,2.68392008454158,-1.35411880187728,-6.49999999999947,6.49999992164971
23.49,0.3811331,0.2349158,2.05884093984124,0.157332795077951,1.59341311922933,-1.50709703485207,0.281443185073957,-0.07520548522255,2.81789333926033,-1.32161296641626,-6.49999999976936,6.49999999243428
23.5,0.3893354,0.2084685,1.2440885436509,0.155859821400296,1.37331235619944,-1.55520284869515,0.295176308635951,-0.0907575137095015,2.94948222249646,-1.28804544013814,-6.49999972829443,6.49999999846309
23.51,0.3959227,0.1827693,0.38219359145028,0.154157072789734,1.14928278817412,-1.58451362880117,0.306669136517692,-0.106602649997513,3.07663180702854,-1.25347776957349,-6.49889154130006,6.4999999994124
23.52,0.4013887,0.1581791,-0.0119100503348905,0.152197912319886,0.926747501527288,-1.59349919306442,0.315936611532965,-0.122537641928157,-3.08742834468785,-1.21765830306973,-1.67869238385159,6.49999999957214
23.53,0.4057291,0.1346,-2.51074864927371e-08,0.149974747037126,0.706873121539612,-1.58439732407354,0.323005342748361,-0.138381615168893,-2.97691215102951,-1.1807043330123,-2.18208879585093e-05,6.49999999945399
23.54,0.4090572,0.111979,-2.21639416694274e-13,0.147481869513548,0.491628621735806,-1.55903862017797,0.327921628965719,-0.153972001370673,-2.87539782625797,-1.14269484593254,-2.45890789513274e-11,6.4999999988394
23.55,0.4114083,0.09019686,-5.31669721633463e-20,0.144723749344816,0.282201696473095,-1.51971818301379,0.33074364593045,-0.16916918320081,-2.7824504291766,-1.10378785467629,-5.32271588039645e-18,6.49999999610013
23.56,0.4127977,0.06904254,-2.88106185826409e-25,0.141721759179445,0.0795033767932765,-1.46934700859567,0.331538679698383,-0.183862653286767,-2.69729685509531,-1.064271742214,-2.79692215825463e-23,6.49999998059085
23.57,0.4131116,0.0483343,-1.82020421238585e-24,0.138506760882949,-0.116658076380723,-1.41045175395537,0.330372098934576,-0.197967170826321,-2.42238391476431,-1.02443452224804,-1.09364943823879e-22,6.49999986410942
23.58,0.4122729,0.02777687,-4.3756077334522e-19,0.135135530604139,-0.306216649518326,-1.34629049535718,0.327309932439392,-0.211430075779893,-2.35078856918044,-0.984757563989688,-2.44025338037032e-17,6.49999876563992
23.59,0.4100809,0.007095901,-3.23068687604073e-13,0.131676784659547,-0.490097528646871,-1.27974128708116,0.322408957152924,-0.224227488650704,-2.28557937016089,-0.945737202700987,-1.70369069439797e-11,6.49998655687508
23.6,0.4065588,-0.01386751,-3.34473805209721e-08,0.128189710040589,-0.667469241436265,-1.2125866263174,0.315734264738561,-0.236353354913878,-2.22577838742713,-0.907719526441106,-1.68606930932807e-06,6.49983311857378
23.61,0.4013921,-0.03551439,-0.000510274537463609,0.124721855443706,-0.840193581697957,-1.14833935263868,0.307332328921582,-0.247836748440265,-2.16990987176076,-0.871464283193482,-0.0247537208511938,6.49793480192525
23.62,0.3949935,-0.05765986,-0.126044788261505,0.120842759017478,-1.00442899545991,-1.08571434541023,0.297288038966982,-0.258693891894367,-2.1181160030375,-0.836711752462962,-5.91856685352879,6.47334320231418
23.63,0.3874246,-0.0804315,-0.142289155037862,0.112023405089738,-1.15937484879587,-1.02592090486657,0.285694290479024,-0.268953100943033,-2.06978456477412,-0.803747615377274,-6.49908461091703,6.17400799248603
23.64,0.3791665,-0.1035896,-0.145657468790324,0.0665248206022071,-1.30112062512108,-0.967231072897256,0.272683084227813,-0.278625411672006,-2.02494765484225,-0.772146861039582,-6.49999573091667,3.77677412246718
23.65,0.3706999,-0.1267135,-0.148517147236813,0.0083995184634246,-1.42613636218189,-0.906649696080397,0.258421720605994,-0.28769190863281,-1.9834881446623,-0.741126051383573,-6.49999994323405,0.492359587280706
23.66,0.362945,-0.1491491,-0.150913626079224,0.000319719172148129,-1.52788372846853,-0.839629411641539,0.243142883321309,-0.296088202749225,-1.94568759605288,-0.70944380943858,-6.49999999782798,0.0194353132661523
23.67,0.3566031,-0.1703132,-0.152903811604854,5.27668258932912e-06,-1.60214208271907,-0.762555322707989,0.227121462494118,-0.303713755976305,-1.91143428497046,-0.676017428040804,-6.49999999976994,0.000335027984281662
23.68,0.3520842,-0.1896887,-0.154555754937041,2.97021540372645e-08,-1.64741875138597,-0.672663875346224,0.210647274980258,-0.310440394729767,-1.88035079641026,-0.639888355645272,-6.49999999993739,1.99183569228148e-06
23.69,0.3495647,-0.2067388,-0.155932929707468,3.82854792714449e-11,-1.66429925956322,-0.567331712268871,0.194004282384626,-0.316113711852456,-1.85197236821148,-0.599992858021718,-6.49999999995975,2.75677570003475e-09
23.7,0.3489055,-0.2211711,-0.157093278347718,8.11564322823582e-15,-1.65592010319505,-0.446113820829332,0.177445081352676,-0.320574850060749,-1.82572880657847,-0.555733225951989,-6.49999999994543,6.38825882653694e-13
23.71,0.3500619,-0.2326937,-0.158075382616063,2.51696336045349e-19,-1.62460149743968,-0.308701894006063,0.161199066378279,-0.32366186900081,-1.80127242380563,-0.506386448233634,-6.49999999985236,2.19577078859438e-17
23.72,0.3528708,-0.2411103,-0.158910704250462,4.76285744377757e-24,-1.57353547431598,-0.155646825466931,0.145463711635119,-0.325218337255479,-1.77827434050798,-0.451325981964024,-6.49999999924717,4.58040907482271e-22
23.73,0.3573039,-0.2465766,-0.159619660249584,2.64702808723285e-26,-1.50475226324849,0.0097363973094815,0.130416189002634,-0.325120973282384,-1.75658049272508,-0.390763651955452,-6.49999999278209,2.66008454949109e-24
23.74,0.3631756,-0.2490404,-0.1602209185403,2.46491959114333e-23,-1.42144401835816,0.185913246042496,0.116201748819052,-0.323261840821959,-1.73599936466226,-0.324259904374537,-6.49999987291102,2.47241545163048e-21
23.75,0.3703279,-0.2487378,-0.160728197274375,1.49528471428439e-17,-1.3264366607268,0.369180359084776,0.102937382211784,-0.319570037231112,-1.71641321248807,-0.252211998424757,-6.49999589422221,1.76376844258178e-15
23.76,0.3786624,-0.2457509,-0.161145768713642,2.79786380450976e-12,-1.2219537882101,0.557259010157896,0.0907178443296835,-0.313997447129533,-1.697783973978,-0.174563898704408,-6.4997485332497,1.28676610023429e-09
23.77,0.3877207,-0.2402728,-0.160830077563246,1.64098880017784e-07,-1.11287430385964,0.74716440426063,0.0795891012910871,-0.306525803086926,-1.67992649969062,-0.0916829165493142,-6.47287302322873,0.000148810968421346
23.78,0.3973898,-0.2323884,-0.0879259789576291,0.00324508182819398,-1.00107614461095,0.936959119502905,0.0695783398449776,-0.297156211891897,-1.66286209872929,-0.00363749271198726,-3.53245179856901,1.93303088707105
23.79,0.4071649,-0.2219625,-0.00057537420018666,-0.575457397216542,-0.891322536620652,1.12654768664224,0.0606651144787711,-0.285890735025475,-1.64646119539957,0.0902601595870439,-0.0230830117381509,6.4964717933639
23.8,0.4163758,-0.209209,-1.3172362701854e-06,-1.22678690718924,-0.789266449202392,1.31315562595341,0.0527724499867471,-0.272759178765941,-1.63054522647237,0.189244036081097,-5.27864949509241e-05,6.4999972553278
23.81,0.4246628,-0.1938225,-2.75672136425786e-09,-1.87583682880837,-0.697695655521367,1.49823343293885,0.0457954934315335,-0.257776844436552,-1.61506244592521,0.294433790628984,-1.10380253228853e-07,6.49999999478566
23.82,0.4316471,-0.1757175,-7.05793911799418e-12,-2.56536726822352,-0.619261401155946,1.68143522541514,0.039602879419974,-0.240962492182401,-1.59995539009252,0.405788289880181,-2.82441262342489e-10,6.49999999997967
23.83,0.4379175,-0.1541463,-1.68738711802343e-14,-3.26255303561519,-0.548897239664612,1.86754611296656,0.0341139070233279,-0.222287031052735,-1.5854346728432,0.525357967372307,-6.75029357425467e-13,6.49999999999987
23.84,0.4418096,-0.1302664,-1.4486297431668e-16,-3.91958583536858,-0.499188181283468,2.04630473458655,0.0291220252104932,-0.20182398370687,-1.57117416685197,0.647285874577112,-5.79451939880525e-15,6.5
23.85,0.4451439,-0.1026086,-1.36769717342151e-18,-4.54770036837011,-0.454852577291143,2.22849064956298,0.0245734994375818,-0.17953907721124,-1.55744665834027,0.775059780728347,-5.47129096829087e-17,6.5
23.86,0.4456164,-0.07323173,-1.20350433796966e-19,-5.09072081493725,-0.433433163229539,2.39688969484952,0.0202391678052864,-0.155570180262745,-1.5440166621376,0.899806184970905,-4.81579632458686e-18,6.5
23.87,0.4451706,-0.04069169,-2.01383082966959e-20,-5.55353897962292,-0.418360762433142,2.5626384212931,0.016055560180955,-0.129943796049814,-1.53086487930873,1.02431120033442,-8.06194439960088e-19,6.5
23.88,0.4414821,-0.007294644,-5.54280624731502e-20,-5.91150927721669,-0.427075570077089,2.70718363003623,0.0117848044801841,-0.102871959749451,-1.51798723438839,1.14190410389888,-2.22031144116875e-18,6.5
23.89,0.4362851,0.02789691,-3.9827473314941e-19,-6.17839330325061,-0.444371985489022,2.83847346705623,0.00734108462529387,-0.0744872250788891,-1.50507810372639,1.25483732869259,-1.59664984871209e-17,6.5
23.9,0.4295385,0.06419045,-6.38348728376435e-18,-6.35914243078474,-0.469791305352594,2.95138496982523,0.00264317157176793,-0.0449733753806368,-1.49207753673201,1.36218231875505,-2.56156736156552e-16,6.5
23.91,0.4196409,0.09972635,-6.2034919687297e-16,-6.46253224763627,-0.514835035633725,3.03232023120192,-0.00250517878456932,-0.0146501730686176,-1.47921907089833,1.46334679768098,-2.49215544659016e-14,6.5
23.92,0.4084942,0.1352562,-5.50344156574127e-14,-6.49966346097404,-0.563118299115844,3.08899932355187,-0.00813636177572775,0.0162398201669011,-1.46587574668696,1.56061776455483,-2.21391935358826e-12,6.5
23.93,0.3957015,0.1695682,-5.40253218829326e-12,-6.47696030252592,-0.61713660770717,3.11359396696055,-0.0143077278527995,0.0473757598365066,-1.45217234546832,1.65503928853504,-2.17677264569842e-10,6.5
23.94,0.3814025,0.2021906,-4.83053450545748e-10,-6.39789737102575,-0.675041871925888,3.10475716914397,-0.0210581465720583,0.0784233315279463,-1.4380455018219,1.74831950337166,-1.94988794838467e-08,6.5
23.95,0.3659003,0.2327639,-3.18147801719417e-08,-6.2622857509525,-0.733851529100647,3.06231272401781,-0.0283966618630648,0.109046458768124,-1.42338597319124,1.8421426844676,-1.28696982539305e-06,6.5
23.96,0.3490039,0.2608189,-1.71760133788465e-06,-6.06617373164028,-0.794595969900259,2.98545236200124,-0.0363426215620674,0.138900982388137,-1.40831266956099,1.93829804351567,-6.96490726263948e-05,6.5
23.97,0.3309944,0.2862648,-6.62926078424975e-05,-5.80303536763321,-0.854594739863446,2.87654950329374,-0.0448885689607019,0.167666477421074,-1.3927141969626,2.03821027491691,-0.00269561678987959,6.5
23.98,0.3118525,0.3089463,-0.00188279872052198,-5.46405590631488,-0.91367994413987,2.73749171913274,-0.0540253684021006,0.195041394612402,-1.37664718507261,2.14321202059801,-0.0767980935153773,6.5
23.99,0.2915897,0.3289288,-0.0329509177359426,-5.04085758637113,-0.971465769838013,2.57190254960351,-0.0637400261004807,0.220760420108437,-1.36014650887848,2.25401540556103,-1.34874144885662,6.5
24,0.270312,0.3460035,-0.128266588267815,-4.52434735814067,-1.02687765108065,2.38117902879785,-0.0740088026112872,0.244572210396415,-1.34318874787239,2.3715468976175,-5.27064357020668,6.5
24.01,0.2482826,0.3606338,-0.154364807817353,-3.91843376936854,-1.07773365331843,2.1719320459069,-0.0847861391444715,0.266291530855484,-1.32565439619309,2.49452968449317,-6.37069232340063,6.5
24.02,0.2248516,0.3721209,-0.156456627586487,-3.21699429914333,-1.12904334640766,1.94144388368175,-0.0960765726085481,0.285705969692302,-1.30804373948412,2.62433522649299,-6.4874626295805,6.49999999999998
24.03,0.2006721,0.381093,-0.155906540258931,-2.43208812851323,-1.17544101106145,1.69753456386784,-0.107830982719163,0.30268131533098,-1.28989428344044,2.75767465674887,-6.49837155303875,6.4999999999904
24.04,0.1758825,0.387641,-0.15504479786525,-1.59457500625448,-1.21594742918524,1.44337825427774,-0.119990457011015,0.317115097873757,-1.27116600142447,2.89225878326183,-6.49971030701567,6.4999999785177
24.05,0.1505244,0.3917772,-0.154073013840304,-0.761286723955371,-1.25043155231735,1.18136090428553,-0.132494772534188,0.328928706916613,-1.25189491657411,3.02584395851342,-6.49993102491007,6.49975840399423
24.06,0.1248685,0.3936342,-0.153001000661263,0.00770059902253334,-1.2770529985618,0.914659575578909,-0.145265302519806,0.338075302672402,-1.23192275846286,-3.12734290353316,-6.49997693880685,1.43774409224996
24.07,0.09933398,0.393656,-0.1518099795974,-1.19204403941557e-09,-1.29301957267105,0.64863177340473,-0.158195498246517,0.344561620406449,-1.21096493523855,-3.00417060637189,-6.4999882146194,1.29303547225944e-06
24.08,0.07381895,0.3915547,-0.150504434982999,2.74335989573278e-16,-1.29980843603923,0.382590987296773,-0.171193582606909,0.348387530279417,-1.18921598070417,-2.88762597746227,-6.49999144498132,3.20730004885053e-14
24.09,0.04907643,0.388142,-0.149035900327329,1.93290359532446e-23,-1.29228536426766,0.124359270335844,-0.184116436249586,0.349631122982775,-1.16602274278223,-2.78069857901379,-6.49998936327323,1.93564465677007e-21
24.1,0.02479703,0.3829089,-0.147421012215209,2.40381599072312e-23,-1.27393548560064,-0.129040574641003,-0.196855791105592,0.348340717236365,-1.14181064514599,-2.62140531510153,-6.49998007800157,2.03853486983977e-21
24.11,0.001325787,0.3763534,-0.145629638167924,1.73290399078696e-16,-1.24302641588353,-0.372646506426683,-0.209286055264428,0.344614252172098,-1.11627513198355,-2.53112520410359,-6.49993899148621,1.22345571869038e-14
24.12,-0.0213812,0.3683397,-0.1436573005484,1.30277905296528e-09,-1.20101378202554,-0.6068037341538,-0.221296193084683,0.33854621483056,-1.08953950050356,-2.44854518259854,-6.49970283643889,8.08428461358524e-08
24.13,-0.04326535,0.3591359,-0.141460185619498,0.000378428018190553,-1.14852350028663,-0.828785328718986,-0.232781428087549,0.330258361543371,-1.0615897995263,-2.37311331815299,-6.49766291952776,0.0215621871647434
24.14,-0.06438002,0.3488736,-0.138549730914896,0.119456280499501,-1.08705486947009,-1.03719304289266,-0.24365197678225,0.319886431114444,-1.03254905500679,-2.30388141085028,-6.47074619459431,6.39377336847593
24.15,-0.084938,0.3376684,-0.125914238890001,0.127625580886054,-1.01926923818247,-1.23093923222108,-0.253844669164075,0.307577038792233,-1.00277086873372,-2.23994560449359,-5.9877719982745,6.49995599409245
24.16,-0.104403,0.3265185,-0.0331779710478384,0.132926884308982,-0.941921895322363,-1.4023209226586,-0.263263888117299,0.293553829565647,-0.971489316029157,-2.18192144738249,-1.6096878589809,6.49999989886683
24.17,-0.1230197,0.3157838,-0.000675586806000506,0.137510359613166,-0.858061511401107,-1.54926715298853,-0.27184450323131,0.278061158035762,-0.939134824888682,-2.12908279173711,-0.0335011430648376,6.499999999083
24.18,-0.1404707,0.3062642,-4.80291803404057e-06,0.141401687506338,-0.76623477772273,-1.66662650476644,-0.279506851008537,0.261394892988097,-0.905191096310828,-2.08139087186926,-0.000243979252923197,6.49999999997135
24.19,-0.1565624,0.2988239,-1.2921072932842e-08,0.144648990906048,-0.666098118432831,-1.74932269203622,-0.286167832192865,0.243901666067735,-0.869303803473268,-2.03882142147101,-6.74307317526939e-07,6.49999999999711
24.2,-0.1708825,0.2943814,-9.26627736757136e-12,0.14730890871929,-0.555709801581866,-1.79245545218302,-0.291724930208684,0.225977111545905,-0.830611836914493,-2.00142537423473,-4.98914869082281e-10,6.49999999999907
24.21,-0.1833959,0.2931753,-1.46399230736731e-15,0.149485595519014,-0.436231689748205,-1.79696011636217,-0.296087247106166,0.208007510382283,-0.78892767971894,-1.9686000037917,-8.1789082396094e-14,6.49999999999913
24.22,-0.194137,0.2949429,-5.4547016570526e-20,0.151287096346136,-0.309323991285687,-1.76778209755512,-0.299180487019023,0.190329689406732,-0.744178370049993,-1.93948317539473,-3.18690389840239e-18,6.49999999999793
24.23,-0.2031454,0.299214,-1.44353272336767e-24,0.152801477714548,-0.176605659984457,-1.71128346137874,-0.300946543618867,0.173216854792945,-0.696283287196193,-1.91327267410937,-8.9204137308694e-23,6.49999999998913
24.24,-0.2105018,0.3054893,-1.3564463406122e-27,0.154093525462627,-0.0399229487820634,-1.6337272578134,-0.301345773106688,0.156879582214811,-0.645264878948419,-1.88933588916349,-9.01734878473257e-26,6.49999999988669
24.25,-0.2163002,0.3132113,-8.86096787672211e-27,0.155214105023665,0.0988913554762121,-1.54147013666964,-0.300356859551926,0.141464880848114,-0.591205282916553,-1.86710838892026,-6.48984044014968e-25,6.49999999788604
24.26,-0.2202453,0.3224246,-1.18091761850595e-22,0.156175312877463,0.241115594136787,-1.43584414041789,-0.297945703610558,0.127106439443935,-0.532920835294512,-1.84668936623973,-9.75162540182786e-21,6.49999992539008
24.27,-0.2229379,0.3321408,-9.2826785336672e-18,0.157029435544882,0.38104098143614,-1.32610756659835,-0.294135293796197,0.113845363777952,-0.472243028738284,-1.82723783241992,-8.63832874030095e-16,6.49999597978703
24.28,-0.2240784,0.342713,-3.49540728288171e-13,0.157758213359257,0.52030769983379,-1.21051865520728,-0.288932216797859,0.101740177225879,-0.407904590337482,-1.80919930138578,-3.50095388129754e-11,6.49961284230743
24.29,-0.2236604,0.3539445,-3.66933785071498e-09,0.156763295937934,0.658188685618409,-1.09173602348978,-0.282350329941675,0.0908228169909813,-0.339624419649608,-1.79256026211976,-3.66818874661941e-07,6.43275922095819
24.3,-0.2216402,0.3661376,-9.82494880250312e-06,0.0306694516982809,0.794302095233945,-0.968396998854622,-0.274407308989335,0.0811388470024351,-0.26692922020846,-1.7778304374703,-0.00108709394566675,1.25436655608027
24.31,-0.2176404,0.3786407,-0.00381314673380696,4.63541564783241e-05,0.930862486299194,-0.84660792272507,-0.265098684126343,0.0726727677751844,-0.1876449846313,-1.76468729887348,-1.06257576143877,0.00189065607232872
24.32,-0.2116538,0.392122,0.000724599029262792,1.63867897471252e-08,1.06707526439533,-0.721848231111188,-0.25442793148239,0.0654542854640725,-0.101220182863198,-1.75410107469088,-6.43710845088343,6.66981507624907e-07
24.33,-0.2033219,0.4062382,-0.0151559956181835,1.36948318875295e-12,1.20489648418536,-0.597741161514355,-0.242378966640536,0.059476873848929,-0.00520069402697617,-1.74624561100212,-6.49978387021172,5.56595043863915e-11
24.34,-0.1925769,0.4207519,0.657741302172173,1.83516360716292e-17,1.34389614191548,-0.476812112077507,-0.228940005221382,0.0547087527281539,0.101220690864336,-1.74143478657437,-6.49999878654895,7.45214306603491e-16
24.35,-0.1791016,0.4352978,1.41319388326697,2.37048407320825e-23,1.48557562443328,-0.362355250117949,-0.214084248977049,0.0510852002269744,0.219930240786021,-1.73984842929483,-6.49999999011432,9.62324873963362e-22
24.36,-0.162723,0.4493623,2.22961820314927,1.59900141404668e-30,1.6302022640047,-0.258510888295552,-0.197782226337002,0.0485000913440189,0.35111336634435,-1.74135368933229,-6.4999999998898,6.49305366828776e-29
24.37,-0.1432277,0.4627709,3.08345482451819,1.23796976139435e-39,1.77831122235896,-0.166427411849707,-0.179999114113412,0.0468358172255218,0.493755084607485,-1.74596521093831,-6.49999999999841,5.031186828344e-38
24.38,-0.1204655,0.4751715,3.90561677820582,1.3618836935335e-51,1.92989027474724,-0.0884586006140511,-0.16070021136594,0.0459512312193813,0.644585462538037,-1.7531754761976,-6.49999999999997,5.54221488927786e-50
24.39,-0.09446252,0.4862274,4.65238093380068,2.26361164725085e-65,2.08355455543734,-0.0265694623929775,-0.139864665811566,0.0456855365954515,0.797841900662435,-1.7620220579225,-6.5,9.22769652318463e-64
24.4,-0.06541093,0.4953906,5.27576208582426,3.15868254242952e-67,2.23674098992008,0.0159002247103075,-0.117497255912366,0.0458445388425546,0.946962795221904,-1.77063017532749,-6.5,1.28991189486694e-65
24.41,-0.03348591,0.5024292,5.7546392830808,1.40486504249889e-62,2.38721284907173,0.0384161648105179,-0.0936251274216483,0.0462287004906598,1.08711866281703,-1.77721423936618,-6.5,5.74506912201762e-61
24.42,0.001158846,0.5075036,6.09477950397991,2.93520712267892e-61,2.53308352044164,0.043617340446521,-0.0682942922172319,0.046664873895125,1.21574961878924,-1.78079623463896,-6.5,1.2012624102419e-59
24.43,0.0369038,0.5086455,6.31266463949067,1.52320215185254e-66,2.66141412005796,0.0177040635105365,-0.0416801510166523,0.0468419145302304,1.33006999339658,-1.77664314866589,-6.5,6.22823203199488e-65
24.44,0.07402001,0.5075835,6.43876189862613,1.21198381391738e-65,2.77483176037702,-0.0234966088263207,-0.0139318334128821,0.0466069484419672,1.43338605769882,-1.76761377932097,-6.5,4.94629164131923e-64
24.45,0.1104164,0.5020568,6.49375120996828,3.25025070395909e-50,2.85776667395804,-0.0959003859909835,0.0146458333266982,0.0456479445820573,1.5269331962203,-1.7504436993845,-6.5,1.32201542129145e-48
24.46,0.1468528,0.4944129,6.49378544404483,2.7615294069254e-38,2.91784321806354,-0.178652927735131,0.0438242655073336,0.043861415304706,1.61453912077841,-1.72985825809586,-6.5,1.11916558526249e-36
24.47,0.1812159,0.4828095,6.44672686938696,1.38274130198473e-28,2.9402439577617,-0.284586175041301,0.0732267050849506,0.041015553554293,1.69894614240713,-1.70458312732535,-6.5,5.58235627580892e-27
24.48,0.213444,0.468174,6.35386763414115,4.23147511345437e-21,2.92721063698122,-0.404160108249591,0.102498811454763,0.0369739524717971,1.78329494313547,-1.67689602394672,-6.5,1.70245290301862e-19
24.49,0.2430634,0.4507066,6.21020222709033,4.24008812768416e-15,2.87786989662289,-0.534067932477991,0.131277510420992,0.0316332731470172,1.87059979923494,-1.6477930865738,-6.5,1.70122811547453e-13
24.5,0.2697574,0.4307544,6.00440850163397,3.39866069448179e-10,2.7928345470477,-0.670067623707316,0.159205855891469,0.024932596909944,1.96390532813022,-1.61801774547951,-6.5,1.36102735603517e-08
24.51,0.2935272,0.4087092,5.71953250530685,3.82353352576768e-06,2.67531614013774,-0.807865889898808,0.185959017292846,0.016853938010956,2.06596260815254,-1.58801076691803,-6.5,0.000152964690830857
24.52,0.314258,0.3850169,5.33159465314919,0.00824380271570408,2.52758800641874,-0.943072365728494,0.211234897357033,0.00742321435367102,2.17978303217606,-1.55798805552379,-6.5,0.329779977300544
24.53,0.3321172,0.3599821,4.81383071627912,0.157637371733803,2.3540889109346,-1.07273403821636,0.234775786466379,-0.00330412602849253,2.3075375639492,-1.52798990591588,-6.5,6.31145145508748
24.54,0.3471966,0.3339941,4.14141770582498,0.162033091876321,2.15849759117687,-1.19350563791477,0.256360762378148,-0.0152391824076403,2.45069002096674,-1.49797958289248,-6.5,6.49906705226577
24.55,0.3597625,0.3074236,3.3072149534779,0.161613585035134,1.94567926937522,-1.30249343273174,0.2758175550719,-0.0282641167349577,2.60825203002268,-1.46786247913796,-6.49999999999999,6.49998827739751
24.56,0.3700285,0.2804153,2.31521456805329,0.16101624129968,1.71982736106513,-1.39882666824583,0.293015828682552,-0.042252383417416,2.77666162334693,-1.43755801105894,-6.49999999999465,6.49999967279746
24.57,0.3782905,0.2534018,1.24585507231537,0.160256690435241,1.48552431799111,-1.47956866817166,0.307871071862463,-0.0570480700991326,2.94918961407599,-1.40689809577212,-6.49999999421475,6.4999999805003
24.58,0.3848874,0.2265865,0.106974782975718,0.159327087879978,1.2473818492345,-1.54385727732601,0.320344890354808,-0.0724866428723926,3.11747729478101,-1.37577160307398,-6.4999791317453,6.49999999771626
24.59,0.3900067,0.2001238,0.00668695682666542,0.158217934872023,1.00852382037726,-1.59136470426119,0.33043012855858,-0.0884002899150045,-3.00830872040172,-1.34408332564955,-6.18386968962323,6.49999999950912
24.6,0.3940705,0.1743586,-1.27319576330187e-05,0.156913482262805,0.773636030589984,-1.62042992566572,0.33816648886448,-0.104604589171662,-2.86707621383977,-1.31162945908435,-0.00137426046802519,6.49999999980669
24.61,0.3972735,0.1494244,-1.87451836804361e-11,0.155399231324851,0.545280671762946,-1.63124612403056,0.34361929558211,-0.120917050411967,-2.74319200677951,-1.27831073443752,-1.88240206954039e-09,6.4999999998659
24.62,0.3997132,0.1253699,-5.28854761783922e-18,0.153661955068822,0.325044870429885,-1.62474920248498,0.346869744286408,-0.137164542436817,-2.63551450010722,-1.24407841551111,-4.61654336531807e-16,6.49999999984279
24.63,0.4016655,0.1024625,-1.49147914114563e-23,0.151677893814042,0.115709216559061,-1.60023023450438,0.348026836451999,-0.153166844781861,-2.54268027860255,-1.20870569088609,-1.0761746131216e-21,6.49999999968028
24.64,0.4031902,0.08074833,-4.25854019069531e-24,0.149430290924033,-0.0818757020852985,-1.55883599872193,0.347208079431146,-0.16875520476908,-2.46221749130966,-1.17212915515651,-2.69130110062608e-22,6.49999999888728
24.65,0.404147,0.06008986,-1.10754221823079e-19,0.146915250933295,-0.268523509767526,-1.50313343449808,0.344522844333471,-0.183786539114061,-2.43070401699114,-1.13446171264397,-6.72081390494407e-18,6.49999999366242
24.66,0.404588,0.04062167,-2.68193427116349e-14,0.144113426098081,-0.443577896154117,-1.43349369744442,0.34008706537193,-0.198121476088505,-2.36666202619247,-1.09554053179627,-1.51846081333656e-12,6.49999993866815
24.67,0.4043942,0.02215733,-1.36815955783801e-09,0.141035171252232,-0.607808956829544,-1.35280157887689,0.334008975803634,-0.211649491877274,-2.30862237145801,-1.05557181522519,-7.35188311036393e-08,6.4999990258001
24.68,0.4033954,0.004684589,-1.08855490561553e-05,0.137683181635017,-0.76238335480739,-1.26245373035986,0.32638514225556,-0.224274029180873,-2.25516516677389,-1.01457195910336,-0.000560699176201626,6.49997401136879
24.69,0.402993,-0.01048225,-0.00977050501356796,0.133858768157582,-0.896409407445088,-1.15363801778655,0.317421048181109,-0.235810409358738,-2.20815984733535,-0.970608751112816,-0.486426579095858,6.49815967905967
24.7,0.3999534,-0.02655558,-0.131984447706215,0.127582623234115,-1.03540737922379,-1.05299721601602,0.307066974388872,-0.246340381518899,-2.16067629869937,-0.928703411215057,-6.36418715555353,6.37281125362618
24.71,0.3956034,-0.04229925,-0.138656297208132,0.0401108691592119,-1.1680264631897,-0.951017145229958,0.295386709756975,-0.255850552971198,-2.11520193472351,-0.886958948204953,-6.49941500036613,2.06522869253806
24.72,0.3903537,-0.05763074,-0.142132917702539,0.000321200663896651,-1.29082870430864,-0.847754927255171,0.282478422713888,-0.26432810224375,-2.07205371277035,-0.845330175925956,-6.49999422432158,0.0170847301833543
24.73,0.3833593,-0.07387149,-0.145312204643626,1.85776377381397e-06,-1.4103000605644,-0.754024663353864,0.268375422108244,-0.271868348877288,-2.02973761431192,-0.806565742035012,-6.49999990856488,0.000102130009151101
24.74,0.3777543,-0.08749337,-0.147954749702536,2.08329446626783e-09,-1.5020034182366,-0.642613749644269,0.253355387925878,-0.278294486373731,-1.9919202970947,-0.763369192352109,-6.49999999527107,1.19310996781711e-07
24.75,0.370322,-0.102844,-0.150394905295668,3.81389682570746e-12,-1.59212289417568,-0.548818974043403,0.237434158984121,-0.283782676114165,-1.95415325143856,-0.725501828728351,-6.49999999970128,2.27488411976895e-10
24.76,0.3643816,-0.1166192,-0.152435680251855,1.95058969593727e-15,-1.65484131141741,-0.446527481386312,0.220885745869947,-0.288247950928028,-1.91977037702799,-0.685321207891961,-6.49999999995176,1.22282068972689e-13
24.77,0.3592779,-0.129887,-0.154189585081907,5.53594506630378e-19,-1.69688339680888,-0.345162391095805,0.203916911901858,-0.291699574838986,-1.88748847115342,-0.645543660747555,-6.49999999998505,3.67852876486456e-17
24.78,0.3554583,-0.1421931,-0.155685125915377,9.78283051416434e-23,-1.7161438620681,-0.241762341416166,0.186755473281177,-0.294117198253148,-1.85727673976939,-0.605051759861649,-6.49999999999093,6.97694289683385e-21
24.79,0.3531641,-0.1532023,-0.156956901334178,3.11698022089177e-26,-1.7123906198575,-0.134519905264863,0.169631567082602,-0.295462397305797,-1.8289467895911,-0.562953923894128,-6.49999999998936,2.41697830058865e-24
24.8,0.3522185,-0.1631155,-0.158045332670765,3.24533610256534e-28,-1.68874608338742,-0.0258941669547781,0.152744106248728,-0.295721338975344,-1.80205805172048,-0.519856395236284,-6.49999999997781,2.7540698315122e-26
24.81,0.3529978,-0.1712788,-0.158966574553556,1.81386961335634e-27,-1.64397938759283,0.0883791665268525,0.1363043123728,-0.294837547310076,-1.77664637543105,-0.473717726156781,-6.49999999991216,1.68365974222242e-25
24.82,0.3555843,-0.1776623,-0.159741970165428,3.62258008871556e-24,-1.57933235414943,0.20742395362608,0.120510988831306,-0.292763307773815,-1.75258037958287,-0.424330789590272,-6.4999999993298,3.59197731009178e-22
24.83,0.3599369,-0.1821025,-0.160390726943667,9.67022597646614e-20,-1.49701568629335,0.331423592147079,0.105540831968372,-0.289449071852344,-1.72971086866513,-0.370957437645291,-6.49999999005134,9.70065895367569e-18
24.84,0.3662787,-0.1843822,-0.160924591161111,3.17730822374528e-15,-1.39715733731098,0.460928919639748,0.0915692585952624,-0.284839782655947,-1.70809480029354,-0.312527678931605,-6.49999968076525,3.20932842891982e-13
24.85,0.374588,-0.1843286,-0.161356554531903,4.41831881091895e-11,-1.28185587996443,0.59607223755334,0.0787506997956181,-0.278879060280413,-1.68770972086351,-0.247970849393748,-6.49997600888019,5.33343883716915e-09
24.86,0.3847729,-0.1817894,-0.161583726967269,8.55307242676503e-08,-1.15368099856107,0.736784023183585,0.0672138898100074,-0.271511220048578,-1.66856559314916,-0.176131192476412,-6.49530622559676,3.65135236783102e-05
24.87,0.3965432,-0.1766912,-0.115213967833115,5.05862034525819e-05,-1.01660275664737,0.882361183633428,0.0570478622435337,-0.262687608212243,-1.6506551669549,-0.0960587195104761,-4.62374047920939,0.102412945633052
24.88,0.4095137,-0.1688607,-0.000221039647520496,0.0171289555782291,-0.875067595674381,1.0328884468563,0.0482971862867899,-0.25235872374368,-1.63400653900493,-0.00627624053286954,-0.00885981520879749,6.21094782398928
24.89,0.4231639,-0.1582919,-3.43596496623996e-08,-0.602856205437124,-0.734242676914697,1.1871324043527,0.040954759517643,-0.240487399700153,-1.61866531064354,0.0938466441707082,-1.37600990237249e-06,6.49955201782971
24.9,0.4369639,-0.1447872,-1.3114637605727e-12,-1.32589785244143,-0.598969212118444,1.34539615770518,0.0349650673964585,-0.227033438123101,-1.60472918110593,0.205625605397889,-5.24896811915212e-11,6.4999988370799
24.91,0.4505547,-0.128171,-9.32088992516065e-18,-2.09618310561184,-0.472374012833809,1.50776644067031,0.0302413272681204,-0.211955773716398,-1.59238700622788,0.329680615326727,-3.72925144678211e-16,6.49999999517227
24.92,0.4633081,-0.1085823,-1.11238876397594e-23,-2.91130665252246,-0.359350099079772,1.67188745003815,0.0266478262773227,-0.195236899216017,-1.58175848481267,0.463972829222237,-4.44983050930342e-22,6.49999999996797
24.93,0.4753812,-0.08546529,-8.18982857984552e-31,-3.71714964341971,-0.258328437450857,1.84089117607799,0.0240645419028141,-0.176827987455237,-1.57312367846451,0.608639504851048,-3.27594057258112e-29,6.49999999999971
24.94,0.4862206,-0.05929657,-2.08668437074471e-39,-4.4640793062651,-0.173217746847825,2.00973592245277,0.0223323644343359,-0.156730628230709,-1.56656207444865,0.757214805110165,-8.34681457163799e-38,6.5
24.95,0.4953367,-0.03038811,-1.2856027039861e-49,-5.10827435899203,-0.107044166715102,2.17502452261681,0.0212619227671849,-0.134980383004541,-1.56198257473728,0.904156348396685,-5.1426166038729e-48,6.5
24.96,0.5024369,0.001009344,-4.45122359068908e-61,-5.62290740142107,-0.0609779852215948,2.33410809852009,0.0206521429149689,-0.11163930201934,-1.55907659358599,1.04520209566178,-1.78061542088975e-59,6.5
24.97,0.5070031,0.03401721,-6.14539847730366e-70,-6.00089694738834,-0.0377054014846596,2.47976937423268,0.0202750889001223,-0.0868416082770135,-1.55722727013014,1.17627900399706,-2.45839255453615e-68,6.5
24.98,0.509204,0.06841671,-1.391089594513e-71,-6.25866774447818,-0.0343190556249853,2.61047094439718,0.0199318983438725,-0.0607368988330417,-1.55570713474235,1.29738003196969,-5.56501106760592e-70,6.5
24.99,0.5077637,0.1027726,-7.55693239085176e-62,-6.41418302360758,-0.0590502596075153,2.71556955259397,0.0193413957477973,-0.033581203307102,-1.55351171246508,1.40807960192222,-3.02323821861399e-60,6.5
25,0.5033451,0.1367669,-3.15788860638933e-50,-6.48838905085503,-0.104524826954588,2.79393512247401,0.0182961474782514,-0.00564185208236191,-1.5498627880828,1.5110012538823,-1.26344063707018e-48,6.5
25.01,0.4966836,0.1703697,-9.27302945025308e-41,-6.49536776828382,-0.163260074758848,2.84688678826391,0.0166635467306629,0.0228270158002772,-1.54441673241545,1.6085611790202,-3.7105418217349e-39,6.5
25.02,0.4863723,0.2019316,-4.69764701503436e-32,-6.4432793347174,-0.244620809226743,2.86339814344739,0.0142173386383955,0.0514609972347511,-1.53694278906513,1.70303356630038,-1.88016869682549e-30,6.5
25.03,0.4741139,0.2320428,-2.34078585065945e-25,-6.33500614901801,-0.333385951513149,2.85063929339232,0.010883479123264,0.0799673901686744,-1.52741660190381,1.79664752630064,-9.37222714705307e-24,6.5
25.04,0.4595211,0.2599933,-9.06000154764108e-20,-6.16835948416778,-0.431408356056093,2.80545700302051,0.00656939556270309,0.108021960198879,-1.51608104392966,1.89168803696293,-3.62959669378063e-18,6.5
25.05,0.44293,0.2856566,-4.17322466762741e-15,-5.93731368904372,-0.53482505222646,2.72959633571878,0.00122114504043848,0.135317923556067,-1.50312490131102,1.99003843253994,-1.67323550480946e-13,6.5
25.06,0.42457,0.3089169,-3.53088490988243e-11,-5.63277102307618,-0.640850205785648,2.62493435892765,-0.005187357017418,0.161567267145344,-1.4887546044693,2.09335864621144,-1.41726519473792e-09,6.5
25.07,0.4046869,0.3297702,-7.43366927265222e-08,-5.24433667224513,-0.746770898874366,2.49423450072026,-0.0126550660061617,0.186509612152546,-1.47314667111051,2.20285225736046,-2.98813351616099e-06,6.5
25.08,0.3834577,0.3482478,-5.02302657742881e-05,-4.76244100502403,-0.850607527232009,2.34047266824487,-0.0211611412784817,0.209914338834995,-1.45645787493207,2.3192157788075,-0.00202281791728301,6.5
25.09,0.3611026,0.3644432,-0.0119103010009004,-4.18294788202786,-0.950212966449629,2.16701573639285,-0.030663270942978,0.231584496198923,-1.4387952837624,2.442359261891,-0.480720373633279,6.5
25.1,0.3378187,0.3784548,-0.144329387824441,-3.51053225680968,-1.04380460691918,1.97712797084576,-0.0411013170121699,0.251355775907381,-1.42024065891051,2.571375889386,-5.84124543693617,6.49999999999999
25.11,0.3137962,0.3903933,-0.159749995404181,-2.75326726977749,-1.12982430844134,1.7740171967747,-0.0523995600965833,0.269095947875128,-1.40084904203018,2.70446976057344,-6.48625579518983,6.49999999999869
25.12,0.2892462,0.4003405,-0.15947066417779,-1.92527546045465,-1.20671763277176,1.56050599674114,-0.0644667364243009,0.284701007842539,-1.38064110173653,2.83925586889223,-6.4994969008392,6.4999999993775
25.13,0.2642535,0.4084264,-0.158783359551478,-1.10299668186067,-1.27406202708971,1.33963279188403,-0.077207356695198,0.29809733576138,-1.35967649222894,2.97278423133118,-6.49996737246252,6.49999913124107
25.14,0.2390775,0.4147185,-0.157982509690345,-0.197978892024456,-1.33019439534949,1.11376871932622,-0.0905093006486929,0.309235022954642,-1.33790283391933,3.10245519654992,-6.49999631016696,6.49535942580001
25.15,0.2138511,0.419201,-0.157070533576621,0.000611304108570263,-1.37460630260733,0.884499608520475,-0.104255363674766,0.318080019039847,-1.31532482590103,-3.05670541573046,-6.49999930542187,0.281220299839777
25.16,0.1888267,0.4220362,-0.156035976539337,5.01391428255858e-09,-1.40598408375453,0.654672229377468,-0.118315204512311,0.324626741333621,-1.29185464944756,-2.94021030589657,-6.49999978259049,1.00231092522098e-06
25.17,0.1639782,0.4232329,-0.154874306777808,2.21781544470364e-15,-1.4253147019995,0.42574529108925,-0.132568351532306,0.328884194244514,-1.26758074465771,-2.83174537804266,-6.49999989435383,2.24528703871762e-13
25.18,0.1396561,0.4228716,-0.153566564928369,1.4657590764859e-22,-1.43070957434451,0.199612099552219,-0.146875447275752,0.330880315240036,-1.24229665188136,-2.73151471204573,-6.4999999165333,1.46674756997052e-20
25.19,0.1157879,0.4207958,-0.152109337967358,7.82323307855168e-26,-1.42372597725683,-0.0238106001026992,-0.16111270704832,0.330642209239009,-1.2161187297806,-2.63851644749285,-6.49999989920514,6.87049069313605e-24
25.2,0.09239148,0.4170629,-0.150496181696427,2.76990193999805e-21,-1.4051893971011,-0.242975171525991,-0.175164601019331,0.328212457523749,-1.18907894853439,-2.61516550842894,-6.49999981855082,2.3186403382668e-19
25.21,0.06957665,0.4116516,-0.148715517448741,2.38145542003872e-14,-1.37522747790673,-0.457080235669551,-0.188916875798398,0.323641655167054,-1.16111519486947,-2.52981727913535,-6.49999950885765,1.67729168770576e-12
25.22,0.04719382,0.4045913,-0.146773473295639,2.42214103264629e-08,-1.33600204235389,-0.66502560732869,-0.202276896221937,0.316991399093767,-1.13242308277587,-2.44994392665779,-6.49999810992216,1.50577865326531e-06
25.23,0.02487127,0.395545,-0.144699442940163,0.00190321759020827,-1.2912570070944,-0.868632510816195,-0.215189466292881,0.308305073985605,-1.10345990967581,-2.37412663730158,-6.49999077742431,0.108551410517351
25.24,0.002841571,0.3850855,-0.142477379478683,0.12063648862426,-1.23987958941047,-1.06264697951878,-0.227588262186986,0.297678604190417,-1.07399941209813,-2.30318344458144,-6.49993916639676,6.45321580191239
25.25,-0.01927906,0.3733507,-0.140145224235077,0.127936133614094,-1.18557668264614,-1.24559925248472,-0.239444029013447,0.28522261166557,-1.04458598091783,-2.23662378724141,-6.4995187997413,6.49996915925958
25.26,-0.04106981,0.36126,-0.137585120020468,0.133517408703708,-1.12566013443484,-1.41021418167393,-0.250700630357795,0.271120469848831,-1.01471122152393,-2.17527515185006,-6.49479299225024,6.4999999099281
25.27,-0.06252792,0.3495884,-0.133511618536461,0.138332763338646,-1.06086471359832,-1.55098642558635,-0.261309277493779,0.255610605592967,-0.984434335788606,-2.11925355713546,-6.42322437489091,6.49999999901926
25.28,-0.08364204,0.3389825,-0.106061878142381,0.142424768329962,-0.991833215862293,-1.66394950269043,-0.271227609652402,0.238971110566063,-0.953805562082155,-2.06829139919985,-5.20686055565416,6.49999999996578
25.29,-0.1039887,0.3305006,-0.013567694149273,0.14582370272572,-0.916044953491458,-1.74245252702223,-0.280388059187316,0.221546585295841,-0.922204704621961,-2.02262824269196,-0.680831472651093,6.49999999999619
25.3,-0.1228867,0.3252669,-0.000189363065680392,0.148582767847423,-0.829249460731951,-1.78005073328009,-0.288680553794636,0.20374607796304,-0.888507475759768,-1.98249443164182,-0.00973860460925439,6.49999999999859
25.31,-0.139823,0.3238823,-7.56617317379784e-07,0.150798452048899,-0.728866620051772,-1.7750324661333,-0.295969219995153,0.185995753301707,-0.851770079513154,-1.94758217380417,-4.00355748737532e-05,6.49999999999829
25.32,-0.1564962,0.3241947,-1.89206119802447e-09,0.152712619902413,-0.629446143388538,-1.7471396709532,-0.302263681429039,0.168524356592175,-0.815322265051275,-1.91486155033731,-1.03215229795987e-07,6.49999999999606
25.33,-0.1708241,0.327836,-9.51951525010982e-13,0.154279297905291,-0.515618392533518,-1.68578419128497,-0.307419865354374,0.151666514679325,-0.774841402431364,-1.885753873867,-5.39023898647166e-11,6.49999999997572
25.34,-0.1835794,0.3335381,-1.31332843141154e-16,0.155614503006604,-0.395026298838864,-1.60358121141567,-0.311370128342763,0.135630702565168,-0.731926780800596,-1.8587713077598,-7.77684378401016e-15,6.49999999969733
25.35,-0.1946215,0.340917,-6.30477925558881e-21,0.15676131853612,-0.267810431846875,-1.50554581538433,-0.314048232661231,0.120575244411325,-0.686149898880329,-1.83349518119586,-3.94807334717874e-19,6.49999999277566
25.36,-0.20383,0.3495174,-5.44555514947789e-25,0.15775467445432,-0.134297354133096,-1.39695180693376,-0.315391206202562,0.106605726341987,-0.637054926403484,-1.80952666641072,-3.66896078181281e-23,6.49999969040378
25.37,-0.2112445,0.3592838,-7.65464123734756e-27,0.158606799035055,0.00395433899549502,-1.27967616023375,-0.315351662812607,0.0938089647396499,-0.58456052433854,-1.78690182490648,-5.68037069773841e-25,6.49997489745869
25.38,-0.2169019,0.3699577,-6.98858583575826e-25,0.159241183397124,0.145493089414384,-1.15706033272447,-0.313896731918464,0.0822383614124052,-0.52856783741571,-1.76552795061123,-5.82388050945361e-23,6.49610826710648
25.39,-0.2207166,0.3807334,-1.85729706339298e-20,0.139305526139222,0.289893856227579,-1.03641269805999,-0.310997793356188,0.0718742344318052,-0.468555623389754,-1.74485343439958,-1.73922619698398e-18,5.66032023157192
25.4,-0.2227187,0.3921441,-1.39559228041145e-15,0.00201184703196007,0.435861528357336,-0.91422251654835,-0.306639178072614,0.0627320092663217,-0.404341931723942,-1.7255090603127,-1.39952640669356e-13,0.0814763916256586
25.41,-0.2229121,0.4036965,-4.37730114326274e-11,1.90351142875972e-06,0.582389721618064,-0.795114185950435,-0.300815280856434,0.0547808674068174,-0.335637894873191,-1.70732350597638,-4.37752906760296e-09,7.68774303307243e-05
25.42,-0.2211795,0.4151606,-3.46461985787994e-07,8.49153791681178e-10,0.729466188698684,-0.681323078965349,-0.293520618969447,0.0479676366171639,-0.261627974369334,-1.69035020479932,-3.91253027333892e-05,3.42177817110185e-08
25.43,-0.2174248,0.4260992,-0.00032183920065332,2.01912719928589e-13,0.876914068065645,-0.576465947942799,-0.28475147828879,0.0422029771377359,-0.181498783737371,-1.67447354770319,-0.110091977795197,8.12143691480852e-12
25.44,-0.2113818,0.4360441,-0.00514844374120936,3.30171588451616e-17,1.02586211179393,-0.484064431808608,-0.274492857170851,0.0373623328196498,-0.0935671272675964,-1.65950180017788,-6.19330707281236,1.32605779052827e-15
25.45,-0.202773,0.4447343,0.0137084198955274,4.93478617420509e-21,1.1774271165422,-0.405709078983232,-0.262718586005429,0.0333052420298175,0.00400010876828787,-1.6453213439687,-6.49945216699304,1.9795754240379e-19
25.46,-0.1911822,0.4519995,0.746902754021692,9.98983975788506e-25,1.33368178595988,-0.342089630370178,-0.24938176814583,0.0298843457261157,0.113678758342198,-1.63180769559069,-6.49999846125055,4.00361047984264e-23
25.47,-0.176051,0.4580701,1.52596323074194,2.98507221652378e-28,1.49759171366271,-0.290690089600218,-0.234405851009203,0.0269774448301135,0.238253610335932,-1.61904512594774,-6.49999999396812,1.1954621997512e-26
25.48,-0.1571502,0.4631034,2.39227848191591,1.52405749930485e-31,1.66934495039975,-0.24967275264128,-0.217712401505206,0.0244807173037007,0.377432900897528,-1.60704526306817,-6.4999999999682,6.10035871421763e-30
25.49,-0.1340119,0.4672231,3.28875943531834,1.58729522937707e-34,1.85088328709443,-0.21753429436264,-0.199203568634262,0.0223053743600743,0.530036947483921,-1.59577010375572,-6.49999999999979,6.35122133953867e-33
25.5,-0.1070586,0.470373,4.12641559388415,5.53718777181949e-37,2.03716073035865,-0.19421170642389,-0.178831961330675,0.0203632572958354,0.687906789546195,-1.5850576082496,-6.5,2.2151071800007e-35
25.51,-0.07588687,0.4728984,4.86565537295921,4.68492335243696e-39,2.22977427263441,-0.176522447856489,-0.156534218604331,0.0185980328172706,0.845985743087418,-1.57489528677201,-6.5,1.87398556019197e-37
25.52,-0.0420412,0.4736125,5.44415824005488,1.74148157805476e-39,2.41533001626281,-0.173201676086933,-0.132380918441703,0.0168660160564012,0.992756374847539,-1.56467145021217,-6.5,6.96606092847159e-38
25.53,-0.004801244,0.4737194,5.87447279128018,2.06732841723097e-39,2.59873565080207,-0.173962938130119,-0.106393561933682,0.0151263866751,1.12839932620881,-1.55440284656824,-6.5,8.27045859931601e-38
25.54,0.0330003,0.470507,6.16212229047729,1.66631190415328e-36,2.75748562780067,-0.199195438282751,-0.0788187056556754,0.0131344322922725,1.24687494113609,-1.54329777524527,-6.5,6.66784475209575e-35
25.55,0.07279941,0.4666073,6.3480670533559,1.03372343641613e-33,2.90342693549949,-0.226767048691888,-0.0497844363006805,0.0108667618053536,1.35410508677755,-1.53123423677711,-6.5,4.13822980001851e-32
25.56,0.1118556,0.4596014,6.45251378431533,1.47971896925255e-29,3.01578353587682,-0.274795422093835,-0.0196266009419123,0.00811880758441529,1.4498158295477,-1.51807755620143,-6.5,5.92736001165678e-28
25.57,0.149543,0.4497784,6.49648342379987,5.4383869033432e-25,3.09165143779051,-0.339211380834219,0.0112899134359928,0.0047266937760731,1.53789249683174,-1.50356757495402,-6.5,2.18042938473099e-23
25.58,0.1859093,0.438287,6.49157937318832,6.72022414434015e-21,3.13368802312087,-0.40960114367253,0.0426267936672015,0.0006306823393478,1.62171604252871,-1.48751895288051,-6.5,2.6977215859422e-19
25.59,0.2193081,0.4237337,6.4422564773494,9.35468840313626e-17,3.1316491239156,-0.495715111908723,0.0739432849063576,-0.00432646877973943,1.70422232566831,-1.47039777185979,-6.5,3.76138940175046e-15
25.6,0.2499768,0.4072861,6.34698212803912,4.36445862696105e-13,3.09066833066239,-0.586920695909876,0.104849968212981,-0.0101956757388382,1.78826290864225,-1.45190324608811,-6.5,1.75857322811786e-11
25.61,0.2774354,0.3888945,6.19826017356967,8.3828047349935e-10,3.01025801608524,-0.682655974089383,0.134952548373834,-0.017022235479732,1.8767619630271,-1.43226577461843,-6.5,3.38654454625403e-08
25.62,0.3016666,0.3685892,5.98287256970034,7.41213732259948e-07,2.89372133362226,-0.781765554026351,0.163889761710056,-0.0248398910199955,1.9724686739412,-1.41165442832703,-6.5,3.00395811496744e-05
25.63,0.3225181,0.3470671,5.68044319305368,0.000248536689972674,2.74329859615794,-0.878078639092573,0.191322747671636,-0.0336206774109213,2.07847293049307,-1.38988137787436,-6.5,0.0101114521775388
25.64,0.3396944,0.324025,5.26080518411597,0.0342940969243659,2.5601724754798,-0.973538388161888,0.216924472426434,-0.0433560612925401,2.19855499128538,-1.36733193278031,-6.5,1.40153976356372
25.65,0.3540796,0.3001588,4.69915251844699,0.151302017362337,2.35460738854683,-1.06232553318446,0.240470546311902,-0.0539793166243847,2.3334006650779,-1.34370998112073,-6.5,6.2164279620071
25.66,0.3666854,0.2764048,3.99022994164154,0.156973652817493,2.13719667521698,-1.13727135172498,0.261842513064072,-0.0653520301416345,2.48056978712345,-1.31856254893631,-6.5,6.49037785255018
25.67,0.3746879,0.250831,3.06979343190807,0.156105905150291,1.8886027199512,-1.21370259800189,0.280728540263584,-0.0774890561216534,2.65022195887785,-1.29357280129266,-6.49999999999994,6.49963431432347
25.68,0.381418,0.2258807,2.01266851256269,0.154833784320724,1.63799049850755,-1.27241171062566,0.297108445248659,-0.09021317322791,2.82528234891471,-1.26678344611922,-6.4999999999443,6.49996634202064
25.69,0.3861423,0.2010294,0.918486543283992,0.153382548836711,1.38138749973937,-1.31838289716511,0.310922320246053,-0.103397002199561,3.00230224889258,-1.23888715053459,-6.4999998177896,6.4999944504488
25.7,0.3891636,0.1765035,-0.0520555666334907,0.151742897664696,1.12304534480051,-1.35057198905844,0.322152773694058,-0.116902722090146,-3.11048033089781,-1.20981424400893,-6.49728162124606,6.49999839312088
25.71,0.3906566,0.1523561,-0.000528924575429999,0.149907964961329,0.865927375232097,-1.36941216721874,0.330812047446379,-0.130596843762333,-2.95300736950971,-1.17964373492661,-0.143360259112301,6.49999922748998
25.72,0.3909107,0.1287574,-1.172601995349e-09,0.147862697027286,0.613638713234145,-1.37449242842201,0.336948434578721,-0.144341768046553,-2.81239890395985,-1.14830643566494,-1.17418537154069e-07,6.49999938805071
25.73,0.3900118,0.1056426,-6.91753824688346e-17,0.145610086435177,0.36793337159591,-1.36730062321411,0.34062776829468,-0.158014774278694,-2.68889137407282,-1.11598423072306,-6.63960184185434e-15,6.49999924895732
25.74,0.388064,0.08295719,-1.24510326608897e-23,0.1431564566052,0.130532263420093,-1.34920799189476,0.341933090928881,-0.171506854197642,-2.58118940261628,-1.08283828818938,-9.70602534219577e-22,6.49999863563672
25.75,0.3850911,0.06059872,-3.07037488616581e-24,0.140517907139086,-0.0976342727428374,-1.32190769544208,0.340956748201452,-0.184725931152062,-2.48704152374202,-1.04909100167661,-2.01161348656654e-22,6.49999650956383
25.76,0.3811939,0.03849896,-1.79224413392847e-18,0.137712874907471,-0.315174174800404,-1.2867584301579,0.337805006453448,-0.197593515453641,-2.4467577325517,-1.01492217078526,-1.10959339609254e-16,6.49998783779528
25.77,0.3763082,0.01638487,-4.3862996736676e-12,0.134791888817547,-0.522118700529099,-1.24662167019295,0.332583819448157,-0.210059732155571,-2.37613314200754,-0.980824278714026,-2.50677677073001e-10,6.49994725333669
25.78,0.3706204,-0.005768938,-7.6233631078535e-07,0.131777724871896,-0.716650651813879,-1.20228336125716,0.325417312930019,-0.222082565768143,-2.31208918529089,-0.946916308781805,-4.10840453916038e-05,6.49971927946897
25.79,0.3642046,-0.02817565,-0.0100153541727669,0.128708006782846,-0.898015802062925,-1.15592518876314,0.316437154909389,-0.233641817655774,-2.2535465269441,-0.913631635726073,-0.5152499613309,6.49829564240451
25.8,0.3573038,-0.05099939,-0.13051632563686,0.12549214367989,-1.06431051580098,-1.10920088819604,0.30579404975138,-0.244733826537734,-2.19988735134424,-0.881323481306704,-6.46058631764103,6.48889379074925
25.81,0.3503711,-0.07416776,-0.135650246584412,0.121178310051367,-1.21226240965435,-1.06183797367602,0.293671425654836,-0.255352206274495,-2.15086918015145,-0.849914778657783,-6.49989674730881,6.42159918962527
25.82,0.344051,-0.09738021,-0.139386266906107,0.108160109031337,-1.33749663170184,-1.01184994312423,0.280296459337818,-0.265470705705737,-2.10647731091478,-0.8188973209832,-6.49999892449822,5.88202870260353
25.83,0.3389245,-0.1205715,-0.142560086148322,0.0550389116621172,-1.4365876631806,-0.959210391994002,0.265930582706012,-0.275062809625677,-2.06653862673755,-0.78822159130192,-6.49999996193786,3.07690009731687
25.84,0.3359724,-0.1431622,-0.145191790469126,0.00591190538368456,-1.50347608247572,-0.899993384123199,0.250895821881254,-0.284062743466909,-2.03139794321018,-0.756808731575856,-6.49999999543054,0.340847581293502
25.85,0.3358866,-0.164534,-0.147335310396692,0.000184822037097979,-1.5349485930302,-0.830315623328346,0.235546335950952,-0.292365899700192,-2.00104038269771,-0.723503707512695,-6.49999999819902,0.0110494829658068
25.86,0.3387365,-0.1843669,-0.149079693221409,2.25602174804677e-06,-1.53297787569533,-0.748925003642071,0.220216557193999,-0.299855149736613,-1.97489924995047,-0.687769828307888,-6.49999999793773,0.000140968508648872
25.87,0.3444307,-0.2024089,-0.150497724276157,9.1320297813724e-09,-1.50080529801126,-0.655255414844,0.205208504213887,-0.306407703885053,-1.95248875006205,-0.64917511603154,-6.49999999375426,6.03319746997187e-07
25.88,0.3529685,-0.217929,-0.151633320541145,7.27755065251669e-12,-1.44091308056782,-0.545208943494739,0.190799373408208,-0.31185979332,-1.93364484441218,-0.606082297846839,-6.49999995076181,5.18018322922264e-10
25.89,0.363986,-0.2310807,-0.152535920973321,1.03534326006063e-15,-1.35852318128984,-0.421838263708828,0.17721414159531,-0.316078175957089,-1.91800063259114,-0.558888488129544,-6.49999905296981,8.09632691422961e-14
25.9,0.3771746,-0.2415552,-0.153235219468857,2.59324422439643e-20,-1.25817521567205,-0.284521060613397,0.164632389438589,-0.318923386563223,-1.90539716495479,-0.506722128864812,-6.49995619430919,2.26078296189079e-18
25.91,0.3925922,-0.2489132,-0.153599614191595,6.31222630469158e-25,-1.14138522889683,-0.1317742359115,0.153218537149621,-0.320241128922338,-1.89620559700865,-0.448182791109573,-6.49441506126744,6.09674335359363e-23
25.92,0.4095865,-0.2535014,-0.119450008619405,1.47642324810738e-26,-1.01505676762615,0.0316903880673109,0.14306796947336,-0.319924225041665,-1.89014091440166,-0.383994821744293,-5.04003561564322,1.48348676767475e-24
25.93,0.4279645,-0.2551349,-0.000515199732474362,5.16416288013812e-23,-0.882136350653671,0.205507475947694,0.134246605966823,-0.317869150282188,-1.88747971087636,-0.313253008568189,-0.0217186419798577,5.2132319804379e-21
25.94,0.4472097,-0.2538043,-1.53516354560327e-07,4.01624389465926e-17,-0.747846412600591,0.387936897227803,0.126768141840817,-0.31398978130991,-1.88815576400152,-0.235536071527013,-6.47307343407498e-06,5.26727656907138e-15
25.95,0.4666122,-0.2495466,-1.4429698584066e-11,-4.21310777000283e-13,-0.6184942638045,0.576966969824706,0.120583199202772,-0.308220111611663,-1.89173124456463,-0.150592375432731,-6.09171548634995e-10,3.94666270235803e-09
25.96,0.4852744,-0.2422304,-5.67420166851317e-16,3.53394045934576e-06,-0.501303757834576,0.77197988775627,0.115570161624426,-0.3005003127341,-1.89716984070387,-0.0576200464503681,-2.39993688808601e-14,0.000530872681662905
25.97,0.5022345,-0.2318452,-1.86469828283496e-20,-0.152079401807733,-0.403364602759854,0.971449001635925,0.111536515596828,-0.290785822717741,-1.90278353467544,0.0435888723979188,-7.90237403295135e-19,4.33879929792827
25.98,0.5170209,-0.2180118,-1.15972994457235e-24,-1.01435981483705,-0.327377618182515,1.1767418851501,0.108262739415003,-0.27901840386624,-1.90713878780248,0.154437702105343,-4.92242357881234e-23,6.49951588984886
25.99,0.5294626,-0.200134,-3.41947009390332e-28,-1.76501840669848,-0.273420103176187,1.39074158022698,0.105528538383241,-0.26511098806397,-1.90910842479429,0.276705526705982,-1.45240711012885e-26,6.49999981674559
26,0.5394807,-0.1777124,-1.23259467538701e-30,-2.5951160640108,-0.24073148122266,1.61531825036386,0.103121223571014,-0.248957805560331,-1.90777889257745,0.410707751645754,-5.23289603467206e-29,6.49999999986033
26.01,0.5471984,-0.1505893,-8.67642986571358e-32,-3.42078686165722,-0.226942901549807,1.84953192963798,0.100851794555516,-0.230462486263951,-1.90281772882252,0.553829203041102,-3.67701431050811e-30,6.4999999999998
26.02,0.552831,-0.1186117,-1.0677860847033e-31,-4.19662025289188,-0.229056055435969,2.09242168674071,0.0985612340011564,-0.209538269396544,-1.89434071125817,0.70198825841121,-4.51185104936719e-30,6.5
26.03,0.556856,-0.08215519,-9.70409860035565e-31,-4.87759653336065,-0.242212363390564,2.3390186342962,0.0961391103672507,-0.186148083053582,-1.88316003591014,0.848757464561435,-4.08494181753795e-29,6.5
26.04,0.5565612,-0.04384055,-1.30087966841602e-27,-5.41228774324119,-0.286104413205043,2.56760844968264,0.0932780662352003,-0.160471998556756,-1.86481380155708,0.983847908625501,-5.44387342560226e-26,6.5
26.05,0.5552421,-0.002264439,-1.21738709286714e-24,-5.82363404292221,-0.333079396116966,2.78888200789626,0.0899472722740306,-0.132583178477793,-1.84520664578066,1.11046594690491,-5.06457186313504e-23,6.5
26.06,0.5500396,0.03957133,-1.03212410341818e-20,-6.11298877410742,-0.404346117806663,2.9792073729404,0.085903811095964,-0.102791104748389,-1.82056168447924,1.22390076191272,-4.26473733125371e-19,6.5
26.07,0.5419275,0.08131032,-1.0282689661036e-16,-6.3078312205125,-0.49022910799982,3.1370755834653,0.0810015200159658,-0.0714203489137364,-1.7931306624327,1.32696907983787,-4.22004640370642e-15,6.5
26.08,0.5310611,0.1220665,-6.98761506685947e-13,-6.42808064429354,-0.587923217076432,3.25724716348052,0.0751222878452015,-0.0388478772789312,-1.76381597094997,1.42186335345255,-2.84955118640805e-11,6.5
26.09,0.5172293,0.1607207,-3.06794033038655e-09,-6.48834215892983,-0.697550261310368,3.33332415697792,0.0681467852320978,-0.00551463570915206,-1.73303790757951,1.51088059544215,-1.24400502436789e-07,6.5
26.1,0.5016783,0.1972422,-4.36124198528587e-06,-6.49781825430294,-0.808083821839938,3.36794023751928,0.0600659470136984,0.0281647666660407,-1.70221762261157,1.59671310806404,-0.000176013349454951,6.5
26.11,0.4840703,0.2307397,-0.00285366244593086,-6.46019724256178,-0.921362319333299,3.35721947025786,0.0508523238203654,0.0617369613686193,-1.67125689908469,1.68154672599713,-0.114742515559247,6.5
26.12,0.4646206,0.260886,-0.138135508835035,-6.37454024382406,-1.03486627703344,3.30214206969813,0.040503661050031,0.0947583820656006,-1.6403832801009,1.7676390800189,-5.53923198465725,6.5
26.13,0.4439623,0.2878552,-0.162173394507122,-6.23592704622169,-1.14309534179993,3.20769213236951,0.0290727076320317,0.126835303389296,-1.60984358510851,1.85688880532156,-6.49203405714139,6.5
26.14,0.4220471,0.3113404,-0.16249088002781,-6.03515887507271,-1.2461692569049,3.07504729115876,0.0166110150629827,0.157585776300883,-1.57955944836803,1.95136162237604,-6.49989232235464,6.5
26.15,0.3991036,0.3316858,-0.162461995695211,-5.76067283902719,-1.34212575297215,2.91048206700771,0.00318975753326118,0.18669059697096,-1.54950705815759,2.05247411136703,-6.49999735033259,6.5
26.16,0.3753546,0.3490464,-0.162280881591722,-5.39879246196724,-1.42923808008828,2.7185424743688,-0.0111026232676216,0.213876021714648,-1.51962824586211,2.16148099785357,-6.49999988596734,6.5
26.17,0.3509831,0.3636978,-0.161951759519052,-4.93687544491686,-1.50626152574867,2.50451318957968,-0.0261652385251083,0.238921153610445,-1.48984562232118,2.27894423984059,-6.49999999178479,6.5
26.18,0.3261507,0.3759173,-0.161474891164802,-4.36764056842574,-1.57226668248837,2.27342023961117,-0.041887905349992,0.261655356006557,-1.46007591683855,2.40459945623919,-6.49999999904743,6.5
26.19,0.3009967,0.3859774,-0.160849023888023,-3.69489896322995,-1.62662856625162,2.02997533866443,-0.0581541910125083,0.281955109393201,-1.43023743005791,2.53713900691157,-6.49999999982836,6.5
26.2,0.2756456,0.3940496,-0.160071597810749,-2.92971035267542,-1.66894675813152,1.77783619627045,-0.0748436585938234,0.299733471355906,-1.40025282565094,2.67446293920807,-6.49999999995334,6.49999999999897
26.21,0.2502853,0.4003471,-0.15913803031343,-2.08644884749913,-1.69844287063232,1.52075244540833,-0.0918280873001466,0.314940995809989,-1.37002310557012,2.81347177504377,-6.499999999981,6.4999999982051
26.22,0.2250577,0.4050288,-0.158042573723508,-1.23594235553643,-1.71481657749072,1.26180302088862,-0.108976253075054,0.327559026018875,-1.33946260226804,2.95083141225978,-6.49999999998856,6.49998864321695
26.23,0.2000286,0.40808,-0.156779712693753,-0.308517741446119,-1.71844588290353,1.00252390864704,-0.126160711904089,0.337584265105346,-1.30852198525731,3.08402802717023,-6.49999999999005,6.13133268605636
26.24,0.1753113,0.4095484,-0.155342290903531,1.63086093985749e-06,-1.70939399840246,0.744812162353547,-0.143254651888114,0.345032386728881,-1.27712873464203,-3.07230614483513,-6.49999999998756,0.000335772648802589
26.25,0.1510164,0.409442,-0.153722271923152,2.32572127387589e-13,-1.68781057673322,0.490109214433275,-0.160132757655446,0.349933478873214,-1.24520980532456,-2.95307285816527,-6.49999999997764,6.31566678381929e-11
26.26,0.1271435,0.4076626,-0.151915487486653,1.80956165227355e-20,-1.65475088386192,0.23892051563935,-0.176680266494065,0.352322684029607,-1.21277048830949,-2.84164131658896,-6.49999999994335,1.85235486717838e-18
26.27,0.1036597,0.4041108,-0.149921052065396,1.44405619548697e-24,-1.611502395955,-0.00831525318538695,-0.192795290453615,0.352239531497753,-1.1798511464342,-2.73772171981742,-6.49999999980182,1.4483283134689e-22
26.28,0.08047097,0.3986759,-0.147744606958621,5.5166305348201e-20,-1.559776677706,-0.251299496328066,-0.208393057230675,0.349726536534473,-1.14655930708927,-2.41990393507072,-6.49999999907168,3.30502575693756e-18
26.29,0.05745543,0.3913962,-0.145398671073071,8.04993628896111e-13,-1.5014175186637,-0.488647832777303,-0.223407232417312,0.3448400582067,-1.11305032990016,-2.34689611663512,-6.49999999437565,4.47326797031296e-11
26.3,0.03438722,0.3822525,-0.14291030244736,1.27827978326638e-06,-1.43895498818652,-0.719549265547379,-0.237796782299177,0.337644565551226,-1.079613225489,-2.27948260814154,-6.4999999585029,6.70850949286775e-05
26.31,0.01124131,0.3716174,-0.140297134174095,0.0583066088388093,-1.37322822666023,-0.940309706362299,-0.25152906456578,0.328241468487603,-1.04634215312515,-2.21740557803796,-6.49999963060478,2.92173667528962
26.32,-0.01225659,0.3598199,-0.137605690932515,0.134821045596383,-1.30692180100634,-1.14790419148115,-0.264598282575843,0.316762426572791,-1.01364400902246,-2.16019733463163,-6.49999633332788,6.49895102421401
26.33,-0.03598091,0.3477176,-0.134845380970332,0.139257106746601,-1.23948765288965,-1.33559092197517,-0.276993159104739,0.30340651735304,-0.981434786622661,-2.10805539296815,-6.49995815128131,6.49999903858548
26.34,-0.05986952,0.3361063,-0.132023318665703,0.142997413502792,-1.17090682139555,-1.49772714526378,-0.288702227318695,0.288429245900402,-0.949706143800267,-2.06084019313457,-6.49944282670048,6.49999999557507
26.35,-0.08337215,0.3264496,-0.128916769110876,0.146078839143645,-1.09746670215462,-1.62416100920052,-0.299676894340241,0.272187635808397,-0.917733416590484,-2.01904669202716,-6.48972313331485,6.49999999990434
26.36,-0.1066381,0.3192894,-0.121405892530182,0.148612977649696,-1.02107010250146,-1.71273751440933,-0.309887595365256,0.255060260664303,-0.885826013574232,-1.98203623521276,-6.2562759580307,6.49999999999223
26.37,-0.1291543,0.3153093,-0.0482575639212531,0.150680935978709,-0.938469655265113,-1.76060718926007,-0.319272291917907,0.237454188771703,-0.853234186094071,-1.94950639341544,-2.55049907084083,6.49999999999784
26.38,-0.1503499,0.3147922,-0.000926173821885911,0.152367367080195,-0.846264148624194,-1.76841926972508,-0.327734933404149,0.219769996074452,-0.819062431994409,-1.92097142340775,-0.0503605570451733,6.49999999999815
26.39,-0.170238,0.3173358,-4.92166751700046e-06,0.153763930837937,-0.745797222776119,-1.7422260205866,-0.33519290563191,0.202347735868586,-0.783400230825339,-1.89559927087979,-0.000276395512717818,6.49999999999591
26.4,-0.1886394,0.3225677,-9.89166916230781e-09,0.154933115792811,-0.636899947384762,-1.68759115588777,-0.341561905105758,0.185471824309708,-0.745958533017809,-1.87282790920911,-5.76820000087882e-07,6.49999999997915
26.41,-0.2053159,0.3299534,-6.21512006698995e-12,0.155925641087286,-0.519021413460841,-1.61105672416978,-0.346752119240366,0.16936125706801,-0.706284950729437,-1.85212975396031,-3.7927275596063e-10,6.49999999978221
26.42,-0.2199691,0.3392262,-1.06416598963992e-15,0.156769868438703,-0.391252337101498,-1.51676052650124,-0.350664642611381,0.154193651802998,-0.663727558176538,-1.8332979429131,-6.87661029939189e-14,6.49999999547696
26.43,-0.2322487,0.350077,-7.07734055006914e-20,0.157488679759321,-0.252416308106007,-1.40895756026742,-0.353188805692441,0.140104076200324,-0.617405272470036,-1.81616769437164,-4.93379735194629e-18,6.4999998175314
26.44,-0.2419157,0.3625764,-1.82069132143219e-23,0.158088355829328,-0.102338216760991,-1.28876900010528,-0.354212187860051,0.127216386199271,-0.56655377827521,-1.8009223592515,-1.40134751590579e-21,6.49998419201421
26.45,-0.2487133,0.3761095,-4.00514840172193e-24,0.158526881990834,0.0592097734236816,-1.1625308060386,-0.353620090125814,0.115591078138885,-0.510201026114474,-1.78729171169109,-3.46709576393566e-22,6.4972729434521
26.46,-0.2523939,0.3915165,-1.12097345800757e-20,0.129976576617811,0.232299522458774,-1.0250522591552,-0.351297094901226,0.105340555547333,-0.447196623816552,-1.77614824064688,-1.08413614286754e-18,5.31405650887304
26.47,-0.2527307,0.4074059,-3.36640832839116e-15,0.000579680500718424,0.416771577134369,-0.888603106709708,-0.347129379129883,0.0964545244802357,-0.376219956392929,-1.76678942867777,-3.37973300306613e-13,0.0236536528692549
26.48,-0.2498434,0.4244755,-1.03357548887162e-09,1.16850815976816e-07,0.609779682644458,-0.748602417120303,-0.341031582303438,0.0889685003090327,-0.296887959326237,-1.76007189369366,-1.06263814108514e-07,4.76162423980778e-06
26.49,-0.2437481,0.4414942,-4.68685577532267e-05,7.25000456263407e-12,0.809429163735288,-0.615527761240504,-0.332937290666085,0.0828132226966276,-0.208480477894733,-1.75541877508697,-0.00828708630201823,2.95167054969378e-10
26.5,-0.2346027,0.4573441,0.00546936206714911,2.15507621696843e-16,1.01285096425348,-0.49815315520882,-0.32280878102355,0.0778316911445394,-0.110903709441672,-1.75206223979453,-6.20805754685765,8.7682799237055e-15
26.51,-0.2224147,0.4712012,-0.0112129131469855,6.13770155948208e-21,1.21851164301791,-0.402249385755979,-0.310623664593371,0.0738091972869797,-0.00374528788234516,-1.74914263850173,-6.49993115973628,2.49585934295035e-19
26.52,-0.2070974,0.4826638,0.745125026837069,4.0002198997002e-25,1.42569243552801,-0.329804904064095,-0.296366740238091,0.0705111482463387,0.113424483072947,-1.74590568602123,-6.49999995509406,1.62569683910095e-23
26.53,-0.1885143,0.491603,1.54080647239516,1.626029211443e-28,1.6340947059259,-0.280436476766877,-0.280025793178832,0.0677067834786699,0.240654533781724,-1.74173074418762,-6.49999999993164,6.60324752016287e-27
26.54,-0.1666126,0.4980304,2.38797954973005,1.05889300294192e-30,1.84280007905799,-0.252582529652278,-0.261597792388252,0.0651809581821472,0.376733748997301,-1.73614147732207,-6.49999999999979,4.2959262346928e-29
26.55,-0.141334,0.5021616,3.22913436747196,1.57285551222474e-31,2.05099750613643,-0.243122537752141,-0.241087817326888,0.0627497328046257,0.519411829713484,-1.72895084909356,-6.5,6.3733616003681e-30
26.56,-0.1125443,0.50446,4.01438122589411,3.04486449569297e-31,2.2585115589182,-0.247178361524488,-0.218502701737706,0.0602779491893809,0.665750891411039,-1.72033323529787,-6.5,1.23211072343715e-29
26.57,-0.0817211,0.5035716,4.69319274239466,3.64436256016179e-29,2.45296599073077,-0.27398689625393,-0.193973041830398,0.0575380802268416,0.806867009380221,-1.70899995760648,-6.5,1.47220621598537e-27
26.58,-0.04794046,0.5014728,5.26377306339075,7.49325434783579e-27,2.64119926163517,-0.306619568658387,-0.167561049214047,0.0544718845402577,0.943814819198281,-1.69650253097586,-6.5,3.02186657038234e-25
26.59,-0.01308579,0.4963973,5.70255808118394,1.29211415272739e-23,2.80828635557827,-0.357862389390909,-0.139478185658264,0.0508932606463486,1.07016225812588,-1.68163674905833,-6.5,5.2013396366991e-22
26.6,0.0225837,0.4888505,6.02670081539166,4.10984455605118e-20,2.95286442851044,-0.422144339384491,-0.109949541373159,0.0466718172525037,1.18674199204014,-1.6649059912342,-6.5,1.65146666755086e-18
26.61,0.05821916,0.4791081,6.25296246419886,1.14750143385629e-16,3.06933336799088,-0.495990564785347,-0.0792562076932507,0.0417119116046502,1.29414661168538,-1.64667533447762,-6.5,4.60365319324736e-15
26.62,0.09302131,0.4665411,6.39882549373342,3.4271999646526e-13,3.15305443368466,-0.583008420390444,-0.0477256633564041,0.0358818274007458,1.39408395451165,-1.62688871847974,-6.5,1.37310490316259e-11
26.63,0.1269324,0.4524611,6.47838569614033,3.89093870623723e-10,3.20554898900606,-0.671708228041439,-0.0156701734663435,0.0291647451203314,1.48920238377651,-1.60625216627277,-6.5,1.55738390494497e-08
26.64,0.1585336,0.4356326,6.49963620762121,3.68773268008901e-07,3.21808810729765,-0.770816142498419,0.016510707606633,0.0214565836953472,1.5813790069399,-1.58459685256836,-6.5,1.47523780361576e-05
26.65,0.1879929,0.4170976,6.46583327790432,0.000163841365746465,3.19486266762285,-0.871031767434415,0.0484593342828614,0.012746266021003,1.67339906299531,-1.5622973022563,-6.5,0.00655389849636918
26.66,0.2147353,0.3965846,6.37431637339837,0.0339533367244336,3.13432412566205,-0.973733072447139,0.0798025755394819,0.00300893529653164,1.76781519302278,-1.53944361308683,-6.5,1.35882147766921
26.67,0.2388925,0.3743886,6.21707831187575,0.158171675909576,3.04061341928225,-1.07587444736879,0.110208709732304,-0.00774980917715627,1.86699532027297,-1.51614424778781,-6.5,6.3366142106829
26.68,0.2605475,0.3512965,5.98137431607228,0.16192588872809,2.91738651113857,-1.17091048642359,0.13938257484369,-0.0194589140413922,1.97305799804521,-1.49242808286462,-6.5,6.49758137354848
26.69,0.2793837,0.3270479,5.64813795426749,0.161621141306971,2.76516871147879,-1.26078568951181,0.167034261958478,-0.0320667709365102,2.08860294115029,-1.46837194399642,-6.5,6.49994059477525
26.7,0.2946413,0.3011863,5.18702685888583,0.161158205209518,2.58125457693368,-1.34881614532612,0.192846807727815,-0.0455549323897714,2.21761318901794,-1.4441039187026,-6.5,6.49999799138051
26.71,0.308313,0.2752297,4.59404355111554,0.160582411368683,2.38419313795903,-1.4230844615489,0.216688739107405,-0.0597857770052604,2.35651014887269,-1.41929076416582,-6.5,6.49999986440814
26.72,0.3197497,0.2488416,3.85705469665873,0.159892873581779,2.17118771869492,-1.4867361786487,0.238400616294354,-0.0746531387917474,2.50635529637564,-1.39407056006585,-6.5,6.49999998507627
26.73,0.3292881,0.2222738,2.9920017331586,0.159083155203381,1.94721585352596,-1.53827306208135,0.257872774829614,-0.0900358694125608,2.66373012268145,-1.36838463545394,-6.49999999999999,6.49999999734472
26.74,0.3371283,0.1956573,2.02174625730159,0.158147307262758,1.71591058999142,-1.57729911980512,0.275031880729528,-0.105808860610612,2.82383011142374,-1.34221133571339,-6.4999999999935,6.49999999926131
26.75,0.3435073,0.1690846,1.05386096589205,0.157079637990469,1.48095116987306,-1.6038090820081,0.289841392428259,-0.121846951430693,2.98079549619366,-1.31554021762394,-6.49999999245312,6.49999999968898
26.76,0.3486239,0.1426467,0.0470722848049494,0.155874336624252,1.24547144211178,-1.61788376051754,0.302296106849376,-0.138025789035868,3.12940239875991,-1.28835744539575,-6.49997340899389,6.49999999980644
26.77,0.3525465,0.1162399,0.00757179535540466,0.154531317005104,1.01138343113345,-1.62114731695023,0.312409941160711,-0.154237262205371,-3.01664282314618,-1.26076064991893,-6.14264985275433,6.49999999983252
26.78,0.3554592,0.0898964,-1.14901394781002e-05,0.1530481189924,0.78132260255331,-1.61413069818897,0.320223167186244,-0.17037856918726,-2.89285255825112,-1.2327666251838,-0.001380954632879,6.49999999980245
26.79,0.3573122,0.06349631,-1.85625968421177e-11,0.151429569737246,0.555930846583628,-1.5985378498676,0.32578247565208,-0.186363947685936,-2.78184345255759,-1.20450165302902,-1.85854249442858e-09,6.49999999969787
26.8,0.3580584,0.03697336,-2.81311856078826e-18,0.149681241491869,0.335793444944542,-1.57558636584939,0.329140410101526,-0.20211981134443,-2.68236500167711,-1.17606089488602,-2.67406914678875e-16,6.49999999941979
26.81,0.3577192,0.01036418,-1.76378192125385e-24,0.147805642774255,0.121941958170133,-1.5456626182417,0.330359829683227,-0.217576437526847,-2.5931234002742,-1.14746143474654,-1.40964093885754e-22,6.49999999860638
26.82,0.3563074,-0.01621068,-3.69662162301724e-25,0.145801045349132,-0.0847733568392215,-1.50852710069365,0.329512096114835,-0.232661708533784,-2.51271042396801,-1.11864750960427,-2.52534782886831e-23,6.49999999573406
26.83,0.3536445,-0.04283306,-4.97342536944654e-20,0.143680024095343,-0.285054552270182,-1.46553573130498,0.326661550592133,-0.247317065846834,-2.6684968107493,-1.0897541110825,-4.62138981615932e-18,6.49999998384847
26.84,0.3501759,-0.06891924,-6.89646264604635e-14,0.141405206055076,-0.474862076655647,-1.41292508573673,0.321912929825577,-0.261446316704201,-2.59919892355072,-1.06024641127633,-5.58256463329812e-12,6.49999991261657
26.85,0.3455359,-0.09478606,-1.20951252980743e-08,0.139010736181208,-0.656665096116896,-1.35410747869867,0.315346278864408,-0.274987391491188,-2.53328600265325,-1.03053631479153,-8.57363646144989e-07,6.49999938129337
26.86,0.3403786,-0.1197536,-0.000173302781792566,0.136441260963324,-0.825067298750859,-1.28470878242865,0.307095605876899,-0.287834479315474,-2.4717686224456,-0.999907945016777,-0.0111000940032118,6.4999930671673
26.87,0.3352832,-0.1431884,-0.0795664518163144,0.133632484886224,-0.975726283175774,-1.20110274890428,0.297338343045141,-0.299845506804517,-2.41515462510487,-0.967652588435794,-4.74083976230903,6.49984951245172
26.88,0.3319988,-0.1633568,-0.114637806380156,0.1301561443007,-1.09586841891995,-1.09167055100435,0.286379658855942,-0.31076221231456,-2.36612845184711,-0.931530153682017,-6.48720937857379,6.48847693394838
26.89,0.3278663,-0.1834934,-0.119974324974673,0.107377968581925,-1.20725064634391,-0.983537798099974,0.274307152392503,-0.32059759029556,-2.31829208099286,-0.896060941826628,-6.49984986403001,5.49128900695198
26.9,0.3268511,-0.1994422,-0.123928670168821,0.000950466921054899,-1.27986023781051,-0.845674604779312,0.261508550014398,-0.329054336343353,-2.27872331968623,-0.855016405951809,-6.49998975038834,0.0501623663822589
26.91,0.3277981,-0.212325,-0.127221019096669,2.07511914568574e-07,-1.32495840623846,-0.689638395693407,0.248258965952013,-0.335950720300287,-2.24427051247116,-0.809925522361809,-6.49999787107711,1.13739193593718e-05
26.92,0.3307621,-0.2218651,-0.129981880727511,4.08147005368977e-12,-1.34394992360793,-0.51560486297366,0.234819466715934,-0.341106768930024,-2.21449497621841,-0.759970036170318,-6.49999883248812,2.34554080628193e-10
26.93,0.3357314,-0.2280324,-0.132290330062136,6.53883642246064e-18,-1.33878696441094,-0.325716287960553,0.221431597071824,-0.34436393180963,-2.18903960903253,-0.704596592810943,-6.49999847133248,3.99860604530573e-16
26.94,0.3426374,-0.2306275,-0.134192044613231,1.46682068461548e-23,-1.3118438533718,-0.120764538591459,0.208313158538106,-0.345571577195544,-2.16762819319491,-0.642712342774715,-6.49999554932595,9.79129859420538e-22
26.95,0.3511912,-0.2302952,-0.135748121002692,3.5548368787205e-24,-1.26710852287513,0.0920234988255473,0.195642073309355,-0.344651342207289,-2.14975367895034,-0.575023022156952,-6.49997391300001,2.68907663260216e-22
26.96,0.3617857,-0.2269565,-0.136897126367559,1.2836168834665e-18,-1.20320799012215,0.311412122887752,0.183609993408134,-0.341537220978411,-2.13624814158871,-0.500550151506127,-6.49964850478968,1.13298609791353e-16
26.97,0.3734906,-0.2212386,-0.137614642686946,5.32607254921039e-12,-1.12901016635522,0.530861399777933,0.172319891744581,-0.336228606980632,-2.12570630033912,-0.420287112760298,-6.49153890307235,5.29770995444899e-10
26.98,0.3859606,-0.2135252,-0.131567076291828,2.40499050239785e-06,-1.04834153129335,0.746172981750554,0.161836476431648,-0.328766877163126,-2.11774203892935,-0.334880856331115,-6.17648667689112,0.00024053675913955
26.99,0.399973,-0.2039401,-0.0231253090546795,0.0311319412365949,-0.9562758207596,0.955459841100396,0.152273718224052,-0.319212278752122,-2.11418856583757,-0.244353087887955,-1.08332795676414,3.8402233799197
27,0.4144992,-0.1929334,-0.000164017519449307,-0.000922178658079512,-0.862007704543618,1.15453847486086,0.143653641178616,-0.307666894003514,-2.11347937103515,-0.150134093308959,-0.00768032155005868,6.49911375519245
27.01,0.428954,-0.1808224,-6.58944281549883e-07,0.0466395626617732,-0.770692085036888,1.34060608532122,0.135946720328247,-0.294260833150301,-2.11464158373747,-0.0534746223755412,-3.08772262073385e-05,6.49999913510748
27.02,0.4424341,-0.1677173,-2.76665658424663e-09,-0.238169806056575,-0.689484905568515,1.51271953744055,0.129051871272562,-0.279133637775896,-2.11565712844116,0.0451024112769096,-1.29720285611646e-07,6.49999999710624
27.03,0.4544401,-0.1534436,-1.74952854087772e-11,-0.964021012456158,-0.621880948916388,1.67224742982059,0.122833061783398,-0.26241116347769,-2.11501317693431,0.146414922772997,-8.19986707158474e-10,6.4999999999758
27.04,0.4646157,-0.1377049,-2.41992814250063e-13,-1.61119541383271,-0.569945326984852,1.82145005672935,0.117133608513549,-0.244196662910397,-2.11133477216054,0.252011571420458,-1.13172007942654e-11,6.4999999999996
27.05,0.4726614,-0.1201259,-1.0691825026342e-14,-2.30870282090799,-0.535062035895395,1.96307555790088,0.111782988154595,-0.224565907331388,-2.10334337106455,0.363877502938365,-4.97678880662638e-13,6.49999999999999
27.06,0.4790869,-0.1001132,-1.21355744433339e-15,-3.03216521402216,-0.512281821022196,2.10135821089565,0.106660169944373,-0.203552325222431,-2.09196372596036,0.484822094755304,-5.61188232242694e-14,6.5
27.07,0.4832078,-0.07786242,-6.14599622837439e-16,-3.74070316560029,-0.505999829116003,2.23424423609097,0.101600171653213,-0.181209882861522,-2.07525645607255,0.613083490250776,-2.81562094584691e-14,6.5
27.08,0.4856953,-0.05281083,-8.19889223257709e-16,-4.42808713171349,-0.509917815402805,2.36561874727582,0.0965009934991853,-0.157553695388763,-2.0549219393263,0.749624451197484,-3.71514707316169e-14,6.5
27.09,0.484762,-0.02649016,-9.13338696556217e-15,-5.03271355520898,-0.536763425218869,2.48318926571242,0.0911333592469966,-0.132721802731639,-2.026805136389,0.885597445169144,-4.07953434196457e-13,6.5
27.1,0.4819156,0.002146335,-2.10910231844532e-13,-5.55029269301917,-0.573224607787871,2.5952348427777,0.0854011131691179,-0.106769454303862,-1.99508946288068,1.02335122659076,-9.2792001009479e-12,6.5
27.11,0.4772431,0.03253705,-7.79787483191643e-12,-5.95556892759967,-0.617695696726952,2.69723665298725,0.0792241562018483,-0.0797970877739896,-1.96045552460842,1.15850944997357,-3.37903528834508e-10,6.5
27.12,0.469617,0.06350955,-7.28335031851117e-10,-6.24057615171269,-0.677834238915607,2.78044186418567,0.0724458138126923,-0.0519926691321329,-1.92131821450776,1.28725047525694,-3.10748423373413e-08,6.5
27.13,0.459378,0.09470206,-1.02215331300687e-07,-6.41610629467915,-0.749516217846741,2.84301808365309,0.0649506516342249,-0.023562488295602,-1.87928427614248,1.40991726180176,-4.29726769355237e-06,6.5
27.14,0.4474776,0.1260144,-1.11902690255905e-05,-6.49397460641045,-0.824241671933197,2.88537470652047,0.0567082349148929,0.00529125876960269,-1.83653921486646,1.52772451659172,-0.000464390015515655,6.5
27.15,0.4338242,0.1566683,-0.000973472102648572,-6.48360570901429,-0.902028396551613,2.90286408899322,0.0476879509493767,0.0343198996595349,-1.79328695688326,1.6418529421368,-0.039953038532637,6.5
27.16,0.4184669,0.1860858,-0.0468333209117372,-6.39066743520845,-0.981810073191954,2.89285387270775,0.0378698502174572,0.0632484383866124,-1.74987410764671,1.75451435899874,-1.9047080174103,6.5
27.17,0.4016238,0.213845,-0.153262105519655,-6.21467207070465,-1.06130942007886,2.85425387149644,0.0272567560166686,0.0917909771015768,-1.7066948481837,1.86826150564345,-6.18927244725064,6.5
27.18,0.3835625,0.2396633,-0.161523121999384,-5.94904672044158,-1.13805040712818,2.78728194675495,0.0158762519453868,0.119663796569126,-1.66401168641028,1.98558078309425,-6.489952597123,6.5
27.19,0.3641928,0.2631851,-0.162271766871878,-5.581169583204,-1.21246464141709,2.69175122811194,0.00375160553121592,0.146581308850246,-1.62178703561894,2.10904821689937,-6.49957408117688,6.5
27.2,0.3431432,0.2839172,-0.16249245244563,-5.09126515310573,-1.28708765568459,2.56661088006621,-0.00911927102562994,0.172247417650908,-1.57994790721934,2.24165192958202,-6.49997852364162,6.5
27.21,0.3219663,0.3026676,-0.162414194775383,-4.47674489024346,-1.34971995235922,2.42093651363576,-0.0226164705492222,0.196456782787265,-1.53878786667907,2.38169413286087,-6.49999801535995,6.5
27.22,0.2991898,0.3184877,-0.162058077610278,-3.72152180703308,-1.41201474408759,2.24991291291498,-0.0367366179900981,0.218955911916415,-1.49812182960675,2.53212924296328,-6.49999979412435,6.5
27.23,0.2753468,0.3317328,-0.161435331490458,-2.83958988615943,-1.46959052119644,2.05912972448971,-0.0514325232020625,0.239547209161312,-1.45795743580883,2.68986126281603,-6.49999997247003,6.5
27.24,0.2503844,0.342331,-0.160557512289112,-1.84641734039934,-1.52285003355369,1.85062826612707,-0.0666610235375994,0.258053491822583,-1.41830809908296,2.85186266170606,-6.49999999543677,6.49999999999983
27.25,0.224357,0.3502406,-0.159436221122213,-0.842476310384482,-1.57137902098633,1.62663349147664,-0.0823748137474627,0.274319826737349,-1.37916711582727,3.01390249862079,-6.49999999906874,6.49999999991211
27.26,0.1973097,0.355586,-0.158083302889439,0.0511779819222709,-1.61489153061284,1.39054915128763,-0.0985237290535911,0.288225318250226,-1.34052773363445,-3.1124658264592,-6.49999999976804,6.49999984264639
27.27,0.1694192,0.3585225,-0.156507562841705,0.0153181217318363,-1.65215659037874,1.14583076467889,-0.115045294957379,0.299683625897015,-1.30230726126678,-2.96532489507627,-6.49999999992792,6.49862467868077
27.28,0.1407162,0.3590947,-0.154720448239177,0.00388718894567927,-1.68317447130752,0.894882950756564,-0.131877039670454,0.30863245540458,-1.26450352391326,-2.83013435242565,-6.49999999997246,0.392980961609809
27.29,0.111598,0.3576545,-0.152719055948904,3.52877250392977e-09,-1.70520872016177,0.642296049359885,-0.148929126872071,0.315055415898179,-1.22684595749451,-2.70877622599873,-6.49999999998615,3.47142661102688e-07
27.3,0.08232021,0.3544174,-0.150500808917658,1.14836750540556e-16,-1.71685359469178,0.391288103406573,-0.166097662818989,0.318968296932245,-1.18915393881554,-2.60097234322179,-6.49999999999056,9.33056772533831e-15
27.31,0.05329902,0.3497672,-0.148050004468539,2.09257669492274e-24,-1.71565230194637,0.146103388883866,-0.183254185838453,0.320429330821083,-1.15109008580239,-2.50608911085897,-6.4999999999907,1.41353888334344e-22
27.32,0.02473149,0.3437421,-0.145359711399416,1.32808546463837e-25,-1.70106371538166,-0.091993209397188,-0.20026482299227,0.319509398727112,-1.11251142524373,-2.42199167062514,-6.49999999998659,7.97598723646703e-24
27.33,-0.002913366,0.3368904,-0.14239939097656,3.22505875189836e-19,-1.6706088044502,-0.318003271942722,-0.216970911036772,0.316329366007684,-1.07297308355405,-2.58419764838775,-6.49999999996927,2.52983352711622e-17
27.34,-0.02934729,0.3293533,-0.13914756567039,2.67350051902408e-12,-1.62345301439002,-0.530463705274677,-0.233205441180672,0.311024728954938,-1.03220128334245,-2.5021830214772,-6.49999999988273,1.79427033104974e-10
27.35,-0.0544923,0.3213411,-0.135603305387969,7.40418837159805e-07,-1.56051047171576,-0.727579351389856,-0.248810545897829,0.303748935441039,-0.990155084241,-2.42833348419833,-6.49999999924662,4.48021721537569e-05
27.36,-0.07796995,0.3133003,-0.131734196871546,0.00939527614041851,-1.48044830429049,-0.905986009608895,-0.263615028940734,0.29468907534495,-0.946370512404511,-2.3621924449059,-6.49999999099793,0.529648472182513
27.37,-0.09960961,0.3056173,-0.127530751649074,0.120515834757092,-1.38370482412127,-1.06314161681074,-0.277452077181947,0.284057659176843,-0.900624645099946,-2.30307140946367,-6.49999978484151,6.44616474760867
27.38,-0.1194925,0.2984457,-0.122967206324051,0.126688770318657,-1.27268723233647,-1.19858164476808,-0.290178949505312,0.272071842729162,-0.853051469442489,-2.24987863749783,-6.49998936893512,6.49978422026345
27.39,-0.1375103,0.2922931,-0.117886216564291,0.131088836972536,-1.14827325126511,-1.30932028440834,-0.301661682017963,0.258978639885078,-0.803464607759847,-2.20235454039676,-6.49878111048041,6.49999650102647
27.4,-0.1534203,0.2878478,-0.105609470841981,0.134810607621867,-1.01033896075199,-1.39137061717342,-0.311765071625483,0.245064933713344,-0.751392167645104,-2.16056636323835,-6.12320441893469,6.49999979626368
27.41,-0.1670669,0.2857346,-0.0013841914635977,0.137894297183976,-0.859509529621786,-1.44169107603369,-0.320360166921701,0.230648022953007,-0.696453298011535,-2.12450910522742,-0.0855184768774036,6.49999996065355
27.42,-0.178619,0.2861937,-2.28938844125734e-07,0.140419547090976,-0.698891279272857,-1.46057122641215,-0.327349079714429,0.216042310688886,-0.638893139551431,-2.09372822689159,-1.53778973076691e-05,6.49999997752048
27.43,-0.1884875,0.2888991,-7.14109153365534e-12,0.142510326888989,-0.533244381387753,-1.45274812716643,-0.332681523528307,0.201514829417222,-0.579551984234386,-2.06718372240833,-5.35267595608922e-10,6.49999996863305
27.44,-0.1968789,0.2936447,-4.85996760122716e-17,0.144244776893579,-0.365454505554226,-1.42184678726883,-0.336336068583849,0.187296361544533,-0.518893933794816,-2.04428709498703,-4.1325249924887e-15,6.49999990373006
27.45,-0.2040963,0.299947,-3.34774541610449e-22,0.145709300324562,-0.198936773121474,-1.37345201826947,-0.338325436315064,0.173561841361839,-0.457702816826127,-2.02422627731621,-3.18967853402823e-20,6.4999994373662
27.46,-0.2103606,0.3073764,-2.65700920945562e-25,0.146966922968528,-0.0362178297266098,-1.31242054502983,-0.33868761461233,0.16043763591154,-0.396621506556975,-2.00638386220979,-2.66889453537471e-23,6.49999439971542
27.47,-0.2157886,0.3158846,-3.48031196204187e-24,0.14803034055407,0.121171605577224,-1.24042607523111,-0.337475898556558,0.148033375159229,-0.336035355979201,-1.99076311845256,-3.48031823164637e-22,6.49990432013593
27.48,-0.2204988,0.3249431,-3.2906334061748e-20,0.148906126527886,0.271833497968565,-1.16272223251328,-0.334757563576872,0.136406152834096,-0.276340708265316,-1.97670254637736,-3.53323680060842e-18,6.49754224609479
27.49,-0.2243969,0.3347687,-7.7852838419471e-16,0.147337525199673,0.416120926113869,-1.07854785164885,-0.330596354315733,0.125620674317608,-0.217235414606402,-1.96465965473329,-1.22032335329264e-13,6.39585706459087
27.5,-0.2273499,0.3453166,-8.90186260822483e-13,0.0676188204340853,0.554688853822668,-0.989225820708567,-0.325049465777507,0.115728416110522,-0.158219511432466,-1.95476838356023,-1.66156476492561e-09,2.92319547754732
27.51,-0.2291548,0.3568161,-1.26688704510916e-09,0.000785431677041014,0.688704015914652,-0.893928803225068,-0.31816242561836,0.106789128078271,-0.0984686741415535,-1.94766787084796,-6.52846558436142e-06,0.0338563336254058
27.52,-0.2294728,0.3693305,-7.46422849990183e-05,2.06687219495056e-06,0.820293745887223,-0.793192240447155,-0.309959488159488,0.0988572056737999,-0.0365620830368423,-1.94387498290704,-0.00911698228761374,8.89575797166553e-05
27.53,-0.2280391,0.3830068,0.062116640695503,1.64743816761513e-09,0.950879409456668,-0.686905114281375,-0.300450694064921,0.0919881545309861,0.0287666477249366,-1.94421965332125,-3.02395307127555,7.09150379245211e-08
27.54,-0.2246399,0.3974434,0.636823222525801,3.59817474594842e-13,1.08139472306155,-0.579162239817395,-0.289636746834306,0.0861965321328122,0.0986886546630731,-1.94869351107522,-6.47709292951908,1.55165099864377e-11
27.55,-0.2189242,0.4121531,1.14073759696309,1.99266743517324e-17,1.21373630361783,-0.474400782884169,-0.277499383798127,0.0814525243039705,0.17501470868401,-1.95699238509984,-6.49988689531954,8.62232694329731e-16
27.56,-0.2107121,0.4263425,1.65388604389318,3.58807709695324e-22,1.34835373367341,-0.379028387249904,-0.264015846461393,0.0776622404314715,0.258879633647096,-1.96775557632475,-6.49999917921124,1.55962066101691e-20
27.57,-0.199594,0.4393965,2.23696545497039,3.26755663466059e-27,1.48738223992657,-0.297553998477499,-0.249142024062128,0.0746867004466965,0.352296971601273,-1.97930624553409,-6.49999999221338,1.42743341895969e-25
27.58,-0.1852001,0.4509908,2.86913585897698,2.76053791201478e-32,1.63246763405435,-0.231858834272106,-0.232817347721584,0.0723681121039754,0.456763022994535,-1.99007959798459,-6.49999999991045,1.21175676018829e-30
27.59,-0.1669382,0.4612132,3.53060134166412,3.41120009837021e-37,1.78677417192874,-0.180464386521745,-0.214949606002297,0.070563468238758,0.573905822663021,-1.99937622755331,-6.49999999999887,1.5037586364737e-35
27.6,-0.1448348,0.4697932,4.19400503563722,2.59358432107649e-41,1.94849872239825,-0.144632208475656,-0.195464618778314,0.0691171461540014,0.701460838162514,-2.0054654667921,-6.49999999999998,1.14658415218358e-39
27.61,-0.1186529,0.476909,4.82602414179702,2.62834994776646e-44,2.11791741260155,-0.122038965239149,-0.174285444652299,0.0678967565016099,0.836847989793338,-2.00803499690536,-6.5,1.16336313844624e-42
27.62,-0.0886934,0.4823715,5.37875634379221,1.27789766574912e-45,2.29118060019504,-0.113240679896252,-0.151373638650348,0.0667643497026474,0.974602780781154,-2.00590324550771,-6.5,5.65055511977275e-44
27.63,-0.05536262,0.4861086,5.82078987710876,4.52096550709973e-45,2.46390559255774,-0.117782291789098,-0.126734582724771,0.0655865267847564,1.10948186983462,-1.9985310148034,-6.5,1.99219674609987e-43
27.64,-0.01940282,0.4879509,6.14183201632593,1.05116623739e-42,2.62950672544269,-0.135903466710793,-0.100439515470344,0.0642274921176485,1.23720280197544,-1.98543276718461,-6.5,4.60452676639644e-41
27.65,0.01834444,0.4874506,6.35037878465844,1.14439025333238e-38,2.78118439476821,-0.1698518686817,-0.0726276715226618,0.0625289734308315,1.35576634405356,-1.96572004110409,-6.5,4.96998242231912e-37
27.66,0.05746573,0.4852116,6.46399809166162,3.1569097939848e-34,2.91596296150278,-0.213651218117363,-0.043468041907634,0.0603924612496579,1.46547161457755,-1.94187510937392,-6.5,1.35764186743815e-32
27.67,0.09614302,0.47993,6.4999514526943,5.07400087296601e-29,3.02058174134163,-0.276161013551534,-0.0132622244942177,0.0576308511141425,1.56693043511013,-1.91152799884126,-6.5,2.15705075578877e-27
27.68,0.1343293,0.4722908,6.47271985683364,4.72060010310216e-24,3.09632317904037,-0.35040501984397,0.017701007296186,0.0541268009157028,1.66246948754451,-1.87771827954319,-6.5,1.98358891351097e-22
27.69,0.1709335,0.4621991,6.3910909167316,1.98608217172495e-19,3.13665682769185,-0.435772963362954,0.0490675755731044,0.0497690712820733,1.75415721349052,-1.8413599859056,-6.5,8.25336805106787e-18
27.7,0.2055191,0.4498599,6.25901017719578,2.90232280015933e-15,3.14068825529019,-0.529365242061123,0.0804744581260064,0.044475418861462,1.84401736402358,-1.8037378172217,-6.5,1.19413906369071e-13
27.71,0.2368426,0.4341887,6.07471991756399,3.0837907228348e-11,3.10170696710227,-0.638205858103555,0.111491527797029,0.0380933602804265,1.93461975076671,-1.76419145944867,-6.5,1.25766580077861e-09
27.72,0.2655507,0.416792,5.83609436814247,8.48895725924184e-08,3.02802887704698,-0.748349266493957,0.141771816567499,0.0306098676154869,2.02679217767861,-1.72534802565339,-6.5,3.43779476103797e-06
27.73,0.2909739,0.3971,5.53609330035902,0.000105691258026904,2.91760817623554,-0.86335441479403,0.170947898329854,0.0219763234675466,2.12242269573012,-1.6868103534464,-6.5,0.00425713208448862
27.74,0.3135172,0.3755678,5.17078357302063,0.0413434240885546,2.77687727296222,-0.978733182829334,0.198716671059477,0.0121889916392533,2.2217442056087,-1.64904186979555,-6.5,1.65896633050222
27.75,0.3318487,0.3521547,4.72372401299932,0.160566626722775,2.59885248734077,-1.09408187773529,0.224705195932884,0.0012481728619004,2.32791855458775,-1.61200777358219,-6.5,6.4282883044261
27.76,0.3473198,0.3273096,4.20159876220033,0.162483635421392,2.39754852705291,-1.20532655719395,0.248680681203413,-0.0108050927100391,2.43859973565336,-1.57578767723333,-6.5,6.49942882862183
27.77,0.3597144,0.3013846,3.60428505981864,0.162421880107476,2.17423051043493,-1.30945778772151,0.270422986307763,-0.0238996705872542,2.55406419424177,-1.5402902863646,-6.5,6.49999099007019
27.78,0.3691292,0.274401,2.93559037814987,0.162141684565649,1.93255619666049,-1.40623046978417,0.289748548274367,-0.0379619752850959,2.67345295974483,-1.50535953089058,-6.49999999999998,6.49999974754812
27.79,0.3759131,0.2469438,2.20338416848534,0.161663750833422,1.67792336767577,-1.49120308430511,0.306527781951125,-0.052874006128147,2.79470211454186,-1.47080379784952,-6.49999999998349,6.4999999867434
27.8,0.3805201,0.2193976,1.45376655109895,0.160990208091887,1.41618945097715,-1.56184781377071,0.320689676460897,-0.0684924842658541,2.9150517919344,-1.4363919796234,-6.49999994824994,6.4999999987114
27.81,0.3831183,0.1919575,0.713667151667232,0.160118960222907,1.15065547352361,-1.61734474036164,0.332196231196133,-0.0846659316694705,3.03261583831556,-1.40192862326445,-6.49921224937379,6.49999999977967
27.82,0.3840621,0.1649616,-0.000740081028445042,0.159042085453259,0.885803114484091,-1.65593946889185,0.341054262340974,-0.101225326358389,-3.1380034773155,-1.36716684189251,-0.44639000376601,6.4999999999339
27.83,0.3834688,0.1385119,2.66360350023966e-10,0.157750434525541,0.623983000389046,-1.67789019420468,0.347294092344864,-0.118004228300436,-3.03141384707394,-1.33195853191971,-3.17311535266797e-07,6.4999999999668
27.84,0.3817835,0.1130122,-8.78413686081313e-17,0.156224406709719,0.369823382968107,-1.68125161532156,0.350992326174545,-0.134816744453651,-2.93229607557179,-1.29598517978556,-1.53385109979957e-14,6.49999999997105
27.85,0.378949,0.08834776,-2.56493410583365e-23,0.154454051557614,0.123771876086721,-1.66824846572897,0.352230044935412,-0.151499229110941,-2.84010102855988,-1.25924385056588,-2.62030518832992e-21,6.4999999999592
27.86,0.3751515,0.06467767,-1.3945979265177e-23,0.152420111058837,-0.111969550415481,-1.63896435860202,0.351110349431258,-0.167888872696961,-2.70729417921328,-1.22154821039691,-1.36980700744776e-21,6.49999999990644
27.87,0.3703959,0.04190457,-1.35135788729776e-17,0.150114112475511,-0.336792824951608,-1.59550720730753,0.347742421181742,-0.183843944770037,-2.62200943990641,-1.18292665281115,-1.14744482910187e-15,6.49999999966521
27.88,0.3647113,0.01990921,-3.35667130826805e-11,0.147534021348559,-0.550011983815779,-1.54007358975445,0.342242301343584,-0.199244680667581,-2.54356538600597,-1.14345950628342,-2.42612007717574e-09,6.49999999819856
27.89,0.3582701,-0.001406645,-5.38979111843849e-06,0.144683461984444,-0.749981772069972,-1.4746051746931,0.334742483622884,-0.213990732414512,-2.47136886940945,-1.10323977376731,-0.000345020267587909,6.49999998578148
27.9,0.3511926,-0.02206985,-0.0424091034372892,0.141567373802148,-0.935645487504146,-1.40041638826106,0.325386028747843,-0.227994896297123,-2.40467654644976,-1.06230552656625,-2.49737737078592,6.49999983555443
27.91,0.3436892,-0.04251703,-0.117280988154471,0.138244019665907,-1.10543089744338,-1.32186939556435,0.314331719773409,-0.241213590252766,-2.34297096342987,-1.02127319449214,-6.49380955545598,6.49999750057911
27.92,0.3362589,-0.06247131,-0.123189383778179,0.134703257326076,-1.25579363966982,-1.23763234082929,0.301773783376711,-0.253589913661059,-2.28628141995453,-0.979809725935809,-6.49998190922428,6.49994544881809
27.93,0.3294397,-0.08199444,-0.128126579053493,0.130948990140392,-1.383275211703,-1.14906575568934,0.287941031259681,-0.265080571217952,-2.23458667829197,-0.938076131799424,-6.49999979725976,6.49829160291613
27.94,0.324113,-0.1006397,-0.132351080419099,0.125279185660321,-1.48221415564767,-1.05361204635358,0.273118889703204,-0.275616691681488,-2.18836257740531,-0.895373266650396,-6.49999999196765,6.4100158491212
27.95,0.3208681,-0.1185364,-0.135940559117951,0.0538212798871219,-1.54974407916029,-0.953298479315546,0.257621448911601,-0.285149676474644,-2.14752589351125,-0.851982578896633,-6.49999999899086,2.84740795461
27.96,0.3201356,-0.1352384,-0.138944722302776,0.000464802065502596,-1.58458901265255,-0.845683457295358,0.241775558785075,-0.293606511047597,-2.11185852933192,-0.807064962677274,-6.49999999963084,0.0255409878081577
27.97,0.3220286,-0.1505041,-0.141442543561018,8.43208357508122e-07,-1.58815084631938,-0.730095733590264,0.225894050321882,-0.3009074683835,-2.08087274588681,-0.760101521627326,-6.49999999964448,4.84510387985366e-05
27.98,0.3262755,-0.1643504,-0.143533696864615,4.87948799753484e-10,-1.56481039110107,-0.607918877483765,0.210245946410871,-0.306986657158338,-2.05377950497808,-0.711097024504385,-6.49999999921372,2.96023631013665e-08
27.99,0.3329071,-0.1763088,-0.145261500448369,6.03694546364821e-14,-1.51648910007052,-0.476802783516543,0.195081055410166,-0.311754684993503,-2.03043737287719,-0.658829518557038,-6.49999999608485,3.92959171930406e-12
28,0.3415078,-0.1862696,-0.146697597234912,1.48834598812454e-18,-1.44847742848047,-0.337340443913124,0.180596281125361,-0.315128089432634,-2.01025819379848,-0.602840233390147,-6.49999996020338,1.0659039252756e-16
28.01,0.3521642,-0.1940213,-0.147848840203026,1.8698515700058e-23,-1.36199479831077,-0.189360948753322,0.166976333142253,-0.317021698920167,-1.99349144075899,-0.542284604488375,-6.49999912467586,1.51395918556695e-21
28.02,0.3645637,-0.1994528,-0.148747714380969,1.10967695536686e-26,-1.26128985452608,-0.0335164503469869,0.154363434596992,-0.317356863423637,-1.97997292154285,-0.476480688962897,-6.49995919176072,1.0250330141349e-24
28.03,0.3785295,-0.2023435,-0.149309673868966,3.20429857028513e-25,-1.14935289070657,0.130369846904642,0.142869905689927,-0.316053164954591,-1.9698381069751,-0.404257643803832,-6.49579775197394,3.2134125954989e-23
28.04,0.3938483,-0.2026439,-0.129554016896747,5.06047539051851e-20,-1.02929281299441,0.301120000043266,0.132576977559983,-0.313041964954158,-1.96327956063595,-0.324893293565694,-5.62060264751084,5.0745762525777e-18
28.05,0.4100043,-0.2004117,-0.00171754217080476,2.58234351424024e-14,-0.906314320134028,0.476793439000073,0.123513834358642,-0.308274030564157,-1.96007628442728,-0.238051648575868,-0.0744140508689039,3.32357718333116e-12
28.06,0.4266291,-0.1954776,-1.34750318128364e-06,-3.92508709113429e-10,-0.784139124091862,0.65728045044111,0.115672443117724,-0.301701226059746,-1.96017820186184,-0.142532695049343,-5.83842699617866e-05,5.97463294908369e-07
28.07,0.442894,-0.1881799,-5.65827581805901e-10,0.000142894687182685,-0.66967472334583,0.838615303752956,0.108975695884265,-0.293315073022217,-1.96253447116691,-0.0394761632479608,-2.4540291241808e-08,0.0174954111085625
28.08,0.4583713,-0.1783553,-1.51493653553475e-13,-0.411850123445217,-0.566234825032533,1.02091433179049,0.10331334763394,-0.283105929704312,-1.9664103326705,0.0718689548999856,-6.58116219176564e-12,6.1568218356715
28.09,0.47258,-0.1659782,-3.66049643119202e-17,-1.2387605074609,-0.47722091818226,1.20323857274617,0.0985411384521176,-0.27107354397685,-1.9705907612876,0.191233495130146,-1.59303403077306e-15,6.49981895477912
28.1,0.4853517,-0.1508446,-1.08879202623665e-20,-2.02714857209368,-0.403330544592054,1.38606325211516,0.094507833006197,-0.257212911455699,-1.97418388530754,0.318626905466258,-4.74574831766386e-19,6.49999977292747
28.11,0.4965881,-0.1328263,-5.90596643199289e-24,-2.84642111919217,-0.344591577063227,1.56925175853926,0.0910619172355648,-0.241520393870306,-1.97630369065266,0.452893299976765,-2.57662850524673e-22,6.49999999940558
28.12,0.5064124,-0.1117861,-7.55100814992879e-27,-3.62843260877973,-0.299269950568243,1.75274232523713,0.0880692177298823,-0.223992970617935,-1.97658815119324,0.592019999056612,-3.29472947597096e-25,6.49999999999717
28.13,0.5144755,-0.0877711,-5.26403111435663e-29,-4.34590918941587,-0.26924515160502,1.93508095724049,0.0853767662138321,-0.20464216104553,-1.97353508784166,0.732486518120862,-2.29380193274864e-27,6.49999999999998
28.14,0.5205242,-0.06110232,-4.21496612422399e-30,-4.96719378242776,-0.25543927055155,2.11285932419857,0.0828223735083166,-0.183513567803544,-1.9659380586657,0.869840597212762,-1.83069088466306e-28,6.5
28.15,0.5248312,-0.03159704,-3.18311935623199e-30,-5.47733409657144,-0.254647250707086,2.28675582527929,0.0802759010012458,-0.160646009550751,-1.95421296513437,1.00216141037923,-1.37576364538049e-28,6.5
28.16,0.5253632,-0.001068836,-2.67082409950782e-28,-5.86095841547672,-0.281211966386913,2.44234114126913,0.0774637813373766,-0.13622259813806,-1.93328544393578,1.12356667654599,-1.14473096208993e-26,6.5
28.17,0.5241464,0.03175337,-7.23389896180839e-26,-6.14280460831881,-0.317633516008516,2.58967419212571,0.0742874461772915,-0.110325856216803,-1.90872048621357,1.23766024742872,-3.07214203759212e-24,6.5
28.18,0.5193781,0.06509271,-2.25974237607136e-22,-6.33106136911142,-0.376534103845998,2.71508276601717,0.0705221051388315,-0.0831750285566311,-1.87735574435612,1.34224954720788,-9.49428331198956e-21,6.5
28.19,0.5111316,0.09845114,-2.16484815963777e-18,-6.44372637176986,-0.455313630571093,2.81570750505693,0.0659689688331206,-0.0550179535060618,-1.84091709426788,1.43908198070243,-8.99511297815025e-17,6.5
28.2,0.5012201,0.1322765,-7.73342515627944e-15,-6.49470791779958,-0.538347029205373,2.89618955831031,0.0605854985410668,-0.0260560579229586,-1.80369703955094,1.53043089348838,-3.1818283999241e-13,6.5
28.21,0.4878325,0.1646683,-3.44615854421146e-11,-6.49293960507963,-0.638466515208894,2.94319954021123,0.0542008333889779,0.00337593747915365,-1.76383763580621,1.61742152357648,-1.40535045352221e-09,6.5
28.22,0.4725218,0.1959429,-5.91149063326201e-08,-6.44402175544515,-0.742097974664651,2.96134806871473,0.0467798536423314,0.032989418166301,-1.7240706853046,1.70216403110575,-2.39350275988178e-06,6.5
28.23,0.4553499,0.2254321,-4.43852249528214e-05,-6.34949486864878,-0.847901894363455,2.9476261281382,0.0383008346986968,0.062465679447683,-1.68466199950275,1.78646299721443,-0.00178733309163007,6.5
28.24,0.4365016,0.2527709,-0.0141388493237691,-6.20730187409713,-0.953700625732741,2.90172833892005,0.0287638284413694,0.0914829628368835,-1.64583494045032,1.87210763108695,-0.567198402165464,6.5
28.25,0.4164797,0.2778355,-0.152049981168799,-6.01251622037091,-1.05508745489579,2.82537805104745,0.0182129538924116,0.119736743347358,-1.60779676980871,1.96063526263506,-6.08629099032153,6.5
28.26,0.3953883,0.3004556,-0.162356745199079,-5.75749416442519,-1.1510137092601,2.71999736617176,0.00670281679981055,0.146936717009076,-1.57044202988103,2.05352866641958,-6.49427022789809,6.5
28.27,0.3734836,0.3206622,-0.162381114783217,-5.43341518508805,-1.23939583010139,2.58858790564645,-0.00569114150120338,0.17282259606554,-1.53367466942438,2.15185274048916,-6.49985803757441,6.5
28.28,0.3509512,0.3385309,-0.16204859584054,-5.03151046465291,-1.31888061158891,2.43441801306695,-0.0188799476170924,0.19716677619621,-1.49735835995737,2.25628727033507,-6.4999936844083,6.5
28.29,0.3278865,0.35414,-0.161498533724186,-4.54513599655247,-1.38894731442467,2.26066145321233,-0.0327694207613392,0.219773390728333,-1.46136216052857,2.36708463849119,-6.49999952947483,6.5
28.3,0.3044131,0.367555,-0.160737620250848,-3.97265320543951,-1.44895410282982,2.07027213964111,-0.0472589617896374,0.240476112124744,-1.42556380989923,2.48400042842221,-6.49999994394195,6.5
28.31,0.2805549,0.3789067,-0.159768304679419,-3.3199889926701,-1.49911488964649,1.86657233634286,-0.0622501106861023,0.259141835488172,-1.38988495835217,2.6059612120218,-6.49999998994314,6.49999999999989
28.32,0.2563956,0.3881312,-0.158591344848404,-2.58887525935588,-1.53923284171045,1.65124188831675,-0.0776424391032068,0.27565425437134,-1.35424319525571,2.73191817668697,-6.49999999736909,6.49999999995793
28.33,0.2319489,0.3953189,-0.157208129266991,-1.79685036051391,-1.56971040216435,1.42706830965285,-0.0933395431248503,0.289924937467868,-1.31860474753058,2.85979151751271,-6.49999999903703,6.49999995517249
28.34,0.2072583,0.4004245,-0.155619844603428,-1.01095035856539,-1.59074853526359,1.1956564595765,-0.109247028477486,0.301881502063633,-1.28293412852824,2.98770914561727,-6.49999999951944,6.49981734940733
28.35,0.1824145,0.4035693,-0.153826430305716,-0.0805096572973757,-1.60223255438873,0.959789732157013,-0.125269354021374,0.311479399385204,-1.2471723040701,3.11312272041017,-6.49999999967606,3.97115711660295
28.36,0.1575219,0.4046246,-0.151827059169918,3.76869258003018e-08,-1.60400631196498,0.72018357948998,-0.141309417141023,0.318681235180103,-1.21125269908552,-3.04844398991477,-6.49999999970578,4.23244934435163e-05
28.37,0.1326175,0.4036839,-0.149624668138736,4.70486686224655e-14,-1.59648899465433,0.479196373558398,-0.157274307087567,0.323473198915687,-1.17517148846485,-2.9323756551959,-6.49999999964538,8.22537932646273e-12
28.38,0.1077735,0.4006934,-0.147221678282939,1.26056685351774e-21,-1.57985473625613,0.237909438315775,-0.173072854450128,0.325852293298845,-1.13889738727989,-2.82250987499184,-6.49999999943437,1.26759545420141e-19
28.39,0.08332931,0.3959638,-0.144600598800819,2.92862969060794e-26,-1.55230677375675,7.31784965140037e-05,-0.188595922187696,0.32585302508381,-1.10211412867475,-2.72023527239967,-6.49999999872666,2.9107289286408e-24
28.4,0.05927752,0.3894665,-0.141769775473227,7.98231780003013e-22,-1.51485389018423,-0.233422024029302,-0.203744461089538,0.323518804843517,-1.06488447595994,-2.6531059628497,-6.49999999602144,7.21268653586361e-20
28.41,0.03575046,0.3813679,-0.138727753197763,2.21039521565065e-14,-1.46743487938497,-0.460306578028046,-0.218418809883388,0.318915739063237,-1.0271040537078,-2.56508699076444,-6.49999998233728,1.66704574315809e-12
28.42,0.01284421,0.3718996,-0.135478324187304,4.44945430895364e-08,-1.41032250683854,-0.678027405959782,-0.232522034951773,0.312135465003639,-0.988709796582684,-2.48333477056324,-6.49999988628967,2.89875103705483e-06
28.43,-0.009214805,0.3616068,-0.132011149227729,0.00325910305004147,-1.34284421240707,-0.881906484412259,-0.245950477075844,0.303316400159516,-0.949445281103361,-2.40822534476953,-6.49999886920539,0.192676801641155
28.44,-0.03058854,0.3505906,-0.128370164898143,0.117207680020487,-1.26735870887165,-1.07105246329948,-0.25862406416456,0.292605875526522,-0.909628552055939,-2.33882749151616,-6.49998321330044,6.46544324272764
28.45,-0.05092968,0.3397982,-0.124492967811137,0.124201648913225,-1.18226391434922,-1.23833555933933,-0.270446703308052,0.280222519933128,-0.868766416979443,-2.27590838112532,-6.49957986877688,6.49995746101245
28.46,-0.07016609,0.3298243,-0.119987674515259,0.129551129822086,-1.08820331719124,-1.37995121931847,-0.281328736479965,0.266423007739944,-0.826799535875435,-2.21918862588317,-6.48121909345124,6.49999973552761
28.47,-0.08805536,0.3214493,-0.0912869719720843,0.134101835073719,-0.984544073271188,-1.49112368085028,-0.291174177212677,0.251511770931441,-0.783339194327182,-2.16865500326161,-5.12687461698148,6.49999999319786
28.48,-0.1046842,0.315171,-0.00200825642378784,0.137950921434366,-0.873232324034952,-1.56974702416927,-0.299906500453026,0.235814300689748,-0.738602041660527,-2.12383236442941,-0.118043209415786,6.49999999939864
28.49,-0.1198079,0.3117452,-3.53748818061919e-06,0.14113345135747,-0.753621324142294,-1.61210812279507,-0.307442713694449,0.219693219461797,-0.692118608656061,-2.08478264322174,-0.000219781190171695,6.49999999982485
28.5,-0.1337043,0.3111389,-2.17253279617824e-09,0.143772376407836,-0.629091654851038,-1.62093816992947,-0.313733630242959,0.203483837762503,-0.644530449624865,-2.05061028092973,-1.44595421948408e-07,6.49999999985717
28.51,-0.1464229,0.3132502,-4.33310269183044e-13,0.145965142129897,-0.501083030536233,-1.5994719296832,-0.318744460548322,0.187489118465671,-0.5959960999261,-2.02064571845451,-3.14414779849855e-11,6.49999999970764
28.52,-0.1581994,0.3176716,-3.40903964777217e-17,0.147809906185675,-0.372349030945305,-1.55318639981271,-0.322467950857775,0.171957254467544,-0.547150310214344,-1.99406814185145,-2.7321093385475e-15,6.49999999868338
28.53,-0.1691442,0.3240884,-2.11463511269741e-21,0.149371394450405,-0.244499583114923,-1.48658598738905,-0.324912946688924,0.157091394593653,-0.498347465911998,-1.97038124007757,-1.87463970884869e-19,6.4999999878984
28.54,-0.1793033,0.3321963,-6.97891233182115e-25,0.150697399784566,-0.118536185921577,-1.40387906827517,-0.32609830854814,0.143052603910901,-0.449780397060793,-1.94923726683346,-6.72601713499651e-23,6.49999978408876
28.55,-0.1886328,0.3417354,-3.0068743620681e-26,0.151820887552109,0.00530124511671914,-1.30871810276558,-0.326045296096973,0.129965422883245,-0.401377621851566,-1.93044273937742,-3.0177287811749e-24,6.49999268764952
28.56,-0.1968929,0.3526231,-9.22843861372166e-25,0.152742673354615,0.128273367978693,-1.20321606984773,-0.324762562417186,0.117933262184768,-0.352444056482305,-1.91411830124628,-9.23023530603734e-23,6.49950808387854
28.57,-0.2040585,0.3646925,-2.12882345417072e-21,0.151903906058499,0.249936924156962,-1.09002599594837,-0.322263193175616,0.107033002225285,-0.302900427836061,-1.90036405285702,-2.17099036155761e-19,6.43202936518569
28.58,-0.2098443,0.3779607,-1.71250811586128e-17,0.034065114428719,0.371843269157537,-0.970258430645925,-0.318544760484041,0.0973304179188253,-0.25177235501492,-1.88963120211336,-2.02461995698657e-15,1.43708426574036
28.59,-0.2141393,0.3922347,-7.14631082149873e-14,4.90626245160846e-05,0.494112273152563,-0.846567851081659,-0.313603637752515,0.0888647394080087,-0.198600961801402,-1.88221110760016,-1.51092621983088e-11,0.00206464345820079
28.6,-0.2165506,0.4074933,4.30048284477562e-11,1.5801745014852e-08,0.618974180041871,-0.720133967206785,-0.307413895952096,0.0816633997359408,-0.141838874391847,-1.878778460479,-6.1695920500147e-08,6.6421642678561e-07
28.61,-0.21718,0.4235211,-3.01691021557408e-07,1.08796535088822e-12,0.744751511272938,-0.593530133851623,-0.299966380839367,0.0757280983974246,-0.0816777076798668,-1.87987986881042,-0.000111108417298099,4.57484243385886e-11
28.62,-0.2154578,0.4398802,-0.000633816509478211,1.1889830395837e-17,0.874938011837667,-0.470816515959754,-0.29121700072099,0.0710199332378271,-0.015642452294572,-1.88572482761278,-0.110929459834563,5.00930118811792e-16
28.63,-0.2113179,0.4558742,0.292927524126955,1.73982118245803e-23,1.00894916403655,-0.357673580837663,-0.281127509080625,0.0674431974294504,0.0568569730648559,-1.89575834745244,-5.91558392827902,7.35507937690806e-22
28.64,-0.2048107,0.4708081,0.896440307451697,3.40658924562286e-30,1.14534616509941,-0.259282525415752,-0.269674047429631,0.0648503721752929,0.135927017415134,-1.90869994534857,-6.49809395489895,1.44672308476277e-28
28.65,-0.1954744,0.4841229,1.4370564768264,1.34851735697319e-37,1.28663210394426,-0.179319729021772,-0.256807726390188,0.0630571748850752,0.2238211957305,-1.92261231676124,-6.49999175782078,5.75632147201586e-36
28.66,-0.1829465,0.4956021,2.04939512923327,3.03426635661854e-45,1.43434740131442,-0.118487618212244,-0.242464252377044,0.0618722987029528,0.322187161370763,-1.9356195482494,-6.49999995276147,1.30168623691202e-43
28.67,-0.1668108,0.5052322,2.72516623258178,3.96442655619704e-52,1.59027989042431,-0.0757920507618977,-0.226561453472801,0.0611143781953338,0.432396610368892,-1.94609878997875,-6.49999999966805,1.70780032337101e-50
28.68,-0.1468866,0.512953,3.42079058143151,1.09407018312174e-56,1.75426422815453,-0.0505585505004653,-0.209018811191255,0.0606087926903291,0.553829878619456,-1.9523550012619,-6.49999999999715,4.72503266806311e-55
28.69,-0.1231144,0.51871,4.10749944807144,2.90943526594165e-58,1.92518736531393,-0.042019902556337,-0.189766937538116,0.0601885936647658,0.68413934993957,-1.95301698745671,-6.49999999999997,1.25685786506044e-56
28.7,-0.09573131,0.5224496,4.74675904365698,4.29137843724263e-57,2.09975054911692,-0.0493630331063342,-0.168769432046947,0.0596949633337024,0.818842213022324,-1.94723464052054,-6.5,1.84949147163752e-55
28.71,-0.06512695,0.5239441,5.29836014311528,6.45040398435731e-53,2.27373158639473,-0.0730536915022277,-0.146032116183,0.0589644264186801,0.952934400203713,-1.93422028150031,-6.5,2.76568507201363e-51
28.72,-0.03128698,0.5239107,5.74314567339294,2.15128629213063e-47,2.44626444357551,-0.106309455623454,-0.121569471747245,0.0579013318624456,1.08332994954907,-1.91659755887916,-6.5,9.16250175565329e-46
28.73,0.003964153,0.5207136,6.06875812772121,5.31352590919714e-40,2.60273455708935,-0.160535430782469,-0.0955421261763511,0.0562959775546209,1.20440321612175,-1.89061260837552,-6.5,2.24233128202875e-38
28.74,0.04037958,0.5149809,6.29139029972744,6.02104313450992e-33,2.74157103525354,-0.22909234946424,-0.0681264158238156,0.0540050540599785,1.31669889371927,-1.85947492797735,-6.5,2.51552226269729e-31
28.75,0.07650743,0.5061547,6.42649770679562,2.34979186049764e-26,2.8523641357527,-0.314697845186408,-0.0396027744662886,0.0508580756081144,1.42023020996285,-1.82352463010575,-6.5,9.71694231536848e-25
28.76,0.1125902,0.4952875,6.49078284085279,7.17624531676988e-21,2.93837680488751,-0.407632338856587,-0.0102190064174135,0.0467817522195486,1.51752215070794,-1.78614176494249,-6.5,2.94044234061574e-19
28.77,0.1473002,0.4820228,6.49499404147341,4.29318477087213e-16,2.99096842219995,-0.509483481972221,0.019690677804586,0.0416869173998264,1.61005524765066,-1.7475328955355,-6.5,1.74527830931065e-14
28.78,0.1799793,0.4663661,6.44577449949445,6.67859325995008e-12,3.00736714779293,-0.618939993294112,0.0497643492825153,0.0354975174668852,1.70008812498484,-1.70839967383071,-6.5,2.69770704628226e-10
28.79,0.2101838,0.4484442,6.3447654848757,3.19519362725481e-08,2.98682758012622,-0.733832402335947,0.0796326250837775,0.0281591934435258,1.78983863460941,-1.66932980212235,-6.5,1.28449631914516e-06
28.8,0.2376846,0.4286448,6.18930419764604,4.90605472226139e-05,2.93048418961541,-0.850159220413917,0.108937466979932,0.0196576012393866,1.88130550408371,-1.63081079757472,-6.5,0.00196606855611289
28.81,0.2622482,0.4070329,5.97289730063953,0.0252277687971349,2.83955984257846,-0.966641231546396,0.137333065405716,0.00999118892392264,1.97637708798776,-1.59290802016931,-6.5,1.0093649611761
28.82,0.2843297,0.3840407,5.68868279736384,0.15898451110167,2.72055912642949,-1.07933069724885,0.164538656670011,-0.000802118048565807,2.07585952488904,-1.55569920202406,-6.5,6.36012717292728
28.83,0.3026171,0.3594233,5.3188487948958,0.162248700453552,2.56638497439698,-1.1896945441415,0.190202506413981,-0.0126990634899808,2.18320011481262,-1.51906833331204,-6.5,6.49890395189727
28.84,0.3186153,0.333984,4.86151158012586,0.161853409274759,2.39184071907034,-1.29121238722636,0.214120913604684,-0.0256111873622443,2.29656672517885,-1.48291027277474,-6.5,6.49998185498982
28.85,0.3319758,0.3076846,4.30802349742454,0.161221002391834,2.19681297531138,-1.38423958869913,0.236089043357798,-0.0394535832492357,2.41692082429477,-1.44710661177711,-6.5,6.49999944596973
28.86,0.3443507,0.2819336,3.68553331432043,0.160371349704499,1.99634852921513,-1.45826535966098,0.256052528649949,-0.0540362368458455,2.53889734737344,-1.41115181314113,-6.5,6.49999995961803
28.87,0.3516201,0.2537277,2.9287817920833,0.159337851159511,1.76102925312903,-1.53686910153182,0.27366282118124,-0.0694049278611636,2.67462237319295,-1.3761038951856,-6.49999999999816,6.49999999712294
28.88,0.3583513,0.2265506,2.12707626280968,0.158074761203799,1.5291158411348,-1.59302984178652,0.288953979592588,-0.0853352262790288,2.80695907200611,-1.34030395727953,-6.49999999837837,6.49999999953161
28.89,0.3633226,0.1995188,1.31381586991593,0.156590750234513,1.29248526653928,-1.63473723464915,0.301878832257981,-0.10168259862552,2.93795643436961,-1.30419205616805,-6.49999537695047,6.49999999987452
28.9,0.3667147,0.1728212,0.468050840324572,0.154876361905385,1.05419038183787,-1.6613946320043,0.312420736076359,-0.118296544945563,3.06485891242161,-1.26762199750638,-6.44387306907817,6.49999999994575
28.91,0.3687146,0.1465851,-7.66301144811554e-05,0.152922273703423,0.81710840990462,-1.67300065815408,0.320591820175405,-0.135026551527104,-3.09780968274512,-1.23049101814844,-0.00956793950941852,6.49999999996305
28.92,0.3693375,0.1207551,-4.70916071636728e-12,0.150727759846614,0.582606521067532,-1.67101239264003,0.326417885386081,-0.151736675453504,-2.98462077653109,-1.19285189247417,-1.11115194698682e-08,6.49999999996244
28.93,0.3688962,0.09560461,-1.01051833470515e-17,0.14827586638175,0.354169072416269,-1.65438255238622,0.329959576110243,-0.168280500977366,-2.88012885780804,-1.15446858041164,-1.14193164740288e-15,6.4999999999412
28.94,0.3672862,0.07086834,-2.62226177114124e-24,0.145585291215244,0.131850493444404,-1.62627596614008,0.331278081044687,-0.184543260638767,-2.78357735108222,-1.1156391108153,-2.62476595542105e-22,6.4999999998699
28.95,0.3645727,0.04650963,-2.80295816182281e-25,0.142667439255587,-0.0830592001696644,-1.58796690340298,0.330447489042991,-0.200422929672797,-2.69454793078889,-1.07644803140194,-2.71139434078749e-23,6.49999999960258
28.96,0.3607325,0.02236226,-8.38240244957269e-20,0.139552642456011,-0.290072018348013,-1.54166609769863,0.327546768859511,-0.215839590649783,-2.6340781696328,-1.03715279248308,-7.29604377088809e-18,6.49999999840545
28.97,0.3559934,-0.001536889,-1.84586722585184e-13,0.136258827000996,-0.486895597070152,-1.48793626292005,0.322677812888809,-0.230718953278984,-2.55831887275932,-0.997774076351978,-1.37330308266777e-11,6.49999999157176
28.98,0.3504075,-0.02534072,-3.57758947156495e-08,0.132831516709846,-0.67278665090889,-1.4287677721189,0.31594994637972,-0.245006631000173,-2.48796000612562,-0.958601744625323,-2.34723694596155e-06,6.49999994374434
28.99,0.34414,-0.0491368,-0.000567000691838661,0.129316014800439,-0.846270298975604,-1.36554116405166,0.307487243389964,-0.258662042640689,-2.42255215576046,-0.919849439064106,-0.0340743285012675,6.49999953768884
29,0.3376129,-0.07277219,-0.104877338281601,0.12571065744843,-1.00412236002538,-1.29774810994732,0.29744601978971,-0.271639523740163,-2.36217358226114,-0.881363517208175,-5.91223871300085,6.49999512670143
29.01,0.3312404,-0.09612484,-0.121120258968969,0.121972535827377,-1.14350801499983,-1.22517688180124,0.286010939639712,-0.283891292558175,-2.30674168780631,-0.843031033504524,-6.49825412154088,6.49993158821853
29.02,0.325552,-0.1189546,-0.126082590146536,0.117995641704967,-1.26104199455575,-1.14677199638058,0.273400519694155,-0.295359012521981,-2.25631946539158,-0.804526557581004,-6.49998104513225,6.49861445807974
29.03,0.3213956,-0.1406717,-0.130259139722502,0.11280154291483,-1.35132712158081,-1.05896112245187,0.259887248478347,-0.3059486237465,-2.21146516913548,-0.764869914700741,-6.49999924045068,6.4504374715524
29.04,0.3194183,-0.1609173,-0.133779832114076,0.0685569768514431,-1.41102991185603,-0.960232730584654,0.245776949359786,-0.315550951052346,-2.17230787185292,-0.723470928208059,-6.49999989729478,4.09879589945308
29.05,0.3198915,-0.1792724,-0.136716066609601,0.000843830285813618,-1.44006178401517,-0.848803125888022,0.231376331519635,-0.324038982311226,-2.13846467133498,-0.67956619718983,-6.49999995858776,0.0533141723349252
29.06,0.322762,-0.1954837,-0.139157398433868,1.09796550039942e-06,-1.44095422910494,-0.724341088111792,0.216966789228585,-0.331282393192344,-2.10927155760565,-0.632662184722048,-6.49999995664922,7.45240425344609e-05
29.07,0.3279958,-0.2091407,-0.141167807645867,2.65253012681405e-10,-1.41606085435191,-0.585436401171776,0.202806180685066,-0.337136757204062,-2.08434914231574,-0.581827637678044,-6.49999989076311,1.97916606572145e-08
29.08,0.335418,-0.2200404,-0.142808381525166,8.86186765135089e-15,-1.36876800156618,-0.432432881931298,0.189118500669404,-0.341461086023375,-2.06330953675277,-0.526488714763412,-6.49999938183205,7.4171717681401e-13
29.09,0.3445159,-0.2279934,-0.144161012189361,5.70167910406532e-20,-1.30487141730697,-0.265831772442702,0.176069786496335,-0.344119403747802,-2.0454112694213,-0.465989277191762,-6.4999931035295,5.36195057488914e-18
29.1,0.3555177,-0.2328368,-0.145203079777472,2.29755427046722e-24,-1.22426535915364,-0.0863780185819323,0.163827132904798,-0.344983183933621,-2.03119067668837,-0.399621946744184,-6.499831568806,2.30670855085676e-22
29.11,0.3679989,-0.2348417,-0.145799925343652,3.55770100760124e-24,-1.13185412664148,0.101898614613418,0.152508591638383,-0.343964197787487,-2.02029679050465,-0.327831516799637,-6.49153801770879,3.56393398638184e-22
29.12,0.3816704,-0.233886,-0.129191466408821,3.46120926906379e-19,-1.03122724801506,0.29817747380288,0.142196319158233,-0.340982423049458,-2.01265261195767,-0.249925919246816,-5.73086901463341,4.13262961993996e-17
29.13,0.396688,-0.2301246,-0.00420332830759744,8.0351939056899e-14,-0.922410701304274,0.499567280175228,0.13297221214519,-0.335986750247706,-2.00902766887342,-0.166079812419252,-0.186135721078308,6.22662437885801e-11
29.14,0.4118019,-0.2237958,-1.00814912893658e-05,7.1416537050446e-08,-0.816038835408895,0.702735348285316,0.124811823791101,-0.328959396764853,-2.00770063667872,-0.0768653252988203,-0.00044615748759243,2.01255914807383e-05
29.15,0.4271512,-0.2149155,-1.1707673939796e-08,-0.00888238074011646,-0.711499424478665,0.906260354724534,0.117696829546314,-0.319896793217608,-2.00923674380859,0.0177782157355974,-5.18501628809604e-07,0.784580413236943
29.16,0.4417965,-0.2037848,-1.014275692603e-11,-0.767376873987965,-0.616316957242379,1.10667919710921,0.111533659973891,-0.308830001246515,-2.01193316799918,0.116731104514026,-4.49772862608918e-10,6.49373095096054
29.17,0.4549946,-0.1904973,-1.09330651204112e-14,-1.41047563255697,-0.535922020461671,1.30236709161718,0.106174439769274,-0.295806330330344,-2.01391566915751,0.219486666649508,-4.85279052091521e-13,6.49999661075767
29.18,0.4663098,-0.174924,-2.47923994753349e-17,-2.07472449037312,-0.47293739597054,1.49351744640518,0.101445065809568,-0.280871155866292,-2.01356266886631,0.326242793385209,-1.10025816309428e-15,6.49999999469062
29.19,0.4758403,-0.1567404,-1.48677544799245e-19,-2.75673034179583,-0.425679766109871,1.68180601688037,0.0971882681484698,-0.264053095697488,-2.0104072831748,0.437706333180147,-6.58819663278434e-18,6.49999999998181
29.2,0.4832524,-0.1360518,-4.21681928895961e-21,-3.41422117396926,-0.395742282536677,1.86556380466562,0.093230845323103,-0.245397457650832,-2.00302639091754,0.552637222937142,-1.86206051987681e-19,6.49999999999988
29.21,0.4891051,-0.112129,-4.21767584815351e-22,-4.04794409252837,-0.377794718568611,2.04954575936911,0.0894528981374169,-0.224902000057141,-1.9924084761795,0.672349150903834,-1.85333583365888e-20,6.5
29.22,0.4927831,-0.08572238,-2.9059777739082e-22,-4.62867203721067,-0.375654358380007,2.22702205484963,0.0856963545536168,-0.202631779508645,-1.97683664985146,0.79263669599655,-1.26810235055735e-20,6.5
29.23,0.494294,-0.05690481,-1.24491964514532e-21,-5.13938758894924,-0.388081883150175,2.39689802114904,0.0818155357221151,-0.178662799297154,-1.95639363866911,0.911926936285954,-5.38546511356774e-20,6.5
29.24,0.4943521,-0.02518192,-1.34603333809711e-20,-5.57282413297965,-0.408546585938822,2.56246657807788,0.0777300698627269,-0.153038133516375,-1.9330269359817,1.03004576743354,-5.76860014230713e-19,6.5
29.25,0.491487,0.007791421,-1.01243702222126e-18,-5.9128653160501,-0.44735195530777,2.710638583917,0.0732565503096492,-0.125931747677205,-1.90394870539365,1.1424061344293,-4.29236058718356e-17,6.5
29.26,0.4862774,0.04213702,-1.89428397953822e-16,-6.16779302339172,-0.498548227945721,2.84276172788667,0.068271068030192,-0.0975041303983387,-1.87120523903818,1.24962832281682,-7.94308717182811e-15,6.5
29.27,0.4786485,0.07724268,-6.24453274940918e-14,-6.34431172000575,-0.561464774319496,2.95465473283696,0.062656420286997,-0.0679575830699691,-1.83548673593343,1.35143282862336,-2.59068490269251e-12,6.5
29.28,0.4688809,0.112552,-2.22005109059634e-11,-6.45132500162099,-0.632745495035238,3.04298324529449,0.0563289653366446,-0.0375277506170242,-1.79801748544405,1.44830899038759,-9.12164337827943e-10,6.5
29.29,0.4564092,0.1470212,-9.70830807322837e-09,-6.4971205778753,-0.71558602521483,3.10113260142168,0.0491731050844963,-0.00651642460280739,-1.75875325266966,1.5410224384856,-3.95507126612076e-07,6.5
29.3,0.4423952,0.1806284,-2.43779813940208e-06,-6.48818529468499,-0.799922407473764,3.13083809797112,0.0411738810097587,0.0247919563769038,-1.71955778591008,1.63111393622076,-9.86341640898822e-05,6.5
29.31,0.4263402,0.2124429,-0.000460870979082788,-6.42782306424512,-0.888887397616355,3.12703472689857,0.0322850070335951,0.0560623036458895,-1.6802120486869,1.71999625853447,-0.0185491151124709,6.5
29.32,0.4084158,0.2420501,-0.0442236222255671,-6.31608557860871,-0.98032791475475,3.08910749192526,0.0224817278860476,0.0869533785651422,-1.64108874271386,1.80930404451181,-1.77345693706731,6.5
29.33,0.3889337,0.2691161,-0.157376545801808,-6.14974357345911,-1.07118561890132,3.01729264573097,0.0117698716970344,0.117126305022452,-1.60245548331564,1.90065102846369,-6.29831347987234,6.5
29.34,0.3678627,0.2933906,-0.162404220850227,-5.92252720068689,-1.16120692701593,2.91263049531332,0.000157802426875148,0.146252609975585,-1.56433259923378,1.99559338200682,-6.4963086471931,6.5
29.35,0.3454616,0.3147945,-0.162335186730776,-5.62600502203808,-1.2479852336909,2.77756087797137,-0.0123220499100339,0.174028218755299,-1.52675911031662,2.0954401175254,-6.49989968268137,6.5
29.36,0.3219083,0.3333451,-0.161949584680212,-5.25081813717223,-1.32992123243742,2.61524244753667,-0.025621262234408,0.200180643230665,-1.48969272740638,2.20116403415151,-6.49999585439293,6.5
29.37,0.2974758,0.3491362,-0.16134059414012,-4.78877092613115,-1.40484643506196,2.42932945721136,-0.0396697265850276,0.224473937802779,-1.45303844415622,2.31325081956519,-6.49999973526172,6.5
29.38,0.2723286,0.3623352,-0.160516160850455,-4.23671307391204,-1.47161052391537,2.22389335537094,-0.0543858318241813,0.246712871356488,-1.41669007664564,2.43149012029815,-6.4999999743876,6.5
29.39,0.2467213,0.3729649,-0.15947852767041,-3.59702951058755,-1.52851820106464,2.0017269819391,-0.0696710138348277,0.266730141175879,-1.38049946421649,2.55541111570235,-6.49999999622559,6.5
29.4,0.221086,0.3813913,-0.158222881613161,-2.88071741721876,-1.57272573043395,1.76809185794114,-0.0853982711391671,0.284411059755291,-1.34421500578634,2.68285288082374,-6.49999999911223,6.49999999999855
29.41,0.1955144,0.3876678,-0.156745878865237,-2.09567814627677,-1.60422455576929,1.52557131380394,-0.10144051669686,0.29966677289333,-1.30774164917667,2.81199295909576,-6.49999999967913,6.49999999830081
29.42,0.1702539,0.3919473,-0.155038188181149,-1.29906639294657,-1.62191269777997,1.2773545371102,-0.11765964367466,0.312440318264432,-1.27089132343851,2.94038855849904,-6.4999999998203,6.49999264731658
29.43,0.1454706,0.3943676,-0.153089858220039,-0.454124561115071,-1.62545658755827,1.02631198079811,-0.133914209550242,0.322703438072413,-1.2335245412603,3.06567434568409,-6.49999999984487,6.33622814626493
29.44,0.1215802,0.3953028,-0.150875805402322,1.09959732020032e-05,-1.61275763861859,0.776890979988394,-0.150041785936428,0.330472347872297,-1.19528195964511,-3.09818925892427,-6.49999999978078,0.00136955987592953
29.45,0.09836611,0.3944584,-0.148401761566234,1.81868097780855e-13,-1.58670192525348,0.528171542551952,-0.165908805188963,0.335754063297817,-1.1563622226283,-2.98466517374638,-6.49999999953217,4.33152596219761e-10
29.46,0.07607871,0.3921184,-0.145648125443968,1.04545028994621e-19,-1.5465387849586,0.283647876802412,-0.181374193038549,0.338590542065841,-1.11651352245104,-2.8783778057682,-6.49999999842762,1.17307803893958e-17
29.47,0.05480197,0.3885197,-0.142605792037294,3.3502730063331e-25,-1.4928991363534,0.0461720115747113,-0.196303184402083,0.339052262181588,-1.07564714609561,-2.77995022355713,-6.49999999158079,3.3554444159009e-23
29.48,0.03425058,0.3833536,-0.139306272852599,1.43850232000348e-22,-1.42920931378201,-0.185754695003695,-0.210595277539903,0.337194715231551,-1.03413733135,-2.61937115672254,-6.49999993318006,1.21476090805581e-20
29.49,0.01434438,0.3768086,-0.135774132695013,1.24531520340175e-15,-1.35716044908609,-0.409815638812184,-0.224166882030764,0.333096558843429,-0.992134501150567,-2.53743412816146,-6.49999922534426,8.89633025784395e-14
29.5,-0.005015371,0.3691234,-0.132046547817067,2.46227520625149e-09,-1.27850392452437,-0.62353362431476,-0.236951921276008,0.326861222600282,-0.949841506979928,-2.46199674043863,-6.49998708394496,1.55563044500186e-07
29.51,-0.02392333,0.3604738,-0.128164838108992,0.000241630124618069,-1.19486762290408,-0.825148702979831,-0.248900597505049,0.318609735570483,-0.907481734989399,-2.39244678404124,-6.49969400596873,0.0140427740412874
29.52,-0.04273853,0.351055,-0.124031025615102,0.112515065443394,-1.10976599570337,-1.01295549603921,-0.259998257462082,0.308480180610091,-0.865757757337984,-2.32818934445391,-6.49065545310557,6.14820104660126
29.53,-0.06129401,0.3415805,-0.113220739393088,0.124808860131941,-1.0225204691929,-1.18156005804796,-0.270223462154011,0.296664580029612,-0.824470430707372,-2.26956995947832,-6.12783200070532,6.4996639875628
29.54,-0.07958727,0.3326106,-0.0251613563466264,0.129805849592845,-0.933747341045731,-1.32723253282856,-0.279560935564469,0.283392254701326,-0.783713116156483,-2.21641496917456,-1.41261483815719,6.49999848115529
29.55,-0.09731653,0.3250785,-0.000320793363556948,0.13406537399767,-0.841784815678519,-1.44385220105345,-0.287978783721254,0.268953732690791,-0.74296605951045,-2.16906929327475,-0.0187667707255077,6.49999997072939
29.56,-0.114006,0.3198801,-1.54220854355099e-06,0.13762662392834,-0.743811644881401,-1.52619975422333,-0.295416900170068,0.253691735148558,-0.701292995676431,-2.12770052027407,-9.46981509412037e-05,6.4999999978302
29.57,-0.1301669,0.3169797,-4.15531187919555e-09,0.14062034151773,-0.644644168749764,-1.57664330885758,-0.301863341857566,0.237925302059982,-0.659924936639602,-2.09122388680365,-2.70034866464661e-07,6.49999999951942
29.58,-0.145096,0.3167157,-4.2060620419487e-12,0.143109608774703,-0.539652781756406,-1.59473954764985,-0.30725986967513,0.221977906583484,-0.617274543262436,-2.05936978366697,-2.93284636439276e-10,6.49999999970483
29.59,-0.158902,0.3187483,-1.62267241081459e-15,0.145206907057187,-0.430666993745863,-1.58535937644603,-0.311566539612588,0.206124312819024,-0.573668768696952,-2.03118978672083,-1.23086488989255e-13,6.49999999957877
29.6,-0.1715868,0.3227354,-2.81727102432378e-19,0.146995460750937,-0.318607716095975,-1.55318023436599,-0.314752616773548,0.190592510475364,-0.529164642293796,-2.00597362622066,-2.34481570615473e-17,6.49999999877101
29.61,-0.1828777,0.328407,-4.0135697977113e-23,0.14853214736471,-0.202287003909635,-1.50211827967344,-0.316775486812644,0.175571327678629,-0.48305134746889,-1.98326119184687,-3.66362919142232e-21,6.49999999323321
29.62,-0.1925848,0.3355532,-4.00419273170111e-26,0.149855976848928,-0.0812524190215811,-1.43545428584515,-0.31758801100286,0.161216784820178,-0.434786944377401,-1.96277325893536,-3.9309592045158e-24,6.49999993280294
29.63,-0.2008481,0.3441463,-1.16804583316971e-26,0.150983458562081,0.04241440786884,-1.35494240177506,-0.317163866924172,0.147667360802427,-0.384768218262454,-1.94453414832375,-1.17369013678254e-24,6.49999877348624
29.64,-0.2070044,0.353842,-4.0467851629952e-24,0.151947827840166,0.172787035241338,-1.26466779340305,-0.315435996571758,0.135020682868397,-0.330836476312863,-1.92824989038821,-4.05054030165774e-22,6.49996100309065
29.65,-0.2112486,0.3649523,-7.1877288793001e-20,0.152673907655722,0.307167222937544,-1.16353785032151,-0.312364324342383,0.123385304365182,-0.273490119153375,-1.91449336106639,-7.78213549385151e-18,6.49747473266104
29.66,-0.2133416,0.3774415,-1.9674876801023e-15,0.145171015663862,0.446284379017897,-1.05321602463092,-0.307901480552204,0.112853144118872,-0.211716293916618,-1.90352951461624,-3.31590441594122e-13,6.153802590011
29.67,-0.2131169,0.3911738,4.08188380852815e-12,0.00728869269645565,0.590241016451671,-0.936050663079989,-0.301999070387687,0.103492637488073,-0.14465177783651,-1.895600308309,-7.74562555722315e-09,0.308112047106431
29.68,-0.2105282,0.4061457,-2.96831328894654e-07,7.03518801034388e-06,0.738203111613679,-0.813262238395662,-0.29461703927155,0.0953600151041159,-0.0718091409314698,-1.89123730105117,-6.70533405185121e-05,0.000296951115305344
29.69,-0.2053909,0.4219286,0.000967980286796096,1.91639257160097e-09,0.890407655073059,-0.689205353356382,-0.28571296272082,0.0884679615705521,0.00788075945548036,-1.89048749195253,-0.219514513695354,8.08691712426891e-08
29.7,-0.1978562,0.4378785,0.592306021885787,1.54934082327919e-13,1.04453673879564,-0.569533412189624,-0.275267595332863,0.0827726274486558,0.0941019353073393,-1.89297947941202,-6.36552196460502,6.54356727992331e-12
29.71,-0.1878954,0.4533027,1.21427898747284,4.2183968316163e-18,1.19977837410526,-0.45981747060995,-0.263269811591811,0.0781744527425563,0.187178441458606,-1.89793993154787,-6.49977753755138,1.78467329338125e-16
29.72,-0.1753555,0.4676935,1.83435865605033,4.70464155688788e-23,1.3563055897439,-0.363755052645172,-0.249706755694372,0.0745369022161046,0.287801596354458,-1.90445275526621,-6.49999931904755,1.99495192613103e-21
29.73,-0.1600006,0.4809252,2.5101600407796,2.31304843183496e-28,1.51488834179131,-0.28181915725654,-0.234557872276459,0.0717187106435392,0.396697164873876,-1.91193065879935,-6.4999999965592,9.83463201283056e-27
29.74,-0.1418469,0.4925414,3.1927264357684,1.13214263618416e-33,1.67433836582984,-0.216845652351465,-0.21781448861816,0.0695502541200246,0.512959786033606,-1.91882004714954,-6.49999999997255,4.82585576412108e-32
29.75,-0.1207256,0.5024375,3.86014549596814,1.47333536191167e-38,1.83493556245,-0.168715009727599,-0.19946513299366,0.0678631040227486,0.635830514511403,-1.92401353161271,-6.49999999999968,6.2924423858415e-37
29.76,-0.09665141,0.5104282,4.49167545174625,2.62905575232596e-42,1.99555544772717,-0.137824674305139,-0.179509578516389,0.0664848572796972,0.763070801377425,-1.92618303776942,-6.49999999999999,1.12376138417379e-40
29.77,-0.06981301,0.5162891,5.05675560192402,4.04700244175845e-44,2.15385473660313,-0.124735144368853,-0.157971031150357,0.0652375058360087,0.891456025045802,-1.92400274485185,-6.5,1.72842020306616e-42
29.78,-0.04041681,0.5199197,5.53193100674434,1.22886712949228e-43,2.30754351715957,-0.128931567032014,-0.134895595978762,0.0639481901656885,1.01794969148684,-1.91672813618311,-6.5,5.23409638450846e-42
29.79,-0.008952901,0.5211461,5.90519427213197,5.93249647814211e-41,2.45240458950373,-0.150388018127807,-0.110371550083724,0.0624443099844105,1.13957340317881,-1.90385550188102,-6.5,2.51507716033779e-39
29.8,0.02407383,0.5199594,6.17809785171631,8.73684036272303e-37,2.58447359386948,-0.187741986062786,-0.0845268141450295,0.0605668901237826,1.25469101928496,-1.88569288450363,-6.5,3.68087651232916e-35
29.81,0.05755897,0.5156933,6.35921214131595,1.61767004285648e-31,2.69566655037287,-0.244576728884047,-0.0575701486413008,0.0581211228349421,1.36223413414535,-1.86157548537275,-6.5,6.76278903610228e-30
29.82,0.09155702,0.5096707,6.46276091781225,1.10535350398864e-26,2.78729355004804,-0.30916906387018,-0.0296972131408205,0.0550294321962403,1.46367550275899,-1.83494272748743,-6.5,4.58511296251527e-25
29.83,0.1244748,0.5000055,6.49959579185235,1.55795610591238e-21,2.84834572433876,-0.394704038151303,-0.00121375589743284,0.0510823918147273,1.55964127403879,-1.80350737923018,-6.5,6.40973359442408e-20
29.84,0.1564677,0.4881957,6.47847721747225,5.17917684284705e-17,2.88189362783227,-0.487875586019298,0.0276051803808898,0.0462036359545343,1.65221724450877,-1.77058848651787,-6.5,2.11500321156904e-15
29.85,0.1867687,0.4738803,6.40377102149686,6.42486156667605e-13,2.8840324669836,-0.590273855092438,0.0564455050507259,0.0403008974036099,1.74312466768516,-1.73635332440376,-6.5,2.60665970880715e-11
29.86,0.2151352,0.4572334,6.27613207796973,2.9170900153916e-09,2.8552491431835,-0.699304859153502,0.0849979964825609,0.0333078488120749,1.83407433557636,-1.70151630914263,-6.5,1.17718273386649e-07
29.87,0.241442,0.4386511,6.09328219818395,4.6427606994759e-06,2.79705119401196,-0.810868279008897,0.11296850842268,0.0251991660219859,1.92650531306695,-1.66669633457567,-6.5,0.000186593734917783
29.88,0.2654673,0.4180957,5.85032415463405,0.00314726417077717,2.71027620175295,-0.924408450162917,0.14007127044021,0.0159550815203568,2.02179469609899,-1.63201583028156,-6.5,0.126134006830156
29.89,0.2875313,0.3960731,5.54323200261284,0.138113115955015,2.59991976889076,-1.03532543598542,0.166070468129118,0.00560182716050261,2.12032415606505,-1.59773927879448,-6.5,5.52659115185645
29.9,0.3065176,0.3721398,5.15852641149164,0.16232143558769,2.45998976580734,-1.1464914431006,0.190670365787191,-0.00586308727050336,2.22484659916328,-1.56374457582429,-6.5,6.49302374793114
29.91,0.3236661,0.3472225,4.6999482708578,0.162359343648684,2.30274255814843,-1.2502980288177,0.213697791368675,-0.0183660675586804,2.33322361542838,-1.53013516697986,-6.5,6.49990882255385
29.92,0.3393956,0.3218466,4.17505071997152,0.162041749528141,2.13347647673889,-1.34275210765059,0.235032556136064,-0.0317935886351863,2.4439476825059,-1.49679551917304,-6.5,6.49999744708922
29.93,0.3525891,0.2954314,3.5747258394112,0.161540582949446,1.94567072304986,-1.42851081623486,0.254489263366563,-0.0460786967975349,2.55954398679088,-1.46368613406542,-6.49999999999998,6.49999988585794
29.94,0.363089,0.2679935,2.8982454816014,0.160861407865604,1.74057649724152,-1.50744600344258,0.271895028338978,-0.0611531568319607,2.67985641084369,-1.43076653788493,-6.49999999999672,6.49999999236214
29.95,0.3724453,0.2408517,2.18086857365724,0.159995602279721,1.53222905870152,-1.56972081746687,0.287217318925993,-0.0768503650066294,2.79832248437905,-1.39759740894366,-6.49999999851483,6.49999999900962
29.96,0.3814973,0.214858,1.4825146921191,0.158926014261047,1.3283166989018,-1.60982679795821,0.300500485915011,-0.0929486329862115,2.91038053520949,-1.36376317033237,-6.49999872379491,6.49999999972596
29.97,0.3861875,0.1867498,0.731915033749285,0.157702870356278,1.09928985134713,-1.65360855902292,0.311493384428482,-0.109484718576441,3.02991742435811,-1.33075841411264,-6.49171642398156,6.49999999993021
29.98,0.3908046,0.1601622,0.000276511616684335,0.156251832651961,0.880396863443664,-1.67329613325908,0.320297353062919,-0.126217679909031,3.13934335413534,-1.29659138205712,-0.239936071519409,6.49999999996262
29.99,0.3939771,0.1339596,3.01468291866538e-10,0.154591465646637,0.661846786457275,-1.67906006932616,0.326915820927492,-0.143008280602293,-3.03970192957748,-1.2619463148286,-1.66392890199984e-06,6.49999999996972
30,0.3957308,0.1081719,-5.1534267837671e-15,0.152716479460177,0.445032503179881,-1.67166231807184,0.331366145959291,-0.159724903783011,-2.94123712233802,-1.22679997458517,-1.05112679322978e-12,6.49999999996396
30.01,0.3961651,0.08284941,-1.73659129984267e-21,0.150621757613841,0.231785283113517,-1.65172617855905,0.333683998790426,-0.176242165568602,-2.84876645693821,-1.19112062032452,-1.79713023083351e-19,6.4999999999379
30.02,0.3952213,0.05791481,-1.10174369988989e-25,0.148311002455559,0.0225962914581714,-1.62085752148658,0.333909961705007,-0.192450740783468,-2.76181549152664,-1.15499631512821,-1.10659741000051e-23,6.49999999985083
30.03,0.3928537,0.03323561,-5.54435802852029e-23,0.145796865442321,-0.182004146553872,-1.58101558638967,0.332089920239469,-0.208260896647364,-2.69101212511984,-1.11858906560503,-5.33753257660998e-21,6.49999999952211
30.04,0.3891865,0.00889289,-8.82034629789824e-17,0.143081785870496,-0.380279503328005,-1.53246495620043,0.328287125206189,-0.223585546209369,-2.61103706197977,-1.08185790018996,-7.31979897329716e-15,6.49999999793607
30.05,0.3843126,-0.01520161,-6.25486035988376e-11,0.140185595547878,-0.570891796503091,-1.4767677028779,0.322578207241158,-0.238353223238148,-2.53599413882637,-1.04495778666794,-4.4562736064352e-09,6.49999998830273
30.06,0.3783049,-0.03911858,-3.94807459928695e-06,0.137133087005807,-0.752794092309323,-1.41527813944766,0.315050266318065,-0.252506004632624,-2.46544849581259,-1.00804048729528,-0.000250627515022547,6.49999991476818
30.07,0.3718034,-0.06252588,-0.0200999119355858,0.133907720105217,-0.920825144556147,-1.34626612599632,0.305842014872503,-0.265968665892587,-2.40022785339664,-0.970734166345014,-1.17790366229461,6.49999912770242
30.08,0.3651659,-0.08540023,-0.117117939557747,0.130528065503609,-1.07239616278945,-1.27048673230145,0.295118053244609,-0.278673533215602,-2.3401738742856,-0.933075709771266,-6.46834621614237,6.49998728793716
30.09,0.3590468,-0.1074238,-0.12325066755693,0.126964584998474,-1.20298551956957,-1.18647187503048,0.283088198048913,-0.290538251965907,-2.28562921061023,-0.894655649445049,-6.49983605409741,6.49970640960711
30.1,0.354285,-0.1280548,-0.12789198569682,0.122877547119909,-1.30714558615103,-1.09123464673467,0.270016742187403,-0.301450598433254,-2.2371027686837,-0.854662026065152,-6.49999650833908,6.48688800125639
30.11,0.3515327,-0.1470323,-0.131786072845542,0.0986821263737954,-1.38138067985553,-0.984180332501168,0.256202935388847,-0.311292401758265,-2.19464681835633,-0.812682042188849,-6.49999973081814,5.39573615161129
30.12,0.3510542,-0.1641569,-0.135057157915296,0.00199005686140523,-1.42552545406706,-0.865287720701094,0.241947680848177,-0.319945278965276,-2.15773666502439,-0.76835450936472,-6.49999993605298,0.113404120322152
30.13,0.3532028,-0.178942,-0.137750031401127,1.77943124426115e-06,-1.43892953756273,-0.732457201815155,0.227558385472549,-0.327269850983428,-2.12623072561271,-0.720680034117086,-6.49999995607227,0.000106731364278181
30.14,0.3578965,-0.1911544,-0.139952636524475,2.71278716290798e-10,-1.424420139792,-0.585724560465998,0.213314184074629,-0.333127096588088,-2.09951735090371,-0.669029767647041,-6.4999999223387,1.73952943775211e-08
30.15,0.3649961,-0.2006108,-0.14173446817138,5.12274416735999e-15,-1.38520151684495,-0.425580869100266,0.19946216890618,-0.33738290527909,-2.07715870156246,-0.612755044505505,-6.49999967307754,3.60153137127837e-13
30.16,0.3743124,-0.2070939,-0.143148581165442,1.7599393515578e-20,-1.32475278381897,-0.25230132060566,0.18621464106799,-0.339905918485147,-2.05885729150299,-0.55097632876975,-6.49999688300703,1.39919471904544e-18
30.17,0.386127,-0.210458,-0.144169435904815,7.45121019848598e-25,-1.24289527026508,-0.0667565800673842,0.173785688365339,-0.340573484285821,-2.04527751279704,-0.482823802597426,-6.49992397394702,6.80439521990282e-23
30.18,0.39957,-0.211021,-0.144811670784717,5.74481607290046e-24,-1.1482004547415,0.126704255671847,0.162303683817924,-0.339306441729102,-2.03540350371533,-0.408632663562515,-6.49604670380711,5.75225635265092e-22
30.19,0.4146875,-0.2086943,-0.135019764006545,2.32827098690195e-18,-1.04182688294161,0.327055639188515,0.151885414988508,-0.336035885337217,-2.02981728779,-0.327577512357594,-6.03984576681527,2.33253681023665e-16
30.2,0.4310448,-0.2036409,-0.00611389303761921,3.42332027755542e-12,-0.92850731288112,0.531422264080376,0.142600341859697,-0.330721662696413,-2.02840915862606,-0.239632659982193,-0.273301502211228,4.35660714832051e-10
30.21,0.4477922,-0.1959395,-1.07535980052367e-05,-6.91882090143351e-08,-0.815771483788582,0.737752259730968,0.134442627021811,-0.323344140099104,-2.03019645724299,-0.144612695437641,-0.000481132192659774,0.0001306696807561
30.22,0.4640347,-0.1858786,-1.24526180377627e-08,0.0218641825013053,-0.710917956289428,0.942560759120674,0.127333447458917,-0.313918532507897,-2.03368712070993,-0.0433166441338978,-5.58123910335909e-07,2.72172516863762
30.23,0.4787165,-0.1733768,-1.77659881575857e-11,-0.379721436002473,-0.62185655201969,1.14540348193619,0.12111488193872,-0.302464497688535,-2.03640462561163,0.0646351042818086,-7.97360485584768e-10,6.49864161320483
30.24,0.4910153,-0.1584987,-6.33107123085983e-14,-1.16355076644405,-0.554065393339812,1.34478183053377,0.115574228005322,-0.289016679383197,-2.03571603535769,0.178776123161892,-2.84047732943383e-12,6.49999922363853
30.25,0.5007191,-0.1405782,-8.99921892018721e-16,-1.91906986571901,-0.507924662175053,1.54479999007904,0.110494981383571,-0.273568679482407,-2.03017361315339,0.301344820853652,-4.02634038047647e-14,6.49999999891848
30.26,0.5076591,-0.1195051,-7.6558062679596e-17,-2.72007094908327,-0.483336063069402,1.74508857150249,0.105661620752877,-0.256117793767382,-2.01862767294923,0.431541167887873,-3.40587403935114e-15,6.4999999999969
30.27,0.5121682,-0.09486806,-3.46987176646062e-17,-3.50315989132332,-0.476333777857342,1.9475538753357,0.100898282974304,-0.236642255014025,-2.00156848053846,0.568863854994614,-1.53118166133336e-15,6.49999999999998
30.28,0.5141392,-0.06698941,-8.69242361146837e-17,-4.23106040425923,-0.486436901529844,2.14845419046584,0.0960339139590056,-0.215157713109367,-1.97879513634598,0.708955219106248,-3.79643483907779e-15,6.5
30.29,0.5138503,-0.03606782,-8.03956811371074e-16,-4.87406716212475,-0.510223204146083,2.34525980917707,0.0909316819175447,-0.191705115017596,-1.95134817723062,0.847937340575089,-3.47067182863284e-14,6.5
30.3,0.5109579,-0.003033694,-2.66244550130175e-14,-5.40076030873749,-0.549093997344432,2.53017351457951,0.0854407419441004,-0.166403379871801,-1.91909430718739,0.980655161520936,-1.13500606251745e-12,6.5
30.31,0.5059687,0.03198291,-1.62280070102775e-12,-5.81062573254269,-0.59790439012545,2.70203772381153,0.0794616980428459,-0.139383002633686,-1.88384628365614,1.10598092176125,-6.83273795022309e-11,6.5
30.32,0.4988085,0.06827918,-1.50675599401693e-10,-6.11022237146549,-0.656180845921403,2.85556570305472,0.0728998895836319,-0.110827345603138,-1.8461725457373,1.22265062533325,-6.27015997806928e-09,6.5
30.33,0.489218,0.1045495,-1.98731231146356e-08,-6.31287973154132,-0.724810810573814,2.98145479154002,0.0656517814778937,-0.0810127976877383,-1.80641052980089,1.33020889794015,-8.18201912205829e-07,6.5
30.34,0.4782135,0.1411447,-1.89859641168335e-06,-6.43677622000532,-0.795029679676905,3.08365115665861,0.0577014846811247,-0.0501762861211522,-1.76650214346709,1.43117246529214,-7.74669909143554e-05,6.5
30.35,0.4654131,0.1767999,-0.00015649662527449,-6.49363401495964,-0.869162082614835,3.15384455421414,0.0490098638549763,-0.0186378405790108,-1.72626903931395,1.52652371752302,-0.00633862376744516,6.5
30.36,0.4500654,0.2102154,-0.0132824346928722,-6.49268196322356,-0.952094691005777,3.1842635436734,0.0394889169449186,0.0132047948577232,-1.68544669368954,1.61826476143331,-0.534915344167862,6.5
30.37,0.4335532,0.2417158,-0.135096701127253,-6.43827874100291,-1.03236219307201,3.18010248421435,0.0291652950141985,0.0450058196998667,-1.64530588737201,1.70874845875856,-5.41935925939356,6.5
30.38,0.4154032,0.2704464,-0.161646012116182,-6.32986851823897,-1.11322791215491,3.13753310131451,0.0180330158926494,0.0763811507130118,-1.6056159059385,1.80015208409969,-6.46988080890301,6.5
30.39,0.3959282,0.2961834,-0.162473380546742,-6.1623725662887,-1.19184223653347,3.05795897058122,0.00611459352731473,0.106960740418824,-1.56652646647831,1.89459666972331,-6.49899625840374,6.5
30.4,0.3746501,0.3186155,-0.162345639765818,-5.92601433684451,-1.27148003565531,2.94223356711506,-0.00660020682923837,0.136383076089975,-1.52798863506396,1.99428952236975,-6.49996045051038,6.5
30.41,0.3527655,0.3380333,-0.161953832458623,-5.60908632123631,-1.34266750780324,2.79586111744157,-0.0200268819072708,0.16434168726439,-1.49000364113183,2.10061238508358,-6.49999741730006,6.5
30.42,0.3290362,0.3531869,-0.161333408011715,-5.18731306683439,-1.41485652600676,2.61257989807444,-0.0341754471673384,0.190467486245135,-1.45267351969695,2.2175401964938,-6.49999981337907,6.5
30.43,0.3041773,0.3654668,-0.160494324675526,-4.65229802214355,-1.48221006316128,2.40657635046692,-0.0489975477989512,0.214533249749804,-1.41584239516957,2.34376900364249,-6.49999998198778,6.5
30.44,0.2782225,0.3746087,-0.159445946322303,-3.99166807496926,-1.54443655640025,2.17872307506658,-0.0644419133629537,0.23632048050047,-1.37947258050152,2.48028870923053,-6.49999999773262,6.5
30.45,0.2512206,0.3807204,-0.158196925533269,-3.20661040392248,-1.60118206886377,1.93273752897095,-0.0804537340515914,0.255647855790179,-1.34352489764552,2.62617559295875,-6.49999999963398,6.49999999999998
30.46,0.2234614,0.3841668,-0.156749490335953,-2.30614536649753,-1.65035308560308,1.67409168024388,-0.0969572649076222,0.272388772592618,-1.30782483653852,2.77812880474092,-6.49999999992118,6.49999999997811
30.47,0.1950464,0.3851374,-0.155107483570061,-1.34931794247424,-1.69145480413501,1.40660829060326,-0.113871812948972,0.286454855498651,-1.27230169769001,2.93211760005311,-6.49999999997757,6.49999990815537
30.48,0.1662674,0.38395,-0.153266396531227,-0.334072541289589,-1.72265825596854,1.13483742982847,-0.131098395508658,0.297803229796935,-1.23674794867978,3.08306313229376,-6.49999999999129,6.4977969543067
30.49,0.1374835,0.3809859,-0.151214104394509,0.000180714279794432,-1.74182070387661,0.863487290159572,-0.148516602547424,0.306438102698531,-1.20088940399443,-3.05705933334202,-6.49999999999517,0.0809427077786633
30.5,0.1089679,0.3765352,-0.148937913967694,1.04448348100977e-10,-1.74766869119295,0.596232203169638,-0.165993289459353,0.312400424730227,-1.16451359146046,-2.92498463272433,-6.49999999999609,1.64987169003805e-08
30.51,0.08098719,0.3709021,-0.146422087004224,1.04991136961314e-18,-1.73914630175909,0.336552009887821,-0.183384752476944,0.315765944829106,-1.12740296123403,-2.80546924213938,-6.49999999999526,1.04990202300137e-16
30.52,0.05364778,0.3642655,-0.143660498924803,4.34231256488922e-26,-1.71655156647979,0.0866849641925,-0.200550268141742,0.316632794471031,-1.08949474990944,-2.69834156336309,-6.49999999999143,4.22106303376195e-24
30.53,0.0273512,0.3569925,-0.140621548444303,1.00652058804657e-24,-1.6780379146828,-0.149943306241457,-0.21733064728857,0.315133361408616,-1.05038384698585,-2.64662906013846,-6.49999999997533,8.98224998364002e-23
30.54,0.001972729,0.3490871,-0.137321976645569,1.82578570127111e-17,-1.62591139487546,-0.372957898922472,-0.233589761237325,0.311403782419391,-1.01027513056204,-2.56508907699364,-6.49999999989129,1.37698503846184e-15
30.55,-0.02233229,0.3408383,-0.133756254165274,6.66566838582546e-11,-1.56029395596871,-0.579955896732898,-0.249192700797012,0.305604223452062,-0.96901780349096,-2.49139666956683,-6.49999999924295,4.39671352796289e-09
30.56,-0.04561611,0.3324966,-0.129949099574125,7.0751449873709e-06,-1.48292355837162,-0.769092151558663,-0.264021936380728,0.297913301936476,-0.926739650342752,-2.42470340752878,-6.49999999171768,0.000426264932754098
30.57,-0.06781781,0.3243491,-0.125905424223526,0.0328739337185373,-1.39463135184938,-0.93848735841917,-0.277968249899222,0.288528428352284,-0.883406457034318,-2.36428867462411,-6.49999985311661,1.85697998783151
30.58,-0.08892945,0.3168414,-0.121576829088851,0.120431932936149,-1.29664439171686,-1.08532843838999,-0.29093469381639,0.277675143968384,-0.839065003858842,-2.30980063294955,-6.4999956491115,6.47786998296083
30.59,-0.1091411,0.310133,-0.116904566939156,0.125692268230288,-1.19163101224757,-1.20927978889789,-0.302851003938866,0.265582346079405,-0.794108432845217,-2.26039254670134,-6.4997880487972,6.49985033601115
30.6,-0.1285202,0.3047121,-0.111497272732612,0.129848936563082,-1.08118638039526,-1.30770154848556,-0.313662867742819,0.252505330594549,-0.748739615664589,-2.21594473783653,-6.482647899633,6.49999610920786
30.61,-0.1466411,0.3015588,-0.0729265482775329,0.133349457846412,-0.963141998647011,-1.37461038198715,-0.323294287729289,0.238759226774678,-0.702213628078261,-2.17716965407368,-4.472834297595,6.49999961874083
30.62,-0.1636006,0.3009443,-0.000586937902002496,0.136271760355397,-0.839431639219477,-1.40995520878611,-0.331688604121483,0.224659674686817,-0.654792415249604,-2.14366756535343,-0.0384401086401179,6.49999987965311
30.63,-0.179336,0.3029567,-5.86374116142871e-07,0.138685767553001,-0.710688927174807,-1.41523223791831,-0.338795493393232,0.210507352307634,-0.606406451163238,-2.11499647387804,-4.17129392533813e-05,6.49999989187411
30.64,-0.1938921,0.3077225,-2.11587314397936e-10,0.14063695488667,-0.578331381368528,-1.39170900976844,-0.344578807206917,0.196590262209949,-0.557219721294107,-2.09101620584441,-1.66036127551245e-08,6.49999973638012
30.65,-0.2075586,0.3141942,-3.25866556260877e-14,0.142287310899964,-0.445522113218168,-1.34950579644609,-0.349034028339099,0.183095204245489,-0.507995358298215,-2.07006656491312,-2.83357895556046e-12,6.49999872317469
30.66,-0.2196745,0.3228766,-2.18871810526202e-18,0.14359677758879,-0.308099257567022,-1.28647516128568,-0.352115020914769,0.170230452632632,-0.457128711243931,-2.05293936257548,-2.08718212989699e-16,6.49998573140558
30.67,-0.2305798,0.3332317,-3.15273158849642e-22,0.144626655250703,-0.169706152262748,-1.20855357666237,-0.353812082437396,0.158144916866008,-0.405545474714296,-2.03902582909838,-3.16041855308989e-20,6.49967246350197
30.68,-0.239917,0.3449508,-2.18358547135931e-24,0.145095177711969,-0.0285196095566675,-1.11960569267904,-0.354097278532963,0.146948859939218,-0.352282994172341,-2.02812840801936,-2.18397035435639e-22,6.48509891589853
30.69,-0.247534,0.3581254,-1.96060324660054e-23,0.118197713188836,0.11559876802211,-1.0202757326333,-0.352941290852742,0.136746102612885,-0.296890362439044,-2.02074562597039,-2.01572531352904e-21,5.26374021113492
30.7,-0.2535093,0.372289,-5.32835041670775e-20,0.00279381266338471,0.261037385011697,-0.915400365820709,-0.350330917002625,0.127592098954677,-0.239569931937973,-2.01657776722162,-6.78397428365935e-18,0.124166296515028
30.71,-0.2576367,0.3876204,-4.81748087272613e-16,4.81665372732852e-06,0.408419378405661,-0.804658639074832,-0.346246723218568,0.119545512563929,-0.179619373240427,-2.01643090531547,-1.77152578781571e-13,0.000214052872367475
30.72,-0.2598628,0.4033707,4.10919054895402e-12,3.44240140131726e-09,0.557170606685091,-0.694731706074968,-0.340675017151717,0.112598195503179,-0.116776906748133,-2.01953196137308,-3.63791367283308e-09,1.53211034372297e-07
30.73,-0.2600136,0.419831,-2.28149872416126e-07,6.93405310629837e-13,0.707648443970484,-0.584015028774886,-0.333598532712012,0.106758045215431,-0.0503408270231057,-2.02693124736397,-3.03850660600164e-05,3.0973694574268e-11
30.74,-0.2582512,0.4363049,0.00106109290414563,4.29874264049065e-17,0.857665459214033,-0.478418272045504,-0.325021878119872,0.101973862494976,0.0192471388609359,-2.03772043576638,-0.0851231315609015,1.93061821085953e-15
30.75,-0.2542114,0.4521578,0.564673578607585,1.00853126197889e-21,1.00912239583577,-0.3829164296131,-0.314930654161514,0.0981446981988446,0.0934341862115512,-2.0506063692043,-6.11943205401766,4.55959619625923e-20
30.76,-0.2479339,0.4664524,1.12346668928157,2.15191738324673e-26,1.16075877989757,-0.304316241512284,-0.303323066362539,0.0951015357837217,0.172188912975338,-2.06287479379149,-6.49927791983784,9.7922807461721e-25
30.77,-0.2390055,0.4786475,1.64297422763932,1.34298331213718e-30,1.31478077954921,-0.245852981642308,-0.290175258567047,0.0926430059672986,0.257125476526449,-2.07208492568575,-6.49999774126459,6.14180937017914e-29
30.78,-0.2268132,0.4887483,2.22543073556189,6.18781602669267e-34,1.47470388863775,-0.206312076049887,-0.275428219680669,0.0905798852067998,0.350438974849365,-2.07710200175094,-6.49999998987497,2.83766832550846e-32
30.79,-0.2107946,0.4967371,2.85095172632414,5.28461289861089e-36,1.64337068332296,-0.184631253852189,-0.258994512847439,0.0887335726682779,0.453664377479059,-2.07697771956585,-6.49999999994249,2.42330221118978e-34
30.8,-0.190482,0.5028209,3.49369621230097,1.00435716307542e-36,1.82265182946192,-0.178046300648369,-0.24076799455282,0.0869531096617942,0.567128942454519,-2.0717659214672,-6.49999999999961,4.59238316699866e-35
30.81,-0.1657225,0.5071518,4.13144121820358,3.40739662324341e-36,2.01187073334448,-0.184322491920206,-0.220649287219375,0.0851098847425921,0.688909592678018,-2.06171472703812,-6.5,1.54956913352445e-34
30.82,-0.1361766,0.5100114,4.7368159016684,9.37148434809387e-35,2.21173359812947,-0.200352401761057,-0.198531951238081,0.0831063607249816,0.816607920306471,-2.04768760859404,-6.5,4.23043770587427e-33
30.83,-0.1023203,0.5115065,5.26761993154748,1.11802800158509e-32,2.41675200616947,-0.22451214684752,-0.174364431176386,0.0808612392565064,0.944823394445107,-2.03017736834427,-6.5,5.00217825788704e-31
30.84,-0.06499595,0.5112544,5.69721753355556,5.94129486299282e-30,2.61908551894437,-0.258911472185187,-0.148173575986942,0.0782721245346545,1.06845326508787,-2.00847876250504,-6.5,2.63029517484893e-28
30.85,-0.02443543,0.5095591,6.02355933435135,5.14940123375116e-27,2.816040697249,-0.300310948251232,-0.120013169014452,0.0752690150521422,1.18545375381351,-1.98379619777739,-6.5,2.2539955709363e-25
30.86,0.01856749,0.506724,6.25305723068634,3.70785791263541e-24,3.00096443613557,-0.345679788973848,-0.0900035246530967,0.0718122171624037,1.29420001885476,-1.95721046796615,-6.5,1.60454552089832e-22
30.87,0.06161613,0.5005067,6.39807736212271,1.49928966610885e-20,3.15581679473374,-0.411210173185921,-0.0584453567057593,0.0677001154305445,1.39343010304645,-1.92447031348674,-6.5,6.40439466512345e-19
30.88,0.105256,0.4929246,6.47657916350965,2.7039322948075e-17,3.28599733934018,-0.479942895020981,-0.0255853833123575,0.0629006864803347,1.48585900423933,-1.89051488936903,-6.5,1.14103342866057e-15
30.89,0.147674,0.4832939,6.49998897066059,3.75522146003699e-14,3.37906022377322,-0.556347901202882,0.00820521892537476,0.0573372074683059,1.57263897172838,-1.85457193089695,-6.5,1.56656310491243e-12
30.9,0.1882159,0.47123,6.47650137713113,4.48219760291818e-11,3.43233064128612,-0.642281986436884,0.042528525338236,0.050914387603937,1.65587466629011,-1.81669070009382,-6.5,1.85017838950739e-09
30.91,0.2260507,0.4569492,6.40982966989238,3.55863749501246e-08,3.44223539084296,-0.734919823501138,0.0769508792466656,0.0435651893689256,1.73759851451243,-1.77777544271659,-6.5,1.45544915692982e-06
30.92,0.259104,0.4391682,6.29837785788045,3.23418095197795e-05,3.3964458611333,-0.842805211356509,0.110915337857999,0.0351371372553606,1.8205793653412,-1.73710542155029,-6.5,0.00131232450040491
30.93,0.2905392,0.4206931,6.14107287178032,0.00837479247658246,3.32290217728342,-0.943228342300478,0.144144359630833,0.0257048538323558,1.90474648558755,-1.6975694401974,-6.5,0.337784296986431
30.94,0.3183527,0.4004048,5.93042274506661,0.14546816952008,3.20911485708596,-1.04451949215616,0.176235508201692,0.0152596589107942,1.99263576954583,-1.65827385807306,-6.5,5.84173963616496
30.95,0.3421952,0.3782249,5.65634905908881,0.162129869930566,3.05608119491255,-1.14661181297877,0.206796320150818,0.00379354078100646,2.08604540941093,-1.61928589285271,-6.5,6.49305759697989
30.96,0.3611883,0.3538394,5.30171622521165,0.162489723012148,2.86100546676191,-1.25119712971681,0.235406374818437,-0.00871843051616163,2.18776709430708,-1.58061435791056,-6.5,6.49991167303097
30.97,0.3769724,0.328304,4.86155370814225,0.162432962341363,2.64031374098069,-1.3496047503539,0.261809512228244,-0.0222144780197006,2.29655697240089,-1.54250669094438,-6.5,6.49999800638124
30.98,0.389401,0.3018219,4.32598950386164,0.162136430179388,2.39604083059253,-1.44020607656516,0.285769920534169,-0.0366165387853522,2.41322156422656,-1.50488090818178,-6.5,6.49999992332295
30.99,0.3987538,0.2748015,3.69482460471766,0.161609522219306,2.13338176021265,-1.52000723078881,0.307103738136296,-0.0518166110932403,2.53715297550506,-1.46760966084189,-6.5,6.49999999489471
31,0.4055293,0.2477617,2.97750016003879,0.160854874535076,1.85888222422851,-1.58547218623172,0.325692560378581,-0.0676713329555574,2.66623535029413,-1.43048715000735,-6.49999999999989,6.49999999939015
31.01,0.409912,0.2208955,2.1809417574016,0.159871577521644,1.57632787343142,-1.63584061469578,0.341455839112895,-0.0840297391025152,2.7983107224661,-1.39334807967592,-6.49999999972915,6.4999999998749
31.02,0.4124552,0.1947663,1.36499532685773,0.158650044161875,1.2920201434196,-1.66772884257301,0.354376040547091,-0.100707027528245,2.92954565756209,-1.35588304365796,-6.49999710321524,6.49999999995354
31.03,0.4135074,0.1696392,0.520368471049745,0.157177491696064,1.01027239832668,-1.6803349399626,0.364478764530358,-0.117510376927871,3.0566713187533,-1.31787076960352,-6.32198375625937,6.49999999996909
31.04,0.4134982,0.1458445,-3.38240810567902e-06,0.155433984813365,0.735668721579735,-1.67253781685154,0.371835451746155,-0.134235755096387,-3.10653630597782,-1.27903441395006,-0.000414136952828409,6.49999999996247
31.05,0.412241,0.1231984,1.78356014400715e-14,0.153411365465601,0.467820169307558,-1.64724967029173,0.376513653439231,-0.150708251799304,-2.99395007254956,-1.2394168541375,-5.48410365469466e-11,6.49999999992336
31.06,0.4102975,0.1019751,-4.04980582076525e-20,0.151085133970971,0.211904183837888,-1.60384827149922,0.37863269527761,-0.166746734514296,-2.89072256910038,-1.19874257712829,-4.8107919009632e-18,6.49999999972583
31.07,0.4075734,0.08197229,-6.08213307727228e-23,0.148452419127799,-0.0322432778299913,-1.54541404428118,0.37831026249931,-0.182200874957108,-2.79604563988655,-1.15712633246283,-6.07999794516799e-21,6.49999999837522
31.08,0.4040202,0.06291778,-9.87683278336364e-19,0.145525218851387,-0.264495789473756,-1.47540471163162,0.375665304604572,-0.196954922073424,-2.62271691565784,-1.1148044532656,-8.39877974710083e-17,6.49999998501768
31.09,0.3995393,0.04445413,-1.74020267018327e-12,0.142337999258712,-0.485180009366665,-1.39772187696633,0.370813504510905,-0.210932140843088,-2.54736209523354,-1.07217994481238,-1.2670384921552e-10,6.49999980167356
31.1,0.3941939,0.02630186,-4.9449162513681e-07,0.138937550743225,-0.693452046607405,-1.31543872746214,0.363878984044831,-0.224086528117709,-2.47774304023323,-1.02964796355811,-3.19481705427847e-05,6.49999646172494
31.11,0.3879475,0.00805541,-0.0112333488570498,0.135401920001687,-0.889346440091053,-1.23236608579858,0.354985519643921,-0.236410188975695,-2.41287917564893,-0.987845729505981,-0.667591409759187,6.49992352101582
31.12,0.3809031,-0.01062891,-0.116089309438062,0.131790418017744,-1.07192092809967,-1.15157399436113,0.344266310362924,-0.247925928919306,-2.35219160303851,-0.947399909149022,-6.48271106629248,6.49819588462558
31.13,0.3732819,-0.02993961,-0.122292884189826,0.12743876492934,-1.23949726532521,-1.07473325933523,0.331871337709672,-0.258673261512658,-2.29535330644044,-0.908737066766138,-6.49997494348344,6.45698946818453
31.14,0.3655565,-0.04986664,-0.12739346466404,0.107564310403677,-1.38873060758937,-1.00188662567272,0.317984031633778,-0.268692127769385,-2.24243324315642,-0.871951344980964,-6.49999986597401,5.60192908060934
31.15,0.3580872,-0.07062639,-0.131913682880202,0.0269386955893767,-1.51746436300001,-0.934740198951012,0.302809388003778,-0.278039529758896,-2.19323056265091,-0.837506290308734,-6.49999999784705,1.44211042813282
31.16,0.3517405,-0.09162134,-0.135878657134098,0.00136343138099869,-1.62004233585094,-0.868769754675984,0.286608964645269,-0.286727227305655,-2.14824515200779,-0.804348530804715,-6.49999999989954,0.0751030246153545
31.17,0.3472867,-0.1122906,-0.139285359876443,3.94435315571987e-05,-1.69208921800911,-0.800054733847738,0.269688072465178,-0.294727774644133,-2.10771074079516,-0.771456816608959,-6.49999999998684,0.00224082311817899
31.18,0.344993,-0.132151,-0.142197874537876,6.48187286234441e-07,-1.73347504807747,-0.725563588565009,0.252353321984403,-0.301983410529783,-2.07121951760446,-0.737945354914632,-6.49999999999564,3.81271781187721e-05
31.19,0.3451677,-0.1505741,-0.14466776953234,4.37622444085566e-09,-1.74394218784615,-0.641440705467854,0.234913900105942,-0.308397817584461,-2.03856622679323,-0.702600009437247,-6.49999999999652,2.68279144867741e-07
31.2,0.3477536,-0.1671454,-0.146767079757508,9.02791305614195e-12,-1.72614962050652,-0.545768379921054,0.217652403900876,-0.313855501383672,-2.00926195258162,-0.664610926688427,-6.49999999999387,5.82624782144811e-10
31.21,0.3527336,-0.1813881,-0.14854695241173,3.95248318252399e-15,-1.68241759728668,-0.43637701872477,0.20082822792801,-0.31821927157092,-1.98303706799582,-0.622937427324772,-6.49999999997695,2.72830289133905e-13
31.22,0.3603499,-0.192324,-0.150026754206679,2.20042166961709e-19,-1.61311016020424,-0.307598305910975,0.184697126325967,-0.321295254630029,-1.96006035018757,-0.575158693919336,-6.49999999980578,1.66406298713765e-17
31.23,0.3703479,-0.2001643,-0.151250677483211,6.45241994965694e-24,-1.52241147744911,-0.163168685627817,0.169473011551476,-0.322926941486308,-1.94009238273957,-0.521573997373369,-6.4999999964306,5.45617174145806e-22
31.24,0.3827793,-0.2044339,-0.152229662462074,1.95995198824967e-26,-1.41203784554664,-0.00152009151199906,0.15535263309601,-0.322942142401428,-1.92338088838803,-0.460478037999455,-6.49999984513143,1.85947357987458e-24
31.25,0.3975424,-0.204781,-0.1529733828629,1.11984894684322e-23,-1.28483470110696,0.17777954909986,0.14250428608494,-0.321164346910429,-1.91017181284006,-0.390153388239323,-6.49998270974818,1.12538824658854e-21
31.26,0.4144665,-0.2010476,-0.153352549329498,2.12434411702352e-17,-1.14404975576222,0.373582022174983,0.131063788527318,-0.317428526688679,-1.90081343320852,-0.309124567969977,-6.49439307423674,2.15208728757683e-15
31.27,0.4331912,-0.1931411,-0.0798267033509009,4.54801611119763e-11,-0.994183122951762,0.584242487081216,0.1211219572978,-0.311586101817867,-1.89560765820715,-0.215884700964323,-3.37449148180718,7.24937629488712e-09
31.28,0.4531246,-0.1810294,-4.21132086051704e-05,-3.13636867032449e-06,-0.841176008833139,0.807701110383078,0.112710197209469,-0.303509090714036,-1.8946722188149,-0.109073391177192,-0.00177966547504192,0.00406670214844387
31.29,0.4732861,-0.1648735,-3.06829002807375e-09,-0.0437394185940269,-0.693444914090353,1.04053677861081,0.105775748068565,-0.293103722927928,-1.89749433803968,0.0116419600515608,-1.29789753467375e-07,6.37049714993138
31.3,0.4931224,-0.1446134,-5.88705910963026e-14,-0.965949633190222,-0.555561322571227,1.28117589561806,0.100220134842853,-0.280291963971747,-1.90382823440282,0.146719543075996,-2.49578989171571e-12,6.49999158880331
31.31,0.5118848,-0.1204257,-3.43436279942914e-19,-1.87542001433128,-0.433155260061881,1.526353462595,0.0958885822422343,-0.265028429345797,-1.91268725522505,0.294367154711003,-1.4606265990635e-17,6.49999999796926
31.32,0.5295749,-0.09218468,-4.69107746422125e-25,-2.8434196692584,-0.325756196093506,1.77527448198619,0.0926310202812992,-0.247275684525936,-1.9239029033942,0.45238268363245,-2.00342050317063e-23,6.49999999999862
31.33,0.5441561,-0.06133923,-1.78902177604478e-30,-3.72935793406213,-0.248020040747305,2.01543727655092,0.0901508198738262,-0.227121311760426,-1.93258322835777,0.610941235818651,-7.66576707606905e-29,6.5
31.34,0.5563002,-0.02770873,-3.41695267106027e-35,-4.51080224704535,-0.193169099759688,2.24747087846651,0.0882191288762293,-0.204646602975761,-1.93851353100929,0.76714849666756,-1.46752121780884e-33,6.5
31.35,0.566177,0.008693364,-1.05476695106013e-38,-5.16212202757304,-0.158537376550765,2.47055358360909,0.0866337551107217,-0.17994106713967,-1.94085223512821,0.917654823967305,-4.53422651139351e-37,6.5
31.36,0.5718086,0.04569524,-6.70897528927056e-39,-5.65568070854176,-0.157529911815962,2.66787890880044,0.085058455992562,-0.153262278051666,-1.93392538270371,1.05533863886068,-2.87622077892443e-37,6.5
31.37,0.5738467,0.0831793,-2.11844503972239e-36,-6.01440912801656,-0.182785055168061,2.83935088692768,0.0832306054408814,-0.124868769182389,-1.9188446457681,1.1817246091001,-9.03013745620786e-35,6.5
31.38,0.5721349,0.1203378,-6.60565245276169e-32,-6.25932810251846,-0.233355654184896,2.97987733247167,0.0808970488990325,-0.0950699958576724,-1.89587345060834,1.29775669476868,-2.79264509472957e-30,6.5
31.39,0.56678,0.1564194,-1.4973080015219e-26,-6.41132145878609,-0.306263435526073,3.08533671100241,0.0778344145437717,-0.0642166287476482,-1.86650944022075,1.40538286622824,-6.26919560648675e-25,6.5
31.4,0.5575522,0.190625,-5.26506849592798e-21,-6.48675471412817,-0.40113141597898,3.15175225051672,0.0738231003839819,-0.0326991062424811,-1.83194032831212,1.50693009182055,-2.18218846621685e-19,6.5
31.41,0.5457323,0.223047,-4.13281224383686e-16,-6.49618371487421,-0.506251522061747,3.18231041564273,0.0687605851633645,-0.000876002086053741,-1.79553564495936,1.60507377735101,-1.69707351824092e-14,6.5
31.42,0.5310393,0.2531274,-1.03199398657148e-11,-6.44425948833427,-0.622346337641305,3.17531016854902,0.0625371217869514,0.0308770995994365,-1.75774155513716,1.70188438238039,-4.2034131765469e-10,6.5
31.43,0.5137421,0.2805994,-7.94272294770699e-08,-6.33098762187923,-0.745934987181212,3.13156044599625,0.0550777719151393,0.062192704059399,-1.71949596835381,1.79939320248421,-3.21362277423717e-06,6.5
31.44,0.4943649,0.3055193,-0.000182178838244896,-6.15272233480502,-0.87185570460947,3.0544287307746,0.0463592148690446,0.092736991367145,-1.68155640756262,1.89923270679694,-0.0073334486996266,6.5
31.45,0.4731146,0.3278884,-0.0776612299648917,-5.90329518527379,-0.997676646177696,2.94681163621626,0.0363824484072676,0.122205107729308,-1.64413003337307,2.00271784374544,-3.11507492599762,6.5
31.46,0.4504115,0.3478838,-0.161824209107158,-5.57609468246913,-1.11956032271604,2.81287735575245,0.0251868451801073,0.150333881286832,-1.60736466151531,2.11056891330934,-6.47742986995081,6.5
31.47,0.4265378,0.3656742,-0.162495755991522,-5.16592497963018,-1.23500466213007,2.65657067052572,0.0128367985588065,0.176899587992089,-1.57121954656711,2.22297547424245,-6.49983083938409,6.5
31.48,0.4018234,0.3814758,-0.16239623893675,-4.67200543050847,-1.34137261533785,2.48202732816299,-0.000576927594571966,0.201719861273719,-1.53559881172748,2.33942140504784,-6.49999727454274,6.5
31.49,0.3768015,0.3959097,-0.162084821432904,-4.10658978176475,-1.43476558185713,2.29619955837709,-0.0149245834131432,0.22468185685749,-1.50035591654166,2.45763419868792,-6.49999990609448,6.5
31.5,0.3508797,0.4076623,-0.161571178842377,-3.46207362105934,-1.52000713997204,2.09115911260332,-0.0301246548128637,0.245593447983524,-1.46540938792902,2.58024647062675,-6.49999999479563,6.5
31.51,0.3250826,0.4182526,-0.160854854151933,-2.77178766774349,-1.58959526917441,1.88080314406986,-0.0460206075046078,0.264401479424222,-1.43048627917626,2.70134700741722,-6.49999999945111,6.49999999999992
31.52,0.2992314,0.4271776,-0.159935802084207,-2.03939113647016,-1.64561200500264,1.66294530277547,-0.0624767275546342,0.281030932451977,-1.39553583363214,2.82100668660357,-6.4999999999043,6.49999999997094
31.53,0.2735922,0.4346143,-0.158809307051205,-1.3182682028109,-1.6867544084759,1.44067514794613,-0.0793442716393931,0.295437683931438,-1.36039535404837,2.93722314274116,-6.49999999997269,6.49999997262449
31.54,0.2481646,0.4403235,-0.157472102649518,-0.587981862139437,-1.71387838283788,1.21377678411762,-0.0964830554677719,0.307575451772614,-1.32501675697651,3.0497209027854,-6.49999999998799,6.49991483753324
31.55,0.2229971,0.4442504,-0.155920266782111,0.0319238085665875,-1.72749187411894,0.983449864155698,-0.113757974208961,0.317409950414171,-1.28934690429726,-3.12534225413899,-6.49999999999214,5.4465256207705
31.56,0.1982621,0.446558,-0.154146044709933,-3.68175746256559e-07,-1.72721869407525,0.752449886165572,-0.131030161149714,0.324934449275827,-1.25326555678429,-3.02269072501631,-6.49999999999236,0.000311385381708136
31.57,0.1739013,0.4470131,-0.152149336220968,1.26802140885017e-12,-1.71450088467419,0.520378232132863,-0.148175169996456,0.330138231597156,-1.21681317884372,-2.92492445018717,-6.4999999999894,2.00148154269676e-10
31.58,0.1500621,0.4457632,-0.149923209205259,1.12060676179733e-19,-1.68921608511828,0.289710238827375,-0.165067330847638,0.333035333985429,-1.1798853899873,-2.83254687289431,-6.49999999997884,1.13532516984829e-17
31.59,0.1267681,0.4427627,-0.147467328520614,2.16639114206919e-25,-1.65223886784941,0.0612903339783912,-0.181589719526132,0.333648237325213,-1.14248185364015,-2.74519961884698,-6.4999999999399,2.17614632813576e-23
31.6,0.1038078,0.4379492,-0.144801010899319,1.89223602744752e-23,-1.6061912456669,-0.164235285573525,-0.197651631982801,0.332005884469478,-1.10484043503718,-2.67086225581191,-6.49999999977098,1.76545261654651e-21
31.61,0.08146031,0.4314891,-0.141912751405848,1.26463725038996e-16,-1.54990711863718,-0.384579435762475,-0.213150703169173,0.328160090111853,-1.06671240751961,-2.58971473591206,-6.49999999875777,1.00352050802042e-14
31.62,0.05948902,0.4234478,-0.138836324643262,3.9042379204836e-10,-1.4861939429573,-0.598405048757151,-0.228012642598746,0.322176039624282,-1.02841900318839,-2.51301855835807,-6.49999999095224,2.6685994469005e-08
31.63,0.03800223,0.4140998,-0.135580387658608,6.38269264535983e-05,-1.41513090972574,-0.802951214398004,-0.242163951696004,0.314146527480302,-0.989889907409724,-2.44082317960971,-6.49999990886079,0.00392182468641788
31.64,0.01675905,0.4034737,-0.132197163241431,0.101692485524712,-1.33942516399773,-0.997549094384635,-0.255558203335981,0.304171036536455,-0.951514940017089,-2.37251050886001,-6.4999988011381,5.79080271786153
31.65,-0.00422785,0.3919588,-0.128715924433857,0.120999014371147,-1.25972653894265,-1.1789408813409,-0.268155468725407,0.292381627723046,-0.913357041950761,-2.30819194886809,-6.4999792058359,6.49961075178422
31.66,-0.02449626,0.3804566,-0.12507191419996,0.126804857760359,-1.17332118151526,-1.34036878552069,-0.27988868054056,0.278977939867839,-0.874800292374164,-2.24869275702799,-6.49944900144133,6.49999901993037
31.67,-0.04468615,0.3687803,-0.121016476530091,0.131957285439162,-1.08591758875925,-1.48380010440309,-0.290747856428153,0.264139938823809,-0.836948933473624,-2.19274622594866,-6.48137370575937,6.49999999195702
31.68,-0.06389914,0.358297,-0.1002420023443,0.136446328426064,-0.991385301555315,-1.59957092185525,-0.300661709443706,0.248144229605256,-0.798371229809362,-2.14162711135159,-5.5516330222294,6.49999999977377
31.69,-0.0827805,0.3488238,-0.00717077123334551,0.140389988745096,-0.895550059719252,-1.6904460634387,-0.309617210040898,0.231239768970869,-0.760297216995849,-2.09409613262985,-0.41195283777352,6.49999999998372
31.7,-0.1007022,0.3414806,-4.42381879514468e-05,0.143754212156448,-0.79435992647544,-1.74940686970367,-0.317560809305653,0.213745700273832,-0.721633500399772,-2.0508520622777,-0.00265048983621762,6.49999999999678
31.71,-0.1176586,0.3366143,-1.23639073815994e-07,0.146608152530403,-0.688715452119641,-1.77589931550372,-0.324447963826849,0.195986707118795,-0.682444616619459,-2.01153784730463,-7.78103056457337e-06,6.49999999999838
31.72,-0.1336446,0.3341838,-1.56322561034734e-10,0.149040706037485,-0.579479868710621,-1.77248549002084,-0.330242762513955,0.178261852218587,-0.642791813054152,-1.97549970439144,-1.04334746846242e-08,6.49999999999812
31.73,-0.1486991,0.334069,-8.99438466044281e-14,0.151124725665451,-0.467803080595615,-1.74229179927508,-0.334920793319911,0.160838934225836,-0.602828026024082,-1.9421922428432,-6.44162831956607e-12,6.49999999999538
31.74,-0.1627647,0.3360167,-2.65438730383186e-17,0.152923010789344,-0.354047445337486,-1.68936030920693,-0.338461267773286,0.143945331133767,-0.562485826818182,-1.91108834836053,-2.06026959278971e-15,6.4999999999777
31.75,-0.176133,0.3395121,-8.35866545717304e-21,0.154496067305994,-0.241154544198452,-1.6195116742316,-0.340872813215271,0.127750214391451,-0.522518067239976,-1.88152486123832,-7.05422013685105e-19,6.49999999981104
31.76,-0.1884315,0.3444296,-9.15616779460701e-24,0.155870220903247,-0.126912005767188,-1.53532948972379,-0.342141933272943,0.112396919494213,-0.482053842539409,-1.8533237082024,-8.3731852131083e-22,6.49999999721515
31.77,-0.199614,0.3504156,-3.58469735397622e-25,0.157075583706914,-0.0117060168170369,-1.44099027807028,-0.342258993441113,0.0979870167135099,-0.441010259360989,-1.8261485122778,-3.49421984198334e-23,6.49999993242712
31.78,-0.209692,0.3572409,-2.64059286652437e-24,0.158130313409869,0.103672865431534,-1.33948939146716,-0.341222264786798,0.0845921227988383,-0.399441778003412,-1.79982781438881,-2.65120540640685e-22,6.4999973531239
31.79,-0.2183933,0.3646479,-1.43474394058632e-21,0.159045688755448,0.220594432698242,-1.23385671756835,-0.339016320459815,0.0722535556231549,-0.35658518854055,-1.7742011572235,-1.43580546442966e-19,6.49983688349141
31.8,-0.2258371,0.3723786,-4.84710136314728e-18,0.159468220540616,0.337412400437493,-1.12692165931788,-0.33564219645544,0.0609843390299761,-0.312769707286693,-1.7491377472802,-4.8950069109982e-16,6.48467317559655
31.81,-0.2319118,0.3802398,-1.83294421409517e-14,0.120207774270673,0.454313427186896,-1.02082760987396,-0.331099062183571,0.0507760629312365,-0.267612403359906,-1.72458439164438,-2.02314801487612e-12,4.86748984243992
31.82,-0.2364683,0.3881173,-3.47517407612601e-11,0.00219331051029881,0.571748751895512,-0.916965462178647,-0.325381574664616,0.04160640830945,-0.220558021263174,-1.70057146419728,-5.24007057552947e-09,0.0884990869945702
31.83,-0.239439,0.3958907,-1.26185569797214e-08,6.73622013020718e-06,0.689524300595377,-0.816654846362334,-0.318486331658663,0.0334398598458267,-0.171259433034183,-1.67714734705558,-6.91829740758152e-06,0.000271026388289053
31.84,-0.2405051,0.4035159,5.9924267485211e-06,1.27681061778428e-08,0.809324297380641,-0.720525099993077,-0.310393088684856,0.0262346088458959,-0.118423479077924,-1.65443296643354,-0.00511239495527588,5.12570139090737e-07
31.85,-0.2394138,0.4110089,-0.0106034269150904,1.38919142442767e-11,0.932201850137961,-0.628690331417186,-0.301071070183477,0.0199477055317241,-0.060859292968356,-1.63260568331167,-1.71027305510915,5.56771945864846e-10
31.86,-0.2357562,0.4183018,0.0113106935103011,8.17282045025023e-15,1.06027497306758,-0.541853439535552,-0.290468320452801,0.0145291711363686,0.00336358215900771,-1.61181782071738,-6.44344656748617,3.27196405613697e-13
31.87,-0.2290876,0.425431,0.470306432259957,2.22352250216373e-18,1.19573658156787,-0.459858893154373,-0.278510954637122,0.00993058220482483,0.0764988909426987,-1.59228713494541,-6.49977222064578,8.8962064708611e-17
31.88,-0.2189481,0.4324679,1.0550566409161,2.15010399099922e-22,1.34068819845078,-0.382275750000468,-0.265104072652614,0.00610782470482015,0.160991084894071,-1.57425985342,-6.49999892825887,8.60046911061923e-21
31.89,-0.2048853,0.4394337,1.65574799951311,5.16979562572983e-27,1.49696234892644,-0.309052625871313,-0.25013444916335,0.00301729844610701,0.259178851701787,-1.55798285094472,-6.49999999433265,2.06809316042294e-25
31.9,-0.1865071,0.4464671,2.36274646584688,1.42116144737407e-32,1.66574430281571,-0.239242093284036,-0.233477006135193,0.000624877513266656,0.372634311309142,-1.54374757549515,-6.49999999996679,5.6867889363518e-31
31.91,-0.1635578,0.4534262,3.12575461439314,1.75050697495788e-39,1.84704616984742,-0.174038000764282,-0.215006544436719,-0.00111550249437616,0.501161169179358,-1.53182632032407,-6.49999999999978,7.00750923538688e-38
31.92,-0.1362552,0.4600968,3.88648788611135,1.82090182842279e-48,2.03729405080489,-0.115057491716249,-0.19463360392867,-0.00226607741153865,0.640895886331435,-1.52247008245384,-6.5,7.29237867996923e-47
31.93,-0.1041494,0.4669002,4.61133963842026,6.14798073541433e-63,2.23808015646775,-0.059028697734203,-0.172252802363992,-0.00285636438888068,0.788848551948859,-1.51591603157096,-6.5,2.46301267535794e-61
31.94,-0.06928105,0.4713701,5.22258526803663,5.71874619569288e-82,2.43233981068776,-0.0244043637379077,-0.147929404257115,-0.00310040802625975,0.933103201595022,-1.51232281986717,-6.5,2.29153341473927e-80
31.95,-0.03014847,0.4758927,5.7155591115871,5.98189331778555e-105,2.63059103836577,0.00798541512738304,-0.121623493873457,-0.00302055387498592,1.07434518264031,-1.51090762449604,-6.5,2.39718501936715e-103
31.96,0.01055809,0.4776211,6.06770477985232,9.19452850393146e-90,2.81144620243366,0.0169436171770638,-0.0935090318491203,-0.00285111770321529,1.20395098417648,-1.51155194813116,-6.5,3.68447115804003e-88
31.97,0.05254723,0.4771568,6.30098273410637,1.32875906989507e-103,2.9729951687444,0.0086528751433983,-0.0637790801616763,-0.0027645889517813,1.32264042948624,-1.51267890902464,-6.5,5.32429750985771e-102
31.98,0.09417517,0.4735281,6.43641205872043,1.83725837833598e-83,3.10354195050438,-0.022770013651721,-0.0327436606566326,-0.00299228908829851,1.43077027896193,-1.51296749225649,-6.5,7.3617118614531e-82
31.99,0.1359152,0.4680417,6.49496313564969,1.31785285924952e-60,3.208132718217,-0.0656942314279869,-0.000662333474462547,-0.00364923140257838,1.53141638829094,-1.51106016924153,-6.5,5.28111624690051e-59
32,0.176216,0.4603567,6.48999560976376,2.91263159245888e-47,3.27656443990628,-0.121545687422845,0.0321033109246002,-0.00486468827680683,1.62629951076436,-1.50655854012133,-6.5,1.16753357957495e-45
32.01,0.213743,0.4493983,6.42965208343404,8.89461581586697e-37,3.30119506582753,-0.197027674073124,0.0651152615828755,-0.00683496501753807,1.71809024360754,-1.49926151209875,-6.5,3.56724567028639e-35
32.02,0.2482234,0.4355876,6.31594255524504,1.3307815620553e-28,3.28307022327964,-0.287109178211572,0.0979459638156718,-0.00970605679965379,1.80939720620412,-1.48891395360524,-6.5,5.34156450999125e-27
32.03,0.2797065,0.4196824,6.14646144859537,2.95231109481564e-22,3.22578574510206,-0.384553959839293,0.130203821266692,-0.0135515963980467,1.90220701919688,-1.47560448677268,-6.5,1.18645837663113e-20
32.04,0.3077543,0.4015283,5.91439341012207,5.09108379028914e-17,3.12927599522116,-0.489402418676683,0.161496581218904,-0.0184456205848135,1.99862012756459,-1.459820406816,-6.5,2.04942168433429e-15
32.05,0.3322893,0.3813016,5.61003516368313,1.26934745314866e-12,2.99637606938449,-0.599195020787174,0.191460341912749,-0.0244375707926853,2.10032352611386,-1.44190807022162,-6.5,5.12115088260835e-11
32.06,0.3533591,0.3591699,5.22221914830149,6.94690321372228e-09,2.83084438804759,-0.711691036888656,0.219768785793225,-0.0315544811615718,2.20858396746029,-1.42218827228468,-6.5,2.81067475663581e-07
32.07,0.3715099,0.3357094,4.74475308799629,9.27151295474967e-06,2.64004582776014,-0.821766431640315,0.246169244070826,-0.039772145477975,2.32320161877908,-1.40076087268239,-6.5,0.000376452857710175
32.08,0.3855212,0.3103193,4.15787148099114,0.00527369804642704,2.41783669386214,-0.933435269926034,0.270347611009448,-0.0491064981772353,2.44739609917166,-1.37825975451645,-6.5,0.215040651044919
32.09,0.3969468,0.28415,3.47950151454022,0.138273780494066,2.17928879362832,-1.03739532891955,0.292140498945731,-0.0594804514664309,2.57706220075546,-1.35426823117609,-6.5,5.66723534790628
32.1,0.4058294,0.2573979,2.71645846242812,0.157343607383187,1.92723962088325,-1.1321652592654,0.311412895154563,-0.0708021040590849,2.71065769939789,-1.32896434264571,-6.49999999999998,6.48813548893128
32.11,0.4121819,0.2302356,1.88204370221091,0.156507615774052,1.66417583154034,-1.21659947707373,0.328054653469967,-0.0829680988298221,2.8461665950948,-1.30248249556689,-6.49999999997817,6.49968001293928
32.12,0.4165388,0.2031986,1.06194890488235,0.155221769625559,1.39632887543064,-1.28700002161377,0.342017942224273,-0.0958380990459598,2.97948279572148,-1.27465097334395,-6.49999991470537,6.49998120924731
32.13,0.4192612,0.1766509,0.167346248466613,0.153732314873915,1.12821111891606,-1.34129214520842,0.353300053413434,-0.109251020498044,3.10725079708771,-1.24539957464251,-6.49849474789483,6.49999768287469
32.14,0.4201952,0.1503402,-0.000364851201658789,0.152052574741197,0.860182301929854,-1.38222151724967,0.361901876432732,-0.123073235670541,-3.05463779777394,-1.21513546096936,-0.198820680644296,6.49999950078058
32.15,0.4205756,0.1258589,-8.34790114072044e-10,0.15009005285342,0.602876375093146,-1.39870581079187,0.367930640183664,-0.137060293778459,-2.94459635917207,-1.18254227827649,-1.82721701527612e-07,6.49999973524924
32.16,0.4194247,0.1017032,-1.53539834436287e-16,0.14792919443385,0.34966967113786,-1.40360852024547,0.371427336895042,-0.151096378980914,-2.84224452930344,-1.14929278126973,-1.57299848160853e-14,6.49999978839806
32.17,0.4177686,0.07945829,-1.83806734771088e-22,0.145450783570859,0.109266530477754,-1.385968808045,0.37252000219982,-0.164956067061364,-2.75015556095655,-1.11377211073355,-1.8470924794073e-20,6.49999962630225
32.18,0.4148106,0.05784266,-2.85213537912182e-22,0.14275382796686,-0.123860837385692,-1.35704788597246,0.371281393825963,-0.178526545921089,-2.70001998918933,-1.07757235796499,-2.77825176682808e-20,6.4999990072118
32.19,0.4106155,0.03699559,-1.32641103371597e-16,0.139832247972725,-0.348483252429318,-1.31678779006489,0.36779656130167,-0.191694423821738,-2.61929525954197,-1.04059128153158,-1.11992707807625e-14,6.49999593153638
32.2,0.4053379,0.01697432,-1.71480015409466e-10,0.136689660255082,-0.562841312725361,-1.26580717964841,0.362168148174416,-0.204352495618222,-2.54426308245412,-1.002824288237,-1.24108061543048e-08,6.4999739874477
32.21,0.398738,-0.002779922,-2.38155845707483e-05,0.13340951578251,-0.768288211720858,-1.2093134377589,0.354485266057208,-0.216445629995811,-2.47359543531776,-0.965151060544854,-0.00152940788836268,6.49977940392156
32.22,0.3912632,-0.02217219,-0.0813095127219828,0.129967928290877,-0.961027921076358,-1.14730549201738,0.344874986846444,-0.227918684915985,-2.40759394807154,-0.927504544071413,-4.80360808475145,6.49743816222684
32.23,0.3831313,-0.04150662,-0.117056720810689,0.125854393375614,-1.13931857378354,-1.08277722295825,0.333481801108609,-0.238746457145567,-2.3459007100837,-0.890461411546693,-6.49877516643743,6.46301305835657
32.24,0.3751897,-0.06036874,-0.12289895294003,0.109811678200739,-1.29695628518814,-1.01317916676443,0.320512238256727,-0.248878248813211,-2.28923506783014,-0.853389572828284,-6.49999666550534,5.80302264672096
32.25,0.3684101,-0.07853329,-0.127787934424137,0.0236948079408081,-1.42738878629445,-0.937585131984427,0.306238350393783,-0.258254100133056,-2.23821801651341,-0.815966807779274,-6.49999996044487,1.29186695262708
32.26,0.3616565,-0.09741518,-0.132200450047519,0.000894020814884917,-1.54032869763932,-0.867351494381158,0.29083506341739,-0.266927615076867,-2.19004138084029,-0.78096686578637,-6.49999999887303,0.0503238168997514
32.27,0.3579717,-0.1144664,-0.135853551588212,1.01871862766232e-05,-1.61387476013163,-0.783535958373573,0.274696315816073,-0.274762974660603,-2.1485366957737,-0.743385361035936,-6.49999999987137,0.00059569276254468
32.28,0.3569667,-0.1300585,-0.138923652670395,4.48490908809461e-08,-1.65341478185213,-0.690358382699529,0.258162167997552,-0.281666558487598,-2.11211433360861,-0.704097939321508,-6.49999999995712,2.74429330732924e-06
32.29,0.3586914,-0.1437576,-0.141496277042255,5.40166084716644e-11,-1.66086871034719,-0.585799618427362,0.24155348089408,-0.287524554671872,-2.08019069669375,-0.66221930073457,-6.49999999996294,3.49832019959977e-09
32.3,0.363182,-0.1552616,-0.143637495611137,1.23157215843768e-14,-1.63829614146563,-0.469034612839359,0.225170519479424,-0.292214900800266,-2.05240331631446,-0.61706807731841,-6.49999999992236,8.59083475029516e-13
32.31,0.3703566,-0.164058,-0.145405503238981,3.41606677313336e-19,-1.58864549180911,-0.337805956577014,0.209284064561333,-0.295592960366036,-2.02844776595942,-0.567324843726646,-6.49999999962438,2.62510316632973e-17
32.32,0.3801091,-0.1700356,-0.146842290009991,2.34414370369968e-24,-1.51498097235566,-0.193089862987812,0.194134254837776,-0.297523858995914,-2.00818138345359,-0.512504031768352,-6.49999999587221,2.01969991925469e-22
32.33,0.3924177,-0.1730574,-0.14796605006077,4.86361201178178e-28,-1.41964916770393,-0.0356744422059165,0.179937763160737,-0.297880603417973,-1.9917522907078,-0.45190360901435,-6.49999989264464,4.67349687423082e-26
32.34,0.407047,-0.1729143,-0.148798155039087,2.73581960528745e-26,-1.30653428286623,0.134172845194446,0.166872420332074,-0.296538874966028,-1.97921534868184,-0.384433359055402,-6.49999322065202,2.74898531044266e-24
32.35,0.4237244,-0.1696053,-0.149323123104144,3.08578830889127e-20,-1.17960965298331,0.314588445269941,0.155076323802241,-0.293392990513329,-1.97074044765053,-0.309457723625389,-6.498903820765,3.12512206889624e-18
32.36,0.4416526,-0.163217,-0.14064100670409,6.75377721314281e-14,-1.04652914470926,0.503133578572541,0.144611032355149,-0.288361654727604,-1.96585615589992,-0.226547361577049,-6.10826375572272,9.5708562279168e-12
32.37,0.460174,-0.1538452,-0.00273046998418395,-4.26394065200016e-09,-0.913378403729252,0.697437298816883,0.135477248317856,-0.281387281739435,-1.96418964074607,-0.13531107776001,-0.118504921556144,4.22281246602863e-06
32.38,0.4781093,-0.141541,-2.12427037590221e-06,0.00188827759949875,-0.78966135093987,0.895600913078354,0.127580634808457,-0.272431272608651,-1.96427010471228,-0.035277923557143,-9.21984364765006e-05,0.231077897926267
32.39,0.49439,-0.1264317,-1.73745401753641e-09,-0.446287800816531,-0.683302271081491,1.09528002153735,0.120747612097643,-0.261478472393278,-1.96420044799546,0.073521642499191,-7.54074553105162e-08,6.48287201275746
32.4,0.5084358,-0.1083347,-2.51496932849263e-12,-1.24342812150613,-0.597914478696714,1.29659150453496,0.114768467310675,-0.248512557347928,-1.96239372238383,0.192001214461583,-1.09069307617216e-10,6.49999395980109
32.41,0.5198039,-0.08720464,-1.16589263827404e-14,-2.03548606162503,-0.535704784947349,1.49861689481917,0.109411419461202,-0.233526388399737,-1.95724954794143,0.319961023870702,-5.04538792528049e-13,6.4999999941401
32.42,0.5284033,-0.06312788,-2.64522858097159e-16,-2.86374532116001,-0.495973880290776,1.69952012002918,0.104451680658294,-0.216531187199445,-1.9478474956861,0.455843813850315,-1.14031872353799e-14,6.49999999998676
32.43,0.5340899,-0.03616011,-4.25703409375527e-17,-3.65715182285733,-0.478340222757071,1.89783451776121,0.0996682784307235,-0.197552842021833,-1.93340636112129,0.597379608653797,-1.82467550065574e-15,6.49999999999994
32.44,0.5368083,-0.006661544,-5.4259404648258e-17,-4.38469638537314,-0.481666719825006,2.08995420139469,0.0948516112324734,-0.176653300007886,-1.9136705687387,0.740542850413771,-2.30846861658071e-15,6.5
32.45,0.5363786,0.02473332,-5.24607541697957e-16,-5.01269655029424,-0.505705974527311,2.27053755799476,0.0897945514872003,-0.153947924427938,-1.88855401724454,0.880751635994159,-2.21232408792778e-14,6.5
32.46,0.53294,0.05764259,-2.37292623603387e-14,-5.5233936971459,-0.547746433364251,2.43657624242029,0.0843170871535578,-0.129582162003735,-1.8589013010243,1.01545434060242,-9.91207807837164e-13,6.5
32.47,0.5270836,0.09185104,-2.2490748928647e-12,-5.91598572681268,-0.60182977184084,2.58660115055398,0.0782987894351494,-0.103716150498195,-1.82636662344028,1.14356347231178,-9.30752134491095e-11,6.5
32.48,0.5177934,0.1258178,-5.80047012332299e-10,-6.19417220021158,-0.674276065803908,2.7094997006462,0.0715560287771103,-0.0766211534917334,-1.79033773879962,1.26274873083879,-2.37899303599e-08,6.5
32.49,0.5056663,0.159235,-1.94598128183458e-07,-6.37549174655492,-0.758886594878653,2.80428380707589,0.0639671628283238,-0.0485783154209745,-1.75248400697668,1.37470383783604,-7.91817426204234e-06,6.5
32.5,0.4905936,0.191201,-7.11104581758656e-05,-6.47372514380226,-0.855079820117362,2.86578537703666,0.0554163646271502,-0.0199204616506079,-1.71343313224086,1.48082928273643,-0.00287449097877373,6.5
32.51,0.4734113,0.221693,-0.0156745996773932,-6.49947787479623,-0.955259024706373,2.89592661365902,0.0458637743800864,0.00903880448598227,-1.67435602335195,1.58347451173462,-0.630463843317731,6.5
32.52,0.4540661,0.2499517,-0.15362641275061,-6.45799039222566,-1.05895100852571,2.89119557579166,0.0352742642948294,0.0379507602438988,-1.63545247357974,1.6845787933646,-6.15831352182773,6.5
32.53,0.4325189,0.2755091,-0.16236739707099,-6.34956985217734,-1.16559325574942,2.85069757087967,0.0236183317373351,0.0664577359526955,-1.59688571061124,1.78640905818061,-6.49697376360627,6.5
32.54,0.409384,0.2982841,-0.162487085024142,-6.16970338127829,-1.26981125987624,2.77667435923667,0.0109202191385727,0.0942244795450622,-1.55889300933512,1.89103162403665,-6.49995781589004,6.5
32.55,0.384614,0.3180254,-0.162296163831385,-5.9092790484963,-1.37153844883993,2.6701295381838,-0.0027951653498266,0.1209257749269,-1.52144759994847,2.00051302342098,-6.49999910366809,6.5
32.56,0.3585932,0.3348857,-0.161877149543054,-5.55716890245209,-1.46753227865385,2.53517578406866,-0.0174704881363651,0.146277532767587,-1.48450971005384,2.11620622917594,-6.49999996966167,6.5
32.57,0.3315915,0.3489929,-0.161238961344849,-5.10229852323077,-1.5556679466163,2.37559832771639,-0.0330271676025281,0.170033516044751,-1.44797858763426,2.23891995510289,-6.49999999837005,6.5
32.58,0.3039435,0.3605952,-0.16038605927056,-4.5389827845768,-1.63354109463663,2.19593513543056,-0.0493625785488944,0.191992867399056,-1.41170562700719,2.36840740763345,-6.49999999985988,6.5
32.59,0.2759717,0.3699831,-0.15931884884304,-3.87324797339891,-1.69907161365738,2.00081629226767,-0.0663532946854682,0.212001030321733,-1.37551761594529,2.50324490672504,-6.49999999998069,6.5
32.6,0.2478321,0.3772095,-0.158036196793408,-3.11800171779447,-1.75163289975584,1.79285568318051,-0.0838696236830265,0.229929587153538,-1.33929626865272,2.6417915520653,-6.49999999999587,6.49999999999909
32.61,0.2198672,0.382597,-0.156530767740953,-2.28998367677018,-1.7893359316688,1.57654708867728,-0.101762982999715,0.245695058040311,-1.30283173323942,2.78074142408866,-6.49999999999861,6.49999999953546
32.62,0.1923061,0.3863782,-0.154793668652705,-1.44316523980227,-1.81135112148353,1.35543103703673,-0.11987649421455,0.259249368410678,-1.26596425096645,2.91677696344247,-6.49999999999927,6.4999993409189
32.63,0.1653364,0.3887272,-0.152814620300147,-0.607538062208719,-1.81730491568358,1.1323803243327,-0.138049543371386,0.270573171654005,-1.22855556619257,3.04708882785833,-6.4999999999994,6.4967622101958
32.64,0.1391769,0.3897919,-0.150579809343529,0.00396086069172764,-1.80670761211936,0.909869607887295,-0.156116619492579,0.279671867732878,-1.1904374783919,-3.11352123750462,-6.49999999999923,0.50892854041279
32.65,0.1139967,0.3897389,-0.148075533301068,-2.19582093557982e-09,-1.77956561801973,0.690327975628779,-0.173912275672777,0.286575147489166,-1.15147075743844,-2.99993599593022,-6.49999999999844,3.10422332980528e-06
32.66,0.09002283,0.3887915,-0.145282822667479,1.18412318703784e-14,-1.73554757970289,0.476406606177715,-0.191267751469805,0.291339213550943,-1.11144942362929,-2.89601392233942,-6.49999999999487,1.44967712061979e-12
32.67,0.06735017,0.3870296,-0.142190588971141,7.1231088286427e-22,-1.67541763358093,0.269467227267722,-0.208021927805615,0.29403388582362,-1.07027933617319,-2.80127069196659,-6.49999999997242,7.12063720392049e-20
32.68,0.04584625,0.3841854,-0.138811174163601,7.13879757591099e-28,-1.60165500994828,0.0681502002199572,-0.224038477905098,0.29471538782582,-1.02811419119068,-2.71380205680182,-6.49999999976337,7.05718825407963e-26
32.69,0.02576514,0.3806165,-0.135126729165477,1.67668553273137e-26,-1.51377276538934,-0.124193354759345,-0.239176205558991,0.293473454278226,-0.984656008553651,-2.3726971859674,-6.49999999651532,9.5495272496949e-25
32.7,0.006952401,0.3761351,-0.131168404081695,2.74163939306476e-20,-1.41442033238561,-0.30855769664122,-0.253320408882847,0.290387877311814,-0.940114517813184,-2.30377083303195,-6.49999991266378,1.46729970498967e-18
32.71,-0.01060867,0.3707269,-0.126958613138296,4.09476990719981e-14,-1.30509704519207,-0.484619511157192,-0.266371379334768,0.285541682200242,-0.894532118556418,-2.23769259440489,-6.49999613051788,2.08202665487974e-12
32.72,-0.02716238,0.3643132,-0.122494031060193,4.8000967553723e-09,-1.18893111593822,-0.652603212205378,-0.27826069049415,0.279015650078188,-0.848318083188178,-2.17341041094999,-6.49970073723051,2.33393664713804e-07
32.73,-0.04277297,0.3570191,-0.116952852221109,5.60415802776869e-05,-1.06752657627955,-0.81124664065883,-0.288935956256946,0.2709031836716,-0.801634658114373,-2.11052843570085,-6.45796862442454,0.00261962868797731
32.74,-0.05754331,0.349051,-0.0407828583034449,0.06085773655665,-0.942684651938173,-0.958831288172195,-0.298362802776327,0.261314870789878,-0.75473296305734,-2.04886286585134,-2.35635986803144,2.74889401206088
32.75,-0.07191747,0.3405932,-0.000127918880627076,0.14774081629339,-0.818616873822663,-1.09398910912619,-0.306548971514554,0.250374979698616,-0.708548928296643,-1.98822089168587,-0.00778450778696495,6.47974160176696
32.76,-0.08551643,0.3324318,-1.15637075578736e-07,0.151891195171957,-0.693132579974005,-1.21105889808068,-0.313480297314294,0.23826439071781,-0.662420389222831,-1.92916956686547,-7.48686518994805e-06,6.49982529166809
32.77,-0.09878272,0.3249493,-5.40735799965957e-11,0.154993827488607,-0.570287962386391,-1.30788916033799,-0.319183176938158,0.22518549911443,-0.617385546307819,-1.87159865588293,-3.76974339901077e-09,6.49999535284512
32.78,-0.111059,0.3195632,-9.57895160292615e-15,0.157482483766036,-0.445691757788989,-1.37492125628393,-0.323640094516048,0.21143628655159,-0.572048775572265,-1.81632014910056,-7.2900768378447e-13,6.4999995581745
32.79,-0.1227872,0.3164635,-1.04976897213777e-18,0.159422924684788,-0.32341703819138,-1.41257708824029,-0.326874264897962,0.197310515669187,-0.527522359446086,-1.76284230133195,-8.76733558065181e-17,6.499999873378
32.8,-0.1338197,0.3159819,-1.60943551067976e-22,0.160859818053612,-0.202865060940283,-1.4203553237332,-0.328902915507364,0.183106962431855,-0.483507211279423,-1.7108940493959,-1.46787448680001e-20,6.49999989669931
32.81,-0.1442904,0.3178316,-2.75939166312536e-25,0.161835254894119,-0.0855561653357881,-1.40254679451981,-0.329758477160722,0.169081494486657,-0.440407866564918,-1.65993929654453,-2.69169152270464e-23,6.49999979564272
32.82,-0.1543311,0.3215761,-5.97616600566858e-26,0.162374132593254,0.0271354325017796,-1.36437613612628,-0.329487122835705,0.155437733125395,-0.398631977423719,-1.60957227645882,-6.00106388847626e-24,6.4999991562857
32.83,-0.1639885,0.3267658,-2.01244128719368e-24,0.162489285072456,0.134589847445127,-1.31089444030547,-0.328141224361253,0.14232878872234,-0.358351238068458,-1.55956744270939,-2.01446803157017e-22,6.49999358368246
32.84,-0.1731291,0.3330053,-1.22125669680734e-21,0.162187301720179,0.237594243754238,-1.24646317059254,-0.325765281923711,0.129864157016414,-0.319197334077646,-1.50986695478771,-1.22798637918147e-19,6.49991839505249
32.85,-0.1816887,0.3400096,-1.59883412424825e-18,0.161442930604038,0.336387895184934,-1.17436340476082,-0.322401402971862,0.118120522968806,-0.280984152397748,-1.46054436068896,-1.69583256434968e-16,6.49836548777917
32.86,-0.1894523,0.3475674,-1.60700212208341e-15,0.159168915818065,0.432329054841311,-1.09713292751046,-0.318078112423448,0.107149193693702,-0.243027179748882,-1.4117571189457,-1.99903366767213e-13,6.45061766895479
32.87,-0.1960121,0.3556276,-8.59296564013009e-13,0.116763520558824,0.528117260532017,-1.01596360722824,-0.312796939818128,0.0969895576214193,-0.203962963712281,-1.36368131606879,-1.63771433409781e-10,4.77565821348044
32.88,-0.2009491,0.3641832,-8.85894368565164e-11,0.00548579645873844,0.626332945201145,-0.931653330538984,-0.306533610366117,0.0876730243160294,-0.162302393837599,-1.31649138053678,-9.65013734250581e-08,0.226945962520992
32.89,-0.203708,0.3734868,5.21717943377129e-08,3.78481255651492e-05,0.730361545106565,-0.843035741351298,-0.299229994915051,0.0792426669025164,-0.115951333020789,-1.27020022364037,-4.72638242456987e-05,0.001587137281534
32.9,-0.203732,0.3837205,-0.000127107168332048,1.05538142667074e-07,0.843311402615708,-0.749577398558361,-0.290796880888894,0.0717468929169328,-0.0626199729093222,-1.22480634541615,-0.0214150086243522,4.49526771148818e-06
32.91,-0.2005436,0.3950655,-0.000167644098817787,9.06883344692809e-11,0.96742587220735,-0.650820527325457,-0.281122622166821,0.0652386876436782,-8.85881102683895e-05,-1.18025845599688,-3.84574777694572,3.9312247458577e-09
32.92,-0.1936793,0.4075419,0.450512837067865,1.65185226252061e-14,1.10461292752313,-0.54756764889509,-0.270076492891589,0.0597630111547273,0.0740138683596637,-1.13663809035273,-6.48949694562228,7.30083384064008e-13
32.93,-0.182825,0.4210551,1.05843327771078,3.72569668181188e-19,1.25546123181734,-0.441437299292242,-0.257521880573416,0.0553486381618049,0.161539646860838,-1.09417413702905,-6.49997337593763,1.68160416002591e-17
32.94,-0.1677731,0.4353161,1.68378524777073,4.83161094997907e-25,1.41964996842425,-0.335388891011412,-0.243325380889173,0.0519947492516908,0.263682235514069,-1.05342585822221,-6.49999992246736,2.22948134140897e-23
32.95,-0.148385,0.4499634,2.41215735874862,9.16940954469643e-33,1.59629617367664,-0.232697592175781,-0.227362419152407,0.049667773329933,0.380668766016433,-1.01517637401745,-6.49999999972509,4.32725113557276e-31
32.96,-0.124782,0.4647478,3.17852062407799,1.07570277263752e-43,1.78258851567515,-0.135541782168209,-0.209536533995655,0.0483123555082509,0.510449584556481,-0.980109501939812,-6.49999999999871,5.18966686482807e-42
32.97,-0.09728936,0.4792591,3.92764682504437,2.93835781577624e-60,1.97436246244072,-0.0470993153375323,-0.189792909371248,0.0478413623548756,0.648846528406485,-0.949324583997817,-6.49999999999999,1.44691518181798e-58
32.98,-0.06622998,0.4923798,4.62073385417711,5.23527266265275e-65,2.16774430209355,0.0244928935379098,-0.168115466350313,0.0480862912902547,0.790899960586666,-0.925634544104071,-6.5,2.62070481542085e-63
32.99,-0.03206648,0.5041968,5.21564095569698,7.1325724226658e-53,2.35810438803848,0.0807330487307754,-0.144534422469928,0.0488936217775624,0.931312557698594,-0.908910957725685,-6.5,3.61343287561379e-51
33,0.005375033,0.5150285,5.69394313064646,3.47988355962685e-45,2.54587429481166,0.124808115989092,-0.119075679521811,0.0501417029374533,1.06740807611833,-0.898219880086935,-6.5,1.77677096890609e-43
33.01,0.04371728,0.5219671,6.04082604668948,1.63709102540372e-43,2.71260928330006,0.135831929725202,-0.0919495866888107,0.0515000222347054,1.1925859353937,-0.900864635626462,-6.5,8.34247167312118e-42
33.02,0.08412416,0.5276541,6.27992122969804,1.91131390163823e-43,2.86751431398707,0.135776815692347,-0.06327444354894,0.0528577903916288,1.30976870969532,-0.907976907619959,-6.5,9.68946811791375e-42
33.03,0.123739,0.5288152,6.42316038241568,1.21503409791063e-48,2.98946142822161,0.101218637175827,-0.0333798292667239,0.0538699767633871,1.41684336767917,-0.926720913272301,-6.5,6.07763040084845e-47
33.04,0.1636454,0.5282847,6.49069784883507,5.40673506179587e-57,3.08818533281568,0.0559125861815959,-0.00249797593856709,0.0544291026252031,1.51727703366984,-0.946514433197176,-6.5,2.66751656174113e-55
33.05,0.2013949,0.5233788,6.49442340350678,1.24190546561863e-63,3.14672058929467,-0.0189560377360305,0.0289692299543796,0.0542395422478428,1.61223277518807,-0.971755623596167,-6.5,6.02426865224816e-62
33.06,0.2375739,0.5161452,6.44223726974895,5.91315213733764e-48,3.17200822436921,-0.105604785822064,0.0606893121980717,0.0531834943896221,1.70424454794045,-0.994528374562514,-6.5,2.82654913382621e-46
33.07,0.2713268,0.5059888,6.33689824757131,3.86812712935397e-35,3.16000003912681,-0.207075628636774,0.0922893125893399,0.0511127381032544,1.79534331628695,-1.0147409084108,-6.5,1.82594093426567e-33
33.08,0.3022819,0.49323,6.17690774618704,3.94802765064579e-26,3.11073070257972,-0.319322995022105,0.123396619615137,0.0479195081530333,1.88749032003334,-1.03064939241176,-6.5,1.84593370116638e-24
33.09,0.3303055,0.4781506,5.95752295242287,2.3282141222095e-19,3.02619725348223,-0.438831424218044,0.153658592149959,0.0435311939108529,1.98233215590417,-1.04143521306476,-6.5,1.08172319278282e-17
33.1,0.3551796,0.4609241,5.67099905259795,5.31804935703799e-14,2.90782479255947,-0.563104733571907,0.182736840075554,0.0379001465751338,2.08145332920935,-1.04702992006963,-6.5,2.46289351585942e-12
33.11,0.3768962,0.4417898,5.30834121868065,1.23128618420014e-09,2.75867584210577,-0.689320314526785,0.210323598496612,0.031006943429866,2.18600460914207,-1.04758786883103,-6.5,5.70050743233658e-08
33.12,0.3954732,0.4209533,4.86056206787606,5.19361004130257e-06,2.58195157799864,-0.815102446972849,0.236143114276598,0.0228559189601375,2.29678651211829,-1.04351395427814,-6.5,0.000241013065938563
33.13,0.4113639,0.3989983,4.32643550589482,0.00481200895613062,2.38398984241191,-0.93545621453937,0.259983012700717,0.0135013568147438,2.4131295805132,-1.03484891827236,-6.5,0.224433464288265
33.14,0.4234166,0.3752063,3.69098075710252,0.129671978243737,2.15892105166446,-1.05541875226942,0.281572223217362,0.00294716929204957,2.53787488001833,-1.0232947092825,-6.5,6.08955003053235
33.15,0.4329407,0.3507269,2.97455260382277,0.137068818483436,1.91965073845956,-1.16583842103426,0.300768730601957,-0.00871121491829306,2.66674406517146,-1.00803422571276,-6.49999999999998,6.49697874701102
33.16,0.4397705,0.3255943,2.17851227190822,0.135574946141501,1.66731003757417,-1.26654146316514,0.317441830977699,-0.0213766295499444,2.79870116698452,-0.989838448105427,-6.49999999997884,6.49995226387945
33.17,0.4439977,0.2999649,1.35296470905037,0.133772069587573,1.40492525474455,-1.35651742596,0.331491083525145,-0.0349418038095444,2.93151900492855,-0.969197217404851,-6.49999993049329,6.49999847087516
33.18,0.4459459,0.2742404,0.494005901428542,0.131723925697677,1.13706800224067,-1.43307397192994,0.342861763547551,-0.0492725435288439,3.06200105077225,-0.946256666605696,-6.49880139343148,6.49999990302596
33.19,0.4456959,0.2485444,-0.00169438863283132,0.129464015566832,0.866212334966008,-1.49584636861826,0.351523886897211,-0.0642310072150265,-3.09513937045192,-0.921456840402315,-0.216114036613238,6.49999998881687
33.2,0.4436986,0.223359,-1.07586176929473e-10,0.126981014554912,0.597399487532826,-1.54192291046903,0.35749788177254,-0.0796502363197168,-2.97633111468979,-0.894769245668433,-8.90296412672297e-08,6.49999999759648
33.21,0.440237,0.1988719,-2.32859572100239e-17,0.124281055307286,0.334050167352181,-1.57087444533767,0.360838383446062,-0.0953589807730934,-2.86610900626919,-0.866494591348105,-2.50636758160867e-15,6.49999999907551
33.22,0.4351235,0.1750058,-1.54699927625155e-23,0.121386010355296,0.075821105457365,-1.58435403732276,0.361596594500635,-0.111202521146321,-2.76366209638513,-0.837165120808555,-1.55347470366716e-21,6.49999999941528
33.23,0.4287751,0.1520492,-7.78332788789586e-22,0.118261889419185,-0.173162057176334,-1.58127741912835,0.359864973928872,-0.127015295337605,-2.70260807726079,-0.806809375234893,-7.60513063671859e-20,6.49999999937958
33.24,0.4211935,0.1299447,-4.89939491248366e-15,0.114904903628812,-0.412199015411723,-1.56328474574019,0.355742983774755,-0.142648142795006,-2.61427917817104,-0.775832199063008,-4.0936075557539e-13,6.4999999989505
33.25,0.4123476,0.1085367,-1.3427428380633e-08,0.111314267574323,-0.640937150667156,-1.53270524884135,0.349333612268083,-0.15797519528342,-2.53226053352182,-0.744683941790793,-9.49991571531723e-07,6.49999999733775
33.26,0.4023066,0.08771314,-0.00190724565783128,0.107477837996416,-0.8583664359086,-1.49144390371419,0.340749947908997,-0.172889634320562,-2.45583897424108,-0.713695805473923,-0.11949561928505,6.49999999028056
33.27,0.3912334,0.06719555,-0.11224236863039,0.103409892281315,-1.06291832853579,-1.44255367578437,0.330120764623639,-0.187315171078406,-2.38449948382343,-0.683346119776535,-6.46937678161463,6.49999995270937
33.28,0.379495,0.04692641,-0.119998435391235,0.0990941332724269,-1.25170174545228,-1.38727200685094,0.317603747169116,-0.201187891146915,-2.31808091760035,-0.653783692638612,-6.49998178523533,6.49999969880454
33.29,0.3674218,0.02667976,-0.12609006958804,0.0945631345651808,-1.42239641481053,-1.32802535555147,0.303379783021011,-0.21446814470243,-2.25624460239658,-0.625336078275194,-6.49999995226176,6.49999763919053
33.3,0.3555894,0.006357444,-0.131393189818011,0.0899483590069661,-1.57113846954732,-1.2661384813424,0.287668398325538,-0.227129529515854,-2.19899662529666,-0.598128917278822,-6.49999999955927,6.49997787076279
33.31,0.3444774,-0.01401652,-0.136064215751074,0.0854165913874986,-1.69517816755468,-1.20195002744956,0.270716616649991,-0.239149029790349,-2.14608734229276,-0.572116071375945,-6.49999999998801,6.49975051534623
33.32,0.335032,-0.03403136,-0.140085223326197,0.0809929569972542,-1.78865367213259,-1.13292789347082,0.252830079928665,-0.250478308725057,-2.09787824894452,-0.546773779702578,-6.49999999999906,6.49615945518718
33.33,0.3279614,-0.05322057,-0.143493492315169,0.0757563421732608,-1.84806148624591,-1.05634204708735,0.234349465066206,-0.261041729195931,-2.05431169941359,-0.521565668045913,-6.4999999999998,6.40607365927086
33.34,0.3234401,-0.07158448,-0.146382512774296,0.0455467050546251,-1.87428514949896,-0.973157597737746,0.215606613571216,-0.270773305173308,-2.01475197229452,-0.496593626441539,-6.49999999999989,4.05169295225607
33.35,0.3217213,-0.08839797,-0.148822107371662,0.00120247318926719,-1.86774389051532,-0.878943960616716,0.196929174666063,-0.279562744779475,-1.97885189264189,-0.471024300019128,-6.49999999999987,0.11213435664536
33.36,0.3226837,-0.1033201,-0.150893210913783,4.23937664058055e-06,-1.83177323434904,-0.772499859468613,0.178611442322573,-0.287287743374162,-1.94602405449654,-0.444582584726594,-6.49999999999963,0.000411406246211345
33.37,0.3263321,-0.1158891,-0.152648812089854,3.39444398655344e-09,-1.76869653745861,-0.651890854595393,0.160924476947987,-0.293806651920116,-1.91599830769753,-0.416838262338947,-6.49999999999781,3.38430217784226e-07
33.38,0.332591,-0.1256029,-0.154133410132237,3.61121411815783e-13,-1.68141013113108,-0.515107439958705,0.144110375636676,-0.298957726319703,-1.88857005856532,-0.387306631961023,-6.49999999997183,3.62904137412823e-11
33.39,0.3416513,-0.1317402,-0.155367308909086,2.42764989170478e-18,-1.57076627106703,-0.358759554049488,0.128402712926006,-0.302545321860197,-1.86394514208235,-0.35518833527243,-6.49999999913896,2.42896534617937e-16
33.4,0.3532164,-0.1343064,-0.156386404209864,2.52373894327407e-24,-1.4412921161751,-0.185193158255391,0.113989791764255,-0.304397253442751,-1.8420078699313,-0.32064880896173,-6.49999993578871,2.53565201320044e-22
33.41,0.3672582,-0.132953,-0.157204346182616,9.15447212484708e-28,-1.29530628398345,0.00594007087764581,0.10103672892442,-0.304337852733975,-1.82307085309639,-0.283265103525312,-6.49998655907717,9.65711311571107e-26
33.42,0.3833418,-0.1274901,-0.157634558269788,1.36262564897879e-23,-1.13805852424598,0.213686964161059,0.0896561436819603,-0.302200983092364,-1.80724142065112,-0.242756252614875,-6.49135171848986,1.69801312432818e-21
33.43,0.400777,-0.1178305,-0.0416798490706039,4.30009313121217e-16,-0.976363960026878,0.436314602854736,0.0798925040816915,-0.297837837063817,-1.79450969496524,-0.198885875806929,-1.71110433818386,9.03745209364316e-14
33.44,0.4187217,-0.1041646,-8.18452759165041e-06,-1.74113464618889e-11,-0.817684279801615,0.670078896634724,0.0717156612836753,-0.29113704809747,-1.78473623423801,-0.151731834850108,-0.000335252460328272,9.92421801081447e-07
33.45,0.4362648,-0.0865927,-3.87398194205901e-10,-5.91001777842046e-05,-0.669421597307805,0.912115963972546,0.0650214453105973,-0.282015888457744,-1.77757162533908,-0.101112526524438,-1.58435225817441e-08,0.583260062028677
33.46,0.4526367,-0.06528635,-7.02195605256183e-15,0.0507662821257893,-0.537323485990134,1.15919934085592,0.0596482104506959,-0.270423895049185,-1.77251972539076,-0.0468424179163903,-2.86869379858448e-13,6.49892952904893
33.47,0.4673367,-0.04047038,-6.10870422020666e-20,-0.0431042968400517,-0.42463287712229,1.40791720220579,0.055401881679473,-0.256344723027127,-1.76901627561992,0.0112966294055135,-2.49377664298179e-18,6.49999989285689
33.48,0.4798656,-0.01259613,-4.62140533735174e-25,-0.445244951598149,-0.3342294890782,1.65342482380501,0.052059586788691,-0.239810474789077,-1.76606563236933,0.0732318122133685,-1.88546912999325e-23,6.49999999995348
33.49,0.4898522,0.01774237,-8.89094088440357e-30,-0.91473842136199,-0.267707932710072,1.89019675890511,0.0493825074615903,-0.220908507200026,-1.76240679747192,0.13870954210978,-3.624703276855e-28,6.49999999999993
33.5,0.4971218,0.04994249,-1.8804861949947e-33,-1.33743810606903,-0.224954513818239,2.113098315845,0.0471329623234079,-0.199777524041576,-1.75681304688837,0.207523539670525,-7.65802342741759e-32,6.5
33.51,0.5020382,0.08384532,-9.43515675565399e-36,-1.78847981047204,-0.201755483451245,2.32072730669693,0.0451154074888955,-0.176570250974607,-1.74894833765838,0.280461517062249,-3.83661126298144e-34,6.5
33.52,0.5033199,0.1181355,-2.43906931468723e-35,-2.25956826131453,-0.206247557446662,2.50331994917666,0.0430529319144289,-0.15153705148284,-1.73623334845757,0.355940893971218,-9.89545437644528e-34,6.5
33.53,0.5015692,0.1526578,-6.32200739083962e-33,-2.74020194674782,-0.23189983275154,2.66054180704933,0.0407339335869135,-0.124931633412347,-1.7192559434595,0.434923673797276,-2.55778717376528e-31,6.5
33.54,0.496889,0.1869642,-2.98134089288978e-29,-3.22043323509834,-0.276235446626405,2.79005709042141,0.0379715791206494,-0.0970310625081326,-1.69840486792768,0.517867402927879,-1.20261009711787e-27,6.5
33.55,0.4888287,0.2200806,-8.98228193717661e-25,-3.69307209375608,-0.340940101118841,2.88596283232671,0.034562178109461,-0.0681714341848655,-1.67378915328144,0.604110499039464,-3.61263528039816e-23,6.5
33.56,0.4787755,0.2524733,-1.29726531548816e-20,-4.1701686642014,-0.413904121706494,2.95362015199111,0.0304231368923961,-0.0386352326649544,-1.6473661287214,0.696664018161638,-5.20477280322626e-19,6.5
33.57,0.466302,0.2831807,-1.16871848398548e-16,-4.64131928642782,-0.497255477737938,2.98759616535412,0.0254505821150167,-0.00875927101141319,-1.61932570479056,0.795409956134019,-4.68055118141176e-15,6.5
33.58,0.4519232,0.311863,-4.13148957074215e-13,-5.10037036710492,-0.58595488201147,2.98763668199762,0.019591033294902,0.021117095808563,-1.59037447067578,0.902194583450074,-1.65292218945008e-11,6.5
33.59,0.4355002,0.3380932,-6.98659320815088e-10,-5.53672311382897,-0.680129977964669,2.95305217169419,0.0127897335152553,0.0506476175255049,-1.56076607855283,1.01935481285517,-2.79478212194744e-08,6.5
33.6,0.4173562,0.3616802,-5.21104701107696e-07,-5.93546082971712,-0.776460792094864,2.88513731081626,0.00502512559430666,0.0794989906336675,-1.53078458755518,1.15085435406997,-2.08613899616937e-05,6.5
33.61,0.3976997,0.3824511,-0.00017900108349237,-6.26697673141804,-0.872705714086458,2.78541657705948,-0.00370193154655792,0.107353156404262,-1.50057305021246,1.30215693673044,-0.00717827047782352,6.5
33.62,0.3768199,0.4008882,-0.0246608445693834,-6.47395862954195,-0.966194772708435,2.66032396196362,-0.0133638792736423,0.133956396023898,-1.47018419666938,1.48123017941325,-0.99160008252555,6.5
33.63,0.3546399,0.4160843,-0.151765060207809,-6.45006744192613,-1.0571682138319,2.5056908712943,-0.0239355614119612,0.159013304736841,-1.43969274403611,1.69485785960367,-6.12475120855914,6.5
33.64,0.3309951,0.4278836,-0.160151255925512,-6.03887217372432,-1.14650748385829,2.32337969523211,-0.0354006362505442,0.182247101689163,-1.40920586313322,1.94982019323055,-6.49318812025353,6.5
33.65,0.3066472,0.4377893,-0.159407726719639,-5.10680870236813,-1.22821096595407,2.12754129852495,-0.0476827459100848,0.203522514674412,-1.37843984593314,2.2378004508153,-6.49978477221567,6.5
33.66,0.2814921,0.4453138,-0.15834482998584,-3.70259452689967,-1.3031409945334,1.91664082063244,-0.0607141558554188,0.222688922880736,-1.34749241237628,2.53569264286068,-6.49998904026937,6.49999999999997
33.67,0.2556885,0.4505545,-0.157112152779667,-2.08632727263847,-1.37019812935834,1.69366610389355,-0.0744161371490022,0.239625583919672,-1.31631281997515,2.81349125270818,-6.49999912548608,6.49999999998567
33.68,0.229395,0.4536818,-0.155709982141299,-0.568332956980476,-1.42840385131296,1.46199526814311,-0.0887001756621318,0.254245536601103,-1.28484377167022,3.05231056310733,-6.49999989319876,6.49999998253653
33.69,0.2028971,0.4549092,-0.154128565309306,-0.00443063287664861,-1.47596612549398,1.22512487826084,-0.103459836917072,0.266496785383712,-1.25292948523456,-3.03384578118936,-6.49999997977554,6.49992021349585
33.7,0.1763904,0.4542795,-0.152359220478691,0.0450149072716423,-1.51194643340692,0.985060061901084,-0.118579301251141,0.276347386002722,-1.22047825799234,-2.87149542251387,-6.49999999411815,4.92650020581149
33.71,0.150131,0.451929,-0.150388591928363,7.49521603968238e-07,-1.53509008482901,0.744368830265035,-0.133930202099431,0.283791074305373,-1.18733741121613,-2.73570514732553,-6.49999999734608,7.51263097534425e-05
33.72,0.124491,0.4480584,-0.148193362533775,1.42241413486052e-13,-1.54345088504019,0.505907900880175,-0.149364710949833,0.288850153314174,-1.15323169454989,-2.61978504655481,-6.49999999806328,1.20221017761504e-11
33.73,0.09964412,0.4427192,-0.145759548156148,9.53571535271312e-22,-1.53676685487282,0.271208858177431,-0.164732379498561,0.291562241895949,-1.1180675829337,-2.51809297121823,-6.4999999977172,6.5757460160316e-20
33.74,0.07596128,0.4361264,-0.143055511188483,3.40292276303402e-28,-1.51342680055028,0.0428787525541274,-0.179866647504064,0.29199102942149,-1.08151343884099,-2.42710738473883,-6.49999999540211,2.05606447624878e-26
33.75,0.05364277,0.4283952,-0.140059939199456,2.73304699975132e-25,-1.4732850983463,-0.177441615821152,-0.194599498487527,0.290216613263279,-1.04340153988326,-2.65888069065634,-6.49999998375262,2.49631392426867e-23
33.76,0.03274945,0.419567,-0.136765547603499,1.30912777723971e-17,-1.41732690979975,-0.388821593168135,-0.208772767585524,0.286328397331597,-1.00370938870783,-2.57644661430284,-6.49999989852606,1.01053744572008e-15
33.77,0.01310424,0.4094636,-0.133198730916539,6.37136043998859e-11,-1.34830553310301,-0.59207246068982,-0.222255822916554,0.280407672724699,-0.962725816566494,-2.49910851356613,-6.49999892251109,4.25457579340488e-09
33.78,-0.004838102,0.3986708,-0.129311609509136,8.81656856221208e-06,-1.26418975894379,-0.782340781251676,-0.234897720505992,0.272584264912182,-0.919806399064429,-2.42745687403423,-6.49997741738565,0.000532924258554426
33.79,-0.02183973,0.3867105,-0.125200946253665,0.0553765182827592,-1.17214675224622,-0.963069645503573,-0.246619188028454,0.262953568457146,-0.87619118731803,-2.35946897385872,-6.49921753925607,3.11366495320137
33.8,-0.03751239,0.3742329,-0.119809036573541,0.122165387586246,-1.07038648212407,-1.12915601173544,-0.257323052849695,0.251662008339792,-0.831261177164842,-2.29579827257879,-6.44723761558941,6.49554795780746
33.81,-0.0522054,0.3614921,-0.0566391520860536,0.127988688993547,-0.962738608019897,-1.27888233898991,-0.266950438929894,0.238873184949893,-0.785692210237151,-2.23606405944921,-3.1738993250536,6.49998743821632
33.82,-0.06698154,0.3480767,-0.000607667521760726,0.133205088419644,-0.85804073290506,-1.41566859972884,-0.275530846258945,0.224716498952605,-0.741645183963744,-2.17879552605465,-0.0355999810683104,6.49999990122398
33.83,-0.08085898,0.3357448,-1.60648340469339e-06,0.137757216074321,-0.749402409188882,-1.52670959494028,-0.283024870350834,0.209449403003202,-0.69719722098854,-2.12614508386709,-9.91578188797901e-05,6.49999999735368
33.84,-0.09433371,0.3248915,-2.30818478847388e-09,0.141693164536134,-0.64134950329171,-1.61036388940508,-0.289438365383751,0.193345764109151,-0.653510440197419,-2.07768554241062,-1.51467270896028e-07,6.49999999979521
33.85,-0.107198,0.3165675,-1.56340617311242e-12,0.14500716159653,-0.532888664684581,-1.66041209264613,-0.294767252030596,0.17674164318269,-0.610192419378346,-2.03393403480588,-1.10434930792674e-10,6.49999999995216
33.86,-0.1198013,0.3115008,-6.15890107434262e-16,0.147750173446748,-0.427207447159262,-1.67366098763714,-0.299039326502189,0.160005033306318,-0.568167969456518,-1.99495114164858,-4.72465650106185e-14,6.49999999996606
33.87,-0.1315963,0.3101115,-1.24153088660588e-19,0.149994440825493,-0.32063884078487,-1.64963214572149,-0.302245714910038,0.143508711849103,-0.52612084264017,-1.96057497551535,-1.03993130063352e-17,6.49999999992727
33.88,-0.1434197,0.311904,-3.90730117274123e-23,0.151856177141156,-0.219985761050847,-1.59485862038087,-0.304445572520546,0.127560125645295,-0.486324931564474,-1.9298408243034,-3.54498504233395e-21,6.49999999959489
33.89,-0.1551989,0.3161532,-5.84633754868449e-26,0.153431342364088,-0.124823836475596,-1.51726455250427,-0.305693810885302,0.112387480120252,-0.448635658032097,-1.9018064389588,-5.6433034354882e-24,6.49999999498306
33.9,-0.1671215,0.3224891,-1.81239735136326e-27,0.154770092950106,-0.0366425286967882,-1.42169070808974,-0.30606023617227,0.0981705730393547,-0.413622326474223,-1.87609939318405,-1.81042163482627e-25,6.4999998678673
33.91,-0.1791593,0.3303768,-1.99680987901205e-27,0.155918515618492,0.0448019786865359,-1.3139485220443,-0.305612216385405,0.0850310878189116,-0.381215929529657,-1.85227996596348,-2.0059059850503e-25,6.49999310363084
33.92,-0.1911056,0.3393261,-3.80341062594511e-26,0.156894753226646,0.121087998458467,-1.19915888572423,-0.30440133640082,0.0730394989616693,-0.350789570095155,-1.83002048638877,-3.8034748113122e-24,6.49932574120138
33.93,-0.2022786,0.3495067,-4.88494703277833e-24,0.154304188405859,0.197206249802779,-1.0772275220948,-0.302429273902792,0.0622672237407213,-0.320218160428384,-1.80974579866108,-4.90911622135499e-22,6.35817775843369
33.94,-0.2128289,0.3602749,-1.38574422696877e-21,0.0148142201671743,0.271645669906473,-0.954126364345723,-0.299712817203727,0.0527259600972641,-0.290012429063018,-1.79110516662471,-1.44133914467651e-19,0.607694755085515
33.95,-0.2222281,0.3716426,-5.63805352891897e-19,1.58725616072613e-05,0.348019024090743,-0.830545353458193,-0.29623262696282,0.0444205065626822,-0.258433411931883,-1.77445147690434,-6.45457345198302e-17,0.000648710140681805
33.96,-0.2299981,0.3836028,-2.59754303779582e-16,5.15359501600281e-09,0.429288748059335,-0.707264704684224,-0.291939739482227,0.0373478595158399,-0.223852272171454,-1.76021609783016,-3.78088321818249e-14,2.10012924037631e-07
33.97,-0.2357827,0.3960451,-8.45579132750872e-14,4.18291542861392e-13,0.517272626547832,-0.585771794503951,-0.286767013216748,0.0314901415708004,-0.184973143078938,-1.74883070063764,-2.56214508551312e-11,1.7008589035284e-11
33.98,-0.2392054,0.4088145,1.4692892530144e-11,5.51128360384649e-18,0.613765566486794,-0.467762716769948,-0.28062935755188,0.0268125144031009,-0.140299509744619,-1.7407796347091,-1.88015391736348e-08,2.23773545732152e-16
33.99,-0.2399903,0.4215744,-2.14678834185365e-08,6.78193361937103e-24,0.71964170826104,-0.356130881472194,-0.27343294046927,0.023251205588379,-0.0885486492141538,-1.73639231453249,-1.35789219803466e-05,2.75154750008487e-22
34,-0.2378237,0.4338713,-7.12030048208742e-05,3.55424405549028e-31,0.835933379296286,-0.254381797587751,-0.265073606676307,0.0207073876125015,-0.0281141837209293,-1.73575292446602,-0.00914422812984519,1.44185971049076e-29
34.01,-0.2323875,0.4452964,0.102533317181759,1.86733674145809e-40,0.963572576135558,-0.1653752837056,-0.255437880914952,0.0190536347754455,0.0428096463277673,-1.73870233926235,-2.99462345967016,7.57914279834636e-39
34.02,-0.2234199,0.455652,0.828626001366646,2.38705038497844e-53,1.10294234099233,-0.0901241819725596,-0.244408457505028,0.0181523929557199,0.125896617874676,-1.74496803429649,-6.48541782654814,9.69936409130988e-52
34.03,-0.2105089,0.4650955,1.43437285594974,4.41518516512413e-76,1.25543670190843,-0.0268643167436609,-0.231854090485944,0.0178837497882833,0.223384895701486,-1.75452362885463,-6.4999677123669,1.79723108317744e-74
34.04,-0.1933387,0.4738277,2.13929611768824,3.1530995432739e-76,1.42156447707395,0.026426169070602,-0.217638445715205,0.0181480114789893,0.336594075125587,-1.76733226575929,-6.49999991623999,1.28675388838663e-74
34.05,-0.1717889,0.4819016,2.91636154337686,2.42183853350139e-58,1.60028191600796,0.0705834933209273,-0.201635626555125,0.0188538464121986,0.464839286038419,-1.78298990175777,-6.49999999972956,9.91641205536551e-57
34.06,-0.1460315,0.4893851,3.6954265340707,8.86907296455833e-50,1.78839802602611,0.106541525703891,-0.183751646294864,0.0199192616692375,0.604552757124152,-1.80096452987535,-6.49999999999881,3.64665823601542e-48
34.07,-0.1162536,0.4960682,4.43320473385589,4.88116265374174e-45,1.98279258764298,0.133159604378083,-0.163923720418434,0.0212508577130183,0.75070048634565,-1.81981901876637,-6.49999999999999,2.01650410946872e-43
34.08,-0.08311199,0.501586,5.07611914959763,1.00675885797394e-42,2.17708140957692,0.148292239973451,-0.142152906322665,0.0227337801127528,0.896205724270878,-1.83723858359484,-6.5,4.17881315320479e-41
34.09,-0.04686562,0.5058119,5.59443843202195,3.3626884434768e-42,2.36827825613328,0.151774500094133,-0.118470123761332,0.0242515251136942,1.03653894769612,-1.85134708044164,-6.5,1.40146292845396e-40
34.1,-0.008026211,0.5089024,5.98040036200656,4.83661254986388e-43,2.55177050163581,0.14561018150332,-0.0929524187449739,0.0257076269287274,1.16815199763733,-1.86144702517348,-6.5,2.02190172806741e-41
34.11,0.03162736,0.5090346,6.24176675659727,1.50535713079736e-47,2.71400038679687,0.117103223491274,-0.0658124148770052,0.0268786591636401,1.28790623731518,-1.86104645784836,-6.5,6.29223387746469e-46
34.12,0.07176073,0.5066617,6.4027835900865,2.47488720929866e-57,2.85315212015117,0.0714165377951153,-0.0372808936754935,0.0275928245415912,1.39758388778922,-1.85155236248756,-6.5,1.03151800550353e-55
34.13,0.1110044,0.5009524,6.48307374562445,3.06328555455741e-79,2.96005041204433,0.00395223261627287,-0.00768038955505023,0.027632346867754,1.49859559591552,-1.83192132352499,-6.5,1.26961909164654e-77
34.14,0.149789,0.4931661,6.49829357723351,1.02235782880026e-56,3.039616094915,-0.0740115079662358,0.0227157713940998,0.0268922317880916,1.59371659364753,-1.80712008826439,-6.5,4.20991732920595e-55
34.15,0.1870252,0.483023,6.45785574116955,1.28858762208333e-40,3.08537297479387,-0.163322436969489,0.0535695011420385,0.0252590074183967,1.68476119489296,-1.77796139991861,-6.5,5.27041383416792e-39
34.16,0.2209977,0.4689275,6.36591441719297,1.57182146353336e-29,3.0868966876356,-0.274402407229883,0.0844384680183945,0.0225149833460979,1.77431605548982,-1.74337336258329,-6.5,6.3849858019148e-28
34.17,0.2525403,0.4525405,6.22263766142796,8.67592099925117e-22,3.05353016289093,-0.392778076857949,0.114973769647304,0.0185872025775184,1.86404964700006,-1.70737663985567,-6.5,3.50398489666996e-20
34.18,0.2805829,0.433118,6.0229758182763,1.34809027926926e-15,2.98011276388339,-0.522732623755173,0.144774897286138,0.0133598763399667,1.95637773354104,-1.66997570439271,-6.5,5.41980081064568e-14
34.19,0.3066308,0.4122485,5.76526895525923,7.75515004206859e-11,2.88103344276293,-0.650980503757504,0.173585231713767,0.00685007130239163,2.05094552576234,-1.63293495155654,-6.5,3.10824037777875e-09
34.2,0.3295861,0.3894506,5.44002460621586,6.7417749169262e-07,2.75061403465056,-0.780478553282648,0.201091372060273,-0.000954714230434846,2.1499985844003,-1.59601007451599,-6.5,2.69759334186046e-05
34.21,0.3488465,0.3645319,5.03445535502081,0.00159788076944099,2.58741268837563,-0.911829746563157,0.226965498944029,-0.0100730116960664,2.25557218405655,-1.55925142943399,-6.5,0.0639196193817854
34.22,0.3639882,0.3371954,4.5335212501717,0.147176698255651,2.3915909124925,-1.0463485627271,0.250881408068954,-0.0205364973233374,2.36958008067875,-1.52273489988566,-6.5,5.89407993525923
34.23,0.3771503,0.3095886,3.95602160960442,0.161835298034976,2.18233678884257,-1.16723299032023,0.27270477595738,-0.0322088272265397,2.4872387247894,-1.4864584934118,-6.5,6.49720369379863
34.24,0.3876727,0.2815021,3.30051295279923,0.161285267449303,1.95691031995275,-1.27635168199288,0.292273879156907,-0.0449723440464685,2.60945256001302,-1.45029668468612,-6.49999999999999,6.49996830999402
34.25,0.395837,0.2534235,2.5746587213062,0.160447285685196,1.71979143674497,-1.37036316483184,0.309471793524357,-0.0586759756947868,2.73426947695986,-1.41403260970958,-6.49999999999507,6.49999910619623
34.26,0.4018339,0.2257533,1.79841381962905,0.159381029606408,1.47452788578408,-1.44689566892071,0.324217072382198,-0.073144932383994,2.85954132804243,-1.37744262284059,-6.49999999262704,6.49999994201165
34.27,0.405876,0.1988861,1.04091647837012,0.158073945870503,1.22461310859712,-1.50388998913485,0.336463203468169,-0.0881838322753425,2.98288984672754,-1.34028261306364,-6.49995804080554,6.49999999178055
34.28,0.4082488,0.1731817,0.1695062978799,0.15650726235708,0.973847386989249,-1.53979907628899,0.346201677338061,-0.103581823038232,3.10185634722194,-1.30230047755873,-5.45294842802203,6.49999999754139
34.29,0.4090451,0.1488277,-5.56301149884955e-07,0.154661238939206,0.724339819805301,-1.55457241574985,0.353445075536114,-0.119127547195731,-3.06809089850633,-1.26332713509162,-0.000134559482051901,6.49999999852499
34.3,0.4082784,0.1258772,-1.1379951802614e-13,0.152518283569544,0.477453058388221,-1.54926790157728,0.358219606119997,-0.134620226211504,-2.96115885868682,-1.22327970441437,-4.05305042934632e-11,6.49999999832151
34.31,0.4059951,0.104276,-2.95990107588965e-20,0.150066548217496,0.234679462965524,-1.5257665754454,0.360566400749652,-0.149877891965958,-2.86079022277857,-1.18216690926231,-3.1408844445487e-18,6.49999999657828
34.32,0.4021915,0.08397452,-4.56553924461306e-24,0.147297907923871,-0.00298863151326145,-1.48587788745211,0.360536514434519,-0.164736670840479,-2.76674806881718,-1.14000695676065,-4.5827078806002e-22,6.49999998794646
34.33,0.3965501,0.06424913,-3.974854012067e-20,0.144264748663917,-0.236967699052776,-1.43633242838453,0.358166837443992,-0.179099995124324,-2.54452261572836,-1.09757438745129,-2.87822557232427e-18,6.49999993937509
34.34,0.3897989,0.04593325,-1.6459040887902e-13,0.14090215582848,-0.460899668524711,-1.37195418815777,0.353557840758744,-0.192819537005902,-2.46297476700056,-1.05389911252373,-1.04125904059364e-11,6.49999945854423
34.35,0.3811904,0.02737588,-1.51734510010189e-07,0.137397079262918,-0.679800008388959,-1.30632539567535,0.346759840674855,-0.205882790962655,-2.38696518379519,-1.01116670990333,-8.76790460250458e-06,6.49999445436317
34.36,0.3717207,0.009297393,-0.00769612488981136,0.133704718981659,-0.885516480514106,-1.23457504027837,0.337904675869714,-0.218228541365439,-2.31778503222932,-0.968453169917853,-0.416772253201116,6.49992002002833
34.37,0.3618535,-0.008487433,-0.125829451737764,0.129861207985241,-1.07448481523546,-1.15889284622873,0.327159827717359,-0.229817469827726,-2.2550113606859,-0.926119866355915,-6.4805468525718,6.49844456892949
34.38,0.3518943,-0.02665782,-0.131494810055831,0.125453066797484,-1.24465539340102,-1.08496817946006,0.314713273783349,-0.240667151622327,-2.19786762928801,-0.885378871724698,-6.49997558884819,6.46701199298333
34.39,0.342795,-0.04463604,-0.136019264946242,0.1068089961317,-1.38947877848645,-1.00880594719359,0.300818485998484,-0.250755211094263,-2.14661050871272,-0.845315626185377,-6.49999985106832,5.68126004837454
34.4,0.3356249,-0.06208048,-0.139796254971106,0.0164174887664226,-1.50215829957637,-0.92845654927201,0.285796903002721,-0.260039776586983,-2.10144585495646,-0.805380444726493,-6.49999999610004,0.903502617655131
34.41,0.330723,-0.07913475,-0.142942470604163,0.000287577653872922,-1.58194222674292,-0.845711072067957,0.269977480735292,-0.268496887307662,-2.06155898678421,-0.765934264011171,-6.49999999965192,0.0164272960990011
34.42,0.3288731,-0.09490813,-0.145515853910535,1.93764716418938e-06,-1.62504154912751,-0.754625873677671,0.253727065244017,-0.276043146044439,-2.02691820878813,-0.725224417347128,-6.4999999998981,0.000115612060723207
34.43,0.3296532,-0.1097006,-0.14766218718339,6.00833333190177e-09,-1.63701275255523,-0.658510617038417,0.237356937718464,-0.282628252214823,-1.99624889445109,-0.683967828652889,-6.49999999992337,3.7734697515511e-07
34.44,0.333507,-0.1222746,-0.149423147913916,4.07739299045446e-12,-1.61680493439096,-0.549138843501236,0.221188888374555,-0.288119640649836,-1.96957490405515,-0.639400531817298,-6.49999999984909,2.73650776281947e-10
34.45,0.3399943,-0.1326374,-0.150886568198925,4.8292569908115e-16,-1.57012217028679,-0.428129572938627,0.205487666671687,-0.292400936379222,-1.94613347209357,-0.591512630597629,-6.49999999932103,3.53485712968507e-14
34.46,0.3490553,-0.1405089,-0.152092139151248,8.49959235086205e-21,-1.49959731667756,-0.294934692982313,0.190491693504911,-0.295350283309045,-1.92577219918961,-0.539492668272209,-6.4999999930756,6.92237847199203e-19
34.47,0.3604249,-0.1457145,-0.153078647579331,8.80674900286168e-26,-1.40931445780104,-0.149891595977714,0.176398548926901,-0.296849199268822,-1.90827176856078,-0.482660094680536,-6.49999984377918,8.04468702442405e-24
34.48,0.3741939,-0.1475632,-0.153852264017919,2.80082909539267e-28,-1.30054959629397,0.010421381621132,0.163393052963961,-0.296744985452611,-1.8939279989188,-0.418660741936139,-6.49999135959491,2.78910839944587e-26
34.49,0.3900293,-0.145997,-0.154405376243612,7.60158085806651e-25,-1.17771077847167,0.184428335889532,0.151615945179244,-0.294900702093715,-1.88273931170954,-0.346690472376656,-6.49879098636948,7.59930659710783e-23
34.5,0.407841,-0.1405856,-0.143784361782884,3.37869743739631e-18,-1.04317424197295,0.373330807645889,0.141184202759515,-0.291167394017257,-1.87510415169003,-0.264505812603787,-6.03668233765875,3.77217918218049e-16
34.51,0.4266689,-0.1315601,-0.00182426299100157,2.58637371377156e-12,-0.905610554081631,0.573290978039491,0.132128097218699,-0.285434484236862,-1.87052913861095,-0.171892680511793,-0.0764783262847824,1.36802647823587e-09
34.52,0.445777,-0.1190005,-6.82638046866023e-07,2.88047208491009e-06,-0.771424596767732,0.781800541093013,0.124413851251021,-0.277616478825932,-1.8686398739281,-0.0681978310942799,-2.86010402390274e-05,0.000571545972750012
34.53,0.4643765,-0.1029283,-1.22507271597975e-10,-0.209827498955829,-0.646916967658521,0.996918742899979,0.117944681574436,-0.267647291396932,-1.86875975977599,0.0472174356850125,-5.13298066142986e-09,5.39505130661456
34.54,0.4815137,-0.08360069,-1.72460669004252e-14,-1.13154471829471,-0.539084136618129,1.21507521374905,0.112553840208255,-0.255496539259441,-1.86957927702807,0.173501023531831,-7.22786889195955e-13,6.49987028067898
34.55,0.4968444,-0.06111187,-2.83108550409446e-18,-1.97111474255956,-0.449828573283094,1.4341430332768,0.108055554475424,-0.241155108926673,-1.87021794346334,0.309664876744251,-1.18675490749623e-16,6.49999995207586
34.56,0.5103197,-0.03553345,-7.8574157344553e-22,-2.85196516381176,-0.378636333454228,1.65231185602123,0.104269191140882,-0.224631990366461,-1.87005542244411,0.453836909508039,-3.2935587029787e-20,6.49999999994878
34.57,0.5220897,-0.007075055,-4.93097744559088e-25,-3.68520183440676,-0.323467097540382,1.86689150584306,0.101034520165478,-0.20596307530803,-1.86877230538611,0.60263311137253,-2.06605793388031e-23,6.49999999999987
34.58,0.5302912,0.02277571,-9.16270203288432e-27,-4.41981727131586,-0.297139421511302,2.06599888298101,0.0980631259503647,-0.18530308647822,-1.86256167306363,0.747887838434378,-3.83169912224906e-25,6.5
34.59,0.5367952,0.05500943,-1.02253829180874e-27,-5.05588029674663,-0.283917650536113,2.25695253302153,0.0952239494450036,-0.162733561148005,-1.85401815992158,0.891241983694372,-4.26500846669293e-26,6.5
34.6,0.5409085,0.08875827,-1.68410353241643e-27,-5.56689177173308,-0.288000162523742,2.43289380676153,0.0923439478197661,-0.13840462308039,-1.84180676358161,1.02827591470033,-6.9993575610473e-26,6.5
34.61,0.5416076,0.1230218,-9.71966188994332e-26,-5.95034860894093,-0.315604391023626,2.58657244479802,0.0891879039095299,-0.11253889863241,-1.8243358098531,1.15650927409507,-4.02017684120681e-24,6.5
34.62,0.5389194,0.1573545,-7.47787392930327e-23,-6.22048963326729,-0.364642400065888,2.71547578149625,0.085541479908871,-0.085384140817447,-1.80213151038062,1.27640146057472,-3.07551291990137e-21,6.5
34.63,0.533957,0.1919909,-1.03455157000499e-19,-6.39376657256354,-0.425080028154687,2.82241536794379,0.0812906796273241,-0.0571599871380091,-1.77737263672463,1.38970807052877,-4.23085009475417e-18,6.5
34.64,0.5262615,0.2261016,-2.3132288253268e-16,-6.48231448735353,-0.499109283689764,2.90228418393461,0.0762995867904265,-0.028137145298663,-1.75009040111558,1.49699329194149,-9.40826580737152e-15,6.5
34.65,0.5159321,0.2588996,-5.06715134209155e-13,-6.49729338097522,-0.584585768557197,2.95080566288187,0.0704537291048545,0.00137091133015572,-1.72102594334431,1.59966291710719,-2.05065429609534e-11,6.5
34.66,0.5030317,0.2899541,-8.30092960951067e-10,-6.44623228051249,-0.679726000050262,2.96681206578133,0.0636564691043519,0.031039031987969,-1.69077825308221,1.69954045910087,-3.34514756477507e-08,6.5
34.67,0.487894,0.3188087,-7.80671331900431e-07,-6.33239299295973,-0.780836256448382,2.94921147715572,0.0558481065398681,0.0605311467595262,-1.65998289853997,1.79843667760312,-3.13552438363943e-05,6.5
34.68,0.470521,0.3449649,-0.000429572078607785,-6.15481652760221,-0.886897386117385,2.89686542628377,0.0469791326786942,0.0894998010223639,-1.62890526135808,1.89823202214614,-0.0172128148528285,6.5
34.69,0.4511572,0.3680913,-0.0727979537500847,-5.90870340913292,-0.99515754891721,2.81014262685532,0.0370275571895221,0.117601227290917,-1.59781646578017,2.00072558544283,-2.91301363923119,6.5
34.7,0.4300338,0.38806,-0.161324026338686,-5.58668624064698,-1.1031512685486,2.69107345845245,0.0259960445040361,0.144511961875442,-1.56685851072269,2.10739072762231,-6.45301259892295,6.5
34.71,0.407294,0.4047993,-0.16238699448968,-5.18005364186027,-1.2092425864544,2.54213481230788,0.0139036186394921,0.16993330999852,-1.53607833190925,2.21938940292805,-6.49951496393483,6.5
34.72,0.383284,0.4185623,-0.162142747090956,-4.68373529146025,-1.31043390290962,2.36818113467486,0.000799279610395887,0.193615121345269,-1.50547606205355,2.33682451046419,-6.49999124708498,6.5
34.73,0.3581114,0.4289967,-0.161732629163237,-4.09113200291942,-1.40572597495821,2.16939331701955,-0.0132579801391862,0.215309054515465,-1.47501407368114,2.46070423605053,-6.49999973883552,6.5
34.74,0.3318238,0.4364729,-0.161169964422769,-3.41033515658085,-1.49466433228253,1.95140092672509,-0.0282046234620116,0.234823063782715,-1.44465875599182,2.58966048554574,-6.49999998792563,6.49999999999999
34.75,0.3050724,0.441411,-0.16045218199251,-2.6530883735243,-1.57243279813071,1.71989323736972,-0.0439289514433186,0.252021996156413,-1.41421926653106,2.72125383232341,-6.49999999905412,6.49999999999359
34.76,0.2778551,0.443829,-0.159577884298994,-1.83447632367441,-1.63942167040427,1.47725872349973,-0.0603231681473613,0.26679458339141,-1.38366520100042,2.85377226874382,-6.4999999998842,6.49999999019143
34.77,0.2505432,0.4440883,-0.158540361061275,-1.03328609979771,-1.69331204446141,1.2283001917925,-0.0772562885919754,0.279077585309335,-1.35282869539814,2.98412118697528,-6.49999999997743,6.49993673199359
34.78,0.2233509,0.4423625,-0.157332084081824,-0.106410931459166,-1.73317707998657,0.976120866430652,-0.0945880593918411,0.288838793973641,-1.321595705558,3.1100510167581,-6.49999999999311,4.60773847587295
34.79,0.1965315,0.4389677,-0.155942328922694,5.36741186527958e-08,-1.75794687961841,0.724664731316604,-0.112167528188025,0.296085441286807,-1.28982337098503,-3.05387798996821,-6.4999999999967,3.13313214572911e-05
34.8,0.1702461,0.4340624,-0.154360297928852,1.08950769651377e-14,-1.7673877449122,0.476419001747857,-0.129841405637147,0.300849631304286,-1.25741271035345,-2.94228618276144,-6.49999999999756,2.26993275126855e-12
34.81,0.1447851,0.4279183,-0.152568492671131,9.57763431765004e-23,-1.76041936778255,0.234507317502246,-0.147445599314973,0.303194704479309,-1.22416835525553,-2.83909491971728,-6.49999999999714,9.77212188870968e-21
34.82,0.1201587,0.4205701,-0.150558150669474,7.89153559089508e-28,-1.73818279000784,4.09041788849152e-05,-0.164827427215051,0.303195113521097,-1.19008519448099,-2.74374946965616,-6.49999999999486,7.92544099931804e-26
34.83,0.09663543,0.4123425,-0.148307453966593,4.69306842340455e-23,-1.69992393232641,-0.223855036507093,-0.181826666538315,0.300956563156026,-1.15494299102538,-2.52976346708901,-6.49999999998528,3.30506513893567e-21
34.84,0.07419163,0.4033234,-0.145809248597249,1.33572226566973e-15,-1.64717529299871,-0.436085749150507,-0.198298419468302,0.296595705664521,-1.11876222331758,-2.4503204506851,-6.49999999993398,8.30790540990396e-14
34.85,0.05272568,0.3934992,-0.143065717590003,1.96996900163876e-09,-1.58200723395113,-0.636449067605064,-0.214118491807814,0.290231214988471,-1.08164722100699,-2.3780851892055,-6.49999999954773,1.12805081909726e-07
34.86,0.03200293,0.3829741,-0.140097660255123,0.000119887508219549,-1.50738207350963,-0.823955354354862,-0.22919231254291,0.281991661444922,-1.04386835248889,-2.31195283969113,-6.49999999549597,0.00646026892287204
34.87,0.01266559,0.3725043,-0.136848575040907,0.102567272452641,-1.4196672579273,-0.992957425919627,-0.243388985122183,0.272062087185726,-1.00468583479258,-2.25218135263727,-6.49999992254212,5.27128331956994
34.88,-0.00603887,0.3619124,-0.133406933728914,0.131517706280534,-1.32579555627349,-1.14519767758341,-0.256646940684918,0.260610110409892,-0.965071329068034,-2.19715124921101,-6.49999805166042,6.49790803402522
34.89,-0.02390259,0.3518704,-0.1297685468464,0.135989550131432,-1.22518383924304,-1.27612744393,-0.268898779077348,0.247848835970592,-0.924787798899842,-2.14695305934634,-6.49992200733565,6.49998693249509
34.9,-0.04104215,0.3427423,-0.125870655535565,0.139823646177211,-1.11970807809382,-1.38391675609887,-0.280095859858286,0.234009668409603,-0.884057849800204,-2.10110836779187,-6.49500719096221,6.49999971729452
34.91,-0.05741548,0.3352539,-0.112527832612401,0.143084095992965,-1.00997060601544,-1.46433208251044,-0.290195565918441,0.219366347584499,-0.842875841768011,-2.05970445332781,-5.99738387187807,6.499999980503
34.92,-0.07278484,0.3302099,-0.00617631601767289,0.145803578275048,-0.895119091912058,-1.51301738384166,-0.299146756837561,0.204236173746082,-0.800893198447858,-2.0229097259299,-0.341276046985846,6.4999999957863
34.93,-0.08708851,0.3280946,-1.30570674377451e-05,0.148046343487326,-0.775683040113339,-1.52846668722546,-0.306903587238695,0.188951506873827,-0.75804162492884,-1.99055713262145,-0.000751844847850002,6.49999999727451
34.94,-0.1004752,0.3289396,-1.11728557363713e-08,0.149895956447661,-0.653722430872953,-1.51279625132373,-0.313440811547424,0.17382354436059,-0.714658260984419,-1.96213968921347,-6.74930718635265e-07,6.4999999951973
34.95,-0.1128696,0.3327614,-3.61420348467652e-12,0.151412898016692,-0.529519324260686,-1.46824799977471,-0.318736004790031,0.159141064362843,-0.670644375906244,-1.93737165387858,-2.31219438753433e-10,6.49999997781124
34.96,-0.1243716,0.3387875,-4.74656811852171e-16,0.152687732541065,-0.404632001574402,-1.40286674970266,-0.322782324805775,0.145112396865816,-0.6262752833238,-1.91530524878639,-3.25730770298225e-14,6.4999997779056
34.97,-0.1350731,0.3468857,-3.97606645981653e-20,0.153750798884657,-0.280452933331389,-1.31950803639559,-0.325586854139089,0.13191731650186,-0.581831481449165,-1.89584431443607,-2.96669023549897e-18,6.49999516572597
34.98,-0.1448423,0.3566206,-7.55196788447864e-24,0.15463547611044,-0.156628482699517,-1.22315236423848,-0.327153138966084,0.119685792859476,-0.537051880474734,-1.87867405732971,-6.18225338838961e-22,6.49978352401148
34.99,-0.1538734,0.3672461,-5.57260747008177e-26,0.154993010886245,-0.0352224204787532,-1.1207772439999,-0.327505363170872,0.108478020419477,-0.492499339957206,-1.86319691032659,-4.99683510607307e-24,6.4828382285581
35,-0.1620759,0.3787144,-1.68858284535741e-25,0.111469833389652,0.0839547327099552,-1.01374250504684,-0.326665815843772,0.0983405953690082,-0.447985609870152,-1.84957147999173,-1.63137181762179e-23,4.6432777478533
35.01,-0.1684631,0.3910742,-1.26754226734268e-22,0.00118197075032529,0.20765743048343,-0.902627711378164,-0.324589241538938,0.0893143182552266,-0.400666415250542,-1.83812204989154,-1.27232056055793e-20,0.0490729444169527
35.02,-0.1739311,0.4035917,-8.34292293834817e-19,1.96614546168249e-06,0.328315257760124,-0.79375211454545,-0.321306088961337,0.0813767971097721,-0.353201602527966,-1.82832675840525,-8.34529582523733e-17,8.14095826753188e-05
35.03,-0.1780259,0.4161181,-6.29042762988205e-15,1.67167611217299e-09,0.44882654306825,-0.688654375462036,-0.316817823530654,0.0744902533551517,-0.304129034149367,-1.82023839965713,-6.40575795747179e-13,6.90678080231887e-08
35.04,-0.1805886,0.428616,-2.28616490010976e-11,6.4592092004575e-13,0.569712169897358,-0.587917516708128,-0.311120701831681,0.0686110781880705,-0.252827015992575,-1.81403244972166,-2.68814911004557e-09,2.66443689259537e-11
35.05,-0.1815512,0.4407616,-2.41180116510541e-08,1.17585433449208e-16,0.690785271916027,-0.494165300117504,-0.30421284911252,0.0636694251868954,-0.198916152365955,-1.80950342105654,-5.06565322140601e-06,4.84486962574553e-15
35.06,-0.1805297,0.4525388,3.7652716332411e-06,8.6225332960805e-21,0.814186832520708,-0.407523225442648,-0.296070980787313,0.0595941929324689,-0.140773537835568,-1.80674620512429,-0.00497955140996704,3.55030203078512e-19
35.07,-0.1773831,0.4636988,-0.0066044615791441,2.63908961107381e-25,0.940104911938747,-0.329779092400595,-0.286669931667926,0.056296402008463,-0.0775445299176603,-1.80547952803967,-1.9254019614201,1.08629751520653e-23
35.08,-0.1718427,0.4742715,-0.021390762509139,2.7515569603081e-30,1.06963397571981,-0.260488638105906,-0.275973591910728,0.0536915156274039,-0.00775545721332228,-1.80569390985121,-6.45549002880854,1.13265092143894e-28
35.09,-0.1632445,0.483858,0.43486241737983,1.54504452341044e-35,1.20666635448123,-0.202347241305831,-0.263906928365915,0.0516680432143456,0.0718777408853624,-1.80663559576268,-6.49983163933011,6.3615000327117e-34
35.1,-0.1514372,0.4928457,1.06439094210724,2.58464103346946e-41,1.35100580476306,-0.152002645865854,-0.250396870318285,0.0501480167556871,0.162506726400947,-1.8086285613031,-6.49999918087387,1.06471608510413e-39
35.11,-0.1359998,0.5012655,1.69976188580708,1.14890163767285e-47,1.50440675322874,-0.108930082944312,-0.235352802785997,0.049058715926244,0.266246275380181,-1.81150683831192,-6.49999999519023,4.73620294072803e-46
35.12,-0.1166722,0.5092981,2.43149859730143,1.00053325797354e-54,1.66726425127858,-0.0714995666019513,-0.218680160273212,0.0483437202602245,0.383821815362134,-1.81535567993357,-6.49999999996631,4.12861894517841e-53
35.13,-0.0932367,0.5167229,3.20150238793102,1.65121250334719e-61,1.83957867194224,-0.0411246015844036,-0.200284373553789,0.0479324742443804,0.514512556600943,-1.8195411720432,-6.49999999999972,6.82098729477803e-60
35.14,-0.06587067,0.523587,3.95559039705355,2.88459684795271e-66,2.01840289957435,-0.0171022380616659,-0.180100344558046,0.0477614518637638,0.654270069365841,-1.82382677613256,-6.5,1.19294451567513e-64
35.15,-0.03487122,0.5294202,4.65107315065986,1.47663090637856e-67,2.20008956724872,-0.00255187571140958,-0.158099448885559,0.0477359331066497,0.797554067586725,-1.82692914711863,-6.5,6.1117816207757e-66
35.16,-0.0004677193,0.5340707,5.24580174052578,1.46906914753699e-67,2.38173793290359,0.00203233588953022,-0.134282069556523,0.047756256465545,0.939121658739805,-1.82807567472844,-6.5,6.08236654163719e-66
35.17,0.03651465,0.5370449,5.712374288712,2.01775856617462e-67,2.55629108978395,-0.00626446526901869,-0.108719158658683,0.0476936118128548,1.07331751869158,-1.82586867117923,-6.5,8.34913042062473e-66
35.18,0.07562647,0.5385827,6.05369468472512,4.044135358724e-65,2.71999917721607,-0.0246787390511383,-0.0815191668865224,0.0474468244223434,1.19798589703187,-1.82051055738036,-6.5,1.67101451582035e-63
35.19,0.1152872,0.5373135,6.28242197836999,6.49954744935477e-57,2.86115388012486,-0.0624287196953741,-0.0529076280852738,0.0468225372253897,1.31126435828543,-1.80941398569244,-6.5,2.67794690299676e-55
35.2,0.1544947,0.533156,6.4210191793548,2.41265716562784e-46,2.97326170888396,-0.11847011124513,-0.0231750109964342,0.0456378361129384,1.41470879128311,-1.79285466622985,-6.5,9.90098101975004e-45
35.21,0.1938402,0.5280501,6.48856496673756,1.72038126360391e-38,3.06213858640042,-0.176897881776789,0.00744637486757002,0.0438688572951705,1.51145609012348,-1.77450962579594,-6.5,7.03126946181597e-37
35.22,0.2309068,0.5201574,6.49664726575509,2.83971824191164e-31,3.11125190519759,-0.250706198005957,0.0385588939195459,0.0413617953151109,1.60292443015571,-1.75222824997633,-6.5,1.15542202516976e-29
35.23,0.2653387,0.5098202,6.4522168459226,4.46682200014714e-25,3.12059929881055,-0.335838033424834,0.0697648869076514,0.0380034149808626,1.69215495208214,-1.72721295414044,-6.5,1.80948525533652e-23
35.24,0.2974055,0.49832,6.35632032072425,3.31556798837955e-20,3.09497718000186,-0.421580199257199,0.10071465870767,0.0337876129882906,1.78149744663819,-1.701313853786,-6.5,1.33795063347485e-18
35.25,0.3259272,0.4845134,6.20400605144187,7.34485135988868e-16,3.02839856246102,-0.51580107193777,0.13099864433228,0.0286296022689129,1.87381222511849,-1.67385552984741,-6.5,2.95408861210814e-14
35.26,0.351162,0.4687958,5.98609252313794,4.45159307205481e-12,2.92607932065924,-0.614451565442469,0.160259437538873,0.0224850866144882,1.97119935711328,-1.64551057238587,-6.5,1.78576991505663e-10
35.27,0.37361,0.4526895,5.69169710983752,4.36539405155071e-09,2.79482514393786,-0.705487290903541,0.188207688978251,0.0154302137054528,2.07490035862381,-1.61721571575082,-6.5,1.74809762659982e-07
35.28,0.3926221,0.4348792,5.30212442497957,2.13054991680626e-06,2.63268143797605,-0.798611233056435,0.214534503358012,0.00744410137488841,2.18765862596101,-1.58848534238719,-6.5,8.52357350233012e-05
35.29,0.408376,0.415694,4.7997954271182,0.000497651441952502,2.44406851588044,-0.890734069285712,0.238975188516816,-0.00146323931796871,2.31074178279823,-1.55952068993234,-6.5,0.0199073614696521
35.3,0.4203897,0.3947383,4.16205416357201,0.0507871023236295,2.22839675547386,-0.98431703430461,0.261259156071555,-0.0113064096610148,2.44655737877207,-1.53035962119137,-6.5,2.03319642655267
35.31,0.4300897,0.3728305,3.40494019539292,0.157436356617808,1.99925673845685,-1.07272544725012,0.281251723456123,-0.022033664133516,2.59063877304759,-1.50107466084823,-6.5,6.31325684670479
35.32,0.4371938,0.3498544,2.52876369271899,0.161569348568695,1.75679918364643,-1.15669632824379,0.298819715292588,-0.0336006274159539,2.74183732552554,-1.47169335277397,-6.49999999999815,6.49560970053311
35.33,0.4418204,0.3259253,1.56829672159746,0.161113962715979,1.50417277725301,-1.23523626663664,0.313861443065118,-0.0459529900823202,2.89649729203655,-1.44221404544859,-6.49999999694291,6.49983767519008
35.34,0.4442545,0.3013175,0.589752085362561,0.160408832992061,1.24557552988154,-1.30628765459042,0.326317198363933,-0.0590158666282244,3.0494876938335,-1.41257602049936,-6.49997892909933,6.49999025384244
35.35,0.4446867,0.2762534,-0.0400965424505,0.159548135062491,0.984237897849319,-1.36836556882883,0.336159577342426,-0.0726995223165127,-3.0869215298938,-1.38271254840941,-5.70026149953144,6.49999906199984
35.36,0.4432197,0.2508975,-3.76537746254593e-07,0.158530915338547,0.722526577298524,-1.42056366119268,0.343384843115412,-0.0869051589284395,-2.94946628359241,-1.35256771341092,-9.2616993391928e-05,6.49999985896733
35.37,0.4402009,0.2256932,-9.88808696815128e-14,0.157346003871968,0.464431609477955,-1.46005315520111,0.348029159210191,-0.101505690480451,-2.82393228428747,-1.3219337812219,-9.95159929207078e-12,6.49999996515588
35.38,0.4357566,0.2008179,-2.6484939939478e-21,0.15598422376086,0.212009255850191,-1.48622841233778,0.350149251768693,-0.116367974603828,-2.71059582924705,-1.29073030511633,-2.61024442678732e-19,6.49999998612358
35.39,0.4300029,0.1764529,-1.52754954964954e-24,0.154434639069715,-0.0329374783483516,-1.49857234964426,0.349819876985209,-0.131353698100271,-2.60879682854822,-1.25886386608367,-1.26173088904128e-22,6.49999999117063
35.4,0.4231618,0.1529011,-8.63567167797561e-20,0.152679336838834,-0.268003709042702,-1.49578782254112,0.347139839894782,-0.146311576325682,-2.68225199793034,-1.22613772339988,-8.20739318384442e-18,6.49999999075248
35.41,0.4151745,0.130086,-6.61699614720065e-13,0.150714882197631,-0.493070328259172,-1.47953673612815,0.342209136612191,-0.161106943686964,-2.59745178771412,-1.19264119126536,-5.3367016386026e-11,6.49999998491148
35.42,0.406303,0.1082239,-4.10788435588182e-07,0.148523806145652,-0.705729363642064,-1.44928419902101,0.33515184297577,-0.175599785677174,-2.51903353087343,-1.15820524675962,-2.83746917297488e-05,6.4999999604631
35.43,0.3966948,0.08739493,-0.01301698466367,0.14609495695167,-0.904656799353226,-1.40561163405068,0.326105274982238,-0.189655902017681,-2.44635100835201,-1.12277308450027,-0.805470462154559,6.49999983259806
35.44,0.3864513,0.06742635,-0.113233678378146,0.143438407934056,-1.08903436077136,-1.35098272184166,0.315214931374524,-0.203165729236097,-2.37866099915712,-1.08655287478726,-6.48779580950045,6.49999890952185
35.45,0.3758282,0.04837169,-0.12025569269377,0.140551307054504,-1.25705272298916,-1.28608355114466,0.302644404144633,-0.216026564747544,-2.31556973731078,-1.04950974836745,-6.49998288151373,6.49998884786904
35.46,0.3651189,0.03014945,-0.126043804065775,0.137444983898511,-1.40684476518307,-1.21259632170877,0.288575956492802,-0.228152527964631,-2.25673145008261,-1.01177820041603,-6.49999991023105,6.49982242881744
35.47,0.3546098,0.01270204,-0.131141094117455,0.134057928212301,-1.53682901239597,-1.13195252966116,0.273207666368842,-0.239472053261243,-2.20177929650108,-0.973476508725757,-6.49999999860743,6.49557581818205
35.48,0.3447949,-0.003931074,-0.135669298615049,0.127131914180446,-1.64412397381429,-1.04480734578202,0.256766426630699,-0.249920126719063,-2.15067347717453,-0.934591419767318,-6.49999999994317,6.32417411649239
35.49,0.3360462,-0.0196984,-0.139657196183401,0.0426399354744278,-1.72707299827786,-0.951716445168017,0.239495696647921,-0.259437291170743,-2.10315640266802,-0.8950872429384,-6.4999999999945,2.18217081051609
35.5,0.3291135,-0.03443612,-0.143099960279654,0.000440851729754804,-1.78150418970572,-0.852404933163587,0.221680654750863,-0.267961340502379,-2.05949637363457,-0.854726122704007,-6.49999999999872,0.0232720256951415
35.51,0.3243425,-0.04817044,-0.146052407900264,1.42013272543706e-06,-1.80666112820843,-0.748046230804835,0.203614043468779,-0.275441802810428,-2.01941884873908,-0.813590747870695,-6.49999999999932,7.7588075616951e-05
35.52,0.3218987,-0.06085417,-0.148579610639996,1.86098101645457e-09,-1.80332378931803,-0.639218891398752,0.185580805575599,-0.281833991724415,-1.98254229152329,-0.771622850002354,-6.49999999999921,1.05706772883011e-07
35.53,0.3225237,-0.07165589,-0.150695191512382,5.61870633381657e-13,-1.76814586316651,-0.520735818640485,0.167899346943934,-0.28704134991082,-1.94927344541805,-0.727074552293214,-6.49999999999782,3.34538670190225e-11
35.54,0.3256764,-0.08104385,-0.152495740000708,4.3165721053261e-17,-1.70760248617074,-0.397371829891668,0.150823322082226,-0.291015068209737,-1.91871126343623,-0.680920749727582,-6.49999999998714,2.72220644120425e-15
35.55,0.3319024,-0.08826012,-0.153990146608059,6.68876562357977e-22,-1.61987098425893,-0.264591614237492,0.134624612239637,-0.293660984352112,-1.8913128406958,-0.631245480160976,-6.49999999981628,4.55093923132802e-20
35.56,0.3411152,-0.09322657,-0.155217658475866,1.46920779616774e-26,-1.50804555708513,-0.123228920760457,0.119544156668786,-0.294893273559716,-1.86703538268723,-0.577602300172586,-6.49999999332921,1.1055981637912e-24
35.57,0.3532981,-0.09559328,-0.156201360300676,2.77117296611356e-28,-1.37462177401462,0.0278873195567222,0.10579793892864,-0.294614400364149,-1.84611551482093,-0.518655742272322,-6.4999993087628,2.35754552500952e-26
35.58,0.3681995,-0.09507903,-0.15695797580769,8.84245363739073e-25,-1.2237554777002,0.189283384180882,0.0935603841516376,-0.29272156652234,-1.82879032748287,-0.452993560070613,-6.4997683205978,8.48362699532456e-23
35.59,0.386503,-0.09150812,-0.147696596786745,1.12887106168202e-18,-1.05254389071257,0.360615334344047,0.0830349452445119,-0.2891154131789,-1.81665445128818,-0.379245885876494,-6.09661861217668,1.13377632367302e-16
35.6,0.4063354,-0.08494012,-0.000268352796166362,1.14882902321675e-12,-0.877156492669347,0.539783806138765,0.0742633803178185,-0.283717575117512,-1.80896014615961,-0.296634073068526,-0.0110554306703807,1.18158452075607e-10
35.61,0.4280231,-0.07512996,-2.78238744918343e-09,1.1748909045519e-07,-0.696476639140749,0.727031598795975,0.067298613926411,-0.276447259129552,-1.80763733997169,-0.203109845847473,-1.14589281736713e-07,2.27384521902472e-05
35.62,0.4499336,-0.06240147,-2.04038131031815e-15,9.34048150879663e-05,-0.52385959419767,0.91836793461411,0.0620600179844343,-0.267263579783411,-1.8125700293566,-0.0988653854720934,-8.41348101787117e-14,0.633679446233053
35.63,0.470957,-0.04686887,-5.58818619505234e-23,-0.0666924087084555,-0.36780208819359,1.11160675555276,0.0583819971024984,-0.256147512227884,-1.82372456772654,0.0164004305789395,-2.3109693252381e-21,6.4910249887047
35.64,0.4906661,-0.02812121,-1.00839597255086e-32,-0.95464375133668,-0.231081003481123,1.30855941039942,0.0560711870676871,-0.243061918123889,-1.84140674166732,0.144937855052076,-4.19054872355528e-31,6.49999597324472
35.65,0.5086637,-0.006397138,-3.98219773371795e-46,-1.81724921433885,-0.115939344669506,1.50612152073574,0.0549117936209921,-0.228000702916532,-1.8651285257905,0.285064901441169,-1.66661873153096e-44,6.49999999528039
35.66,0.5227711,0.01725335,-1.6012845014704e-60,-2.7110238509666,-0.0373814804174497,1.69546422398136,0.0545379788168176,-0.211046060676718,-1.88755535229374,0.43002341102663,-6.75051002192696e-59,6.49999999998481
35.67,0.5346934,0.04341612,-2.36721727661818e-63,-3.56485312317494,0.0193415555396266,1.8804378864141,0.0547313943722139,-0.192241681812577,-1.90957463877663,0.580222889912553,-1.00563580537818e-61,6.4999999999999
35.68,0.5432364,0.07126306,-1.4342449107656e-58,-4.32918689642274,0.0467833094177825,2.05426989880598,0.0551992274663917,-0.171698982824518,-1.92402452339782,0.729030683528753,-6.12551706340293e-57,6.5
35.69,0.5487645,0.1005783,-6.55029332893741e-58,-4.98231576948573,0.0496187238957209,2.21522875872713,0.0556954147053489,-0.149546695237246,-1.92890302670238,0.873450869926656,-2.80275732974952e-56,6.5
35.7,0.5510429,0.1307374,-9.90594277750511e-62,-5.50546532859511,0.0279282474204035,2.35878464567625,0.0559746971795529,-0.125958848780484,-1.92200987076509,1.01024659222107,-4.22752412078869e-60,6.5
35.71,0.550262,0.1611752,-1.9080661070026e-63,-5.9016187082829,-0.014966737168522,2.48126393389349,0.0558250298078677,-0.101146209441549,-1.90443168469221,1.13825898509021,-8.09088559496845e-62,6.5
35.72,0.5466413,0.1917029,-5.6065335900744e-53,-6.18566912762926,-0.0756626929885416,2.58213436007981,0.0550684028779823,-0.0753248658407508,-1.87849245722959,1.25846126980511,-2.35645116959665e-51,6.5
35.73,0.5407217,0.2219181,-1.30651564014821e-41,-6.37188590743443,-0.148557517186866,2.65945169082583,0.0535828277061136,-0.0487303489324925,-1.84753620833675,1.37187538201528,-5.43904697656562e-40,6.5
35.74,0.5314674,0.2506278,-4.84106578590233e-32,-6.47291526486197,-0.239926529628415,2.70574643586849,0.0511835624098295,-0.0216728845738076,-1.8109661464306,1.47945231331049,-1.99539637589467e-30,6.5
35.75,0.5201905,0.2783032,-7.62442984475294e-25,-6.49942902198652,-0.338313418698602,2.72646000974453,0.0478004282228435,0.0055917155236377,-1.77307857124843,1.58405437881006,-3.11519081851177e-23,6.5
35.76,0.5067012,0.3042611,-4.77931912294768e-19,-6.45581092818287,-0.444047836008543,2.71831290283258,0.043359949862758,0.0327748445519635,-1.73431456890324,1.68749626579609,-1.93836308453015e-17,6.5
35.77,0.4911249,0.328187,-2.99102949219051e-14,-6.34176081985473,-0.555090615335443,2.68112625571249,0.0378090437094036,0.0595861071090884,-1.69539174903899,1.79195689672047,-1.20604349751571e-12,6.5
35.78,0.4734247,0.3498023,-3.62437192293488e-10,-6.1518602050244,-0.670709016161497,2.61515419009483,0.0311019535477886,0.0857376490100367,-1.65661574947742,1.89964381181097,-1.45526649002491e-08,6.5
35.79,0.4538887,0.3690101,-1.09956824630344e-06,-5.87631690083508,-0.78782353115036,2.52212553607191,0.023223718236285,0.110958904370756,-1.61835905694094,2.01253005503597,-4.40340344927051e-05,6.5
35.8,0.4325711,0.3856414,-0.00112110941769306,-5.50136786218806,-0.905280703445754,2.40326239328687,0.0141709112018275,0.134991528303625,-1.58067859508776,2.13253019209404,-0.0448466327980712,6.5
35.81,0.40962,0.3996501,-0.120498047655658,-5.0119315105934,-1.02132454017595,2.26074174921343,0.00395766580006797,0.157598945795759,-1.54359491545975,2.26102565557903,-4.8217596227098,6.5
35.82,0.3852103,0.4109935,-0.161861326382632,-4.39563451636508,-1.13413663261845,2.09673931741787,-0.00738370052611655,0.178566338969938,-1.50706791973973,2.3987674480361,-6.48802203025668,6.5
35.83,0.3595979,0.4198521,-0.161663911248409,-3.6545219985578,-1.24145791292563,1.91502597905887,-0.0197982796553728,0.197716598760526,-1.471006882702,2.54470463146406,-6.49987011958418,6.49999999999996
35.84,0.3329869,0.4261515,-0.160965430328385,-2.79509876915551,-1.34160204863469,1.71733056585687,-0.0332143001417197,0.214889904419095,-1.43529468960588,2.69740760089942,-6.49999733881602,6.49999999999203
35.85,0.3056771,0.4300764,-0.160057897892041,-1.838418510419,-1.43234273505289,1.50724055801382,-0.0475377274922487,0.229962309999233,-1.39977120205076,2.8531418044198,-6.49999990031883,6.49999999549243
35.86,0.2779636,0.4317375,-0.158943103121656,-0.883507099884799,-1.51170415981131,1.2876103694555,-0.0626547690903618,0.242838413693788,-1.36426083071338,3.00768807247016,-6.49999999337878,6.49999120535218
35.87,0.2502961,0.4315206,-0.157612627262379,0.0340226397137276,-1.5767831523682,1.06315411373389,-0.0784226006140438,0.253469954831127,-1.32849734717203,-3.12756764223481,-6.49999999921025,6.42452723975185
35.88,0.2229387,0.4294775,-0.156056439092473,4.4058530496648e-07,-1.62632213594011,0.835821268441936,-0.0946858219734449,0.261828167515546,-1.29230025152977,-2.98900353648694,-6.49999999983562,0.00859730859041797
35.89,0.1963193,0.4259646,-0.154254982185615,9.05722356849909e-11,-1.65804042111313,0.609666449063869,-0.111266226184576,0.267924832006185,-1.2553677447855,-2.86252819131989,-6.49999999993913,9.65357784639444e-09
35.9,0.1706131,0.4210278,-0.152192427343906,3.29649261235871e-18,-1.6717667992965,0.386165442223056,-0.127983894177541,0.271786486428416,-1.21756278202105,-2.7480560917862,-6.49999999996103,3.31228761391115e-16
35.91,0.1461176,0.4150111,-0.149844068565483,1.64323495706355e-26,-1.66654466429703,0.168856434838933,-0.144649340820511,0.273475050776805,-1.17863082653877,-2.64577298225881,-6.49999999995629,1.46398593013021e-24
35.92,0.1231997,0.4081542,-0.147174839378245,9.69849446467988e-30,-1.64108253508951,-0.0397794779879561,-0.161060166171407,0.273077255996925,-1.13821683832626,-2.55473270986835,-6.4999999999104,7.16429649967521e-28
35.93,0.1017511,0.4005361,-0.144178568648257,6.31452225174997e-24,-1.59776345719295,-0.238666517256465,-0.177037800743336,0.270690590824361,-1.09641519230086,-2.56882189297343,-6.49999999968026,4.79860226253709e-22
35.94,0.08177505,0.3922457,-0.140846681104424,1.19558611580026e-16,-1.53807724172952,-0.426789433507096,-0.192418573160631,0.26642269648929,-1.053202616098,-2.49088164139315,-6.49999999802578,7.87980693814291e-15
35.95,0.06317681,0.3834779,-0.137187195484912,7.8032820360139e-11,-1.46421118637157,-0.602489286254848,-0.207060685024347,0.260397803626741,-1.00867998686102,-2.41997615591738,-6.4999999792153,4.67535614518114e-09
35.96,0.04587078,0.3744635,-0.133219135537343,2.22769484245035e-06,-1.37820295797402,-0.764032590248011,-0.220842714604087,0.252757477724261,-0.962955270728249,-2.35536996719316,-6.49999962675686,0.000124771351215578
35.97,0.02946357,0.3652669,-0.12901867494149,0.00620794332682723,-1.28425545520027,-0.911107646583901,-0.23368526915609,0.243646401258422,-0.916628277456162,-2.29600716178084,-6.49998936648054,0.330133177497814
35.98,0.01383001,0.3563672,-0.124606336970597,0.122502663947409,-1.18435044302389,-1.04046565643608,-0.245528773586329,0.233241744694062,-0.869951743068658,-2.24182474255131,-6.49951916827386,6.24765919892028
35.99,-0.001228297,0.3481058,-0.11935969234959,0.131938115790283,-1.08089255399561,-1.15020116766091,-0.256337699126285,0.221739733017452,-0.823343339277703,-2.19242063809046,-6.466314278037,6.49761294421527
36,-0.01592059,0.3409612,-0.0739748803846788,0.135926136817701,-0.976209927341767,-1.23764770006237,-0.266099798399703,0.209363256016829,-0.777288469983337,-2.14767522504525,-4.17874943866069,6.49992471197067
36.01,-0.03027937,0.3356295,-0.00117789881827096,0.139274898528353,-0.871177716253783,-1.29886034791157,-0.27481157556224,0.196374652537713,-0.731958658424309,-2.10783643990659,-0.0697465154727327,6.49999224821108
36.02,-0.04436382,0.3325352,-4.29441227398194e-06,0.142079232369684,-0.766804375372512,-1.33231232665601,-0.282479619315966,0.183051529271153,-0.68758249177225,-2.0727446298472,-0.000268404960905488,6.4999976035622
36.03,-0.05841177,0.3317643,-1.04675937917646e-08,0.144422089705697,-0.665326172036139,-1.33921904512982,-0.289132881036327,0.169659338819855,-0.644788401622921,-2.04189534035525,-6.96394043396476e-07,6.49999801635316
36.04,-0.07244839,0.333239,-1.7508195372666e-11,0.14638102449687,-0.567248538867233,-1.3220480759822,-0.294805366424999,0.156438858060033,-0.603726300792395,-2.01477183441175,-1.25177834661556e-09,6.49999602278788
36.05,-0.08645216,0.3367366,-2.08163639265355e-14,0.148025889849177,-0.472681451765606,-1.28428029450672,-0.299532180942655,0.143596055114965,-0.564416640264458,-1.99085591130635,-1.60927227546177e-12,6.4999824196164
36.06,-0.1004095,0.3419561,-1.96942570904637e-17,0.149412562526327,-0.38176660440633,-1.22982652195157,-0.303349846986719,0.13129778989545,-0.526880421986728,-1.96968345595475,-1.64701240386065e-15,6.4998423629637
36.07,-0.1141189,0.3486861,-1.69244074923425e-20,0.150523246574013,-0.29324397654139,-1.16174656505221,-0.306282286752133,0.119680324244928,-0.490631643191752,-1.95103117006161,-1.52302844311902e-18,6.4972296132319
36.08,-0.1272451,0.3566508,-1.8034983930942e-23,0.149456828880857,-0.204958344362566,-1.08342571614288,-0.308331870195758,0.108846067083499,-0.454802562049223,-1.93467050750812,-1.72578133229619e-21,6.40925662958061
36.09,-0.1392632,0.365866,-5.2007986920678e-26,0.0777477993079663,-0.113525527508557,-0.995922516922468,-0.309467125470844,0.0988868419142742,-0.417971108052468,-1.92084776922352,-5.18144329512823e-24,3.31657195195054
36.1,-0.1500268,0.3762343,-2.47651169226825e-27,0.00106617000704574,-0.0185914956644311,-0.901102239413824,-0.309653040427488,0.0898758195201359,-0.379762313840263,-1.90974377282988,-2.48741783437219e-25,0.0452955559483596
36.11,-0.1589815,0.3877814,-1.14278170875215e-26,2.81199095322322e-06,0.083131211082911,-0.799831468564978,-0.308821728316659,0.0818775048344862,-0.338545724827876,-1.90182000797462,-1.14250301753792e-24,0.000119128388521125
36.12,-0.1658051,0.4003733,-5.81361075188389e-24,2.42254532016762e-09,0.192954317393795,-0.694124962317077,-0.306892185142721,0.0749362552113154,-0.293309921941924,-1.89743037334081,-6.01131174400612e-22,1.02472246481838e-07
36.13,-0.1701937,0.4140562,-4.59514873305683e-20,4.76872296741681e-13,0.31191799834404,-0.584552752818619,-0.303773005159281,0.0690907276831292,-0.242991266773341,-1.89735472525481,-5.71746876394495e-18,2.01708884573261e-11
36.14,-0.1719318,0.4286606,-4.65655073534049e-16,1.37808040021915e-17,0.4402850356858,-0.473248470193844,-0.299370154802423,0.0643582429811908,-0.186693180765857,-1.9022108261925,-1.33573793379631e-13,5.83896326900305e-16
36.15,-0.1706599,0.4433265,3.39196884038054e-12,5.31539747394143e-23,0.57930119460249,-0.367258914393161,-0.293577142856398,0.0606856538372592,-0.122879525159202,-1.91127625598652,-2.75420537227412e-09,2.25946633041899e-21
36.16,-0.1663443,0.4583083,-2.20839071464982e-07,7.02306497694925e-30,0.727682112735323,-0.264916501759706,-0.286300321729045,0.0580364888196621,-0.0510521684114337,-1.92575678558885,-2.96913490484932e-05,3.00144739017483e-28
36.17,-0.1587901,0.4727564,0.00323851782016614,1.39889534521055e-38,0.885359788748499,-0.172746487919256,-0.277446723841559,0.0563090239404695,0.0299321596960748,-1.94429445260375,-0.149907671616103,6.02181548229244e-37
36.18,-0.1479275,0.4863654,0.781914384345837,7.10045704764493e-50,1.05130725133448,-0.092748382031469,-0.266933651328215,0.0553815401201548,0.120698540542907,-1.96592841667182,-6.39017287759651,3.08393670217323e-48
36.19,-0.1336332,0.4990042,1.425116236793,2.15449786643924e-62,1.22491735301402,-0.0254283900722783,-0.254684477798075,0.0551272562194321,0.2218782545588,-1.98957972592144,-6.4999112721382,9.45517553528678e-61
36.2,-0.1159817,0.5103952,2.11611178320647,5.91398482569201e-62,1.40413858113837,0.0277405620555227,-0.240643091986691,0.0554046618399873,0.332875168859137,-2.01317323771062,-6.49999986568927,2.62406840662678e-60
36.21,-0.09519801,0.5202931,2.84057405471345,9.57883632264209e-55,1.58593826697703,0.0657123725495055,-0.224783709316921,0.0560617855654823,0.451898732583655,-2.03421070513553,-6.49999999961748,4.29434704031856e-53
36.22,-0.07175043,0.5283439,3.54038296480858,9.32173807895695e-51,1.76571540042785,0.0868051699868762,-0.207126555312642,0.0569298372653511,0.575707142779832,-2.04956502743823,-6.49999999999792,4.21209267094306e-49
36.23,-0.04596584,0.5343724,4.19412143479237,5.87625875676133e-50,1.94024505908005,0.0908639572461416,-0.187724104721842,0.0578384768378125,0.701484307993822,-2.05705738134348,-6.49999999999998,2.66570451734157e-48
36.24,-0.0181933,0.5382461,4.78074545082071,4.46375814178569e-52,2.10640242872029,0.0781509989205391,-0.166660080434639,0.0586199868270179,0.8265196218502,-2.05543600780324,-6.5,2.02320226081375e-50
36.25,0.01097795,0.5396158,5.2796830104779,1.35777576806164e-57,2.25958134971672,0.047416068632578,-0.144064266937471,0.0590941475133437,0.947995326936231,-2.04352395036419,-6.5,6.11604569263855e-56
36.26,0.04104409,0.5385631,5.68446984681232,5.56623007647081e-63,2.39620306713777,0.000753071864497024,-0.120102236266094,0.0591016782319887,1.06439533907493,-2.02272340586883,-6.5,2.48122785627853e-61
36.27,0.07165208,0.5350474,5.99874645365122,2.89699637111888e-55,2.51413774945702,-0.060708251921989,-0.0949608587715236,0.0584945957127688,1.17541889020009,-1.9944752165712,-6.5,1.27420306455761e-53
36.28,0.1024278,0.5296265,6.22962367805819,9.93212352297097e-44,2.61135632107799,-0.131461984068443,-0.0688472955607437,0.0571799758720843,1.2812858795115,-1.9621175697149,-6.5,4.30686749048092e-42
36.29,0.1319032,0.5208696,6.38403276638972,1.10802525154539e-33,2.67810397212204,-0.220898772510218,-0.0420662558395234,0.0549709881469822,1.38156991016837,-1.92327073584266,-6.5,4.73092111177342e-32
36.3,0.16075,0.5106333,6.47254673249498,1.98922163007653e-26,2.72111593539057,-0.313580304383117,-0.0148550964856176,0.051835185103151,1.4788325350999,-1.88405617190426,-6.5,8.37612300443916e-25
36.31,0.1883358,0.4984076,6.49996562181614,1.28500282403038e-20,2.73724644579181,-0.412489595811539,0.0125173679723004,0.0477102891450356,1.57404950985072,-1.84388480861918,-6.5,5.34382677817616e-19
36.32,0.2142902,0.4844141,6.46893363660672,7.29605862599238e-16,2.72563655161733,-0.515005093047968,0.0397737334884737,0.0425602382145559,1.66862928917735,-1.80364058337477,-6.5,3.00183761712033e-14
36.33,0.2386448,0.469083,6.37923580890696,5.7521504485885e-12,2.68857176355644,-0.617154891299325,0.0666594511240381,0.0363886893015627,1.76390867006643,-1.76409884761163,-6.5,2.34586209956189e-10
36.34,0.2611691,0.4521638,6.22809749650627,1.25026252415202e-08,2.62639891172788,-0.720233731241177,0.0929234402413169,0.0291863519891509,1.8611284539303,-1.72497686644212,-6.5,5.06291888681022e-07
36.35,0.2820568,0.4338361,6.01156746704723,9.25190758393803e-06,2.54266933045528,-0.822293722625197,0.11835013354587,0.0209634147628989,1.96101926474547,-1.68646751929559,-6.5,0.000372641734089577
36.36,0.3012353,0.4146841,5.72481123224051,0.00229541968886023,2.43885240782935,-0.918577363285585,0.142738657624163,0.0117776411300431,2.06425088956722,-1.64886423607708,-6.5,0.0921058059366607
36.37,0.3182073,0.3941793,5.35972344390178,0.106220555898463,2.31331927145967,-1.01283405958898,0.16587185033876,0.00164930053415327,2.17218160719754,-1.61175533361008,-6.5,4.25249674044512
36.38,0.3346153,0.3731933,4.92743281486835,0.161020660037754,2.18029409843609,-1.09832456928993,0.187674791323121,-0.00933394515874605,2.28117191797147,-1.57533014816885,-6.5,6.44089460257589
36.39,0.3478573,0.3503061,4.40202165713912,0.162384249989122,2.02203540411816,-1.18558384109194,0.207895145364303,-0.0211897835696654,2.39743254633286,-1.53923888645371,-6.5,6.49870358084346
36.4,0.3601119,0.3270866,3.81551037981567,0.162120217993405,1.85711250512394,-1.26253719975562,0.226466270415542,-0.0338151555672216,2.51430445881721,-1.50354911249245,-6.49999999999984,6.49994467585555
36.41,0.3707664,0.303253,3.17086432905858,0.161618860010386,1.68241372043238,-1.33156414876078,0.243290407619866,-0.0471307970548295,2.63249426806224,-1.46815812792454,-6.49999999998043,6.4999961874573
36.42,0.3797499,0.2789558,2.47283144466222,0.160912341900909,1.49906167274048,-1.3917538923505,0.258281024347271,-0.0610483359783345,2.75101623911966,-1.4329643018446,-6.499999994938,6.49999958892529
36.43,0.387019,0.2544042,1.7409991441593,0.160002684842648,1.30834387871267,-1.44188109423711,0.271364463134397,-0.0754671469207056,2.86873448813562,-1.39784324154016,-6.49999669241952,6.49999993133445
36.44,0.3927363,0.2298658,1.03456389074038,0.158887089815081,1.11299872533609,-1.48043529896892,0.282494450387758,-0.0902714999103948,2.98375074783234,-1.3626339986307,-6.49354482481201,6.49999998208785
36.45,0.3967464,0.2053882,0.0264209085104117,0.157563391434033,0.913271186159019,-1.50768536556872,0.291627162249348,-0.105348353566082,3.09563400935472,-1.32727234615716,-0.703639890487711,6.49999999300969
36.46,0.3993348,0.1813639,-1.01464251539661e-07,0.156019465918172,0.712628511799423,-1.52142101374342,0.298753447367342,-0.120562563703516,-3.08073046825183,-1.29149540173887,-1.63667363845628e-05,6.49999999570981
36.47,0.4005302,0.1578741,-3.32244683888505e-14,0.154247517060133,0.512416767266199,-1.52193922091959,0.303877615040004,-0.135781955912712,-2.97945001024611,-1.25522326836617,-3.68084237748378e-11,6.49999999595452
36.48,0.4004047,0.134963,-7.77168970433067e-20,0.152240989302939,0.314201855099657,-1.50985594731479,0.307019633591001,-0.15088051538586,-2.88402176625177,-1.21840932350746,-8.93178254376134e-18,6.4999999942687
36.49,0.3989822,0.1125484,-5.83114933302358e-26,0.150001327491122,0.119070667010618,-1.48673219429666,0.308210340261107,-0.165747837328826,-2.79429755401863,-1.18112730861963,-5.82960443128253e-24,6.49999998832751
36.5,0.3963976,0.09055174,-5.99971858704153e-27,0.147534818915212,-0.071173277761968,-1.4540488243953,0.307498607483488,-0.180288325572779,-2.71030774739352,-1.1434712199496,-5.91138094321425e-25,6.49999996701499
36.51,0.3925891,0.06862026,-7.64278816404187e-22,0.144875579259461,-0.256319372347146,-1.41523339248568,0.304935413760016,-0.194440659497636,-2.63791022319385,-1.1058582262421,-6.70387344129496e-20,6.49999988292263
36.52,0.3878989,0.04670849,-1.09830138752868e-15,0.142044231974606,-0.433252554396944,-1.37125225021738,0.300602888216047,-0.20815318199981,-2.56345017443755,-1.06839806578081,-8.25584997395133e-14,6.49999948748953
36.53,0.3823814,0.02447322,-1.90534946128853e-10,0.139097747325966,-0.601225389523282,-1.32520369515052,0.294590634320814,-0.221405218951315,-2.49402433880028,-1.03159525089287,-1.26199232772911e-08,6.49999748886734
36.54,0.3764806,0.001814078,-2.73653923160614e-06,0.136077311042346,-0.756752907794894,-1.27819831716081,0.287023105242865,-0.234187202122923,-2.42997993902337,-0.995661038971284,-0.000165914109851964,6.49998667950145
36.55,0.370454,-0.02143559,-0.00497969685891802,0.133035497448907,-0.898030200246453,-1.23175496676365,0.2780428032404,-0.24650475179056,-2.37099852618358,-0.960907140431616,-0.283141621577506,6.49992750008466
36.56,0.365077,-0.04499955,-0.112048235910271,0.129961502335967,-1.01968071457695,-1.18404450926893,0.267845996094631,-0.258345196883249,-2.31783659400107,-0.926970159310604,-6.06807380546182,6.49956395638034
36.57,0.3607282,-0.06891049,-0.124634005999066,0.126849353222746,-1.11971923306061,-1.13563422547464,0.256648803764025,-0.269701539137996,-2.270191432921,-0.893962370484488,-6.49367434320557,6.49714848981124
36.58,0.3583604,-0.0923676,-0.128646278454421,0.123215065179786,-1.19223247852978,-1.08096738646645,0.244726478978727,-0.28051121300266,-2.22891662102158,-0.860599858867794,-6.49964783527445,6.47411917660929
36.59,0.3580292,-0.1152124,-0.131920307304605,0.114198544695135,-1.23842715446058,-1.01961841691278,0.232342207434121,-0.290707397171788,-2.1931429715257,-0.826699904974074,-6.4999377982527,6.16903680834455
36.6,0.3597576,-0.1369496,-0.13466504421694,0.0512276183229306,-1.25980346552831,-0.948769874433026,0.219744172778838,-0.300195095916118,-2.16222609690358,-0.79145528175151,-6.49997032690572,2.85520881267245
36.61,0.3632286,-0.1573405,-0.136995848358371,0.00181395576435422,-1.26036089974277,-0.867737379174908,0.20714056378141,-0.308872469707867,-2.13516419360336,-0.754514029724878,-6.49996846535682,0.104830879476176
36.62,0.3689909,-0.1751651,-0.138875374968177,1.05138492758212e-05,-1.23760802617209,-0.768778830134416,0.194764483519689,-0.316560258009211,-2.11267867845332,-0.713504755360087,-6.49991717988602,0.000635997686856276
36.63,0.3763074,-0.1902767,-0.140435443847654,1.31583164342692e-08,-1.19873744360097,-0.652652713969946,0.18277710908368,-0.323086785148911,-2.09341625057599,-0.66811921712001,-6.49957620749866,8.44862284960946e-07
36.64,0.3850011,-0.2025077,-0.141649193606218,2.58456709252136e-12,-1.14642361057719,-0.520005873893609,0.171312872977908,-0.328286843887847,-2.07712480253149,-0.617876499381059,-6.49596717348703,1.80023927512803e-10
36.65,0.3949417,-0.2114175,-0.141245133199488,5.36224703263346e-17,-1.08287668598041,-0.369536964716247,0.160484106118104,-0.331982213535009,-2.06372262694427,-0.561480467650879,-6.430274396163,4.17072690645041e-15
36.66,0.4057741,-0.2166897,-0.108679108815723,2.56225075879825e-22,-1.01184946200757,-0.201045140923192,0.150365611498028,-0.333992664944241,-2.05278614076959,-0.497676683687512,-4.91902285352604,2.27445698406741e-20
36.67,0.417634,-0.2183756,-0.00760850273989742,1.10577912639728e-25,-0.933285006929374,-0.01712829316903,0.141032761428734,-0.334163947875932,-2.0448228017442,-0.425966150910907,-0.342951239212268,1.09491677300446e-23
36.68,0.4297327,-0.2164014,-9.75128275419406e-05,5.04985229761956e-23,-0.853913918188153,0.180632552402052,0.132493622246853,-0.332357622351911,-2.03862620847668,-0.345364970440117,-0.004381436974221,5.04804597483178e-21
36.69,0.4415105,-0.2108085,-9.87241626760449e-07,1.30781174438093e-16,-0.778310453076351,0.389853842160825,0.124710517716089,-0.328459083930303,-2.03322044801586,-0.255156786738353,-4.42375991360253e-05,1.52010998030335e-14
36.7,0.453354,-0.2014039,-6.82333302910962e-09,8.78033307957974e-12,-0.703794091476595,0.60997354826457,0.117672576801323,-0.322359348447657,-2.02945465665005,-0.153852707630124,-3.05173351053613e-07,5.65855794753046e-08
36.71,0.464533,-0.1882233,-4.61542533229479e-11,0.000212099032466683,-0.63601875860833,0.83874159086287,0.11131238921524,-0.313971932539028,-2.02582128565379,-0.0409315232805008,-2.06053130577856e-09,0.0260865870423277
36.72,0.4748154,-0.171129,-3.66385040799185e-13,-0.528041818412149,-0.576554118314057,1.07528652259785,0.105546848032099,-0.30321906731305,-2.02164311972014,0.0842806819908674,-1.63235085023942e-11,6.47463356658326
36.73,0.4839394,-0.1502273,-4.39504509772556e-15,-1.4174958069675,-0.527026840027396,1.31697741526903,0.100276579631825,-0.29004929316036,-2.01606161173799,0.220632296210264,-1.9528169650566e-13,6.49999791198472
36.74,0.4918318,-0.1253894,-9.42152374134863e-17,-2.32611347931842,-0.487513732297185,1.56306138290394,0.0954014423088536,-0.27441867933132,-2.00860084047082,0.366695293551724,-4.17128298498231e-15,6.49999999939115
36.75,0.4986057,-0.09679266,-3.71700935528537e-18,-3.22407927563875,-0.456672767784346,1.81058031090162,0.0908347146310101,-0.256312876222304,-1.99927134988564,0.518514376901415,-1.63848885307624e-16,6.49999999999949
36.76,0.5036851,-0.06488997,-4.6882269631621e-19,-4.03843633906247,-0.43823356596179,2.05477025544034,0.0864523789713922,-0.235765173667901,-1.98644777154279,0.670476664184377,-2.05456398677543e-17,6.5
36.77,0.5068145,-0.0307461,-2.48108869806454e-19,-4.73353085530029,-0.433250609747597,2.28676542729284,0.0821198728739163,-0.212897519394972,-1.9693662454664,0.815870906481413,-1.07919242147263e-17,6.5
36.78,0.50819,0.005390311,-4.49430406167851e-19,-5.29703756075005,-0.439335359046755,2.50436715244563,0.0777265192834487,-0.187853847870516,-1.94854470092769,0.952583516171928,-1.93797449044963e-17,6.5
36.79,0.507983,0.04322416,-2.14719987440529e-18,-5.73196414021846,-0.454391925686599,2.70527335483165,0.0731826000265827,-0.1608011143222,-1.92457928688637,1.07966996926832,-9.17239813636025e-17,6.5
36.8,0.5044765,0.08069792,-8.20024378469247e-17,-6.04576080363672,-0.490187796032943,2.87457469416853,0.0682807220662533,-0.132055367380514,-1.89427123791025,1.19464793150595,-3.46486951458203e-15,6.5
36.81,0.4982774,0.1177684,-9.5744525692937e-15,-6.26395234773335,-0.540587860649091,3.01331782332422,0.0628748434597624,-0.101922189147272,-1.85982998609969,1.30040866345214,-4.00052942415913e-13,6.5
36.82,0.4895018,0.1539758,-2.10200982457466e-12,-6.40435282237123,-0.603397466873624,3.11959595935873,0.0568408687910262,-0.0707262295536848,-1.82243619438252,1.39899101097845,-8.68979718054733e-11,6.5
36.83,0.4775949,0.1883456,-8.49974173844014e-10,-6.47992079521025,-0.681405114693264,3.18805640330945,0.0500268176440935,-0.0388456655205903,-1.78228882263122,1.49215479002109,-3.47974703170884e-08,6.5
36.84,0.464662,0.2218905,-1.63747400032827e-07,-6.4995627628729,-0.75773782814491,3.22844505373923,0.0424494393626444,-0.00656121498319802,-1.74274939299178,1.58239819150685,-6.65093280248887e-06,6.5
36.85,0.4487709,0.2525412,-3.95520121077563e-05,-6.46734230937298,-0.84616641099827,3.22745366669457,0.0339877752526617,0.0257133216837477,-1.70212630246133,1.67110572031207,-0.00159624152876312,6.5
36.86,0.4316144,0.2812031,-0.00497703286722797,-6.3840531619175,-0.932995526773828,3.19467686914696,0.0246578199849234,0.0576600903752173,-1.66223146705315,1.76000605306981,-0.199941790350603,6.5
36.87,0.4125641,0.3069398,-0.122183878120594,-6.2467640656325,-1.02243617657716,3.12574346050948,0.0144334582191519,0.0889175249803121,-1.62273368373087,1.85091769792595,-4.89415429703048,6.5
36.88,0.392202,0.3302335,-0.161592917342331,-6.05065743206443,-1.10956601379474,3.02714720766578,0.00333779808120445,0.11918899705697,-1.58394060692917,1.94488795336153,-6.46429200806787,6.5
36.89,0.3713146,0.3504859,-0.162419142637758,-5.78688373085922,-1.18834776656265,2.89718871922467,-0.0085456795844221,0.148160884249217,-1.54591397918776,2.04369564640056,-6.49883829313347,6.5
36.9,0.3494074,0.3682016,-0.162173462918673,-5.44817477260235,-1.26254868831162,2.74251136385113,-0.0211711664675383,0.175585997887728,-1.50846268710744,2.14770490418381,-6.49994409503713,6.5
36.91,0.3269083,0.3834576,-0.161674799288832,-5.02721967419014,-1.3289734131138,2.56629263877759,-0.0344609005986763,0.201248924275504,-1.47147348084632,2.25732805096537,-6.49999573616375,6.5
36.92,0.3039764,0.3963356,-0.160954545229818,-4.51977929521351,-1.38665758419297,2.37162790576152,-0.048327476440606,0.224965203333119,-1.43481178937768,2.37252488408514,-6.4999994973428,6.5
36.93,0.2807152,0.4069936,-0.160017537496063,-3.92881646348063,-1.43515587755154,2.16204896479704,-0.0626790352161214,0.24658569298109,-1.39835979039746,2.49251953255731,-6.49999991143343,6.5
36.94,0.2572128,0.4155979,-0.158865713108377,-3.26451896136224,-1.47421729669946,1.94097129154978,-0.077421208183116,0.265995405896587,-1.36201642130182,2.61588417619792,-6.49999997735696,6.49999999999998
36.95,0.2335975,0.4222256,-0.15749857763865,-2.53419952260556,-1.50336606742559,1.71097492597172,-0.0924548688573718,0.283105155156305,-1.32566883490721,2.74094274814517,-6.49999999170741,6.4999999999928
36.96,0.2098829,0.4269365,-0.155917226613688,-1.75931948923778,-1.52304742008934,1.47437374327345,-0.107685343058265,0.297848892589039,-1.28928130992491,2.86579979479784,-6.49999999580143,6.49999999112359
36.97,0.1861156,0.4297251,-0.154122417023514,-1.00444893235042,-1.53348526164303,1.23287446177396,-0.123020195674696,0.310177637206779,-1.25281134244245,2.98875350355243,-6.49999999712073,6.49996013397236
36.98,0.1623641,0.4306263,-0.152114498692861,-0.140879212033619,-1.53477559758994,0.988380971474395,-0.138367951650595,0.320061446921523,-1.21620822504561,3.1081520694296,-6.49999999735286,5.66064347114642
36.99,0.138836,0.4298583,-0.149886135608598,6.02920463248844e-07,-1.5260457105875,0.744012634671201,-0.15362840875647,0.327501573268235,-1.17929723891549,-3.0611079429265,-6.49999999664992,0.000206466177170539
37,0.1155044,0.4272268,-0.147443373587728,1.98590382714687e-13,-1.50824319501394,0.499651601612634,-0.168710840706609,0.332498089284361,-1.14213117098796,-2.95266554392728,-6.49999999432017,5.32976540716997e-11
37.01,0.09253826,0.4229947,-0.144780339447738,1.33288328487117e-20,-1.48087208350297,0.258525896570028,-0.183519561541639,0.335083348250061,-1.10455862701543,-2.85087223217088,-6.49999998677005,1.38453066190623e-18
37.02,0.07007694,0.4172937,-0.141892524232594,1.35693083003444e-25,-1.44373802668973,0.0226526722134963,-0.197956941808536,0.335309874972196,-1.06645350534528,-2.75595253035734,-6.49999995672202,1.36354937646386e-23
37.03,0.04828535,0.4103262,-0.138772622886995,3.42908554902568e-22,-1.39652726675461,-0.20560812412144,-0.211922214476082,0.333253793730982,-1.02764726155333,-2.61059539295742,-6.49999979428994,2.84308229652949e-20
37.04,0.02714106,0.4021405,-0.135435958472386,3.07616749425855e-15,-1.34036537748425,-0.425234482296602,-0.225325868250925,0.329001448908016,-0.988220699960831,-2.53240165405712,-6.499998590136,2.17696092838675e-13
37.05,0.006826431,0.3930642,-0.131876622969491,3.97405486922468e-09,-1.2748552103019,-0.633287228111584,-0.238074420353944,0.3226685766269,-0.947953904986846,-2.46031290326883,-6.49998528769759,2.50497390719946e-07
37.06,-0.01267311,0.3832852,-0.128114279903567,0.000259193750081567,-1.20111124578101,-0.828123714690072,-0.250085532811754,0.314387339479999,-0.906923807550354,-2.39370293565678,-6.49976397228017,0.0150835441276113
37.07,-0.03139743,0.3729725,-0.124048830868598,0.110352468725989,-1.12039610102212,-1.00842765373758,-0.261289493821975,0.304303062942623,-0.865257445701515,-2.33192576952279,-6.49412601321856,6.04990446743965
37.08,-0.04930923,0.3624366,-0.115719357945252,0.124316322434444,-1.03335739878132,-1.17202516785957,-0.271623067809789,0.292582811264028,-0.822950282963692,-2.27463305214768,-6.27120873478242,6.49948754738637
37.09,-0.06637679,0.3520119,-0.0328578534000875,0.129338156844974,-0.940671412089387,-1.3168162838943,-0.281029781930682,0.279414648425085,-0.780005767450905,-2.22150245654694,-1.85124928641774,6.49999771706798
37.1,-0.08224305,0.3423737,-0.000307423538606601,0.133743175277871,-0.840630318859183,-1.4384683368323,-0.289436085119274,0.265029965056762,-0.735748281787737,-2.17272289351429,-0.0181268087243964,6.49999996407052
37.11,-0.09860814,0.3326109,-1.86409184516698e-06,0.137754290560089,-0.746654234043653,-1.54465716466895,-0.296902627459711,0.249583393410072,-0.693952445953068,-2.12617996188115,-0.000115539062059102,6.49999999876552
37.12,-0.1136229,0.3246874,-4.47577977882696e-09,0.141198233634766,-0.645340323717114,-1.62161213586876,-0.303356030696882,0.233367272051385,-0.650491025871358,-2.08396505673874,-2.95088790385133e-07,6.49999999987612
37.13,-0.1280851,0.3185166,-5.76124679063877e-12,0.144177321381703,-0.543553627081813,-1.67167614979806,-0.3087915669677,0.216650510553404,-0.607339581914331,-2.04519422095042,-4.09123469632685e-10,6.49999999997018
37.14,-0.1415671,0.3147324,-3.20356928550864e-15,0.146713149018101,-0.438751030177379,-1.69191030334349,-0.313179077269474,0.199731407519969,-0.563490055404269,-2.01003539002619,-2.48136634754414e-13,6.49999999998247
37.15,-0.154199,0.3132833,-9.59478783826831e-19,0.148881081734892,-0.332647074293885,-1.68474323332064,-0.316505548012413,0.182883975186763,-0.519340730405949,-1.97794993474798,-8.15108141066718e-17,6.49999999997714
37.16,-0.1660974,0.3138994,-2.9225259486134e-22,0.150752660683935,-0.226743004419898,-1.65416878306798,-0.318772978056612,0.166342287356083,-0.475268888416047,-1.94833302526892,-2.70538200215323e-20,6.49999999994048
37.17,-0.1770896,0.3163894,-3.24445160853219e-25,0.152376680226049,-0.120327989837314,-1.6034383994786,-0.319976257954985,0.150307903361297,-0.430823558347242,-1.92080790929706,-3.19814193943359e-23,6.49999999970805
37.18,-0.1875445,0.3203831,-1.2806531569844e-26,0.153800027514711,-0.0166841435137997,-1.53698259930269,-0.320143099390123,0.13493807736827,-0.387154061697517,-1.89491887394303,-1.28697035704903e-24,6.49999999751057
37.19,-0.1970351,0.3256559,-6.28002540989975e-26,0.15505142932935,0.0869454182299698,-1.45793297459765,-0.319273645207823,0.120358747622293,-0.342954598814832,-1.87043230360317,-6.27750463993089e-24,6.49999996433099
37.2,-0.2055961,0.3318345,-1.58100956150492e-23,0.156160082718504,0.189761167006434,-1.37034972106653,-0.317376033537759,0.106655250411628,-0.298344172720195,-1.84702379503476,-1.62200580146942e-21,6.49999919504574
37.21,-0.2131989,0.3388743,-2.26398157536853e-20,0.157135196514599,0.291481745072172,-1.27564639331835,-0.314461216087037,0.0938987864784446,-0.253219190365012,-1.82471484578962,-2.656773028948e-18,6.49997064196553
37.22,-0.2196007,0.3467583,-3.57695850034254e-17,0.157942493151564,0.393411095087121,-1.17497600399231,-0.310527105136166,0.0821490264385215,-0.206696452628833,-1.80358714554681,-6.50694480359598e-15,6.49818699527953
37.23,-0.2243382,0.355618,-6.10565231453198e-15,0.153675909614447,0.498359499585664,-1.06835771062522,-0.305543510140309,0.0714654493322693,-0.157015159127227,-1.7838987040549,-1.42771787618009e-11,6.29365498045833
37.24,-0.2270827,0.3657719,6.24937596297335e-12,0.0155453630790331,0.607933671377005,-0.95447950004541,-0.299464173426539,0.0619206543318152,-0.102795815364762,-1.76614257965252,-2.31435236927057e-08,0.634239146776039
37.25,-0.2273752,0.377474,-2.29418365617089e-07,1.8673306933344e-05,0.724548230966857,-0.832638470696886,-0.292218691116871,0.0535942696248463,-0.0420232178902032,-1.75087871511156,-2.83528625387789e-05,0.000759584833785221
37.26,-0.2247397,0.3908783,0.000536433689547377,3.96694561204147e-09,0.850524174905672,-0.702956032949407,-0.283713449367814,0.0465647092953522,0.0275351932963032,-1.73876378531483,-0.027600016048818,1.61012040729653e-07
37.27,-0.2187542,0.4058469,0.546370945397665,9.29171091472713e-14,0.987567458388654,-0.567722305976472,-0.273837774783927,0.0408874862355875,0.107980956377813,-1.73043581285449,-5.02565187771481,3.76601371191743e-12
37.28,-0.2092082,0.422149,1.29374766680336,8.81991126071802e-20,1.13566300662947,-0.429767025880467,-0.262481144717633,0.0365898159767828,0.200426336360991,-1.72670366220747,-6.49694363974716,3.57260283456025e-18
37.29,-0.1958598,0.4392133,1.94650798200423,6.01890473983595e-28,1.29496314818184,-0.29421376847277,-0.249531513235814,0.0336476782920551,0.305731214378292,-1.72827316981237,-6.49999362907255,2.43864702869294e-26
37.3,-0.1785778,0.4563144,2.67196627238051,5.26995178074841e-40,1.46474215507814,-0.166922303225329,-0.234884091685033,0.0319784552598019,0.423487899831941,-1.73568159989297,-6.49999998225043,2.13784931490305e-38
37.31,-0.1572235,0.4730965,3.41155736851614,9.03583402872332e-63,1.64432318883819,-0.0505802495490815,-0.218440859796651,0.031472652764311,0.552153883414074,-1.74967192359489,-6.49999999993338,3.67472916085152e-61
37.32,-0.1319301,0.4888459,4.12590937461695,6.34252100838192e-63,1.8310484133883,0.0497740583252746,-0.200130375662768,0.0319703933475638,0.687805823366908,-1.76999526472039,-6.49999999999965,2.58975424481999e-61
37.33,-0.102862,0.5030655,4.77727624943662,5.80629197313566e-45,2.02218467011988,0.131139830961161,-0.179908528961569,0.0332817916571754,0.825733036803833,-1.79553858506886,-6.5,2.38426296294013e-43
37.34,-0.07036541,0.5153494,5.32820097503565,4.63976568791617e-37,2.2138536459484,0.191508906415349,-0.157769992502085,0.0351968807213289,0.96089815760524,-1.82391554687346,-6.5,1.91885177569802e-35
37.35,-0.03490047,0.5252321,5.76128866389003,2.78042640892274e-33,2.40162340589138,0.228699436189935,-0.133753758443171,0.0374838750832282,1.08932309445657,-1.8511689768942,-6.5,1.15873328614391e-31
37.36,0.003365785,0.5332252,6.08015199557206,1.53322493655209e-31,2.58353465527823,0.247940420572417,-0.107918411890389,0.0399632792889524,1.20932947236335,-1.87547898929608,-6.5,6.43791261888008e-30
37.37,0.04257011,0.5373654,6.29420323624169,1.54904865910702e-32,2.74547290121263,0.236143654892229,-0.0804636828782628,0.0423247158378747,1.31842702937179,-1.88821025361545,-6.5,6.53174049266302e-31
37.38,0.08225735,0.5382686,6.42464301677297,5.94478728672072e-36,2.8846859814154,0.200137617658851,-0.0516168230641087,0.0443260920144632,1.4183387842576,-1.88943984737323,-6.5,2.50772877874654e-34
37.39,0.1215443,0.5358625,6.48829145839625,6.13781308114341e-43,2.99563031736912,0.14137000127049,-0.0216605198904175,0.0457397920271681,1.51075040947209,-1.87944409581798,-6.5,2.58055274301074e-41
37.4,0.1598271,0.5304044,6.49764246914837,1.03978485315311e-56,3.07534456054979,0.0637021315050701,0.00909292571508037,0.0463768133422188,1.59773701409476,-1.860629861326,-6.5,4.3456356412426e-55
37.41,0.1960493,0.521521,6.46034149291454,1.06435164857031e-63,3.11795859364728,-0.0337765751448318,0.0402725116515532,0.0460390475907705,1.68134565211596,-1.83428876680339,-6.5,4.41423116603783e-62
37.42,0.2303192,0.5103716,6.37982997292117,4.43502862679032e-43,3.12668854752721,-0.140647824131821,0.0715393971268253,0.0446325693494523,1.76343155048638,-1.80469467416162,-6.5,1.8251868402288e-41
37.43,0.262084,0.4969824,6.25604430544289,7.21144614524829e-31,3.09989586434528,-0.255454978792691,0.102538355770278,0.0420780195615254,1.84570403845554,-1.77295641969348,-6.5,2.94637786907595e-29
37.44,0.2909384,0.4812962,6.08577117797602,1.4333279313836e-22,3.03732323024144,-0.377409601390241,0.132911588072692,0.038303923547623,1.92980987405923,-1.73978478507228,-6.5,5.81869206753906e-21
37.45,0.3169054,0.4638124,5.8639789791444,1.88971271254878e-16,2.94203554363555,-0.501694499161847,0.162331943509048,0.0332869785560045,2.01695008895749,-1.70622230069162,-6.5,7.63082921560829e-15
37.46,0.3399594,0.4448138,5.58408294435169,1.08871484266717e-11,2.81670017192878,-0.625406528306992,0.190498945228336,0.0270329132729346,2.10817346883549,-1.67267699954515,-6.5,4.37824864088989e-10
37.47,0.3601342,0.4245227,5.23891973641916,7.29224654088512e-08,2.66438731865353,-0.746297386938109,0.217142818414871,0.0195699394035535,2.20426020449163,-1.63931481242325,-6.5,2.92396721363542e-06
37.48,0.3775526,0.4031782,4.82242490903113,9.81389042354869e-05,2.48873671926831,-0.862175355685439,0.242030185607554,0.0109481858466991,2.30556996088985,-1.60619869771275,-6.5,0.00392809198555876
37.49,0.3922281,0.3809288,4.33028840688042,0.0312335887992443,2.29245615832489,-0.971692949359683,0.264954747190803,0.00123125635310225,2.41233465072329,-1.5732959025256,-6.5,1.24934757295568
37.5,0.4042668,0.3579581,3.7634933884978,0.157854928776375,2.07884467036399,-1.07337779200613,0.285743193894443,-0.00950252156695902,2.5241963154624,-1.54055751743142,-6.5,6.31717248591892
37.51,0.4138444,0.3343216,3.12749756336642,0.162097385145143,1.85156197954473,-1.166837788921,0.30425881368989,-0.021170899456169,2.64012555982833,-1.50791409394723,-6.49999999999986,6.49712509624743
37.52,0.421041,0.3100812,2.42466515077566,0.161735236517873,1.61338199004149,-1.25170587343339,0.320392633590305,-0.0336879581905029,2.7588853828169,-1.47530923509507,-6.49999999989858,6.49991489961027
37.53,0.4260131,0.2852983,1.67910788438041,0.161128214159154,1.36749189752888,-1.3276895017629,0.334067552565594,-0.0469648532081319,2.87866135188504,-1.44269654134322,-6.49999975603893,6.49999558927539
37.54,0.4289801,0.2600413,0.950403975116002,0.160341552557105,1.11734869480052,-1.39451281574323,0.345241039513599,-0.0609099813655642,2.99726162661355,-1.41003597269063,-6.49741005367837,6.49999962752773
37.55,0.4300966,0.2343302,0.00454568858511816,0.159376805541615,0.865710881935946,-1.45231973504171,0.353898148332959,-0.0754331787159813,3.11279427765328,-1.3773112517661,-0.220983690742096,6.49999995207628
37.56,0.4294871,0.2081309,-7.48718018396873e-10,0.158235109626768,0.614925586817407,-1.50168336361155,0.360047404201133,-0.0904500123520968,-3.05940927591025,-1.3445408361169,-2.8479883296606e-07,6.49999999119608
37.57,0.4272137,0.1813811,-1.05315980896879e-16,0.156919588979874,0.366713921456842,-1.54338546306505,0.363714543415701,-0.105883866982747,-2.95384450036137,-1.31177218018569,-2.92570818915325e-14,6.49999999782123
37.58,0.4234592,0.1541651,-1.20999014866068e-22,0.155431353118011,0.123535585875032,-1.57712343608078,0.364949899274451,-0.121655101343555,-2.85451639647445,-1.27897955389692,-1.26584240023379e-20,6.4999999992835
37.59,0.4182024,0.126396,-7.82885971199327e-23,0.153777669120045,-0.113837409882024,-1.60390353871828,0.363811525175631,-0.137694136730738,-2.68117270844118,-1.24625218119144,-7.42817883932114e-21,6.49999999970196
37.6,0.4115368,0.09809698,-5.9754877229848e-17,0.151964254627671,-0.343884787222564,-1.62389382017113,0.360372677303406,-0.153933074932449,-2.59383521202098,-1.2136100724048,-4.78283940325047e-15,6.49999999984586
37.61,0.4036961,0.06941863,-1.46831035396229e-10,0.149991791283133,-0.564216877378797,-1.63635938483374,0.354730508529618,-0.170296668780787,-2.51326772465956,-1.18097550838501,-1.00404208024016e-08,6.49999999989953
37.62,0.3948343,0.040383,-2.71232943268191e-05,0.147867633139012,-0.773248066349673,-1.64159195142534,0.346998027866121,-0.18671258829504,-2.43885354729482,-1.1483793869497,-0.00166247186485806,6.4999999999187
37.63,0.3856461,0.01168697,-0.0864151986350835,0.145556132902218,-0.965640419817341,-1.63499497615789,0.337341623667947,-0.203062538056619,-2.37102585027732,-1.11523381709017,-4.91363220700882,6.49999999990648
37.64,0.3766557,-0.01640226,-0.120842889243134,0.143043216531591,-1.13776821565327,-1.61549075627667,0.325963941511415,-0.219217445619386,-2.30954393713017,-1.0813523204546,-6.49857552414206,6.49999999984166
37.65,0.3683253,-0.04333619,-0.126306574438194,0.140288744383423,-1.28682831058539,-1.58010470668031,0.313095658405561,-0.235018492686189,-2.25396210321215,-1.04623783667209,-6.49999484242324,6.49999999956243
37.66,0.3616658,-0.0682691,-0.130873319116624,0.137215559033637,-1.40635618919736,-1.52400361857678,0.299032096513587,-0.250258528871957,-2.20472805356359,-1.00901541209497,-6.49999991526815,6.49999999763016
37.67,0.3570908,-0.09076768,-0.134751286024732,0.133773287707161,-1.49485086209914,-1.44581593077413,0.284083587892596,-0.264716688179698,-2.16124600136973,-0.969210660156514,-6.4999999950133,6.49999997186386
37.68,0.355013,-0.1102906,-0.138011691333743,0.129890826037256,-1.55109131620602,-1.34360632102776,0.268572674730536,-0.278152751389976,-2.12310542536444,-0.926104080783641,-6.49999999908733,6.49999912160174
37.69,0.3553994,-0.1264605,-0.140760045495944,0.125487729598622,-1.57735249774355,-1.21690389462908,0.2527991497531,-0.290321790336266,-2.08947612317164,-0.879046342197853,-6.49999999956236,6.49991106658983
37.7,0.357838,-0.1391409,-0.143116168015775,0.119730345162119,-1.57865550906159,-1.06715897764758,0.237012594662484,-0.300993380112742,-2.05928371033901,-0.827582500732639,-6.49999999954655,6.46302719971737
37.71,0.3620849,-0.148047,-0.145154837879511,0.00702272075873213,-1.55856885553015,-0.894766034723531,0.221426906107183,-0.309941040459977,-2.03190645809787,-0.770845267398219,-6.49999999908872,0.399207491020413
37.72,0.367683,-0.1531556,-0.146952590632505,2.30525568734855e-07,-1.52206647770631,-0.702116261437119,0.206206241330119,-0.316962203074349,-2.00659251025145,-0.708217154766008,-6.49999999688283,1.40343281086604e-05
37.73,0.3751434,-0.1541246,-0.148488905797302,2.31915382868313e-13,-1.46681482397577,-0.489221450654611,0.191538093090362,-0.321854417580895,-1.98391518646349,-0.638229342538777,-6.4999999795555,1.55949383686791e-11
37.74,0.3831218,-0.1514812,-0.149892211155552,8.8761223899246e-21,-1.40423096211419,-0.262523061609002,0.17749578346922,-0.324479648196985,-1.96219901714303,-0.561074908896027,-6.49999981426758,6.9096123390256e-19
37.75,0.3925063,-0.1451717,-0.151101744023431,3.02294674117651e-26,-1.32872822709294,-0.023847131897881,0.164208501198291,-0.324718119515964,-1.94257306539426,-0.47561022017681,-6.49999700403861,2.79666093581739e-24
37.76,0.4028362,-0.1353866,-0.15215917292737,3.07721045899279e-22,-1.2449939938724,0.223271282536736,0.151758561259566,-0.322485406690596,-1.92457656944209,-0.381246035191267,-6.49992158320444,3.09123711992387e-20
37.77,0.4139123,-0.1224426,-0.153011324692465,4.17648249348708e-14,-1.15552225310151,0.474590165928678,0.140203338728551,-0.317739505031309,-1.90809391417519,-0.27791942638153,-6.49672580612248,4.46498335339601e-12
37.78,0.4254994,-0.1065427,-0.149026196262292,6.31081432817684e-08,-1.06291996941818,0.72697734864165,0.12957413903437,-0.310469731544893,-1.89298337737599,-0.165540485227599,-6.2940589230941,5.10453539868778e-05
37.79,0.4373417,-0.08791582,-0.0370288821443167,0.038991643994286,-0.969773605873579,0.977333245219146,0.119876402975634,-0.300696399092701,-1.8790766759318,-0.0445416825332365,-1.55663748170889,4.89457451558866
37.8,0.4490298,-0.06680778,-0.000376733154155196,-0.527991030514275,-0.87959823112098,1.22266985271637,0.111080420664424,-0.288469700565538,-1.8659808519623,0.0840050515910061,-0.0157711273093739,6.4999276738192
37.81,0.4597719,-0.04346802,-3.04706281688038e-06,-1.40376845959379,-0.798417799299699,1.4602151211452,0.103096242671427,-0.273867549354086,-1.85271136318937,0.21839130278257,-0.000127043469913667,6.49999998352917
37.82,0.4699072,-0.01778938,-2.27456542452718e-08,-2.27098722994979,-0.723552033215544,1.69003036291102,0.0958607223392716,-0.256967245724976,-1.83966858882968,0.357783439992027,-9.44764545788463e-07,6.49999999998521
37.83,0.4791921,0.01002525,-1.83545998310561e-10,-3.11708982547902,-0.656713005334556,1.90995818581926,0.0892935922859261,-0.237867663866783,-1.82651057626787,0.499641209282611,-7.59612067486091e-09,6.49999999999996
37.84,0.4874876,0.03980386,-1.84421845162977e-12,-3.88905998279759,-0.59868707070979,2.11827344099007,0.0833067215788282,-0.216684929456882,-1.81299031308854,0.641391436724798,-7.60541845774463e-11,6.5
37.85,0.4945755,0.07116636,-2.8869493979954e-14,-4.57062241613909,-0.550725763442525,2.3119235943176,0.0777994639444029,-0.193565693513706,-1.79873249546081,0.780004941574259,-1.18637867639574e-12,6.5
37.86,0.5000856,0.1038889,-1.01549368624083e-15,-5.14646671042398,-0.515040901931939,2.48928975207134,0.0726490549250835,-0.168672795992993,-1.78314745446914,0.913705916142247,-4.15816572075411e-14,6.5
37.87,0.5044808,0.138042,-6.48175333458174e-17,-5.61273593151463,-0.487566631687485,2.6510945811322,0.0677733886082087,-0.142161850181671,-1.76672496974582,1.04209211433708,-2.64482111228265e-15,6.5
37.88,0.5052109,0.1716499,-5.39361067756274e-17,-5.96283114321023,-0.486358083306481,2.78321570703977,0.0629098077751439,-0.114329693111273,-1.74638077770275,1.16130731359796,-2.19216353469966e-15,6.5
37.89,0.5050731,0.2066132,-6.78659325554614e-17,-6.21990108908046,-0.489204347181262,2.90088632624412,0.0580177643033313,-0.0853208298488319,-1.725300961947,1.27608943483351,-2.7483632913999e-15,6.5
37.9,0.5009723,0.2402973,-1.11203452966415e-15,-6.38676207148156,-0.518245494190956,2.98534502293388,0.0528353093614217,-0.0554673796194931,-1.70058457718731,1.38381647466511,-4.48701693919708e-14,6.5
37.91,0.4956401,0.2741966,-2.33925269388004e-14,-6.47760909956128,-0.551595803801837,3.0493797689666,0.0473193513234033,-0.0249735819298271,-1.67499961109157,1.48774866616089,-9.40959412090196e-13,6.5
37.92,0.4866438,0.3062,-2.49816205507841e-12,-6.49902651579654,-0.606399277292647,3.07874827165643,0.0412553585504769,0.00581390078673725,-1.64711077748264,1.58810790741255,-1.00227021874447e-10,6.5
37.93,0.475964,0.3369992,-2.67414465363709e-10,-6.45628215429854,-0.666427007119151,3.08079977254956,0.0345910884792853,0.0366218985122328,-1.61853403957618,1.68687165943552,-1.07091479449672e-08,6.5
37.94,0.4623919,0.3655122,-4.77777965732288e-08,-6.35055300256784,-0.739734191851016,3.0496039813808,0.0271937465607752,0.0671179383260408,-1.58905662116075,1.78570060069202,-1.91144017063972e-06,6.5
37.95,0.447162,0.3917788,-6.32723849693605e-06,-6.17964057091779,-0.81599975696253,2.98799200713659,0.0190337489911499,0.0969978583974067,-1.55931999638821,1.88613694693502,-0.000253106711917067,6.5
37.96,0.4296688,0.4154057,-0.000789176892419776,-5.93776306578213,-0.898978502536757,2.89560765801767,0.0100439639657823,0.125953934977583,-1.52940504750043,1.98986852690752,-0.0315949555260626,6.5
37.97,0.4109692,0.4363551,-0.043370841876491,-5.61720810541991,-0.980064583951434,2.7748730353599,0.000243318126267975,0.153702665331182,-1.49944617236487,2.0981352002717,-1.7393931851858,6.5
37.98,0.3908755,0.4547667,-0.153451547575111,-5.21086439651761,-1.0603094045002,2.62948006049965,-0.010359775918734,0.179997465936179,-1.46950643221183,2.21150925298032,-6.1706455749175,6.5
37.99,0.3694244,0.4697271,-0.160824612127444,-4.70306221760786,-1.1390635874394,2.45533098969001,-0.021750411793128,0.204550775833079,-1.43961994318366,2.33253046993635,-6.49042988978968,6.5
38,0.3471548,0.4821239,-0.160320588263361,-4.09860754979397,-1.21209581338934,2.26188100235514,-0.0338713699270214,0.22716958585663,-1.40964410381304,2.45922044522123,-6.49957580814628,6.5
38.01,0.323693,0.49124,-0.159454159322584,-3.39180644167219,-1.28212096592158,2.04633608499466,-0.0466925795862371,0.247632946706577,-1.3797504088907,2.59301774134202,-6.49997476105932,6.5
38.02,0.2996833,0.4979397,-0.158424495141314,-2.60145624680978,-1.34429964640389,1.8177269046943,-0.060135576050276,0.26581021575352,-1.34964859237386,2.72983447829191,-6.49999767510189,6.4999999999996
38.03,0.2749901,0.5018901,-0.157243023268064,-1.74090926266686,-1.39983255646085,1.57579556848767,-0.0741339016148845,0.281568171438397,-1.31944340187067,2.86874903223513,-6.49999969890734,6.49999999960492
38.04,0.2499568,0.5034389,-0.155901765222148,-0.893706312623925,-1.44639842577188,1.32532549888472,-0.0885978858726033,0.294821426427244,-1.28894795963188,3.0061259563583,-6.49999994273952,6.49999851276232
38.05,0.2245479,0.5025755,-0.154402131533933,-0.00602499238053051,-1.48463607390658,1.0681952878039,-0.103444246611669,0.305503379305283,-1.25822853179701,3.13976129874385,-6.49999998488772,6.46654142551327
38.06,0.1989758,0.4996099,-0.152736931561833,-6.44220875608067e-06,-1.51338645142661,0.808513605232264,-0.118578111125935,0.313588515357605,-1.22716514575352,-3.01643204807924,-6.49999999438991,0.005229641503481
38.07,0.1735648,0.4948657,-0.150891373083054,7.82538493306805e-12,-1.53081272475655,0.550206813894437,-0.133886238373501,0.31909058349655,-1.19553832486689,-2.89813848724171,-6.49999999695159,9.70778673357553e-10
38.08,0.1485044,0.4885745,-0.148854677605014,7.33823304187544e-20,-1.53624653642638,0.296236484043852,-0.149248703737765,0.322052948336988,-1.16323867479034,-2.7893215833657,-6.49999999755729,7.33951654900902e-18
38.09,0.1240373,0.4810676,-0.14661098619136,3.29835852754512e-26,-1.52874780415864,0.0500544062051134,-0.164536181779351,0.322553492399039,-1.13009529832698,-2.6903123249109,-6.49999999704148,3.1722133322859e-24
38.1,0.1003482,0.4725296,-0.14414632965679,2.21030342643731e-23,-1.50793049893923,-0.186248729699678,-0.179615486768743,0.320691005102043,-1.09598215201337,-2.62149851539186,-6.49999999449339,1.87479097741534e-21
38.11,0.07757873,0.4631884,-0.141449304146098,4.90659768272634e-16,-1.47382058421292,-0.410470865059619,-0.194353692610873,0.316586296451446,-1.06080568691488,-2.53795462861227,-6.49999998402293,3.50864112214711e-14
38.12,0.05583356,0.4531185,-0.13851227346172,1.285238786545e-09,-1.42678039700314,-0.621750686235632,-0.208621496580904,0.31036878958909,-1.02450098495214,-2.46174599238181,-6.49999992665425,8.11716217805878e-08
38.13,0.03521228,0.442594,-0.135329749166957,0.000118228280777331,-1.36725135601376,-0.817905454871187,-0.222294010141042,0.302189735040378,-0.986994710116489,-2.39219341806465,-6.49999945396299,0.00686921493205386
38.14,0.01561599,0.431546,-0.131923716654787,0.105100696489858,-1.29714762951726,-0.999486883183863,-0.235265486436214,0.29219486620854,-0.948474989334863,-2.32793733998538,-6.4999935131767,5.7417869423468
38.15,-0.002952367,0.4201691,-0.1283085246833,0.124918821850331,-1.21756426718152,-1.16516601331715,-0.247441129108029,0.280543206075368,-0.908988338309144,-2.2683428901451,-6.4998744248513,6.49923860497528
38.16,-0.02077191,0.4085118,-0.124454630992615,0.130155784171171,-1.13161092368853,-1.31485711254877,-0.258757238344915,0.26739463494988,-0.869030461046888,-2.2125950383836,-6.49624634380861,6.49999731468693
38.17,-0.03784318,0.396834,-0.117290268293654,0.134830759168494,-1.04018967380465,-1.44702824302274,-0.269159135082961,0.252924352519653,-0.828668333718595,-2.16033543716937,-6.32549843086667,6.49999997100492
38.18,-0.05418783,0.3855501,-0.0365893007236797,0.138979213431813,-0.944320074880761,-1.55922605499945,-0.278602335831769,0.237332091969658,-0.788009861736079,-2.11143958878633,-2.04589736821429,6.49999999917057
38.19,-0.07020435,0.3749399,-0.000433833945107443,0.142633957736617,-0.847701535908307,-1.65025929210718,-0.287079351190852,0.220829499048587,-0.747884395336947,-2.06557972310294,-0.0252467135932148,6.49999999994471
38.2,-0.08571502,0.3655794,-2.13280341064715e-06,0.145809868019525,-0.749597818226416,-1.71698087558539,-0.294575329373116,0.203659690292733,-0.70802510914698,-2.02282176723332,-0.000129874933925423,6.49999999999163
38.21,-0.1006174,0.3583002,-5.7299702777979e-09,0.148517709071308,-0.649879939330564,-1.75473778410188,-0.301074128766422,0.186112312451714,-0.668296914452948,-1.9834796650273,-3.67812631291565e-07,6.49999999999697
38.22,-0.1149118,0.353453,-8.11463956566737e-12,0.15081443348339,-0.549181893774076,-1.76286856637939,-0.306565947704162,0.16848362678792,-0.628775046768891,-1.94731980227006,-5.54454262751677e-10,6.49999999999747
38.23,-0.1278841,0.3519842,-4.10463600355125e-15,0.15271570259127,-0.442923394194693,-1.736581088184,-0.310995181646109,0.15111781590608,-0.587882598224663,-1.91480654277286,-3.02597702549347e-13,6.49999999999442
38.24,-0.1413127,0.3512813,-2.32277501924424e-18,0.154416272133685,-0.344940442311696,-1.69750189302203,-0.314444586069226,0.13414279697586,-0.549956122648817,-1.88308791097916,-1.85061583942668e-16,6.49999999998202
38.25,-0.1533667,0.353567,-8.02753472855753e-22,0.155836218325063,-0.241883078870437,-1.63059242976502,-0.316863416857931,0.11783687267821,-0.510478388173111,-1.8540538602546,-6.94518336769503e-20,6.49999999986225
38.26,-0.1647099,0.3578211,-7.75434009897658e-25,0.157052595641259,-0.139464418889645,-1.54564185665988,-0.318258061046827,0.102380454111611,-0.471225029178213,-1.82669286608602,-7.22868561896316e-23,6.49999999795856
38.27,-0.1749974,0.3638811,-1.31199931251928e-26,0.158091260872289,-0.0356750544071645,-1.44559238282116,-0.318614811590899,0.0879245302833992,-0.431300051007827,-1.80085620673985,-1.29266242825576e-24,6.49999994104381
38.28,-0.1841418,0.3717361,-2.71108554890001e-26,0.158968309849904,0.0694733011831588,-1.33215630774413,-0.317920078579067,0.0746029672059579,-0.390480183680049,-1.77659306376389,-2.72447756642323e-24,6.49999644240571
38.29,-0.1918052,0.3813322,-6.17064863535242e-24,0.15968683651217,0.177776755349296,-1.20730710023771,-0.316142311025574,0.0625298962035807,-0.34777223803369,-1.75399714163626,-6.16920027566066e-22,6.49950693204019
38.3,-0.1976306,0.3927757,-2.25809038321919e-20,0.155703095345226,0.291019503190238,-1.07177583301688,-0.313232115993672,0.0518121378734119,-0.302041269531712,-1.73337829189181,-2.30524270783329e-18,6.31389605449929
38.31,-0.2013128,0.4060599,-1.91726699388714e-16,0.00376367148976811,0.410456153434485,-0.927123805844044,-0.309127554459327,0.0425408998149715,-0.252205978684947,-1.71509681315617,-2.26158960065527e-14,0.152176197051351
38.32,-0.2025899,0.4210688,-9.64784300657691e-13,5.15241556839021e-07,0.536899115049007,-0.775642061921991,-0.303758563308837,0.0347844791957515,-0.197205847974714,-1.69961018613224,-2.1020049327586e-10,2.07870866213108e-05
38.33,-0.2010586,0.4377191,1.33386798032194e-09,6.67575184674291e-12,0.672089512470759,-0.61925816643146,-0.297037668184129,0.0285918975314369,-0.135344908193498,-1.68763421598189,-1.32270847805132e-06,2.68918920678704e-10
38.34,-0.1965899,0.455444,-2.54377300774551e-05,3.39168449983574e-18,0.8156053188264,-0.463302453239075,-0.288881614995865,0.0239588729990462,-0.0657565281986494,-1.6798190862307,-0.00467502228635823,1.36502309462923e-16
38.35,-0.1890424,0.4733747,0.0282917149735699,1.46187267107309e-26,0.967100392295727,-0.314909148194457,-0.279210611072908,0.0208097815171016,0.0125417196088597,-1.67675307388293,-3.77964976778493,5.88147228319294e-25
38.36,-0.1783018,0.4907638,0.651384811656528,1.16019957435119e-38,1.12601298443542,-0.179767350818567,-0.267950481228554,0.0190121080089159,0.100414628669793,-1.67906708963841,-6.49566077162147,4.66896426110855e-37
38.37,-0.1642148,0.5071514,1.28405406855549,2.60321523753081e-61,1.29206121454109,-0.0609862413273827,-0.255029869083143,0.0184022455956421,0.198724677122506,-1.68739759894521,-6.49999317990286,1.04862169273128e-59
38.38,-0.1467253,0.5221656,1.95791409078787,1.42653120495415e-69,1.46424279935177,0.0392807657124523,-0.240387441089625,0.0187950532527666,0.30755436241276,-1.70199375855714,-6.49999998248135,5.75709597125617e-68
38.39,-0.125875,0.5355197,2.68666760650292,2.62945892572885e-47,1.64088334599252,0.11976080311798,-0.2239786076297,0.0199926612839464,0.425944671208852,-1.72236478507467,-6.49999999992779,1.06435391343457e-45
38.4,-0.1013365,0.5474029,3.41929597371171,2.89037242869175e-38,1.82307712482101,0.182840290898277,-0.20574783638149,0.0218210641929292,0.553558455049837,-1.74781301207429,-6.49999999999957,1.17506345145996e-36
38.41,-0.07364398,0.5572494,4.11555680900497,9.26179240991281e-34,2.0055718791385,0.225341300142999,-0.185692117590105,0.0240744771943592,0.685742740196842,-1.77528155565772,-6.5,3.78595586746529e-32
38.42,-0.04304448,0.5649194,4.74678689221705,1.00933911772614e-31,2.18556870154525,0.247525218251077,-0.163836430574652,0.02654972937687,0.818848478222624,-1.80126359750159,-6.5,4.15035546226101e-30
38.43,-0.00990665,0.570239,5.28430953880302,1.57099781538928e-31,2.3596036200009,0.24949899049563,-0.140240394374643,0.0290447192818263,0.949215595429994,-1.82201087963435,-6.5,6.49384110864591e-30
38.44,0.02512482,0.5730579,5.71319927235386,4.29482777130238e-33,2.5224949073875,0.231639458493193,-0.115015445300768,0.0313611138667582,1.07358353339373,-1.83458823372685,-6.5,1.78136042190681e-31
38.45,0.06170577,0.5738621,6.03665402733984,2.75628284933042e-36,2.67166778674222,0.199022380742814,-0.0882987674333461,0.0333513376741863,1.19085096846051,-1.83926609083169,-6.5,1.14472044349778e-34
38.46,0.09839066,0.5712574,6.2623230070311,3.59510333362701e-43,2.79683321930512,0.142788072888975,-0.0603304352402948,0.0347792184030761,1.29947136422212,-1.8324936762748,-6.5,1.49027271003764e-41
38.47,0.1348228,0.5660071,6.40659821600658,1.1466919896112e-56,2.89645154936747,0.0705050185329057,-0.0313659197466202,0.0354842685884051,1.40102452605727,-1.81761293761012,-6.5,4.734488164644e-55
38.48,0.1702613,0.5578455,6.48230336078264,1.40105392996285e-71,2.96644794364048,-0.0181912889853573,-0.00170144031021533,0.0353023556985516,1.49697006902154,-1.79583208121199,-6.5,5.75360649863447e-70
38.49,0.2043159,0.5475722,6.4988976936837,1.98206055025075e-47,3.00573423118743,-0.115827110537067,0.0283559020016589,0.0341440845931809,1.58921779046029,-1.77035044375839,-6.5,8.09367311166954e-46
38.5,0.2364552,0.5349378,6.46157491230545,6.95857276772324e-34,3.01244324911361,-0.223030250657327,0.058480334492795,0.0319137820866076,1.67961125238648,-1.74191671359585,-6.5,2.82594547319636e-32
38.51,0.2649062,0.518815,6.37063773422586,1.8913246141566e-24,2.97602775794814,-0.346695784467779,0.0882406120722764,0.0284468242419298,1.77068714744142,-1.71027136956962,-6.5,7.64174684404181e-23
38.52,0.2939471,0.5033087,6.22725473561946,1.40777526235885e-18,2.93072782537606,-0.455207803652109,0.117547890326037,0.0238947462054088,1.86158122011396,-1.68013901978685,-6.5,5.66596093014741e-17
38.53,0.3188848,0.4841862,6.02185495720023,2.41145695366162e-13,2.84343119176043,-0.579754096129257,0.145982202243641,0.0180972052441162,1.95683610909038,-1.648130612815,-6.5,9.6756212523926e-12
38.54,0.3422149,0.4644403,5.75260983073803,2.33815105747099e-09,2.73566713331648,-0.696809924087402,0.173338873576806,0.0111291060032422,2.05514495902684,-1.61644739333494,-6.5,9.36265367185055e-08
38.55,0.3623506,0.4427301,5.40527693249957,6.24432214918707e-06,2.59797573088709,-0.816001468453856,0.199318630885677,0.0029690913187036,2.15968835240616,-1.58451935416326,-6.5,0.000249797118419767
38.56,0.3803649,0.4196077,4.97750587960576,0.00480077674841407,2.44099075495503,-0.93252627985765,0.223728538435227,-0.0063561714798729,2.26929179716545,-1.55258780277686,-6.5,0.192063871916601
38.57,0.3960029,0.3952668,4.46305664049734,0.145887246923909,2.26507363401076,-1.04454202299244,0.246379274775335,-0.0168015917097973,2.38459425050699,-1.52068594833505,-6.5,5.84304636879349
38.58,0.4092961,0.3699001,3.86295325187432,0.1617928201797,2.07273342939542,-1.15037113971498,0.267106609069289,-0.0283053031069471,2.50522308825435,-1.48880098718688,-6.5,6.49419162167666
38.59,0.4202788,0.3437413,3.18361938120706,0.161412600991515,1.86640976346544,-1.2481915821669,0.285770706703943,-0.0407872189286161,2.63024257478389,-1.45688451366552,-6.4999999999999,6.49990289150865
38.6,0.4288464,0.316819,2.42601194791779,0.16072178904736,1.64743373953914,-1.3378404168809,0.302245044099335,-0.0541656230974251,2.75866576563142,-1.42491468119645,-6.49999999995897,6.49999701520538
38.61,0.4351683,0.2894619,1.62012645642783,0.159854729250223,1.41909380864444,-1.41703522758806,0.316435982185779,-0.0683359753733057,2.88814312830367,-1.39277869113245,-6.49999995152704,6.49999983455247
38.62,0.4393301,0.2619234,0.825767744344151,0.158808441729257,1.18388634148196,-1.48425821658395,0.328274845600599,-0.0831785575391452,3.01639550201711,-1.36037059217004,-6.49977963596879,6.49999998402666
38.63,0.441456,0.2344044,0.0008324663229591,0.157576493875309,0.944442338216952,-1.53854506563057,0.337719268982768,-0.0985640081954509,3.14111324817621,-1.32759775078979,-3.49359912660404,6.49999999741218
38.64,0.4416951,0.2071023,3.8197799705798e-08,0.156150694137682,0.703407761569451,-1.57909371686493,0.344753346598463,-0.1143549453641,-3.02287685185071,-1.29436223323429,-3.2411999074861e-05,6.49999999931494
38.65,0.4401149,0.1800899,-6.95677950175359e-14,0.154525093378256,0.462655318749455,-1.60613142485511,0.349379899785957,-0.130416259612651,-2.91030364531202,-1.26063821359982,-9.4438996693047e-12,6.49999999971653
38.66,0.4369181,0.1535879,-6.92750888577218e-21,0.152688174790677,0.224900763720932,-1.61887248884741,0.351628907423167,-0.146604984501125,-2.80532260842607,-1.22629519346028,-6.92732613313396e-19,6.49999999981651
38.67,0.4320651,0.1274508,-1.33801927482685e-24,0.150643887522783,-0.00910464712692516,-1.61931208555529,0.351537860951897,-0.162798105356678,-2.70756858607604,-1.19148146295391,-1.31461667942877e-22,6.49999999982734
38.68,0.4257059,0.1018195,-1.50397866830217e-20,0.148385263404174,-0.237312537978184,-1.60729240503284,0.349164735572116,-0.178871029407007,-2.60158852541001,-1.15611363447507,-1.22357814915185e-18,6.49999999976312
38.69,0.4178651,0.07651633,-8.13787593380309e-14,0.145926535545006,-0.458758635869629,-1.58503979358956,0.344577149213419,-0.194721427342902,-2.51818697706567,-1.1204050654851,-5.61273810026045e-12,6.49999999955509
38.7,0.4087586,0.05155559,-6.59123575476429e-08,0.143274711762642,-0.671199933602949,-1.55328377096372,0.33786514987739,-0.21025426505254,-2.44115245383047,-1.08439312162575,-4.05164309837333e-06,6.49999999886958
38.71,0.3985869,0.02685487,-0.0034109243434173,0.140448671297203,-0.872712117384715,-1.51345204845486,0.329138028703543,-0.225388785537088,-2.36996790705125,-1.04822710704157,-0.193745733778862,6.49999999623024
38.72,0.3877977,0.002477077,-0.120615018814336,0.137458732796269,-1.05978096680975,-1.46586003351893,0.318540219035445,-0.240047385872277,-2.30452459158231,-1.01189682468648,-6.45923447573981,6.4999999833673
38.73,0.3769969,-0.02141852,-0.127169096004637,0.134306859392172,-1.22807368296689,-1.41014438614809,0.306259482205776,-0.254148829733758,-2.24481331805042,-0.975270534446109,-6.49995026989058,6.499999899384
38.74,0.3667642,-0.04468223,-0.132149529109451,0.130996512915326,-1.37386142215348,-1.34608134084552,0.292520867984242,-0.267609643142213,-2.19060827475027,-0.938220520681745,-6.49999972811461,6.49999913206928
38.75,0.358129,-0.0667725,-0.136390256611273,0.127476826037302,-1.49054731595984,-1.27067133338513,0.277615394824643,-0.280316356476065,-2.14228304301398,-0.900051445455291,-6.49999999403822,6.49998754580392
38.76,0.3520313,-0.08719911,-0.139918903493002,0.123651109522843,-1.57280980934548,-1.18156516675654,0.261887296731188,-0.29213200814363,-2.09993380214883,-0.86008951300953,-6.49999999951897,6.49964859526877
38.77,0.3488628,-0.1056925,-0.142833552137049,0.119012857390654,-1.61985971321031,-1.07825590522053,0.245688699599085,-0.302914567195835,-2.06298145153496,-0.817942300758108,-6.49999999987638,6.47758327412149
38.78,0.3486873,-0.1220804,-0.145243020758656,0.0720723223372778,-1.63352346335373,-0.961056657508802,0.229353464965548,-0.312525133770923,-2.03069217814618,-0.773319521971429,-6.49999999991196,4.08702003900865
38.79,0.3519566,-0.1351577,-0.147195062491763,0.000217612025122471,-1.61286112781796,-0.822855371284593,0.213224853687368,-0.320753687483769,-2.00308209555557,-0.723954540366743,-6.49999999982423,0.0130030524012346
38.8,0.3579745,-0.1454508,-0.148810019665121,4.25094151471402e-08,-1.56549258195937,-0.669705349671808,0.197569927867775,-0.327450740980487,-1.97903654484129,-0.670648304666378,-6.49999999918942,2.71953365174929e-06
38.81,0.3668273,-0.1522107,-0.150118360743185,6.75732211891515e-13,-1.49296693193676,-0.498071280527157,0.182640258548407,-0.332431453785759,-1.95859807476503,-0.611530343056158,-6.4999999911055,4.76142192180573e-11
38.82,0.3785943,-0.1553764,-0.151136619030941,7.71007250822996e-19,-1.39690879949904,-0.309755315313737,0.168671170553417,-0.335529006938896,-1.94199432489131,-0.545942243136642,-6.49999975033507,6.19478790881702e-17
38.83,0.3933279,-0.1545432,-0.15186673379496,1.54367469273308e-24,-1.27914903373186,-0.104032545765726,0.155879680216098,-0.336569332396554,-1.92965158180313,-0.472185213251007,-6.4999797322989,1.43666465386013e-22
38.84,0.4109072,-0.1495932,-0.152175237068995,2.22531229951351e-24,-1.14276026619258,0.117597740274988,0.144452077554172,-0.335393354993804,-1.92206814192472,-0.3889928218308,-6.49447065452421,2.2363432087051e-22
38.85,0.4312572,-0.1405319,-0.0751850481048811,1.14019281682868e-17,-0.990365537313645,0.352764939715719,0.134548422181036,-0.331865705596647,-1.92013432267504,-0.295288742038341,-3.20639572222378,1.17514914031926e-15
38.86,0.4535221,-0.1278223,-2.44407907944815e-05,1.03376416306575e-10,-0.830138953825902,0.595882562000298,0.126247032642777,-0.325906879976644,-1.92402063320617,-0.191510134506793,-0.00104384028255401,2.58401762508767e-08
38.87,0.4769067,-0.1116605,-6.33588959011286e-10,0.000122899609000536,-0.669268620199206,0.843658903161394,0.119554346440785,-0.31747029094503,-1.93398892811053,-0.0776569602880042,-2.71634139233668e-08,0.036034712096693
38.88,0.5002318,-0.09261271,-2.39684531572195e-15,-0.232808512799793,-0.517204305522579,1.09033154173615,0.114382303385559,-0.306566975527668,-1.94936791028305,0.0443869526816611,-1.03388117245721e-13,6.48717582105552
38.89,0.5222495,-0.07124732,-1.6287288021783e-21,-1.12240403966463,-0.383160370980116,1.33054612746899,0.110550699675758,-0.293261514252978,-1.96835348730116,0.171993727943706,-7.08136493730228e-20,6.49999875150836
38.9,0.5426048,-0.04777332,-1.92896304436684e-28,-1.93183338903581,-0.269121875013928,1.56196890980519,0.107859480925619,-0.277641825154926,-1.98974783413089,0.303385079486134,-8.46604258251969e-27,6.49999999938119
38.91,0.5606488,-0.02259014,-1.17961569876754e-35,-2.74548576586707,-0.178947325020285,1.78110162005249,0.106070007675416,-0.259830808954401,-2.01076826780099,0.435812699695664,-5.22800966446003e-34,6.49999999999888
38.92,0.5763629,0.003945965,-2.61452294036885e-42,-3.49202443542447,-0.111524184788024,1.98507498735961,0.104954765827535,-0.239980059080805,-2.0294493245805,0.56682267385418,-1.16934144201452e-40,6.49999999999999
38.93,0.5894866,0.03140342,-7.30983870885428e-47,-4.15775852355064,-0.0674466278159045,2.1707605744769,0.104280299549376,-0.218272453336036,-2.04301318583857,0.694173911737569,-3.29182283514176e-45,6.5
38.94,0.6001008,0.05987401,-6.58323460954586e-49,-4.74255653556551,-0.0446705186293794,2.33913992152644,0.103833594363083,-0.194881054120772,-2.04994201618662,0.81789723520956,-2.97526550584961e-47,6.5
38.95,0.6086415,0.08926747,-2.04251621041823e-49,-5.24010258065028,-0.0386175044576511,2.48989573763757,0.103447419318506,-0.169982096744396,-2.05056410869576,0.937639657001879,-9.2340653108892e-48,6.5
38.96,0.613506,0.1184741,-8.359574102397e-48,-5.64211493597463,-0.0596888094566204,2.6154455678522,0.10285053122394,-0.143827641065874,-2.03937934758282,1.05112100648,-3.75755607453308e-46,6.5
38.97,0.6167486,0.148508,-8.69559238832526e-45,-5.96329125333412,-0.0909553703026429,2.72426077418586,0.101940977520913,-0.116585033324016,-2.02327163453893,1.16148518527047,-3.877229161172e-43,6.5
38.98,0.6163813,0.1779523,-3.8337163625242e-39,-6.2023993312041,-0.145870440287958,2.80669073619877,0.100482273118034,-0.0885181259620279,-1.99724219894209,1.26695279761146,-1.68835052906958e-37,6.5
38.99,0.6140473,0.2074838,-3.06726986596704e-33,-6.36910066312769,-0.210552375683543,2.86907615613296,0.0983767493611985,-0.0598273644006983,-1.96730470860707,1.36971748851383,-1.33298612110442e-31,6.5
39,0.6090783,0.2362549,-2.16404155076893e-27,-6.46693268109449,-0.288771006537983,2.90637033008041,0.0954890392958186,-0.0307636610998942,-1.93291141361944,1.4698592680063,-9.27386513569668e-26,6.5
39.01,0.6016793,0.264243,-4.60355980373892e-22,-6.4999836404862,-0.377643187282413,2.91999531836875,0.0917126074229945,-0.00156370791620668,-1.89575548924041,1.5685521755008,-1.94614910276128e-20,6.5
39.02,0.5918456,0.2909827,-2.67266560682999e-17,-6.47010293076295,-0.475952283512395,2.90818997906203,0.0869530845878706,0.0275181918744136,-1.85681754209718,1.66676904234997,-1.11570795929481e-15,6.5
39.03,0.5795537,0.3160656,-4.74455858987849e-13,-6.37692161216786,-0.582654370871527,2.86986927859426,0.0811265408791553,0.0562168846603562,-1.8168640681511,1.76575600052568,-1.95856447755342e-11,6.5
39.04,0.5649318,0.3392844,-2.77536616605651e-09,-6.21744759184272,-0.695641846227939,2.80562351133929,0.0741701224168759,0.0842731197737491,-1.77666124346855,1.86680053652717,-1.13482584708493e-07,6.5
39.05,0.5481604,0.3604194,-5.86929887447467e-06,-5.98614705533366,-0.812547787004005,2.71604884937829,0.0660446445468359,0.111433608267532,-1.73676057921811,1.97117782752556,-0.000238142700668203,6.5
39.06,0.5293271,0.3792801,-0.00501689643961227,-5.67530456020227,-0.931826387640747,2.60204734961531,0.0567263806704284,0.137454081763685,-1.69741348330666,2.08009656746169,-0.202344613947016,6.5
39.07,0.5085971,0.3957219,-0.150213516329711,-5.27595482092509,-1.05147038154139,2.46491911885154,0.0462116768550145,0.162103272952201,-1.65879264324275,2.1945791385658,-6.03258785283822,6.5
39.08,0.4866963,0.4105373,-0.162212935632094,-4.78980008897995,-1.16556881179952,2.31278114644866,0.0345559887370194,0.185231084416687,-1.62116306126267,2.31301688426932,-6.49700581715355,6.5
39.09,0.4621736,0.4211279,-0.162484835430503,-4.18281740443848,-1.28437355627221,2.1286971625074,0.0217122531742973,0.206518056041761,-1.58399011147771,2.44238552245214,-6.49997627306379,6.5
39.1,0.4368097,0.4299973,-0.162454986436845,-3.49106407837576,-1.394054399798,1.93406171003131,0.0077717091763173,0.225858673142074,-1.54760911896719,2.57494588854858,-6.49999960318341,6.49999999999998
39.11,0.4103329,0.4363937,-0.1622089821882,-2.71118796968985,-1.49663429429804,1.72521692078904,-0.00719463376666311,0.243110842349965,-1.51182541374108,2.71154172283674,-6.49999998860071,6.49999999999428
39.12,0.3829034,0.4403493,-0.161756512993447,-1.85765597619455,-1.59090983328098,1.50452095966324,-0.0231037320994729,0.258156051946597,-1.47651719932714,2.85006560566891,-6.49999999946501,6.49999999575426
39.13,0.354673,0.4418908,-0.161103995902137,-1.00869211245121,-1.67586835262265,1.27418571851454,-0.0398624156256995,0.270897909131742,-1.4415638826833,2.98807515377034,-6.49999999996067,6.49998821626726
39.14,0.3259936,0.4412802,-0.160253869933515,-0.0796865506998327,-1.74917569172744,1.03802025701555,-0.0573541725429739,0.281278111701898,-1.40679481762141,3.12219758100853,-6.49999999999543,6.33326911924164
39.15,0.2970453,0.4386522,-0.15920616965257,-1.36234049280247e-06,-1.80996536896578,0.798669343454932,-0.0754538262326317,0.289264805136447,-1.37207610248806,-3.03310643506194,-6.49999999999919,0.00185952677858
39.16,0.2681361,0.434262,-0.157956342236286,5.22534907683894e-12,-1.85657573708846,0.55947579463912,-0.0940195836035163,0.294859563082839,-1.33722315625051,-2.9135008923324,-6.49999999999978,7.29794334194652e-10
39.17,0.2395159,0.4283436,-0.156496955102053,9.47455786883342e-20,-1.88795920606021,0.323385693943862,-0.112899175664118,0.298093420022277,-1.30206783630097,-2.8031944119577,-6.49999999999991,9.47235263848475e-18
39.18,0.211373,0.4211771,-0.154818942154407,4.17218887315531e-27,-1.90366553564489,0.0934521647934119,-0.131935831020567,0.299027941670211,-1.26646999650748,-2.70256490006525,-6.49999999999994,4.07646253764372e-25
39.19,0.183982,0.413067,-0.15290777297638,2.55122842714144e-26,-1.90273897809645,-0.127350375366337,-0.150963220801532,0.297754437916548,-1.2302297188913,-2.61547344046745,-6.49999999999994,2.13696764445861e-24
39.2,0.1575289,0.4043429,-0.150748650535937,2.94657511525563e-19,-1.88501541225601,-0.336128709348866,-0.169813374924092,0.294393150823059,-1.19319393758715,-2.53299538466881,-6.49999999999991,2.08755212532961e-17
39.21,0.1319298,0.3951271,-0.14833900939549,1.29237896577765e-12,-1.85238018161853,-0.531764036361796,-0.188337176740277,0.289075510459441,-1.15541739340756,-2.45860546927757,-6.49999999999979,8.12740631798598e-11
39.22,0.1074618,0.3859266,-0.145658059447141,1.64098587052074e-07,-1.80405648292952,-0.710502866928515,-0.206377741569572,0.281970481790156,-1.11665189440808,-2.39202326646342,-6.49999999999928,9.53262830226622e-06
39.23,0.08386192,0.3767526,-0.142721373968456,0.00133099167258799,-1.74329947940772,-0.872542732486892,-0.22381073636365,0.273245054465287,-1.07714956312054,-2.33178012616771,-6.49999999999631,0.072960171273538
39.24,0.06106355,0.3678361,-0.139540094816263,0.114156002142111,-1.67178156380512,-1.01656239162092,-0.240528552001701,0.263079430549078,-1.03699891384609,-2.27710713539606,-6.49999999997299,5.97983383855888
39.25,0.03895682,0.3594455,-0.136137433448283,0.128739666583086,-1.59142248833336,-1.14116192486668,-0.256442776885034,0.251667811300411,-0.996358190038955,-2.22740789619275,-6.49999999972119,6.49731002992132
39.26,0.01744139,0.3518513,-0.132545442650162,0.1329028868752,-1.50398186381508,-1.24512983579509,-0.271482595523185,0.23921651294246,-0.955400028570317,-2.18218022740429,-6.49999999599453,6.4999544337012
39.27,-0.003580253,0.3453733,-0.128805250246167,0.136491973731239,-1.41111012163247,-1.32709340341544,-0.28559369673951,0.225945578908306,-0.914317509073235,-2.1410922204232,-6.49999992074955,6.49999772180725
39.28,-0.02402262,0.3405305,-0.124915367373157,0.139573488505454,-1.31304849656405,-1.38445270680439,-0.298724181705151,0.212101051840262,-0.873062229209851,-2.10418406123845,-6.49999775623626,6.49999968586247
39.29,-0.04399055,0.3375722,-0.120849655877977,0.142202565833098,-1.21142062770008,-1.4168754122973,-0.310838387982151,0.197932297717289,-0.831870709104054,-2.07115908046482,-6.49990966108442,6.49999989123505
39.3,-0.06334857,0.336607,-0.11643105235622,0.144439199092727,-1.10602029498652,-1.42520329458382,-0.321898590932017,0.183680264771451,-0.790607806820578,-2.04166465198245,-6.49448439529943,6.49999991286105
39.31,-0.0820883,0.3375709,-0.103409212180302,0.146345852222804,-0.997592805067519,-1.41158975832764,-0.331874518982692,0.169564367188174,-0.749340447977842,-2.01527226680227,-6.00858058004255,6.49999985142651
39.32,-0.1001249,0.3402667,-0.00745559980311539,0.147981112119498,-0.8862953006957,-1.37911263960594,-0.340737471989649,0.155773240792115,-0.707997020231865,-1.99152818153954,-0.454016905982266,6.49999950422665
39.33,-0.1173496,0.3444603,-2.51815000457529e-05,0.149392421447353,-0.77211837691577,-1.3309937243101,-0.348458655758806,0.142463303549014,-0.666448996787092,-1.97005272797457,-0.00162075687327594,6.49999697704317
39.34,-0.1336271,0.3498804,-3.80470248417101e-08,0.150618898718557,-0.654876333697054,-1.27057486779595,-0.355007419095777,0.129757554871054,-0.624498089353779,-1.95050667795091,-2.61908634537992e-06,6.49996835920073
39.35,-0.1486562,0.3565249,-2.34045797109643e-11,0.151660529236787,-0.533220352627879,-1.19907550260653,-0.360339622622056,0.117766799844989,-0.581575335467542,-1.93295061535197,-1.74719868247622e-09,6.49941612711866
39.36,-0.1619933,0.3641241,-5.10766956307739e-15,0.152155679216596,-0.404896421163663,-1.1196229143009,-0.364388586833692,0.10657057070198,-0.536745235432643,-1.91716679267614,-4.18397906525108e-13,6.48179540564578
39.37,-0.1734299,0.3730651,-6.00272036724164e-19,0.12994202782882,-0.269546752035836,-1.03041197859755,-0.367084054354051,0.0962664509160045,-0.489531616232675,-1.90381754348068,-5.41320332771197e-17,5.50880777872263
39.38,-0.1825951,0.3833489,-2.14599678245006e-22,0.00562487389617026,-0.125704396392379,-0.932615209190871,-0.368341098317975,0.0869402988240958,-0.438998175334357,-1.8932012618286,-2.09683152011676e-20,0.237581923029294
39.39,-0.1890962,0.3955602,-1.47868918966906e-23,1.15024028566346e-05,0.0280999017069732,-0.823144714818729,-0.368060099300905,0.0787088516759085,-0.38403840194218,-1.8865486418574,-1.48576783585931e-21,0.000484741095665592
39.4,-0.1927005,0.4092471,-4.28542620803229e-21,5.77421834324588e-09,0.192020490730343,-0.70670532943494,-0.366139894393601,0.0716417983815591,-0.323836603418438,-1.88397069179806,-4.2992150014986e-19,2.43131223043619e-07
39.41,-0.1932355,0.4243609,-2.18511134317747e-16,4.72625056041729e-13,0.365712457967227,-0.584782252900455,-0.362482769813929,0.0657939758525546,-0.257635697263377,-1.88627638837449,-2.51054760474714e-14,1.99158288955443e-11
39.42,-0.1906276,0.4414163,-1.29599353538842e-11,1.8564966708335e-18,0.548088082426247,-0.454707742469564,-0.357001888989667,0.0612468984278589,-0.18489097823447,-1.89556430080088,-3.93753541046249e-09,7.84779796031704e-17
39.43,-0.1849128,0.4596629,1.24957109004916e-07,1.00620405373386e-25,0.737300488482369,-0.323208192874386,-0.349628884104843,0.0580148164991151,-0.10538228905976,-1.91236726569675,-0.000249657934128492,4.27886377529131e-24
39.44,-0.1762259,0.4782773,-0.0165592970195376,5.68152164212291e-36,0.930885236778579,-0.197058018231019,-0.340320031737057,0.0560442363168049,-0.0192810626048018,-1.93679421490149,-2.53887422286874,2.43846660503235e-34
39.45,-0.1646751,0.4965315,0.444733620533675,7.82814378190381e-52,1.12672127128249,-0.0818205821219671,-0.329052819024232,0.0552260304955852,0.0731843388748841,-1.96835342705557,-6.49784573346295,3.40350962042565e-50
39.46,-0.1502229,0.5139984,1.12308044964668,4.25433365800018e-63,1.32387809098446,0.0195839699609133,-0.315814038114388,0.0554218701951944,0.172104927776119,-2.0061538001361,-6.49999868297939,1.88138570432532e-61
39.47,-0.1328982,0.5302781,1.76741640443352,8.53017765857321e-48,1.52100420852227,0.104719599935265,-0.300603996029165,0.056469066194547,0.277089511721161,-2.04807288028215,-6.49999999804845,3.85142889062014e-46
39.48,-0.1128124,0.544926,2.45187873525134,9.95752131959835e-39,1.71624741330485,0.171094961089973,-0.283441521896116,0.0581800158054467,0.387149456937333,-2.0902904295431,-6.49999999999381,4.60029772067082e-37
39.49,-0.08984988,0.5576738,3.12925085010951,6.96246026664661e-34,1.90953601513843,0.21777854153696,-0.264346161744732,0.0603578012208163,0.501774893723046,-2.12847169855366,-6.49999999999996,3.28986659670408e-32
39.5,-0.06407594,0.5683698,3.77442113840897,1.85154330834566e-31,2.09950564068971,0.244854809598523,-0.243351105337835,0.0628063493168016,0.619468846523814,-2.1586400466778,-6.5,8.91625620646244e-30
39.51,-0.036013,0.5765489,4.36868574403326,5.73948384078673e-31,2.28161238229773,0.250243618151649,-0.220534981514858,0.0653087854983181,0.737210398368892,-2.17605633250137,-6.5,2.79559002904905e-29
39.52,-0.005781493,0.5823503,4.89821147140679,4.6789812211895e-32,2.45457557277956,0.236500695177388,-0.195989225787062,0.0676737924500919,0.85356311217807,-2.18039763453426,-6.5,2.28564423078012e-30
39.53,0.02577969,0.5851126,5.34610076693241,2.83589587238574e-35,2.61207563775295,0.200311533736926,-0.169868469409533,0.0696769077874612,0.96571921521803,-2.16911043241735,-6.5,1.37498747612387e-33
39.54,0.05792464,0.584363,5.70931914722939,8.74841866317663e-42,2.74899695101592,0.140088056281329,-0.142378499899373,0.0710777883502745,1.07233352835953,-2.14242127372509,-6.5,4.16962706722435e-40
39.55,0.09071848,0.5814677,5.99610679707103,7.21898419850267e-52,2.86654285890417,0.0677644352642552,-0.113713071310332,0.0717554327029171,1.17436554961577,-2.10912962612487,-6.5,3.37168346666698e-50
39.56,0.1231907,0.5762353,6.21089189529937,2.9879266423869e-58,2.95846787519639,-0.0167751025178697,-0.0841283925583679,0.0715876816777384,1.27135248204417,-2.07048686259577,-6.5,1.36526365328865e-56
39.57,0.1546387,0.5680609,6.36167744983508,7.39476072721144e-45,3.02103774946638,-0.116559777318403,-0.0539180150637041,0.0704220839045543,1.3640748124666,-2.0265530258077,-6.5,3.30254453689839e-43
39.58,0.1846442,0.5572441,6.45571570481613,9.54109938103859e-33,3.05299146807047,-0.227788307060889,-0.0233881003829994,0.0681442008339454,1.45397057376205,-1.98022939401379,-6.5,4.16972959926507e-31
39.59,0.2130582,0.5445099,6.49743156829325,2.36663555031289e-24,3.05525845625457,-0.343803692967319,0.00716448417954636,0.0647061639042722,1.54267633660093,-1.93437007816736,-6.5,1.01478140088906e-22
39.6,0.2387821,0.5289127,6.48795370564317,9.76035267559926e-18,3.02201384181071,-0.470462435505756,0.0373846225976535,0.0600015395492147,1.63170241400849,-1.88762334985966,-6.5,4.11475073278326e-16
39.61,0.2638344,0.5123619,6.42540024059293,8.31613065133649e-13,2.97050328881192,-0.592539630054334,0.0670896554857726,0.0540761432486713,1.72248447434661,-1.84362049151868,-6.5,3.45809204498311e-11
39.62,0.2871813,0.4943984,6.30549762580367,7.96309269833349e-09,2.89483565575159,-0.713025186800335,0.0960380120432885,0.046945891380668,1.81610695094376,-1.80118231398366,-6.5,3.27432236579982e-07
39.63,0.3078247,0.4744741,6.11973010501619,2.08516371705818e-05,2.78992597269899,-0.835341866740005,0.123937271770278,0.0385924727132679,1.91462721473732,-1.7595435643867,-6.5,0.000849607458623736
39.64,0.3271301,0.4528995,5.86167566695613,0.01598670522443,2.66824615040639,-0.956460795469284,0.150619733274342,0.0290278647585751,2.0177707197669,-1.71898255276835,-6.5,0.646770337831577
39.65,0.3436714,0.4294797,5.51545881182673,0.157718623311098,2.52134250534239,-1.07722350687901,0.175833158327766,0.018255629689785,2.12844858465596,-1.67927624563161,-6.5,6.34718283294818
39.66,0.3588646,0.4050528,5.07926588672591,0.162064610068418,2.36198697110952,-1.19096032179508,0.199453028038861,0.00634602647183417,2.24461238943644,-1.64074628859678,-6.5,6.49895847221702
39.67,0.3723465,0.3795941,4.5471397357004,0.162412121111377,2.18927695736967,-1.2977411059186,0.221345797612558,-0.00663138458735183,2.36665352699354,-1.60313302747464,-6.5,6.4999857693135
39.68,0.3840685,0.3533731,3.92170917061201,0.162498296841015,2.00471430150901,-1.39554754054001,0.241392940627648,-0.0205868599927519,2.49389585688205,-1.56629804948012,-6.5,6.49999962561446
39.69,0.3941503,0.3266983,3.2159583947071,0.162361224241533,1.81096977062418,-1.48226870093455,0.25950263833389,-0.0354095470020974,2.62451892119474,-1.53007695462396,-6.4999999999995,6.49999998178739
39.7,0.4026081,0.2999217,2.43932473779957,0.162010128690339,1.60982494461674,-1.5556905666129,0.275600887780057,-0.0509664526682264,2.75649364289151,-1.49427840411186,-6.49999999985535,6.49999999839637
39.71,0.4095759,0.2734073,1.62678441208252,0.16144898507079,1.40382170318651,-1.61374128060814,0.289639104811922,-0.0671038654743077,2.88707155866369,-1.458684078357,-6.49999990121328,6.49999999974738
39.72,0.415061,0.2474252,0.841151745078409,0.160676822391526,1.19443292851852,-1.65525415127388,0.301583434097108,-0.0836564069870465,3.0140974476987,-1.42307499456536,-6.49980777672917,6.4999999999305
39.73,0.419089,0.2222355,0.016993687043937,0.159687776463226,0.983175625360268,-1.67930533690405,0.31141519035071,-0.100449460356087,3.13574516600427,-1.38722927381046,-5.35422740937782,6.49999999996707
39.74,0.421737,0.1980529,6.10751604898327e-07,0.158471543189935,0.771839117827426,-1.68545541339144,0.319133581528984,-0.117304014490001,-3.03263034146828,-1.35093354005589,-0.000799354665882879,6.49999999997342
39.75,0.4229527,0.1749042,-1.60190611571601e-11,0.157017056272722,0.561152697085952,-1.67474601074127,0.324745108499844,-0.134051474597414,-2.92499370190346,-1.31406047803533,-2.53066385742752e-09,6.49999999996483
39.76,0.422753,0.1528553,-8.72859767898609e-18,0.15531070957356,0.352289633515831,-1.64794829373519,0.328268004835002,-0.150530957534766,-2.82467422683642,-1.27647510734763,-8.78876023141473e-16,6.49999999992492
39.77,0.4211456,0.1318626,-4.6858907980216e-24,0.15334125038845,0.146261186455021,-1.60665449165851,0.329730616699553,-0.166597502451351,-2.73141427940763,-1.23812351886562,-4.6888389885032e-22,6.49999999974842
39.78,0.4179796,0.1117034,-1.14051658615113e-25,0.151107741902033,-0.0571471949386577,-1.55370937813399,0.329159144750166,-0.182134596232691,-2.64424813454456,-1.19911808827875,-1.01307431222924e-23,6.49999999875193
39.79,0.4134302,0.0923141,-5.16802260057993e-21,0.148608147610714,-0.255800881131769,-1.49066833080256,0.326601135938848,-0.197041279540717,-2.71196748490631,-1.15948313339261,-5.10018663210878e-19,6.49999999096774
39.8,0.4074056,0.07334206,-1.02592414943591e-14,0.145866658728666,-0.449664617060527,-1.42111234205275,0.322104489768243,-0.211252402961244,-2.63787612699201,-1.11956576688468,-8.99828079207529e-13,6.49999991206074
39.81,0.4002888,0.05490371,-3.01446303634516e-09,0.142883772052741,-0.635312152732634,-1.34501740531059,0.315751368240917,-0.22470257701435,-2.56774113161535,-1.07926700677341,-2.28574573688234e-07,6.49999880424979
39.82,0.3920676,0.03651759,-8.53201886649242e-05,0.139720820998148,-0.812450400008437,-1.2667072308487,0.307626864240832,-0.237369649322837,-2.50102466142946,-1.03922372065232,-0.00571522166044798,6.49997984512722
39.83,0.3835495,0.01850567,-0.0767276848857592,0.136361411856857,-0.974947321897485,-1.1844135771627,0.297877391021857,-0.249213785094464,-2.43897962333059,-0.999086394570971,-4.70362137209746,6.4995350953605
39.84,0.3749497,0.0007322174,-0.113073452949694,0.132586203612199,-1.12145596177839,-1.09981706065541,0.286662831404073,-0.260211955701018,-2.38125424511683,-0.959123080880445,-6.49567179058119,6.4857252275294
39.85,0.3672385,-0.01651893,-0.118874775812881,0.11740268236129,-1.24536736727103,-1.01146477116548,0.274209157731363,-0.270326603412673,-2.32893461588023,-0.91896516777487,-6.49996580001595,5.90490355665047
39.86,0.3609305,-0.03317225,-0.123609166519566,0.0151515409274169,-1.34395063595061,-0.919531072115763,0.260769651371857,-0.279521914133831,-2.28200065911072,-0.8785480448448,-6.49999901714134,0.785105340042505
39.87,0.3563622,-0.04926353,-0.127607277534611,0.000142332948359797,-1.41608410137981,-0.825000238202701,0.246608810358059,-0.287771916515858,-2.24015045855951,-0.838001198185289,-6.49999991408344,0.00761639537052667
39.88,0.3543891,-0.063685,-0.130932739166994,4.30412840555122e-07,-1.45712517408172,-0.72055509292505,0.232037558617242,-0.294977467445108,-2.20407433606924,-0.795208243412692,-6.49999997676315,2.39063520768422e-05
39.89,0.3548545,-0.07665344,-0.133728989780037,4.51201013746634e-10,-1.47021885180194,-0.609009817066369,0.217335370099222,-0.301067565615772,-2.17288345202371,-0.75056947511563,-6.49999998381506,2.61830853607766e-08
39.9,0.3580196,-0.08775488,-0.136017156105472,1.15056730967271e-13,-1.45541880422522,-0.488467222060901,0.20278118205697,-0.305952237836381,-2.14663507618623,-0.703091704053098,-6.49999997150515,7.04908589321195e-12
39.91,0.3639987,-0.09654114,-0.137822251725308,5.16897488958281e-18,-1.41397826194576,-0.356969820049454,0.188641399437512,-0.309521936036875,-2.12536931337236,-0.651522653490577,-6.49999987433067,3.40243359511954e-16
39.92,0.3730682,-0.102622,-0.139126492368386,6.33729072363073e-23,-1.34603377983509,-0.213178552707575,0.175181061639162,-0.311653721563951,-2.10964766798562,-0.59451225320864,-6.49999849424852,4.61164670712152e-21
39.93,0.3855412,-0.1057053,-0.139876674048689,9.29937110731318e-27,-1.25159034005667,-0.0566265823937506,0.162665158238595,-0.312219987387889,-2.10043958087677,-0.530690279000881,-6.49994272891051,7.71515034985502e-25
39.94,0.4014331,-0.1054514,-0.139844956215098,6.80416130040821e-26,-1.13293882920172,0.113394724538047,0.151335769946578,-0.311086040142508,-2.09868427324379,-0.458210394583696,-6.49187120980126,6.47790709712028e-24
39.95,0.4205685,-0.101626,-0.0761961827959645,2.34921312076883e-20,-0.993715827646906,0.296707677106241,0.141398611670109,-0.308118963371446,-2.10551862654564,-0.375170210368436,-3.55126040345238,2.3581597454444e-18
39.96,0.4424191,-0.09413769,-4.18462456343389e-05,7.60382381825961e-14,-0.839951167256913,0.492046217348911,0.132999099997539,-0.303198501197957,-2.1219219329248,-0.279858957521511,-0.00196944171384451,8.08791521684035e-12
39.97,0.4660921,-0.08307634,-1.33247951828211e-09,1.08066801621713e-08,-0.67994886209714,0.696861858833042,0.126199611376568,-0.296229882609626,-2.14831591042273,-0.171216352602577,-6.37444129160789e-08,5.9396448463621e-06
39.98,0.4903476,-0.06862874,-4.4811458731771e-15,0.00397700783347252,-0.523951391113247,0.908040131890647,0.120960097465436,-0.28714948129072,-2.18378740071946,-0.0489817057368016,-2.19398568143368e-13,0.520860666594185
39.99,0.5141345,-0.05094029,-1.22875131599507e-21,-0.546139952685968,-0.38008029034305,1.12295391119269,0.117159294562005,-0.275919942178793,-2.22651124318311,0.086423747926857,-6.19734356883125e-20,6.49544962992075
40,0.5368962,-0.02994423,-1.67566659253205e-29,-1.50156926420959,-0.252243737053947,1.34067337264682,0.114636857191466,-0.262513208452325,-2.2744937016952,0.234302811590796,-8.75974398253804e-28,6.49999890787951
