Time,raw_angle_left_rad,raw_angle_right_rad,motor_command_left,motor_command_right,vel_L,vel_R,angle_L,angle_R,gait_phase_left,gait_phase_right,amplitude_left,amplitude_right
0,0.1100236,0.4732012,-0,0,0.967818224297773,4.16249555450371,0.00967818224297773,0.0416249555450371,0,0,-1.0621844541476,6.5
0.01,0.09990482,0.4790598,-0,0,0.786111225995289,3.81534708045278,0.0175392945029306,0.0797784263495649,0,0,-3.91303849445818e-05,6.5
0.02,0.0895924,0.4829621,-0,0,0.612461389993131,3.45135952557764,0.0236639084028619,0.114292021605341,0,0,-1.52421223015368e-10,6.5
0.03,0.08081532,0.4870496,-0,0,0.462729857345217,3.09367169747159,0.0282912069763141,0.145228738580057,0,0,-1.31764816550488e-16,6.5
0.04,0.07239902,0.4900965,-0,0,0.325655379841549,2.7337251722713,0.0315477607747296,0.17256599030277,0,0,-3.56651611548414e-24,6.5
0.05,0.0644027,0.4921581,-0,0,0.201720258068576,2.37500527047677,0.0335649633554153,0.196316043007538,0,0,-2.22284380837257e-34,6.5
0.06,0.05667793,0.4931927,-0,0,0.089435609804879,2.01982967784993,0.0344593194534641,0.216514339786037,0,0,-7.78536281777746e-51,6.5
0.07,0.04977134,0.4938521,-0,0,-0.00653351104304623,1.67639314814056,0.0343939843430337,0.233278271267443,0,0,-1.05177741561103e-72,6.49999999997568
0.08,0.04252093,0.4927178,-0,0,-0.0970893814554143,1.33386762403093,0.0334230905284795,0.246616947507752,0,0,-2.44052313107538e-49,6.49999844283945
0.09,0.03542865,0.4907295,-0,0,-0.177580939497581,1.00312008527089,0.0316472811335037,0.256648148360461,0,0,-4.18984250761467e-37,5.53021487211369
0.1,0.02764573,0.4868863,-0,0,-0.255726167851186,0.676909652821173,0.0290900194549919,0.263417244888673,0,0,-2.19414845706048e-29,7.42056085967543e-07
0.11,0.02059232,0.4828691,-0,0,-0.31862349192945,0.372165935855033,0.0259037845356974,0.267138904247223,0,0,-1.117709626708e-24,7.27289794797759e-17
0.12,0.01454346,0.4791423,-0,0,-0.364697465810852,0.0934528204004366,0.0222568098775888,0.268073432451227,0,0,-8.91072517978616e-22,2.95704296551535e-27
0.13,0.007365338,0.4734852,-0,0,-0.413832305154124,-0.178876919719041,0.0181184868260476,0.266284663254037,0,0,-4.73069783878387e-19,1.32974943570973e-24
0.14,0.00037201,0.4674786,-0,0,-0.453810486987728,-0.42936380474675,0.0135803819561703,0.26199102520657,0,0,-4.6382949844102e-17,7.77334070867477e-15
0.15,-0.007435728,0.4602363,-0,0,-0.49390818817214,-0.665769545163187,0.00864130007444892,0.255333329754938,0,0,-3.1517198704942e-15,2.9443924948778e-07
0.16,-0.01351141,0.4550504,-0,0,-0.51139490117173,-0.85854773437006,0.00352735106273162,0.246747852411237,0,0,-1.78340331939144e-14,0.0229770450900979
0.17,-0.02139994,0.4478459,-0,0,-0.539298197917991,-1.04585065342719,-0.00186563091644829,0.236289345876965,0,0,-2.53800072881142e-13,6.30689029678213
0.18,-0.02861176,0.4418329,-0,0,-0.55457755850506,-1.19848073433463,-0.00741140650149889,0.224304538533619,0,0,-1.03030749827165e-12,6.49967823584358
0.19,-0.03580702,0.4364047,-0,0,-0.564022709685456,-1.32362455367724,-0.0130516335983535,0.211068292996847,0,0,-2.41855041597567e-12,6.49999716834367
0.2,-0.04305069,0.4315016,-0,0,-0.568636358319034,-1.42324410238454,-0.0187379971815438,0.196835851973001,0,0,-3.68491830753016e-12,6.49999991225251
0.21,-0.04966295,0.4277919,-0,0,-0.562818973245925,-1.49292772607575,-0.024366186914003,0.181906574712244,0,0,-2.24740154123682e-12,6.49999999106762
0.22,-0.05706391,0.423831,-0,0,-0.560017423389596,-1.5474509312412,-0.029966361147899,0.166432065399832,0,0,-1.79487263767503e-12,6.49999999838862
0.23,-0.06494956,0.4199357,-0,0,-0.557306048316423,-1.58493288412068,-0.0355394216310632,0.150582736558625,0,0,-1.45098982818073e-12,6.49999999948144
0.24,-0.07171069,0.4173457,-0,0,-0.54053329368617,-1.59568102554052,-0.0409447545679249,0.13462592630322,0,0,-3.28213189801916e-13,6.49999999961221
0.25,-0.07870478,0.4148994,-0,0,-0.522999666726356,-1.59215905091402,-0.0461747512351885,0.118704335794079,0,0,-6.64181918714996e-14,6.4999999995498
0.26,-0.08519431,0.4132299,-0,0,-0.498412967857771,-1.5700819998512,-0.0511588809137662,0.103003515795567,0,0,-6.39987584391649e-15,6.49999999906638
0.27,-0.0920017,0.4111539,-0,0,-0.47481230494132,-1.54163656140811,-0.0559070039631794,0.0875871501814863,0,0,-6.14474934651149e-16,6.49999999760766
0.28,-0.09752348,0.4102931,-0,0,-0.438181684307552,-1.49335758779508,-0.0602888208062549,0.0726535743035355,0,0,-1.25672383691002e-17,6.4999999880035
0.29,-0.1026101,0.4091869,-0,0,-0.397426966070463,-1.44017952974518,-0.0642630904669595,0.0582517790060837,0,0,-1.13765593825423e-19,6.49999992512558
0.3,-0.1065388,0.4087632,-0,0,-0.346864317214765,-1.37479463984858,-0.0677317336391072,0.044503832607598,0,0,-1.68727790378577e-22,6.49999922437761
0.31,-0.1093898,0.4086413,-0,0,-0.288451374287998,-1.3021190075278,-0.0706162473819872,0.03148264253232,0,0,-2.80867528965982e-26,6.49998814139674
0.32,-0.1107844,0.4086389,-0,0,-0.21999780246198,-1.22495002737664,-0.072816225406607,0.0192331422585536,0,0,-1.15483609936906e-31,6.4997463110676
0.33,-0.1112032,0.4084431,-0,0,-0.14714576145522,-1.14702117228806,-0.0742876830211592,0.00776293053567299,0,0,-4.6277308324013e-39,6.49318620862001
0.34,-0.1098835,0.408217,-0,0,-0.0641390934570536,-1.06756480737027,-0.0749290739557297,-0.0029127175380297,0,0,-3.26372702949866e-50,6.26181892655109
0.35,-0.1069871,0.4076195,-0,0,0.0260587337084921,-0.990316800618679,-0.0746684866186448,-0.0128158855442165,0,0,-5.21945290843212e-55,2.48105922006489
0.36,-0.1020777,0.4067545,-0,0,0.125949192041831,-0.914760737501043,-0.0734089946982265,-0.0219634929192269,0,0,-9.95288857485438e-42,0.0757625669988196
0.37,-0.09682633,0.4042087,-0,0,0.219196959303842,-0.853720765839267,-0.0712170251051881,-0.0305007005776196,0,0,-8.79418711238217e-32,0.00246825605596066
0.38,-0.08971586,0.4010786,-0,0,0.319001547315247,-0.796765994934686,-0.0680270096320356,-0.0384683605269664,0,0,-3.05772910025486e-24,8.03020782731363e-05
0.39,-0.08068772,0.3973727,-0,0,0.424517970660207,-0.743893400788854,-0.0637818299254335,-0.045907294534855,0,0,-2.81891688375667e-18,2.6897942680911e-06
0.4,-0.07129781,0.3915296,-0,0,0.520727579351693,-0.708828286900971,-0.0585745541319166,-0.0529955774038647,0,0,-6.02503712107005e-14,2.51470459333956e-07
0.41,-0.06023101,0.3847114,-0,0,0.619259347538275,-0.680076378780172,-0.0523819606565338,-0.0597963411916664,0,0,-3.04755306305949e-10,3.34513001503409e-08
0.42,-0.04773705,0.3767195,-0,0,0.716935347417569,-0.659030479145277,-0.0452126071823582,-0.0663866459831192,0,0,-4.26586814588673e-07,7.37574772591635e-09
0.43,-0.03388492,0.36756,-0,0,0.81245221451294,-0.645108423394869,-0.0370880850372288,-0.0728377302170679,0,0,-0.000211539991852962,2.70449087763811e-09
0.44,-0.01783582,0.3579074,-0,0,0.912622733739195,-0.631864697075596,-0.0279618576998368,-0.0791563771878238,0,0,-0.0680912924523102,1.03082808163268e-09
0.45,-0.001971143,0.3464715,-0,0,0.995296029585837,-0.630627353353911,-0.0180088974039784,-0.085462650721363,0,0,-2.88178654449687,9.98038928156123e-10
0.46,0.01628857,0.3349769,-0,0,1.08404216147269,-0.625228637665566,-0.00716847578925154,-0.0917149370980186,0,0,-6.38714435280977,7.0146712423575e-10
0.47,0.03654275,0.3235448,-0,0,1.17409733033489,-0.614998458173211,0.00457249751409734,-0.0978649216797507,0,0,-6.4978747910368,3.37385624546547e-10
0.48,0.05762491,0.3115733,-0,0,1.25436532340919,-0.605692419857709,0.0171161507481893,-0.103921845878328,0,0,-6.49992243160309,1.73990676684202e-10
0.49,0.07910587,0.2989936,-0,0,1.32128343227057,-0.597885868831169,0.030328985070895,-0.10990070456664,0,0,-6.49999428002241,1.01068661012027e-10
0.5,0.1037061,0.2880684,-0,0,1.39941329463663,-0.571684131672518,0.0443231180172613,-0.115617545883365,0,0,-6.49999968031122,1.27631287404014e-11
0.51,0.1279625,0.2764118,-0,0,1.45666550620799,-0.549771065207803,0.0588897730793412,-0.121115256535443,0,0,-6.4999999576171,2.17048204368341e-12
0.52,0.1528337,0.2649445,-0,0,1.50282809477108,-0.523864561786628,0.073918054027052,-0.126353902153309,0,0,-6.499999991266,2.44233798702305e-13
0.53,0.1777657,0.2535927,-0,0,1.5336082000732,-0.4951452089618,0.089254136027784,-0.131305354242927,0,0,-6.49999999690629,1.93828517867306e-14
0.54,0.2026216,0.2424541,-0,0,1.54887688986125,-0.463211084033473,0.104742904926397,-0.135937465083262,0,0,-6.49999999816967,9.97328755615168e-16
0.55,0.226682,0.2310335,-0,0,1.54351689136091,-0.432904567916983,0.120178073840006,-0.140266510762432,0,0,-6.4999999979024,5.20502460197695e-17
0.56,0.2498247,0.2194296,-0,0,1.51827722298456,-0.403440039945965,0.135360846069851,-0.144300911161891,0,0,-6.49999999543542,2.56412350000074e-18
0.57,0.2716723,0.2075088,-0,0,1.4717551753475,-0.376120443249716,0.150078397823326,-0.148062115594388,0,0,-6.49999997963807,1.39149694416053e-19
0.58,0.2919949,0.1952322,-0,0,1.40413863776466,-0.351294382620949,0.164119784200973,-0.151575059420598,0,0,-6.49999980271736,8.91579960747186e-21
0.59,0.3105183,0.1825055,-0,0,1.31537665411405,-0.329741455900074,0.177273550742113,-0.154872473979599,0,0,-6.49999537646891,7.68964614671348e-22
0.6,0.3275447,0.1695359,-0,0,1.21066488378989,-0.309514689138481,0.189380199580012,-0.157967620870983,0,0,-6.49974925874898,7.25056183338506e-23
0.61,0.342942,0.1563175,-0,0,1.09104442889758,-0.290688583114854,0.200290643868988,-0.160874506702132,0,0,-6.46381746141165,7.67747258271659e-24
0.62,0.3566332,0.1428844,-0,0,0.958071835310442,-0.272971103745455,0.209871362222092,-0.163604217739586,0,0,-1.78687653131355,8.93220916709466e-25
0.63,0.3683732,0.1289937,-0,0,0.811795493914943,-0.258508194732325,0.217989317161242,-0.16618929968691,0,0,-0.00109932103761222,1.55750759697647e-25
0.64,0.3789864,0.115409,-0,0,0.661777051144004,-0.2404386302196,0.224607087672682,-0.168593685989106,0,0,-1.07706692965578e-07,1.60305302727105e-26
0.65,0.3883805,0.1020631,-0,0,0.5086959112651,-0.219788397076442,0.229694046785333,-0.17079156995987,0,0,-1.41397290369347e-12,1.10202436193084e-27
0.66,0.3959306,0.08833398,-0,0,0.348510200006405,-0.202360124738512,0.233179148785397,-0.172815171207255,0,0,-8.71672880474373e-19,1.16412437231964e-28
0.67,0.4037574,0.07620426,-0,0,0.201748522448685,-0.170675380965175,0.235196634009884,-0.174521925016907,0,0,-2.3547629079952e-25,1.55554075378758e-30
0.68,0.4111097,0.06490669,-0,0,0.0617588337785335,-0.132911151484972,0.235814222347669,-0.175851036531757,0,0,-1.45106385526652e-30,9.47008159677147e-33
0.69,0.4184766,0.05490342,-0,0,-0.0666669809656213,-0.0858409008572814,0.235147552538013,-0.17670944554033,0,0,-1.65705234126807e-30,2.99335409613864e-35
0.7,0.4247348,0.04508595,-9.48606430026397e-28,0,-0.193432889719713,-0.0403066223177504,0.233213223640816,-0.177112511763507,-2.59836854091792,0,-7.66540538868579e-26,5.93761125083324e-37
0.71,0.4314799,0.03692404,-1.08939261419455e-22,0,-0.303663739161006,0.0163203271953485,0.230176586249206,-0.176949308491554,-2.49874140931521,0,-7.27025917322432e-21,1.98301637786115e-37
0.72,0.4374173,0.02930027,-3.43843980839929e-18,0,-0.40934738444577,0.0728903773401299,0.226083112404748,-0.176220404718152,-2.40820543804521,0,-2.03274607733082e-16,6.76849697230967e-36
0.73,0.4429342,0.02255396,-1.59434446295253e-14,0,-0.506657448510456,0.131945985067993,0.221016537919643,-0.174900944867472,-2.3278052877577,0,-8.7091025940624e-13,6.98173203650601e-33
0.74,0.4479914,0.0165975,-1.54724774399574e-11,0,-0.595919427950633,0.192060593478754,0.215057343640137,-0.172980338932685,-2.25542996089036,0,-7.97124104125228e-10,2.71558807759024e-29
0.75,0.4524886,0.01130169,-4.60215661484082e-09,0,-0.678030184016638,0.251560198564452,0.208277041799971,-0.17046473694704,-2.18909592549507,0,-2.26132578671784e-07,8.86644404948829e-26
0.76,0.4563591,0.006545081,-5.48542627472699e-07,0,-0.753566402230103,0.30898851073545,0.20074137777767,-0.167374851839686,-2.12742274618298,0,-2.59028551586556e-05,1.26926834820955e-22
0.77,0.4595027,0.002217872,-3.24777751231776e-05,0,-0.823398342604627,0.363132761918887,0.192507394351623,-0.163743524220497,-2.06921619454645,0,-0.00148296987927153,6.69555301479579e-20
0.78,0.4619122,-0.001839672,-0.00106450268842635,0,-0.887546011319618,0.412474415702674,0.183631934238427,-0.15961878006347,-2.01387114655988,0,-0.0472483981840018,1.25277410828104e-17
0.79,0.463538,-0.005689778,-0.0191845755234253,0,-0.946444626065574,0.456514171972259,0.174167487977772,-0.155053638343748,-1.96076006746932,0,-0.831426890340126,9.35413395321242e-16
0.8,0.4643361,-0.009439847,-0.101841562130006,0,-1.00047994470152,0.494441343826143,0.164162688530756,-0.150109224905486,-1.90940841318582,0,-4.32615027122633,2.99156952349749e-14
0.81,0.4644083,-0.01319228,-0.147543396052139,0,-1.04876183340107,0.525605191225445,0.153675070196746,-0.144853172993232,-1.85975100480619,0,-6.16471228370964,4.37233778233986e-13
0.82,0.4633779,-0.0172079,-0.156591039733515,0,-1.09472552209188,0.548079467058974,0.142727814975827,-0.139372378322642,-1.81080458611942,0,-6.45412574103599,2.72527265026226e-12
0.83,0.4620621,-0.02095856,-0.159151938404404,0,-1.13103115651512,0.567058539679572,0.131417503410676,-0.133701792925846,-1.76377120803512,0,-6.49016157858233,1.20703193051282e-11
0.84,0.4603787,-0.02435086,-0.160612012225714,0,-1.15896100159874,0.583514761160291,0.119827893394688,-0.127866645314243,-1.71801914622581,0,-6.49688244203649,4.21436370923148e-11
0.85,0.4577585,-0.02850001,-0.161604149497499,0,-1.18402829699664,0.587804156103694,0.107987610424722,-0.121988603753206,-1.67265000045766,0,-6.49886552617918,5.39983685117111e-11
0.86,0.4548733,-0.03231805,-0.162210230704082,0,-1.20038177734192,0.59044887869247,0.0959837926513026,-0.116084114966282,-1.62810112887388,0,-6.49940061603731,6.07838766204401e-11
0.87,0.451583,-0.03619817,-0.162474905985315,0,-1.20988077664592,0.588136898120942,0.0838849848848434,-0.110202745985072,-1.5839959374615,0,-6.49957957450256,4.58664240101567e-11
0.88,0.448199,-0.03979663,-0.162410929895201,0,-1.21031246899152,0.584315899879558,0.0717818601949282,-0.104359586986277,-1.54018885473253,0,-6.49957353273744,3.06353145558442e-11
0.89,0.4442521,-0.04393344,-0.162024859794812,0,-1.20657958768566,0.571986307152416,0.0597160643180716,-0.0986397239147526,-1.49645601233099,0,-6.49948888532202,1.00087165189357e-11
0.9,0.4402658,-0.04802288,-0.16131016908861,0,-1.19447282471029,0.557095147601974,0.0477713360709687,-0.0930687724387328,-1.45258281011192,0,-6.49913565022287,2.56007219337437e-12
0.91,0.4363202,-0.05213585,-0.16024410473037,0,-1.17410891274763,0.539359548156284,0.0360302469434924,-0.08767517695717,-1.4083177520536,0,-6.49792443791858,4.89779486822308e-13
0.92,0.4326137,-0.05628394,-0.158726995564419,0,-1.14462052063105,0.519060791599857,0.0245840417371819,-0.0824845690411714,-1.36329916173655,0,-6.49251263379003,6.99195047278863e-14
0.93,0.4292749,-0.06042395,-0.156133356357455,0,-1.10589933461834,0.496953678677694,0.0135250483909985,-0.0775150322543945,-1.31715384607054,0,-6.45805328412741,7.75719890488951e-15
0.94,0.4265407,-0.06444632,-0.145825843981169,0,-1.05696933761489,0.474320071255208,0.00295535501484956,-0.0727718315418424,-1.26929124721207,0,-6.11688762264245,7.39768502204791e-16
0.95,0.4244531,-0.06836143,-0.0737763972638149,0,-0.998730712277114,0.45128724878502,-0.00703195210792158,-0.0682589590539922,-1.21931001267458,0,-3.14885144223599,6.04170781871065e-17
0.96,0.4230431,-0.07220686,-0.00435195492587869,0,-0.93217056732936,0.427736833784764,-0.0163536577812152,-0.0639815907161446,-1.16680716063913,0,-0.189739501367122,4.0925874612935e-18
0.97,0.4223502,-0.07601696,-7.08175990914176e-05,0,-0.858183240898253,0.403592930694229,-0.0249354901901977,-0.0599456614092023,-1.1113325288373,0,-0.00316858683379756,2.22337663957194e-19
0.98,0.4222162,-0.07959179,-5.68940480931201e-07,0,-0.779372015954986,0.380834286513744,-0.0327292103497476,-0.0561373185440648,-1.05300415168507,0,-2.62592525708347e-05,1.21088778337713e-20
0.99,0.4227415,-0.08339808,-1.97104141981215e-09,0,-0.69588486771141,0.355441163476932,-0.0396880590268617,-0.0525829069092955,-0.991230586875119,0,-9.44151070816088e-08,3.85792609559204e-22
1,0.423634,-0.08686558,-3.0792222340572e-12,0,-0.611331276362341,0.332808916722089,-0.0458013717904851,-0.0492548177420746,-0.926948013617055,0,-1.53998791455686e-10,1.43848384145434e-23
1.01,0.4248108,-0.09041677,-1.95766604582688e-15,0,-0.527179068801403,0.309183116566329,-0.0510731624784991,-0.0461629865764113,-0.860614214659679,0,-1.02860958613381e-13,3.65662038794843e-25
1.02,0.4260704,-0.09420624,-4.91994315192584e-19,0,-0.445803349398489,0.283481365047402,-0.055531195972484,-0.0433281729259373,-0.79354911409857,0,-2.73685559599097e-17,4.89621909805735e-27
1.03,0.4274502,-0.09775687,-3.66796073141583e-23,0,-0.367253239299974,0.26023810994143,-0.0592037283654837,-0.040725791826523,-0.726038295009695,0,-2.18649423127799e-21,6.98483786645883e-29
1.04,0.4288861,-0.1011179,-6.03861054193637e-28,0,-0.292443983763195,0.238984506526587,-0.0621281682031157,-0.0383359467612571,-0.659033072055943,0,-3.92947255224695e-26,1.01682889781523e-30
1.05,0.4302686,-0.1042506,-1.57010349813053e-33,0,-0.222574270036276,0.220043185064478,-0.0643539109034784,-0.0361355149106123,-0.59392757842866,0,-1.14386295360324e-31,1.68746524862337e-32
1.06,0.4315415,-0.1072468,-3.97048903850459e-40,0,-0.158237680243639,0.202553643715184,-0.0659362877059148,-0.0341099784734605,-0.531820176477216,0,-3.28628391145806e-38,2.77670395333503e-34
1.07,0.4327105,-0.1098542,-5.91011566380778e-48,0,-0.0993854103588081,0.188717083500013,-0.0669301418095029,-0.0322228076384604,-0.473266877009193,0,-5.49015074454165e-46,8.23166520258355e-36
1.08,0.4337885,-0.1120491,-2.38631170418355e-56,0,-0.0458707378554557,0.178523371430941,-0.0673888491880575,-0.030437573924151,-0.418642219828612,0,-2.37635571332545e-54,5.11422242493807e-37
1.09,0.4348121,-0.113757,-1.7774567989326e-60,0,0.0026898167946241,0.172374592755508,-0.0673619510201112,-0.0287138279965959,-0.367976187402026,0,-1.78214960903126e-58,8.58508737097563e-38
1.1,0.4357332,-0.1149013,-1.89631722334439e-56,0,0.0459433177111706,0.17062663117577,-0.0669025178429995,-0.0270075616848382,-0.321978967467517,0,-1.90400764534072e-54,4.82972957274603e-38
1.11,0.4365613,-0.1155174,-1.76535298804861e-50,0,0.0841129140129908,0.172596497906851,-0.0660613887028696,-0.0252815967057697,-0.28071583591574,0,-1.87369842832145e-48,7.85239188516457e-38
1.12,0.4370395,-0.1157362,-6.04898081085051e-46,0,0.115109535263759,0.176797836430669,-0.064910293350232,-0.023513618341463,-0.246862140568336,0,-7.34898665345496e-44,2.38303125351665e-37
1.13,0.4375679,-0.115014,-2.04455560356766e-42,0,0.142831671633731,0.187730048607517,-0.0634819766338947,-0.0216363178553878,-0.216196013086571,0,-3.24621141591821e-40,4.29410703058348e-36
1.14,0.4374619,-0.1142757,-2.20498265588512e-40,0,0.161374247717179,0.196666876671602,-0.0618682341567229,-0.0196696490886718,-0.195980550760973,0,-4.93797640053167e-38,4.05080289400981e-35
1.15,0.4369594,-0.1126894,-3.17816250827879e-39,0,0.173488071175405,0.210946486000164,-0.0601333534449689,-0.0175601842286702,-0.183297369045862,0,-1.0190901829686e-36,1.2488398084057e-33
1.16,0.4357077,-0.1106298,-5.66981709306387e-39,0,0.176568336269912,0.226726301467161,-0.0583676700822698,-0.0152929212139985,-0.181695070909067,0,-1.92544413526105e-36,4.33804047124515e-32
1.17,0.4336849,-0.1079066,-1.62232256500803e-39,0,0.171202507966274,0.245402880279807,-0.056655645002607,-0.0128388924112005,-0.190758432791736,0,-4.13742829623405e-37,2.17056893297478e-30
1.18,0.4307595,-0.1045069,-4.38252374818068e-41,0,0.157031689521297,0.266685976104741,-0.0550853281073941,-0.0101720326501531,-0.211089954782833,0,-7.45244388807245e-39,1.34495120086846e-28
1.19,0.4269118,-0.09999729,-6.25901037765175e-44,0,0.134774551325859,0.293945112905692,-0.0537375825941355,-0.00723258152109614,-0.241659897503172,0,-7.85596731299659e-42,1.70921539469582e-26
1.2,0.4216116,-0.09489182,-3.7492410273508e-49,0,0.100692101665405,0.321973856610388,-0.0527306615774814,-0.00401284295499226,-0.286578415929173,0,-3.92636319481565e-47,1.60557357025025e-24
1.21,0.415558,-0.08824585,-1.88200783303616e-56,0,0.0621962736412662,0.358692546405089,-0.0521086988410688,-0.000425917490941367,-0.335489341700445,0,-1.88214274490044e-54,3.54035061259803e-22
1.22,0.4079068,-0.08082231,-1.67807434158344e-65,0,0.0126122477790505,0.396423353712463,-0.0519825763632783,0.00353831604618326,-0.394914020635592,0,-1.6859131981961e-63,5.26914140522336e-20
1.23,0.3997844,-0.07128052,-1.40496488121508e-61,0,-0.0368640411520404,0.446428675496485,-0.0523512167747987,0.00800260280114811,-0.450056765900666,0,-1.35353702485149e-59,2.01375111793673e-17
1.24,0.3901765,-0.06060179,-4.79138931914334e-50,0,-0.0947048017818526,0.498720508246022,-0.0532982647926172,0.0129898078836083,-0.508979262888287,0,-4.1580445612283e-48,5.16580439420627e-15
1.25,0.3804499,-0.04733088,-6.28783280773929e-42,0,-0.14779421989095,0.565329409112941,-0.0547762069915267,0.0186431019747378,-0.557167803992561,0,-4.93470224306953e-40,2.75291851865405e-12
1.26,0.3697293,-0.03252607,-1.68609508261734e-35,0,-0.203765480864064,0.635295744460503,-0.0568138618001673,0.0249960594193428,-0.602350822973648,0,-1.20864634226913e-33,9.51712231337172e-10
1.27,0.3590723,-0.01515668,-4.97666769589674e-31,0,-0.252701776640333,0.716730252697056,-0.0593408795665707,0.0321633619463133,-0.63612609012566,0,-3.35824557259205e-29,4.00444615521669e-07
1.28,0.3500604,0.006457519,-8.91621609053959e-29,0,-0.281039623378658,0.822587972676137,-0.0621512758003572,0.0403892416730747,-0.64983799880676,0,-5.88448759923122e-27,0.000396413459210569
1.29,0.3400075,0.02877855,-1.97070157050692e-26,0,-0.313776870072291,0.919204273404398,-0.0652890445010802,0.0495812844071187,-0.665056783069459,0,-1.27098054901971e-24,0.101905013205797
1.3,0.3303546,0.0532367,-7.49018827654103e-25,0,-0.337705445821207,1.0190462727937,-0.0686660989592922,0.0597717471350557,-0.671997609230892,0,-4.7826455646528e-23,4.78896969661123
1.31,0.3213989,0.07971741,-5.13342014508465e-24,0,-0.35081027463159,1.12006028519589,-0.0721742017056081,0.0709723499870146,-0.670303182237105,0,-3.28571726052184e-22,6.47977056860562
1.32,0.3130816,0.107736,-9.1834955226385e-24,0,-0.354440939959424,1.21714883280264,-0.0757186111052024,0.083143838315041,-0.661767348276135,0,-5.95156756316718e-22,6.49968727526552
1.33,0.3046317,0.1362217,-1.25639296072349e-23,0,-0.356106976948384,1.30059760997013,-0.0792796808746862,0.0961498144147423,-0.652047561369478,0,-8.26335616357838e-22,6.49998886761379
1.34,0.2964603,0.1652559,-8.31193135177132e-24,0,-0.352377709521649,1.37163807760858,-0.0828034579699027,0.109866195190828,-0.63888008023417,0,-5.5832719450474e-22,6.4999992387965
1.35,0.2886249,0.1944839,-2.61851849938211e-24,0,-0.343241548898483,1.42770230663593,-0.0862358734588875,0.124143218257187,-0.622418123075628,0,-1.80915981065984e-22,6.49999990017296
1.36,0.2806793,0.2231531,-7.04998456335923e-25,0,-0.333119675580383,1.46310033430338,-0.0895670702146913,0.138774221600221,-0.605816986122033,0,-5.02069960434474e-23,6.49999997168821
1.37,0.2723889,0.2508388,-2.20822939615146e-25,0,-0.324209010404216,1.47563715775371,-0.0928091603187335,0.153530593177758,-0.590597783094039,0,-1.61925094117617e-23,6.49999998233823
1.38,0.2641057,0.2773979,-5.14166230049461e-26,0,-0.313396804875209,1.46592507766625,-0.0959431283674856,0.168189843954421,-0.574544853553482,0,-3.89322057161112e-24,6.49999997680818
1.39,0.2541947,0.3010988,-7.54544239458989e-26,0,-0.315157731460165,1.420903209334,-0.0990947056820873,0.182398876047761,-0.567749246083193,0,-5.79329398069037e-24,6.49999989832022
1.4,0.245873,0.3253203,-9.57097793144328e-27,0,-0.300365312562006,1.37326685993763,-0.102098358807707,0.196131544647137,-0.549648689518769,0,-7.6303666919074e-25,6.4999994919252
1.41,0.2357342,0.3459328,-1.07526333727459e-26,0,-0.300215799766672,1.2877319990063,-0.105100516805374,0.2090088646372,-0.542294421429433,0,-8.70588460551885e-25,6.49998905245717
1.42,0.2255097,0.3650205,-9.38687177023407e-27,0,-0.298355446308074,1.18629501359026,-0.108084071268455,0.220871814773103,-0.533938957164575,0,-7.73480637513182e-25,6.49945894095221
1.43,0.2151743,0.3823184,-6.73669616632386e-27,0,-0.295156267339408,1.06878098423645,-0.111035633941849,0.231559624615467,-0.524889902772062,0,-5.65732312668575e-25,6.42663363022459
1.44,0.2045621,0.3975573,-5.032370613717e-27,0,-0.292193125276251,0.93512029532463,-0.113957565194611,0.240910827568713,-0.516256087313454,0,-4.30253057631826e-25,0.964378660114909
1.45,0.1935783,0.4105071,-4.42470801115121e-27,0,-0.290281577525134,0.785712235724947,-0.116860380969863,0.248767949925963,-0.508574041205056,0,-3.84299631836663e-25,0.000410482637143946
1.46,0.1819755,0.4208421,-6.22608511676697e-27,0,-0.291485345041401,0.620217824557578,-0.119775234420277,0.254970128171539,-0.50319013539413,0,-5.46660225829189e-25,1.36615708432379e-08
1.47,0.1716479,0.431045,-1.13723349653369e-27,0,-0.279039578777011,0.462827004291231,-0.122565630208047,0.259598398214451,-0.488748540282752,0,-1.0270748942694e-25,1.13171207962971e-13
1.48,0.1610895,0.4390247,-2.25001630814745e-28,0,-0.26731628643588,0.295872564781735,-0.125238793072406,0.262557123862268,-0.475217430663159,0,-2.08302828372406e-26,4.72240792723946e-20
1.49,0.1502748,0.4447699,-5.04498459626379e-29,0,-0.256551814859797,0.121346850695115,-0.127804311221004,0.26377059236922,-0.462723991561289,0,-4.7694619894006e-27,9.09076866866907e-27
1.5,0.1408806,0.4504596,-1.20114364570066e-30,0,-0.232157743779563,-0.0398612686388127,-0.130125888658799,0.263371979682831,-0.441302613292691,0,-1.17041268648352e-28,1.22262329493867e-28
1.51,0.1320473,0.4551659,-1.0549720502251e-32,-6.17237444688893e-25,-0.202970912867634,-0.19574027487559,-0.132155597787476,0.261414576934075,-0.417026567695845,2.95118715500834,-1.05169380839501e-30,3.2517847189409e-24
1.52,0.123867,0.4590398,-3.00055641946397e-35,1.49484704102667e-20,-0.168821588257666,-0.344261243888237,-0.133843813670052,0.257971964495193,-0.389674120112998,-3.12942234403887,-3.01541917933205e-33,3.13357796844576e-18
1.53,0.1162367,0.4620517,-3.70896459889485e-38,3.10657998718971e-15,-0.131288176885313,-0.485194168353566,-0.135156695438905,0.253120022811657,-0.360227403596366,-2.93040111549026,-3.71381541510428e-36,5.27499839870335e-13
1.54,0.1092341,0.4643738,-2.87712490250028e-41,8.45767084460561e-11,-0.0902684038683272,-0.616632425141542,-0.136059379477589,0.246953698560242,-0.328454687596334,-2.74830045884621,-2.88161984567275e-39,8.49834542221331e-09
1.55,0.102709,0.4659579,-6.4795065583765e-44,2.67322867685112e-07,-0.0476764248735488,-0.738820036630404,-0.136536143726324,0.239565498193938,-0.295600441218181,-2.58827232318879,-6.67487527502163e-42,2.11487816977274e-05
1.56,0.09659167,0.4668278,-3.49265588962702e-45,0.0001979707454584,-0.00457231790807278,-0.851424509616287,-0.136581866905405,0.231051253097775,-0.262323482702718,-2.45120828367599,-3.93302358108401e-43,0.0123276849946074
1.57,0.09062379,0.4668636,-1.37783542918875e-44,0.0325473084166035,0.0364338233222519,-0.955458896763318,-0.136217528672182,0.221496664130142,-0.230535218077985,-2.33383249502812,-1.88262499494838e-42,1.78737645391252
1.58,0.08497445,0.4662271,-1.25994757111429e-42,0.124050426423729,0.0766874868444258,-1.04946982421268,-0.135450653803738,0.211001965888015,-0.199122426487109,-2.23412077698275,-2.63502885470512e-40,6.29108261681534
1.59,0.07926216,0.4647344,-1.79260938664224e-40,0.135831483613037,0.1126389402211,-1.1352060524899,-0.134324264401527,0.199649905363116,-0.170875704032788,-2.14749396141241,-1.0050039043839e-37,6.49465331060718
1.6,0.07352313,0.4625196,1.41736124313794e-38,0.142137332733831,0.144708731348208,-1.21156429450965,-0.132877177088045,0.18753426241802,-0.145485177309845,-2.0719297618642,-2.99737559591792e-35,6.49975536998493
1.61,0.06764188,0.4595059,4.5344821834731e-36,0.147085329334445,0.171991851957195,-1.27943891489131,-0.131157258568473,0.174739873269107,-0.12374019174141,-2.00466781683361,-3.67462787521735e-33,6.49998174930726
1.62,0.06235024,0.4566352,-2.06169661149327e-36,0.150839257027118,0.201058926877455,-1.33087341191851,-0.129146669299699,0.161431139149921,-0.100132431894427,-1.94691086854731,-5.36403833864014e-31,6.49999719782562
1.63,0.05613719,0.4524103,-1.69854322112537e-32,0.153967158888566,0.218410736498287,-1.37988380852497,-0.126962561934716,0.147632301064672,-0.0861710738830596,-1.89175065784616,-8.65565258672774e-30,6.49999950201866
1.64,0.04962845,0.4476301,-1.89393067924119e-31,0.156438979195532,0.230371731248608,-1.41937013881066,-0.12465884462223,0.133438599676565,-0.0766503648784505,-1.84082969099089,-5.2814246589473e-29,6.49999987040434
1.65,0.04284506,0.4425746,-6.39131656876148e-31,0.158364914607408,0.237504683652231,-1.44742215760706,-0.122283797785707,0.118964378100495,-0.071212325630153,-1.79356432356169,-1.41110247526574e-28,6.49999994870741
1.66,0.03586146,0.4373318,-9.78881798600445e-31,0.159850904572293,0.240823491547461,-1.46404569280856,-0.119875562870233,0.104323921172409,-0.0690824725570405,-1.74894311079315,-2.00121271938186e-28,6.49999996978713
1.67,0.02774566,0.4310887,-1.40095167937371e-31,0.160995751427978,0.232539263375276,-1.47714644415607,-0.11755017023648,0.0895524567308483,-0.0774244540211235,-1.70495328669067,-4.05944462810194e-29,6.49999997995974
1.68,0.02020983,0.425936,-4.49285369734404e-32,0.161782691188889,0.228599062193535,-1.46879400673491,-0.115264179614545,0.0748645166634992,-0.0819469932442017,-1.6633994976416,-1.68318275797906e-29,6.4999999726663
1.69,0.01264834,0.4213515,-9.43860608609833e-33,0.162278225919025,0.223396179426231,-1.44542896661044,-0.113030217820282,0.0604102269973948,-0.0877222745430265,-1.62227377044818,-5.51352815112642e-30,6.49999993775173
1.7,0.004891057,0.4172121,-5.51652388261299e-34,0.162492270868214,0.215603282962659,-1.4095884397328,-0.110874184990656,0.0463143426000669,-0.0960171520880155,-1.58040195640783,-1.10473396320431e-30,6.49999977788288
1.71,-0.001990193,0.4147036,-2.09874095272815e-34,0.162402848169398,0.214817268262456,-1.35234028896088,-0.108726012308031,0.0327909397104581,-0.0978468799930249,-1.5367349996121,-7.80880640744409e-31,6.49999821255677
1.72,-0.01028145,0.4113028,4.1470788119866e-35,0.161955173748687,0.200577927399316,-1.29783253557769,-0.106720233034038,0.0198126143546812,-0.112508033489038,-1.49012425773399,-4.30044451398856e-32,6.49998589251656
1.73,-0.01676939,0.4103663,4.4638207078674e-35,0.161004958391128,0.202076548681106,-1.21714618105258,-0.104699467547227,0.00764115254415539,-0.112280242819595,-1.43744132101107,-4.6828437664485e-32,6.49964898557927
1.74,-0.02393832,0.409236,1.46585196411467e-35,0.159140141201182,0.196355854992767,-1.13618517964968,-0.102735908997299,-0.00372069925234142,-0.119052102936045,-1.37830852258666,-1.23658950300449e-32,6.4890451015126
1.75,-0.03023087,0.4091749,1.53850292819741e-35,0.140951795327769,0.197613999571143,-1.04463861951945,-0.100759769001588,-0.0141670854475359,-0.119100492538806,-1.30797266278399,-1.29683504645596e-32,5.84467084639067
1.76,-0.03593656,0.4100455,3.18808653959461e-35,0.00876083970270992,0.202720055400743,-0.945299595529743,-0.0987325684475803,-0.0236200814028334,-0.1153492036571,-1.22132627726564,-2.94312072688893e-32,0.373639485460766
1.77,-0.04068665,0.4117539,1.11325850984514e-34,2.52438388972228e-05,0.214502026984825,-0.840404288292662,-0.0965875481777321,-0.03202412428576,-0.104835255603437,-1.11075649104548,-2.4487587016648e-31,0.00112980819480913
1.78,-0.04463769,0.4143955,-6.65956073280816e-33,2.15790775715314e-08,0.230928851532646,-0.730395595183346,-0.0942782596624056,-0.0393280802375934,-0.0893547421394222,-0.963390825254386,-4.57674876879381e-30,1.05257603175096e-06
1.79,-0.04738996,0.4175969,-1.56504602043656e-30,5.32893822008984e-12,0.254939792430678,-0.619777154811507,-0.0917288617380988,-0.0455258517857085,-0.0655805126647486,-0.766705936887131,-2.86133969504453e-28,3.04170274958545e-10
1.8,-0.04880432,0.4216788,-3.99677589360195e-28,1.62766576733631e-16,0.28689734836496,-0.506656705930816,-0.0888598882544492,-0.0505924188450167,-0.0326048068484438,-0.501739089177278,-4.94104990100881e-26,1.43326613999609e-14
1.81,-0.0494912,0.4258732,1.29823427869805e-26,4.53163737553782e-22,0.32056436871525,-0.398749314875304,-0.0856542445672967,-0.0545799119937697,0.00344953902972954,-0.19192144036624,-7.20137264808513e-24,1.12059086203443e-19
1.82,-0.04924234,0.4302589,3.81159487418077e-23,-6.91877101972472e-27,0.35733925948556,-0.295730742333153,-0.0820808519724412,-0.0575372194171012,0.0444622680912731,0.118379662017885,-1.05975694095006e-21,5.76948763028898e-26
1.83,-0.04876368,0.4340564,5.34509885469782e-21,-6.36438023957346e-34,0.390540305404242,-0.20469340429723,-0.0781754489183987,-0.0595841534600735,0.0832920244075927,0.365707170926878,-6.64906773918221e-20,1.78311596476064e-33
1.84,-0.04685729,0.4381173,9.11225384349025e-19,-4.73031620870004e-44,0.430615710893504,-0.117913199851992,-0.0738692918094637,-0.0607632854585935,0.132066260271965,0.561914611584902,-6.7966874766717e-18,8.87312919213652e-44
1.85,-0.04422639,0.4419734,8.67797492057005e-17,-5.87670151353392e-57,0.470554976143094,-0.0397194514766603,-0.0691637420480327,-0.0611604799733601,0.183280850564703,0.705975413420766,-4.73693672903211e-16,9.05961822926816e-57
1.86,-0.0417209,0.4445412,2.54306261368013e-15,-1.2625509686084e-59,0.502685803552049,0.0206795776880071,-0.0641368840125122,-0.06095368419648,0.228020397965683,0.799517421053933,-1.12996778915103e-14,1.7610741775162e-59
1.87,-0.03911625,0.4460287,3.60161464230204e-14,-1.95263677706747e-52,0.529384070900862,0.0661786957181274,-0.0588430433035036,-0.0602918972392987,0.268923023468422,0.862496201856304,-1.36389012288617e-13,2.57122062690975e-52
1.88,-0.03648274,0.4462748,2.63267960155421e-13,-2.45334580383181e-47,0.550302295778061,0.0963442947056947,-0.053340020345723,-0.0593284542922418,0.30540525331197,0.902591636452492,-8.80055227099266e-13,3.12560489817644e-47
1.89,-0.03394825,0.4451657,9.92251690640033e-13,-4.63881212013864e-45,0.564667651913574,0.111306205117109,-0.0476933438265873,-0.0582153922410707,0.336218550629019,0.924340486608239,-3.01814187789971e-12,5.81143197905727e-45
1.9,-0.03165692,0.4424337,1.88272590408197e-12,-2.35762692003118e-45,0.571683144631164,0.109966937670409,-0.0419765123802756,-0.0571157228643666,0.359835638792957,0.928134692510393,-5.35873086122051e-12,2.94517854128859e-45
1.91,-0.02902095,0.4381561,3.07293517484206e-12,-5.71251348514845e-48,0.577023539740349,0.0944298576642719,-0.0362062769828721,-0.0561714242877239,0.38321936502699,0.915597776030143,-8.22721588902304e-12,7.2044049608667e-48
1.92,-0.02628439,0.4323532,3.61670266365447e-12,-3.40266314285861e-53,0.578670231894856,0.0662315364599282,-0.0304195746639236,-0.0555091089231246,0.403498487085335,0.885842216887002,-9.21366293730969e-12,4.39382877638856e-53
1.93,-0.02309603,0.4250397,4.15148801269801e-12,-1.24374276547586e-60,0.579968037449567,0.0268223943445864,-0.0246198942894279,-0.0552408849796787,0.425158288920324,0.836182264655182,-1.00615325183041e-11,1.67616110859977e-60
1.94,-0.01907473,0.4164338,6.24108269160259e-12,-1.80107924068871e-61,0.58423238919832,-0.0206343043010273,-0.0187775703974447,-0.055447228022689,0.453416947152597,0.765049183872276,-1.42365551376917e-11,2.60100147521969e-61
1.95,-0.01457356,0.4058688,9.09749634379496e-12,-1.83892930445657e-50,0.588104377170024,-0.0808240859739442,-0.0128965266257445,-0.0562554688824284,0.483887871921424,0.65636983207341,-1.95368157056215e-11,3.01358957032559e-50
1.96,-0.007763049,0.3954865,5.03603728185912e-11,-4.77835632662129e-42,0.607431320786808,-0.133691523482261,-0.00682221341787638,-0.0575923841172511,0.542161454353688,0.542143846259372,-9.75308268315322e-11,9.25431213639314e-42
1.97,5.207609e-05,0.3831933,3.29254821205564e-10,-1.29568655371564e-34,0.629408769670659,-0.197528482430623,-0.000528125721169794,-0.0595676689415573,0.609729103300721,0.383916588739425,-5.74857877607643e-10,3.46286484724307e-34
1.98,0.01058833,0.3714785,7.62341526351868e-09,-4.86611890393113e-30,0.668497845696267,-0.249412903844267,0.00615685273579288,-0.06206179798,0.708518270899371,0.241356911267277,-1.17174978123388e-08,2.04703389369579e-29
1.99,0.02318844,0.3591107,2.91442191905668e-07,-1.55858499230929e-26,0.717209429851753,-0.300600661714711,0.0133289470343104,-0.0650678045971471,0.824048729842039,0.0968329976914599,-3.97156953946304e-07,1.6202026805961e-25
2,0.03821093,0.3466584,1.84135871097821e-05,1.15982695769447e-24,0.777429454199647,-0.345850240819476,0.0211032415763069,-0.0685263070053418,0.952777912603417,-0.0276626892510085,-2.25922053395231e-05,1.49765448342555e-22
2.01,0.05585032,0.3346012,0.00168941446066179,-2.09394015159452e-23,0.849371425451042,-0.381188084310481,0.0295969558308173,-0.0723381878484466,1.08619077231009,-0.118185829534285,-0.00190916457867798,1.79476243327744e-20
2.02,0.07657889,0.3233911,0.219425353020484,4.67290114890506e-22,0.935545496626923,-0.403295555336208,0.0389524107970865,-0.0763711434018087,1.21695890205429,-0.168719001736451,-0.233909512151087,2.99649084388295e-19
2.03,0.09874421,0.312206,4.65921668700537,1.23167460054052e-20,1.01973979897369,-0.420228439829835,0.0491498087868234,-0.0805734278001071,1.33071154723637,-0.202868986053151,-4.7967300370071,2.39427640117451e-18
2.04,0.1226353,0.3013759,6.39415602351252,4.76307833716333e-20,1.1039706649013,-0.429448689440438,0.0601895154358364,-0.0848679146945115,1.43074794824397,-0.216982827108737,-6.45734681597547,7.48909684053645e-18
2.05,0.1476545,0.2908489,6.48967309195493,6.85342914833474e-20,1.18240369170186,-0.431989952374211,0.072013552352855,-0.0891878142182536,1.51825230646766,-0.215628245750409,-6.49863750693638,1.09596917760386e-17
2.06,0.1733154,0.280422,6.49783012612773,5.29531365694671e-20,1.25071504065749,-0.430147603143187,0.0845207027594299,-0.0934892902496854,1.59615897409822,-0.205160040664543,-6.49991955128404,9.88371897346833e-18
2.07,0.199006,0.2698169,6.46958071141926,3.03825895160421e-20,1.30394139358728,-0.426700765993974,0.0975601166953027,-0.0977562979096252,1.66758878296897,-0.192038839835123,-6.49999024112657,7.49016937707178e-18
2.08,0.2242998,0.2590583,6.41206531258571,1.11854548590359e-20,1.33927013743638,-0.421588914596494,0.110952818069666,-0.10197218705559,1.73551068837959,-0.176347839360315,-6.49999751549484,4.72807606534869e-18
2.09,0.2489306,0.2481177,6.32656972054275,1.59320093325462e-21,1.35565079100743,-0.415226637224981,0.124509325979741,-0.10612445342784,1.80237398427149,-0.159074731020566,-6.49999869887475,2.59536034581716e-18
2.1,0.2722853,0.2367137,6.2093913512287,-8.10856888209929e-22,1.34926331102542,-0.410183097854121,0.138001959089995,-0.110226284406381,1.87102131702084,-0.145225485513447,-6.49999843293221,1.65511105905862e-18
2.11,0.2939048,0.2248778,6.05171576373089,-1.25310362320655e-21,1.31812158859016,-0.406096209095896,0.151183174975897,-0.11428724649734,1.94444014575674,-0.133873963017584,-6.49999528761872,1.18013434945816e-18
2.12,0.3145027,0.2130051,5.84806824707698,-7.42472229238109e-22,1.27074831126066,-0.399499086224674,0.163890658088503,-0.118282237359587,2.02258185349749,-0.118503398603765,-6.49997303367513,6.32475807468061e-19
2.13,0.3334372,0.2007895,5.58023670933892,-1.52060232251957e-22,1.20332422278348,-0.393281546224317,0.175923900316338,-0.12221505282183,2.1092336598859,-0.104543811331282,-6.49963344706374,3.53998046354785e-19
2.14,0.3506369,0.188235,5.2181887883225,2.22942976612074e-22,1.11744554317408,-0.387409733889257,0.187098355748079,-0.126089150160723,2.20700529501922,-0.0918348005034449,-6.48739440055521,2.06357260879855e-19
2.15,0.3659174,0.1752045,3.96869406053532,3.75448180974139e-22,1.01373674413055,-0.383064793072093,0.197235723189384,-0.129919798091443,2.31950797639096,-0.0823215797918234,-5.4181297210352,1.44104117356298e-19
2.16,0.3797059,0.1621683,0.0689211066617167,3.65586490424494e-22,0.898198756735866,-0.376085123321859,0.206217710756743,-0.133680649324662,2.4466752290614,-0.0687777221083614,-0.107651276504128,7.39649258273396e-20
2.17,0.390804,0.1479811,2.85381212607871e-05,4.64327478386029e-22,0.762335342419426,-0.376594976383076,0.213841064180937,-0.137446599088493,2.59956581813184,-0.0681933125340314,-5.52808880828557e-05,9.21185091719609e-20
2.18,0.4012943,0.1345402,3.20398795398665e-09,2.74621701372595e-22,0.626939497492391,-0.367601841241269,0.220110459155861,-0.141122617500906,2.76094690354926,-0.0522160331451347,-8.63423837155358e-09,3.75385087844948e-20
2.19,0.411684,0.1223241,1.02110639167175e-13,1.89983769882493e-23,0.49737005299453,-0.345861928929002,0.225084159685806,-0.144581236790196,2.92059229011102,-0.0164808835465755,-4.67489335250387e-13,3.21138228098588e-21
2.2,0.4201073,0.1095586,6.82482998673185e-20,-2.91634656404718e-24,0.357939249690787,-0.327887067065467,0.228663552182714,-0.14786010746085,3.09224463741398,0.0120943709335515,-1.65683653719229e-18,4.06411499722039e-22
2.21,0.4277625,0.09746727,1.18361927409016e-27,-8.22773712479899e-25,0.220913271172439,-0.302948288808288,0.230872684894439,-0.150889590348933,-3.02628435937708,0.0505069818394419,-1.0941447369903e-24,1.93797622757165e-23
2.22,0.4341073,0.08524931,-2.07969432889251e-32,-7.56064904749345e-26,0.0824168245929577,-0.278706702475187,0.231696853140368,-0.153676657373685,-2.86808497130885,0.0866486255381377,-2.25155978861106e-30,8.96396327815282e-25
2.23,0.4407459,0.0745765,-2.39210913790193e-33,-7.37598605207067e-28,-0.0424994972849433,-0.240887587360861,0.231271858167519,-0.156085533247294,-2.73475153442594,0.141930046339314,-2.39686498272501e-31,5.12522724277698e-27
2.24,0.4475065,0.06517366,6.38136585273715e-30,-9.96011192210411e-31,-0.155561904787117,-0.193296905822464,0.229716239119648,-0.158018502305518,3.13001093485277,0.209528602839723,-9.35012599990921e-28,4.79687389511181e-30
2.25,0.4532395,0.05597533,1.35602599531802e-25,-1.01461726749511e-33,-0.266896583791119,-0.146286062372329,0.227047273281736,-0.159481362929242,-3.01659770896129,0.273817722386474,-1.10022109346881e-22,3.775073778148e-33
2.26,0.4578484,0.04699571,-6.72050303774694e-20,-1.45399452024758e-36,-0.376651611164259,-0.10002393844503,0.223280757170094,-0.160481602313692,-2.87964786864376,0.334716248547463,-7.5794965427814e-18,4.44209510909304e-36
2.27,0.4625995,0.03911537,-4.58730029720125e-16,-4.32440526690418e-39,-0.473178776248069,-0.0472062797156347,0.218548969407613,-0.160953665110848,-2.75766722762536,0.401707887211369,-4.60922552272387e-14,1.10636706847155e-38
2.28,0.4667335,0.03176373,-7.21385872798089e-13,-6.45131620703595e-40,-0.563466317350592,0.0063084070725381,0.212914306234107,-0.160890581040123,-2.64271675915463,0.466682492713968,-6.38847349311269e-11,1.43259462714201e-39
2.29,0.4701423,0.02475741,-3.97576818761535e-10,-1.31658117046767e-38,-0.648310517602805,0.0584899351341974,0.206431201058079,-0.160305681688781,-2.53402076359341,0.527350861285872,-2.82208829362059e-08,2.61407977166187e-38
2.3,0.4730696,0.01835853,-7.03534017442879e-08,-9.43324018248103e-36,-0.725431529043746,0.111324222350556,0.199176885767642,-0.159192439465275,-2.43351919953179,0.586208162604817,-4.28384681697531e-06,1.70456247918746e-35
2.31,0.4749238,0.01186452,-6.77219169825985e-06,-1.09918719289293e-32,-0.800035229788701,0.158320871795675,0.191176533469755,-0.157609230747319,-2.33599070398593,0.636876398404472,-0.000372619772363869,1.84828515874909e-32
2.32,0.4760509,0.005566414,-0.000329427322526825,-8.85193541842951e-30,-0.868780013288134,0.202138418943349,0.182488733336873,-0.155587846557885,-2.24409229863388,0.682926943907403,-0.0168289427356008,1.40287652236647e-29
2.33,0.4764014,-0.0006113686,-0.00876425023466327,-3.07237030826231e-27,-0.932079767851228,0.242075431036323,0.173167935658361,-0.153167092247522,-2.15691881945253,0.724302268121624,-0.421581826416218,4.63756644585439e-27
2.34,0.4761208,-0.006682411,-0.0746107261122654,-4.40567997746145e-25,-0.988666069935483,0.27805246015474,0.163281274959006,-0.150386567645974,-2.07464634122488,0.761498642530745,-3.41693962979974,6.38606648785927e-25
2.35,0.4750832,-0.01255209,-0.136326175467864,-3.15608096014502e-23,-1.03977789380679,0.310956758257152,0.152883496020938,-0.147277000063403,-1.99591641788631,0.795702334682661,-6.00007877939974,4.41870991402517e-23
2.36,0.4736147,-0.01826949,-0.150493933612818,-1.15576751043254e-21,-1.08267685657903,0.34038519302076,0.142056727455148,-0.143873148133195,-1.92137673448641,0.826926643883061,-6.42105280685509,1.57081586006942e-21
2.37,0.4715199,-0.0239127,-0.155655168584255,-2.17962366757901e-20,-1.11943636583511,0.365745775254453,0.130862363796797,-0.140215690380651,-1.849464111199,0.85503564768656,-6.48361380215586,2.88868132412253e-20
2.38,0.4685055,-0.02989123,-0.158786103290735,-1.54564219082719e-19,-1.15284020819998,0.383676368595484,0.119333961714797,-0.136378926694696,-1.77900950469822,0.877921601835511,-6.49594053211311,2.00895249991539e-19
2.39,0.4663492,-0.03471356,-0.160754362987841,-2.01208040857469e-18,-1.16754619165618,0.407511916097235,0.107658499798235,-0.132303807533724,-1.71298163229092,0.90507237617677,-6.49772420665132,2.55841732877506e-18
2.4,0.4629242,-0.04037629,-0.161987864914605,-6.52642716676886e-18,-1.18344655146857,0.419392559813387,0.0958240342835496,-0.12810988193559,-1.64668560190127,0.924428123042851,-6.49878535558229,8.17566567062908e-18
2.41,0.4601053,-0.04537927,-0.162458986954355,-2.54937719319532e-17,-1.18410028948576,0.433160356253079,0.083983031388692,-0.123778278373059,-1.58190738966807,0.945298112904476,-6.49877276826681,3.14473402065432e-17
2.42,0.4574577,-0.05027667,-0.162211413763092,-6.98681015744946e-17,-1.17457368757107,0.443783348315879,0.0722372945129813,-0.1193404448899,-1.51710399406834,0.964469471307331,-6.49810423566466,8.50219947269165e-17
2.43,0.4549129,-0.05517988,-0.161205116083602,-1.26094392598857e-16,-1.15640530378807,0.450494160135655,0.0606732414751006,-0.114835503288544,-1.45150861884439,0.981532069328325,-6.49576084566286,1.51669851860057e-16
2.44,0.4526201,-0.06011527,-0.159250090030347,-1.52469953703718e-16,-1.12918260790046,0.45335179178293,0.049381415396096,-0.110301985370714,-1.38435551362947,0.996558883449424,-6.48577644312265,1.81590676946321e-16
2.45,0.4505599,-0.06513799,-0.155374327518504,-1.21657932016375e-16,-1.09405403917421,0.452191359579263,0.0384408750043539,-0.105780071774922,-1.31500813826363,1.00944678796719,-6.43035331585794,1.43707045437868e-16
2.46,0.4487304,-0.07031282,-0.142488893129843,-6.22154021805083e-17,-1.05197951164447,0.446809681299156,0.0279210798879092,-0.10131197496193,-1.24292672499532,1.02002361231683,-6.02978952122223,7.30095868591276e-17
2.47,0.4471257,-0.07569472,-0.0821343624172018,-1.98467096388201e-17,-1.00391926599968,0.437136947294473,0.0178818872279124,-0.0969406054889853,-1.16769510998391,1.02813877336275,-3.57956833166911,2.31752813187588e-17
2.48,0.4457159,-0.0812925,-0.0107968941091644,-3.97916603058045e-18,-0.951005007775183,0.423538319216787,0.00837183715016056,-0.0927052222968175,-1.08913434164187,1.03383967336656,-0.488603869890771,4.63068000889729e-18
2.49,0.4445398,-0.08685995,-0.000495654317801005,-6.46609078580775e-19,-0.893712695418662,0.408568302823628,-0.000565289804026054,-0.0886195392685812,-1.00695797876646,1.03848858016586,-0.0235093406789949,7.50410184886306e-19
2.5,0.4432397,-0.09305897,-1.66913664782766e-05,-4.26575583761285e-20,-0.835934359439572,0.386767945035272,-0.00892463339842177,-0.0847518598182285,-0.923249083783639,1.03850755081218,-0.000836958119257678,4.95048856940601e-20
2.51,0.4421413,-0.0991727,-3.65800314995896e-07,-2.44681089311379e-21,-0.775326691929549,0.365046722920384,-0.0166779003177173,-0.0811013925890246,-0.836657784236019,1.0378120797169,-1.95961846714404e-05,2.84073385139255e-21
2.52,0.4410998,-0.1053157,-5.49946570577281e-09,-1.07060848507364e-22,-0.713832615537773,0.342574540494283,-0.023816226473095,-0.0776756471840818,-0.748732757083131,1.03577210861722,-3.19750944415527e-07,1.2444710217348e-22
2.53,0.4404567,-0.1111123,-4.32138014100263e-11,-5.71760459027854e-24,-0.649036509685856,0.322809234780514,-0.0303065915699536,-0.0744475548362766,-0.657510104850433,1.03466925386871,-2.8184954522306e-09,6.65047265583489e-24
2.54,0.4395615,-0.1168402,-2.593825939678e-13,-2.65953888405441e-25,-0.587317620901535,0.303278127519953,-0.0361797677789689,-0.0714147735610771,-0.569423750660643,1.03291090554627,-1.98466914682879e-11,3.09670244835144e-25
2.55,0.4387579,-0.1220359,-9.21358274856667e-16,-2.09310897553853e-26,-0.525900523261516,0.288086104064222,-0.0414387730115841,-0.0685339125204349,-0.482442069618369,1.03352063405076,-8.41969023027216e-14,2.43627932936862e-26
2.56,0.4378637,-0.1264731,-2.35734748529022e-18,-4.05994134602191e-27,-0.466785101392931,0.278910557562578,-0.0461066240255134,-0.0657448069448091,-0.399279652944518,1.03810585931749,-2.36689374812207e-16,4.71275263320979e-27
2.57,0.4374067,-0.1299861,-2.41000424564726e-21,-2.51847925280575e-27,-0.40565433194929,0.276723073735636,-0.0501631673450063,-0.0629775762074528,-0.315236099241619,1.04774792907799,-2.42935438759174e-19,2.90704201382959e-27
2.58,0.4371053,-0.1325057,-7.49371896418325e-25,-5.18962988661677e-27,-0.345562965268815,0.281527393255259,-0.0536187969976944,-0.0601623022749002,-0.234037032762299,1.06262579055061,-9.94431717254349e-23,5.94000667748463e-27
2.59,0.4370343,-0.1338194,-3.33993258526614e-30,-4.1306626025968e-26,-0.286221103324556,0.294503977333556,-0.05648100803094,-0.0572172625015646,-0.155431340698813,1.08347836310365,-1.15548120870725e-26,4.67464983212422e-26
2.6,0.4371603,-0.1339633,-8.04300869311078e-34,-9.22099331427705e-25,-0.228289249767214,0.314538034417192,-0.0587639005286121,-0.0540718821573927,-0.0802395213220764,1.10912619458448,-2.71495469140382e-31,1.029878400223e-24
2.61,0.4371061,-0.133331,-8.38373223708634e-39,-2.66612650294274e-23,-0.175327464902298,0.337489218497155,-0.0605171751776351,-0.0506969899724211,-0.0128368860008002,1.13644886880006,-1.68857724508658e-36,2.93891276498522e-23
2.62,0.4375142,-0.130735,1.72682718922051e-44,-3.46801464665771e-21,-0.12175598729862,0.373116570118196,-0.0617347350506213,-0.0469658242712392,0.0539994773716465,1.17056356092654,-3.72867840636444e-43,3.76547330265848e-21
2.63,0.4374484,-0.1275072,3.32810652559288e-51,-2.94080884562399e-19,-0.0760920260271689,0.408631623588414,-0.062495655310893,-0.042879508035355,0.109945805569559,1.20361697203402,-3.00190088396357e-50,3.15073193779688e-19
2.64,0.4366392,-0.1239355,4.6875054529401e-57,-1.27937990446133e-17,-0.0403109959261858,0.441304699594017,-0.0628987652701549,-0.0384664610394149,0.153121027668158,1.23451441805971,-3.02805268902392e-56,1.35525540541798e-17
2.65,0.4357985,-0.1183952,1.63673180044089e-60,-1.36326961508949e-15,-0.00768240925476071,0.485058775146929,-0.0629755893627025,-0.0336158732879456,0.19217185839097,1.26903336999748,-8.54889801060344e-60,1.42775347192851e-15
2.66,0.4336363,-0.1125373,2.35325370144968e-60,-6.51466898271645e-14,0.0107144772807128,0.524451512892188,-0.0628684445898954,-0.0283713581590237,0.214136290646788,1.30081654574028,-1.11022744152955e-59,6.75940125148419e-14
2.67,0.4301413,-0.1064573,4.93405685245853e-60,-1.50909699112741e-12,0.0158856601621071,0.558739080519039,-0.0627095879882743,-0.0227839673538333,0.220469180991648,1.33019524809702,-2.26413332737477e-59,1.55383338410898e-12
2.68,0.4256439,-0.0988885,2.22206690594908e-60,-4.80048754487162e-11,0.0117899636505472,0.598949547879265,-0.0625916883517688,-0.0167944718750406,0.215805802533205,1.36046629525785,-1.04063012785625e-59,4.90860978330587e-11
2.69,0.4201335,-0.08995916,8.77880612003702e-61,-1.67805882844268e-09,-0.000821128356562006,0.643165819983663,-0.0625998996353344,-0.010362813675204,0.200836025340495,1.39077252285753,-4.40010598776943e-60,1.70560875422081e-09
2.7,0.412682,-0.08071783,1.18196165737689e-58,-3.079569292726e-08,-0.0290965797714859,0.681719728146599,-0.0628908654330493,-0.00354561639373804,0.166645538453775,1.41915339388485,-7.04981355916953e-58,3.11530198783316e-08
2.71,0.4043042,-0.06957015,2.83476047887035e-53,-8.51367715281065e-07,-0.0627239388028444,0.728456958306261,-0.0635181048210777,0.00373895318932457,0.125413432915946,1.44807490961876,-2.22737811122772e-52,8.57815981946819e-07
2.72,0.3955636,-0.05572749,7.94759300851196e-48,-4.66784349373488e-05,-0.096130042404603,0.789068366450494,-0.0644794052451238,0.0116296368538295,0.0841853640580425,1.47769990681444,-9.75846903571362e-47,4.68813458465194e-05
2.73,0.3848263,-0.04169292,9.07714704207486e-42,-0.00110654232930715,-0.143131731818347,0.840461496399569,-0.0659107225633072,0.0200342518178252,0.0266252926980872,1.50536480040269,-4.87227593981774e-40,0.0011089140854321
2.74,0.3742778,-0.02435756,-1.63984988161196e-37,-0.0580226077843964,-0.183388212863433,0.909651767660395,-0.0677446046919415,0.0291307694944292,-0.0218592361344263,1.53321807718843,-2.34607451340031e-35,0.0580635789900592
2.75,0.3630432,-0.00522106,-1.17953097016864e-33,-1.90278279171796,-0.224696138556032,0.981741370622847,-0.0699915660775019,0.0389481832006576,-0.0701195042999602,1.56003679681669,-2.50117183124158e-31,1.90289288218263
2.76,0.3526642,0.01735356,1.37845858542101e-32,-6.29614897245509,-0.25338694899345,1.0699422341421,-0.0725254355674364,0.0496476055420787,-0.101994442140316,1.58602050024013,-7.1952574913996e-29,6.29687832468077
2.77,0.3417687,0.0412837,1.33951601701451e-29,-6.4901585405847,-0.282122286794953,1.15437207318054,-0.0753466584353859,0.0611913262738841,-0.13245489200143,1.61089729573537,-1.21013306661234e-26,6.49537780027964
2.78,0.331067,0.06702271,-1.04795810530865e-28,-6.48654482761778,-0.304565127657935,1.23858790785262,-0.0783923097119653,0.0735772053524103,-0.154532669237464,1.63484508019876,-4.93627459569122e-25,6.49986562574837
2.79,0.3209216,0.0945174,-5.34443282289424e-27,-6.47529879164555,-0.317963871440987,1.32150683945179,-0.0815719484263751,0.0867922737469282,-0.165883604576348,1.65801678719089,-4.20581120448289e-24,6.49999483927831
2.8,0.3113567,0.1232979,-1.4051193456841e-26,-6.46078711158529,-0.322780987717973,1.39858125819928,-0.0847997583035549,0.100778086328921,-0.167763875830244,1.68072176665585,-9.61510019551927e-24,6.4999997033122
2.81,0.3016635,0.1524786,-2.44877153580616e-26,-6.44286053171741,-0.32580123727756,1.46213915310259,-0.0880577706763304,0.115399477859947,-0.167702258173687,1.70352154046403,-1.6829270503582e-23,6.49999996866314
2.82,0.2928462,0.1821365,-3.05347882547246e-27,-6.42136534736179,-0.318516427490028,1.51349892370563,-0.0912429349512307,0.130534467097003,-0.157333874949676,1.72654072702897,-6.6956848333492e-24,6.49999999458817
2.83,0.2836697,0.2111999,8.15082406384333e-28,-6.39526051125693,-0.312472121746959,1.54412724002561,-0.0943676561687003,0.145975739497259,-0.148590108186554,1.75060331197106,-3.17063748947711e-24,6.49999999808505
2.84,0.2749001,0.2397139,6.81600818006842e-28,-6.36388157406656,-0.301013721415922,1.55592973975561,-0.0973777933828595,0.161535036894815,-0.134911476349505,1.77585838217399,-6.65065572135272e-25,6.4999999987497
2.85,0.2651812,0.265826,4.57396329156327e-28,-6.32396700672316,-0.296332176882574,1.53454976954851,-0.100341115151685,0.1768805345903,-0.128222202996542,1.80411387601353,-3.80525896947559e-25,6.49999999765274
2.86,0.2573699,0.2931086,5.12293605776272e-30,-6.27922998128292,-0.273333628552717,1.51351247251375,-0.103074451437212,0.192015659315438,-0.104380191053439,1.83223588801866,-1.23359167390768e-26,6.49999999563232
2.87,0.2480771,0.3171212,-2.42383183281116e-30,-6.22026584080631,-0.262860207859658,1.45492883109142,-0.105703053515809,0.206564947626352,-0.0930273172639725,1.86530986341759,-2.6702926779436e-27,6.49999997154565
2.88,0.2380629,0.3386991,-2.42964431909517e-30,-6.14433057409979,-0.257373160062636,1.36955439981673,-0.108276785116435,0.220260491624519,-0.0866502969917301,1.90321324007841,-1.28937243498339e-27,6.4999994910299
2.89,0.2283274,0.3590226,-1.13178640083554e-30,-6.05008434547544,-0.247890023374552,1.2703780268067,-0.110755685350181,0.232964271892586,-0.0767847965758809,1.94512214599703,-3.17687000959123e-28,6.49998192212562
2.9,0.2183689,0.3773179,-4.41485330304462e-31,-5.92682509132253,-0.239120081226433,1.15266329802314,-0.113146886162445,0.244490904872818,-0.0678373207562188,1.99337788587989,-8.65684663863421e-29,6.49822228099678
2.91,0.2075986,0.3932431,-3.56589897786966e-31,-5.24742503534028,-0.236111515209114,1.01591586402011,-0.115508001314536,0.254650063513019,-0.0643112793267365,2.05044506746766,-6.28652146492611e-29,5.91462084684455
2.92,0.1968991,0.4073344,-2.00272935045447e-31,-0.0405480550777953,-0.230804944226383,0.867333746801208,-0.1178160507568,0.263323400981031,-0.0588300699225801,2.1173606074365,-3.0854139649728e-29,0.0474607369492636
2.93,0.1859306,0.4194033,-1.24259121399448e-31,-4.84222539846191e-06,-0.22634352143276,0.707392530514319,-0.120079485971128,0.270397326286174,-0.0542295509665156,2.19760389973953,-1.75331433798784e-29,5.97869552042304e-06
2.94,0.1745286,0.4292998,-1.07931055663746e-31,-5.31101208377373e-11,-0.224088222790565,0.536944140796489,-0.122320368199033,0.275766767694139,-0.051663710998327,2.29592292034698,-1.46354630137751e-29,7.09693859813375e-11
2.95,0.1636621,0.4382378,-3.29630272863848e-32,-7.80271824427269e-17,-0.215540432986259,0.368511534181444,-0.124475772528896,0.279451883035954,-0.0437250070868589,2.41077094453944,-4.1141341367363e-30,1.1691864689507e-16
2.96,0.1534948,0.4464795,-2.55467646287637e-33,-4.70553404044054e-23,-0.199887006506035,0.205395004276582,-0.126474642593956,0.281505833078719,-0.0298721917927668,2.54250988927233,-3.22137940215986e-31,8.34256200127321e-23
2.97,0.1431739,0.4527342,-1.70384975850159e-34,-1.3594691417032e-27,-0.185162926637572,0.037293312531844,-0.128326271860332,0.281878766204038,-0.017074167687935,2.70232784298194,-2.81477569016909e-32,3.19473276322247e-27
2.98,0.1335027,0.4583345,2.01557801137148e-37,-1.11780817127426e-26,-0.164494769891011,-0.12273697302745,-0.129971219559242,0.280651396473763,0.000525429553025971,3.05479497726271,-7.71159204565171e-34,1.32253328527085e-25
2.99,0.1248299,0.4636841,6.87110431728365e-38,7.67814564961668e-23,-0.135542424236021,-0.270758956236619,-0.131326643801602,0.277943806911397,0.024831981221357,-3.0688148236489,-4.02517292585399e-36,1.80252900803322e-20
3,0.1163103,0.4675556,8.56109607438689e-40,3.9430665584815e-17,-0.106477000531077,-0.417211314067362,-0.132391413806913,0.273771693770724,0.0489632472529362,-2.90752468409328,-2.0996238713442e-38,5.23123589961784e-15
3.01,0.1087957,0.4712019,3.64926373894569e-42,1.44570147708504e-12,-0.0702049161905585,-0.550432414352699,-0.133093462968819,0.268267369627197,0.0788904105905667,-2.76040951710063,-4.85367604632202e-41,1.45228249522998e-10
3.02,0.1019211,0.474256,4.82076131990795e-44,6.73903574484793e-09,-0.0307395777037272,-0.673712239602924,-0.133400858745856,0.261530247231167,0.111304585827847,-2.62542479218392,-4.29106209879807e-43,5.76272867872556e-07
3.03,0.09588217,0.4770831,2.12039491561058e-44,5.99025932034828e-06,0.013037433643758,-0.783866975483836,-0.133270484409418,0.253691577476329,0.147194982113083,-2.50535958227527,-1.42240777227646e-43,0.000404149258595063
3.04,0.08994119,0.4784453,7.72675492390369e-43,0.00220178863939965,0.0541061265724903,-0.891792082010255,-0.132729423143694,0.244773656656226,0.180906585042508,-2.39026935637509,-4.26914770142268e-42,0.127668236821287
3.05,0.08500121,0.4799852,1.21473601038423e-39,0.077092314166017,0.100145960420706,-0.982830501577443,-0.131727963539487,0.234945351640452,0.21879684458631,-2.29052738577147,-5.61477377130253e-39,4.08156712959925
3.06,0.08012997,0.4804308,3.08897663174435e-36,0.130039479635404,0.142392168656288,-1.0686299976466,-0.130304041852924,0.224259051663986,0.253898337553021,-2.19624475967466,-1.23717819186372e-35,6.42087748937064
3.07,0.07560424,0.4802602,5.69654237562715e-33,0.139097381641094,0.183232805233601,-1.14491131281937,-0.128471713800588,0.212809938535792,0.288263550444334,-2.10916770360551,-2.01538053908422e-32,6.49679869852094
3.08,0.07130198,0.479349,4.25545748263629e-30,0.145470971103387,0.221438916425221,-1.21298441900274,-0.126257324636335,0.200680094345765,0.321040033623156,-2.02747496014062,-1.35442614293618e-29,6.49978769974914
3.09,0.06716416,0.4778009,1.17483791762156e-27,0.150617659972117,0.25644648848229,-1.27215525626524,-0.123692859751513,0.187958541783112,0.351899545072103,-1.9505303319465,-3.41752107778086e-27,6.4999775381745
3.1,0.06315197,0.4756408,1.28214587489603e-25,0.154704126581986,0.287936828284046,-1.32252984357361,-0.120813491468672,0.174733243347376,0.380691201295077,-1.87741214370276,-3.45477974456506e-25,6.49999641284516
3.11,0.0590245,0.4728337,4.75564883558233e-24,0.157846189990065,0.313910443496868,-1.36477913540945,-0.117674387033703,0.161085451993282,0.405940057217527,-1.80719956620655,-1.20453109408466e-23,6.49999918795028
3.12,0.05456908,0.4689939,5.64635752178116e-23,0.160147510459749,0.332822643102251,-1.40257726014073,-0.114346160602681,0.147059679391875,0.426471344493446,-1.73864566721886,-1.36445470435647e-22,6.49999977722563
3.13,0.05050922,0.4654905,5.83473772307595e-22,0.161623638805157,0.35134530074866,-1.42431034494241,-0.110832707595194,0.13281657594245,0.447395585274205,-1.67316091960132,-1.34772832599055e-21,6.49999989068502
3.14,0.04641084,0.4617631,3.26450143093871e-21,0.162378396387118,0.365649806697506,-1.43597574340004,-0.107176209528219,0.11845681850845,0.465782310372346,-1.60891265706593,-7.26224382151591e-21,6.49999992380536
3.15,0.04254926,0.4585091,1.43727436470742e-20,0.162446034569091,0.378352673918563,-1.43237610264471,-0.103392682789034,0.104133057482003,0.483610339389019,-1.54540558713562,-3.08816917513136e-20,6.49999991029274
3.16,0.03808855,0.454726,2.11092318065875e-20,0.1618365490569,0.382326402171707,-1.42340413842457,-0.0995694187673165,0.0898990160977571,0.495281439905013,-1.48174010408234,-4.43730969512368e-20,6.49999987315325
3.17,0.03345064,0.4511326,1.80713675034584e-20,0.16053361689904,0.381908952724588,-1.40343255577302,-0.0957503292400707,0.0758646905400269,0.503902062041079,-1.41737128316607,-3.73927088847266e-20,6.49999973596842
3.18,0.0280773,0.4471361,5.11222087310537e-21,0.158523808630845,0.372692784052301,-1.37860644291762,-0.0920234013995476,0.0620786261108508,0.50568173727607,-1.35237183610916,-1.05440907136731e-20,6.49999934097037
3.19,0.0229524,0.4439829,1.49163769553737e-21,0.155704840459047,0.363938622437614,-1.33886196080493,-0.0883840151751715,0.0486900065028015,0.507688349894288,-1.28473593471662,-3.06546036464174e-21,6.4999971041688
3.2,0.01754266,0.4410844,2.43749975544266e-22,0.152026655240562,0.351099148455285,-1.29078847973074,-0.0848730236906187,0.0357821217054941,0.506100658155934,-1.21469442084778,-5.02361434332374e-22,6.49998172666386
3.21,0.01235205,0.4389909,4.11132095177225e-23,0.147318683512237,0.338940866032511,-1.23074314681768,-0.0814836150302935,0.0234746902373173,0.504699080461831,-1.14037581136104,-8.49476118885266e-23,6.49980020735815
3.22,0.006545409,0.4364896,2.52255751634832e-24,0.141726984758917,0.320336211239933,-1.17054144245441,-0.0782802529178942,0.0117692758127732,0.497195211603985,-1.06502541434549,-5.28390157832904e-24,6.49753219314974
3.23,0.0006756965,0.4343959,1.12710316620582e-25,0.134281816618375,0.300716477574412,-1.10366726144064,-0.0752730881421501,0.000732603198366846,0.487900057223722,-0.986079021712286,-2.40212482183668e-25,6.45345431222191
3.24,-0.005213649,0.4323434,3.86466033308879e-27,0.107996665679156,0.280686568049207,-1.03430327646572,-0.072466222461658,-0.00961042956629039,0.477238936707478,-0.905141825707616,-8.40594992179319e-27,5.48622563189747
3.25,-0.01102631,0.4306204,1.17194039950629e-28,0.0143441882967144,0.261255314877018,-0.960701550402392,-0.0698536693128878,-0.0192174450703143,0.466107426267726,-0.821194124463108,-2.6054211588546e-28,0.778530743005543
3.26,-0.01648785,0.4288327,4.98194866079093e-30,0.000283021080212762,0.244866097714628,-0.887121765933414,-0.0674050083357416,-0.0280886627296485,0.456962598087884,-0.736925326930459,-1.12819568401174e-29,0.016666310159409
3.27,-0.0219989,0.4270659,1.5561320389059e-31,3.39671453105831e-06,0.227946323643316,-0.813364428284894,-0.0651255450993084,-0.0362223070124974,0.446451401296574,-0.652673139436917,-3.60153786943516e-31,0.00022318702975768
3.28,-0.02665467,0.4253137,1.8852375489635e-32,2.68663185476362e-08,0.218415364552585,-0.740029803617669,-0.0629413914537826,-0.0436226050486741,0.442729647618458,-0.569334358094634,-4.39765770929197e-32,2.05605667512239e-06
3.29,-0.03081564,0.4235365,4.77419712295131e-33,1.42950882473974e-10,0.212620021089865,-0.667950118168381,-0.0608151912428839,-0.0503021062303579,0.442558137240843,-0.488046666288065,-1.11407352326798e-32,1.29275596065317e-08
3.3,-0.03402494,0.421857,5.99085840655335e-33,4.88303705438619e-13,0.214191942464592,-0.596489906014318,-0.058673271818238,-0.0562670052905011,0.450060542239403,-0.408634427275743,-1.37611011619201e-32,4.88935768577549e-11
3.31,-0.03631958,0.4201152,3.00528315060532e-32,1.17406761478062e-15,0.222166623762126,-0.527477187655042,-0.0564516055806167,-0.0615417771670515,0.464611387856519,-0.333029865963225,-6.70124332162146e-32,1.17461260271636e-13
3.32,-0.03759044,0.4182936,5.75733485420835e-31,1.52404023484844e-18,0.236865256792678,-0.461349121868965,-0.0540829530126899,-0.0661552683857412,0.486800763924766,-0.261860114500025,-1.22957270698679e-30,1.71943272304322e-16
3.33,-0.03788427,0.4162633,2.79578535802241e-29,7.40822257361498e-22,0.257197054929952,-0.399432968120657,-0.0515109824633904,-0.0701495980669477,0.515628697405295,-0.196480859511629,-5.66512115633494e-29,1.64031151412355e-19
3.34,-0.03718488,0.4140151,2.58576667626647e-27,-9.37884888655392e-26,0.282661324597598,-0.34189264239351,-0.0486843692174145,-0.0735685244908828,0.550613169370353,-0.137002363670016,-4.93893175918982e-27,9.97316094576465e-23
3.35,-0.03553902,0.4113986,3.24262169259799e-25,1.03408212758898e-28,0.312223433474655,-0.29004712656009,-0.0455621348826679,-0.0764689957564837,0.59065641133153,-0.0845395036394103,-5.82060330038657e-25,4.6338373622107e-26
3.36,-0.0330876,0.4084685,3.81311027969399e-23,1.31802152419612e-31,0.344101422652894,-0.243314510467098,-0.042121120656139,-0.0789021408611547,0.633910985929886,-0.0382717981491136,-6.43748677626708e-23,1.61035385249048e-29
3.37,-0.02992333,0.4050246,3.4933121570466e-21,-1.78712426630257e-36,0.377061219279624,-0.203293446879765,-0.0383505084633427,-0.0809350753299523,0.679137116012218,0.000547983279713357,-5.56219335844382e-21,6.55352285400756e-33
3.38,-0.02607509,0.400867,2.37916179339344e-19,-1.3646216220821e-37,0.410512428656766,-0.171398443040108,-0.0342453841767751,-0.0826490597603534,0.725763796104463,0.0308879430176798,-3.58529066577802e-19,6.06896646153303e-36
3.39,-0.02171356,0.3960196,1.02588650305983e-17,-8.15724423394539e-40,0.442698688873457,-0.146952521621976,-0.0298183972880405,-0.0841185849765732,0.772248537521182,0.0537010710519872,-1.47052260733014e-17,1.7740946326333e-38
3.4,-0.01691266,0.3903715,2.77206395133495e-16,-1.81324744685194e-41,0.472850773970007,-0.130431174223306,-0.0250898895483404,-0.0854228967188062,0.818044525214231,0.0687851360583521,-3.7987794530658e-16,2.86584435408568e-40
3.41,-0.01145957,0.3839151,6.00184539062369e-15,-2.22076145862858e-42,0.502731459967225,-0.121330270469045,-0.0200625749486682,-0.0866361994234967,0.864671899476385,0.0768026599815445,-7.88849197481796e-15,3.05399930793558e-41
3.42,-0.00533387,0.3764014,1.06530746262771e-13,-2.69421341241248e-42,0.532308922207582,-0.121190039895078,-0.0147394857265924,-0.0878480998224475,0.912090171004688,0.0764628765943087,-1.34716878178953e-13,3.72567377674534e-41
3.43,0.001639332,0.3684273,1.77885290557531e-12,-7.18086499140793e-42,0.562875927175078,-0.124149866479753,-0.00911072645484158,-0.089089598487245,0.961166776051944,0.0732770077464984,-2.16965781566881e-12,1.04749828993916e-40
3.44,0.00953893,0.3594111,2.88139205173904e-11,-1.23637954120557e-40,0.594786022342731,-0.13486358803134,-0.00316286623141427,-0.0904382343675584,1.01194986237684,0.0630307656727632,-3.39827144666751e-11,2.18544087805161e-39
3.45,0.01860369,0.349714,5.15749050580971e-10,-4.38614795333746e-39,0.629717640168023,-0.149502493861572,0.00313431017026596,-0.0919332593061741,1.0651703909993,0.0493158185355358,-5.89488443468171e-10,1.06571235707475e-37
3.46,0.02902409,0.3393862,1.0803916290978e-08,-2.09891083682753e-37,0.668769670822949,-0.167182532856161,0.00982200687849544,-0.0936050846347357,1.12089871038555,0.0330181598789037,-1.19972991192292e-08,8.57211917713108e-36
3.47,0.0409763,0.3285753,2.71009631642434e-07,-6.91775869961093e-36,0.712793143540719,-0.186246762948663,0.0169499383139026,-0.0954675522642224,1.17880586870702,0.0157184575167716,-2.9324241318543e-07,7.08336513932235e-34
3.48,0.05489207,0.3175556,9.43376452727955e-06,3.35410789648101e-36,0.764711162361138,-0.204088997232574,0.024597049937514,-0.0975084422365481,1.23913049605472,-0.000198688622249643,-9.97726149069097e-06,3.43733927841525e-32
3.49,0.07018024,0.3063429,0.000289979837497177,5.52509405763346e-33,0.818402713304597,-0.220537513186285,0.03278107707056,-0.099713817368411,1.29859379423024,-0.0145749937521098,-0.000301059161547505,1.01526831960369e-30
3.5,0.08795023,0.2956461,0.0131476333048912,4.58292112114134e-32,0.882776689549658,-0.229546303053679,0.0416088439660566,-0.102009280398948,1.3590663537898,-0.0222046733998349,-0.0134477901304048,6.50428712703955e-30
3.51,0.1068893,0.2846766,0.388139103579857,3.01426178423719e-31,0.945221599988301,-0.238380842867594,0.0510610599659396,-0.104393088827624,1.41669140966787,-0.0295071951466817,-0.392791634704225,3.81393328618961e-29
3.52,0.1274652,0.2741315,4.11727926026729,5.87694455946539e-31,1.00941750916279,-0.241049845777496,0.0611552350575674,-0.106803587285399,1.47225032663252,-0.0314339192319106,-4.13734250015322,7.31835270140297e-29
3.53,0.1484579,0.2629884,6.2459862377353,1.91479009770179e-30,1.06430984712695,-0.246740824329702,0.0717983335288369,-0.109270995528696,1.52470754576493,-0.0358329578494505,-6.25262257944116,2.34075996200431e-28
3.54,0.1705111,0.2523753,6.47634118695193,1.88075739859966e-30,1.11576422146238,-0.245551774766806,0.0829559757434608,-0.111726513276364,1.57515935921923,-0.0344542664701525,-6.47640279862424,2.3066890481021e-28
3.55,0.1925207,0.2415026,6.48665661648175,1.98913303511503e-30,1.15425433501899,-0.244779705920658,0.0944985190936507,-0.11417431033557,1.62382404925058,-0.0334474315824874,-6.49578278821989,2.44891680402292e-28
3.56,0.2137995,0.2303034,6.46529489084078,2.47894717656981e-30,1.17471804509288,-0.244948936713255,0.106245699544579,-0.116623799702703,1.67166803273291,-0.0332226814044454,-6.49831085823457,3.05506068629309e-28
3.57,0.2357583,0.2197999,6.4281837189888,7.8626458300428e-31,1.19055994161069,-0.237280758148611,0.118151298960686,-0.118996607284189,1.71876809017527,-0.0267451986660438,-6.49917036332829,1.02764130545556e-28
3.58,0.2554202,0.2081437,6.37298540422514,1.12750210639171e-30,1.17663791339596,-0.238192388497863,0.129917678094646,-0.121378531169168,1.76777474235428,-0.0271915845548655,-6.49859034766948,1.46473491582157e-28
3.59,0.2745483,0.1967491,6.29865282119088,7.65464688863408e-31,1.1506123584591,-0.234918168798075,0.141423801679237,-0.123727712857148,1.81797242173704,-0.0243518552958813,-6.4959876882814,1.03964614085433e-28
3.6,0.2922082,0.1851074,6.183583717171,5.64672711985034e-31,1.10571497134106,-0.232147106631812,0.152480951392648,-0.126049183923466,1.87124298894773,-0.0219614027946944,-6.4734271748453,8.0592132541935e-29
3.61,0.3083535,0.1734104,5.71541058969787,3.31344260386668e-31,1.0434660095223,-0.228216281486377,0.162915611487871,-0.12833134673833,1.92867663403194,-0.0187288048507612,-6.10184068481225,5.16837659177932e-29
3.62,0.3228956,0.1616334,1.60371427429299,1.60000709704478e-31,0.965026622369152,-0.223450978659656,0.172565877711562,-0.130565856524927,1.9916639773237,-0.0149245255811384,-1.75697502191454,2.8918949867768e-29
3.63,0.335697,0.1496774,0.016676472838945,7.41434290134536e-32,0.871159245877394,-0.218783492594115,0.181277470170336,-0.132753691450868,2.06212197044713,-0.0112659009159703,-0.018912998669194,1.64910458864489e-29
3.64,0.3476698,0.1383795,5.51847307936743e-05,3.31384226152543e-33,0.77163144829359,-0.207119327490949,0.188993784653272,-0.134824884725777,2.13864149277233,-0.00243736474858493,-6.54551731390572e-05,2.88208916860812e-30
3.65,0.3577082,0.126767,3.53548754652243e-08,-1.7683325991849e-33,0.658207015334163,-0.197386905699604,0.195575854806614,-0.136798753782773,2.22725687754977,0.00481100939954417,-4.46315916726083e-08,6.88169783586428e-31
3.66,0.3677338,0.1164321,1.07700263334909e-11,-2.83790728836723e-34,0.549276002598379,-0.175958601904805,0.201068614832597,-0.138558339801822,2.32039791352816,0.0205775324307177,-1.47156160264707e-11,2.09805849905956e-32
3.67,0.3765031,0.1063688,5.31039669733293e-16,-1.20860024103286e-35,0.43463424382962,-0.152516556872479,0.205414957270894,-0.140083505370546,2.42552281551271,0.03762020367256,-8.0912717696714e-16,4.17320652380512e-34
3.68,0.3839864,0.09651694,2.76569813090964e-21,-3.18260063999345e-37,0.315341441444314,-0.127902469950502,0.208568371685337,-0.141362530070051,2.54461886926627,0.0553401306175358,-4.91850396393792e-21,6.65664611049392e-36
3.69,0.3918625,0.08807928,9.76826298769077e-27,-1.46326836020634e-39,0.206975772405741,-0.0921702911980979,0.210638129409394,-0.142284232982032,2.66370267537781,0.0809799189908936,-2.12200213756402e-26,1.88427804095881e-38
3.7,0.3998437,0.08076132,1.2944489143056e-31,-6.42496045756648e-42,0.106936513375331,-0.0490159993470307,0.211707494543147,-0.142774392975503,2.78232954944106,0.111826776190107,-3.69006862411504e-31,5.69033269755984e-41
3.71,0.4068856,0.07390808,2.99172088704258e-34,-5.34444729837169e-43,0.00632659619057918,-0.00493841857363719,0.211770760505053,-0.142823777161239,2.90930554432631,0.143244112998858,-1.30586728850678e-33,3.6805443135567e-42
3.72,0.414437,0.06818096,4.04662482672197e-33,-6.07981044470551e-42,-0.0817182656419035,0.0452864927915435,0.210953577848634,-0.142370912233324,3.02630437670266,0.179034379615558,-3.4695178542027e-32,3.39183720720866e-41
3.73,0.4214358,0.06313726,-1.20098683236207e-30,-7.14083978450708e-39,-0.166690566635999,0.0970168771288211,0.209286672182274,-0.141400743462035,-3.0955179762144,0.215969050258817,-1.52656491644959e-28,3.34176857653978e-38
3.74,0.4280073,0.05876959,-3.75211992109586e-28,-6.11090714214024e-35,-0.247168465401064,0.149689288497479,0.206814987528264,-0.139903850577061,-2.98692543142651,0.253752063159626,-1.67730298511215e-24,2.44887480152067e-34
3.75,0.4344891,0.05491818,-5.00632042275818e-23,-4.48244520154915e-31,-0.320070933361563,0.201486084540957,0.203614278194648,-0.137888989731651,-2.88638801706992,0.291232274958838,-5.81765995813797e-21,1.56998054819647e-30
3.76,0.4402094,0.05141456,-8.88925824011885e-20,-1.12930243459544e-27,-0.391241970560657,0.250675164668085,0.199701858489041,-0.13538223808497,-2.78649356446605,0.327349782725199,-8.89396653876697e-18,3.52629732292641e-27
3.77,0.4454354,0.04821091,-4.84093789019809e-17,-8.9095891606395e-25,-0.458031604098096,0.296714219993444,0.19512154244806,-0.132415095885036,-2.69083159387459,0.361870840793015,-4.65918089394833e-15,2.52199236431074e-24
3.78,0.4497462,0.04498377,-1.62698426130845e-14,-1.78261655707178e-22,-0.523916007270238,0.336788466078699,0.189882382375358,-0.129047211224249,-2.59522970142013,0.393036055219137,-1.30607318617671e-12,4.65744409552899e-22
3.79,0.4533126,0.04199223,-2.73422304220137e-12,-1.54453035620714e-20,-0.587031356487671,0.373311903138395,0.184012068810481,-0.125314092192865,-2.50211434120134,0.422557322053376,-1.83481560508112e-10,3.76518102956045e-20
3.8,0.4558935,0.03881223,-2.77052351759458e-10,-4.3929589077642e-19,-0.649207920240585,0.402718162114653,0.177519989608075,-0.121286910571718,-2.40966490089032,0.448158212068536,-1.640557276826e-08,1.01308229508968e-18
3.81,0.4575438,0.03555723,-1.73108322710861e-08,-5.58885496305049e-18,-0.709598514028297,0.426359529212581,0.170424004467792,-0.117023315279592,-2.31906459429686,0.470751389370482,-9.38469814518579e-07,1.23111800261397e-17
3.82,0.4583142,0.03222727,-6.9119656742802e-07,-3.60955350445673e-17,-0.767477948398525,0.444552735651662,0.162749224983807,-0.112577787923076,-2.23111737136958,0.49052888514243,-3.49770968953442e-05,7.65493104758503e-17
3.83,0.4582733,0.02883769,-1.80077951484652e-05,-1.31827460804934e-16,-0.822046698152391,0.457756702611555,0.154528758002283,-0.10800022089696,-2.14641657730063,0.50773880169542,-0.0008604393421616,2.70893720648045e-16
3.84,0.4573723,0.0253496,-0.000329104757230718,-2.82064563041467e-16,-0.873599754148572,0.465967666799807,0.145792760460798,-0.103340544228962,-2.06459506311809,0.522293222971316,-0.0149897378618172,5.64938368100201e-16
3.85,0.4558034,0.02184062,-0.00392848188986851,-4.00457375703368e-16,-0.920371251911382,0.47020765791892,0.136589047941684,-0.098638467649773,-1.98646925575118,0.534752206675357,-0.172163064014775,7.85189586715231e-16
3.86,0.4536864,0.01834153,-0.0270767797733171,-4.02294613015357e-16,-0.961398482456614,0.471043155979618,0.126975063117118,-0.0939280360899768,-1.91197930496354,0.545376344119288,-1.15127237820933,7.74992719335503e-16
3.87,0.4509826,0.01469599,-0.0860815531455669,-2.56074270535525e-16,-0.997195260977019,0.46742891873401,0.117003110507347,-0.0892537469026367,-1.84032802587751,0.55331867112454,-3.57615645083515,4.86979155359875e-16
3.88,0.4479642,0.01103834,-0.130905357164348,-1.19920319778039e-16,-1.02561749749138,0.460908285401866,0.106746935532434,-0.0846446640486181,-1.77166423292484,0.559444789938143,-5.34694134421091,2.25828856046565e-16
3.89,0.444533,0.006903814,-0.149337160117897,-2.73663673331402e-17,-1.04791515734268,0.447830101165119,0.0962677839590069,-0.0801663630369669,-1.70498812441074,0.56098671675148,-6.02932830534005,5.14092616682213e-17
3.9,0.4415759,0.003165596,-0.153872809358578,-7.09139275676823e-18,-1.05688014462416,0.436255387830821,0.0856989825127653,-0.0758038091586587,-1.64080025373925,0.563379729601688,-6.17048283921599,1.32713206218535e-17
3.91,0.4388094,-0.0007196809,-0.153613660298014,-1.2322836329705e-18,-1.05599304891509,0.421528610738374,0.0751390520236143,-0.0715885230512749,-1.57739840858609,0.563240624439151,-6.144684379392,2.30668593852902e-18
3.92,0.4363778,-0.004764995,-0.147311306179453,-1.42122084891555e-19,-1.04486475853278,0.403913296655698,0.0646904044382865,-0.0675493900847179,-1.51386005933085,0.560509428020824,-5.90230592686344,2.67186345690757e-19
3.93,0.4346761,-0.008703134,-0.121404812688405,-1.44533050417796e-20,-1.02107546661274,0.386048311470452,0.0544796497721591,-0.0636889069700134,-1.44898365627358,0.556988625540503,-4.89354944085541,2.73246015732934e-20
3.94,0.4325184,-0.01381557,-0.0737452693558737,-2.99776918393947e-22,-0.995979788599796,0.357214313995128,0.0445198518861612,-0.0601167638300621,-1.38292790743639,0.543920568137804,-3.00425920860949,5.78882985005307e-22
3.95,0.431386,-0.01852121,-0.0163546779499713,-7.69779779226861e-24,-0.957243876012441,0.331961257891293,0.0349474131260368,-0.0567971512511492,-1.31308862087733,0.53233418155672,-0.677209043629882,1.51549957543421e-23
3.96,0.4301276,-0.02424752,-0.00193516142221427,-3.69013371517075e-26,-0.916116808710528,0.298063020039458,0.0257862450389315,-0.0538165210507546,-1.24091334389031,0.511887980561083,-0.08194912396037,7.52695348676764e-26
3.97,0.4296387,-0.02966124,-0.000109472992498381,-1.85282742058081e-28,-0.86547009603146,0.267804150419326,0.0171315440786169,-0.0511384795465614,-1.16327726178842,0.492615230877503,-0.0047802487873758,3.91409340335245e-28
3.98,0.4292465,-0.03586157,-4.36864926479349e-06,-1.5511549354881e-31,-0.812210155180402,0.23177609657494,0.00900944252681286,-0.048820718580812,-1.08194206101011,0.466040235748194,-0.000198452559868505,3.44894093399167e-31
3.99,0.4285814,-0.04236206,-1.50683738058514e-07,-3.42886360219841e-35,-0.76009195813489,0.194853963808605,0.00140852294546396,-0.0468721789427259,-0.999086928375355,0.436151463999349,-7.18219254665941e-06,8.11196598712298e-35
4,0.4280028,-0.04923246,-3.63696980626577e-09,-1.10268080114068e-39,-0.706331021839617,0.156790294295678,-0.00565478727293221,-0.0453042759997691,-0.913344669017292,0.402592766122049,-1.83663666126237e-07,2.81517598774215e-39
4.01,0.4271094,-0.05657006,-7.8078630726118e-11,-1.73733951088132e-45,-0.65487195732659,0.117134158311834,-0.0122035068461981,-0.0441329344166508,-0.828293089564438,0.364815808296139,-4.2121393107198e-09,4.8791075974087e-45
4.02,0.4266976,-0.06346327,-8.48954410154943e-13,-1.26472637111936e-51,-0.599108026352177,0.0840313145768867,-0.0181945871097199,-0.0432926212708819,-0.738447959775205,0.33168266934864,-4.99090643648958e-11,3.89852652161773e-51
4.03,0.4263342,-0.07014418,-5.9223065351003e-15,-3.01709467060998e-58,-0.54349483123965,0.0551980132618777,-0.0236295354221164,-0.0427406411382632,-0.648128255745217,0.301548895910226,-3.91911526047073e-13,1.0212279396109e-57
4.04,0.4260143,-0.07645909,-2.49858480055488e-17,-2.90174223219969e-64,-0.488460709749699,0.0317809382539842,-0.0285141425196134,-0.0424228317557233,-0.558409289634188,0.276260309807482,-1.9558290887319e-15,1.07030499685487e-63
4.05,0.4258866,-0.08223428,-5.40231640012051e-20,-6.32085339307797e-68,-0.433087487863806,0.0149592108129388,-0.0328450173982514,-0.0422732396475939,-0.468681263966885,0.257671728379409,-5.05781999118315e-18,2.49552009797935e-67
4.06,0.4259462,-0.08726873,-5.99926843246513e-23,-4.88608413351584e-69,-0.377843040100322,0.00599381780661012,-0.0366234477992546,-0.0422133014695278,-0.379898406159204,0.247642851816015,-6.02577836932137e-21,2.00491260570461e-68
4.07,0.426309,-0.09147622,-2.30825931764239e-26,-3.95263753951603e-69,-0.322127537163836,0.0050094723206362,-0.039844723170893,-0.0421632067463215,-0.291520131174415,0.246605861137906,-2.39421719781317e-24,1.62849968824527e-68
4.08,0.4269927,-0.09475349,-1.17636412569459e-30,-1.88123546765562e-68,-0.266233300347142,0.0122060800068802,-0.0425070561743644,-0.0420411459462527,-0.204132182077099,0.25494126919599,-2.23529561494104e-28,7.50464160046824e-68
4.09,0.4280532,-0.09708693,2.99364405543429e-36,-1.15229541864579e-65,-0.210100822633052,0.0269481142156662,-0.0446080644006949,-0.041771664804096,-0.117768931923347,0.271977142307674,-2.58836648400246e-33,4.31570788300653e-65
4.1,0.4294404,-0.09845415,-1.28302600453343e-41,-3.36005451878176e-60,-0.154581774272269,0.0486735787129549,-0.0461538821434176,-0.0412849290169665,-0.0337593995975016,0.297063110945885,-1.57752499415413e-39,1.15417934966223e-59
4.11,0.4308578,-0.09932824,9.73794825627464e-49,-2.07589243454674e-54,-0.102543445313193,0.0726266288286075,-0.0471793165965496,-0.0405586627286804,0.0436449862551781,0.324844867082385,-2.77357891038072e-47,6.53113778942026e-54
4.12,0.4327559,-0.09888384,8.37741388291827e-59,-8.60603331336398e-48,-0.0502356023926822,0.105420527254033,-0.0476816726204764,-0.0395044574561401,0.120149765223103,0.362603512109832,-6.87880717585784e-58,2.43126775736372e-47
4.13,0.4347803,-0.09781004,1.04788716893006e-66,-3.32913281683449e-42,-0.00106904971597643,0.140235995839981,-0.0476923631176361,-0.0381020974977402,0.190959116762701,0.402788977380735,-5.50566052399725e-66,8.4953998680345e-42
4.14,0.4359961,-0.09670714,1.29563244990173e-61,-4.385299333833e-38,0.0369275824538411,0.171570514155037,-0.0473230872930977,-0.0363863923561899,0.245143512079214,0.439638596121104,-5.36888791503749e-61,1.02971410305679e-37
4.15,0.4369545,-0.09511504,2.09267198811309e-54,-1.57087060221327e-34,0.0691177871350472,0.203376946117033,-0.0466319094217473,-0.0343526228950196,0.291047805715607,0.477455707532798,-7.3341622410838e-54,3.41533769610211e-34
4.16,0.4378897,-0.0921327,9.41949730302071e-49,-9.50429959242406e-31,0.0977559405908313,0.242994721541447,-0.045654350015839,-0.0319226756796051,0.33221766257142,0.523669338268296,-2.89897786327574e-48,1.89906273166633e-30
4.17,0.4373848,-0.08934115,1.67048962389012e-46,-5.19657823737053e-28,0.110912226797075,0.276110073325861,-0.0445452277478682,-0.0291615749463465,0.35277106816486,0.564014750709925,-4.84760271552891e-46,9.71551709009802e-28
4.18,0.4353667,-0.08676355,7.20817347062084e-47,-5.06939579551496e-26,0.109198174311051,0.302834130797675,-0.0434532460047577,-0.0261332336383697,0.353475059089953,0.598984819761494,-2.08767242643244e-46,8.98894486719021e-26
4.19,0.4326814,-0.0827307,2.17594665266163e-48,-1.14887861998084e-23,0.101081636142478,0.337609035080677,-0.0424424296433329,-0.022757143287563,0.345245093964376,0.64226513749966,-6.44900265247836e-48,1.91794871720743e-23
4.2,0.4287522,-0.07776206,3.54176391470952e-52,-2.24692481274449e-21,0.0822814681750623,0.375106968963373,-0.0416196149615823,-0.0190060735979292,0.32144345922671,0.688704677286158,-1.12588229798527e-51,3.53596738528244e-21
4.21,0.4237213,-0.07157964,1.26669469638871e-58,-4.68501851207287e-19,0.0550600969397941,0.417166320909673,-0.0410690139921843,-0.0148344103888325,0.284175213105911,0.739679173305892,-4.54466556074839e-58,6.95177783911645e-19
4.22,0.4174542,-0.06415786,8.15533401765061e-68,-9.22127702031326e-17,0.0192008336134135,0.463304513848853,-0.0408770056560502,-0.010201365250344,0.2322163319464,0.794379461363199,-3.56079500019058e-67,1.29271430744846e-16
4.23,0.4101597,-0.05511239,3.86578153306199e-67,-2.12371684316406e-14,-0.0225204305858311,0.516078384356805,-0.0411022099619085,-0.00504058140677591,0.169258149514409,0.854196039187857,-2.2724656576227e-66,2.81664763341415e-14
4.24,0.4022307,-0.04402208,2.7941157594632e-56,-6.50646724386155e-12,-0.0659592692774087,0.578089603466496,-0.0417618026546826,0.000740314627889049,0.102141548129229,0.919888107664023,-2.73321777295039e-55,8.17879100951455e-12
4.25,0.3935382,-0.03095273,1.17793570335759e-47,-1.99329568306719e-09,-0.111740105578622,0.647542469162404,-0.0428792037104688,0.00721573931951308,0.0311310836647118,0.988822192484109,-5.18660230923171e-46,2.38602123955252e-09
4.26,0.3839693,-0.01611772,-5.86586629195532e-41,-4.66817681439762e-07,-0.160278162556865,0.721493878185356,-0.0444819853360375,0.0144306781013666,-0.042860827686021,1.05814118479754,-7.28205735524861e-39,5.35658996861987e-07
4.27,0.3734973,0.0002134529,4.20914932528409e-36,-6.96473446081789e-05,-0.211203535254229,0.796743521607681,-0.0465940206885798,0.0223981133174435,-0.117468335720459,1.12567047183008,-3.66386747427969e-33,7.71635690438752e-05
4.28,0.3641584,0.02028194,-8.82147714854044e-33,-0.0199867318335091,-0.246679395982142,0.891530438007583,-0.0490608146484012,0.0313134176975193,-0.165905267140487,1.19776828696152,-6.9302071713643e-30,0.0214620690966957
4.29,0.3537595,0.04101579,-6.46005019136611e-29,-1.56005259194551,-0.286335339941163,0.977593916297278,-0.0519241680478128,0.0410893568604921,-0.216762791298292,1.26320214893592,-1.01848199915635e-26,1.63684193813469
4.3,0.3434819,0.06366099,-1.95211146905984e-26,-6.06700312924269,-0.319511475790178,1.06554359694568,-0.0551192828057146,0.0517447928299489,-0.255250833845236,1.32596036526851,-2.26797249561608e-24,6.25340673909305
4.31,0.3337042,0.08822037,-7.58909951477564e-25,-6.38473464217294,-0.343300983159701,1.15459308221027,-0.0585522926373116,0.0632907236520516,-0.278965610865175,1.3858568879152,-8.09087370524302e-23,6.49544398122782
4.32,0.3231801,0.113027,-2.83859136561762e-23,-6.44525141979804,-0.368875023319698,1.22993455136789,-0.0622410428705086,0.0755900691657305,-0.30280354398066,1.44110513948306,-2.89515568419324e-21,6.49981038711515
4.33,0.313286,0.1390452,-2.26399097692329e-22,-6.48074675481888,-0.38423209144903,1.30029448945931,-0.0660833637849989,0.0885930140603235,-0.312913430775961,1.49381299040126,-2.28610779507534e-20,6.49998850412506
4.34,0.3032849,0.1653018,-1.11849598371201e-21,-6.49765652038294,-0.396357602347751,1.35736032414419,-0.0700469398084764,0.102166617301765,-0.318538861351837,1.543943547963,-1.12508583736512e-19,6.4999986913653
4.35,0.2931089,0.1913392,-3.91990359666907e-21,-6.49850433668502,-0.406003877842267,1.39796382698384,-0.0741069785868991,0.116146255571604,-0.320941380386774,1.59225238301013,-3.93781510073406e-19,6.49999970931068
4.36,0.2831433,0.2171395,-6.90550870887069e-21,-6.48464561253503,-0.410038594419341,1.42302728670733,-0.0782073645310925,0.130376528438677,-0.317163741592622,1.63956125958889,-6.95201896154986e-19,6.49999988478874
4.37,0.2719588,0.2408261,-2.71125119158523e-20,-6.45612054233609,-0.42099787261707,1.41783777549285,-0.0824173432572632,0.144554906193606,-0.320552124095659,1.68708607762718,-2.72418634009559e-18,6.49999986838374
4.38,0.2623109,0.2658227,-1.46276965054021e-20,-6.41352056322707,-0.41488329044838,1.41381311045651,-0.086566176161747,0.158693037298171,-0.306600337382984,1.73414114441862,-1.48556731234898e-18,6.49999985632635
4.39,0.2511759,0.2877462,-2.51950000617814e-20,-6.35287490399646,-0.418764176649502,1.37391689627565,-0.090753817928242,0.172432206260927,-0.303131908104084,1.78401784464152,-2.56869187470685e-18,6.49999944383245
4.4,0.2402616,0.3088273,-2.34294161748317e-20,-6.27314418410664,-0.417304132054127,1.32023181973045,-0.0949268592487833,0.185634524458232,-0.294658799946104,1.83583359478016,-2.41721064566005e-18,6.49999630305939
4.41,0.2288923,0.3281569,-2.40206584764764e-20,-6.16880070657616,-0.416671225304384,1.24661597014394,-0.0990935715018271,0.198100684159671,-0.287353237464584,1.89144627729333,-2.51151433758235e-18,6.49994304878926
4.42,0.2175263,0.346051,-1.71564704985051e-20,-6.03321249638169,-0.412911944150014,1.15791592728052,-0.103222690943327,0.209679843432476,-0.277488258142876,1.95143737195482,-1.83629981968258e-18,6.49810058338538
4.43,0.2060138,0.3623011,-1.01483246966681e-20,-5.72259175891401,-0.407573861893187,1.05425655080291,-0.107298429562259,0.220222408940505,-0.266639903226544,2.0173941512507,-1.12404820714986e-18,6.3446255923834
4.44,0.1942533,0.3766595,-5.57278348653414e-21,-0.75294032232427,-0.40167667571731,0.935532202033968,-0.111315196319432,0.229577730960845,-0.255778578417977,2.09156404112742,-6.45818329312183e-19,0.867968149570313
4.45,0.1826285,0.3897927,-1.9161129550429e-21,-0.0010868858245446,-0.392052816484988,0.809459169637591,-0.115235724484282,0.237672322657221,-0.242106893939559,2.17379445085388,-2.39789010330333e-19,0.00131958286172712
4.46,0.1706582,0.4009067,-6.96568333699636e-22,-2.40558644623294e-07,-0.383144091321348,0.670849514094002,-0.119067165397496,0.244380817798161,-0.229635845096034,2.26917433002476,-9.59329031688885e-20,3.14108473325977e-07
4.47,0.1583201,0.4100528,-2.74627376750986e-22,-5.9731040187506e-12,-0.375131079096429,0.522168875914453,-0.12281847618846,0.249602506557305,-0.21844641126867,2.38091185591863,-4.24264401645401e-20,8.66550059605258e-12
4.48,0.1469302,0.4187538,-2.50414985842035e-23,-3.14921432930488e-17,-0.356852902531465,0.378150197414481,-0.126387005213775,0.25338400853145,-0.198976696020525,2.5026798700847,-5.25299231121283e-21,5.28093691045184e-17
4.49,0.1357508,0.4263782,-1.02670225456864e-24,-3.11665914874949e-23,-0.335536691821105,0.234098868649241,-0.129742372131986,0.255724997217943,-0.177631502736862,2.63873070358903,-4.09993202061186e-22,6.46106560258165e-23
4.5,0.1252029,0.4332102,1.84625351406346e-28,-1.48687759982261e-28,-0.308019243325678,0.0934350084790339,-0.132822564565242,0.256659347302733,-0.151765260192258,2.78633985758714,-1.24003328437097e-23,4.28532589306827e-28
4.51,0.1153453,0.439318,1.57800451450617e-28,-6.867218417168e-30,-0.274516453887818,-0.0425537786705092,-0.135567729104121,0.256233809516028,-0.121606692956738,2.94238948626972,-1.29060397677622e-25,3.46842437076884e-29
4.52,0.1057231,0.4445302,-9.51998964827205e-31,-1.18548609460278e-26,-0.239612713552239,-0.174738697371993,-0.137963856239643,0.254486422542308,-0.0909849571835048,3.07490871282422,-7.89052787354742e-28,1.94934437937394e-25
4.53,0.09700155,0.4492665,-7.75971508559854e-33,3.51897083345866e-23,-0.198042857888106,-0.298960576282436,-0.139944284818524,0.251496816779484,-0.055418641774056,-3.05180851339733,-1.11773593253173e-30,2.53380989384975e-20
4.54,0.0889691,0.45343,-3.12973769961733e-36,8.72393217871385e-18,-0.152451542021176,-0.415820804050863,-0.141468800238736,0.247338608738975,-0.0170573683339479,-2.90253658752207,-5.17362188531169e-34,1.11474481037769e-15
4.55,0.08176077,0.4575017,1.76704867829753e-39,6.00062254044982e-14,-0.102359371857657,-0.521050213948456,-0.142492393957312,0.24212810659949,0.0245969539987649,-2.76883347804212,-1.04752905064222e-37,6.02126498767748e-12
4.56,0.07469281,0.4602044,6.44915005782621e-42,1.3420383073563e-10,-0.0542863846637776,-0.625640543560948,-0.14303525780395,0.235871701163881,0.0642562416051534,-2.63935710005595,-1.1120854371617e-40,1.18058245124847e-08
4.57,0.06820436,0.4625702,4.2343143526072e-43,7.65774415665207e-08,-0.00469012034574057,-0.720195545805613,-0.143082159007407,0.228669745705825,0.105000171705046,-2.52528470783501,-4.01649575472816e-42,5.34900905800754e-06
4.58,0.06212275,0.4640533,5.01832689444039e-42,1.6704822747567e-05,0.0444857759600907,-0.809482383998315,-0.142637301247807,0.220574921865842,0.145363940128633,-2.42091179977531,-3.4072221190373e-41,0.00100196443293307
4.59,0.0564708,0.4649713,3.52348693722665e-39,0.00141783452113647,0.093117597887435,-0.890624724019766,-0.141706125268932,0.211668674625644,0.185390081958619,-2.32780234388709,-1.90296560313425e-38,0.0774489751720824
4.6,0.05121581,0.4652493,1.15624004994741e-35,0.0410794840270878,0.140626012365027,-0.964355443365182,-0.140299865145282,0.202025120191992,0.224750700895236,-2.24381092626681,-5.20913250820315e-35,2.09812826341177
4.61,0.04636334,0.4649791,3.53316158757873e-32,0.122257862131751,0.186811620613497,-1.02999146114841,-0.138431748939147,0.191725205580508,0.263425924538989,-2.16794880038849,-1.36521844098957e-31,5.92317158609589
4.62,0.04171455,0.4639586,4.09934848755427e-29,0.13912041147707,0.229772382635796,-1.08944228985237,-0.136134025112789,0.180830782681984,0.30004099295468,-2.097777380408,-1.39439950900233e-28,6.45485691657103
4.63,0.0373005,0.4623607,1.78566454579165e-26,0.14495908248502,0.269734597997024,-1.14134006298473,-0.133436679132819,0.169417382052137,0.334912294823138,-2.03304078483821,-5.45224741141818e-26,6.49492785454112
4.64,0.03302734,0.4601793,2.8643412201407e-24,0.149208616269298,0.30587011101184,-1.18599455134327,-0.1303779780227,0.157557436538704,0.367511430908411,-1.97261314652203,-7.98670015378784e-24,6.49917057653113
4.65,0.02868226,0.4573791,1.55507443519666e-22,0.152673821198816,0.336442835547166,-1.22398556327203,-0.127013549667229,0.145317580905984,0.396587903115678,-1.91547489342799,-4.02789593700703e-22,6.49981288286098
4.66,0.02405623,0.4536631,2.77012472681752e-21,0.155547752681952,0.3599358414783,-1.25809639415985,-0.123414191252446,0.132736616964386,0.421019434416909,-1.86015151464107,-6.77630684090984e-21,6.49994906420654
4.67,0.01998004,0.4503502,4.56855646249079e-20,0.157767220746235,0.383802082517553,-1.27729083512653,-0.11957617042727,0.11996370861312,0.44656688087709,-1.80919361730033,-1.05709780498805e-19,6.4999747030304
4.68,0.01581614,0.4468573,3.66426633025404e-19,0.159512543301991,0.402448075268367,-1.28759299956797,-0.115551689674587,0.107087778617441,0.468968353877425,-1.76000140690009,-8.10013415728447e-19,6.4999822524189
4.69,0.0115376,0.4432176,1.54447689030541e-18,0.160836286999211,0.415953235899872,-1.28938804499117,-0.111392157315588,0.0941938981675288,0.488235986913879,-1.71187924867837,-3.28956547203605e-18,6.49998278364933
4.7,0.007056179,0.4395557,3.41395924753062e-18,0.161768138500256,0.423909140709201,-1.28232344741689,-0.107153065908496,0.0813706636933599,0.503949728156318,-1.66429762423794,-7.06344818016144e-18,6.49997658997156
4.71,0.002426389,0.4360166,4.46776743594037e-18,0.162322692402318,0.427188428401401,-1.26596515859216,-0.102881181624482,0.0687110121074383,0.516624493344707,-1.61667540603736,-9.03723998675921e-18,6.49995430321993
4.72,-0.002584868,0.4324799,2.90454938191987e-18,0.162496439234164,0.42419343837255,-1.24221830869059,-0.0986392472407563,0.0562888290205324,0.524779815897325,-1.56823304845638,-5.79250662532667e-18,6.49987956890191
4.73,-0.007884955,0.4290786,1.07138897157997e-18,0.162258829760467,0.416259471048241,-1.2107469393539,-0.0944766525302739,0.0441813596269934,0.529141116303944,-1.51835799845898,-2.12075590897555e-18,6.49955764917617
4.74,-0.01296359,0.4264202,3.81521431941867e-19,0.161512137113464,0.408172409164806,-1.16730446876567,-0.0903949284386258,0.0325083149393367,0.533359989409392,-1.46599213391379,-7.49817689971225e-19,6.49721322221454
4.75,-0.01875044,0.423282,5.07815985877342e-20,0.159899999769867,0.392150592732284,-1.12349123809669,-0.086473422511303,0.0212734025583698,0.53074894577491,-1.4110756082411,-1.00244891482776e-19,6.48097765903899
4.76,-0.02454791,0.4207103,5.30660335825708e-21,0.153504697996938,0.37487284480039,-1.07083910097598,-0.0827246940632991,0.01056501154861,0.526442953873286,-1.35180775611525,-1.05526926709863e-20,6.29501187171627
4.77,-0.03088851,0.4179569,2.36836499440844e-22,0.108577037599624,0.352073100027196,-1.01675478324227,-0.0792039630630271,0.000397463716187233,0.516375281273925,-1.28856547774733,-4.79274088808673e-22,4.52740958810039
4.78,-0.03649641,0.4160591,2.02780428870484e-23,0.0126092895905119,0.33515560640009,-0.953009137198501,-0.0758524069990262,-0.00913262765579777,0.510615886899271,-1.21760430615214,-4.14558371321044e-23,0.538522839999785
4.79,-0.04257243,0.4138482,7.61166959988843e-25,0.000455085996515673,0.313605694019315,-0.890695926265538,-0.0727163500588331,-0.0180395869184532,0.499570386889538,-1.14156039141934,-1.58745071686562e-24,0.0200676507665823
4.8,-0.04877728,0.4118609,1.8759268066721e-26,9.99344230026294e-06,0.29083433324321,-0.825615533933836,-0.069808006726401,-0.0262957422577915,0.486050683804197,-1.05769135233449,-4.01203500616146e-26,0.000460027373318036
4.81,-0.05442604,0.410307,8.14276457277634e-28,1.2370740581823e-07,0.272888972391377,-0.756691188345953,-0.0670791170024872,-0.033862654141251,0.476117499235298,-0.963555920771368,-1.77497286387276e-27,6.03348889535836e-06
4.82,-0.05980989,0.4089358,4.26175328143243e-29,9.39841280960659e-10,0.25703156689031,-0.686840704518122,-0.0645088013335841,-0.0407310611864323,0.467385470597172,-0.859845606406813,-9.45053190034796e-29,4.94117307638141e-08
4.83,-0.06462362,0.4079137,4.57816101534954e-30,3.64261674114494e-12,0.245773157514521,-0.615232384562673,-0.0620510697584389,-0.046883385032059,0.462788107444984,-0.744760888693576,-1.02458835736915e-29,2.12686636890626e-10
4.84,-0.0690759,0.4070109,7.4077606170252e-31,7.41763216559569e-15,0.237043027508811,-0.54444890108428,-0.0596806394833508,-0.0523278740429018,0.460471284538527,-0.621227837260925,-1.66561537326555e-30,5.13574599369265e-13
4.85,-0.0728348,0.4062127,3.25751603929307e-31,7.10684042648669e-18,0.23348710887229,-0.475040400597056,-0.0573457683946279,-0.0570782780488723,0.463636636480462,-0.491595048050043,-7.27787783485321e-31,6.38364922404155e-16
4.86,-0.07580233,0.4056825,4.46046105860676e-31,3.0384385605603e-21,0.235516342347505,-0.406005711802537,-0.0549906049711528,-0.0611383351668977,0.473153052513632,-0.356561818773929,-9.7793323016619e-31,3.04067622993742e-19
4.87,-0.07788707,0.4052542,1.98362884355602e-30,3.55979748688699e-25,0.243410783115046,-0.339192626466081,-0.0525564971400024,-0.0645302614315585,0.489690085010597,-0.222356298414005,-4.2133817169518e-30,5.2632998122031e-23
4.88,-0.07901024,0.4048323,2.67308303693062e-29,2.07053084608029e-30,0.257277252955032,-0.275684314561051,-0.0499837246104521,-0.067287104577169,0.513635774627512,-0.0944047069284904,-5.43556340877769e-29,2.89583867949838e-27
4.89,-0.07869871,0.40434,1.69724792865731e-27,-6.66292150542211e-34,0.280493894532633,-0.216293116489958,-0.0471787856651257,-0.0694500357420686,0.548919726068132,0.0231045492861165,-3.2507512843778e-27,4.26994669785874e-32
4.9,-0.07744703,0.403363,1.58956680265418e-25,-3.80844287697724e-38,0.307929180846936,-0.164566827357704,-0.0440994938566564,-0.0710957040156457,0.58982425067832,0.122082001665288,-2.856848675784e-25,3.0760440592792e-37
4.91,-0.07495096,0.4018283,2.60650129754124e-23,-3.53273686426236e-43,0.341586853876938,-0.120831736346418,-0.040683625317887,-0.0723040213791098,0.63833570218436,0.202395697905799,-4.3742441871091e-23,1.75786162240869e-42
4.92,-0.07185545,0.3989678,2.7331671554157e-21,-4.0445984980866e-47,0.375258290254357,-0.0911659535705542,-0.0369310424153434,-0.0732156809148154,0.687765330357954,0.254478410154542,-4.30607150382523e-21,1.61632832231458e-46
4.93,-0.06681885,0.3956405,7.4772811597204e-19,-1.87357499286251e-50,0.419995025081337,-0.067374125713747,-0.03273109216453,-0.0738894221719529,0.748721982737404,0.294882404183132,-1.09865782385598e-18,6.48246502068104e-50
4.94,-0.05958524,0.3917089,4.22663754333427e-16,-9.4098396437426e-53,0.4766871662825,-0.0502755277506362,-0.027964220501705,-0.0743921774494592,0.820379345892603,0.323036338036952,-5.77945663349149e-16,2.97678311077365e-52
4.95,-0.05144454,0.3861253,1.15181495677987e-13,-6.28006853831795e-53,0.533045346737404,-0.0482081786808068,-0.022633767034331,-0.0748742592362673,0.890730969450105,0.325420163916555,-1.4814224189115e-13,1.97239479803467e-52
4.96,-0.04048299,0.3803904,6.57878835525973e-11,-6.01804708754938e-53,0.604796680961145,-0.0473185798997271,-0.0165858002247195,-0.0753474450352646,0.970657661225633,0.325829098306725,-7.971603012506e-11,1.88777200005191e-52
4.97,-0.02854381,0.3730063,1.60239318286234e-08,-3.85740129267461e-51,0.67459729640006,-0.0600687408735201,-0.00983982726071894,-0.0759481324439998,1.04626956218201,0.302997014239991,-1.85119818492454e-08,1.29952492091461e-50
4.98,-0.01559466,0.3641221,1.98601542418564e-06,-1.05635662870082e-47,0.74237154897842,-0.0839576938479345,-0.00241611177093475,-0.0767877093824791,1.11800386776292,0.260442649386845,-2.20848362586726e-06,4.12735297981069e-47
4.99,0.0008996907,0.3558051,0.000516538459627151,-2.38777529164137e-45,0.829128430957072,-0.100526639627058,0.00587517253863598,-0.0777929757787497,1.19495885960967,0.229962511446123,-0.000555279665440065,1.05236951297374e-44
5,0.01838813,0.3463367,0.0590106587579093,-3.45513389329619e-42,0.911161286430152,-0.124674543421563,0.0149867854029375,-0.0790397212129653,1.26566475913763,0.185882374620948,-0.0618671073673953,1.86145265074688e-41
5.01,0.03676275,0.3358884,2.20814075117191,-9.11908159489113e-39,0.987357587120683,-0.154142471515723,0.0248603612741443,-0.0805811459281225,1.33104569458796,0.132193913197414,-2.27312667125211,6.79523421226339e-38
5.02,0.05757973,0.3260399,6.20163508578747,-1.27541073416409e-36,1.0707394247843,-0.175019665484857,0.0355677555219874,-0.0823313425829711,1.39466510443168,0.093960506167654,-6.29903941384985,1.37310196027785e-35
5.03,0.08095665,0.3172738,6.45349282646514,-9.23950830803127e-36,1.161074824591,-0.183824522123984,0.0471785037678974,-0.084169587804211,1.45572154932221,0.0774288057915156,-6.49643751321249,1.25781372936898e-34
5.04,0.1044371,0.3079759,6.48859035175184,-8.89215698734489e-35,1.23645080016173,-0.195027283009972,0.0595430117695147,-0.0861198606343107,1.51191491930234,0.0571040551058852,-6.49984902265514,1.78567806798974e-33
5.05,0.1288129,0.2991537,6.49988621172556,-2.40266294762474e-34,1.30422716964647,-0.199893754639083,0.0725852834659795,-0.0881187981807015,1.56515123291225,0.0480473287629324,-6.49998972756494,6.03918594631453e-33
5.06,0.1540918,0.291423,6.49333989498534,-1.00513690837382e-34,1.36460292212386,-0.193753251414693,0.0862313126872181,-0.0900563306948484,1.61607674479438,0.0577138218284567,-6.4999989544868,1.99087287484781e-33
5.07,0.1780557,0.2829277,6.47080088467961,-1.07120359938106e-34,1.39909627849052,-0.193112147404898,0.100222275472123,-0.0919874521688974,1.66564085231054,0.0580277919959079,-6.49999970828243,2.10687297173141e-33
5.08,0.2035082,0.2765513,6.43366971749364,-3.06961283215195e-36,1.4331879571788,-0.173353465813838,0.114554155043911,-0.0937209868270358,1.71381488878509,0.0896069534654453,-6.49999991515787,3.49550050027843e-35
5.09,0.2299666,0.2721447,6.38301760745788,-1.37870994677133e-39,1.46258625814342,-0.137465147091309,0.129180017625345,-0.0950956382979489,1.76085162863799,0.146339917851444,-6.4999999703196,9.30066453345704e-39
5.1,0.2542886,0.2669887,6.31542571202931,-2.01119429725957e-42,1.46103323237158,-0.109814448723917,0.143790349949061,-0.0961937827851881,1.80973354845809,0.188704965829239,-6.49999997012888,1.06844299671865e-41
5.11,0.276646,0.2614292,6.22777147910662,-8.14550380898861e-45,1.43256147125257,-0.0870030461919207,0.158115964661587,-0.0970638132471073,1.86130364669651,0.222758910333092,-6.49999992487528,3.70110859512388e-44
5.12,0.3001274,0.2584944,6.12550093938068,-4.76502295866752e-49,1.40557482962868,-0.0434307674640468,0.172171712957874,-0.0974981209217477,1.911982653323,0.287444832471531,-6.49999981864992,1.69052853314049e-48
5.13,0.3211058,0.254564,5.99489484268897,-8.91236086297075e-51,1.3496276196038,-0.0114437002805818,0.185667989153912,-0.0976125579245535,1.96770937923814,0.333625466913489,-6.49999874496688,2.73154466649537e-50
5.14,0.3395665,0.2494854,5.82751360959843,-7.91591997442066e-51,1.26740439501239,0.0084351533239726,0.198342033104036,-0.0975282063913138,2.02977331784341,0.361911002708713,-6.49997462231728,2.24047702403639e-50
5.15,0.3576837,0.2455353,5.62922192966748,-1.53654508069066e-49,1.17994934639523,0.0361360356696547,0.210141526567988,-0.0971668460346173,2.09424895751588,0.400949820739186,-6.49924024086669,3.93827252304996e-49
5.16,0.3737689,0.240756,5.32877126037227,-4.75267126922978e-48,1.07411150257779,0.054434874677785,0.220882641593766,-0.0966224972878394,2.16615771943713,0.426901520331945,-6.4359610512455,1.14739677309609e-47
5.17,0.3886937,0.2359838,1.72581492502024,-1.94705925278117e-46,0.959492959445804,0.0709930090583732,0.230477571188224,-0.0959125671972557,2.243940887765,0.45057985587316,-2.20736239856275,4.46760087640028e-46
5.18,0.4021389,0.2307398,0.00407368850919027,-2.46755320402946e-45,0.834945347926908,0.0818407910842769,0.238827024667493,-0.0950941592864129,2.32957727778345,0.466854145422337,-0.00561434842301685,5.47763618784496e-45
5.19,0.4142229,0.2250378,1.72252535228676e-06,-8.59184691643513e-45,0.703165596827418,0.0875012083424291,0.245858680635767,-0.0942191472029886,2.42350984286226,0.476515731759688,-2.6185043579243e-06,1.87141756916982e-44
5.2,0.4248604,0.2185936,1.37432580679286e-10,-4.50682969164123e-45,0.564965787190797,0.0860002637285984,0.251508338507675,-0.0933591445657026,2.52692019127412,0.476898514567237,-2.38273179865801e-10,9.80918665929623e-45
5.21,0.43378,0.2113006,1.1567814636149e-15,-3.23403439685736e-46,0.419571920945657,0.077063820006499,0.255704057717132,-0.0925885063656377,2.64202855708977,0.467291139778081,-2.4125517790103e-15,7.17288676709862e-46
5.22,0.4419108,0.203632,1.90530896183514e-21,-1.16984165041358e-47,0.276419674801708,0.0653398237277045,0.258468254465149,-0.0919351081283606,2.76277575055734,0.453442601187515,-5.15852575216818e-21,2.66838866100039e-47
5.23,0.4491095,0.1955581,3.47760470891648e-27,-2.65109968031429e-49,0.135121909383095,0.0509048982067295,0.25981947355898,-0.0914260591462933,2.88868647956912,0.435197419958968,-1.39813902268331e-26,6.28490922884179e-49
5.24,0.4555061,0.1872106,4.44469376109798e-30,-7.9205059345078e-51,-0.00238769610409406,0.0351950819684514,0.259795596597939,-0.0910741083266088,3.01682953892241,0.414332805529042,-3.510910099158e-29,1.9672799304886e-50
5.25,0.4618749,0.1792569,-5.75066581086189e-29,-1.11721720440421e-51,-0.128951770131565,0.0240128442900165,0.258506078896623,-0.0908339798837086,-2.89657714945991,0.399156194789136,-7.06457482860222e-27,2.87586625294168e-51
5.26,0.4660142,0.1698532,-1.11179944207524e-23,-1.90134516475831e-52,-0.263097221089826,0.00165287313183704,0.255875106685725,-0.0908174511523903,-2.7323397331544,0.367015347212724,-1.11295080616052e-21,5.3085337642263e-52
5.27,0.4708273,0.1615687,-6.42949300365142e-19,-2.46463172115849e-52,-0.378839304649517,-0.00930973394645385,0.25208671363923,-0.0909105484918548,-2.59843006314714,0.350733825700565,-5.19615346991719e-17,7.19273652904378e-52
5.28,0.4741467,0.1524534,-1.43354492595601e-14,-1.44634627886812e-51,-0.495118165656542,-0.0260443283642555,0.247135531982664,-0.0911709917754974,-2.47296747906826,0.325301478568582,-9.19771934660558e-13,4.54419853942508e-51
5.29,0.4767092,0.1432532,-5.56926617828899e-11,-2.63269907284686e-50,-0.604870703672905,-0.0417079669677101,0.241086824945935,-0.0915880714451745,-2.36210627280694,0.300846451832987,-3.13935332796605e-09,8.93161355760738e-50
5.3,0.4782101,0.1336971,-6.20603210700843e-08,-1.41911506141189e-48,-0.710424632011303,-0.05853825635009,0.233982578625822,-0.0921734540086754,-2.26207600226124,0.274066943511898,-3.21339858589609e-06,5.27538610137819e-48
5.31,0.4793731,0.1243332,-1.76175655510449e-05,-4.83741090598058e-47,-0.805296278415668,-0.0717318061677599,0.225929615841666,-0.092890772070353,-2.17508803944283,0.252517759947355,-0.000857565805671747,1.94774290092262e-46
5.32,0.4798372,0.1149012,-0.0019950649423641,-1.34847823141767e-45,-0.892738620933148,-0.0836672302332637,0.217002229632334,-0.0937274443726856,-2.09667957951336,0.232714063434768,-0.0925077620895405,5.87563765092498e-45
5.33,0.4797125,0.1054264,-0.0613687349056623,-2.61402385938132e-44,-0.971823244721044,-0.0941477542260429,0.207283997185124,-0.094668921914946,-2.02556551888679,0.215067262035417,-2.73942756107387,1.22818444487505e-43
5.34,0.4789539,0.095938,-0.142795637890245,-3.20995210518994e-43,-1.04306307230517,-0.102971049226785,0.196853366462072,-0.0956986324072139,-1.96006151717424,0.199972076393928,-6.186710525271,1.61540726773869e-42
5.35,0.4775939,0.08635399,-0.153089927731381,-3.0077667878269e-42,-1.10632981587034,-0.110891802272098,0.185790068303369,-0.0968075504299349,-1.89907719132548,0.186296830392485,-6.4793299753902,1.61708030425732e-41
5.36,0.475711,0.0767421,-0.156344629228761,-1.88328371387716e-41,-1.16117539626357,-0.11735766769625,0.174178314340733,-0.0979811271068974,-1.84180145274399,0.17492971983599,-6.49788021396559,1.07357446323974e-40
5.37,0.4722574,0.06608164,-0.158648205158595,-6.16345986183026e-40,-1.21671570155016,-0.13096917875067,0.162011157325231,-0.0992908188944041,-1.78560340660875,0.152521207191111,-6.49976952349728,3.99639206879376e-39
5.38,0.4692905,0.05622036,-0.160288488141177,-2.25746932930229e-39,-1.25519918458398,-0.135584945264375,0.149459165479392,-0.100646668347048,-1.73347772599333,0.144144351722816,-6.49994698227768,1.54524497382567e-38
5.39,0.4660989,0.04639005,-0.161442049479514,-5.30162143261259e-39,-1.28375455812161,-0.138338820550224,0.136621619898176,-0.10203005655255,-1.68325386889915,0.13870859385657,-6.49998152717352,3.76728135556145e-38
5.4,0.4626898,0.03645144,-0.162162194505786,-1.08527493647284e-38,-1.30294312799656,-0.140525775440828,0.12359218861821,-0.103435314306958,-1.63431075089547,0.134198997584951,-6.49999068065414,7.96704060146301e-38
5.41,0.4595992,0.02679276,-0.162479521972791,-9.62552991585784e-39,-1.30890286670433,-0.138928702778738,0.110503159951167,-0.104824601334746,-1.58636293093804,0.135457091692346,-6.49999222982146,7.00121619087833e-38
5.42,0.4567412,0.01719152,-0.162413477362194,-6.03074266354614e-39,-1.30341741874147,-0.135729755615563,0.0974689857637519,-0.106181898890901,-1.5386912992654,0.139101716424219,-6.49999004155329,4.27353372984979e-38
5.43,0.4542758,0.007773831,-0.161963064225918,-2.18671441893327e-39,-1.28613426241449,-0.130027408205271,0.0846076431396071,-0.107482172972954,-1.49072228439255,0.146417370629812,-6.49997996858003,1.47438850541383e-38
5.44,0.45235,-0.001436675,-0.161108027169897,-4.60734531067518e-40,-1.25692615308413,-0.121869592547847,0.0720383816087658,-0.108700868898433,-1.44182551361878,0.157254327218126,-6.4999351641638,2.90205512828855e-39
5.45,0.4510396,-0.01040426,-0.159803720796353,-5.5774856043945e-41,-1.21635825614317,-0.111216747165662,0.059874799047334,-0.109813036370089,-1.39134618514534,0.171595403519714,-6.49965838345944,3.23698940133887e-40
5.46,0.4503592,-0.01913299,-0.15794004188027,-4.23131990935341e-42,-1.16554576383795,-0.0983828639461866,0.0482193414089546,-0.110796865009551,-1.33865064956294,0.188918835018565,-6.49706448790556,2.2455114329617e-41
5.47,0.4507029,-0.02703603,-0.15445062875523,-8.11888064333619e-44,-1.10239400751792,-0.0787369748607638,0.0371954013337754,-0.111584234758159,-1.28246705496861,0.215716649688314,-6.45208137220318,3.80369768710655e-43
5.48,0.4506319,-0.03596272,-0.13441359460284,-1.28803099678523e-44,-1.04046497629797,-0.0684258999950771,0.0267907515707956,-0.112268493758109,-1.22482147123921,0.229205256845983,-5.725150193526,5.69476896646806e-44
5.49,0.4519734,-0.04365404,-0.0213449927860901,-4.17228507687312e-46,-0.96475118058826,-0.0478771554974298,0.0171432397649131,-0.112747265313084,-1.16126408729563,0.256788190770717,-0.932877239311185,1.65276538061804e-45
5.5,0.4525697,-0.05201299,-0.000563394116793647,-7.13197031396388e-47,-0.895056586773585,-0.0339754302475175,0.0081926738971772,-0.113087019615559,-1.097205587432,0.275116370580393,-0.0253891364547969,2.6413262732738e-46
5.51,0.4539154,-0.05969768,-6.33535083373301e-06,-1.48340383141572e-47,-0.818820069467376,-0.0150584351729659,4.4732025034442e-06,-0.113237603967289,-1.02789010377738,0.300155044035495,-0.000296699948921332,5.04393699424719e-47
5.52,0.4556812,-0.0669852,-3.81488760390829e-08,-1.09085843419079e-47,-0.739892270946042,0.00601068143999406,-0.00739444950695697,-0.113177497152889,-0.954065022244017,0.327948675670206,-1.87250131920025e-06,3.40014783294781e-47
5.53,0.4571939,-0.0740972,-1.71728792961628e-10,-3.9437512658217e-47,-0.66470263884743,0.0270563998504425,-0.0140414758954313,-0.112906933154384,-0.879112327708736,0.355619739455995,-8.89462074172336e-09,1.13548200448496e-46
5.54,0.4585968,-0.08086617,-5.12279637964427e-13,-6.92067461233847e-46,-0.592264454124063,0.0493322481607379,-0.0199641204366719,-0.112413610672777,-0.803079767411102,0.384818615069213,-2.82505113595684e-11,1.84543221652222e-45
5.55,0.4598882,-0.08716569,-9.61079295803188e-16,-5.46521747267811e-44,-0.522868266342691,0.0736348015546771,-0.0251928031000988,-0.11167726265723,-0.726802812875195,0.416525771990222,-5.72405406751272e-14,1.35062712827393e-43
5.56,0.4609843,-0.09233131,-1.14202652486457e-18,-4.37510796284768e-41,-0.457447854273476,0.105167106385572,-0.0297672816428336,-0.110625591593374,-0.65180495648231,0.456994741696451,-7.51399313709178e-17,9.90707504161171e-41
5.57,0.4619763,-0.09663967,-7.33572961637982e-22,-1.09605921920955e-37,-0.39536146159282,0.140795421534641,-0.0337208962587618,-0.109217637378028,-0.57832090505021,0.501990221085693,-5.51222810209535e-20,2.27581435530097e-37
5.58,0.4627228,-0.1000876,-2.79626745670717e-25,-3.96975467997844e-34,-0.337948583671624,0.179952819252341,-0.037100382095478,-0.107418109185504,-0.508403485341976,0.550504610024104,-2.42948655048574e-23,7.58374660654869e-34
5.59,0.4630943,-0.1021179,-7.52220737876358e-29,-2.87237953125478e-30,-0.28630182364763,0.226714252966211,-0.0399634003319543,-0.105150966655842,-0.4440137243438,0.606490175460643,-7.3051430018284e-27,5.03826637317681e-30
5.6,0.4630688,-0.1027354,-1.57258768968331e-32,-2.13408167106475e-26,-0.240479819630357,0.280071497903794,-0.0423681985282579,-0.102350251676804,-0.385942815956813,0.667823801749062,-1.58027930082869e-30,3.44639169657555e-26
5.61,0.462801,-0.1017771,-1.92009490028642e-36,-1.32456895112619e-22,-0.199014068052396,0.340455178899569,-0.0443583392087818,-0.0989456998878088,-0.332996418018536,0.733759130931285,-1.92099817610569e-34,1.97830661367179e-22
5.62,0.4619586,-0.0996711,-2.71535810945408e-40,-3.41943928507654e-19,-0.164608295479347,0.403280949268568,-0.0460044221635753,-0.0949128903951231,-0.288641042815707,0.799176398574019,-2.83175932785549e-38,4.77120209513405e-19
5.63,0.4603817,-0.09628271,-9.64183684200906e-44,-4.4477847893732e-16,-0.138243360491416,0.46902193118091,-0.0473868557684895,-0.090222671083314,-0.254306402035877,0.864064251275212,-1.12535044355657e-41,5.84895729358924e-16
5.64,0.4579595,-0.09213455,-2.18602353949575e-46,-2.03288554885649e-13,-0.120350738447589,0.532612552334651,-0.0485903631529654,-0.0848965455599675,-0.230621012338164,0.92463545758221,-2.98467697793215e-44,2.5462002933184e-13
5.65,0.4548849,-0.08613316,-3.01187982367191e-48,-8.51760976220799e-11,-0.108719011257189,0.602889508868862,-0.0496775532655372,-0.0788676504712788,-0.214870216734841,0.986700853012018,-4.86360485988345e-46,1.02100582205581e-10
5.66,0.4511329,-0.07840873,-3.70278984091328e-49,-2.66075095810165e-08,-0.103103649511432,0.67770874840582,-0.0507085897606516,-0.0720905629872206,-0.206656066888854,1.04808140135282,-6.74030063120937e-47,3.07067371277996e-08
5.67,0.4461283,-0.07026417,-2.98447935592767e-48,-2.89502179010801e-06,-0.107845354398159,0.745305699151453,-0.0517870433046332,-0.0646375059957061,-0.211030588807094,1.10300586687204,-5.07942726458617e-46,3.24334042662739e-06
5.68,0.4400589,-0.06102905,-4.1273559267367e-46,-0.000194137039862379,-0.120457594585488,0.811383164150345,-0.052991619250488,-0.0565236743542026,-0.224588754733633,1.15503215194472,-5.96275404407421e-44,0.000212208088880453
5.69,0.4328246,-0.05077841,-4.99063360960585e-43,-0.00821184264099118,-0.141015253454766,0.874969444973485,-0.0544017717850357,-0.0477739799044678,-0.246892562236124,1.20418884446412,-6.06210223364219e-41,0.00879609414928068
5.7,0.4251047,-0.03859536,-3.95115683949609e-40,-0.331504725735673,-0.163010754401203,0.943449211383664,-0.0560318793290477,-0.0383394877906312,-0.269867087336339,1.25299874468906,-4.32751772539931e-38,0.348970939836684
5.71,0.4161034,-0.02581784,-9.98225743794028e-37,-3.53217483520658,-0.192814733443606,1.00478328895346,-0.0579600266634838,-0.0282916549010965,-0.300307137118388,1.29814410917283,-1.02134620578558e-34,3.66758993856091
5.72,0.4058861,-0.01237494,-3.39925348987363e-33,-6.00067056164079,-0.229000225080296,1.05971514817416,-0.0602500289142867,-0.0176945034193549,-0.335682688635312,1.34055054703394,-3.39941068359943e-31,6.16323646579602
5.73,0.3957854,0.003659188,-1.40399492002882e-30,-6.36823658350774,-0.259620429843472,1.12440809237586,-0.0628462332127215,-0.00645042249559632,-0.362930365506155,1.38345709463715,-1.4064701681519e-28,6.4815869423807
5.74,0.3847525,0.02056619,-5.44826622087093e-28,-6.42881137609814,-0.29368311244896,1.183279088494,-0.0657830643372111,0.0053823683893437,-0.391556419760818,1.4241155541987,-5.47499203542914e-26,6.49856042915185
5.75,0.3728079,0.03817914,-1.72438375724913e-25,-6.46201218317983,-0.330474893199073,1.23499558796022,-0.0690878132692018,0.0177323242689459,-0.420411940186896,1.46284241848371,-1.71504526609019e-23,6.49983119174875
5.76,0.3614556,0.05830516,-7.79440346952986e-24,-6.4842487123899,-0.356922779551212,1.29480985736252,-0.0726570410647139,0.0306804228425712,-0.437490050196383,1.50118238513744,-7.62904602339637e-22,6.49998427761939
5.77,0.350825,0.0809094,-6.84497799012687e-23,-6.49664095992487,-0.37261417658393,1.36131906825112,-0.0763831828305532,0.0442936135250824,-0.443742799541614,1.53864409370334,-6.64973451028772e-21,6.49999873109663
5.78,0.3397921,0.1042046,-5.12796728109454e-22,-6.49995285380088,-0.387721159423688,1.41861172220571,-0.0802603944247901,0.0584797307471395,-0.448884941758643,1.57459959587928,-4.94820548680388e-20,6.49999984103508
5.79,0.3291908,0.1289219,-1.41485832772128e-21,-6.49513823238407,-0.395206406578769,1.47311541897279,-0.0842124584905778,0.0732108849368674,-0.447151228343694,1.60948554660998,-1.36844592544127e-19,6.49999997632494
5.8,0.3178425,0.1532102,-5.36261837845635e-21,-6.48273796586445,-0.405490798594979,1.50926087011839,-0.0882673664765276,0.0883034936380514,-0.447621549081804,1.64370999253823,-5.18345578315832e-19,6.4999999931199
5.81,0.3088945,0.180891,-1.16162902412604e-21,-6.46363093733002,-0.391962925162106,1.56008147844604,-0.0921869957281486,0.103904308422512,-0.428663241042563,1.67665723473998,-1.14742434894461e-19,6.49999999871916
5.82,0.299244,0.2075506,-4.11959608512989e-22,-6.43722195578547,-0.382620649105075,1.58727272341313,-0.0960132022191994,0.119777035656643,-0.413768695413991,1.70992633692539,-4.11477440974123e-20,6.49999999947678
5.83,0.2899377,0.23428,-7.86365837024311e-23,-6.40345995292034,-0.368424409113912,1.60165440465731,-0.0996974463103385,0.135793579703216,-0.395479477652097,1.74340366681699,-7.8999246703161e-21,6.49999999967885
5.84,0.2808222,0.2604949,-9.67306392198949e-24,-6.36135731392734,-0.351151059896086,1.59930579632721,-0.103208956909299,0.151786637666488,-0.375305673000789,1.77775777623214,-9.71009310965892e-22,6.49999999966965
5.85,0.2701718,0.2841662,-5.33801351671355e-24,-6.30702692776484,-0.345579425454172,1.56473427629752,-0.106664751163841,0.167433980429463,-0.365198998824509,1.81513582822973,-5.34952440516961e-22,6.49999999907259
5.86,0.2613939,0.3089213,-2.63362799276914e-25,-6.24406584435291,-0.322307657098106,1.53099385383891,-0.109887827734822,0.182743918967853,-0.341220480622064,1.85241591593311,-2.63263172865115e-23,6.4999999974258
5.87,0.251624,0.3313694,-3.46562689157198e-26,-6.16404385682972,-0.306883950751262,1.47003070280654,-0.112956667242335,0.197444225995918,-0.324206578043391,1.89378724058736,-3.47624201957224e-24,6.49999998211569
5.88,0.2425294,0.3530526,-1.56477320729051e-27,-6.06725831938052,-0.2848314247479,1.39732458603174,-0.115804981489814,0.211417471856235,-0.302327508706014,1.9378331065442,-1.59688185930268e-25,6.49999979941343
5.89,0.2325002,0.3722605,-1.96625834322074e-28,-5.94245931683113,-0.270287084117651,1.30011403253042,-0.11850785233099,0.22441861218154,-0.287041127999404,1.98808684930446,-2.05716849590752e-26,6.49999376174839
5.9,0.222934,0.3902305,-1.06579019065766e-29,-5.78742725101904,-0.251049174048669,1.19137279201335,-0.121018344071477,0.236332340101673,-0.268366264903531,2.04339455294767,-1.17328516822665e-27,6.49960965196656
5.91,0.212688,0.4059881,-1.25900749996624e-30,-5.52224644272764,-0.237172170171714,1.06469321588738,-0.123390065773194,0.246979272260547,-0.254435533102263,2.10727124936122,-1.46852340959922e-28,6.42456893875314
5.92,0.2024503,0.4197435,-1.21401043469169e-31,-0.585509088163868,-0.222551117579227,0.92417374746924,-0.125615576948986,0.256221009735239,-0.240231549979682,2.18125912569834,-1.53857390504031e-29,0.714558798581656
5.93,0.1925373,0.4324218,-5.92226430390345e-33,-0.000296217592036223,-0.204700633475721,0.77961534603288,-0.127662583283744,0.264017163195568,-0.223743615001712,2.26431073535469,-8.62985978622914e-31,0.000385214514008116
5.94,0.1823823,0.443022,-3.57702936533437e-34,-1.93215092179411e-08,-0.188734364518007,0.62402260637997,-0.129549926928924,0.270257389259368,-0.209086773989991,2.36248790003608,-6.26602275534597e-32,2.75026749075358e-08
5.95,0.1725504,0.4523549,-1.03252095595142e-35,-1.86353980108461e-13,-0.169879126103893,0.46611997468468,-0.131248718189963,0.274918589006215,-0.19238057277687,2.47464168852244,-2.52311452027529e-33,3.01281310363867e-13
5.96,0.1623182,0.4593699,-4.87002555341662e-37,-1.09986605723495e-19,-0.154535379138343,0.298453188551203,-0.132794071981346,0.277903120891727,-0.178761993377839,2.60923262798451,-1.85420107310404e-34,2.16526042038537e-19
5.97,0.153255,0.4662524,-1.00493485272026e-39,-1.46669832304439e-25,-0.129413146565513,0.141158766533493,-0.134088203447001,0.279314708557062,-0.15749382809543,2.752071360214,-2.13659813736909e-36,3.8653907942436e-25
5.98,0.1444595,0.4719734,2.1191432367255e-41,-3.13941902007597e-28,-0.103015636935886,-0.0140918718290095,-0.13511835981636,0.279173789838772,-0.135420914023169,2.90788153604692,-2.1075569026216e-38,1.3623042817198e-27
5.99,0.1368671,0.4776565,4.35507132783135e-44,-3.13186430897097e-26,-0.0678199240066419,-0.157055034122287,-0.135796559056426,0.277603239497549,-0.106383932757488,3.10156386413272,-7.50052870158102e-41,9.97981844565156e-25
6,0.128605,0.480785,-6.46056631564554e-45,3.25540544235552e-22,-0.0404251879977586,-0.308682660180178,-0.136200810936404,0.274516412895747,-0.083810808020114,-2.98063487390536,-2.74508080590691e-42,4.12291663255817e-19
6.01,0.1214752,0.4840072,-2.46513604521362e-45,4.3888800361835e-16,-0.00533187151975767,-0.44518709437304,-0.136254129651602,0.270064541952016,-0.054987024799233,-2.80156682444628,-3.52379151047742e-43,4.3874156373021e-14
6.02,0.1148299,0.4864138,-8.10573553336334e-45,8.23014037800646e-12,0.0311737779591237,-0.574433320867378,-0.13594239187201,0.264320208743343,-0.02495784633727,-2.63970142478572,-1.08917357194888e-42,7.2449783253351e-10
6.03,0.1088182,0.4880444,3.44676861744652e-43,3.20452949396853e-08,0.0699667611356425,-0.695796099433089,-0.135242724260654,0.257362247749012,0.00709681671703985,-2.49746424080633,-8.78075875836211e-41,2.13419196852251e-06
6.04,0.1034582,0.4894794,2.20573393833739e-39,2.09433420646177e-05,0.110738116380052,-0.804257655331991,-0.134135343096853,0.249319671195692,0.0410331505962267,-2.37792763360884,-6.8064629403791e-38,0.00119907488498296
6.05,0.09761198,0.4888994,1.475003544925e-36,0.00743069221767019,0.143545168869011,-0.915256992571965,-0.132699891408163,0.240167101269972,0.0686580940641755,-2.26594774891571,-2.33674473792697e-35,0.385890911891433
6.06,0.09255756,0.4881412,1.38391202981251e-33,0.116114102507263,0.179487792703748,-1.01253578602632,-0.130905013481126,0.230041743409709,0.0992751356763983,-2.1719414735992,-1.39807397058747e-32,5.6403059675425
6.07,0.08843134,0.4873905,1.59524695234358e-30,0.139979333194023,0.21919135615501,-1.09500782693978,-0.128713099919576,0.219091665140311,0.133532906688192,-2.09222183456493,-1.17686947222606e-29,6.47404997838054
6.08,0.08316341,0.4843396,1.03044335888448e-28,0.146365705207724,0.244794906420573,-1.18250485062358,-0.12626515085537,0.207266616634075,0.156483083689879,-2.01476726236149,-6.52076157457812e-28,6.49930147978084
6.09,0.07954798,0.4822347,2.59167868245364e-26,0.150630382760207,0.280606817675464,-1.24700812982336,-0.123459082678615,0.194796535335842,0.188616196149892,-1.95030980463013,-1.37742732098256e-25,6.49994276182714
6.1,0.07452372,0.4778803,4.02036211824138e-25,0.154228166079379,0.299985358055993,-1.31653392693061,-0.120459229098055,0.181631196066536,0.207479875177769,-1.88674162432838,-1.95429943026935e-24,6.49999566888569
6.11,0.07024709,0.4737331,8.3386183668554e-24,0.15691497042033,0.322155145380432,-1.36975069643201,-0.117237677644251,0.167933689102216,0.229282521338461,-1.82992805019551,-3.68555945768398e-23,6.49999934105008
6.12,0.0659017,0.4691391,8.37739286863544e-23,0.158964825202698,0.339917603007882,-1.41306869754474,-0.113838501614172,0.153803002126768,0.24792713769808,-1.77669743276473,-3.43368413249338e-22,6.49999984972737
6.13,0.06146406,0.4642368,4.40540532278697e-22,0.16048133185582,0.353319798525796,-1.44584982127816,-0.110305303628914,0.139344503913987,0.26338077208428,-1.72625243161772,-1.70253925481789e-21,6.4999999491403
6.14,0.05665069,0.4590666,9.68887115815461e-22,0.161543278276083,0.360267479559818,-1.46839361225019,-0.106702628833316,0.124660567791485,0.273688278223957,-1.67775593222307,-3.60659418681066e-21,6.49999997529315
6.15,0.05147306,0.4537691,9.91331216080735e-22,0.162200970121871,0.361346461943151,-1.4802174725981,-0.103089164213885,0.109858393065504,0.27912769611921,-1.63057372630744,-3.61973103766865e-21,6.49999998274179
6.16,0.0457718,0.4483849,4.19769752686066e-22,0.162485316676457,0.355710885200454,-1.48178022268064,-0.0995320553618801,0.0950405908386974,0.278643910281392,-1.58404047281128,-1.53534706510232e-21,6.49999998305079
6.17,0.0395557,0.443193,7.68990572606925e-23,0.162407651764382,0.344035192388345,-1.47159725384882,-0.0960917034379967,0.0803246183002092,0.272460479694446,-1.53758029593317,-2.87511436903965e-22,6.49999997538696
6.18,0.03273418,0.4381416,5.45836874890811e-24,0.161960964611847,0.32615185817974,-1.45113419653532,-0.0928301848561992,0.065813276334856,0.259996666478132,-1.49052854820591,-2.13623565224759e-23,6.49999994927465
6.19,0.02600801,0.434189,3.52163998375495e-25,0.161107841959136,0.308548516180077,-1.41341853518874,-0.0897446996943985,0.0516790909829686,0.247085972269261,-1.4417425138475,-1.44819523192067e-24,6.49999980730561
6.2,0.01739846,0.4291057,1.36684297223953e-27,0.159835135601097,0.274833119272261,-1.37865675167154,-0.0869963685016759,0.0378925234662532,0.217435835213572,-1.39211904098238,-6.35549686812576e-27,6.49999932094208
6.21,0.009305793,0.4254655,7.93867486732144e-30,0.158012065183566,0.246596471246948,-1.32545763682701,-0.0845304037892064,0.0246379470979831,0.191791755786719,-1.33867098356008,-4.15414964195803e-29,6.49999509239479
6.22,-8.464795e-05,0.4215767,3.43326444622002e-33,0.155612344105821,0.208458796219375,-1.26976389390415,-0.0824458158270127,0.0119403081589415,0.154650147969555,-1.28279712344233,-2.19699832677928e-32,6.49995775242258
6.23,-0.009147843,0.4186218,1.42175016371022e-36,0.152410420296072,0.175058376172611,-1.20234298985641,-0.0806952320652865,-8.31217396225613e-05,0.121021985683312,-1.22164501467192,-1.15871030386586e-35,6.49935218464408
6.24,-0.01874935,0.4160059,8.56397275378033e-41,0.148011790128683,0.139025099817606,-1.12956882740875,-0.0793049810671105,-0.0113788100137101,0.083488404110662,-1.1555172356625,-1.06225695274375e-39,6.4853715534487
6.25,-0.02858644,0.4140292,1.04654111915654e-45,0.131714511154217,0.10335619659643,-1.04989288608487,-0.0782714191011462,-0.0218777388745587,0.0454531249309458,-1.0825512173558,-2.82753242227576e-44,5.9813921237371
6.26,-0.03835646,0.4125078,4.43921368506674e-51,0.0210190420743006,0.0707949127138745,-0.965961207196411,-0.0775634699740074,-0.0315373509465228,0.0102249342251439,-1.00231304658658,-7.50487830725306e-49,0.999832563407405
6.27,-0.04807769,0.4115831,-5.57388907993302e-55,0.000197186413717777,0.0411599407329977,-0.877529780716308,-0.0771518705666775,-0.0403126487536859,-0.0220703964280591,-0.913123880819932,-7.93513472719136e-53,0.0099593167765483
6.28,-0.05723008,0.411483,-4.43783399666291e-57,6.65423000144254e-07,0.0187464167431228,-0.783689186118338,-0.0769644063992462,-0.0481495406148693,-0.0465339101957518,-0.81241709684991,-5.6645657847854e-55,3.639243287864e-05
6.29,-0.06588449,0.4119475,-7.70873675103081e-58,9.194681310877e-10,0.00251944895061396,-0.687693220841524,-0.0769392119097401,-0.0550264728232846,-0.0642045139914861,-0.700910500190364,-1.35499011295461e-55,5.64863957918113e-08
6.3,-0.07382391,0.4128632,-6.62352810710553e-58,4.40688437745198e-13,-0.00611715508324107,-0.591321829955202,-0.0770003834605725,-0.0609396911228366,-0.0735659624597473,-0.579694348622075,-1.60644407180615e-55,3.30227761566361e-11
6.31,-0.0809354,0.4143834,-6.96403874611991e-58,5.08021295999325e-17,-0.00679667835918174,-0.493997991751153,-0.0770683502441643,-0.0658796710403481,-0.074276219611434,-0.448564917930701,-1.74113791964322e-55,4.90425527552004e-15
6.32,-0.08716765,0.4162254,-7.59177999134353e-58,1.49825132212862e-21,0.00024736023502836,-0.398816631762908,-0.077065876641814,-0.0698678373579772,-0.0666289610861484,-0.312973231573168,-1.4326211578442e-55,1.51281671015668e-19
6.33,-0.0923983,0.4182179,-2.58332211391442e-57,1.6951948291449e-27,0.0153378069527621,-0.307675991762942,-0.0769124985722864,-0.0729445972756066,-0.0502609162199797,-0.178679136712566,-3.43692087853868e-55,6.4763653892284e-25
6.34,-0.0969324,0.4199998,-9.66248992020537e-56,2.11392931436236e-33,0.0351585344678744,-0.223861322889198,-0.0765609132276077,-0.0751832105044986,-0.0287042212742786,-0.0538976783784898,-1.23267384750528e-53,2.96640170948274e-31
6.35,-0.1002087,0.4215154,6.01353226805375e-53,-3.90202950684961e-40,0.0638420253869452,-0.147800031087402,-0.0759224929737382,-0.0766612108153726,0.00268285566706312,0.0581943152719355,-4.34333147857008e-50,7.64619305032381e-39
6.36,-0.1024773,0.4224366,8.54046936847229e-47,-4.29601630831532e-48,0.0983653536387195,-0.0820900412074872,-0.074938839437351,-0.0774821112274475,0.0407885751869161,0.152831859656359,-2.65593245706094e-45,2.780151502848e-47
6.37,-0.1037246,0.422473,2.8325650667108e-41,-1.23983869734439e-54,0.138109517965495,-0.0287238396173324,-0.0735577442576961,-0.0777693496236208,0.0851330710510669,0.227635086609757,-3.43089560975544e-40,5.51795844974508e-54
6.38,-0.1039481,0.4213796,3.63689687791786e-36,-9.49918645232519e-56,0.182379687129189,0.01093128278678,-0.0717339473864042,-0.077660036795753,0.135139583990996,0.281988462150587,-2.65146946707636e-35,3.43403734529678e-55
6.39,-0.1028825,0.4188533,2.29191190826433e-31,-5.79447679777963e-54,0.232689159428929,0.0352404774744368,-0.0694070557921149,-0.0773076320210086,0.192641604363004,0.315035356496087,-1.19437848420086e-30,1.87879172013003e-53
6.4,-0.1007478,0.4150638,4.24258101770186e-27,-1.04416931459533e-52,0.286350089190142,0.0467253681830053,-0.0665435549002135,-0.0768403783391786,0.254755376606489,0.331006659711662,-1.69365512812168e-26,3.22510798527242e-52
6.41,-0.09718747,0.4101877,4.00416118431309e-23,-1.16333772209286e-52,0.345665106890778,0.0478470665879822,-0.0630869038313057,-0.0763619076732988,0.323966383994251,0.333360742743575,-1.26313680440225e-22,3.56828493217286e-52
6.42,-0.09198344,0.403437,2.21887386570204e-19,-1.6562528552941e-54,0.411553155423457,0.0329458954832171,-0.0589713722770711,-0.0760324487184666,0.400966723255723,0.314228012528702,-5.68689871375913e-19,5.38376327544663e-54
6.43,-0.08504438,0.3953139,7.05167477949483e-16,-2.45006393167805e-56,0.483758082078774,0.00762622455460793,-0.0541337914562834,-0.0759561864729205,0.484838994862104,0.280219986810259,-1.51160678455863e-15,8.91196200457764e-56
6.44,-0.07596278,0.3863779,1.65016193451331e-12,-1.50836082068766e-55,0.564624980876969,-0.0224260835239747,-0.0484875416475137,-0.0761804473081602,0.576754821910132,0.238504448405348,-3.02477459200939e-12,6.41850066446027e-55
6.45,-0.06499779,0.3765286,2.09567410111895e-09,-1.47821428958217e-51,0.650706736841768,-0.0574298082806717,-0.041980474279096,-0.076754745390967,0.671848363741642,0.188637406777819,-3.36724993301567e-09,7.85560208146542e-51
6.46,-0.0509899,0.3661681,2.82269080632921e-06,-1.5127018563687e-46,0.750583900557673,-0.0933916244918649,-0.0344746352735193,-0.0776886616358856,0.775124885036406,0.136489487230418,-4.034186174373e-06,1.09207023390447e-45
6.47,-0.03495886,0.3554176,0.00190257171070221,-5.10365525127937e-42,0.853933910322572,-0.128968180113626,-0.0259352961702936,-0.0789783434370219,0.875794430202543,0.0845494795266096,-0.00247725869609589,6.23366165969281e-41
6.48,-0.01644895,0.3446567,0.729920204211798,-1.07331079766407e-38,0.963516144420221,-0.160795314626893,-0.0163001347260914,-0.0805862965832908,0.974234941405654,0.0382544200733374,-0.882298169664628,3.62685597022624e-37
6.49,0.004192935,0.3339122,5.54461895927451,2.73494752233599e-37,1.07515451359036,-0.188729436167348,-0.00554858959018775,-0.0824735909449643,1.06696172404601,-0.00180258342611211,-6.33109384890642,3.17948956490111e-34
6.5,0.02680323,0.3234035,5.93983999261587,3.63802709617659e-34,1.18652652457395,-0.211076797426227,0.00631667565555177,-0.0845843589192266,1.15294500583569,-0.0331141748633666,-6.49874498411017,4.48581935868843e-32
6.51,0.05087153,0.3130144,6.12900076757387,1.24756738829906e-32,1.29262607940509,-0.229095193902833,0.0192429364496027,-0.0868753108582549,1.23123087541274,-0.0575830376621575,-6.49998274715823,1.87271010749166e-30
6.52,0.07629421,0.3030498,6.26825250961171,8.07090506453547e-32,1.39227397014551,-0.240487976038855,0.0331656761510577,-0.0892801906186434,1.3028979850896,-0.0723140743160199,-6.49999958263226,1.85975114283066e-29
6.53,0.1023925,0.2932552,6.3671130184921,2.30398098400063e-31,1.4796615317208,-0.247820489882994,0.0479622914682658,-0.0917583955174734,1.36819142298652,-0.0811592676998318,-6.49999998034865,8.2163579056615e-29
6.54,0.1290542,0.2838674,6.4344780378623,3.37367889150255e-31,1.55424707052378,-0.249409385935449,0.0635047621735036,-0.0942524893768278,1.42865325785046,-0.0821686205464253,-6.49999999834499,1.28206000500045e-28
6.55,0.1555137,0.274377,6.47612930173128,4.47896442855876e-31,1.6102013106103,-0.24991987368206,0.0796067752796066,-0.0967516881136484,1.48504666164032,-0.0817438065063391,-6.49999999972305,1.65643430245603e-28
6.56,0.181487,0.2648969,6.49666168374975,4.90939291653179e-31,1.64630353838514,-0.248494989667305,0.096069810663458,-0.0992366380103215,1.5387373855719,-0.0788468864654133,-6.49999999991077,1.53244755919073e-28
6.57,0.2067135,0.2553197,6.49868101392616,4.74729685743007e-31,1.6617636283026,-0.246182145422452,0.112687446946484,-0.101698459464546,1.59094721943052,-0.0749042390211947,-6.49999999994572,1.22025833063967e-28
6.58,0.2307446,0.2454588,6.48314717020679,4.87335285375052e-31,1.65444267143353,-0.244601379886296,0.129231873660819,-0.104144473263409,1.64284021927981,-0.0719837534173965,-6.4999999999348,1.10840384145817e-28
6.59,0.2528413,0.2346796,6.44925631737756,1.01208511915973e-30,1.6201263279363,-0.24893582229368,0.145433136940182,-0.106633831486346,1.69586275622739,-0.0764507490506827,-6.49999999982285,2.79517497955062e-28
6.6,0.273947,0.2239238,6.39499056311162,1.57025270749967e-30,1.56909057931936,-0.250876418263916,0.161124042733376,-0.109142595668985,1.75083550029147,-0.0778689222929517,-6.49999999917467,4.65442063584278e-28
6.61,0.293132,0.2123905,6.31554687080498,3.57002354490782e-30,1.49534302533333,-0.257211999680839,0.176077472986709,-0.111714715665793,1.80965475366691,-0.0845300750718633,-6.49999999155953,1.59864172523579e-27
6.62,0.3105025,0.2004338,6.20386956045967,6.47400167251497e-30,1.40213446439029,-0.264600353445395,0.190098817630612,-0.114360719200247,1.87388252471214,-0.0922361493758929,-6.49999981134503,6.33661366621869e-27
6.63,0.3256274,0.1874911,6.04713845861478,-3.23517995019109e-29,1.28813101801196,-0.277536611017586,0.202980127810732,-0.117136085310423,1.94636277505204,-0.106168180027857,-6.49998881570162,5.73815229634467e-26
6.64,0.3387893,0.1739747,5.82678884221652,-7.38483594165223e-28,1.15816687636151,-0.292059225257047,0.214561796574347,-0.120056677562994,2.02946895828502,-0.12143606221132,-6.49818928682233,6.04812109395743e-25
6.65,0.3502855,0.1602007,4.88361712061758,-5.00659379896948e-27,1.01691359893546,-0.305312771296327,0.224730932563701,-0.123109805275957,2.12579391916183,-0.134716246928095,-5.74587491397544,4.85100581987083e-24
6.66,0.3603458,0.1463556,0.024770526408301,-1.33803916345231e-26,0.86817303457196,-0.315759438269147,0.233412662909421,-0.126267399658648,2.23824483466033,-0.14439329653542,-0.031539239378664,2.46216761100668e-23
6.67,0.3697885,0.1333302,4.83147487669476e-06,-1.98843688225963e-26,0.720363171219667,-0.316191873927835,0.240616294621618,-0.129429318397927,2.3658703660285,-0.14282178758707,-6.90092756398809e-06,3.1074610785729e-23
6.68,0.3763764,0.1189639,5.85478443879402e-11,-1.37915187740228e-26,0.555873611751711,-0.325258995270755,0.246175030739135,-0.132681908350634,2.52634188033914,-0.15054162998313,-1.01424399849367e-10,1.2462576174688e-22
6.69,0.3830761,0.1060836,1.59354605557298e-16,-4.5032232645814e-26,0.401801237665108,-0.318832603164555,0.250193043115786,-0.13587023438228,2.69980643443596,-0.141626579380347,-3.72469663541216e-16,6.35096802665817e-23
6.7,0.3890891,0.0939251,6.68737613896066e-23,-1.37458288866984e-26,0.25171995898431,-0.304534013271221,0.252710242705629,-0.138915574514992,2.88732477282533,-0.124727510635558,-2.67460324290904e-22,1.11454010888405e-23
6.71,0.3946556,0.08267162,4.07959401593604e-29,5.6977813443174e-29,0.10831664065925,-0.281585397992686,0.253793409112221,-0.141731428494919,3.07807974557664,-0.0992542186589465,-7.14080149083158e-28,5.5614024383578e-25
6.72,0.3998804,0.07242186,1.64030361073754e-32,3.73083815772428e-29,-0.0271108792939003,-0.250033479071554,0.253522300319282,-0.144231763285634,-3.02196872277022,-0.0654030666127024,-1.37143879637186e-29,6.78555277269801e-27
6.73,0.4053446,0.06363197,-1.43390141160752e-28,6.91257899789403e-32,-0.149479858266304,-0.207030257059479,0.252027501736619,-0.146302065856229,-2.76971034853305,-0.0203029742475253,-1.43863195703391e-26,1.02899910051801e-29
6.74,0.4096893,0.05516053,-1.34364578610963e-23,-1.57807122420498e-34,-0.270295503363215,-0.163233261267724,0.249324546702987,-0.147934398468906,-2.65912060057587,0.0249596700624506,-1.22780230829764e-21,9.18543874299233e-33
6.75,0.4139152,0.04768012,-5.4608076967751e-19,-1.98375055596492e-37,-0.380563843547225,-0.113450471471246,0.245518908267515,-0.149068903183619,-2.56253790441207,0.0757589242395668,-4.09730331631732e-17,2.77514530982865e-36
6.76,0.4179194,0.04093289,-3.51437127811881e-15,-2.17703798933928e-40,-0.481254946478106,-0.0606426521895909,0.240706358802734,-0.149675329705515,-2.47729359882928,0.129015499739061,-2.26907002423571e-13,1.66226825059782e-39
6.77,0.4210918,0.03467546,-6.12410921677443e-12,-7.38155724545384e-42,-0.577524755136544,-0.00742847728704632,0.234931111251369,-0.149749614478385,-2.39827820164636,0.182079087562811,-3.58132839631121e-10,4.05399756464064e-41
6.78,0.4237558,0.02875915,-2.93255096900776e-09,-6.38600889584496e-41,-0.666396578872927,0.0445675717148344,0.228267145462639,-0.149303938761237,-2.32644377104222,0.23340237011129,-1.59999961538571e-07,2.77464085309715e-40
6.79,0.4257189,0.02304101,-5.50174307695086e-07,-3.01437508747411e-38,-0.749462726747236,0.0939105170027688,0.220772518195167,-0.148364833591209,-2.25978535002904,0.281725840953867,-2.8437737874463e-05,1.09071797811641e-37
6.8,0.4269213,0.01738273,-4.91389620649614e-05,-4.37130191462493e-35,-0.827123728312042,0.139339997799443,0.212501280912046,-0.146971433613215,-2.19731565129329,0.326055350063354,-0.00242808760907463,1.37027829649887e-34
6.81,0.4273503,0.01172398,-0.0023332766847931,-3.94989936262046e-32,-0.899393185705911,0.180370022680139,0.203507349054987,-0.145167733386413,-2.1383918275296,0.366187723167567,-0.110927785001066,1.10523381901851e-31
6.82,0.4269814,0.005924048,-0.0462071975828584,-1.17056913999786e-29,-0.966416209963764,0.21592161825169,0.19384318695535,-0.143008517203897,-2.08241422717046,0.401389277781595,-2.1252821513914,2.99709653474933e-29
6.83,0.4259127,4.695878e-05,-0.129973207733613,-1.25254980193125e-27,-1.02734354593766,0.246732482865458,0.183569751495973,-0.140541192375242,-2.02923064723595,0.432559481576708,-5.81239924001517,2.98648843134363e-27
6.84,0.4235455,-0.006577095,-0.14774321428378,-2.38383180014572e-26,-1.08721492540879,0.267455379746833,0.172697602241885,-0.137866638577774,-1.97682703685027,0.455145399975992,-6.44714942804116,5.41846742463036e-26
6.85,0.4219664,-0.01201244,-0.151627509553065,-1.04595164266206e-24,-1.12840232394306,0.294757449917306,0.161413579002455,-0.134919064078601,-1.9300306376827,0.483888783002543,-6.49068529790562,2.24617062416228e-24
6.86,0.4194375,-0.0179169,-0.154330699889254,-1.31876382813973e-23,-1.16656246200649,0.314227348075427,0.14974795438239,-0.131776790597846,-1.88385442831996,0.506293271304716,-6.4980504557784,2.71699054325932e-23
6.87,0.4158431,-0.02451184,-0.156551274432124,-4.53498165090866e-23,-1.20263320887461,0.324552747153684,0.137721622293644,-0.128531263126309,-1.83804425013311,0.521298918360282,-6.49953787008453,9.09864726189187e-23
6.88,0.4139667,-0.02948785,-0.158235965711587,-6.1163397088878e-22,-1.21346186395798,0.345473735295725,0.125587003654064,-0.125076525773352,-1.79682552990711,0.545783343927169,-6.49968673698237,1.17748421297341e-21
6.89,0.4108757,-0.03540784,-0.15966579532339,-1.75474693967465e-21,-1.22535800735233,0.354826949505494,0.11333342358054,-0.121528256278297,-1.75491908533182,0.560971133206593,-6.49979710710759,3.29647227472611e-21
6.9,0.4088025,-0.04050271,-0.160757030414328,-8.11805102736218e-21,-1.21964365467948,0.368098157508234,0.101136987033746,-0.117847274703215,-1.71495079673653,0.579906000234273,-6.49973279496982,1.48092289835202e-20
6.91,0.4075146,-0.04512069,-0.161560545194732,-3.93180602323279e-20,-1.19973683555261,0.381999671620902,0.0891396186782195,-0.114027277987006,-1.6758985407135,0.599869571626811,-6.49937078417131,6.96281851231059e-20
6.92,0.4068178,-0.04945856,-0.162072743756976,-1.60886606772687e-19,-1.16855434895963,0.394760282043793,0.0774540751886232,-0.110079675166568,-1.63702642057526,0.619405322220531,-6.49758614552149,2.77090354234496e-19
6.93,0.4068204,-0.05357392,-0.162050569498332,-5.32107668727927e-19,-1.12634212586942,0.405910555406642,0.066190653929929,-0.106020569612502,-1.59791227532952,0.638136503467781,-6.48447870390407,8.93224813373684e-19
6.94,0.4075191,-0.05748024,-0.158375496302176,-1.42985445840964e-18,-1.07432909781491,0.415394618344408,0.0554473629517799,-0.101866623429058,-1.55805583820619,0.656021296875597,-6.33554959784345,2.34426614788492e-18
6.95,0.4087541,-0.06135812,-0.111763397070366,-2.68466301479566e-18,-1.01500727251254,0.421794708397664,0.0452972902266545,-0.0976486763450809,-1.51695373843211,0.671887417274595,-4.47722042464476,4.31340369385434e-18
6.96,0.4105937,-0.06500848,-0.0112744560467938,-4.38448519566372e-18,-0.948823324985234,0.426961081306299,0.0358090569768022,-0.0933790655320179,-1.47412136602967,0.687215998271639,-0.453158206948116,6.91231873612588e-18
6.97,0.4125332,-0.06901775,-0.000291138318167653,-3.65174367476099e-18,-0.880981172676794,0.426124914226934,0.0269992452500342,-0.0891178163897485,-1.42935165994834,0.698048386490717,-0.011766588253848,5.68254920847005e-18
6.98,0.4147729,-0.07313005,-4.40946405376094e-06,-2.07174884995261e-18,-0.810425381325678,0.421895076591646,0.0188949914367775,-0.0848988656238321,-1.38217335620921,0.706336223861351,-0.00017966080765317,3.19249183772557e-18
6.99,0.4171351,-0.0774696,-4.393171325221e-08,-7.25612433182636e-19,-0.739337213401243,0.413555589077397,0.011501619302765,-0.0807633097330581,-1.33243780968096,0.711295350053859,-1.80995934441734e-06,1.11169998250511e-18
7,0.4194103,-0.08190198,-3.1295459069553e-10,-1.82211272583546e-19,-0.669983542768765,0.402609083538455,0.00480178387507738,-0.0767372188976735,-1.2803125867606,0.713948181276311,-1.30821098413937e-08,2.78307987521189e-19
7.01,0.4214957,-0.08632272,-1.6571242518464e-12,-3.6814047384115e-20,-0.60354659533377,0.39020480496826,-0.00123368207826033,-0.0728351708479909,-1.22607025384841,0.715095087108348,-7.05503119972796e-11,5.61552167483872e-20
7.02,0.4234428,-0.09087998,-6.13545761642288e-15,-5.14005725697472e-21,-0.539814226499155,0.375325793805058,-0.00663182434325187,-0.0690819129099404,-1.16974004972126,0.713662614207124,-2.67158034280959e-13,7.85346806723149e-21
7.03,0.4251971,-0.09531628,-1.6051823482824e-17,-6.59887968820274e-22,-0.47944789521253,0.360397153606901,-0.0114263032953772,-0.0654779413738713,-1.11179269305281,0.711640015805741,-7.18040810693955e-16,1.01060066150987e-21
7.04,0.4265975,-0.09966669,-3.36920107659837e-20,-7.53310811303057e-23,-0.423914161471605,0.345233985066574,-0.0156654449100932,-0.0620256015232056,-1.05347592816765,0.708806311097963,-1.55462811164466e-18,1.15748050069921e-22
7.05,0.4278392,-0.1033373,-4.62671591292396e-23,-1.57653800213431e-23,-0.371574947782997,0.334847147639078,-0.0193811943879232,-0.0586771300468148,-0.994444707076858,0.710021816739322,-2.21173605857269e-21,2.41896450958546e-23
7.06,0.4289213,-0.1063829,-3.96366616434041e-26,-5.72637445501629e-24,-0.32253013100372,0.328457281208588,-0.0226064956979604,-0.0553925572347289,-0.935282924494001,0.714922187879691,-1.97077510918493e-24,8.73660530751644e-24
7.07,0.4301482,-0.1081473,-1.26567374608876e-29,-8.02723803583369e-24,-0.274321217222273,0.331176626666471,-0.0253497078701831,-0.0520807909680642,-0.87430134658032,0.728892038071015,-6.57968336960801e-28,1.20542605695128e-23
7.08,0.4312434,-0.1093386,-1.86396836158281e-33,-1.63180409483613e-23,-0.229492047003531,0.336401985768557,-0.0276446283402184,-0.0487167711103787,-0.814101450177524,0.745736411942575,-1.01791233941627e-31,2.40539669904006e-23
7.09,0.4323867,-0.109577,-7.28019854118087e-38,-7.1593457514338e-23,-0.186579537345241,0.34700927333324,-0.0295104237136708,-0.0452466783770463,-0.753677414141309,0.768312373098909,-4.21097935734609e-36,1.03040725867269e-22
7.1,0.4335938,-0.1088173,-4.53704201444595e-43,-6.24065589933096e-22,-0.145586545259889,0.362848243974203,-0.0309662891662697,-0.0416181959373042,-0.693319660238301,0.796424518183964,-2.81442869751827e-41,8.73112585772877e-22
7.11,0.4348238,-0.1072496,-2.38645280003415e-49,-7.5556999668134e-21,-0.106969501563737,0.38180906071725,-0.0320359841819071,-0.0378001053301317,-0.633953918511926,0.827937481240348,-1.61625971666855e-47,1.02594814686243e-20
7.12,0.4359754,-0.1049125,-5.64544423476761e-57,-1.10669072082415e-19,-0.0716279435567415,0.403179170772308,-0.0327522636174745,-0.0337683136224087,-0.57734755088125,0.862036899203063,-4.2504590960666e-55,1.45785833246016e-19
7.13,0.4368731,-0.1019796,-9.72125811462518e-66,-1.53680013033749e-18,-0.0409801898176405,0.425179077533536,-0.0331620655156509,-0.0295165228470733,-0.526404497249053,0.897045505856968,-8.13789411222634e-64,1.96655975318137e-18
7.14,0.4369342,-0.09935988,-1.79358232975424e-72,-8.51146909003798e-18,-0.0196544776510232,0.440126647670548,-0.0333586102921611,-0.0251152563703678,-0.489752372786491,0.926746417003179,-1.61675772438806e-70,1.06437233199939e-17
7.15,0.4372327,-0.09509907,-1.02875071582162e-75,-1.26075672496855e-16,0.00185207970888346,0.46455745549606,-0.0333400894950723,-0.0204696818154072,-0.452371462087932,0.964267605691569,-9.87881539076082e-74,1.53442084466327e-16
7.16,0.4358856,-0.09189288,-3.21932877597142e-75,-3.96903943210739e-16,0.0078324532192835,0.475358867773902,-0.0332617649628795,-0.0157160931376682,-0.442029536622476,0.992098358511567,-3.13418092301944e-73,4.74083324706866e-16
7.17,0.4341092,-0.08769262,-5.34940714330172e-75,-1.89463971534553e-15,0.00958286464300917,0.490408442234298,-0.0331659363164494,-0.0108120087153252,-0.439284766236797,1.02349371581033,-5.22510102235944e-73,2.21863765859462e-15
7.18,0.4311591,-0.08320797,-7.49010320216526e-76,-7.07657970480812e-15,0.0013041696429017,0.503413378693637,-0.0331528946200204,-0.00577787492838886,-0.454144947767418,1.05400252184828,-7.17421831476748e-74,8.13918964011964e-15
7.19,0.4269308,-0.07827881,-3.12191886752549e-73,-2.40903282668683e-14,-0.0169680167199004,0.515760107700439,-0.0333225747872194,-0.000620273851384461,-0.485312771405556,1.08459057054375,-2.83779597595484e-71,2.72468596517148e-14
7.2,0.4217205,-0.07233023,-2.53532179530328e-65,-1.17111035744294e-13,-0.0418282789053501,0.53213125464641,-0.0337408575762729,0.00470103869507964,-0.525071414867518,1.11805261678072,-2.12829832349909e-63,1.30226416741507e-13
7.21,0.4149984,-0.06586488,-1.69347915635922e-55,-5.17846244263673e-13,-0.0769199153873248,0.547945525178618,-0.0345100567301461,0.0101804939468658,-0.576782061283942,1.15152507119726,-1.27648113734723e-53,5.66930514807174e-13
7.22,0.4075984,-0.05759082,-7.60109960881713e-48,-5.30588499003681e-12,-0.114267786289171,0.573738481328185,-0.0356527345930378,0.0159178787601477,-0.625770561825926,1.1903234472262,-5.22081046179549e-46,5.71434466835796e-12
7.23,0.3988324,-0.04833993,-4.71076256159653e-41,-5.88236546351889e-11,-0.159092842047205,0.601671020504435,-0.0372436630135099,0.021934588965192,-0.677813138213229,1.22983903167912,-2.98351473319082e-39,6.2414923987414e-11
7.24,0.389647,-0.03677091,-5.92454173534196e-36,-1.59969067224681e-09,-0.202651845079515,0.642374189282297,-0.039270181464305,0.028358330858015,-0.720650280948981,1.27389197639268,-3.55369933827926e-34,1.67284842849388e-09
7.25,0.3802482,-0.02256244,-4.46433111485082e-32,-9.8437446778965e-08,-0.243042712406345,0.69714220106553,-0.0417006085883685,0.0353297528686703,-0.753544184358806,1.32114176555918,-2.58259600462416e-30,1.01585275294305e-07
7.26,0.3694947,-0.007433853,-2.5878024081322e-28,-3.99361223993975e-06,-0.289648921506902,0.750319789272885,-0.0445970978034375,0.0428329507613991,-0.786940725238893,1.36572479098455,-1.44842755885978e-26,4.07904050589724e-06
7.27,0.3600079,0.01179342,-3.70555501775197e-26,-0.000553964447877617,-0.320021382983628,0.827740394561656,-0.0477973116332738,0.0511103547070157,-0.800457728591532,1.41312232066221,-2.04833434923885e-24,0.00056091908168811
7.28,0.3499144,0.03258932,-3.57023703819454e-24,-0.0516880694985597,-0.350720730731959,0.906107726507495,-0.0513045189405934,0.0601714319720906,-0.811741818898583,1.45736288544691,-1.95374667858807e-22,0.0520222327232189
7.29,0.3400787,0.05560151,-9.41434249056703e-23,-2.64512917937043,-0.374377499029556,0.990105093550521,-0.0550482939308889,0.0700724829075959,-0.815208786248008,1.49929665415394,-5.13619612347555e-21,2.6519014366579
7.3,0.3308008,0.08074629,-6.5203276801e-22,-6.36717348579043,-0.388929005623547,1.07799206662242,-0.0589375839871244,0.08085240357382,-0.81044599160645,1.53878355114466,-3.5722084025517e-20,6.37043584421034
7.31,0.3210979,0.1067043,-4.03054513263533e-21,-6.49630838097017,-0.403115097680872,1.15801055111941,-0.0629687349639331,0.0924325090850141,-0.805070415555234,1.57565902549914,-2.21874287888944e-19,6.49638514867998
7.32,0.3120202,0.1340441,-7.94958659439184e-21,-6.4946956036435,-0.408207278834698,1.23490340403251,-0.0670508077522801,0.104781543125339,-0.792635147981855,1.6106631089418,-4.42591680249447e-19,6.49985764697755
7.33,0.3030735,0.1618588,-9.32975272917768e-21,-6.48244384731191,-0.408983579560654,1.300947112958,-0.0711406435478867,0.117791014254919,-0.777258441891106,1.64430738136599,-5.27041485075345e-19,6.49998973673878
7.34,0.2941916,0.1897954,-7.29357943903184e-21,-6.46324347621726,-0.406328229700839,1.35366466158587,-0.075203925844895,0.131327660870778,-0.759768298378737,1.67721820251509,-4.19233926910557e-19,6.49999863338819
7.35,0.2855481,0.2175145,-3.29386957194331e-21,-6.43714844865236,-0.399104647293187,1.39098416311015,-0.0791949723178269,0.145237502501879,-0.739377631643886,1.71000752778754,-1.93446239995313e-19,6.49999966187617
7.36,0.2760944,0.2439899,-2.56108817407117e-21,-6.40306743589699,-0.396361974731906,1.40547973264625,-0.083158592065146,0.159292299828342,-0.723106095009222,1.74375491318893,-1.53183564928265e-19,6.49999980808573
7.37,0.2670156,0.2696962,-9.98667915033894e-22,-6.36022266405744,-0.387983358918477,1.4027874188286,-0.0870384256543308,0.173320174016628,-0.703029954635275,1.77860582905501,-6.11892761960462e-20,6.49999980101139
7.38,0.2570994,0.2936454,-7.07601571294716e-22,-6.3057098415388,-0.384458957497383,1.37621011827306,-0.0908830152293046,0.187082275199359,-0.687386458290461,1.8159721227396,-4.42373063423398e-20,6.49999952151738
7.39,0.2464754,0.3153755,-7.68017405711744e-22,-6.23544889122193,-0.384336440627983,1.32407408013703,-0.0947263796355844,0.200323016000729,-0.674885683466265,1.85714792474449,-4.88402793756797e-20,6.49999703803117
7.4,0.2356915,0.3358068,-7.03873990287391e-22,-6.14733120155242,-0.382815714868197,1.25634534315112,-0.0985545367842664,0.21288646943224,-0.661688389271311,1.901779477319,-4.5621460622272e-20,6.4999645101691
7.41,0.2247547,0.3546671,-5.48566353092969e-22,-6.03475522367064,-0.379954152388096,1.17250581502072,-0.102354078308147,0.224611527582447,-0.647877352894416,1.95117323617051,-3.63160556033128e-20,6.499075722922
7.42,0.2134488,0.371707,-4.59823793621046e-22,-5.83670680212944,-0.377648799499658,1.07237701565509,-0.106130566303144,0.235335297738998,-0.634936681713327,2.00706150846922,-3.10907347807265e-20,6.43963223798068
7.43,0.201739,0.3868763,-4.27595758073031e-22,-2.04008087439994,-0.376145670346455,0.957538883278289,-0.109892023006608,0.244910686571781,-0.623017190639225,2.07131542137767,-2.95117367500954e-20,2.32521816698499
7.44,0.1891091,0.3994614,-7.38031179442154e-22,-0.00326512775187555,-0.379623337420467,0.824107157004782,-0.113688256380813,0.253151758141829,-0.615232872943366,2.14874383963678,-5.16528546597304e-20,0.00389813248843147
7.45,0.1772697,0.4118093,-3.9554796363842e-22,-1.57367235009421e-06,-0.373563921845184,0.693725643337526,-0.117423895599265,0.260089014575204,-0.60045309790314,2.23368460916161,-2.84567151686848e-20,1.9965257856813e-06
7.46,0.1638229,0.4208539,-8.21176194304527e-22,-5.00762901709439e-11,-0.378505968886921,0.541885374625807,-0.121208955288134,0.265507868321462,-0.594403930911481,2.34275820724185,-5.97695637217406e-20,6.98955843748494e-11
7.47,0.152266,0.4309744,-1.71972203236554e-22,-1.12944320844719e-15,-0.364731050147329,0.407248211286898,-0.124856265789608,0.269580350434331,-0.574519654683568,2.45565521118075,-1.30222480242233e-20,1.78338862028285e-15
7.48,0.1391199,0.4378178,-1.49010738354198e-22,-1.12294486488525e-21,-0.362477173857693,0.253630035245944,-0.128481037528184,0.272116650786791,-0.563903136133762,2.60220123904714,-1.15319630445948e-20,2.18477386891327e-21
7.49,0.1272153,0.4451275,-2.61439463695356e-23,-9.28881194170323e-27,-0.347515806105607,0.114294018142878,-0.131956195589241,0.273259590968219,-0.544103414957717,2.7551141549064,-2.10871251401954e-21,2.46662163271047e-26
7.5,0.1157664,0.4518425,-2.2489606555758e-24,-1.05898328263684e-28,-0.327445022706478,-0.0196896588318545,-0.135230645816305,0.273062694379901,-0.521004626183063,2.91885212708914,-1.9039758023081e-22,4.81212864072664e-28
7.51,0.1047706,0.4579001,-9.50726697217675e-26,-4.66950797061555e-26,-0.302831209116169,-0.148372265172071,-0.138258957907467,0.27157897172818,-0.494996368158909,2.92775525490591,-8.48380040659274e-24,2.20592179366717e-25
7.52,0.09396887,0.4633201,-2.66672287326468e-27,-5.75143860732603e-22,-0.276335904992978,-0.271160549031929,-0.141022316957397,0.268867366237861,-0.468077412151244,3.06619407750333,-2.49919077422839e-25,8.09412202229498e-21
7.53,0.08460714,0.469337,-1.03230227416851e-29,7.67074434540152e-19,-0.238036484368257,-0.377592946886267,-0.143402681801079,0.265091436768998,-0.432213379772018,-3.09031333518719,-1.01615341218034e-27,1.03454596519869e-16
7.54,0.07495733,0.4738386,-5.13033265073321e-32,2.4442948336461e-15,-0.20337039022932,-0.485601159448755,-0.145436385703373,0.260235425174511,-0.39965948016832,-2.95650594046203,-5.15073626534548e-30,7.37884411818075e-13
7.55,0.06523564,0.4770497,-2.75802655754333e-34,1.90851214775596e-11,-0.170489675333343,-0.59248377925072,-0.147141282456706,0.254310587382003,-0.368914343849671,-2.8207589111031,-2.76575417458176e-32,1.9173382957871e-09
7.56,0.05621294,0.4803129,-6.31897157448315e-37,9.6904353309902e-09,-0.133123953571605,-0.686605846831238,-0.148472521992422,0.247444528913691,-0.334609899924345,-2.69842923987239,-6.32021758944516e-35,9.42088498997138e-07
7.57,0.04759423,0.4828914,-1.45686103733415e-39,2.29985431578936e-06,-0.0943175538322603,-0.774409916021192,-0.149415697530745,0.239700429753479,-0.299170200709641,-2.58258380767892,-1.49290437750511e-37,0.000179802302830808
7.58,0.03967851,0.4853222,-6.11192938213865e-42,0.000191087515622395,-0.0519893298334786,-0.851417566609502,-0.149935590829079,0.231186254087384,-0.260596341479068,-2.47784694069971,-6.93180794981542e-40,0.0123476909275791
7.59,0.0313619,0.4861605,-4.00641159710109e-43,0.0108538582011151,-0.0157927461405745,-0.929825747098867,-0.150093518290485,0.221887996616395,-0.227421645325098,-2.37227119991071,-5.63057636356904e-41,0.617918383739124
7.6,0.02296404,0.4859161,-2.56044958828716e-43,0.0985287106016953,0.0171627679126889,-1.00480794657306,-0.149921890611358,0.211839917150665,-0.1971003361947,-2.27112987962455,-5.59151864004921e-41,5.13726532937544
7.61,0.0149631,0.4850002,-6.72959488071617e-43,0.13170639634734,0.0508554498320102,-1.07276021900226,-0.149413336113038,0.201112314960642,-0.165924713587173,-2.17700771808732,-5.27870698611743e-40,6.41921843910877
7.62,0.006853888,0.4829996,1.51837825081544e-41,0.140844850921811,0.0808436633490235,-1.13717751667836,-0.148604899479548,0.189740539793859,-0.138001595979716,-2.08697371302729,-1.69557885405698e-38,6.49471539241925
7.63,-0.001107031,0.4802917,9.16877625210619e-40,0.147221431945112,0.109340865579552,-1.19481243463647,-0.147511490823752,0.177792415447494,-0.111232882820898,-2.00252987574464,-1.01979605633852e-36,6.49948701336431
7.64,-0.009267337,0.4766174,-6.91804864470393e-38,0.152312117207956,0.133419616399991,-1.24794577442266,-0.146177294659752,0.165312957703267,-0.0884394885506979,-1.92191326183911,-4.32875827819926e-35,6.49993479920345
7.65,-0.01782699,0.471701,-3.44725055381233e-36,0.156292927626276,0.151638476292112,-1.2988350867227,-0.144660909896831,0.15232460683604,-0.0711074054795935,-1.84408533801951,-7.58089385629471e-34,6.4999902972122
7.66,-0.02460358,0.4683045,-9.1046299588191e-34,0.159032635901732,0.182301634549262,-1.32468246255306,-0.142837893551339,0.13907778221051,-0.0411026792820174,-1.77470219727843,-1.12055764163106e-31,6.4999961247474
7.67,-0.03297453,0.462832,-7.31364954174623e-33,0.161003749285211,0.196411906792093,-1.35681396973147,-0.140873774483418,0.125509642513195,-0.0272362522962157,-1.70459423240662,-9.49555575583043e-31,6.49999875723664
7.68,-0.04026372,0.4583299,-6.4475566779626e-32,0.162120194806969,0.217237059609502,-1.36953095768354,-0.138701403887323,0.11181433293636,-0.00622403548735105,-1.63816633815074,-2.35517322894621e-29,6.4999991830642
7.69,-0.04740065,0.4539077,3.39809670594907e-30,0.162499680327018,0.236444161127304,-1.37162214281342,-0.13633696227605,0.0980981115082255,0.0136000356492174,-1.57268945507156,-4.12941639537865e-28,6.49999921332705
7.7,-0.0542799,0.4497614,1.46083612574303e-28,0.162161580294615,0.254903701953724,-1.36233010377551,-0.133787925256513,0.0844748104704704,0.0331477777856213,-1.50720494544488,-5.93629954061996e-27,6.49999885940954
7.71,-0.06036575,0.4464281,6.65192169680448e-27,0.161077831515572,0.2769552174484,-1.33824124566003,-0.131018373082029,0.0710923980138701,0.0570694367925109,-1.4403598644116,-1.3368557910524e-25,6.49999714507406
7.72,-0.06736609,0.4421194,3.64558872731269e-26,0.15923056474145,0.288120115786992,-1.31536770416507,-0.128137171924159,0.0579387209722194,0.0699729980779838,-1.37282134537521,-5.63773184999734e-25,6.4999930895032
7.73,-0.07339485,0.4387134,4.36641416908249e-25,0.156491995703237,0.304715778866509,-1.2783760986896,-0.125090014135494,0.0451549599853234,0.0892574965757826,-1.30197186289269,-4.9954947920761e-24,6.49997072873314
7.74,-0.07863755,0.4359174,7.45189368989645e-24,0.152724143202795,0.324658165431872,-1.23106123890855,-0.121843432481175,0.0328443475962379,0.112941256425568,-1.22701879273588,-6.53021223986532e-23,6.49980447971003
7.75,-0.08449896,0.4322549,3.27536130350172e-23,0.148058097236252,0.335997058319395,-1.18666803863332,-0.118483461897981,0.0209776672099046,0.127804662697368,-1.1516316720657,-2.52476934236261e-22,6.49876127222906
7.76,-0.08943864,0.4291572,2.62302198564472e-22,0.142013466607532,0.352015314522657,-1.13353081706393,-0.114963308752754,0.00964235903926533,0.148642072847498,-1.07146424422013,-1.74313759611924e-21,6.48770753257819
7.77,-0.0937799,0.426256,2.38240427907427e-21,0.131947782215958,0.369562530975985,-1.07573142632281,-0.111267683442994,-0.00111495522396282,0.172140802443842,-0.987539940285186,-1.37858481022212e-20,6.33534837353922
7.78,-0.09799132,0.4233061,1.44962543720751e-20,0.0879991191832411,0.384544688823551,-1.01603919375926,-0.107422236554759,-0.0112753471615554,0.19364980889514,-0.901280026193006,-7.51770650295935e-20,4.48299114353199
7.79,-0.1015494,0.4201583,1.05234684255967e-19,0.0115971625824892,0.401366950836186,-0.956224658069671,-0.103408567046397,-0.0208375937422522,0.21838852459918,-0.814290740674488,-4.87283874446859e-19,0.633215693947592
7.8,-0.104502,0.4172145,8.27420963671923e-19,0.000397964839841635,0.419369213568961,-0.893404484103534,-0.0992148749107074,-0.0297716385832875,0.245780887607114,-0.724809990036621,-3.42008566363962e-18,0.0237563506524734
7.81,-0.1068143,0.4142957,7.01368581162962e-18,8.94877105522322e-06,0.43861392477943,-0.829703125248558,-0.0948287356629131,-0.0380686698357731,0.276105007968698,-0.634883257842538,-2.58841604255882e-17,0.000605120597120439
7.82,-0.1083481,0.4114026,6.98032931685779e-17,1.40130739599847e-07,0.45999889350813,-0.765608246177774,-0.0902287467278318,-0.0457247522975508,0.310701191668875,-0.545504494724081,-2.29430777150968e-16,1.12694007254065e-05
7.83,-0.1090991,0.4085793,7.726876121138e-16,1.53973647678873e-09,0.483233883646566,-0.701214714625901,-0.0853964078913662,-0.0527368994438098,0.349481669397048,-0.457302831994375,-2.26289842180878e-15,1.46792246228775e-07
7.84,-0.1091022,0.4059736,8.79260432312055e-15,1.17429938295012e-11,0.50771707767475,-0.635762624804384,-0.0803192371146187,-0.0590945256918537,0.391939921625141,-0.369886610722116,-2.30343796453755e-14,1.17778416519173e-09
7.85,-0.1081162,0.4029664,1.19645235892729e-13,8.12970681226256e-14,0.535154086914869,-0.57483378041738,-0.07496769624547,-0.0648428634960275,0.440450807002162,-0.2898270295084,-2.80451912295954e-13,8.45882561655817e-12
7.86,-0.1062905,0.4001089,1.62491926474514e-12,2.1681667868191e-16,0.563881850278698,-0.513952626205512,-0.069328877742683,-0.0699823897580826,0.49312422570488,-0.212414807577928,-3.42938826878974e-12,3.61851109489239e-14
7.87,-0.1031618,0.3972813,2.9441183215574e-11,-7.92471155926168e-20,0.59739301128937,-0.454493858698639,-0.0633549476297893,-0.074527328345069,0.554387563118329,-0.139261471530645,-5.58923711390145e-11,9.4929705682223e-17
7.88,-0.09944189,0.3941799,4.01833181246755e-10,7.99996578627809e-22,0.629222074841645,-0.39921648340943,-0.0570627268813729,-0.0785194931791633,0.616294723858164,-0.0734323091632705,-6.95087574199728e-10,1.9294292106622e-19
7.89,-0.09487657,0.3905813,4.97905444360894e-09,2.34805069554417e-24,0.661367003452349,-0.349964420804443,-0.0504490568468494,-0.0820191373872077,0.6812347594769,-0.0167160858274832,-7.90735915826342e-09,3.93245709037833e-22
7.9,-0.08923453,0.3866289,6.35516605684138e-08,-1.79304073094775e-26,0.695470783137172,-0.305393816630492,-0.0434943490154776,-0.0850730755535126,0.750877348090182,0.0328591986191954,-9.3162283190376e-08,7.3683224618242e-25
7.91,-0.08260451,0.3821883,7.63970395895535e-07,-1.15340641316381e-28,0.730403866344061,-0.266509048594035,-0.036190310352037,-0.087738166039453,0.823545174107151,0.0746603130748803,-1.04157139841825e-06,1.64338074277997e-27
7.92,-0.07438949,0.37748,1.17001106708368e-05,-4.02023268867993e-31,0.770742733803527,-0.231294464005366,-0.0284828830140018,-0.0900511106795066,0.903067944883929,0.111341148375612,-1.49005357757255e-05,3.57723183976275e-30
7.93,-0.06596188,0.3713769,0.000103561135066487,-7.42434963382655e-33,0.804513022044151,-0.2088804802982,-0.0204377527935603,-0.0921399154824886,0.977544782391073,0.133645915654278,-0.000124900314542837,5.47260567693093e-32
7.94,-0.05597096,0.3647043,0.00111765572142552,-2.88470104128296e-34,0.843079436707603,-0.191617148944882,-0.0120069584264842,-0.0940560869719374,1.05648678335478,0.150168836511743,-0.00128367290324235,1.89837938448401e-33
7.95,-0.0439162,0.3577629,0.0172435524747221,-1.56632363645909e-35,0.889873036174913,-0.176733602834471,-0.00310822806473511,-0.0958234230002821,1.14021148616541,0.163991322520568,-0.0189748584219626,9.4838995636358e-35
7.96,-0.03144783,0.3492962,0.161071201132114,-1.16086710476414e-35,0.930370690351144,-0.174377769735397,0.00619547883877633,-0.0975672006976361,1.21823447364852,0.164927346174538,-0.17162273805854,6.99150859869383e-35
7.97,-0.01669528,0.3406399,1.68671963685341,-9.82971372253371e-36,0.980118713531928,-0.172626836893588,0.0159966659740956,-0.099293469066572,1.29807552709812,0.165256947306958,-1.75141799306449,5.90904054001496e-35
7.98,-0.0008466037,0.330982,5.12380818407621,-3.77790583554754e-35,1.02827606761327,-0.178056573855459,0.0262794266502283,-0.101074034805127,1.37362076541142,0.158421760051888,-5.2249987081089,2.36304582380177e-34
7.99,0.01819654,0.3219807,6.37477193968117,-3.37147472650713e-35,1.09180927223247,-0.176499953683244,0.037197519372553,-0.102839034341959,1.4484352525385,0.158581156595084,-6.4227696181801,2.10682655647653e-34
8,0.03761269,0.3117428,6.48359864730095,-1.89093373319768e-34,1.14591037607098,-0.183973225335389,0.0486566231332628,-0.104678766595313,1.51652157560915,0.149871059287442,-6.49315512416747,1.24675931395984e-33
8.01,0.05747414,0.3004172,6.4987778885021,-3.85776440582951e-33,1.19155958762597,-0.198457521873276,0.0605722190095225,-0.106663341814046,1.57990088165545,0.134390623574146,-6.49904711454796,2.8279980764752e-32
8.02,0.08131884,0.2910393,6.48467981923888,-2.23807931499611e-33,1.25807635288199,-0.194515649425329,0.0731529825383424,-0.108608498308299,1.63934646110668,0.13693198891184,-6.49993821087795,1.61060562682842e-32
8.03,0.1037631,0.2797606,6.44921287042416,-1.93373838374629e-32,1.29922077766383,-0.205051236314201,0.0861451903149806,-0.110659010671441,1.69590160354504,0.125549936608127,-6.49998794586332,1.51773031539084e-31
8.04,0.1292267,0.2701979,6.39832704004222,-8.30043123887252e-33,1.35293705073515,-0.19930978861062,0.0996745608223322,-0.112652108557547,1.74794327028797,0.129803057660925,-6.4999984502455,6.2991246097619e-32
8.05,0.1538828,0.2597426,6.33077194598303,-1.13811144377021e-32,1.38649764104381,-0.199913408877789,0.11353953723277,-0.114651242646325,1.79953935658209,0.128029183299122,-6.4999995590479,8.75745317789835e-32
8.06,0.1774984,0.2486815,6.24438045284696,-2.90593400687429e-32,1.39939761873043,-0.203990047680902,0.127533513420075,-0.116691143123134,1.85224148519807,0.123038865198178,-6.49999973328141,2.32833865658438e-31
8.07,0.2026609,0.2392687,6.14623944747064,-4.84373849774565e-33,1.41438371875735,-0.192845842321997,0.141677350607648,-0.118619601546354,1.90231194434623,0.132202570484569,-6.49999984997867,3.6091561977282e-32
8.08,0.2274488,0.2299418,6.02979155256175,-6.24330768341851e-34,1.41544051651487,-0.180520826941267,0.155831755772797,-0.120424809815767,1.95357915600741,0.142334138691424,-6.49999986274625,4.32621832248247e-33
8.09,0.2497491,0.2196291,5.8791323212701,-3.3150919151389e-34,1.38639317670978,-0.175915396903417,0.169695687539895,-0.122183963784801,2.01151551198712,0.1453593553097,-6.4999996393096,2.25086934150576e-33
8.1,0.2724978,0.2108057,5.70897218331671,-1.48034174438631e-35,1.35389063567481,-0.158253248050796,0.183234593896643,-0.123766496265309,2.0693704540755,0.160090077121484,-6.49999891191664,9.16840571803621e-35
8.11,0.2923955,0.2006621,5.48464959936383,-5.24163917495485e-36,1.29142641280644,-0.151596940716283,0.196148858024707,-0.125282465672472,2.1373361490496,0.164899135893118,-6.4999897244671,3.1573674179111e-35
8.12,0.311708,0.1913898,5.21996205411308,-4.19661725121279e-37,1.22037961535518,-0.137229220858085,0.208352654178259,-0.126654757881053,2.20913529802018,0.176486155278168,-6.49984995876146,2.37265928712103e-36
8.13,0.3289021,0.1816446,4.87933794573848,-7.20769534959531e-38,1.12936973707152,-0.126815530923208,0.219646351548974,-0.127922913190285,2.29140628023786,0.184548050795742,-6.49414382092164,3.90924812280413e-37
8.14,0.3444591,0.1717638,4.11013496063442,-1.50895152995407e-38,1.02455859970943,-0.117344573103756,0.229891937546068,-0.129096358921322,2.38355193300499,0.191764599206067,-5.97940774180998,7.89708349335087e-38
8.15,0.3585312,0.1619282,0.170956193153865,-2.92819606155497e-39,0.909005957218781,-0.107320326684052,0.238981997118256,-0.130169562188163,2.4858389360563,0.199443951552831,-0.280382237826225,1.47727041288135e-38
8.16,0.3704993,0.1516822,0.000139944134620368,-1.07462896412971e-39,0.77928830408564,-0.100555353755828,0.246774880159113,-0.131175115725721,2.60270036194791,0.204327984409823,-0.000272498182168403,5.29969886755309e-39
8.17,0.3813232,0.141484,2.87874331632728e-08,-3.58083497570669e-40,0.645270361388114,-0.0930875366807697,0.253227583772994,-0.132105991092529,2.72814684944159,0.209817233184515,-7.16479972386322e-08,1.72231652447092e-39
8.18,0.3908837,0.1312957,1.03543742676318e-12,-1.18087862316328e-40,0.507215260659521,-0.0853225704308969,0.258299736379589,-0.132959216796838,2.86147287493267,0.215568374712167,-3.76766214503064e-12,5.53603609874873e-40
8.19,0.3993981,0.1212243,5.29801504562619e-18,-3.43496089879138e-41,0.368146475661824,-0.0764562904073713,0.261981201136207,-0.133723779700911,2.99847619050331,0.222260565477111,-3.65172154851228e-17,1.56410134731858e-40
8.2,0.4069952,0.1113345,4.06753617358075e-25,-8.69392097749385e-42,0.230125592365411,-0.0661002834882183,0.264282457059861,-0.134384782535794,3.13489436041046,0.230218010402636,-1.10443012307426e-22,3.82760789338892e-41
8.21,0.4141656,0.10202,2.98203880192496e-30,-1.42209760156733e-42,0.0979951881334671,-0.0512300915109929,0.265262408941196,-0.134897083450903,-3.01949238861195,0.241949904141368,-2.43058570237188e-27,5.96817640528782e-42
8.22,0.419995,0.09228431,-1.1981380072793e-30,-4.9849640570339e-43,-0.035321374397089,-0.0404204957114054,0.264909195197225,-0.135301288408018,-2.89315029022409,0.250371011569585,-1.44241662047503e-28,2.02386303159528e-42
8.23,0.4256296,0.08323041,-1.68853451135075e-27,-1.50134407003802e-43,-0.159465527980629,-0.0244225474220308,0.263314539917419,-0.135545513882238,-2.73926914110767,0.263095054900415,-1.6942411304819e-25,5.8083297069538e-43
8.24,0.4307589,0.07456128,-7.90654082661287e-23,-7.67279498828632e-44,-0.276896516604001,-0.00617741531525162,0.260545574751379,-0.13560728803539,-2.60751902500009,0.277713128469865,-6.51316662088844e-21,2.81560742967228e-43
8.25,0.43532,0.06618167,-2.35587901739323e-18,-9.28532452924599e-44,-0.387893270165598,0.0132403146360343,0.256666642049723,-0.13547488488903,-2.49116718474758,0.293364528191446,-1.55339357570945e-16,3.22898934794227e-43
8.26,0.439918,0.05856569,-1.01732422844612e-14,-4.3323262482725e-43,-0.487289492173375,0.037471419078523,0.251793747127989,-0.135100170698245,-2.3923239148679,0.312977367444473,-5.91159813705262e-13,1.4137811399698e-42
8.27,0.4433004,0.05080485,-1.69701850528421e-11,-4.4200182611558e-42,-0.585607371477398,0.0585681469891242,0.245937673413215,-0.134514489228354,-2.30011101077274,0.330246359728459,-9.05492486329342e-10,1.36828772450979e-41
8.28,0.4458616,0.04318734,-9.50216752609642e-09,-8.01643981348138e-41,-0.679048303166464,0.0789952150994662,0.23914719038155,-0.133724537077359,-2.21628297632361,0.347164331107306,-4.75774500119974e-07,2.36303064833827e-40
8.29,0.4479756,0.0358524,-1.78617315016689e-06,-2.38901932177301e-39,-0.764323393838925,0.0998077162307993,0.231503956443161,-0.132726459915051,-2.14118120135422,0.364587188939349,-8.50655721601027e-05,6.71336967526829e-39
8.3,0.4490164,0.02826367,-0.000184472943204276,-4.17223917625202e-38,-0.846641148791441,0.116470567407129,0.223037544955247,-0.13156175424098,-2.07065540194861,0.37902646219633,-0.00842983740357951,1.12900678973583e-37
8.31,0.4499998,0.02158209,-0.00704198905275353,-2.29559321958672e-36,-0.917379130607088,0.138665962318395,0.213863753649176,-0.130175094617796,-2.00746838103113,0.397970588920103,-0.311609766939167,5.92608660592171e-36
8.32,0.4497928,0.01449193,-0.0887074426386781,-4.24770701970911e-35,-0.986265323441533,0.155084251465993,0.20400110041476,-0.128624252103136,-1.94666995495752,0.412790146557686,-3.82222864592128,1.0587988560145e-34
8.33,0.4487374,0.007365155,-0.148540656626923,-4.89865594650699e-34,-1.05018511693252,0.169116940082484,0.193499249245435,-0.126933082702311,-1.88895313629567,0.426076899393097,-6.26495700794619,1.18480963115757e-33
8.34,0.4468805,8.117334e-05,-0.156283029064558,-2.98407711859366e-33,-1.1087242332612,0.179885097418666,0.182412006912823,-0.125134231728124,-1.83391675976241,0.437160698705856,-6.48092442518443,7.04432891870993e-33
8.35,0.443698,-0.007939336,-0.158798163791534,-4.17787457581591e-33,-1.166203984254,0.182869295938326,0.170749967070283,-0.123305538768741,-1.78028795099583,0.442561606748399,-6.49824702294173,9.74912646141487e-33
8.36,0.4407887,-0.01526559,-0.160373309422368,-1.36418418981427e-32,-1.20924379660207,0.190332810976996,0.158657529104263,-0.121402210658971,-1.73007223614149,0.451509735125203,-6.49968239633838,3.12413789251094e-32
8.37,0.4376711,-0.02258515,-0.161469223011947,-3.33593418454248e-32,-1.24266317813314,0.196266576598903,0.146230897322931,-0.119439544892982,-1.68170443746308,0.459500760443138,-6.49991170825813,7.51552135851728e-32
8.38,0.4345363,-0.02988275,-0.162156802609058,-6.3841151126825e-32,-1.26545080183311,0.200882036177861,0.1335763893046,-0.117430724531203,-1.63474920788045,0.466671663474701,-6.49996195108999,1.41770234691235e-31
8.39,0.431623,-0.03706868,-0.162472347472062,-1.11408433661245e-31,-1.27636248827384,0.204987595330554,0.120812764421862,-0.115380848577898,-1.58875585356848,0.473619945368427,-6.49997385624053,2.44034361373415e-31
8.4,0.4290841,-0.04413949,-0.16243550509679,-1.78867957367862e-31,-1.27503680426735,0.208627312824055,0.108062396379188,-0.113294575449657,-1.54319332049449,0.480372312233211,-6.49997122163656,3.86708558732146e-31
8.41,0.4270102,-0.05113298,-0.162049559383963,-2.50376965744743e-31,-1.26173448163831,0.211508761050505,0.095445051562805,-0.111179487839152,-1.49752649894667,0.486694704705138,-6.49994958504834,5.34828006026402e-31
8.42,0.4255727,-0.05791366,-0.161300557598835,-3.78257533551649e-31,-1.23611698638247,0.214778119142027,0.0830838816989802,-0.109031706647732,-1.45119948371956,0.493463397517192,-6.49985512766799,7.97808473978173e-31
8.43,0.425048,-0.06411976,-0.160144885487571,-1.05052786687034e-30,-1.19709663614324,0.221325332578804,0.0711129153375478,-0.106818453321944,-1.40350441458879,0.502949706456041,-6.49926182984338,2.1774753306226e-30
8.44,0.4249302,-0.07048625,-0.158457830102233,-1.67366555344455e-30,-1.15016130433236,0.224862669624564,0.0596113022942242,-0.104569826625698,-1.35430637491424,0.510329024531529,-6.49443483922243,3.42334218923997e-30
8.45,0.4253493,-0.07664287,-0.154978718531802,-2.7865227778358e-30,-1.09520669558667,0.228623587088062,0.0486592353383576,-0.102283590754818,-1.30308754780765,0.518063261335232,-6.43508591138093,5.62228437688521e-30
8.46,0.4264726,-0.08235329,-0.128157202713281,-6.81308781014144e-30,-1.03188636746194,0.234486310834829,0.0383403716637382,-0.0999387276464694,-1.24914506911123,0.527641934189853,-5.41167359325331,1.35206925360244e-29
8.47,0.4280941,-0.08787896,-0.020239764054536,-1.59045707322363e-29,-0.962989776508928,0.240114884838974,0.0287104738986489,-0.0975375787980796,-1.19238299809335,0.53728882738637,-0.872987773285658,3.10522406329969e-29
8.48,0.4300867,-0.09286213,-0.000448484104092614,-5.91659479211691e-29,-0.89047102373616,0.248398175158641,0.0198057636612873,-0.0950535970464932,-1.13275694169916,0.549281454444718,-0.0198583848449352,1.13254296506822e-28
8.49,0.432249,-0.09769637,-5.75078218221239e-06,-1.87555661739536e-28,-0.816754522172679,0.255865087651818,0.0116382184395605,-0.092494946169975,-1.07066702882693,0.560961703791015,-0.00026283153981372,3.52347828038666e-28
8.5,0.4349906,-0.1018364,-3.72695017425832e-08,-1.08657709908928e-27,-0.739087006560716,0.266962066367784,0.00424734837395337,-0.0898253255062972,-1.00459869076688,0.575812666908012,-1.77031342268847e-06,1.99458900182275e-27
8.51,0.4375596,-0.1057245,-1.73880506286762e-10,-5.71583402533571e-27,-0.664448674950644,0.27772436180404,-0.00239713837555307,-0.0870480818882568,-0.937482962148699,0.590816208036925,-8.63230256752779e-09,1.02576616516557e-26
8.52,0.4402352,-0.1091367,-4.67367067402713e-13,-3.64648918887596e-26,-0.590810770114295,0.289925390902667,-0.00830524607669602,-0.0841488279792301,-0.868528481996031,0.607361629093419,-2.44050019126521e-11,6.38810166040101e-26
8.53,0.4428761,-0.112271,-7.34892653791295e-16,-2.09000778714067e-25,-0.519736075901577,0.301754953860609,-0.0135026068357118,-0.081131278440624,-0.798909186906888,0.624090079881368,-4.06801158599687e-14,3.5762069950176e-25
8.54,0.4457611,-0.1143276,-4.76762065005151e-19,-2.84230353092835e-24,-0.449212417741797,0.319657952696376,-0.0179947310131298,-0.0779346989136603,-0.72748331536282,0.6459408439677,-2.83732830816676e-17,4.72187922080857e-24
8.55,0.4486506,-0.116012,-1.30232042608193e-22,-3.33413408864238e-23,-0.381620624530626,0.337287387841493,-0.021810937258436,-0.0745618250352453,-0.656295683358939,0.668165516329281,-8.50967976090189e-21,5.38206579804954e-23
8.56,0.4516913,-0.117057,-9.83747401046391e-27,-4.52584558483604e-22,-0.315973308785706,0.356714544236274,-0.0249706703462931,-0.0709946795928826,-0.584912966240221,0.692322627019555,-7.29509339819709e-25,7.09120933049095e-22
8.57,0.454898,-0.1174928,-1.29886980916162e-31,-6.47080375792291e-21,-0.252426850557295,0.377413661431265,-0.027494938851866,-0.06722054297857,-0.513764142778056,0.718038754502107,-1.11620864015816e-29,9.83711611276122e-21
8.58,0.4583115,-0.1173354,-1.31816180323702e-37,-9.17312822825588e-20,-0.190899981714182,0.399009439560808,-0.0294039386690079,-0.0632304485829619,-0.443035804708723,0.745052981910506,-1.2816999938771e-35,1.35318691195809e-19
8.59,0.4619071,-0.1166656,-2.44052518422889e-45,-1.1565255580056e-18,-0.131837606479859,0.420623335039199,-0.0307223147338064,-0.0590242152325699,-0.373452252524013,0.772761169160702,-2.44918668078137e-43,1.65691033042326e-18
8.6,0.4653208,-0.1159041,-1.40680631077239e-55,-8.77237353930696e-18,-0.0783990027353814,0.438690794692002,-0.0315063047611603,-0.0546373072856499,-0.308987051471797,0.798766356129742,-1.42536230883845e-53,1.22451336425923e-17
8.61,0.4690957,-0.1144135,-2.54272024177332e-71,-7.53961313385693e-17,-0.0260503190947077,0.458547118673486,-0.0317668079521073,-0.050051836098915,-0.244663097451176,0.826671011810484,-3.13048196786998e-69,1.0249582559506e-16
8.62,0.4728023,-0.1126381,-2.57411399358694e-73,-4.80960252712063e-16,0.0214485326624794,0.47630387156089,-0.0315523226254825,-0.0452887973833061,-0.185198480891578,0.853949352350687,-7.7424715613303e-71,6.3802628064932e-16
8.63,0.4758939,-0.1109208,1.53779928210271e-61,-1.77277937319685e-15,0.0597261654543959,0.489225742400869,-0.0309550609709386,-0.0403965399592974,-0.136533525483702,0.878921313536846,-1.60107317039803e-58,2.30226252214528e-15
8.64,0.4783526,-0.1090463,-5.12006657783688e-55,-4.81964808300962e-15,0.0891383912641084,0.499361109075095,-0.0300636770582975,-0.0354029288685465,-0.0986955946068592,0.902899856227745,-3.06093467547285e-51,6.13881983174798e-15
8.65,0.4792446,-0.1078294,-4.46399307063273e-51,-5.17421931298081e-15,0.102614012504636,0.500254958525637,-0.0290375369332511,-0.0304003792832901,-0.0814461237443161,0.92195590028416,-1.62036134861503e-48,6.49389801213264e-15
8.66,0.4800743,-0.1053072,-8.6633852123729e-49,-1.16420583485885e-14,0.113624507810842,0.508561210170456,-0.0279012918551427,-0.0253147671815855,-0.0672710704602689,0.946049987612629,-1.66807302558204e-46,1.43530351522778e-14
8.67,0.4792469,-0.1028272,-9.90223029282257e-50,-1.7314572679624e-14,0.109318427008704,0.512690274082262,-0.0268081075850557,-0.0201878644407629,-0.073627589045344,0.96838664786342,-2.40789341926098e-47,2.1013023865936e-14
8.68,0.4773991,-0.09939899,-5.52432869951488e-53,-3.85517455212755e-14,0.0961685221991928,0.520975287344408,-0.0258464223630637,-0.0149781115673188,-0.0920535517380969,0.993768239735011,-5.2697327654165e-50,4.59981290993237e-14
8.69,0.4742591,-0.09499608,1.68861527806189e-58,-1.23933868192183e-13,0.0727832111866618,0.533228449462816,-0.0251185902511971,-0.00964582707269068,-0.124415422782634,1.02205497345735,-1.36848439653276e-55,1.45255050717438e-13
8.7,0.4697539,-0.08940461,-3.01996102529266e-69,-6.32754725555867e-13,0.0395686693469117,0.55076980228842,-0.024722903557728,-0.00413812904980648,-0.169727542375618,1.05384409311313,-1.81502701056071e-66,7.27833893443055e-13
8.71,0.4638969,-0.08227874,-2.67914063442398e-82,-5.97074673906816e-12,-0.00232991299371399,0.575844664737236,-0.0247462026876651,0.00162031759756588,-0.225420764567691,1.09000979440769,-3.83852538266772e-80,6.73390042447581e-12
8.72,0.4569084,-0.07349224,-1.77454393318036e-64,-9.7888544150501e-11,-0.0501217781191041,0.608685906301316,-0.0252474204688562,0.00770717666057904,-0.286304283997868,1.13015394530571,-1.85944858828135e-62,1.08222170378927e-10
8.73,0.4487461,-0.06293712,-1.60990944560334e-50,-2.54349200558201e-09,-0.103340043820076,0.649307105656056,-0.026280820907057,0.0142002477171396,-0.350052140792741,1.17360432361827,-1.60982293812979e-48,2.7581181375139e-09
8.74,0.4396543,-0.05064574,-1.72374705778284e-41,-8.76151806804027e-08,-0.15918912340607,0.696532074393154,-0.0278727121411177,0.0211655684610711,-0.411681872646717,1.2191508386725,-1.72360741801109e-39,9.33233082922964e-08
8.75,0.4300088,-0.03591319,-3.74607470883838e-35,-5.14689940161835e-06,-0.214015864040001,0.755204090220572,-0.0300128707815177,0.0287176093632769,-0.466316212143924,1.26755036436776,-3.52098021468744e-33,5.39284651983504e-06
8.76,0.4197684,-0.01941994,-2.72387298027219e-30,-0.000295884691671445,-0.267862674612214,0.818481627562898,-0.0326914975276398,0.0369024256389058,-0.514115578398379,1.31582434628508,-2.33912246185393e-28,0.000305765158051943
8.77,0.409203,-0.000839015,-1.54795782753315e-26,-0.0180598745001184,-0.318245470944141,0.888201743013956,-0.0358739522370812,0.0457844430690454,-0.553200303664781,1.36391636329866,-1.22494730614046e-24,0.0184531651665463
8.78,0.3986897,0.01989235,-1.01453335775294e-23,-0.944117874381096,-0.362036646335969,0.963870589067072,-0.0394943187004409,0.0554231489597161,-0.581946359874513,1.41120481376992,-7.5680672068184e-22,0.956263758821232
8.79,0.3883725,0.04260899,-1.24650475341617e-21,-5.82054648254151,-0.39830184499392,1.0431497971988,-0.0434773371503801,0.0658546469317041,-0.601114104978889,1.45701824268012,-8.95637402559582e-20,5.85840654772872
8.8,0.3781854,0.06675965,-4.67016275312049e-20,-6.46485783107275,-0.427937198068055,1.12074229275995,-0.0477567091310606,0.0770620698593036,-0.612778634984326,1.50080054247581,-3.28320319798504e-18,6.48071927209481
8.81,0.3682752,0.09220571,-6.02009139582474e-19,-6.49667874523817,-0.450084195532412,1.19512970024202,-0.0522575510863848,0.0890133668617238,-0.617311243357866,1.54272587068928,-4.19747351354302e-17,6.4992378366871
8.82,0.3576426,0.1174164,-7.70130525033154e-18,-6.49946580951199,-0.473310488711306,1.25367593019041,-0.0569906559734978,0.101550126163628,-0.621746947850881,1.58277597201177,-5.32723869751096e-16,6.49993197968639
8.83,0.3496516,0.1459462,-5.66808290358453e-18,-6.49158446403535,-0.470044843169585,1.32600535365613,-0.0616911044051937,0.114810179700189,-0.606683735159387,1.62168848881944,-4.03001522122743e-16,6.49999597692263
8.84,0.3404009,0.1730466,-9.11093728012363e-18,-6.47424450157621,-0.474135194630926,1.37209456353563,-0.0664324563515029,0.128531125335546,-0.597382259572907,1.65986796255225,-6.59333993940765e-16,6.49999929392139
8.85,0.3308709,0.1997518,-1.28674517892741e-17,-6.44768308312412,-0.476984987555038,1.40210446695521,-0.0712023062270533,0.142552170005098,-0.587478742708157,1.69778899900231,-9.49358174607499e-16,6.4999997697285
8.86,0.3215213,0.2258755,-1.09522732556916e-17,-6.41158701441415,-0.474933827014561,1.41560511509761,-0.0759516444971989,0.156708221156074,-0.57449981914467,1.73596123927951,-8.29372232444021e-16,6.49999986399241
8.87,0.3116969,0.2508853,-1.02064897383131e-17,-6.36485004923272,-0.473703462961595,1.40951357412673,-0.0806886791268149,0.170803356897341,-0.562552043867086,1.77512491024874,-7.92093750196077e-16,6.49999984108082
8.88,0.3012815,0.274356,-1.14029664567695e-17,-6.30550901438192,-0.474166736692872,1.38199077205527,-0.0854303464937436,0.184623264617894,-0.552173682369682,1.81609949070812,-9.04293036469845e-16,6.49999960591054
8.89,0.2902471,0.296152,-1.53633225323536e-17,-6.23095997055605,-0.476399625555079,1.33383012475663,-0.0901943427492944,0.19796156586546,-0.543324881318335,1.85958437668053,-1.2412012320739e-15,6.49999790431982
8.9,0.2782058,0.3156807,-3.36218270515867e-17,-6.13618558294739,-0.483377655104464,1.26220274797561,-0.095028119300339,0.210583593345216,-0.537875837829836,1.90702108132616,-2.74761217450541e-15,6.49997126768718
8.91,0.2660776,0.333902,-5.32251456694557e-17,-6.01861883881074,-0.487195114146365,1.17721562246327,-0.0999000704418027,0.222355749569849,-0.530443038520687,1.95786403297369,-4.41807319739272e-15,6.49922472541071
8.92,0.2534793,0.3502848,-8.56572500281789e-17,-5.82553842658575,-0.491178937425644,1.07619343718519,-0.104811859816059,0.233117683941701,-0.523309351655894,2.01385421245036,-7.21705814082998e-15,6.44787464400571
8.93,0.2396887,0.3640536,-2.46316951823119e-16,-1.826017304794,-0.501135294243863,0.954808432139679,-0.109823212758498,0.242665768263098,-0.520126062855996,2.0780679372746,-2.08913486063653e-14,2.08899893384545
8.94,0.2267238,0.3773293,-2.44021023314585e-16,-0.00504887458250165,-0.50013222808737,0.83263487581301,-0.114824535039371,0.250992117021228,-0.510079024068891,2.14660375004615,-2.11291728579949e-14,0.00601929925800587
8.95,0.2124698,0.3878248,-4.78175514282421e-16,-1.34905368658369e-06,-0.506204721194104,0.692035110481065,-0.119886582251312,0.257912468126038,-0.504726569206731,2.22783882862714,-4.18553148173507e-14,1.70379505464382e-06
8.96,0.1972327,0.395819,-1.34915020667164e-15,-3.42854004599285e-11,-0.516243778927533,0.537665689377743,-0.125049020040588,0.263289125019816,-0.50185868696402,2.32436168917376,-1.18773168063617e-13,4.7019902076235e-11
8.97,0.1830019,0.4036167,-1.17841028596524e-15,-2.34765974312877e-16,-0.513714298129932,0.39027550234637,-0.130186163021887,0.267191880043279,-0.491455154693351,2.42822567518602,-1.0587798119049e-13,3.58820217575827e-16
8.98,0.1688924,0.4102945,-6.89668847901176e-16,-3.53245044019108e-22,-0.506815355501349,0.242798351429414,-0.135254316576901,0.269619863557574,-0.478817796117732,2.54460837032388,-6.34409506558326e-14,6.28199595745128e-22
8.99,0.155005,0.4160991,-2.57575193697131e-16,-2.68000869266384e-27,-0.495116326229049,0.0981970933767506,-0.140205479839191,0.270601834491341,-0.463793978330012,2.67256177732932,-2.43092044801856e-14,5.92362654333568e-27
9,0.1417285,0.4212851,-4.63418106145737e-17,-1.42181469551962e-28,-0.475916441343211,-0.0407577493246194,-0.144964644252623,0.270194256998095,-0.444864338591915,2.80933158439115,-4.49557313447241e-15,4.37526641840224e-28
9.01,0.1289976,0.4259689,-4.2980654104808e-18,-9.6592705984763e-26,-0.450467460787223,-0.172672218828186,-0.149469318860495,0.268467534809813,-0.422842173312232,3.04749531042128,-4.26689794548327e-16,1.03814260306007e-24
9.02,0.1170006,0.4302934,-1.74370129702761e-19,4.15056165568844e-22,-0.417905000434073,-0.296095056721548,-0.153648368864836,0.265506584242598,-0.397209381537178,-3.08444473222442,-1.75135939673077e-17,6.17651680665471e-20
9.03,0.1060012,0.4349717,-2.33073829551295e-21,4.00034175804087e-18,-0.376870665996815,-0.40513846276323,-0.157417075524804,0.261455199614965,-0.367087903247859,-2.9476634720994,-2.33653238808378e-19,9.40373275251987e-16
9.04,0.09422921,0.4375458,-5.2286952937285e-23,9.49776889693459e-14,-0.342663328844926,-0.520119311039263,-0.160843708813254,0.256254006504573,-0.341752633958861,-2.80374361948571,-5.22665350253941e-21,9.49598528678419e-12
9.05,0.08416545,0.4413303,-1.60756220426589e-25,7.52821532319948e-11,-0.29483194954874,-0.613004430076206,-0.163792028308741,0.250123962203811,-0.308517525921772,-2.68764376255653,-1.62949231264569e-23,7.2127761908464e-09
9.06,0.07389078,0.4438489,-4.77932730960401e-28,3.59103534645109e-08,-0.250347561549411,-0.704986043254113,-0.166295503924235,0.243074101771269,-0.277826344575225,-2.57505870335784,-5.11075167430788e-26,2.76405669544965e-06
9.07,0.06397115,0.4458274,-7.74059826397932e-31,6.31390323571682e-06,-0.204636068761619,-0.789660719924324,-0.168341864611851,0.235177494572026,-0.246734621121173,-2.47300751185536,-9.41122203527327e-29,0.000405127574669645
9.08,0.05425773,0.4471817,-9.39301194368543e-34,0.000486863405628005,-0.159298529253419,-0.867737806866025,-0.169934849904385,0.226500116503366,-0.216177711418907,-2.37997485799206,-1.49170293643395e-31,0.0279322581274951
9.09,0.0451171,0.4483075,-6.76697656940572e-37,0.014619995453683,-0.11162588459289,-0.936032833948875,-0.171051108750314,0.217139788163877,-0.184322850892856,-2.29738437613053,-2.09514332122267e-34,0.778352162910796
9.1,0.0360507,0.4485619,-1.93387606623426e-40,0.0960280828991005,-0.0661593666030065,-1.00007903927602,-0.171712702416344,0.207138997771117,-0.154030886230949,-2.21979744927138,-1.13717985466664e-36,4.8201230993131
9.11,0.02712665,0.4479924,7.17839462897621e-41,0.132804766496155,-0.022463838555062,-1.05940673626181,-0.171937340801895,0.196544930408499,-0.124956531577189,-2.14699161842789,-5.82360930093329e-38,6.34791636611538
9.12,0.01847116,0.4468284,-2.25739909043713e-41,0.141210966863861,0.020342561290505,-1.11214649128436,-0.17173391518899,0.185423465495655,-0.0964515203882964,-2.07936852308519,-5.09332446848366e-38,6.48392874691912
9.13,0.01003513,0.4448845,-3.13100700003785e-39,0.146293681762638,0.0616541972924907,-1.15997379438995,-0.171117373216065,0.173823727551756,-0.0688533175123938,-2.01529862063653,-6.35092635708456e-37,6.49776516605336
9.14,0.001873457,0.4424338,-3.78763652024365e-37,0.150324046342507,0.101766918674254,-1.20075556546703,-0.170099704029323,0.161816171897086,-0.0419017072314421,-1.9551320697028,-4.67819984398902e-35,6.49955868945713
9.15,-0.006114479,0.4393966,-4.03489476886979e-35,0.153643929098633,0.139699460678688,-1.23542858519841,-0.168702709422536,0.149461886045102,-0.0162052434010959,-1.89780036481368,-6.89663506231469e-33,6.49988405140913
9.16,-0.01472831,0.4350425,7.86543559680633e-34,0.156431790376734,0.168897762132048,-1.27015289413321,-0.167013731801215,0.136760357103769,0.00377165404388162,-1.84097426241865,-3.96961353122744e-31,6.49996874192981
9.17,-0.02125309,0.4326561,4.54278468443799e-30,0.158446140581668,0.211886726314599,-1.27814142155044,-0.164894864538069,0.123978942888265,0.0335674756541864,-1.79133856956299,-1.81648535506165e-28,6.49997588494715
9.18,-0.02819513,0.4294588,1.13626649891718e-27,0.160066686258934,0.246949077310042,-1.28394779550213,-0.162425373764969,0.111139464933244,0.058316462080869,-1.74149521597659,-2.22052606834572e-26,6.49997983977593
9.19,-0.03564481,0.4256378,5.36422833990505e-26,0.161277928993714,0.273764446695075,-1.28618918569031,-0.159687729298018,0.0982775730763406,0.0777329906823554,-1.69167540101069,-7.26696538864107e-25,6.49998074855538
9.2,-0.04125544,0.4236993,9.46550821779447e-24,0.162051112652492,0.31184418369212,-1.26488050197991,-0.156569287461097,0.0856287680565415,0.105573321416567,-1.64394872307609,-8.92472888244635e-23,6.49995420786828
9.21,-0.04697343,0.4216355,5.46035710255076e-22,0.162447404307207,0.344248805039289,-1.23828077952849,-0.153126799410704,0.0732459602612567,0.130016419491601,-1.59503879218825,-4.13699529125864e-21,6.49986384758215
9.22,-0.05305065,0.4192466,1.00657019869402e-20,0.162430284745908,0.369183417406649,-1.20859751244605,-0.149434965236637,0.0611599851367961,0.149725086681165,-1.54447334515752,-6.64286039616631e-20,6.49953115476202
9.23,-0.05759288,0.4181681,4.23503102903701e-19,0.16189226973287,0.402436846298812,-1.16305776930466,-0.145410596773649,0.0495294074437495,0.176089620136342,-1.49146455847032,-2.39939428439505e-18,6.49674194053057
9.24,-0.0626376,0.4166025,5.41265268122322e-18,0.160375322648522,0.426605984720425,-1.11775444092497,-0.141144536926445,0.0383518630344998,0.196604479008164,-1.43554023067774,-2.76756721169209e-17,6.4759448376794
9.25,-0.06695084,0.4154407,7.34639881702397e-17,0.153083597476063,0.452263455116283,-1.06576450460947,-0.136621902375282,0.0276942179884051,0.218944124241565,-1.37537763212287,-3.39348875086587e-16,6.24578812063357
9.26,-0.0707187,0.4146909,8.72785972279612e-16,0.0939290490151377,0.47760971465636,-1.00789768497304,-0.131845805228719,0.0176152411386747,0.241874334488296,-1.30970082746105,-3.66396360984595e-15,3.89298172883163
9.27,-0.07475042,0.4130251,4.79845661117375e-15,0.0144720298711049,0.495946277186563,-0.955724331922949,-0.126886342456853,0.00805799781944526,0.260388875902007,-1.24119731767752,-1.87521041588757e-14,0.612792289645383
9.28,-0.07821474,0.4118286,2.57215583287432e-14,0.000681587612514195,0.514450714964443,-0.897937297674521,-0.121741835307209,-0.000921375157299944,0.279816989704096,-1.16554364986829,-9.36926492879251e-14,0.0297326909903015
9.29,-0.08124427,0.4099517,1.20275029887091e-13,3.1023435782065e-05,0.531910691131403,-0.84464257436279,-0.116422728395895,-0.00936780090092785,0.299290026660865,-1.08713992412902,-4.10125596401646e-13,0.00140541087335493
9.3,-0.08383444,0.4080782,4.95271808873724e-13,1.07298122992422e-06,0.548329732635311,-0.79029941329215,-0.110939431069541,-0.0172707950338493,0.318839345104171,-1.00316139123736,-1.58703687582729e-12,5.10125329737333e-05
9.31,-0.0857884,0.4059157,2.07708494473474e-12,3.28555701453484e-08,0.565273856175807,-0.737702772855661,-0.105286692507783,-0.024647822762406,0.339740634006665,-0.91589327621407,-6.25367759120142e-12,1.65614259025145e-06
9.32,-0.08695301,0.4037311,9.70403493526113e-12,7.6473930617362e-10,0.583824054147202,-0.68489360829649,-0.0994484519663114,-0.0314967588453709,0.362963636745192,-0.82416698148675,-2.73881009108464e-11,4.14006132216381e-08
9.33,-0.0872109,0.4004892,5.29375645654101e-11,2.57363157645778e-11,0.604672496307138,-0.640579418548089,-0.09340172700324,-0.0379025530308517,0.389222856342849,-0.739151302445746,-1.39616871833117e-10,1.51184595634604e-09
9.34,-0.08624985,0.3971539,3.95417239167177e-10,6.88143717020577e-13,0.630015999372141,-0.596578613171249,-0.0871015670095186,-0.0438683391625642,0.420498765181393,-0.653332713224473,-9.68412005239059e-10,4.51696177867499e-11
9.35,-0.08408496,0.3935668,3.70612958643833e-09,1.61183345269266e-14,0.659193621046043,-0.554422981459255,-0.0805096307990582,-0.0494125689771568,0.456493624371124,-0.569639361929549,-8.40082613673701e-09,1.23275119050346e-12
9.36,-0.08029934,0.3890868,5.20078844028252e-08,5.73675761246528e-16,0.695066602213252,-0.519399572056415,-0.0735589647769256,-0.0546065646977209,0.499732069182673,-0.497184708611984,-1.08432890141738e-07,5.09732734354034e-14
9.37,-0.07492664,0.3842601,9.53291014906223e-07,2.2124561287937e-17,0.736573936994532,-0.486747318234633,-0.0661932254069803,-0.0594740378800673,0.549488557175005,-0.42997696863742,-1.82415659052126e-06,2.18267727968768e-15
9.38,-0.06784075,0.3788817,2.20888681614069e-05,1.17828157106384e-18,0.783994467528261,-0.45813143315792,-0.0583532807316977,-0.0640553522116465,0.605959223847252,-0.371092466883585,-3.87742790565845e-05,1.18201609047624e-16
9.39,-0.05921359,0.3727393,0.000538338457327728,1.01510066431662e-19,0.835134154858709,-0.435110992860466,-0.0500019391831106,-0.0684064621402511,0.667259751288455,-0.323251265766374,-0.000869999585057463,1.01862351902763e-17
9.4,-0.04813265,0.3664421,0.0196908569969141,7.65635433463321e-21,0.896719957185653,-0.412465930226889,-0.0410347396112541,-0.07253112144252,0.737880425950538,-0.277974960639909,-0.0292756734545324,8.18401484359788e-19
9.41,-0.03564151,0.3593031,0.530383907644557,9.88555068417522e-22,0.959047559731368,-0.395836201427603,-0.0314442640139404,-0.076489483456796,0.810139475923264,-0.24414558623005,-0.732279198646359,1.2209989784011e-19
9.42,-0.02198285,0.3512599,3.65368425916139,2.47129806464301e-22,1.01966896361642,-0.385336555098568,-0.0212475743777762,-0.0803428490077817,0.882141159564259,-0.22146227044535,-4.73232868364845,3.68933826135615e-20
9.43,-0.006526562,0.3426395,5.21653304231678,8.53187457732211e-23,1.08340016784632,-0.377893742386375,-0.010413572699313,-0.0841217864316455,0.956392741357226,-0.204567861824138,-6.3839509585567,1.60885435609767e-20
9.44,0.0106179,0.3336648,5.57143898300509,3.06630682835674e-23,1.14866734000319,-0.371500262341083,0.00107310070071896,-0.0878367890550563,1.03126092510117,-0.190062784276181,-6.49365011645723,7.97020660917294e-21
9.45,0.03080565,0.3255129,5.82318955398958,1.35413567963368e-24,1.22584818001592,-0.356622206071561,0.0133315825008782,-0.0914030111157719,1.11038813632725,-0.163570710890641,-6.49975465423638,1.3005061375592e-21
9.46,0.0499038,0.3151858,6.00813721631579,1.65319853943052e-24,1.28005513914699,-0.358170337964872,0.0261321338923481,-0.0949847144954206,1.17919842973137,-0.162305910196848,-6.49997201317891,1.80018139361752e-21
9.47,0.07254326,0.3065525,6.1727182140019,-2.67653254859647e-25,1.35018547808516,-0.343643706468312,0.0396339886731996,-0.0984211515601037,1.25203924060461,-0.137947255635261,-6.49999807739532,2.98051784237563e-22
9.48,0.09379981,0.2958332,6.2912130291688,-3.78838945588496e-25,1.39468669645056,-0.344853121361242,0.0535808556377053,-0.101869682773716,1.31659059381896,-0.136893754283637,-6.49999962583125,4.00838549764926e-22
9.49,0.1185911,0.2874129,6.38611009600166,-1.93199743971559e-26,1.45504099156534,-0.325210377912155,0.0681312655533587,-0.105121786552838,1.3832774339613,-0.10677770597372,-6.49999995580501,3.16326198881514e-23
9.5,0.1429541,0.2782874,6.44905547439365,1.03239621399482e-26,1.49753503246443,-0.310694775079197,0.0831066158780031,-0.10822873430363,1.44548232487482,-0.0847796278773283,-6.4999999897511,4.7106366264136e-24
9.51,0.1660297,0.2678593,6.48564900922701,9.75436932255658e-27,1.51637233721988,-0.305782296522453,0.0982703392502019,-0.111286557268854,1.5043168380569,-0.0766240949210075,-6.49999999466521,2.71663831763327e-24
9.52,0.1924681,0.2605845,6.4998204812715,2.15199265028618e-28,1.55086984637388,-0.273865592463057,0.113779037713941,-0.114025213193485,1.56336235871023,-0.0323833473045298,-6.49999999831785,2.66371331047179e-26
9.53,0.2168253,0.2516181,6.49187526429062,7.00930532479491e-30,1.55554956856574,-0.256299538088651,0.129334533399598,-0.116588208574371,1.6208132181003,-0.00848716749260034,-6.49999999860709,1.96026320735089e-27
9.54,0.2410812,0.2433251,6.46257580347723,-7.40455798728549e-31,1.54875069897299,-0.233005953426789,0.144822040389328,-0.118918268108639,1.6781833208759,0.0223299206925518,-6.49999999834303,4.94999781478537e-29
9.55,0.2635772,0.2342257,6.41033772119069,-1.21444069310038e-31,1.51802849278747,-0.216488468504407,0.160002325317203,-0.121083152793683,1.73712684857367,0.0435791337165263,-6.49999999574438,3.46578474502816e-30
9.56,0.2868455,0.2266532,6.3350482408752,-1.7207177308541e-33,1.48593654667605,-0.187535231787709,0.174861690783963,-0.12295850511156,1.79661858546499,0.0803707226041331,-6.49999998842347,2.23654667504643e-32
9.57,0.3080096,0.2183134,6.22934892316915,-4.84756294200016e-35,1.42954911203508,-0.165775546916132,0.189157181904314,-0.124616260580722,1.86045482861116,0.10727592284654,-6.49999992680038,4.49094072347658e-34
9.58,0.3277419,0.2098295,6.08685169072161,-1.52711519493369e-36,1.35660165665927,-0.14574986139341,0.202723198470907,-0.126073759194656,1.92933591956512,0.131542902483285,-6.49999910769948,1.14357210997033e-35
9.59,0.3459405,0.2011738,5.89684523680013,-6.37977704854681e-38,1.26806463525126,-0.12766168324705,0.215403844823419,-0.127350376027126,2.00507525715273,0.153051194791127,-6.49997776762357,4.12302111996322e-37
9.6,0.362335,0.1920811,5.64105236129255,-5.71734479230644e-39,1.16357384662327,-0.113594516562841,0.227039583289652,-0.128486321192755,2.0904484257856,0.169367293944161,-6.49868951355121,3.35886855029287e-38
9.61,0.377492,0.1832036,5.17704424256136,-4.12812365391796e-40,1.04965609993566,-0.0980637914812483,0.237536144289008,-0.129466959107567,2.18590577395124,0.187312895271664,-6.33878539001275,2.20822114365703e-39
9.62,0.3910649,0.1740705,0.494869979926132,-5.23599672285125e-41,0.92500248474088,-0.0850626171169964,0.246786169136417,-0.130317585278737,2.29507285461334,0.202077581366545,-0.660780996659346,2.60924298412887e-40
9.63,0.403278,0.1649423,0.000462527131778232,-8.01802730041479e-42,0.793092149221913,-0.0723683489233746,0.254717090628636,-0.131041268767971,2.41924024034777,0.216400010956416,-0.000699701058520299,3.74516898469691e-41
9.64,0.4139954,0.1556898,8.83578880613635e-08,-1.79579298178906e-42,0.65426200734494,-0.0610675116847261,0.261259710702086,-0.131651943884818,2.5609756306373,0.229025466890585,-1.61011669919496e-07,7.94571694522541e-42
9.65,0.4230767,0.1461279,2.40476636995092e-12,-6.88116871096097e-43,0.508835178118957,-0.0525992156367465,0.266348062483275,-0.132177936041186,2.72200646123806,0.23830919029456,-5.90166615756109e-12,2.93044622382869e-42
9.66,0.4309027,0.1366566,8.0631398496142e-18,-2.77354188316762e-43,0.361356788089662,-0.0435670279045244,0.269961630364172,-0.132613606320231,2.89695963167578,0.2482609314772,-3.34798247099222e-17,1.13532354601614e-42
9.67,0.4387752,0.1282424,9.90122114847058e-24,-6.64381527710208e-44,0.223457985411954,-0.0262996941919269,0.272196210218291,-0.13287660326215,3.06708732307308,0.267751398015074,-1.41442012375347e-22,2.52669090749227e-43
9.68,0.4453307,0.1195958,-1.24070551073401e-30,-3.43960333737007e-44,0.0842539734345777,-0.0119228217152347,0.273038749952637,-0.132995831479302,-3.04402869852393,0.283917766660659,-4.08950379777642e-27,1.23516295587043e-43
9.69,0.4511028,0.1113919,-7.95126162384713e-30,-3.05726605142787e-44,-0.0509395542170559,0.00513340194691203,0.272529354410467,-0.132944497459833,-2.88171032966805,0.30314998842671,-9.04532055605696e-28,1.0294557182573e-43
9.7,0.4562038,0.1035758,-2.81400916511221e-26,-6.47825431719795e-44,-0.180659469815797,0.0241096407862003,0.270722759712309,-0.132703401051971,-2.70063341601375,0.324567181309943,-2.74315265412727e-24,2.03988970686697e-43
9.71,0.460586,0.09612967,-2.1352559456843e-21,-3.83804742481256e-43,-0.304887455333677,0.0445927610397021,0.267673885158972,-0.132257473441574,-2.58422949389369,0.347697717712291,-1.67507044316037e-19,1.1296547432794e-42
9.72,0.4644547,0.08908691,-6.69015344401812e-17,-6.47017757128079e-42,-0.421599664534863,0.0666025811009074,0.263457888513623,-0.131591447630565,-2.48005417715721,0.372557444416174,-4.33717625979494e-15,1.78032580832161e-41
9.73,0.4676595,0.0823893,-4.345305934666e-13,-2.41519854169016e-40,-0.531852512207209,0.0894109660222053,0.258139363391551,-0.130697337970343,-2.38552948229325,0.398357907507938,-2.50718772045478e-11,6.22901930926453e-40
9.74,0.4702999,0.07594509,-6.30215693154184e-10,-1.31163995483991e-38,-0.634642725420115,0.112073021172282,0.25179293613735,-0.12957660775862,-2.29971501977357,0.424116273936856,-3.36160242323843e-08,3.18629455954634e-38
9.75,0.4719342,0.06967475,-3.34947347926369e-07,-7.07525417923949e-37,-0.733461250765497,0.133817681123174,0.244458323629695,-0.128238430947389,-2.21920202477294,0.449074477606341,-1.68055529839582e-05,1.62853991454255e-36
9.76,0.4729317,0.06355764,-6.48621721723375e-05,-3.12570909714855e-35,-0.824998576438247,0.154414585616943,0.236208337865313,-0.126694285091219,-2.14477668778674,0.473058462634337,-0.00309600768144253,6.854225735302e-35
9.77,0.4732226,0.05756675,-0.00547660113594383,-1.00345369709068e-33,-0.909800995409771,0.173607543845105,0.227110327911215,-0.124958209652768,-2.07509937499781,0.495870610019643,-0.250873875770134,2.10703484475421e-33
9.78,0.4727898,0.05167554,-0.0939541205912246,-2.19887923662308e-32,-0.987988645424348,0.19117342529629,0.217230441456971,-0.123046475399805,-2.00928252804372,0.517346810425285,-4.16106766141921,4.44218260719696e-32
9.79,0.4716426,0.04585598,-0.147627206874969,-3.18959869165396e-31,-1.05950067444428,0.206905173231901,0.206635434712529,-0.120977423667486,-1.94666807379777,0.537334897875436,-6.3609601907228,6.22692430453081e-31
9.8,0.4698503,0.04010581,-0.154010664737108,-3.14125031793887e-30,-1.12384102425546,0.220831294276024,0.195397024469974,-0.118769110724726,-1.88682508973782,0.555904856085832,-6.49101077457852,5.9489776264226e-30
9.81,0.4674471,0.03439654,-0.156921468076632,-2.08464903997008e-29,-1.18088185709806,0.23277860901535,0.183588205898993,-0.116441324634573,-1.82928072167857,0.57291817838081,-6.49912253267459,3.84377938921782e-29
9.82,0.4644811,0.02873211,-0.159065324970821,-9.72353966451276e-29,-1.23044064296513,0.242861333591538,0.171283799469342,-0.114012711298657,-1.77364587828699,0.588500389825828,-6.49987367508423,1.75101033265023e-28
9.83,0.4610185,0.02311623,-0.160649555969294,-3.30906701721914e-28,-1.27225464883914,0.251194734516069,0.158561252980951,-0.111500763953496,-1.71959439379203,0.602764494725463,-6.49997388669558,5.83546044053251e-28
9.84,0.4573053,0.01754565,-0.16172616756016,-8.41314676534273e-28,-1.3046787989094,0.257840098296976,0.145514464991857,-0.108922362970527,-1.66696933599078,0.615760716937274,-6.49999199235388,1.45639196732605e-27
9.85,0.4531347,0.01166983,-0.162334557384219,-1.03041651205664e-27,-1.32991846329264,0.260075372672654,0.13221528035893,-0.1063216092438,-1.61524585659482,0.62486836597479,-6.49999672749858,1.76124832695203e-27
9.86,0.4492587,0.006300967,-0.162496534667136,-1.9004590712731e-27,-1.34230898962153,0.264764979045346,0.118792190462715,-0.103673959453347,-1.56441268132341,0.636543403436887,-6.49999783436604,3.19705909765233e-27
9.87,0.4455113,0.0009563643,-0.16222957307578,-2.67770736376192e-27,-1.34413812359506,0.267805231711373,0.105350809226764,-0.100995907136233,-1.51395601823892,0.646934649788655,-6.49999789028216,4.44260273814676e-27
9.88,0.442046,-0.00432649,-0.161537283517734,-3.09291388265228e-27,-1.33499738456288,0.269610713907877,0.0920008353811357,-0.0982997999971542,-1.46350603105345,0.656398140417111,-6.49999692779342,5.06840119080171e-27
9.89,0.4388524,-0.009696089,-0.160413284438833,-2.43958056819535e-27,-1.31590758675186,0.269077287182679,0.0788417595136171,-0.0956090271253274,-1.41274187760816,0.663832870730362,-6.4999935026215,3.9597706924957e-27
9.9,0.436046,-0.01515757,-0.158840994834965,-1.33737934650903e-27,-1.28685856123748,0.266355958064047,0.0659731739012422,-0.0929454675446869,-1.36131878913424,0.669286118629277,-6.49997968240309,2.15578804682517e-27
9.91,0.4338886,-0.02043897,-0.156785402362011,-7.53998361874501e-28,-1.24672414148733,0.263824175473793,0.0535059324863689,-0.090307225789949,-1.30870974526573,0.674976282819662,-6.49989897973582,1.20676543502931e-27
9.92,0.4317348,-0.02637494,-0.154244597799699,-1.36203701867674e-28,-1.20186205747912,0.25478422131053,0.0414873119115777,-0.0877593835768437,-1.25546145668989,0.674263924397343,-6.49935848089731,2.18186261132557e-28
9.93,0.4300766,-0.03238799,-0.151064794640974,-1.83983811298948e-29,-1.14897287282695,0.244454140401611,0.0299975831833083,-0.0853148421728276,-1.20078927919826,0.671926956300808,-6.49383952018351,2.95589085540398e-29
9.94,0.4288129,-0.03851919,-0.145663794585051,-1.74751378663947e-30,-1.08986054104915,0.232676328450291,0.0190989777728168,-0.0829880788883247,-1.14472651135525,0.667666652671568,-6.4138532700895,2.82267290589164e-30
9.95,0.4277848,-0.04487677,-0.11323236338862,-9.7516240066691e-32,-1.02669008537146,0.218776168049304,0.00883207691910219,-0.0808003172078316,-1.08757024673331,0.660596809417884,-5.12844344059258,1.5893874116212e-31
9.96,0.4265875,-0.05180981,-0.0187063385490609,-1.70558719382135e-33,-0.963461709067976,0.200215244613975,-0.000802540171577567,-0.0787981647616919,-1.03045802797921,0.647656877976932,-0.87472972301725,2.82705813655507e-33
9.97,0.4257185,-0.05850532,-0.000570179413752313,-3.79504866056078e-35,-0.896575741004858,0.184011979812801,-0.00976829758162615,-0.0769580449635639,-0.972202102171637,0.636153485927017,-0.027650303068637,6.38760116411279e-35
9.98,0.4254687,-0.06486287,-8.3501814466615e-06,-1.38453256420021e-36,-0.824417481613373,0.170888176452664,-0.0180124723977599,-0.0752491631990372,-0.911915736686012,0.627195713908485,-0.000422110813164332,2.35895177813045e-36
9.99,0.4246644,-0.07167639,-1.16670564038796e-07,-1.67752961316112e-38,-0.757337273215904,0.154315098730781,-0.0255858451299189,-0.0737060122117294,-0.853972200920497,0.613338768836633,-6.16260836030908e-06,2.91389234187813e-38
10,0.4239937,-0.07809754,-1.06984832963102e-09,-4.16958975187078e-40,-0.689814471941607,0.141480699468748,-0.032483989849335,-0.0722912052170419,-0.79614083316965,0.602937325883198,-5.9371572067921e-08,7.35113479667867e-40
10.01,0.423318,-0.08440592,-6.68993002476572e-12,-1.20763301071273e-41,-0.623436406949919,0.129926349237992,-0.0387183539188342,-0.070991941724662,-0.739288626322019,0.59334401795682,-3.92932222731618e-10,2.1591348652693e-41
10.02,0.422976,-0.08983326,-2.13251266825615e-14,-2.82404744113473e-42,-0.555811139997389,0.125782056313918,-0.0442764653188081,-0.0697341211615228,-0.682131729307752,0.592492894538943,-1.34263343015934e-12,5.0554822785682e-42
10.03,0.4228394,-0.09448891,-3.37960971937068e-17,-4.01280782727934e-42,-0.488508369339367,0.127601219078666,-0.0491615490122017,-0.0684581089707362,-0.625517796030102,0.599079670829026,-2.32230827386613e-15,7.11444200065506e-42
10.04,0.4229889,-0.09812053,-2.14231216288677e-20,-5.40770884809085e-41,-0.421288309135926,0.136912871505666,-0.053374432103561,-0.0670889802556795,-0.569262559378728,0.615242564188573,-1.63973491302483e-18,9.36806420749649e-41
10.05,0.4234179,-0.1008873,-4.40074844592065e-24,-3.20915700339142e-39,-0.354629594800251,0.151776080936916,-0.0569207280515635,-0.0655712194463103,-0.513620497517445,0.638544767501124,-3.78298345498877e-22,5.38411287032883e-39
10.06,0.4241711,-0.102642,-2.00859858516549e-28,-7.4971411894146e-37,-0.288559534949969,0.172825021502107,-0.0598063234010632,-0.0638429692312893,-0.458541766865103,0.669516720493965,-1.91132262864315e-26,1.20814999440783e-36
10.07,0.4251367,-0.1035282,-1.44195686350983e-33,-3.13651591088305e-34,-0.224356548001795,0.198272591220134,-0.0620498888810812,-0.0618602433190879,-0.404897684856138,0.705644497141743,-1.44577449751644e-31,4.8371799105247e-34
10.08,0.4263268,-0.1034018,-7.41184852658888e-40,-2.11606636620745e-31,-0.162187257899212,0.228749253243794,-0.0636717614600733,-0.05957275078665,-0.352784535031031,0.74716365352965,-7.41358590003103e-38,3.11442373438012e-31
10.09,0.427607,-0.1025564,-1.30031737297804e-47,-1.06038063617203e-28,-0.103370931374636,0.26129937615229,-0.0647054707738196,-0.0569597570251271,-0.303220010130921,0.790419439628446,-1.32556611697486e-45,1.4923507165748e-28
10.1,0.4288203,-0.1010665,-2.34610978463018e-56,-3.3697427645872e-26,-0.0492798393872613,0.294943364275736,-0.0651982691676923,-0.0540103233823697,-0.257346761643307,0.834213800011831,-2.69907242341177e-54,4.54942692364195e-26
10.11,0.4298286,-0.0990942,-2.13490760474865e-61,-5.67259377659164e-24,-0.000991596186763921,0.328072935439811,-0.0652081851295599,-0.0507295940279716,-0.216127620313642,0.876988471271427,-3.39257449781624e-59,7.37869551984929e-24
10.12,0.430343,-0.09685332,-1.84659960304616e-58,-4.375808500161e-22,0.0393287352871834,0.358798480334657,-0.0648148977766881,-0.0471416092246251,-0.181510272645688,0.917272467331436,-6.31399425752566e-56,5.51151060705915e-22
10.13,0.4300168,-0.09491805,-1.14963503712922e-54,-9.87404971277249e-21,0.0692796135200293,0.382514031612387,-0.0641221016414878,-0.0433164689085012,-0.155738223298471,0.951768878991452,-3.64292853999176e-51,1.2123489681648e-20
10.14,0.4292321,-0.09231947,1.94857590137312e-50,-2.15966146736306e-19,0.0925802919785488,0.40737541844163,-0.0631962987217023,-0.0392427147240849,-0.135687598933665,0.987239523669306,-1.95827763853513e-47,2.58786447484065e-19
10.15,0.4274688,-0.08963802,1.9563703636475e-48,-2.58248846161309e-18,0.105442373953225,0.428480371404581,-0.06214187498217,-0.0349579110100391,-0.124850518866193,1.02013852531727,-1.58670509823843e-45,3.03032851431254e-18
10.16,0.4246096,-0.08660591,3.4653677645637e-48,-2.35513458656558e-17,0.107689102356637,0.448129666025105,-0.0610649839586037,-0.030476614349788,-0.123539929129665,1.05228099924756,-2.80895871519717e-45,2.71143556062402e-17
10.17,0.420665,-0.08360403,1.80864965095138e-49,-1.2128649387418e-16,0.100255622870002,0.463260577467834,-0.0600624277299036,-0.0258440085751097,-0.131011926134642,1.08184482657015,-1.57810429857572e-46,1.37378413930498e-16
10.18,0.4158078,-0.07979612,2.13969213508395e-52,-7.68346810397971e-16,0.0853690020422766,0.480817579915811,-0.0592087377094809,-0.0210358327759516,-0.145256109190745,1.11318925047265,-4.38542943528637e-49,8.56430643652494e-16
10.19,0.4095989,-0.07551705,-1.68189637358863e-56,-4.33107626617388e-15,0.0602089099214318,0.497808095997928,-0.0586066486102666,-0.0160577518159723,-0.168719773915664,1.14447333428949,-1.07845846162926e-53,4.7566634928126e-15
10.2,0.4023545,-0.07029855,-1.17913985736557e-61,-3.13086580913682e-14,0.0283177381976554,0.517903110494621,-0.05832347122829,-0.0108787207110261,-0.197895935205517,1.17756952575546,-2.53072772505804e-59,3.38944656638289e-14
10.21,0.3941825,-0.06387657,-1.73858112802386e-63,-3.30077745637475e-13,-0.00867683298419486,0.542825490724685,-0.058410239558132,-0.00545046580377926,-0.230910974692077,1.21297792804813,-2.36781372821005e-61,3.52386793007463e-13
10.22,0.3852223,-0.05600831,-9.60450960858613e-58,-5.42383274293045e-12,-0.0489946810717914,0.573958109124509,-0.0589001863688499,0.000289115287465821,-0.265720161331761,1.25076558655586,-1.06740891593003e-55,5.7138116420034e-12
10.23,0.3759394,-0.04602267,-1.60901708900642e-50,-1.88103586323167e-10,-0.0883584462068718,0.615953679883656,-0.0597837708309186,0.00644865208630238,-0.298271300403694,1.29187299442184,-1.65091132738601e-48,1.95661803437117e-10
10.24,0.3660281,-0.03443974,-3.48540567400061e-44,-7.88796419897782e-09,-0.129032507050089,0.663503897716816,-0.0610740959014195,0.0130836910634705,-0.330272596129764,1.33344768079477,-3.4891192454911e-42,8.11536879056714e-09
10.25,0.3559037,-0.02068246,-2.61127456405138e-39,-4.9376715375098e-07,-0.1673053410303,0.720453774612321,-0.0627471493117225,0.0202882288095937,-0.358533626302328,1.37581992669957,-2.6139789289282e-37,5.03298815711238e-07
10.26,0.3458653,-0.004550305,-1.0341314639892e-35,-4.2453829299012e-05,-0.200711035200561,0.787270584884186,-0.0647542596637281,0.0281609346584356,-0.381293856384146,1.41813182382027,-1.03885005967301e-33,4.29531518823439e-05
10.27,0.3359697,0.01386591,-4.92354127591949e-33,-0.00402604077425661,-0.228960072917508,0.861993096180801,-0.0670438603929032,0.0367808656202436,-0.398717584591531,1.45929950792672,-4.94398031167437e-31,0.00405118336680599
10.28,0.3263931,0.03446848,-3.87652050026307e-31,-0.341399994542097,-0.250861308569283,0.942710549972479,-0.069552473478596,0.0462079711199684,-0.410351574052862,1.49871799162981,-3.87865461145008e-29,0.342288308563168
10.29,0.31662,0.05646727,-1.59410435027372e-29,-4.95616916059655,-0.270909102338258,1.02209776894178,-0.0722615645019786,0.0564289488093862,-0.419838028294594,1.53582615043343,-1.58612813494541e-27,4.95919967209147
10.3,0.3074807,0.08051406,-1.27288279030689e-28,-6.45991468558749,-0.282453996508736,1.10493458314158,-0.0750861044670659,0.067478294640802,-0.422713986023555,1.57115273077515,-1.26378038225891e-26,6.45991509566396
10.31,0.2985156,0.105798,-4.77080908384191e-28,-6.4950059700314,-0.289781437033342,1.18392049582775,-0.0779839188373994,0.0793174995990794,-0.422401212165112,1.60473568853957,-4.7378546612467e-26,6.49874662983976
10.32,0.2899987,0.1322224,-6.54322465988867e-28,-6.48573167930489,-0.290978076546723,1.25806247386867,-0.0808936996028666,0.0918981243377662,-0.417818120282873,1.63694732066068,-6.51953453983296e-26,6.49994111304841
10.33,0.2817648,0.1593589,-4.50095863515566e-28,-6.46919296851283,-0.287844208574532,1.32383075806045,-0.0837721416886119,0.105136431918371,-0.410418373633416,1.66821268571518,-4.50329901372097e-26,6.49999550194857
10.34,0.2727572,0.1859302,-6.40048678383696e-28,-6.44636073608781,-0.289209541204229,1.37125560932604,-0.0866642371006542,0.118848988011631,-0.40623238790063,1.69938547043719,-6.41459884643471e-26,6.49999924883208
10.35,0.2642877,0.2126648,-3.29491197958437e-28,-6.41733695916353,-0.284182600961778,1.40728733388484,-0.089506063110272,0.13292186135048,-0.397902635432055,1.7304883208112,-3.30903745613295e-26,6.49999980169105
10.36,0.2553881,0.2386067,-2.30682469517233e-28,-6.38108737508392,-0.281058747627615,1.42494937935368,-0.0923166505865481,0.147171355144016,-0.391073083835305,1.76241789463241,-2.31818150163786e-26,6.4999998982023
10.37,0.2456582,0.2625778,-3.59847826396215e-28,-6.33520279658244,-0.282903182873273,1.41617141828781,-0.0951456824152808,0.161333069326894,-0.38767106250332,1.79651223574631,-3.61627093802199e-26,6.49999986904581
10.38,0.2363629,0.2863849,-2.31226495400656e-28,-6.2804784430622,-0.279162066912221,1.39750938130251,-0.0979373030844031,0.17530816313992,-0.38071650726727,1.83149127475189,-2.32268301270804e-26,6.49999976250447
10.39,0.2273944,0.3094482,-7.48823870528196e-29,-6.21475855746326,-0.271162402820753,1.36522052876777,-0.100648927112611,0.188960368427597,-0.371221348754312,1.8682157333663,-7.51213193292736e-27,6.49999929734589
10.4,0.2166668,0.3291957,-1.91968588585948e-28,-6.12843935345158,-0.275999354392562,1.30005546617865,-0.103408920656536,0.201960923089384,-0.370200234676308,1.91062548146841,-1.92548425234053e-26,6.49999282354426
10.41,0.2064115,0.3480646,-1.85354097183486e-28,-6.02374352673259,-0.274727536013062,1.22447370254989,-0.106156196016667,0.214205660114883,-0.365284504124514,1.9560169876086,-1.85756559799342e-26,6.49987749670608
10.42,0.1961137,0.3653978,-1.41759350135493e-28,-5.88971133927544,-0.271958966382241,1.13452795313627,-0.108875785680489,0.225550939646245,-0.35954986935684,2.00620558040815,-1.41929109083168e-26,6.49552293931585
10.43,0.1857717,0.3811196,-8.77017875121362e-29,-5.40710010366279,-0.267835037789411,1.03131733852398,-0.111554136058383,0.235864113031485,-0.353121271206763,2.06238239645712,-8.77258766428815e-27,6.13311543733587
10.44,0.175373,0.3951972,-4.53561648269105e-29,-0.36625731148979,-0.262582579192545,0.916280095775392,-0.114179961850309,0.245026913989239,-0.346167857952592,2.12595754641445,-4.53414230457293e-27,0.430967919554572
10.45,0.1649884,0.4076567,-1.81347121253872e-29,-0.000494413465380346,-0.255748765861634,0.791288997480308,-0.116737449508925,0.252939803964042,-0.338430455272346,2.19851205006412,-1.81304465589016e-27,0.000610854648420997
10.46,0.1544868,0.4183945,-6.7787921680316e-30,-1.40405586179439e-07,-0.248544026342811,0.657099791974275,-0.119222889772353,0.259510801883785,-0.330677263721184,2.28248269898017,-6.78534038767486e-28,1.85424886902266e-07
10.47,0.1437546,0.427194,-2.7812088511702e-30,-5.46767758620791e-12,-0.241946486729292,0.513566049283632,-0.121642354639646,0.264646462376621,-0.323503120714935,2.38152381129585,-2.79055486439833e-28,7.93735927234445e-12
10.48,0.1338118,0.4353709,-3.14966953039016e-31,-5.05693203096519e-17,-0.227769781149522,0.372839070072878,-0.123920052451141,0.26837485307735,-0.31190494809151,2.49109277580076,-3.18302008009674e-29,8.35075748881426e-17
10.49,0.1247635,0.4433406,-8.56233769586244e-33,-2.51389308218949e-22,-0.205862402099372,0.23890345684385,-0.125978676472135,0.270763887645788,-0.295881077647051,2.60832243600862,-8.81664407985149e-31,4.94139229943516e-22
10.5,0.1149887,0.4486111,-6.04531407332686e-34,-1.90272664275889e-27,-0.189960340075263,0.0921895074763661,-0.127878279872888,0.271685782720552,-0.283879601084208,2.75139462629698,-6.36827597726814e-32,5.00612191397802e-27
10.51,0.1067791,0.4546447,-3.54090289193675e-36,-1.21691767044077e-28,-0.161322719691714,-0.0377271316101364,-0.129491507069805,0.271308511404451,-0.264330183458657,2.89136698003345,-3.95593852697412e-34,4.94339179232458e-28
10.52,0.09845359,0.459078,-2.52698242528989e-38,4.40912196242282e-27,-0.134613932730611,-0.170210165239894,-0.130837646397111,0.269606409752052,-0.246287233175683,-3.13032822084839,-3.08053519394273e-36,9.80780076875154e-25
10.53,0.08982598,0.4616015,-3.43352209006015e-40,8.54946772435084e-22,-0.111337526778671,-0.306677864178358,-0.131951021664898,0.266539631110268,-0.230639490673896,-2.9428975310399,-4.68719108957433e-38,1.80401776094531e-19
10.54,0.08233666,0.4643421,-1.19895047373993e-42,7.60545163428839e-17,-0.0798280486462417,-0.428969168876197,-0.13274930215136,0.262249939421506,-0.210064586981432,-2.77862864165949,-2.06959091317386e-40,7.61890404199623e-15
10.55,0.07506463,0.4662976,-9.23744079284405e-45,7.71379825073079e-13,-0.0483210440052719,-0.545424091840541,-0.133232512591413,0.256795698503101,-0.1896698095347,-2.63010744590805,-2.42747966868323e-42,6.66003706943695e-11
10.56,0.0679838,0.4674822,-2.95326006490705e-46,1.98813022867284e-09,-0.0172258775232734,-0.655646003406005,-0.133404771366646,0.250239238469041,-0.169660099854788,-2.49883857750635,-1.78244569686395e-43,1.32702378214442e-07
10.57,0.06126334,0.4679908,3.17197471149888e-47,1.29452757976794e-06,0.0146469729743206,-0.758664334160802,-0.133258301636902,0.242652595127433,-0.149222126996382,-2.38462976183969,-1.50664224561563e-43,7.46234182246176e-05
10.58,0.05510767,0.4682355,2.6360218977923e-45,0.000240097624325962,0.0486684086554874,-0.851100746977398,-0.132771617550347,0.234141587657659,-0.127405273833145,-2.28769140761477,-2.17264688033276e-42,0.0126828185283717
10.59,0.04869824,0.4675643,9.03884930413233e-44,0.0188622853404877,0.077893147414196,-0.938401254950431,-0.131992686076206,0.224757575108155,-0.108652033128411,-2.20110016499149,-1.21539320296841e-40,0.934469178565743
10.6,0.04223524,0.4659527,-1.05830098820305e-41,0.122959010291211,0.10412151744444,-1.02060661317721,-0.130951470901761,0.214551508976382,-0.0917802434229687,-2.12322332066394,-9.72348999401892e-39,5.79147038993574
10.61,0.03610292,0.464213,-4.39013683983721e-39,0.142610644072565,0.130502366720577,-1.09110747171753,-0.129646447234555,0.203640434259207,-0.0746917925939881,-2.05574369039986,-1.11782419607082e-36,6.46489037593384
10.62,0.03012471,0.4620912,-6.82462352802415e-37,0.147667296660804,0.155440565778472,-1.1524048641274,-0.128092041576771,0.192116385617933,-0.0584071309849707,-1.99526146272298,-1.04198647099068e-34,6.49727825592644
10.63,0.0243335,0.4597176,-5.77046798356044e-35,0.151215374867502,0.179155028031337,-1.20379258517244,-0.126300491296457,0.180078459766209,-0.0427562413866804,-1.94054581325432,-7.15933433115634e-33,6.49964923204155
10.64,0.018614,0.456889,-2.26613934406715e-33,0.154072694973071,0.200668646908401,-1.24734276479908,-0.124293804827373,0.167605032118218,-0.0283853908477719,-1.88970521163051,-2.90120463068627e-31,6.4999340317303
10.65,0.01278804,0.4536065,-3.24760234983409e-32,0.156392879980668,0.21859363526217,-1.28338522075664,-0.122107868474752,0.154771179910651,-0.0162554852860827,-1.8418537382454,-5.53959226387393e-30,6.49998269009422
10.66,0.007063101,0.4500131,-1.65148271256249e-31,0.158254677969041,0.23476338586979,-1.31113789799358,-0.119760234616054,0.141659800930716,-0.00512799370847575,-1.79652530483941,-7.17321787971625e-29,6.49999362490939
10.67,0.001389883,0.4461655,1.53990003667648e-30,0.159725976782791,0.248820278339014,-1.33062338440085,-0.117272031832664,0.128353567086707,0.00473375038463074,-1.75310574053565,-6.09793981919845e-28,6.49999676706155
10.68,-0.003944504,0.4424213,4.72909765549366e-29,0.160847740099769,0.263141007668271,-1.33951528979894,-0.114640621755981,0.114958414188718,0.0150002845207002,-1.71140739511618,-5.11922550181768e-27,6.49999756860488
10.69,-0.01001121,0.4378156,1.3753470063179e-28,0.161679869228758,0.26904182238653,-1.34628703427726,-0.111950203532116,0.101495543845945,0.0194302339715704,-1.66981673520172,-1.09067749144278e-26,6.49999802986243
10.7,-0.01623039,0.4329132,2.04089457300995e-28,0.162219701799905,0.271799688205697,-1.34655071570879,-0.109232206650059,0.0880300366888572,0.0216726431664051,-1.6286654629319,-1.41562788974103e-26,6.4999979794299
10.71,-0.02185981,0.428836,5.42457811192277e-28,0.16247512563914,0.277587080996064,-1.33187131497042,-0.106456335840098,0.074711323539153,0.0262120442992135,-1.58800353139928,-2.96954151175251e-26,6.49999640508047
10.72,-0.02742514,0.4250062,1.06437702550983e-27,0.162451615088225,0.281919171362896,-1.30813022605049,-0.103637144126469,0.0616300212786482,0.0297807121267928,-1.54681000598715,-4.95875700801368e-26,6.49999095744871
10.73,-0.03239297,0.422143,3.50517481103704e-27,0.162129641271829,0.289150600396727,-1.27046342412939,-0.100745638122502,0.0489253870373543,0.0356457294871094,-1.504356950639,-1.29745754179776e-25,6.49996030710947
10.74,-0.03785991,0.4190857,3.72135631955029e-27,0.161472410517569,0.290233072467599,-1.22946466996638,-0.0978433073978257,0.0366307403376905,0.0369495608713685,-1.46022087027468,-1.31514560208012e-25,6.49979228724741
10.75,-0.04336408,0.4163571,2.77281234160852e-27,0.16039947644186,0.28934536422142,-1.18148833243206,-0.0949498537556115,0.0248158570133699,0.0367552497255215,-1.41365398666355,-9.86614421091927e-26,6.49846343830199
10.76,-0.04887284,0.4140431,1.55397666467757e-27,0.158522886544525,0.286912024154997,-1.12670565080895,-0.0920807335140615,0.0135488005052804,0.0353335715782629,-1.36383239078267,-5.81761818167877e-26,6.48341519743484
10.77,-0.054787,0.4116924,3.56440104829197e-28,0.151631044186093,0.279868879199141,-1.06959910698078,-0.0892820447220701,0.00285280943547262,0.0301797062739626,-1.31073191368669,-1.63273482548288e-26,6.28272041951955
10.78,-0.05999459,0.4102266,1.97356278848756e-28,0.0835428362967272,0.277517635993917,-1.00336978089091,-0.086506868362131,-0.00718088837343647,0.0286807174593893,-1.25163749879508,-9.64414705281493e-27,3.5247577509296
10.79,-0.06550743,0.408985,4.98549961519555e-29,0.00493485723831773,0.271411180591153,-0.934425965804673,-0.0837927565562194,-0.0165251480314832,0.024051787572911,-1.18684908580593,-3.03925929943184e-27,0.213334167921148
10.8,-0.07131891,0.4073785,5.41319108292357e-30,0.000126204556442595,0.261942298927355,-0.868108977339713,-0.0811733335669459,-0.0252062378048803,0.0164926031404791,-1.11784329676553,-5.23329113465107e-28,0.0056285850756836
10.81,-0.07695138,0.4057945,5.25106172610175e-31,2.29694597229073e-06,0.253256945763743,-0.801542033852749,-0.0786407641093084,-0.0332216581434078,0.0093885530891731,-1.04297615445438,-9.78177407990631e-29,0.000106624465174859
10.82,-0.08243494,0.4044595,2.52100267775129e-32,2.64758452612776e-08,0.245107227193726,-0.733358969068863,-0.0761896918373712,-0.0405552478340964,0.00255637074785594,-0.960543242035808,-1.91492718232022e-29,1.29388773931602e-06
10.83,-0.08743899,0.4031334,-5.31410573849511e-33,2.11476462289221e-10,0.240141765891569,-0.666029995185091,-0.0737882741784555,-0.0472155477859474,-0.00169852823346438,-0.871656874985265,-6.54403516848547e-30,1.10161591946114e-08
10.84,-0.09181628,0.4018658,-5.6081441230124e-33,1.08558105127986e-12,0.239311490587227,-0.599514002656191,-0.0713951592725832,-0.0532106878125093,-0.0024453945503319,-0.776214934516181,-4.86216476417043e-30,6.1386907412516e-11
10.85,-0.09551382,0.4005556,2.15788070582812e-33,3.59646050920863e-15,0.242711432294668,-0.534968836446141,-0.0689680449496365,-0.0585603761769707,0.000532995358944168,-0.675904862506755,-8.13776930886454e-30,2.28382901541245e-13
10.86,-0.09850422,0.3990318,1.17991227297976e-31,8.2099215334655e-18,0.250196623387446,-0.474003112069338,-0.0664660787157621,-0.063300407297664,0.00725477517953402,-0.574144920255922,-2.93352973279353e-29,6.22153681882141e-16
10.87,-0.1004224,0.3975274,4.51191097122121e-30,1.04947892801737e-20,0.264301903817302,-0.41485878289613,-0.0638230596775891,-0.0674489951266253,0.0201911309870947,-0.470268203160465,-3.41402286545806e-28,9.79930984130968e-19
10.88,-0.1014226,0.3957508,2.36660952574789e-28,1.1124913897715e-23,0.283171325179439,-0.360080642552475,-0.0609913464257947,-0.0710498015521501,0.0379286959368284,-0.370090132161634,-8.08595872543552e-27,1.11583100446016e-21
10.89,-0.101373,0.3936574,2.04181744701366e-26,9.02179524678156e-27,0.307349664539195,-0.310016117072045,-0.0579178497804027,-0.0741499627228706,0.0612529277542285,-0.276384079552141,-3.74468611116064e-25,9.68575215935472e-25
10.9,-0.1003504,0.3911249,2.14668586086892e-24,3.21421194504612e-30,0.335636711012175,-0.265572798520772,-0.054561482670281,-0.0768056907080783,0.0893681893408636,-0.192459941982273,-2.45232812085855e-23,7.83843468528684e-28
10.91,-0.09844625,0.388165,2.14285161320481e-22,-7.70004376269095e-34,0.366787908501355,-0.22648518480259,-0.0508936035852674,-0.0790705425561042,0.121408688698443,-0.11891870382923,-1.74065569699992e-21,6.51044500154318e-31
10.92,-0.09565347,0.3845343,1.93926720835149e-20,6.35514707098527e-36,0.400422847215922,-0.194500508486302,-0.0468893751131082,-0.0810155476409672,0.157318900678483,-0.059378851337565,-1.22102351154919e-19,9.90859710987214e-34
10.93,-0.09202854,0.380245,1.46211756115416e-18,1.78899570566605e-38,0.435669570102975,-0.169149750834249,-0.0425326794120785,-0.0827070451493097,0.196558898095832,-0.0129463723263477,-7.47763815679488e-18,3.58063881175491e-36
10.94,-0.08761252,0.3752365,8.78087940005774e-17,-6.03317315851532e-40,0.471837546690513,-0.150538265080314,-0.0378143039451733,-0.0842124278001128,0.238741322587451,0.0205003729317014,-3.73293421686052e-16,4.48090452701917e-38
10.95,-0.08238409,0.3695085,4.25891271014767e-15,-7.82004590421377e-41,0.508782926261572,-0.13823719061282,-0.0327264746825576,-0.085594799706241,0.284014906640609,0.0421231676607739,-1.5288644446617e-14,2.33240024385338e-39
10.96,-0.07635159,0.3630888,1.64687801936442e-13,-2.31532491300275e-41,0.546130994196613,-0.131592833546275,-0.0272651647405915,-0.0869107280417038,0.332292913053574,0.053432726863904,-5.06736401610474e-13,5.06842253802203e-40
10.97,-0.06922722,0.3560594,6.21788305701153e-12,-1.82012497031578e-41,0.585894084322967,-0.129531837083626,-0.0214062238973618,-0.08820604641254,0.385956220192686,0.0565795228181685,-1.65330358673313e-11,3.69907755717309e-40
10.98,-0.06095263,0.348447,2.26180992357955e-10,-3.4986897571958e-41,0.628078685804654,-0.13148083812094,-0.0151254370393153,-0.0895208547937494,0.44534265420578,0.0527488496951032,-5.24699921933464e-10,7.78823189250332e-40
10.99,-0.05136463,0.3403982,8.35519344401187e-09,-1.12029895253977e-40,0.673509927901595,-0.135932391661997,-0.00839033776029932,-0.0908801787103694,0.511544932856098,0.044681342296788,-1.70529020941426e-08,3.09498087416573e-39
11,-0.04024564,0.3320496,3.33729588867972e-07,-4.20062667150381e-40,0.723358118839927,-0.141562120277722,-0.00115675657190005,-0.0922957999131466,0.585805120019322,0.0347298954115956,-6.03405264555847e-07,1.60783179409546e-38
11.01,-0.02735025,0.3236403,1.51386366109335e-05,-1.20152269930714e-39,0.778892464007347,-0.146331822689101,0.00663216806817342,-0.0937591181400376,0.669038301070594,0.0263860723119335,-2.44103488398607e-05,6.52294715238684e-38
11.02,-0.01156616,0.3162602,0.00120560841043622,-6.62547624123575e-40,0.848145865092504,-0.141618821640009,0.0151136267190985,-0.0951753063564377,0.767357101792515,0.034027270777331,-0.00173688806585402,2.60343006175822e-38
11.03,0.005559616,0.3085516,0.0662137062320764,-5.08047975316014e-40,0.917246217284835,-0.138973985089255,0.0242860888919468,-0.0965650462073303,0.866517450548124,0.0381190918609764,-0.08689081907857,1.7246425901673e-38
11.04,0.02365707,0.3002772,1.61226094871736,-7.85423100784552e-40,0.982801233779649,-0.140122588511925,0.0341141012297433,-0.0979662720924495,0.963220218022786,0.0359150878824786,-1.96365267322045,2.87923044891757e-38
11.05,0.0446174,0.2933065,5.40481484533602,-1.36571442419259e-40,1.0597109080419,-0.129912311693507,0.0447112103101623,-0.0992653952093846,1.06593779819101,0.052253338601353,-6.1749482764824,3.07767959600032e-39
11.06,0.06824088,0.2876126,5.97627292286022,-2.09378894964634e-42,1.1449683266974,-0.109518325791049,0.0561608935771362,-0.100360578467295,1.16907155645662,0.0847962030827899,-6.49297446367831,2.54832222781594e-41
11.07,0.0919368,0.2810957,6.19218198877398,-1.36104654225848e-43,1.21672486510085,-0.0965271474538874,0.0683281422281447,-0.101325849941834,1.26189939059797,0.10505634235482,-6.49966956534468,1.29026863215808e-42
11.08,0.1168415,0.275146,6.34171611986297,-3.37390944756617e-45,1.28461948626222,-0.0794002885784053,0.0811743370907669,-0.102119852827618,1.34961906010166,0.131649390062781,-6.49997857501114,2.52449427357077e-44
11.09,0.1417731,0.2685548,6.43644991222857,-3.51359414585524e-46,1.33910097338845,-0.0681502419193318,0.0945653468246513,-0.102801355246811,1.4308148932452,0.148749363639584,-6.49999738039361,2.33335615928521e-45
11.1,0.1653433,0.2609628,6.48646987967264,-2.35804228465685e-46,1.36982231134771,-0.0652228352804283,0.108263569938128,-0.103453583599616,1.50624874486466,0.152748167388674,-6.49999918324456,1.5267941445508e-45
11.11,0.1901792,0.2544633,6.49972999651232,-2.7198915398389e-47,1.39935795106621,-0.0533709205309965,0.122257149448791,-0.103987292804926,1.57990876320795,0.170595663204048,-6.4999997284101,1.5871616163674e-46
11.12,0.2151547,0.2482351,6.47886476552437,-3.18960230673681e-48,1.41863138557437,-0.0398824622658314,0.136443463304534,-0.104386117427584,1.65148021333839,0.190865892121236,-6.49999986833796,1.67659829706404e-47
11.13,0.2369373,0.2398822,6.42420199519093,-7.23787853085273e-48,1.40180714606332,-0.0439526043425218,0.150461534765167,-0.104825643471009,1.7236999835879,0.184193942010722,-6.49999977398786,3.9326357937256e-47
11.14,0.2586797,0.2319292,6.33491964799912,-8.9105224128464e-48,1.37691755206897,-0.044147007643609,0.164230710285857,-0.105267113547445,1.79670662713215,0.183442381662137,-6.49999948222092,4.85989222767083e-47
11.15,0.2777802,0.2225264,6.20154642020492,-7.85569907853513e-47,1.32405120377706,-0.0554185661151347,0.177471222323628,-0.105821299208597,1.87507666939332,0.16571734764036,-6.49999665539737,4.71009219564518e-46
11.16,0.2960325,0.2131797,6.01937698920383,-6.1069495791231e-46,1.2600138084205,-0.064877547625624,0.190071360407833,-0.106470074684853,1.95783424924344,0.150692361891664,-6.49996453073538,4.00555454978701e-45
11.17,0.3120131,0.2025859,5.7663700999508,-3.31963216468817e-44,1.17476150430183,-0.0829227472374168,0.201818975450851,-0.107299302157227,2.05028312138625,0.122431855760612,-6.49900101871549,2.67335382033804e-43
11.18,0.3263815,0.1915015,5.37492795937111,-2.95924879685128e-42,1.07575336060998,-0.102756425326938,0.212576509056951,-0.108326866410496,2.153231561873,0.0913923180543872,-6.43586791807207,3.29166044952791e-41
11.19,0.3391854,0.17991,1.89641453765564,-3.00372690337565e-40,0.965074898552572,-0.124232867375623,0.222227258042477,-0.109569195084253,2.26891732797841,0.0579475646455383,-2.47570079191992,5.9184088873461e-39
11.2,0.3508809,0.1682607,0.00688101369865807,-1.12156984669902e-38,0.847971336246761,-0.143517103507701,0.230706971404944,-0.11100436611933,2.39680873957911,0.0281491377614842,-0.0101535869831265,5.61204984215384e-37
11.21,0.361541,0.1565868,5.36829795808772e-06,-3.2881105299308e-38,0.72626623616139,-0.16038908034777,0.237969633766558,-0.112608256922807,2.53681980919789,0.00241804457268703,-9.4394730634573e-06,2.64658468787428e-35
11.22,0.371361,0.1450425,1.28069231948656e-09,3.17069697028792e-36,0.602639535689011,-0.173702809682357,0.243996029123448,-0.114345285019631,2.6863255000744,-0.0175269888483514,-2.91029601612206e-09,5.15158803229791e-34
11.23,0.3806778,0.1339454,9.01932813398311e-14,2.21392127984397e-35,0.480699107492335,-0.181130644156278,0.248803020198372,-0.116156591461194,2.83930334654014,-0.0283569659545014,-3.04552151935988e-13,2.83526617900215e-33
11.24,0.3896508,0.1234349,1.77880300337307e-18,3.31429886803248e-35,0.362340486064276,-0.181978600477553,0.252426425059014,-0.117976377465969,2.98993494526748,-0.0293247090739695,-1.15963219794203e-17,4.20105334432114e-33
11.25,0.3983974,0.11363,1.22553765377322e-24,1.06428752855213e-35,0.248956818439261,-0.1758110797174,0.254915993243407,-0.119734488263143,3.13304991353333,-0.0200910535775473,-2.53938324496617e-22,1.59363978631085e-33
11.26,0.406983,0.1045837,1.69050449576657e-29,8.75159214856452e-38,0.141383524304022,-0.162795089669711,0.256329828486447,-0.12136243915984,-3.01786988262357,-0.00116102850611234,-1.3699649454891e-26,1.56146365264414e-34
11.27,0.41539,0.09631975,-2.82758614566265e-31,-7.5699084930482e-38,0.0396936428034316,-0.143357554234456,0.256726764914482,-0.122796014702185,-2.89738774300785,0.0266490899432904,-3.49115157168799e-29,4.05868147585877e-36
11.28,0.4235437,0.08875632,-5.68665095559175e-31,-1.94227064420985e-39,-0.0565369047400139,-0.118771873605363,0.256161395867081,-0.123983733438238,-2.78794129665894,0.061370879390383,-5.68858434348189e-29,3.55328811867706e-38
11.29,0.4312944,0.08182294,-1.07384480741041e-28,-1.57815497438153e-41,-0.148326921377791,-0.0901527683133079,0.254678126653304,-0.124885261121372,-3.07675417441147,0.101316822065555,-1.92148479483797e-26,1.5579109472631e-40
11.3,0.4385193,0.07534289,-8.36185968131448e-26,-1.25897018357193e-43,-0.236428518440405,-0.0593950300029427,0.2523138414689,-0.125479211421401,-2.9736662002555,0.143752427010048,-5.65752266198828e-23,8.64042089079009e-43
11.31,0.4450455,0.06920344,-1.80068548060947e-21,-3.77212662159524e-45,-0.321953196552204,-0.0277512443070922,0.249094309503377,-0.125756723864472,-2.87250712555968,0.186919753902632,-1.97740831313713e-19,2.02173891840748e-44
11.32,0.4510583,0.0634065,-3.14137749682816e-18,-1.42070329087361e-45,-0.403092992702817,0.00452686033051997,0.245063379576349,-0.125711455261167,-2.77558944165281,0.230488259739712,-3.14859254663963e-16,6.24778151539702e-45
11.33,0.4557441,0.0575649,-3.54158409314027e-15,-8.35673363454276e-45,-0.486149967727282,0.0341214218979573,0.240201879899076,-0.125370241042187,-2.67632168989875,0.270083857907743,-3.33447119534324e-13,3.15130668527573e-44
11.34,0.4595097,0.05161713,-2.10634544903366e-12,-2.46115190369012e-43,-0.567209945645484,0.0605730421000175,0.234529780442622,-0.124764510621187,-2.57934881038145,0.305316600589521,-1.63571307553563e-10,8.22951453967226e-43
11.35,0.4622101,0.04552879,-6.56532370852129e-10,-1.16877441148296e-41,-0.647067972723796,0.0836926690409197,0.228059100715384,-0.123927583930778,-2.48415839360646,0.336156955369581,-4.28253454310826e-08,3.55571154656012e-41
11.36,0.4638989,0.03927742,-1.06091259447261e-07,-4.48782511406137e-40,-0.724880796955439,0.10342190347165,0.220810292745829,-0.122893364896061,-2.39176564896631,0.362719636940456,-6.16126007844869e-06,1.26744798528021e-39
11.37,0.4646479,0.0328436,-9.44048188947862e-06,-1.00806822826741e-38,-0.799742830411233,0.119752575450738,0.212812864441717,-0.121695839141554,-2.30295196729435,0.385143961665788,-0.000504903742507015,2.6858678642322e-38
11.38,0.4639102,0.02567153,-0.000637873149430603,-4.84119158413876e-38,-0.87575341771424,0.128451893752953,0.204055330264575,-0.120411320204024,-2.21489215961877,0.398255310246116,-0.0319070310613948,1.2488971306471e-37
11.39,0.4629427,0.01892954,-0.0174469345826634,-3.7014004868218e-37,-0.942339278091456,0.13932121880816,0.19463193748366,-0.119018108015943,-2.13436515134418,0.414267959812952,-0.827386283320339,9.19483936673094e-37
11.4,0.4614702,0.01222483,-0.102795714519599,-2.2132804310064e-36,-1.00200669737248,0.149012201497074,0.184611870509935,-0.117527986000972,-2.05869747722588,0.429056450461533,-4.66728365810067,5.31791671829855e-36
11.41,0.459471,0.005497626,-0.143274821446908,-9.4151519279082e-36,-1.05509005320921,0.15708541258517,0.174060969977843,-0.11595713187512,-1.98693561212411,0.442090964077923,-6.28023650982772,2.19923703030587e-35
11.42,0.4572414,-0.001083322,-0.151696470608491,-3.82457034073633e-35,-1.09941050430714,0.164955481778255,0.163066864934772,-0.114307577057338,-1.91922077168157,0.455109643073904,-6.467156247278,8.69391483125505e-35
11.43,0.4549075,-0.007489874,-0.155615554655395,-1.53964345006487e-34,-1.13437354686207,0.172812930782532,0.151723129466151,-0.112579447749512,-1.85486696844309,0.468355131611163,-6.49237769391971,3.4076314299633e-34
11.44,0.4526534,-0.0136644,-0.158306281157933,-6.65603494086574e-34,-1.15902825263564,0.18106640279005,0.140132846939795,-0.110768783721612,-1.79329048811695,0.482337446917051,-6.49717864189093,1.43361236254504e-33
11.45,0.4505414,-0.01965306,-0.160245771254592,-2.81104695737186e-33,-1.17353372890195,0.189268239727365,0.128397509650775,-0.108876101324338,-1.73363037059075,0.496527353107546,-6.49838256342219,5.89543866443044e-33
11.46,0.4486571,-0.02549757,-0.161554174431784,-1.07531022582332e-32,-1.17791571233038,0.197041276837053,0.116618352527471,-0.106905688555968,-1.6751441601299,0.510479553170813,-6.49858353919998,2.19886672736262e-32
11.47,0.4469075,-0.03127971,-0.162277146622355,-3.28297223222721e-32,-1.17368425110823,0.203724153022149,0.104881510016389,-0.104868447025746,-1.61698610491675,0.523402442941039,-6.49822632025786,6.56276049726237e-32
11.48,0.4454199,-0.03700564,-0.162406697122477,-8.05016936656243e-32,-1.16053035445221,0.209312988565561,0.0932762064718668,-0.102775317140091,-1.55861634648288,0.535285747655167,-6.49676436496819,1.57700766503946e-31
11.49,0.4440066,-0.04280742,-0.161877162094996,-1.31680264112139e-31,-1.14073406424285,0.2128151147206,0.0818688658294384,-0.100647165992885,-1.4994461352224,0.544918009143835,-6.49210439947676,2.53863870085022e-31
11.5,0.4426652,-0.0486977,-0.160421443213322,-1.45603414992825e-31,-1.11495968154098,0.214274398552519,0.0707192690140285,-0.0985044220073594,-1.43910869901613,0.552296946242865,-6.47460997067367,2.77352361663518e-31
11.51,0.4412636,-0.05469409,-0.156907630052756,-1.08905186521788e-31,-1.08489146877383,0.213704843083184,0.0598703543262903,-0.0963673735765276,-1.37744608795385,0.557361840522077,-6.39912338375457,2.05767276080026e-31
11.52,0.4401189,-0.06036027,-0.144246435721012,-1.11457164349489e-31,-1.04853510151037,0.214721214898351,0.0493850033111866,-0.0942201614275441,-1.31384291346195,0.564459313111526,-5.97168854344261,2.08234587442595e-31
11.53,0.4382531,-0.06691026,-0.104628153379907,-2.25304886537669e-32,-1.01438413516013,0.207593931207873,0.0392411619595853,-0.0921442221154654,-1.25005773232855,0.561608877849173,-4.41674009784901,4.22831345002982e-32
11.54,0.4365433,-0.07307915,-0.0343171370414807,-7.38633132389114e-33,-0.975507983113402,0.203013136698884,0.0294860821284512,-0.0901140907484765,-1.18445308726992,0.561695395070854,-1.4850026542543,1.38600860506663e-32
11.55,0.4347672,-0.07912716,-0.00476617247549463,-2.5346737642829e-33,-0.93428703485625,0.19874943326594,0.0201432117798887,-0.0881265964158171,-1.1176562796188,0.562058414845042,-0.212585617129601,4.75346180568223e-33
11.56,0.4329339,-0.08503821,-0.00044093353518149,-9.39150362790039e-34,-0.891090582720863,0.194931662503029,0.0112323059526801,-0.0861772797907868,-1.0498497185979,0.562883739250761,-0.0203876281204334,1.758965255342e-33
11.57,0.4311062,-0.09063772,-3.12098301892179e-05,-5.09602696420984e-34,-0.845845313917055,0.192927878836302,0.00277385281350956,-0.0842480010024238,-0.98103958016559,0.565986936008353,-0.00150479363916438,9.49807813574083e-34
11.58,0.4294078,-0.09577854,-1.62100917966492e-06,-5.15765241219229e-34,-0.798011781599341,0.193768807210803,-0.00520626500248385,-0.0823103129303158,-0.910897591269474,0.572832472342149,-8.20040214957368e-05,9.51119285279038e-34
11.59,0.4279496,-0.1003115,-5.75704631212833e-08,-1.20310438897196e-33,-0.747213216347734,0.198401079984794,-0.0126783971659612,-0.0803263021304678,-0.83905443645568,0.584792996471059,-3.07797979746817e-06,2.17860009564098e-33
11.6,0.4268331,-0.1041315,-1.27998217115421e-09,-6.99682494319566e-33,-0.693195012173735,0.207323116232794,-0.0196103472876985,-0.0782530709681399,-0.765116473384811,0.602606687090149,-7.31763288062583e-08,1.23415493453207e-32
11.61,0.4261613,-0.1071338,-1.58290899097183e-11,-1.02950436491335e-31,-0.635732743965415,0.220964194120776,-0.0259676747273527,-0.0760434290269321,-0.688625862684333,0.62680710457688,-9.87966957753256e-10,1.75499558062461e-31
11.62,0.4259992,-0.1092865,-9.49462503490271e-14,-3.2586478181187e-30,-0.574943869201015,0.239113037523643,-0.0317171134193628,-0.0736522986516957,-0.609366375821707,0.656967561339985,-6.71702743922583e-12,5.33605948657586e-30
11.63,0.4263471,-0.110612,-2.44592286958929e-16,-1.71740812462676e-28,-0.511470142558874,0.261118005018078,-0.0368318148449516,-0.0710411186015149,-0.527667184301213,0.692009099114737,-2.04213759544487e-14,2.69189503108605e-28
11.64,0.426991,-0.1114716,-2.91204974775731e-19,-7.71564991325577e-27,-0.447620617943632,0.283679938146395,-0.0413080210243879,-0.068204319220051,-0.445791662171521,0.727783866127859,-2.82156481441727e-17,1.16007596945281e-26
11.65,0.428136,-0.1112913,-1.19380206603885e-22,-5.85975251737835e-25,-0.382197944502538,0.311138479779789,-0.0451300004694133,-0.0650929344222531,-0.362542195063493,0.769006761236407,-1.19582731630522e-20,8.42757834108212e-25
11.66,0.4295531,-0.110408,-1.33734183803394e-26,-4.12805442936665e-23,-0.317554623616365,0.340269353294864,-0.0483055467055769,-0.0616902408893044,-0.280625283289397,0.811700463286062,-1.41973880837884e-24,5.69097694401695e-23
11.67,0.4308593,-0.1094068,-2.84899897262543e-31,-1.38192579275913e-21,-0.257069166926414,0.366136178372029,-0.0508762383748411,-0.0580288791055842,-0.204253580952931,0.850822136689844,-5.40201357996834e-29,1.83824370434745e-21
11.68,0.4319619,-0.1079413,5.85466402552437e-37,-3.53655560684518e-20,-0.201524739637965,0.391561998702898,-0.0528914857712207,-0.0541132591185552,-0.134637977348391,0.889393954391237,-5.65705577281705e-34,4.5535231848882e-20
11.69,0.4319019,-0.1070052,-2.98390838416596e-41,-2.74867055974138e-19,-0.158474997695328,0.408578845292825,-0.054476235748174,-0.0500274706656269,-0.0810318039275924,0.920467544592025,-1.05586523989298e-38,3.45362199559435e-19
11.7,0.4316633,-0.1047767,-5.092461284743e-46,-4.22479079007748e-18,-0.119395385728334,0.432105977495159,-0.0556701896054573,-0.0457064108906753,-0.0329880838114471,0.957313924838442,-6.28305766076825e-44,5.16690662919926e-18
11.71,0.4296796,-0.1033509,-4.40961006743825e-50,-1.74869033646148e-17,-0.096621746702044,0.444956163911731,-0.0566364070724778,-0.041256849251558,-0.0052457423138338,0.985673471534642,-1.87643578640913e-47,2.09758135333e-17
11.72,0.4265166,-0.1010747,1.03446633607805e-51,-9.82205866248779e-17,-0.0845109749880306,0.46091851368483,-0.0574815168223581,-0.0366476641147097,0.00935014168200867,1.01681534950213,-1.93598775246822e-49,1.15489785183014e-16
11.73,0.4224194,-0.09795444,3.90341493802144e-52,-6.95855232089137e-16,-0.0803408163758998,0.479590418922581,-0.0582849249861171,-0.0318517599254839,0.014290484316617,1.05018348431683,-4.47486732610386e-50,8.02090834429846e-16
11.74,0.416929,-0.09370593,2.89443537098158e-51,-7.30627874702719e-15,-0.0871312377468723,0.502872967563106,-0.0591562373635858,-0.0268230302498529,0.00613154574930488,1.08675534809746,-8.65939202313515e-49,8.25418891145817e-15
11.75,0.41031,-0.0881166,-1.31382559415548e-48,-1.19877294287495e-13,-0.101864008727922,0.531921955115864,-0.060174877450865,-0.0215038106986942,-0.0113228056859495,1.12666463619181,-2.91081120505392e-46,1.32751367376399e-13
11.76,0.4022544,-0.08131381,-1.23720933642496e-44,-2.46059635439051e-12,-0.126240203715779,0.565086746798578,-0.0614372794880228,-0.0158529432307084,-0.0397935855594435,1.16821881890765,-1.51600453671858e-42,2.67430612196253e-12
11.77,0.3934132,-0.07237587,-3.43931268507981e-41,-1.05036841787487e-10,-0.154176094249811,0.609084601161745,-0.0629790404305209,-0.00976209721909099,-0.0717422496247575,1.21397743407186,-7.74916191527642e-39,1.12094172174697e-10
11.78,0.3840713,-0.06104827,5.78193594501401e-39,-8.43299611639121e-09,-0.182945914705727,0.664776623837851,-0.0648084995775782,-0.00311433098071248,-0.103698422160064,1.26255594743923,-1.63160985788359e-35,8.84990520108737e-09
11.79,0.3742203,-0.04716895,1.58711744827598e-35,-1.06826261007481e-06,-0.212357792334127,0.73215297967866,-0.0669320775009195,0.00420719881607412,-0.135204160213783,1.31214028307432,-1.56546149849234e-32,1.10500311081403e-06
11.8,0.363869,-0.03133851,-9.24672143356788e-33,-0.000125558038570863,-0.242092581771742,0.8051251296135,-0.0693530033186369,0.0122584501122091,-0.165698300763551,1.35968199798399,-7.38481151677264e-30,0.000128407533841617
11.81,0.3536493,-0.01265092,-2.98276416023303e-30,-0.0190195789020697,-0.266928905187491,0.889912210692306,-0.0720222923705118,0.0211575722191322,-0.189550106868137,1.40607204307387,-7.86469514001675e-28,0.0192804367049425
11.82,0.3434274,0.008137994,-1.80171461272499e-28,-1.69504579085437,-0.288144579151623,0.979083774783608,-0.074903738162028,0.0309484099669683,-0.20845234681901,1.44939752114307,-3.18710192399523e-26,1.70760714904953
11.83,0.3324076,0.02991328,-1.1212659348698e-26,-6.19636213738851,-0.312174948016154,1.062941875816,-0.0780254876421896,0.0415778287251283,-0.229114359504384,1.4889281858191,-1.55145996393524e-24,6.21717507524244
11.84,0.322681,0.05457529,-5.78381566538611e-26,-6.48931417105353,-0.322100415019595,1.15631878853427,-0.0812464917923855,0.053141016610471,-0.234881641633269,1.52652179773166,-7.62411264037885e-24,6.49567647335887
11.85,0.3148231,0.08243519,-1.90042400729077e-26,-6.4996909237467,-0.314418861355234,1.26030810631272,-0.0843906804059379,0.0657440976735982,-0.223465641591999,1.56199564369026,-2.77724652679698e-24,6.49994251320035
11.86,0.3057901,0.1096346,-2.14068230490002e-26,-6.49810015599222,-0.314622007498487,1.34304032044875,-0.0875369004809227,0.0791745008780856,-0.219946045929863,1.59496583817667,-3.25016938241554e-24,6.49999765148443
11.87,0.2973798,0.1376114,-7.86901133251591e-27,-6.4899389690126,-0.307867048290207,1.41696462285047,-0.0906155709638248,0.0933441471065904,-0.210043728285074,1.62645601180916,-1.35874454713826e-24,6.4999998422579
11.88,0.2891324,0.1656081,-1.73267400548255e-27,-6.47582566215707,-0.298370721426304,1.47633020218163,-0.0935992781780878,0.108107449128407,-0.197957633576243,1.65708994586574,-3.71381829868496e-25,6.49999998024513
11.89,0.2808435,0.1931164,-2.91347791264048e-28,-6.45578482511278,-0.288017069244692,1.51788816846323,-0.0964794488705348,0.123286330813039,-0.185494641328711,1.68753076167476,-8.67957885895614e-26,6.49999999521884
11.9,0.2722,0.2196999,-5.78216671701717e-29,-6.42931109230565,-0.279403020553975,1.53932412791383,-0.0992734790760745,0.138679572092177,-0.175013277053196,1.71844743930714,-2.6017308428648e-26,6.49999999771628
11.91,0.2635859,0.2452815,-6.39530997973752e-30,-6.39556948860902,-0.269401638029647,1.54145560519972,-0.101967495456371,0.154094128144175,-0.163614067516562,1.7503371901689,-6.11708063387779e-27,6.49999999796577
11.92,0.2548515,0.269575,-6.33818453827903e-32,-6.35310414983241,-0.259359998493386,1.52351127857863,-0.104561095441305,0.169329240929961,-0.152519180116272,1.78385142527375,-1.39049637376379e-27,6.49999999655388
11.93,0.245902,0.2923584,2.32412187523183e-31,-6.29979161001733,-0.250082597559819,1.48541086637865,-0.107061921416903,0.184183349593747,-0.142415974806045,1.81969754804959,-3.50129541791688e-28,6.49999998865186
11.94,0.2363957,0.3133154,1.5593066201087e-31,-6.23230805898481,-0.2442578892892,1.42646611040566,-0.109504500309795,0.198448010697804,-0.135612473925136,1.85885596360377,-1.56241305028069e-28,6.4999999220682
11.95,0.2267151,0.3326398,8.51476855237825e-32,-6.14711060682542,-0.238617824219428,1.35018370420039,-0.111890678551989,0.211949847739808,-0.129152653627027,1.90189934652651,-7.17742459486164e-29,6.49999893103469
11.96,0.2165176,0.3500885,6.69650368205323e-32,-6.03792878376997,-0.235879649872469,1.25646961041798,-0.114249475050714,0.224514543843988,-0.125352603526758,1.95019976188175,-5.43990577014763e-29,6.49996733621207
11.97,0.2063554,0.3659621,3.73371763789226e-32,-5.89645723740167,-0.231460809238701,1.14962194989101,-0.116564083143101,0.236010763342898,-0.120220987190466,2.0045034647388,-3.09663031873594e-29,6.49782827621342
11.98,0.1960427,0.3805643,1.88089817785852e-32,-5.45938263840872,-0.226979326366905,1.03371091062939,-0.11883387640677,0.246347872449192,-0.115164691433714,2.0655326528728,-1.7470703921734e-29,6.20291128647086
11.99,0.1851302,0.3927796,1.80616858905225e-32,-0.202373051393066,-0.226005932725563,0.901380812875068,-0.121093935734026,0.255361680577942,-0.113157769444319,2.13832476106029,-1.81574977664813e-29,0.239988247187308
12,0.1745731,0.4041479,6.05432079264091e-33,-0.000143519189111671,-0.220717953235207,0.766843026771262,-0.123301115266378,0.263030110845655,-0.107631503565527,2.22059378231481,-8.99003034222954e-30,0.000180254640768118
12.01,0.1647893,0.4151019,-5.78602640477684e-34,-3.9957664666775e-08,-0.208181559276898,0.634500134916532,-0.125382930859147,0.26937511219482,-0.0962854810526657,2.31191921206665,-1.24546202169787e-30,5.41699894062563e-08
12.02,0.1538112,0.4231152,-8.14016797224181e-34,-8.55371919747062e-13,-0.20456883928296,0.485122871927512,-0.127428619251976,0.274226340914096,-0.0924511282562263,2.42743789576951,-8.21838844010924e-31,1.30617676849971e-12
12.03,0.1444935,0.432023,-1.46138278698408e-34,-1.28946735088178e-17,-0.186656454889807,0.351134306748026,-0.129295183800874,0.277737683981576,-0.0771249732473394,2.54733808742978,-4.17146829522818e-32,2.30235522473165e-17
12.04,0.1338451,0.437933,-6.40538598442521e-35,-2.10266576817908e-23,-0.179283434396803,0.201538783745303,-0.131088018144842,0.279753071819029,-0.0705601313449787,2.69883790751447,-1.38021558902817e-32,4.90458705077351e-23
12.05,0.1245555,0.444039,-3.81641221461755e-36,-1.55858004808209e-27,-0.160428585994762,0.0636061407496662,-0.13269230400479,0.280389133226525,-0.0549156885651912,2.85624009057359,-5.44857608351336e-34,5.56927213411113e-27
12.06,0.1152595,0.4490965,-1.78868041871469e-37,-8.35087312474178e-28,-0.141882611706937,-0.0725134912875838,-0.134111130121859,0.27966399831365,-0.039742149637415,3.02536575298137,-2.19144411320561e-35,7.09895289337552e-27
12.07,0.1065037,0.4533884,-2.98281920289198e-39,1.45787691245593e-25,-0.11941477298423,-0.203893550271818,-0.135305277851702,0.277625062810931,-0.0216346237833205,-3.06226865307329,-4.29034916423952e-37,4.67140229928549e-23
12.08,0.09820206,0.4568399,-4.16279369225974e-42,2.0831768450908e-20,-0.0941496010571399,-0.330678267074884,-0.136246773862273,0.274318280140183,-0.00148139812569877,-2.91468285409176,-5.8546637544403e-39,2.94188368793616e-18
12.09,0.08994523,0.4592808,1.57635649607195e-42,8.71153365429681e-16,-0.0696896642719231,-0.453779503389374,-0.136943670504992,0.269780485106289,0.0178920628350043,-2.77368941408603,-1.38169878015696e-40,8.73442365953199e-14
12.1,0.08223399,0.4609386,1.49657871737314e-43,6.2913529690635e-12,-0.0421674791446698,-0.570928855312651,-0.137365345296439,0.264071196553162,0.0395975126128131,-2.64377802645169,-4.83629895340742e-42,5.58318829622137e-10
12.11,0.07485966,0.4616912,3.78890666931082e-44,1.3350231193726e-08,-0.0136399166579544,-0.682823169966209,-0.137501744463019,0.2572429648535,0.0620534739230768,-2.52482670178663,-6.8334636992028e-43,9.31754220939486e-07
12.12,0.06822769,0.461902,6.80799639605019e-44,7.18179821847202e-06,0.018838414095713,-0.78631525938469,-0.137313360322061,0.249379812259653,0.0876386722086681,-2.41904279436753,-7.96177210040722e-43,0.000429833568245666
12.13,0.06117731,0.4607319,6.44051772569168e-43,0.001825105332764,0.0455934730484788,-0.888016561643234,-0.136857425591577,0.240499646643221,0.108801057136041,-2.32018928286497,-5.87553439834598e-42,0.0990397623361711
12.14,0.05550979,0.4595701,8.78293793246168e-41,0.0694527219035623,0.0811276366759746,-0.976501803624743,-0.136046149224817,0.230734628606974,0.137001340026278,-2.23498328508792,-6.3173839577789e-40,3.52442759306425
12.15,0.04986316,0.4573689,2.31035970891012e-38,0.132753595364811,0.113777647336404,-1.06049045181925,-0.134908372751453,0.220129724088781,0.163166894504002,-2.15601739209963,-1.4055250598352e-37,6.38207312138173
12.16,0.04476606,0.454599,1.10299073201531e-35,0.141067979799552,0.147739238251253,-1.13610447544636,-0.13343098036894,0.208768679334318,0.190656042371141,-2.08429374916705,-5.80375964038041e-35,6.49520143792313
12.17,0.04027869,0.4515785,6.475594354203e-33,0.146045742216591,0.183171297821268,-1.20102004702718,-0.131599267390728,0.196758478864046,0.219672745839856,-2.01940101587473,-2.98178504031374e-32,6.49964696479373
12.18,0.03631397,0.4481606,3.02240343224989e-30,0.150069018205531,0.2190480912941,-1.25681964738071,-0.129408786477787,0.184190282390239,0.249502762543144,-1.95937101543738,-1.23121962729158e-29,6.49995845292918
12.19,0.03278212,0.444335,8.67327126297275e-28,0.153361395460958,0.254400328708446,-1.30394433575633,-0.126864783190702,0.171150839032675,0.27947900074842,-1.9030948404822,-3.16304500342516e-27,6.49999268017913
12.2,0.02900939,0.4395024,6.80312348612003e-26,0.156091712114933,0.283730822277702,-1.34748416505608,-0.124027474967925,0.157675997382114,0.305424966512426,-1.84852165986577,-2.27401188902293e-25,6.49999845448387
12.21,0.02614457,0.4353153,6.57747423345923e-24,0.158192553384918,0.316393559980853,-1.37444783877644,-0.120863539368117,0.14393151899435,0.334611204311646,-1.79818340295829,-2.01010125948834e-23,6.49999938611854
12.22,0.02359232,0.4312261,3.69813892879003e-22,0.159822800621193,0.347222271629308,-1.39026632432149,-0.117391316651824,0.130028855751135,0.363152655707645,-1.7498881833653,-1.04321164055095e-21,6.49999963402494
12.23,0.02111969,0.4271923,1.0284718602692e-20,0.161043408350782,0.374328896681774,-1.39604069572904,-0.113648027685006,0.116068448793845,0.389660548665237,-1.70280731795644,-2.70953762071856e-20,6.49999968867313
12.24,0.01864732,0.4233173,1.46541985564938e-19,0.161887047988874,0.397209665941631,-1.39170405301096,-0.10967593102559,0.102151408263735,0.413776113958841,-1.65639351530245,-3.6444523647664e-19,6.49999962222721
12.25,0.01597894,0.4195447,9.90166110905213e-19,0.162371281889398,0.414504980986141,-1.37851328889312,-0.105530881215728,0.088366275374804,0.434443355960539,-1.61000987633215,-2.35121163202595e-18,6.49999937216947
12.26,0.01305558,0.4159568,3.34402370947202e-18,0.162495091532912,0.426080833085321,-1.35659002333758,-0.101270072884875,0.0748003751414282,0.451475932233328,-1.56316687167541,-7.65873348605521e-18,6.4999985627801
12.27,0.009767532,0.4125459,5.5695275451545e-18,0.162242575618196,0.431449790400457,-1.32681027342487,-0.0969555749808704,0.0615322724071795,0.46434459816523,-1.51534629012935,-1.24256834209592e-17,6.49999554194447
12.28,0.006084106,0.4093292,4.76136045982201e-18,0.161582017686662,0.430825338801162,-1.28983359222,-0.0926473215928588,0.0486339364849795,0.472978986694096,-1.46605317618248,-1.0442595894224e-17,6.49998134467309
12.29,0.001987001,0.4063171,2.14923529407246e-18,0.160464534090725,0.424539624259586,-1.24636726432293,-0.0884019253502629,0.0361702638417502,0.47733684760053,-1.41479298802165,-4.67387518794825e-18,6.49989493344117
12.3,-0.002485341,0.4035416,5.43804502020861e-19,0.158812077173306,0.413381699728184,-1.19693330401634,-0.0842681083529811,0.0242009308015867,0.47769904137061,-1.36103767513559,-1.18176629524902e-18,6.49919661374218
12.31,-0.007322618,0.4010008,7.83696155200654e-20,0.156393076987039,0.397887206906226,-1.14231482385398,-0.0802892362839188,0.0127777825630469,0.474131304287227,-1.30427161972594,-1.71493189140665e-19,6.49164962441617
12.32,-0.01242062,0.3986563,7.07840148032464e-21,0.150930906885146,0.379316961345604,-1.08355556305409,-0.0764960666704628,0.00194222693250602,0.467328958736112,-1.24406129903482,-1.56982737474952e-20,6.38451287375362
12.33,-0.01761902,0.3967476,4.67459350497077e-22,0.108538379990538,0.359293551130552,-1.01945660679603,-0.0729031311591572,-0.00825233913545431,0.458420924130432,-1.17927118079597,-1.0554511182116e-21,4.70695440614442
12.34,-0.02266388,0.3952231,2.97181364523757e-23,0.0111021834945298,0.340057753961544,-0.951236937129199,-0.0695025536195418,-0.0177647085067463,0.44929809093645,-1.1093111713196,-6.83715442913373e-23,0.497246634134499
12.35,-0.02769343,0.3935699,1.55961998568895e-24,0.000293535096492637,0.320578407828112,-0.883664640685066,-0.0662967695412607,-0.026601354913597,0.439015308623496,-1.03569142521328,-3.66704557155136e-24,0.0136837981792324
12.36,-0.03232826,0.3924728,1.08765301842903e-25,4.09838633098742e-06,0.303984435554405,-0.811726016416948,-0.0632569251857166,-0.0347186150777664,0.43058169075961,-0.955209258759174,-2.60457849057813e-25,0.000201009874205985
12.37,-0.036518,0.3916294,1.11509861666104e-26,3.5506097531035e-08,0.290547320346001,-0.738579159097481,-0.0603514519822566,-0.0421044066687412,0.42452702350571,-0.868915668439792,-2.70636084026299e-26,1.85350204857254e-06
12.38,-0.0401894,0.3909487,1.91560399228099e-27,1.88799124953239e-10,0.280676830559102,-0.665482395599104,-0.0575446836766656,-0.0487592306247323,0.421544286717249,-0.777502719194735,-4.68042534242483e-27,1.06628208294184e-08
12.39,-0.04324238,0.3904029,6.46542995492599e-28,5.77857297324066e-13,0.274938753159279,-0.593096335376816,-0.0547952961450728,-0.0546901939785004,0.422516768286787,-0.681762439794478,-1.57625474709692e-27,3.64002580287484e-11
12.4,-0.04565734,0.3899103,4.38223226523806e-28,9.67452136969059e-16,0.273193878659222,-0.522451444748714,-0.0520633573584806,-0.0599147084259876,0.427611040288065,-0.583418694532222,-1.0563018176469e-27,7.195646022274e-14
12.41,-0.04748271,0.389244,5.37747408533581e-28,1.00119713919155e-18,0.274753506041881,-0.455622248654134,-0.0493158222980618,-0.0644709309125289,0.43636748918399,-0.486145473501773,-1.27160273295284e-27,9.08663689336904e-17
12.42,-0.04883252,0.3885252,9.67641358619681e-28,6.13866534117533e-22,0.278445695977459,-0.391766913538078,-0.0465313653382872,-0.0683886000479097,0.447735325832911,-0.390467092424598,-2.23350200135418e-27,6.16899051931242e-20
12.43,-0.04953806,0.3872792,3.07295062026903e-27,3.38019479967291e-25,0.285402483979404,-0.334764219937324,-0.0436773404984932,-0.0717362422472829,0.463085888412127,-0.303162009523264,-6.87312112104058e-27,3.4460674499664e-23
12.44,-0.04960118,0.3854287,1.57619426165704e-26,1.33088437639066e-28,0.29530353282614,-0.285028573714124,-0.0407243051702318,-0.0745865279844242,0.482255003222613,-0.226328024841353,-3.39542638222344e-26,1.88999909867825e-26
12.45,-0.04935449,0.3833947,7.78991800527187e-26,1.91642337076288e-33,0.305233457837945,-0.238985586982293,-0.0376719705918523,-0.0769763838542471,0.50221463981224,-0.15557538679201,-1.61680798909856e-25,6.35664494238991e-30
12.46,-0.04838012,0.3803792,6.17083687178066e-25,-1.29544661633752e-37,0.318409180855555,-0.202881598779352,-0.0344878787832968,-0.0790051998420406,0.526529038247728,-0.100399951422345,-1.2269493113748e-24,5.10511069296717e-33
12.47,-0.04675018,0.3766009,6.46620632730537e-24,6.72049870198111e-38,0.333919615960997,-0.174432901906407,-0.0311486826236868,-0.0807495288611047,0.554344451688734,-0.0574317987108947,-1.22765668284427e-23,1.00574524525623e-35
12.48,-0.04422831,0.3720925,1.07712891363648e-22,4.73139236602818e-40,0.353335883173376,-0.152949255430457,-0.027615323791953,-0.0822790214154093,0.587439614413944,-0.0254278795400004,-1.94276179899381e-22,6.30796175633592e-38
12.49,-0.04069034,0.3668322,2.83652448093715e-21,2.8929607814992e-42,0.377197748565882,-0.138177208075382,-0.0238433463062942,-0.0836607934961631,0.626421678133303,-0.00373517461213646,-4.83798593991109e-21,1.68122716335416e-39
12.5,-0.03594828,0.3607224,1.21495814002835e-19,-1.09849918550736e-42,0.406475731327578,-0.130434596827662,-0.0197785889930184,-0.0849651394644397,0.672201254607245,0.00746227255421367,-1.9512849269296e-19,2.64704241106802e-40
12.51,-0.02974405,0.3538644,8.86105216431512e-18,-1.15174799491825e-42,0.442579655762527,-0.128412935419997,-0.0153527924353932,-0.0862492688186397,0.72585096177705,0.0102963322377749,-1.33518990042055e-17,1.93172224279753e-40
12.52,-0.02182761,0.3463649,1.07527988401246e-15,-1.73328549256226e-42,0.486701367001819,-0.130827289186399,-0.010485778765375,-0.0875575417105037,0.787755587364734,0.00678725500923105,-1.51733034097671e-15,4.63838901763952e-40
12.53,-0.01196832,0.3384061,2.00215473619353e-13,4.05222853291014e-43,0.539735250864384,-0.135877044539608,-0.00508842625673114,-0.0889163121558997,0.857416629913907,-0.000378248469986393,-2.64799699366299e-13,2.18838557505147e-39
12.54,0.0007807448,0.3308612,8.26474933076311e-11,1.87699246109294e-42,0.608074436943056,-0.136476128984913,0.000992318112699423,-0.0902810734457489,0.937713841215328,-0.00121178486527197,-1.02513152149582e-10,3.21159275568528e-39
12.55,0.01432721,0.3218286,1.46053846739994e-08,4.17991556270346e-40,0.673640957639556,-0.14784773424282,0.00772872768909499,-0.0917595507881771,1.01343223137691,-0.0169408838894358,-1.72094368231885e-08,6.94014032256546e-38
12.56,0.03108675,0.3137303,4.67125714452618e-06,9.97504654859966e-40,0.755201039975595,-0.15010391232955,0.0152807380888509,-0.0932605899114726,1.09527756777951,-0.0198861095734549,-5.25395353684486e-06,1.50234159117397e-37
12.57,0.05061509,0.306276,0.00156076847729052,3.97545000917345e-40,0.847483554290242,-0.146210576403057,0.0237555736317534,-0.0947226956755031,1.17707527767254,-0.0144219617947304,-0.0016900202185595,7.3595750943907e-38
12.58,0.07003345,0.2970296,0.136523306617429,6.78970735623584e-39,0.926452965697683,-0.155728616021086,0.0330201032887302,-0.096279981835714,1.24858592639776,-0.0271184187075858,-0.143926634713172,8.82905434894585e-37
12.59,0.09186999,0.288672,4.15806734350274,1.04106494723445e-38,1.01249460898174,-0.156558673207829,0.0431450493785476,-0.0978455685677923,1.31821296618324,-0.0279838677444104,-4.29425752838041,1.33904826674611e-36
12.6,0.1159881,0.2812523,6.3441542742086,1.80081056375233e-39,1.10342666255438,-0.148984226242243,0.0541793160040914,-0.0993354108302147,1.38460386031058,-0.0177182650046634,-6.45567756850274,2.90600322430286e-37
12.61,0.1396749,0.2728109,6.4464104025904,2.28762949139117e-39,1.17698819501763,-0.149031317941628,0.0659491979542677,-0.100825724009631,1.44435374119519,-0.0176316278963779,-6.4982615691261,3.70294204258004e-37
12.62,0.1634655,0.2639668,6.48366743675312,5.22826948771599e-39,1.2382665412515,-0.151250947958632,0.0783318633667827,-0.102338233489217,1.50016576294195,-0.0203731929214169,-6.49986546482585,7.76778796742451e-37
12.63,0.1856655,0.25361,6.4988870563076,1.40936425468735e-37,1.27452971265823,-0.164128663111001,0.091077160493365,-0.103979520120327,1.55254501358514,-0.0367969725539033,-6.49996908910538,1.72117633264885e-35
12.64,0.2096929,0.2446381,6.49646226799559,1.7497368042779e-37,1.31431637470257,-0.164081681521928,0.104220324240391,-0.105620336935547,1.60376888617411,-0.0364065900668438,-6.49999354552648,2.13745009729574e-35
12.65,0.2311478,0.2340207,6.47744614539047,2.39519086298396e-36,1.32256040235223,-0.175807940163361,0.117445928263913,-0.10737841633718,1.6541374505314,-0.0508884136844993,-6.49999546210678,3.21313035723478e-34
12.66,0.2520374,0.2230902,6.44195751924259,2.567755619205e-35,1.31741249824657,-0.18788536591069,0.130620053246379,-0.109257269996287,1.70456177870802,-0.0654724246722943,-6.49999474452688,4.67966861172732e-33
12.67,0.2718243,0.2117719,6.38889117570434,2.07468968855946e-34,1.2957183801531,-0.20078444404581,0.14357723704791,-0.111265114436745,1.75599563672343,-0.0806967189607836,-6.49998865303011,7.19462550320619e-32
12.68,0.2903518,0.1999597,6.31594742620992,4.35708807467086e-34,1.25766207540559,-0.215181533856985,0.156153857801966,-0.113416929775315,1.80936452750555,-0.0973124124883248,-6.49995337597873,1.3025936537899e-30
12.69,0.3070667,0.187325,6.21804611767952,-4.70729101310814e-32,1.20040451788587,-0.233426545760418,0.168157902980824,-0.115751195232919,1.86626618583172,-0.117999638473737,-6.49956797772158,4.05009739123064e-29
12.7,0.3225477,0.1743675,6.08514726740356,-8.95165707673985e-31,1.13032749123085,-0.25119103188241,0.179461177893133,-0.118263105551743,1.92694427914101,-0.137406398711607,-6.49238107892408,9.70269062885789e-28
12.71,0.3359882,0.1602635,5.61667370196828,4.72697472361005e-29,1.0425268157256,-0.274827955357319,0.189886446050389,-0.121011385105317,1.99420113561499,-0.162790472558375,-6.16045169306266,4.89740518706258e-26
12.72,0.3487192,0.1464543,1.02689007573445,2.27282208288728e-27,0.949361366250308,-0.292458109485159,0.199380059712892,-0.123935966200168,2.06627320422824,-0.180367720258452,-1.16721175895595,8.1155432351252e-25
12.73,0.3602728,0.1324103,0.00621144119254113,4.21983343927656e-26,0.848145168668225,-0.308569878122576,0.207861511399574,-0.127021664981394,2.14545908312419,-0.195509283219606,-0.00739982187422677,9.5533681327833e-24
12.74,0.3709478,0.1184115,1.3199055222726e-05,3.36261136671357e-25,0.742467526973318,-0.320982552857615,0.215286186669307,-0.13023149050997,2.23187136720891,-0.205999201087215,-1.67220328176361e-05,6.18790078750095e-23
12.75,0.3808385,0.1045799,1.07916774734239e-08,1.24678627934732e-24,0.634058988929013,-0.328943085569769,0.221626776558597,-0.133520921365668,2.32597041076358,-0.211328095068061,-1.48224111627965e-08,2.11291248055075e-22
12.76,0.390232,0.09119353,3.41234165376461e-12,1.79597756248191e-24,0.526047898466231,-0.330565808534608,0.22688725554326,-0.136826579451014,2.42667414303051,-0.209851440732708,-5.20615769173322e-12,3.11000501935375e-22
12.77,0.3999794,0.07898791,6.84101270129626e-16,4.5787880441681e-25,0.425734494495902,-0.320577374938209,0.231144600488219,-0.140032353200396,2.52790297199732,-0.196520222213573,-1.18770420751205e-15,1.01292703899841e-22
12.78,0.4079853,0.06621857,1.83800843518764e-20,1.68420175172627e-25,0.316693700770507,-0.313563839303493,0.234311537495924,-0.143167991593431,2.64379790832499,-0.186615691918223,-3.84576005483675e-20,4.84276206768075e-23
12.79,0.4168833,0.05513377,7.85886216222742e-25,2.789588749968e-27,0.220929762574897,-0.29175992918667,0.236520835121673,-0.146085590885298,2.75278228848773,-0.162077131031861,-2.07480950374584e-24,3.11221897906985e-24
12.8,0.4249529,0.04437624,4.79251073003752e-29,-1.21073059721692e-28,0.124493634374609,-0.267049213334792,0.237765771465419,-0.148756083018645,2.86761209629145,-0.135178277803366,-1.78210663476664e-28,1.19305026125663e-25
12.81,0.432678,0.03428637,1.11539090521457e-31,-6.34027272439636e-31,0.0318225333361077,-0.237142862596952,0.23808399679878,-0.151127511644615,2.98240827836866,-0.10359779837099,-6.94513635670498e-31,1.83682023951734e-27
12.82,0.4399497,0.02483444,6.03273500806646e-32,5.93005429803979e-32,-0.0576666447552974,-0.202855461223391,0.237507330351227,-0.153156066256849,3.0966596760274,-0.0681474739192446,-1.65449958658568e-30,1.1746884490638e-29
12.83,0.4466732,0.01604516,-3.79699281541428e-30,2.54888934330249e-34,-0.144416720081423,-0.164540892156499,0.236063163150413,-0.154801475178414,-3.07083049661651,-0.0291486341759722,-8.24293385731969e-28,3.23656822364522e-32
12.84,0.4526373,0.007820792,-1.63283290732234e-26,-4.10255887412006e-37,-0.229766551606858,-0.123507974331027,0.233765497634344,-0.156036554921724,-2.94839189629641,0.0121290469854001,-3.90804791245429e-24,5.69821535927125e-35
12.85,0.457881,-2.06373e-05,-1.96760869625518e-22,-7.15428628562967e-39,-0.312993727561832,-0.0816391824768843,0.230635560358726,-0.156852946746493,-2.83014899945712,0.053858502411251,-1.98920684642543e-20,1.55005653915858e-37
12.86,0.4622836,-0.007525072,-5.31142490314158e-19,-1.93287171531734e-40,-0.394698420046129,-0.0396129737070261,0.226688576158265,-0.157249076483563,-2.71670244734038,0.0954382333819262,-5.26409401366579e-17,2.04336266672558e-39
12.87,0.4658141,-0.0147507,-7.31693521050683e-16,-6.05306770245079e-41,-0.474735711716484,0.00184795308552843,0.2219412190411,-0.157230596952708,-2.60922149195675,0.136236580549412,-6.04906041046693e-14,4.37790379421356e-40
12.88,0.4684711,-0.02169654,-4.53312339556401e-13,-3.97169335128536e-40,-0.552751304423065,0.0425427176004476,0.216413705996869,-0.156805169776703,-2.50858731816581,0.176149331500368,-3.07505240870024e-11,2.24948817551772e-39
12.89,0.4702674,-0.02844718,-1.25263142129607e-10,-2.64213744917268e-38,-0.628317336672524,0.081621895478964,0.210130532630144,-0.155988950821914,-2.41521978510174,0.214450213432539,-7.4641593681098e-09,1.24478570184753e-37
12.9,0.4711937,-0.03509752,-1.74907793816783e-08,-4.81970290878345e-36,-0.701227234631691,0.118231595763401,0.203118260283827,-0.15480663486428,-2.32890207286359,0.250432891300064,-9.56352750775011e-07,1.95629879859402e-35
12.91,0.4714826,-0.04130073,-1.22786790449329e-06,-1.53339677485653e-33,-0.769409272390188,0.155050013249637,0.195424167559925,-0.153256134731783,-2.25059914180469,0.28675186774206,-6.30297809077655e-05,5.45306018805135e-33
12.92,0.471018,-0.04737905,-5.11408658184217e-05,-3.43176400246437e-31,-0.833717362616497,0.189318523520425,0.18708699393376,-0.151362949496579,-2.17858582144962,0.320890541211681,-0.00249516840196752,1.09276094541945e-30
12.93,0.469933,-0.05323096,-0.00127384905419549,-5.0242181331604e-29,-0.893006375985415,0.221819208002392,0.178156930173906,-0.149144757416555,-2.11266660576822,0.353685482852287,-0.059620750006941,1.45429685060617e-28
12.94,0.4683453,-0.05866441,-0.0175204038930536,-5.64721116512199e-27,-0.946373769418837,0.253990681297644,0.168693192479718,-0.146604850603579,-2.05231613219861,0.386538732519209,-0.792811220990954,1.49937746394973e-26
12.95,0.4660494,-0.06412096,-0.08860225736919,-2.84535845129671e-25,-0.995558110117381,0.282212921934121,0.158737611378544,-0.143782721384238,-1.99575777196417,0.416246855123966,-3.89933765847116,7.03626452050554e-25
12.96,0.464039,-0.06857879,-0.134807294432011,-2.0787704925834e-23,-1.03278345193938,0.314599532760319,0.14840977685915,-0.140636726056634,-1.94548012580201,0.450143233266546,-5.80580029426703,4.77414892905009e-23
12.97,0.4618215,-0.07262491,-0.14889897437598,-1.05185330404641e-21,-1.06261220568713,0.346041749622245,0.137783654802279,-0.137176308560412,-1.8984840690052,0.483708810726847,-6.30064928151225,2.25961852806501e-21
12.98,0.4594458,-0.07629738,-0.153983222446932,-3.63208888504321e-20,-1.0850485696467,0.376122026367755,0.126933169105812,-0.133415088296734,-1.85409390665272,0.516648796877268,-6.42278765706364,7.34654589678594e-20
12.99,0.4569134,-0.07965467,-0.15668200409281,-8.39907087986002e-19,-1.10051532025441,0.404303929361598,0.115928015903268,-0.129372049003118,-1.81162339389864,0.548579381423215,-6.45920941484828,1.60957189668018e-18
13,0.4543987,-0.08267656,-0.158414533868092,-1.38108928430902e-17,-1.10808866188145,0.430718782977792,0.104847129284453,-0.125064861173341,-1.77081315293472,0.579685261808282,-6.46942491153594,2.52027578556741e-17
13.01,0.4518321,-0.08558637,-0.159596492038668,-1.39460129966612e-16,-1.10887880445936,0.453597532234477,0.0937583412398593,-0.120528885850996,-1.73095498954261,0.608583359054919,-6.4691469130323,2.43886746123876e-16
13.02,0.4493135,-0.08837669,-0.160224925621593,-9.27151178002665e-16,-1.10262302416097,0.473131717702042,0.0827321109982497,-0.115797568673975,-1.69169978833691,0.63550681754117,-6.4575612898383,1.56188849975781e-15
13.03,0.4469053,-0.09114785,-0.159957366796014,-3.95279490666738e-15,-1.08941661027964,0.488677839273342,0.0718379448954533,-0.110910790281242,-1.6526266311709,0.659992850061824,-6.4204288470935,6.44753876862044e-15
13.04,0.444651,-0.09393984,-0.157319085848772,-1.10454186613461e-14,-1.0695377447079,0.500137719545167,0.0611425674483742,-0.10590941308579,-1.6132879090371,0.681987260467288,-6.2986208026969,1.75252679998051e-14
13.05,0.442542,-0.09687775,-0.146250739126114,-1.9276012969273e-14,-1.04369504665758,0.506782429727634,0.0507056169817984,-0.100841588788514,-1.57320291254971,0.700896740301497,-5.85004701839189,2.9894513178453e-14
13.06,0.4408402,-0.09984078,-0.103361973857951,-2.40296182085604e-14,-1.0104578260225,0.509887380520416,0.0406010387215734,-0.0957427149833098,-1.53190485305338,0.717657595526099,-4.13770247185597,3.65465095819294e-14
13.07,0.4387653,-0.1032134,-0.0388555480559458,-1.64839894562642e-14,-0.976716792997007,0.506709635575135,0.0308338707916033,-0.0906756186275584,-1.48902503424292,0.729983731343995,-1.55959080257142,2.47233012443857e-14
13.08,0.4373187,-0.106616,-0.00544064369680621,-8.60536944757506e-15,-0.934871836530225,0.500717505016645,0.0214851524263011,-0.085668443577392,-1.44369289402767,0.740405226000563,-0.219449477708605,1.27587684008234e-14
13.09,0.4354047,-0.1105553,-0.000603769626882723,-2.33467063335351e-15,-0.894390904143175,0.488215000079094,0.0125412433848693,-0.080786293576601,-1.39635404549782,0.745702878188165,-0.0245343329973348,3.44159755027409e-15
13.1,0.4341476,-0.1142179,-3.83359417599212e-05,-6.40447067069796e-16,-0.846607573837678,0.476127753030434,0.00407516764649255,-0.0760250160462967,-1.34502197032903,0.75122702722256,-0.00157458884681762,9.38498827677875e-16
13.11,0.4326439,-0.1183147,-2.15334605290172e-06,-9.90200642159822e-17,-0.7994578703779,0.458952789246955,-0.00391941105728645,-0.0714354881538271,-1.29072308109012,0.752213951866926,-8.97320182435958e-05,1.44948934870036e-16
13.12,0.4316889,-0.1221504,-7.10663937778534e-08,-1.56714339048191e-17,-0.746951743165537,0.442610412976176,-0.0113889284889418,-0.0670093840240654,-1.2307620351268,0.75341420846337,-3.02039823667061e-06,2.29109952502391e-17
13.13,0.4307637,-0.125812,-1.75936489825726e-09,-2.3690263862091e-18,-0.693889510770344,0.426455087610368,-0.0183278235966453,-0.0627448331479617,-1.16589674727858,0.754276388136779,-7.67364203073039e-08,3.46023910076658e-18
13.14,0.429997,-0.1289533,-2.95948566190356e-11,-4.75906532076301e-19,-0.639629738274262,0.413265798275564,-0.0247241209793879,-0.058612175165206,-1.09495935221505,0.757410206866937,-1.33522904508476e-09,6.92808665006785e-19
13.15,0.4296073,-0.1318378,-2.80648897354492e-13,-9.98619063836738e-20,-0.582885986249611,0.400835676790312,-0.030552980841884,-0.0546038183973029,-1.01574422808603,0.760956073540835,-1.32398759028884e-11,1.44833086637911e-19
13.16,0.4294573,-0.1337153,-1.52654929114169e-15,-4.61303035105072e-20,-0.52527212798605,0.39502164044097,-0.0358057021217445,-0.0506536019928932,-0.928003478733361,0.770740427736113,-7.62894027014466e-14,6.62266250849793e-20
13.17,0.4296131,-0.135072,-4.11596885894012e-18,-2.84637371486709e-20,-0.466690456181847,0.391550338019949,-0.040472606683563,-0.0467380986126937,-0.83029247775871,0.783036175525251,-2.2167154482605e-16,4.03554386262235e-20
13.18,0.4300471,-0.1356871,-4.8555054344717e-21,-2.8848762996548e-20,-0.407788037302167,0.391975445703395,-0.0445504870565846,-0.0428183441556598,-0.722241336002105,0.799535677365987,-2.90707905824086e-19,4.02390954427907e-20
13.19,0.4305802,-0.1358144,-2.44544059234479e-24,-3.60206615568147e-20,-0.350351069630685,0.394007621938959,-0.0480539977528915,-0.0388782679362702,-0.606416470985696,0.818157978409577,-1.73958224374582e-22,4.93567223994042e-20
13.2,0.431461,-0.1349948,-3.11922741932504e-28,-8.48931965044878e-20,-0.292669961657905,0.401077356861311,-0.0509806973694705,-0.0348674943676571,-0.480615771125243,0.842304671128264,-2.85998728242309e-26,1.13780513948828e-19
13.21,0.4324862,-0.1336291,-1.15112873177971e-32,-2.37637015631984e-19,-0.236703577760322,0.409621982317405,-0.0533477331470738,-0.0307712745444831,-0.350187936119744,0.868595175024473,-1.15108135960937e-30,3.11296329345689e-19
13.22,0.4337539,-0.1316741,-3.63838498992488e-38,-7.97172343133025e-19,-0.181892790144677,0.41980291379519,-0.0551666610485205,-0.0265732454065312,-0.216671522406568,0.897160087445705,-5.74269596473596e-36,1.02000478149228e-18
13.23,0.4344342,-0.1300291,-6.52939351560624e-46,-1.36226116194895e-18,-0.134966335012657,0.424427212012663,-0.0565163243986471,-0.0223289732864045,-0.0996765850648939,0.921462882452942,-1.1976594358917e-41,1.7103446749222e-18
13.24,0.4350787,-0.1279409,1.47709268895568e-50,-2.5256597027283e-18,-0.0912794992959025,0.4297528898458,-0.0574291193916061,-0.0180314443879465,0.00914565068380018,0.947130071766534,-2.83435079061578e-48,3.11136291265261e-18
13.25,0.4352799,-0.12571,5.79533680430954e-56,-3.82496345394936e-18,-0.0540264324672775,0.433348371359723,-0.0579693837162789,-0.0136979606743493,0.1006520395967,0.972046330564498,-5.76371581364238e-55,4.63035916170905e-18
13.26,0.4349168,-0.1234884,9.77518952356447e-61,-4.19832569342624e-18,-0.0238721309893242,0.434137826561988,-0.0582081050261721,-0.00935658240872942,0.173235173865395,0.99531071413962,-5.62313525729702e-60,5.00422398482511e-18
13.27,0.4338684,-0.1208974,2.64623659730765e-62,-4.81736838772171e-18,-0.00138315371126652,0.43527260145552,-0.0582219365632848,-0.00500385639417422,0.22636437100312,1.01956342623754,-1.18405420992342e-61,5.65476654424272e-18
13.28,0.4317698,-0.1185832,6.49029883506701e-62,-3.21608794663326e-18,0.0110592539456125,0.431687854649587,-0.0581113440238287,-0.000686977847678347,0.255490625268312,1.04065329976779,-2.58370154242953e-61,3.72762623572066e-18
13.29,0.4287269,-0.1159303,1.22762049276985e-61,-2.26550942247216e-18,0.015000507754908,0.428550824038989,-0.0579613389462796,0.00359853039271154,0.264908311125695,1.06271187075694,-4.71764262605548e-61,2.59295870006233e-18
13.3,0.4248722,-0.1127291,6.25800595813636e-62,-2.03638852110879e-18,0.0121257681964062,0.427468023494108,-0.0578400812643155,0.00787321062765263,0.258568375125029,1.08702372810346,-2.46236538809899e-61,2.30026329775588e-18
13.31,0.4199596,-0.1085641,1.9284747750252e-62,-3.34499998473048e-18,0.00107370494537218,0.431506744274219,-0.0578293442148618,0.0121882780703948,0.232912561784758,1.11590805410732,-8.3959316106798e-62,3.72350218507584e-18
13.32,0.4143649,-0.1030936,8.39021930214517e-62,-1.2687203216585e-17,-0.0145039668953073,0.442887466319108,-0.0579743838838149,0.0166171527335859,0.195929034138291,1.15069046087894,-4.30386073836837e-61,1.38949372434117e-17
13.33,0.4078479,-0.09632952,6.03344697981532e-59,-9.60368859183584e-17,-0.0360224603552775,0.46086648583612,-0.0583346084873677,0.0212258175919471,0.143912623660143,1.19015565083172,-4.13634609951737e-58,1.03436975346453e-16
13.34,0.4008552,-0.08773033,7.3629624260712e-55,-1.92788339700156e-15,-0.0593916458191917,0.489015646219372,-0.0589285249455596,0.0261159740541408,0.0867683440987478,1.23536520262596,-8.71503613947897e-54,2.04161316139739e-15
13.35,0.393973,-0.07666222,1.52677150040806e-51,-1.25667827143031e-13,-0.0797413615838476,0.531280355116531,-0.0597259385613981,0.0314287776053061,0.0369440214641053,1.28632242384754,-5.39672945284523e-50,1.30927348082359e-13
13.36,0.3872811,-0.06291908,-8.12666369099632e-50,-2.04039463934273e-11,-0.0965518189391261,0.58789003930487,-0.0606914567507893,0.0373076779983548,-0.00380922114038161,1.34023335068733,-4.63726824926696e-47,2.09582741924474e-11
13.37,0.3803021,-0.04692108,-2.07276395306113e-46,-4.33611128738536e-09,-0.113713173945554,0.654105645837379,-0.0618285884902448,0.0438487344567286,-0.044613665179199,1.39309654321307,-2.60331288288037e-44,4.40544991580137e-09
13.38,0.3735618,-0.02862972,-9.53648962551762e-45,-1.00187405744063e-06,-0.126983706553956,0.729058987537398,-0.0630984255557844,0.0511393243321026,-0.0752516273418491,1.44355960638498,-2.49001952866884e-42,1.01003477944704e-06
13.39,0.3667121,-0.008408247,3.48754535408897e-44,-0.000182400642079063,-0.139293397828014,0.808777640389575,-0.0644913595340645,0.0592271007359983,-0.102750762104644,1.49050535356963,-1.31255828524185e-40,0.000182989865726145
13.4,0.3605434,0.01442302,7.17615998616795e-43,-0.0337685760152806,-0.144472821776723,0.897662406722604,-0.0659360877518318,0.0682037248032244,-0.113242486254033,1.53446399744244,-7.18662313848606e-40,0.0337908650353708
13.41,0.3549547,0.03941374,6.17360291227931e-43,-2.7662749284008,-0.143829105000353,0.990946238566635,-0.0673743788018353,0.0781131871888907,-0.110424808055034,1.57511694760195,-7.23059581992392e-40,2.76630073578428
13.42,0.3493104,0.06537762,3.94836735668802e-43,-6.37130365168703,-0.14276694616658,1.07849639307019,-0.0688020482635011,0.0888981511195926,-0.106755740880569,1.61281146233403,-6.48228744666619e-40,6.37692851736056
13.43,0.3441474,0.09279719,-1.3878458424289e-43,-6.47780000509834,-0.137136475651475,1.16394916146086,-0.0701734130200159,0.100537642734201,-0.0931910190380802,1.64826176288873,-1.56923007296758e-40,6.49727525402727
13.44,0.3392594,0.1210735,-6.9220687244157e-44,-6.45966696502057,-0.128930233015013,1.24228103180471,-0.071462715350166,0.112960453052248,-0.0743376124851892,1.68214118535396,-1.73527726294966e-41,6.4998970772035
13.45,0.3343574,0.1495902,-1.2261552876285e-44,-6.43233878912186,-0.120644409923493,1.30876544257462,-0.0726691594494009,0.126048107477995,-0.0556937627739109,1.71523733457858,-1.77500823645033e-42,6.49999259413235
13.46,0.3293448,0.1779627,-1.7683138083972e-45,-6.39799992435133,-0.113082318623803,1.36091369690408,-0.0737999826356389,0.139657244447035,-0.0389526563946616,1.74822921975675,-2.16267286901769e-43,6.49999898224319
13.47,0.3241677,0.2059288,-2.70265015915792e-46,-6.3560684208611,-0.106647223649997,1.3974646177334,-0.0748664548721389,0.153631890624369,-0.0249073650095389,1.78168256438575,-3.63471824895573e-44,6.49999973972209
13.48,0.3186312,0.2330632,-8.12432978676297e-47,-6.30517251702545,-0.102800894037308,1.41608426391018,-0.075894463812512,0.167792733263471,-0.0165697424825708,1.81631283446259,-1.36846531847203e-44,6.49999987203801
13.49,0.312715,0.2590551,-6.05862390374931e-47,-6.24338428507261,-0.101517327567558,1.4156146351769,-0.0769096370881876,0.18194887961524,-0.0137439010579998,1.85279306990529,-1.16080776677477e-44,6.49999987760505
13.5,0.3056999,0.2833705,-9.00814999161935e-46,-6.16731059437225,-0.108193828340232,1.39337409625102,-0.0779915753715899,0.19588262057775,-0.0275164520492894,1.89219934151177,-1.16533740578122e-43,6.49999975051538
13.51,0.2979526,0.3060175,-3.06141614215597e-44,-6.07366971961623,-0.119308526147755,1.35122499605944,-0.0791846606330674,0.209394870538345,-0.0501450962900559,1.93507324909324,-4.06693584566133e-42,6.49999895557987
13.52,0.2893824,0.3266838,-1.20999020401392e-42,-5.9567279335436,-0.135144273505393,1.28851951169831,-0.0805361033681214,0.222280065655328,-0.0817994974014719,1.98263444230859,-4.49066206645835e-40,6.49999022825057
13.53,0.2804288,0.3461795,4.75110211131402e-41,-5.81475979302311,-0.151809566458773,1.21349106005782,-0.0820541990327091,0.234414976255906,-0.114158718049075,2.03414043311231,-4.578036416458e-38,6.49983658412348
13.54,0.2707993,0.3640574,4.90519509942529e-40,-5.63421529078176,-0.17140642174099,1.1240609891097,-0.083768263250119,0.245655586147003,-0.151053511791404,2.09134827364291,-6.91253900857747e-36,6.49415918737654
13.55,0.2604631,0.3801897,-5.3122730210856e-36,-5.02928065762955,-0.193816342406018,1.020877923708,-0.0857064266741792,0.255864365384083,-0.191647985146613,2.15572634596742,-1.32305608426644e-33,6.0319297514869
13.56,0.2494563,0.3946016,-1.91465875714803e-33,-0.269690300903553,-0.218395693907773,0.90581034664325,-0.0878903836132569,0.264922468850516,-0.234071192096326,2.22863455178355,-2.54009757249449e-31,0.3408164420403
13.57,0.2375697,0.4070459,-5.51310057905884e-31,-0.000317049192384437,-0.246443104596366,0.778544865576837,-0.0903548146592206,0.272707917506284,-0.279941128387476,2.31274756307885,-5.86286206222917e-29,0.000430145350296068
13.58,0.2255768,0.4184281,-5.06354733142756e-29,-1.15191488812145e-07,-0.271493926098897,0.647803198648667,-0.0930697539202096,0.279185949492771,-0.317558799750427,2.40606022411504,-5.09639079990035e-27,1.71706560264165e-07
13.59,0.2124388,0.4275208,-6.91534770009868e-27,-5.4558491178687e-12,-0.301696594198782,0.505119976825256,-0.0960867198621974,0.284237149261023,-0.360500466299127,2.51620278887314,-6.92470298198083e-25,9.31875008514345e-12
13.6,0.2011878,0.4378116,-4.17807000533168e-26,-2.5181216955201e-16,-0.312883925312649,0.37931579615103,-0.0992155591153239,0.288030307222534,-0.371029297726974,2.62362128206639,-4.19126852630694e-24,5.08155640160574e-16
13.61,0.1891208,0.446108,-3.83667116724409e-25,-2.45526569865306e-21,-0.327469643416437,0.245083529758567,-0.102490255549488,0.290481142520119,-0.385822280402323,2.74696152391058,-3.8554165023567e-23,6.38989217112612e-21
13.62,0.1767561,0.4531682,-2.83202362499302e-24,-7.91652479585265e-26,-0.341062261942733,0.109760420320633,-0.105900878168916,0.291578746723326,-0.398075367024579,2.88062139117897,-2.84408641401648e-22,3.08700604854561e-25
13.63,0.1651796,0.4599577,-5.66280718611434e-24,-1.5502898189502e-27,-0.34520462148577,-0.0182689215435694,-0.109352924383773,0.29139605750789,-0.396222331924348,3.01445980795846,-5.68842879857276e-22,1.20140433947444e-26
13.64,0.1540352,0.466185,-5.14090321897719e-24,-3.61853148745641e-25,-0.34336462077642,-0.141057623058906,-0.112786570591537,0.289985481277301,-0.386111953344357,2.93019737672223,-5.1660836688852e-22,1.72814787628236e-24
13.65,0.1427429,0.4709995,-4.11080180935251e-24,-8.85251588255059e-22,-0.340515339487297,-0.264865798278823,-0.11619172398641,0.287336823294513,-0.374998803011243,3.09859341914805,-4.12635392915347e-22,2.57069833576194e-20
13.66,0.1326102,0.4761442,-7.51449990899604e-25,-2.80875852868336e-19,-0.32658110999583,-0.375352073501006,-0.119457535086369,0.283583302559503,-0.349212582554359,-3.02774722219307,-7.51354440248062e-23,2.74077883363118e-16
13.67,0.123092,0.4806968,-5.69066724383058e-26,9.61489182507047e-15,-0.306734811588653,-0.480029805216116,-0.122524883202255,0.278783004507341,-0.316056471429974,-2.87776114978576,-5.7331323067097e-24,1.07626083771286e-12
13.68,0.1143553,0.4851805,-1.36914426748895e-27,9.80704046658514e-12,-0.28025168522432,-0.574658156814749,-0.125327400054498,0.273036422939194,-0.274446468384544,-2.74394903164587,-1.47813062708e-25,9.84947899467584e-10
13.69,0.1049229,0.4875493,-5.8507252089372e-29,8.7244226442232e-09,-0.259284882944652,-0.675302691698004,-0.127920248883945,0.266283396022214,-0.241261099525256,-2.60797045343039,-7.3631307244989e-27,7.19373243404011e-07
13.7,0.09671296,0.4903986,-2.87926833945098e-31,1.73942432626881e-06,-0.228615695552921,-0.760762627910367,-0.130206405839474,0.25867576974311,-0.195078074839843,-2.49652644011365,-6.58448732268446e-29,0.000115669830223133
13.71,0.08811796,0.4916449,-1.9673914449496e-34,0.000235088870583345,-0.201675811639216,-0.847845560312297,-0.132223163955866,0.250197314139987,-0.154768758017535,-2.38997157792342,-8.46827330050113e-31,0.013627112403485
13.72,0.07963921,0.4921694,8.94970299606578e-36,0.0139189812560057,-0.174437707331359,-0.929061675024705,-0.13396754102918,0.24090669738974,-0.114586336937489,-2.29552594175556,-8.48439545463908e-33,0.739909981875436
13.73,0.0711158,0.4917975,-3.28484436413432e-37,0.107872671852471,-0.148336865457772,-1.00572068301264,-0.135450909683758,0.230849490559614,-0.0765225113471372,-2.21057474602677,-9.10353899658887e-35,5.37954277455428
13.74,0.06145438,0.4894097,-4.12956253365889e-38,0.136751182751418,-0.131938015759047,-1.08638256783031,-0.136770289841348,0.219985664881311,-0.052688756327296,-2.12865458134775,-5.68497678920044e-36,6.46242068601135
13.75,0.05219523,0.486888,-1.62275788850722e-39,0.143134258222017,-0.112610029850357,-1.15565256129453,-0.137896390139852,0.208429139268365,-0.0250098161455689,-2.05843635858938,-2.17857850454368e-37,6.49789205946483
13.76,0.04261769,0.4835362,-1.42937667643289e-41,0.147767946524093,-0.0962951425461487,-1.21938122088722,-0.138859341565313,0.196235327059493,-0.00187131614374579,-1.99463174436963,-1.60266390848042e-38,6.49983083263766
13.77,0.03358193,0.4805529,1.42844986755517e-41,0.15128356439572,-0.0761690071893018,-1.26831284281613,-0.139621031637206,0.183552198631332,0.0264090125031839,-1.93953189525335,-7.7464446869261e-40,6.49997329819838
13.78,0.02215341,0.4747678,1.64852996883717e-41,0.154427635470451,-0.0754524287622989,-1.32785816615156,-0.140375555924829,0.170273616969816,0.0273065916893112,-1.88286437818902,-8.57151644643236e-40,6.49999699220092
13.79,0.01134432,0.4697644,1.154237987243e-41,0.156754910225244,-0.0692262335218015,-1.36905358322738,-0.141067818260047,0.156583081137542,0.035881197172814,-1.83364253208451,-4.23639337126569e-40,6.49999929077472
13.8,0.0002953914,0.4647156,9.135200260553e-42,0.158565898996446,-0.064628960089685,-1.39947004243892,-0.141714107860944,0.142588380713153,0.0421397707206295,-1.78805638814879,-2.72326350323994e-40,6.49999974730114
13.81,-0.01101115,0.4596604,8.37808761940063e-42,0.159964489978474,-0.0616948911492781,-1.41944618157685,-0.142331056772437,0.128393918897385,0.0460615031725049,-1.74507071773747,-2.22476673482653e-40,6.49999986863035
13.82,-0.021474,0.455801,4.14243254955825e-42,0.160991388981167,-0.0517512007047696,-1.42034568555248,-0.142848568779485,0.11419046204186,0.0596376990360068,-1.70514787043728,-7.86399340308803e-41,6.49999986718131
13.83,-0.03274334,0.4514162,3.61467203611814e-42,0.161752848663127,-0.0482190755578689,-1.4169677070033,-0.143330759535063,0.100020784971827,0.0643384925949213,-1.66530743528985,-6.22287475831195e-41,6.49999984477861
13.84,-0.04378999,0.4474515,2.71905692970364e-42,0.162245922295041,-0.0426216686596206,-1.40232919552503,-0.143756976221659,0.0859974930165766,0.0718588610447423,-1.62589583394007,-4.06548954665477e-41,6.49999973105741
13.85,-0.05439379,0.4439842,1.68149786664603e-42,0.162480229234389,-0.0334392929915523,-1.37678364105072,-0.144091369151575,0.0722296566060694,0.0842638627879634,-1.58615808596856,-2.06228585385065e-41,6.49999930850902
13.86,-0.064395,0.4409515,9.7481881114996e-43,0.162445472800487,-0.0197626193040463,-1.34181017963818,-0.144288995344615,0.0588115548096876,0.102770086436316,-1.54528818981899,-9.47035448312998e-42,6.49999744423259
13.87,-0.07399882,0.4379173,7.73898350075315e-43,0.162110763930067,-0.00361483217408143,-1.30171936883339,-0.144325143666356,0.0457943611213536,0.124605395715049,-1.50261876251627,-6.12099796375389e-42,6.49998815281481
13.88,-0.08227443,0.4357223,1.59013556992592e-42,0.161416772851659,0.0219434533045746,-1.25063116451184,-0.144105709133311,0.0332880494762352,0.159121443000948,-1.45709320541348,-9.90489210839546e-42,6.49991112988319
13.89,-0.0892818,0.434074,3.05956088006656e-41,0.160253464406558,0.0555599368318944,-1.19196548687145,-0.143550109764992,0.0213683946075207,0.204322640235087,-1.40767687843409,-1.50890689464495e-40,6.49900877024504
13.9,-0.09530656,0.4328349,7.10015303645483e-39,0.158169015619047,0.0941864556044028,-1.1277219978149,-0.142608245208948,0.0100911746293717,0.255921689845147,-1.35327289190688,-2.82184534396343e-38,6.48411895639287
13.91,-0.0999605,0.4317105,1.76274764498257e-35,0.148407102056884,0.140211072823838,-1.06099418588055,-0.141206134480709,-0.000518767229433739,0.316680891818589,-1.29313983992653,-5.6863246996655e-35,6.17986988243618
13.92,-0.1033346,0.4309007,1.40324133202113e-31,0.0591350087684694,0.192070744491282,-0.990823090375809,-0.139285427035796,-0.0104269981331918,0.383975589502407,-1.22544370403723,-3.74975927551504e-31,2.51819114656147
13.93,-0.105462,0.4301997,1.29755597427785e-27,0.00221663594962329,0.248737518882974,-0.919486475074123,-0.136798051846967,-0.0196218628839331,0.45580229469679,-1.14922711618717,-2.94538454173244e-27,0.0974017602649302
13.94,-0.1063481,0.429549,8.03744103056243e-24,3.81529016573365e-05,0.309447972687721,-0.847950319327673,-0.133703572120089,-0.0281013660772098,0.530459798320828,-1.06331420057857,-1.58740202852545e-23,0.00175079248055895
13.95,-0.1061222,0.428811,2.35809446495902e-20,4.89925179323778e-07,0.372511997345295,-0.777720922863699,-0.129978452146636,-0.0358785753058468,0.605352461633488,-0.967435117256231,-4.1429543300956e-20,2.38332650220098e-05
13.96,-0.1048236,0.4278483,3.15708517749759e-17,5.02392782627333e-09,0.437053624190689,-0.710176146315372,-0.12560791590473,-0.0429803367690005,0.679089245074437,-0.862493466463571,-5.02713669738235e-17,2.63580061077162e-07
13.97,-0.1026618,0.4265716,1.76594458207373e-14,4.27506248015682e-11,0.500936036742557,-0.646199266527215,-0.120598555537304,-0.0494423294342726,0.749469934830179,-0.750528643781319,-2.59266491338382e-14,2.48091481515753e-09
13.98,-0.09965444,0.4248395,4.67161939386382e-12,3.24183330132933e-13,0.563680472164954,-0.586984676886807,-0.114961750815654,-0.0553121762031407,0.816264521069862,-0.635755304030076,-6.41260709023193e-12,2.18894013099402e-11
13.99,-0.09595259,0.4224775,5.98481682834964e-10,2.50521977104589e-15,0.623816013022752,-0.533860899340558,-0.108723590685427,-0.0606507851965463,0.878686709921212,-0.524287894076872,-7.77383935243968e-10,2.10647150830936e-13
14,-0.09164372,0.4194874,3.99168505974981e-08,2.35091584376544e-17,0.680495322013854,-0.48665422344222,-0.101918637465288,-0.0655173274309685,0.936714387070666,-0.420145299260307,-4.95479081983099e-08,2.33863675684185e-15
14.01,-0.08695036,0.4157146,1.37371675800872e-06,3.63821537432914e-19,0.731910509379816,-0.44637469611867,-0.0945995323714902,-0.0699810743921552,0.989897272216666,-0.328767653418341,-1.64320886563617e-06,3.64356658365156e-17
14.02,-0.08155161,0.4111474,3.19601376134239e-05,7.45838505031314e-21,0.780637891623162,-0.412808475344336,-0.0867931534552586,-0.0741091591455986,1.04037898682429,-0.252042205397661,-3.70495504005152e-05,8.80531325207354e-19
14.03,-0.07558389,0.4057775,0.000494883589317558,1.4094206163854e-22,0.825524743899325,-0.385690784171332,-0.0785379060162653,-0.0779660669873119,1.08794876689254,-0.190412522251969,-0.000558739185225914,3.62842501336447e-20
14.04,-0.0689894,0.3996277,0.00551666023319544,-1.7073775307682e-24,0.867035814745046,-0.364498065169661,-0.0698675478688149,-0.0816110476390085,1.13323542603985,-0.142884505750202,-0.00609020863035493,2.68387938005502e-21
14.05,-0.0616174,0.3926267,0.048765762159316,-3.21969404674819e-25,0.906339800405046,-0.349436991492567,-0.0608041498647644,-0.0851054175539342,1.17701155903779,-0.109461127460854,-0.052805593040351,4.0457799526364e-22
14.06,-0.0533603,0.3848837,0.350755108810762,2.06744214409049e-25,0.944192848728299,-0.339268227709811,-0.0513622213774814,-0.0884980998310323,1.21970461778126,-0.0870333779210693,-0.37353099186685,1.13445746892204e-22
14.07,-0.04408624,0.3764509,1.80320230577991,2.29937533745401e-25,0.98148837386025,-0.333256956631626,-0.0415473376388789,-0.0918306693973485,1.26166287340442,-0.0735711772464619,-1.89288747691968,5.57803742633181e-23
14.08,-0.03361396,0.3674293,4.5656237550482,2.24392925621724e-25,1.01943542931564,-0.330325021121199,-0.0313529833457225,-0.0951339196085605,1.30319212925152,-0.0665053182223236,-4.73404013731155,4.21834791119946e-23
14.09,-0.0212378,0.3582945,6.0555364118877,1.87637178003263e-25,1.06320537470746,-0.326567910979556,-0.0207209295986479,-0.0983995987183561,1.34531578869671,-0.0581891721202567,-6.21272309835913,2.85181161619929e-23
14.1,-0.008305648,0.3481725,6.33870166476261,2.76001300397512e-25,1.10162963873964,-0.328804480298226,-0.00970463321125148,-0.101687643521338,1.38546853136582,-0.0611494863304923,-6.44908160198495,4.48273692212401e-23
14.11,0.00649294,0.3379895,6.42422555635756,3.46484748075197e-25,1.14502178749102,-0.329396406146762,0.00174558466365873,-0.104981607582806,1.42554841850197,-0.0610436249044519,-6.4925577704171,5.61322339576579e-23
14.12,0.02345612,0.3281526,6.46303212787825,2.68416336387785e-25,1.19502569820611,-0.325312623657419,0.0136958416457199,-0.10823473381938,1.46533304876321,-0.0527196352810657,-6.49912387396144,3.69690453327477e-23
14.13,0.04168724,0.3179972,6.48528854461761,2.15415968014636e-25,1.24386759111893,-0.322056015097024,0.0261345175569092,-0.11145529397035,1.50375522641079,-0.0461326017245041,-6.49988267083524,2.73955148700612e-23
14.14,0.06209611,0.308357,6.49715007273568,7.31847909430137e-26,1.29836547867143,-0.313136923214953,0.0391181723436235,-0.1145866632025,1.54124601616185,-0.0301496437546493,-6.49998641019493,9.20560547218633e-24
14.15,0.08319793,0.2983181,6.49986206231937,2.48327139087998e-26,1.34624047552469,-0.306086147964409,0.0525805770988703,-0.117647524682144,1.57726083665447,-0.0178318544854733,-6.49999781107442,3.99136261676719e-24
14.16,0.1054582,0.2884432,6.49444312514507,9.31573762734794e-28,1.39129868699014,-0.296448582144601,0.0664935639687717,-0.12061201050359,1.61215788961974,-0.00164356266400543,-6.49999958588272,1.18437350399942e-24
14.17,0.1271296,0.2775616,6.48143323159515,-1.52161833242668e-27,1.41994418762066,-0.29350020431853,0.0806930058449783,-0.123547012546775,1.6464163424702,0.00317361916900762,-6.49999985400339,9.21572995113237e-25
14.18,0.1518185,0.2686564,6.46175897855457,-1.55595553312451e-27,1.46115662631627,-0.27372521476198,0.0953045721081409,-0.126284264694395,1.6793500088008,0.0347992484842559,-6.49999996596062,5.94032128920402e-26
14.19,0.1754154,0.2587208,6.43475319568433,-5.25660784705182e-28,1.4818993729048,-0.261716337049492,0.110123565837189,-0.12890142806489,1.71264010110315,0.0532822772767595,-6.49999998370012,1.1549365915852e-26
14.2,0.1987929,0.2488015,6.40022437042691,-1.29286278859021e-28,1.4903590762161,-0.248864681770208,0.12502715659935,-0.131390074882592,1.74627963144287,0.0725981200035534,-6.49999998819068,1.90822290170456e-27
14.21,0.2215186,0.2385341,6.35710510965841,-3.67772900456123e-29,1.48406865441876,-0.238110136513445,0.139867843143538,-0.133771176247727,1.78091909076179,0.088223390560186,-6.49999998606199,4.26675856790675e-28
14.22,0.2434136,0.2280646,6.30392636520797,-1.10139140023619e-29,1.46280053909804,-0.228218610120043,0.154495848534518,-0.136053362348927,1.8171007922144,0.102188624029266,-6.49999997288459,1.07682911355755e-28
14.23,0.2639758,0.2172671,6.23786896997196,-4.13091260896277e-30,1.42393808348328,-0.220141908868259,0.168735229369351,-0.13825478143761,1.85582772493355,0.113147616502163,-6.49999990295808,3.61294284273223e-29
14.24,0.2837401,0.2062965,6.15750561021828,-1.64183644597671e-30,1.37319125770475,-0.21258329403036,0.182467141946398,-0.140380614377913,1.89694248687513,0.123130471479802,-6.49999945508294,1.31449433619741e-29
14.25,0.3017411,0.1949186,6.05626375978345,-9.20875484729286e-31,1.30429925371277,-0.207341811599292,0.195510134483526,-0.142454032493906,1.94251725507366,0.129552354314179,-6.49999364966362,7.00202007921653e-30
14.26,0.3181455,0.1832473,5.92862346103429,-6.28647683110971e-31,1.22035076373545,-0.2033807278988,0.207713642120881,-0.144487839772894,1.99325983937216,0.134022023061693,-6.49984913343315,4.62096371609409e-30
14.27,0.333349,0.1717066,5.7638711734794,-3.12434214965268e-31,1.12605700490636,-0.197347185845159,0.218974212169944,-0.146461311631346,2.04940325140797,0.141388331503236,-6.49321669270716,2.17904669996928e-30
14.28,0.3462732,0.1594006,4.87437978575026,-3.36552634915827e-31,1.01443245930858,-0.196326510453673,0.22911853676303,-0.148424576735882,2.11513889943116,0.141555613663872,-5.69768081680603,2.34456018568211e-30
14.29,0.3581532,0.1474838,0.123911174472587,-1.89053397543969e-31,0.897021835017412,-0.191035760439052,0.238088755113204,-0.150334934340273,2.18881250926828,0.147712219078738,-0.152030250051874,1.26394592410133e-30
14.3,0.368718,0.135795,0.000140378836498808,-7.04010662608914e-32,0.772872430208135,-0.183064841955252,0.245817479415285,-0.152165582759825,2.2729796288975,0.157501995124742,-0.000183888674013052,4.4278023777865e-31
14.31,0.3780991,0.1245108,4.55309568640501e-08,-1.45315865342231e-32,0.644256017142883,-0.171297752209298,0.252260039586714,-0.153878560281918,2.36898823968848,0.172358275767668,-6.52409733668294e-08,8.39885337369787e-32
14.32,0.386571,0.1138852,3.92992746259436e-12,-1.28964672151728e-33,0.514403898746849,-0.154130807210246,0.257404078574183,-0.155419868354021,2.47694775853965,0.194301105983192,-6.37221006306927e-12,6.66713966241163e-33
14.33,0.3942062,0.1039653,7.99592973251493e-17,-5.18513058857931e-35,0.384741116497395,-0.131710412754638,0.261251489739157,-0.156736972481567,2.59706162875222,0.222895104378836,-1.54250070821251e-16,2.3546151411459e-34
14.34,0.4012324,0.09490868,5.76959420460393e-22,-9.91597451269135e-37,0.257785491543817,-0.103351398741319,0.263829344654595,-0.15777048646898,2.72711905394547,0.258760824175269,-1.43257638172971e-21,3.89885667559945e-36
14.35,0.4077317,0.08682193,8.26577448669173e-27,-1.43634722464342e-38,0.134717047612241,-0.0688521903456003,0.265176515130717,-0.158459008372436,2.86425581003124,0.301771317928924,-3.03723671457851e-26,4.85823616771408e-38
14.36,0.4137811,0.07969128,1.54651079170986e-29,-5.48488646803665e-40,0.016563427051782,-0.02899016008916,0.265342149401235,-0.158748909973328,3.00433433383605,0.350474351415097,-1.11032542319045e-28,1.60185812178796e-39
14.37,0.4194383,0.07359149,-1.04139841479684e-30,-3.41370166850224e-40,-0.0959068482612011,0.0161655652647923,0.264383080918623,-0.15858725432068,-3.14042557069703,0.404258927727172,-1.84863044341282e-27,8.68082444966806e-40
14.38,0.424735,0.06831758,-6.59301888188803e-26,-1.13182028380838e-38,-0.202217005047661,0.0643641958468137,0.262360910868146,-0.157943612362212,-2.76921179099717,0.459966980566434,-6.61530085083022e-24,2.54746754838019e-38
14.39,0.4296929,0.06400042,-6.91939567613274e-22,-1.04524734977877e-35,-0.302040797812271,0.116095091229415,0.259340502890024,-0.156782661449918,-2.67463366364794,0.517744602603139,-6.49674106731569e-20,2.11014107533779e-35
14.4,0.4340571,0.06028789,-4.22340151744372e-18,-3.24388590839433e-32,-0.397254852600192,0.168068272428313,0.255367954364022,-0.155101978725635,-2.58585024036589,0.573807061018311,-3.32440249900487e-16,5.97305153958847e-32
14.41,0.4379537,0.05701164,-7.92366260481874e-15,-7.80615713585642e-29,-0.486669922907524,0.21865954709804,0.250501255134947,-0.152915383254654,-2.50311826263963,0.626668676664687,-5.32603428633949e-13,1.33096854444721e-28
14.42,0.4412597,0.05405821,-5.0260336022499e-12,-8.11085628665065e-26,-0.571148809743299,0.266799811715929,0.244789767037514,-0.150247385137495,-2.42502734335709,0.675680074491706,-3.02925712522784e-10,1.29699505912572e-25
14.43,0.4438894,0.05116909,-1.31023653774148e-09,-2.68330777544772e-23,-0.65122703612052,0.310399035162407,0.238277496676308,-0.147143394785871,-2.35059746902552,0.719515055963775,-7.30582169211544e-08,4.07237321896233e-23
14.44,0.4457136,0.04832288,-1.71716165894435e-07,-3.24470230302191e-21,-0.727761533703916,0.349380459528087,0.230999881339269,-0.14364959019059,-2.27882149241833,0.758736078142691,-9.00711197036822e-06,4.7169147397122e-21
14.45,0.44666,0.04519317,-1.28990988723496e-05,-1.26242530038576e-19,-0.80112082200009,0.381351795714743,0.222988673119268,-0.139836072233443,-2.20916863432131,0.79204977135093,-0.000642637118407686,1.77383930066977e-19
14.46,0.4466339,0.04162051,-0.000618982791807835,-1.68551476156234e-18,-0.871838233572397,0.405432088093958,0.214270290783544,-0.135781751352503,-2.14114646253925,0.819398403634238,-0.0294780944212175,2.30686756452761e-18
14.47,0.445387,0.03716792,-0.0192534954273326,-6.35742926158089e-18,-0.941604903637817,0.418718573788787,0.204854241747166,-0.131594565614615,-2.0739137024298,0.839138660528723,-0.881395280707281,8.54493731430586e-18
14.48,0.4434128,0.03224862,-0.113617211000453,-1.12194922818579e-17,-1.00625471768824,0.425143904054211,0.194791694570284,-0.127343126574073,-2.00910870587392,0.854316983226716,-5.03149722888019,1.48786422682761e-17
14.49,0.4405721,0.02654394,-0.148096434613571,-7.61261854400265e-18,-1.06686209412108,0.422743729308742,0.184123073629073,-0.123115689280986,-1.94604452896395,0.863539549908576,-6.37957631159576,1.00152938459347e-17
14.5,0.4370557,0.02010722,-0.154047867120559,-2.18868778453596e-18,-1.12189004678014,0.41262313587564,0.172904173161272,-0.118989457922229,-1.88495800616914,0.867360651901254,-6.48852490628985,2.8701098491758e-18
14.51,0.4330249,0.01295903,-0.157051483432527,-2.74542168802985e-19,-1.17018478129139,0.395596692009386,0.161202325348358,-0.115033491002135,-1.82582008006611,0.865954307117882,-6.49842973212859,3.60448521584633e-19
14.52,0.4286751,0.005141902,-0.159231033361693,-1.5274854761994e-20,-1.21045451781038,0.372627630727449,0.149097780170254,-0.111307214694861,-1.76852551847528,0.859467846635268,-6.49968232969683,2.01663145708963e-20
14.53,0.4241481,-0.003255933,-0.160812936893601,-3.89948730816884e-22,-1.24197120234592,0.344992895219509,0.136678068146795,-0.107857285742666,-1.71278692865618,0.848216576760864,-6.49990523920032,5.19902930508643e-22
14.54,0.4196931,-0.01207486,-0.161857487990182,-5.02756805981758e-24,-1.26328645812954,0.314449014400331,0.124045203565499,-0.104712795598663,-1.65836207701656,0.832946584323867,-6.49995698342516,6.79545086584292e-24
14.55,0.4154355,-0.02114916,-0.162402347565978,-3.67798529589238e-26,-1.2740812181706,0.282681851548956,0.111304391383793,-0.101885977083173,-1.6048237919558,0.814552009419069,-6.4999704533373,5.05683065611215e-26
14.56,0.4115912,-0.03026883,-0.162468887576768,-1.88460947172806e-28,-1.27342532687424,0.251595136372547,0.0985701381150508,-0.0993700257194475,-1.55176327373366,0.794433877481044,-6.49996842247517,2.64185891674647e-28
14.57,0.4081801,-0.03929501,-0.162063818610167,-8.11788371756331e-31,-1.26204566380003,0.222394148692562,0.0859496814770505,-0.0971460842325219,-1.49870091426765,0.773732509882079,-6.49994884176222,1.16186065592825e-30
14.58,0.405375,-0.04805963,-0.161177482759687,-3.94656233526086e-33,-1.2394957889933,0.196403983466059,0.0735547235871175,-0.0951820443978613,-1.44516935087814,0.75402162157841,-6.49987043592834,5.76597839459246e-33
14.59,0.4032431,-0.05634943,-0.15977985619012,-3.40555018213298e-35,-1.2062487802029,0.175175514380898,0.0614922357850885,-0.0934302892540523,-1.39069199241407,0.737442412191771,-6.49948375556297,5.06569320472701e-35
14.6,0.4017836,-0.06406107,-0.157785954388554,-7.19967294512257e-37,-1.16333173900557,0.15926471157184,0.0498589183950328,-0.0918376421383339,-1.33485083647823,0.725303685225011,-6.496781939803,1.08552144029281e-36
14.61,0.4010389,-0.07105169,-0.15458376097487,-5.47924411659664e-38,-1.11141640755893,0.149456232193504,0.0387447543194435,-0.0903430798163989,-1.2772072611407,0.71917417736505,-6.46810297832068,8.31891474984118e-38
14.62,0.4010573,-0.07728914,-0.14075491495573,-1.68874293931835e-38,-1.05113296078992,0.145585496800356,0.0282334247115443,-0.0888872248483953,-1.21729658900604,0.719448157591618,-6.01211836563234,2.56314854352214e-38
14.63,0.4015755,-0.08264181,-0.0485465719258104,-2.64234782789993e-38,-0.985522392861822,0.148229037532255,0.018378200782926,-0.0874049344730728,-1.1552828355389,0.727150862071105,-2.1273686031861,3.97569076114118e-38
14.64,0.4026251,-0.0868765,-0.00169078914383544,-2.83938182003173e-37,-0.915143669570359,0.158660195172757,0.00922676408722245,-0.0858183325213452,-1.09091281840655,0.743847332885183,-0.0764439532863829,4.19404013451253e-37
14.65,0.4042481,-0.0901862,-2.32887237348401e-05,-1.08012441134455e-35,-0.840460888963394,0.174730481363344,0.000822155197588511,-0.0840710277077118,-1.02390389131328,0.766938619493103,-0.00109326666627206,1.55678260006495e-35
14.66,0.4062758,-0.09247375,-1.84107254029285e-07,-1.24927827450921e-33,-0.763555966448595,0.196653173805915,-0.00681340446689744,-0.0821044959696526,-0.954713046863635,0.796267075482584,-9.0327706871182e-06,1.74809956777386e-33
14.67,0.4082872,-0.0942772,-9.86723669433142e-10,-1.32010146149122e-31,-0.688312655512698,0.219708017613165,-0.0136965310220244,-0.079907415793521,-0.88513024554139,0.82653222425747,-5.0874400141549e-08,1.79481628351941e-31
14.68,0.4111713,-0.0941456,-1.9411509743369e-12,-9.20248434028145e-29,-0.608188299694781,0.254815388579004,-0.0197784140189722,-0.0773592619077309,-0.811579192642337,0.867908748107417,-1.06241133522402e-10,1.20619558441612e-28
14.69,0.4137701,-0.0937732,-2.534085779184e-15,-2.33600348566128e-26,-0.532978710021105,0.287815324491953,-0.0251082011191833,-0.0744811086628114,-0.73980004923203,0.906275072384255,-1.48756248998922e-13,2.96749075540218e-26
14.7,0.4161751,-0.09279088,-1.93095713387305e-18,-3.99558724588651e-24,-0.462047799425008,0.321504445286029,-0.0297286791134334,-0.0712660642099511,-0.670114807731499,0.944288942490663,-1.23626903774259e-16,4.93227842966461e-24
14.71,0.4182981,-0.09139881,-8.52733040762094e-22,-3.78434733000728e-22,-0.396167417660024,0.354086280982267,-0.0336903532900336,-0.0677252014001284,-0.603739755994002,0.980573679432594,-6.09660559556262e-20,4.5548403438709e-22
14.72,0.4198726,-0.08977129,-2.77025944022095e-25,-1.8231832540654e-20,-0.337396299958859,0.384108113166076,-0.0370643162896222,-0.0638841202684677,-0.543004227523166,1.01432803280021,-2.23959915450343e-23,2.14704755276685e-20
14.73,0.4202976,-0.0885958,-1.57297665880592e-28,-2.65880067477164e-19,-0.290167518729795,0.406304336941317,-0.0399659914769201,-0.0598210768990545,-0.492455358547845,1.04246460588637,-1.41057334665498e-26,3.07843543658199e-19
14.74,0.4203061,-0.08683488,-7.61432733145153e-32,-3.67068304416098e-18,-0.248212992001851,0.42910518699281,-0.0424481213969386,-0.0555300250291264,-0.447197432532672,1.07087868160598,-7.36409817076091e-30,4.18235058177822e-18
14.75,0.419464,-0.08496338,-7.32196682321376e-35,-3.15238787355892e-17,-0.214718095457308,0.448677410979927,-0.0445953023515117,-0.0510432509193271,-0.410334731476865,1.09730319652672,-7.32605398614259e-33,3.54193244428673e-17
14.76,0.4177952,-0.08252212,-1.88734080030656e-37,-2.61324423946926e-16,-0.189038035629137,0.468671473055425,-0.0464856827078031,-0.0463565361887729,-0.3814260945314,1.123955221338,-1.89597635198038e-35,2.89763605492608e-16
14.77,0.4146152,-0.08046108,-7.46963281993784e-39,-9.75591903160881e-16,-0.175991406469346,0.481639503130274,-0.0482455967724966,-0.0415401411574701,-0.364990253810531,1.14697492552387,-7.48546838821266e-37,1.07024475980495e-15
14.78,0.4103329,-0.07818655,-2.58397493954766e-39,-2.89217057325293e-15,-0.171518175234313,0.492594691626328,-0.0499607785248397,-0.0366141942412069,-0.357002136239684,1.16916581521028,-2.58604566930341e-37,3.14209847579273e-15
14.79,0.4051,-0.07499235,-5.44774290419041e-39,-1.18892911899409e-14,-0.173804546906688,0.507037895457475,-0.0516988239939066,-0.0315438152866321,-0.35547573579664,1.19315593828311,-5.45091096630303e-37,1.27901237178758e-14
14.8,0.398889,-0.07062328,-5.92907773660156e-38,-7.67629474168347e-14,-0.182514391371583,0.526564974717835,-0.0535239679076224,-0.0262781655394538,-0.359771541382263,1.21942740667376,-5.93639076607355e-36,8.17557627007752e-14
14.81,0.3918475,-0.06508067,-1.80572426697829e-36,-7.06377077613464e-13,-0.195952640485816,0.550650153581862,-0.0554834943124806,-0.0207716640036351,-0.367984499467577,1.24742087448859,-1.81049430630219e-34,7.44972331020584e-13
14.82,0.3840285,-0.05796209,-1.0491407490031e-34,-1.10333849554366e-11,-0.213253913818106,0.581876693475895,-0.0576160334506616,-0.0149528970688762,-0.379024205624123,1.27768501944201,-1.05367243380594e-32,1.15246834193978e-11
14.83,0.3760628,-0.04846109,-3.42256623181995e-33,-4.14883861973392e-10,-0.229147484026128,0.625682578130298,-0.0599075082909229,-0.00869607128757321,-0.388113510327952,1.31125752350652,-3.43951311910835e-31,4.29253240843019e-10
14.84,0.3673447,-0.03738723,-1.67769794068334e-31,-1.79839720575247e-08,-0.248299899735044,0.674622459744626,-0.0623905072882733,-0.00194984669012695,-0.399249089742785,1.34502627904243,-1.6845014759589e-29,1.84520168463854e-08
14.85,0.3585997,-0.02384168,-3.89099386600753e-30,-1.30799318692159e-06,-0.264748956486366,0.734888154444039,-0.065037996853137,0.00539903485431344,-0.407353453160509,1.37991854164561,-3.89799158490937e-28,1.33217607377268e-06
14.86,0.3493544,-0.00864019,-9.01533750749937e-29,-8.66013107820551e-05,-0.282239808938708,0.79898545387274,-0.0678603949425241,0.0133888893930408,-0.415621377964079,1.41374999991788,-8.99516895515537e-27,8.76798007473757e-05
14.87,0.3403093,0.009008233,-8.45487951495713e-28,-0.00706380382346798,-0.295182884640736,0.872286371359408,-0.0708122237889314,0.0221117531066349,-0.419674614652907,1.44713033177852,-8.41355380359708e-26,0.00711813719607711
14.88,0.3304463,0.02761759,-1.25004310694075e-26,-0.323008688068254,-0.311679698582015,0.942246986178326,-0.0739290207747516,0.0315342229684182,-0.425993285955946,1.47835795810026,-1.237734414958e-24,0.324392954668172
14.89,0.3216741,0.04903349,-2.95678896442498e-26,-4.9514391256841,-0.316656154982802,1.02283235926481,-0.0770955823245796,0.0417625465610663,-0.423175853670429,1.50888248549108,-2.93456874889408e-24,4.96093978381522
14.9,0.3139926,0.07294966,-1.40590943434008e-26,-6.46401507195781,-0.310964743624261,1.11038465977917,-0.0802052297608222,0.052866393158858,-0.412494104609134,1.53816880088925,-1.40521947684543e-24,6.46745552919494
14.91,0.3056621,0.09706792,-1.14984510872639e-26,-6.49873385434887,-0.30883813576586,1.18622749547077,-0.0832936111184808,0.0647286681135657,-0.404796423300132,1.56566835880127,-1.15292592482968e-24,6.49881925812469
14.92,0.2973246,0.1217431,-7.36632240099922e-27,-6.4984651895838,-0.305064872358088,1.25350760212495,-0.0863442598420617,0.0772637441348153,-0.396145946724722,1.5920078210895,-7.39972141043842e-25,6.4999266520118
14.93,0.2892865,0.1469723,-2.61514732365518e-27,-6.49289498473134,-0.297429709003334,1.31244030345879,-0.089318556932095,0.0903881471694031,-0.38499299934993,1.61754495389286,-2.62781734466221e-25,6.49999279624471
14.94,0.2817485,0.172482,-4.11712983310845e-28,-6.48325884442192,-0.284722380802441,1.36120037580791,-0.0921657807401194,0.104000150927482,-0.370566726887676,1.64259860142666,-4.1298187309055e-26,6.49999886860271
14.95,0.2734359,0.1970783,-1.43420913725992e-28,-6.46948015221337,-0.277205467386587,1.39111559835599,-0.0949378354139853,0.117911306911042,-0.360333738948993,1.66776367389643,-1.43610995356271e-26,6.49999963099808
14.96,0.2654605,0.2212177,-2.66544223326744e-29,-6.45137146767023,-0.265963843709038,1.40692388674903,-0.0975974738510757,0.131980545778532,-0.347770126743955,1.69322485976319,-2.66481623443757e-27,6.49999979850827
14.97,0.2575842,0.2444771,-3.64532366446736e-30,-6.42834963905013,-0.253175357415412,1.40635089052772,-0.10012922742523,0.14604405468381,-0.334493944111583,1.71944980223704,-3.64610721529326e-28,6.49999980421942
14.98,0.249016,0.2663531,-1.07606760345766e-30,-6.39934102701784,-0.2451067449876,1.38677752119874,-0.102580294875106,0.159911829895797,-0.324964087140921,1.74705641640102,-1.07903618658678e-28,6.49999962918548
14.99,0.2403843,0.286924,-2.88762517269698e-31,-6.36318577199632,-0.236603466939028,1.35035139829769,-0.104946329544496,0.173415343878774,-0.315406700796361,1.77638271292923,-2.91046397807524e-29,6.49999870290756
15,0.2313894,0.3060289,-1.07757423323807e-31,-6.31805951403113,-0.230043778180184,1.2973236344639,-0.107246767326298,0.186388580223413,-0.307488247262076,1.80800908014838,-1.09337705967854e-29,6.49999131708901
15.01,0.2219766,0.3236354,-5.99155685800613e-32,-6.261511608045,-0.225728921332593,1.2290111802136,-0.109504056539624,0.198678692025549,-0.301357012340186,1.84252418314216,-6.12195105063437e-30,6.49988649325317
15.02,0.2119886,0.3397755,-6.05456134762471e-32,-6.18792824151909,-0.224711806271102,1.14721215730818,-0.111751174602335,0.210150813598631,-0.297672966443034,1.88057479874541,-6.21757747812156e-30,6.49703397947482
15.03,0.2019282,0.3548551,-5.29401022232189e-32,-5.97139574432045,-0.222870880048674,1.05653203563008,-0.113979883402822,0.220716133954931,-0.293504079475011,1.92233645896679,-5.47224743905367e-30,6.36018636205561
15.04,0.1915911,0.3687845,-5.37245792111811e-32,-1.90103914734979,-0.221840962555085,0.957483375664506,-0.116198293028372,0.230290967711576,-0.289985745804619,1.96879399135045,-5.58827744994613e-30,2.06215091055368
15.05,0.1805911,0.381054,-1.05655790706013e-31,-0.00999017024020308,-0.224523852011846,0.84737293791898,-0.118443531548491,0.238764697090766,-0.289053020842029,2.02227139054235,-1.10096384148825e-29,0.0111021379581057
15.06,0.1698001,0.393212,-1.16068517057061e-31,-2.2022423165285e-05,-0.223908265800027,0.739538857749995,-0.120682614206491,0.246160085668266,-0.285897692134837,2.08010900926489,-1.21727006021261e-29,2.5222742446958e-05
15.07,0.1581585,0.4037051,-3.08753870608367e-31,-1.24912208514481e-08,-0.228383397170415,0.622538905453574,-0.122966448178195,0.252385474722802,-0.286186187869379,2.14824041746769,-3.2360729465012e-29,1.49079770983203e-08
15.08,0.1469653,0.4141813,-3.27751452316111e-31,-3.7123010118318e-12,-0.227540512972823,0.510368813059664,-0.125241853307924,0.257489162853399,-0.282921519743835,2.22234783992224,-3.46023083304892e-29,4.66874552484266e-12
15.09,0.1359014,0.4241981,-2.291852914826e-31,-4.43530433766622e-16,-0.224235463300049,0.39992447043219,-0.127484207940924,0.26148840755772,-0.278116820806161,2.30490721347644,-2.44887187083237e-29,5.97463071511284e-16
15.1,0.125034,0.4338042,-9.963834580664e-32,-2.62043718649471e-20,-0.21814938276121,0.292089107027355,-0.129665701768536,0.264409298627994,-0.271622087664652,2.39648332213489,-1.08506508743355e-29,3.8653385906233e-20
15.11,0.1144082,0.4429682,-2.61246187339461e-32,-1.63256858342249e-24,-0.209178316891139,0.187049770085757,-0.131757484937448,0.266279796328852,-0.263423705324287,2.49779333068491,-2.92897659326923e-30,2.71987006286199e-24
15.12,0.1041092,0.4516439,-3.77120491491441e-33,-7.91405844457283e-28,-0.196931447499708,0.0848530928030833,-0.133726799412445,0.267128327256882,-0.253312483690891,2.60929748123636,-4.42341113094091e-31,1.55817857321976e-27
15.13,0.09414725,0.459796,-3.0261998581313e-34,-5.88944712479988e-29,-0.181646682726569,-0.0143929511661831,-0.13554326623971,0.266984397745221,-0.241476581661038,2.73077053790989,-3.80297006050891e-32,1.47474033750073e-28
15.14,0.08484074,0.4678516,-8.75754993650385e-36,-2.69001827854201e-28,-0.161195042905353,-0.107062941403335,-0.137155216668764,0.265913768331187,-0.226556711657561,3.0790053508281,-1.24093117687076e-33,4.79832668090467e-27
15.15,0.0754868,0.4746611,-2.68014825555134e-37,6.18745876819356e-26,-0.141487951825976,-0.201918144280583,-0.138570096187024,0.263894586888381,-0.212390136003469,-3.09770061767301,-4.47450343989541e-35,7.7312631423777e-24
15.16,0.06583703,0.4799155,-1.31196694857236e-38,2.40613527008553e-23,-0.124487942795058,-0.30059889559481,-0.139814975614974,0.260888597932433,-0.200213552714399,-2.98518390599762,-2.68356562166647e-36,6.43189274833267e-20
15.17,0.05698643,0.4849332,-2.05825169071575e-40,2.04645345893848e-18,-0.101669854425872,-0.392139203596599,-0.140831674159233,0.256967205896467,-0.184453970268531,-2.88000014308154,-6.34470125894604e-38,2.31135871979851e-16
15.18,0.04822097,0.488935,-3.30833692790541e-42,4.06049608817619e-15,-0.0790969845668457,-0.482508922006968,-0.141622644004901,0.252142116676398,-0.169047251945465,-2.77631442147285,-2.07634191063822e-39,4.06930827107979e-13
15.19,0.03968981,0.491964,-1.09554027888478e-44,3.33943947734718e-12,-0.0557344685473122,-0.570932345884096,-0.142179988690374,0.246432793217557,-0.15328178383537,-2.67570705847124,-1.01581851893306e-40,3.14099562631504e-10
15.2,0.03128726,0.4940112,1.03503146707408e-44,1.45495260800381e-09,-0.0325900160031267,-0.657103366714448,-0.142505888850406,0.239861759550412,-0.13778352520794,-2.5789907837192,-1.14299798099562e-41,1.12902667671055e-07
15.21,0.02355864,0.4956059,4.06239991391356e-45,2.44288486276667e-07,-0.00559205123713191,-0.736629890489979,-0.142561809362777,0.232495460645512,-0.1198294717396,-2.49024730224754,-3.38661619432697e-42,1.60845194336714e-05
15.22,0.01562026,0.4959361,1.80460467939252e-45,2.5878248861942e-05,0.0180177636166032,-0.815761997883751,-0.142381631726611,0.224337840666675,-0.104167450440488,-2.40377470147971,-4.55094505588278e-42,0.00152240328741154
15.23,0.007867893,0.4954118,-3.18004996150359e-44,0.00151665180856698,0.0414022177818225,-0.8909202104755,-0.141967609548793,0.21542863856192,-0.0886660879801132,-2.3224861187589,-2.03521156336371e-41,0.0824645616051928
15.24,0.0004556803,0.4942655,-1.18885655399863e-42,0.0364679289816488,0.0656259969857604,-0.960177415228454,-0.141311349578935,0.205826864409635,-0.0725749279968136,-2.24718826385386,-2.76817497061337e-40,1.86725304083362
15.25,-0.006743393,0.4923617,-5.21902735815512e-41,0.118989261211462,0.0895073062721981,-1.02460864036174,-0.140416276516213,0.195580778006018,-0.056646724081606,-2.17646757680762,-7.69112715167048e-39,5.79731738772004
15.26,-0.01359551,0.4900163,-3.03861590287009e-39,0.137697038390639,0.113960104336375,-1.08177669671387,-0.139276675472849,0.184763011038879,-0.0402224141402753,-2.11100652051821,-3.72800596068586e-37,6.43838241193062
15.27,-0.02048855,0.486871,-1.07040635333017e-37,0.143778098717618,0.135818270255259,-1.13463528882119,-0.137918492770297,0.173416658150667,-0.025426437072694,-2.04858768725119,-1.42711490964495e-35,6.49340902527945
15.28,-0.02732684,0.483039,-1.94326519954996e-36,0.148117482956134,0.155887686352186,-1.18232790113508,-0.136359615906775,0.161593379139317,-0.0116987955644411,-1.98917421511262,-4.1981581929269e-34,6.49905591425346
15.29,-0.03326608,0.4797556,8.33665567583915e-35,0.151513103430651,0.18067003406485,-1.21550699194497,-0.134552915566127,0.149438309219867,0.00550397930108371,-1.93557999039296,-2.80537203571629e-32,6.49974168977724
15.3,-0.03894082,0.4764146,2.2609421227845e-32,0.154328330886184,0.20478485988248,-1.23971737617697,-0.132505066967302,0.137041135458097,0.0225208091386501,-1.88475421991762,-1.49562029888105e-30,6.49989650875753
15.31,-0.04435211,0.4731039,1.86718011899439e-30,0.156646619876306,0.228132798142783,-1.25482374937198,-0.130223738985874,0.124492897964377,0.0393181847358572,-1.83609452166139,-6.08948466804487e-29,6.49994009993338
15.32,-0.04962626,0.4698353,7.63451117545924e-29,0.158534295511497,0.249664756411576,-1.26133367632576,-0.127727091421758,0.11187956120112,0.05517631445104,-1.78889890706589,-1.60297235774608e-27,6.49995143497701
15.33,-0.05468625,0.4666834,2.01565856813071e-27,0.160032907985722,0.26998366354516,-1.25928936471838,-0.125027254786307,0.0992866675539359,0.0705384798932469,-1.74264957987107,-3.08542922478645e-26,6.49994512817749
15.34,-0.0595757,0.4636539,3.48039766662856e-26,0.161171676574164,0.28872735339135,-1.24930520539497,-0.122139981252393,0.0867936154999862,0.0851542190012632,-1.69675290380511,-4.21429947854968e-25,6.49991543269516
15.35,-0.06424861,0.460795,4.38040268366383e-25,0.161961374722209,0.306258175816668,-1.23167326808173,-0.119077399494226,0.0744768828191689,0.0992938029439546,-1.65070388045546,-4.4242796796463e-24,6.4998227854272
15.36,-0.06883617,0.4580039,3.59301337613453e-24,0.162396216851376,0.321558242394245,-1.20785969690588,-0.115861817070284,0.0623982858501101,0.112198037200528,-1.60390252065438,-3.17091007477275e-23,6.49951791974062
15.37,-0.07329815,0.4553051,2.12175008321788e-23,0.162438956891381,0.335016373920096,-1.17828472520902,-0.112511653331083,0.0506154385980198,0.124130548857303,-1.5559037157095,-1.68471332428657e-22,6.49830069686568
15.38,-0.07752858,0.4527953,1.04637604492365e-22,0.16195264811878,0.347506015080722,-1.14281632748082,-0.109036593180276,0.0391872753232116,0.135738697676325,-1.50623117849399,-7.59532488419451e-22,6.49204205746674
15.39,-0.08187017,0.4501957,3.07768748432041e-22,0.160261143472043,0.356398430443065,-1.10423953099354,-0.105472608875845,0.0281448800132762,0.144957797032477,-1.45450832148453,-2.09526321039784e-21,6.45536197246289
15.4,-0.08558329,0.4480667,1.20683988499044e-21,0.151392586810091,0.367587406565921,-1.05872818054445,-0.101796734810186,0.0175575982078317,0.15636835246006,-1.39984907722954,-7.64232109373407e-21,6.14801381062471
15.41,-0.089621,0.446011,2.34559064307241e-21,0.0985974985484854,0.373521661017694,-1.01011073734243,-0.098061518200009,0.00745649083440742,0.163988014580478,-1.34201062207824,-1.4202535404487e-20,4.05264292690583
15.42,-0.09303913,0.4439378,6.14909003091509e-21,0.0175509955586922,0.381806054245979,-0.959598554009976,-0.0942434576575492,-0.00213949470569234,0.173862685589482,-1.28074642315963,-3.5253440078184e-20,0.733568018317285
15.43,-0.09587139,0.4424526,2.01619691527104e-20,0.000923062182974969,0.391950206868998,-0.903001187043179,-0.0903239555888592,-0.0111695065761241,0.185725509184361,-1.21396056435647,-1.08707892954877e-19,0.0394770582841963
15.44,-0.09801785,0.4412714,8.73506557929319e-20,2.97066190423179e-05,0.404513949344505,-0.843279964156312,-0.0862788160954141,-0.0196023062176872,0.200186546782237,-1.14144255426966,-4.39150322018521e-19,0.00131002638918359
15.45,-0.09933552,0.4402759,5.40224627961726e-19,6.64784934049759e-07,0.420329072506922,-0.781923823308351,-0.0820755253703449,-0.0274215444507708,0.218143647990553,-1.06293998629283,-2.5041569523273e-18,3.05125417809161e-05
15.46,-0.09970979,0.4393407,4.89143242620851e-18,1.07627705518889e-08,0.439925975393984,-0.720370414378651,-0.0776762656164051,-0.0346252485945573,0.240304849362534,-0.978723745753016,-2.06638546164755e-17,5.19710969898293e-07
15.47,-0.09935384,0.4382531,4.95418467164631e-17,1.38653231411616e-10,0.461259977601018,-0.660614339805638,-0.0730636658403949,-0.0412313919926137,0.265142542651234,-0.890372272538266,-1.90221021746855e-16,7.12074710269107e-09
15.48,-0.09765841,0.4368117,8.69899891669497e-16,1.5954699539933e-12,0.488732363392606,-0.604401608670407,-0.0681763422064688,-0.0472754080793177,0.296841441288587,-0.800502969728285,-2.99029905231859e-15,8.81898102485688e-11
15.49,-0.09472377,0.4348665,2.11017936457359e-14,1.8306726522471e-14,0.520934384003813,-0.552929286634594,-0.0629669983664307,-0.0528047009456637,0.334557514630546,-0.712236446299338,-6.44980379651409e-14,1.10908771200369e-12
15.5,-0.09024331,0.4321402,7.78765232290896e-13,2.64986688581385e-16,0.559652348439925,-0.508246438938311,-0.0573704748820315,-0.0578871653350468,0.380293718331614,-0.630450686551361,-2.10053066735502e-12,1.80538347727692e-14
15.51,-0.0848616,0.428636,2.46042779575416e-11,5.20802619116364e-18,0.599213576941958,-0.470062102492832,-0.0513783391126119,-0.0625877863599751,0.429255214113037,-0.557124559863886,-5.90915459118738e-11,4.08763656452531e-16
15.52,-0.07806563,0.424052,8.9804066882677e-10,2.01686117281461e-19,0.643237341875154,-0.440398555518929,-0.0449459656938603,-0.0669917719151644,0.484942202463616,-0.496920370297369,-1.92467523968917e-09,1.7929878635458e-17
15.53,-0.06995205,0.4184608,3.2799639905683e-08,1.6164602839332e-20,0.690370879206272,-0.418212808941981,-0.0380422569017976,-0.0711739000045842,0.546314612430369,-0.449376438855957,-6.30891313932625e-08,1.55874891798856e-18
15.54,-0.0605962,0.4116655,1.09240220760027e-06,3.40418838543165e-21,0.739509460398758,-0.404556018781821,-0.03064716229781,-0.0752194601924024,0.612451383472766,-0.416351793786928,-1.89990246729808e-06,3.39505500889924e-19
15.55,-0.04917219,0.4041362,4.83308697166387e-05,1.20732342731663e-21,0.796516469703476,-0.395256100280296,-0.0226819976007753,-0.0791720211952053,0.688130343861108,-0.391299513759916,-7.611093654421e-05,1.21325777720566e-19
15.56,-0.03695349,0.3953948,0.00139472400388632,1.09925822376193e-21,0.850695322286189,-0.393670121563392,-0.0141750443779134,-0.0831087224108393,0.764168479970237,-0.37878868391982,-0.0020160208705549,1.10397567995324e-19
15.57,-0.02251308,0.3861352,0.0505504840078982,1.25699246578938e-21,0.91284562059067,-0.393913055298583,-0.00504658817200668,-0.0870478529638251,0.848357701013316,-0.369524824596746,-0.0673885281807428,1.2606454790962e-19
15.58,-0.007006943,0.3761133,1.06528723418353,2.20627329884906e-21,0.973132250050737,-0.397691693920395,0.00468473432850069,-0.091024769903029,0.932635543520042,-0.365657595132797,-1.32631061906889,2.21120749226924e-19
15.59,0.01008392,0.3655516,4.70813668764969,4.62781006879976e-21,1.03529564466699,-0.403004374137064,0.0150376907751705,-0.0950548136443997,1.01879648182372,-0.363996683454097,-5.52915668738474,4.63682109847986e-19
15.6,0.02857336,0.3546369,5.75274843842023,9.58152766095567e-21,1.09738505537022,-0.408266820443117,0.0260115413288728,-0.0991374818488309,1.10479850534769,-0.362239505602734,-6.43907813187304,9.59728750508087e-19
15.61,0.04851657,0.343618,6.03075582552692,1.57051461205998e-20,1.15944408200605,-0.411542684996071,0.0376059821489333,-0.103252908698792,1.18989901731424,-0.357882185683016,-6.49612074992951,1.57198221417836e-18
15.62,0.06969686,0.3325951,6.21317380944281,1.90784533078338e-20,1.21943386007168,-0.412187838972946,0.04980032074965,-0.107374787088521,1.27269904704855,-0.350321068263707,-6.49969317737867,1.90779070617432e-18
15.63,0.09111832,0.3210814,6.34363336017231,2.68119426942692e-20,1.26952676419791,-0.414096863441483,0.0624955883916291,-0.111515755722936,1.35098123607182,-0.34466262421539,-6.49995977108468,2.68017792964854e-18
15.64,0.1151011,0.3111995,6.43473286471111,6.80351979821844e-21,1.32789956828585,-0.400978779898157,0.0757745840744876,-0.115525543521917,1.42893488623938,-0.320725456400177,-6.49999583749439,6.83536418256773e-19
15.65,0.1387795,0.3008519,6.48475565250778,2.14126860591676e-21,1.37165198030182,-0.390024704215303,0.0894911038775058,-0.11942579056407,1.50227988600836,-0.300406547580902,-6.49999919721686,2.19057497305549e-19
15.66,0.1617831,0.2900929,6.49999045652674,7.95760302557688e-22,1.3987907547082,-0.380707670077724,0.103479011424588,-0.123232867264848,1.57248389878908,-0.282895075283496,-6.499999707572,8.40174554832719e-20
15.67,0.1867723,0.2811148,6.48404106033571,4.10637946405743e-23,1.43073784196397,-0.356252030839331,0.117786389844227,-0.126795387573241,1.64090254563432,-0.247753723729767,-6.49999990846809,4.96307564375387e-21
15.68,0.2105864,0.2717754,6.43895997977911,2.24304197114526e-24,1.4427621343459,-0.334255958712989,0.132214011187686,-0.130137947160371,1.70798376803601,-0.21663341516172,-6.49999994213988,3.54200680146544e-22
15.69,0.2327468,0.261666,6.36420771130066,1.9865764329015e-25,1.43263743832871,-0.31776337025895,0.146540385570974,-0.13331558086296,1.7756116546512,-0.193079389473536,-6.49999992182069,4.76917516177089e-23
15.7,0.2553453,0.2528087,6.2612993089674,7.42225358225413e-28,1.4180765099092,-0.291045223927341,0.160721150670066,-0.136226033102234,1.84270850466462,-0.157951021187252,-6.4999998771567,1.4511983950872e-24
15.71,0.2770796,0.2440867,6.12715332144435,-4.02554451904626e-29,1.38953310323128,-0.263528745997281,0.174616481702378,-0.138861320562207,1.91122175528741,-0.122709005343169,-6.49999968424482,3.27083801298853e-26
15.72,0.2967134,0.2344793,5.95226001427019,7.29638143044497e-31,1.33877706439502,-0.243196136116239,0.188004252346329,-0.141293281923369,1.98435143352709,-0.0968437743994617,-6.49999815723113,1.85542907950206e-27
15.73,0.3147035,0.2246217,5.73009530636678,5.29750098885515e-31,1.27127420199147,-0.224771965939288,0.200716994366243,-0.143541001582762,2.06252575869414,-0.073829454860948,-6.49997844168445,1.29924953826656e-28
15.74,0.3315676,0.2149005,5.4561159211417,5.3806918802267e-32,1.19263583884163,-0.205267468564411,0.21264335275466,-0.145593676268406,2.14535667832068,-0.0500281923041615,-6.49955566550228,7.13734473013441e-30
15.75,0.3467525,0.2047877,5.10018217788943,4.92397718856083e-33,1.09993183245758,-0.188886328577848,0.223642671079235,-0.147482539554184,2.23551105575584,-0.0303442470198133,-6.47988787757914,6.1833245915423e-31
15.76,0.3604769,0.1944735,3.57741027106633,3.33073296249086e-34,0.996435238589349,-0.174028537265622,0.233607023465129,-0.149222824926841,2.33323573540741,-0.0127849691045412,-4.94759408215259,6.72868750872044e-32
15.77,0.3725595,0.1838698,0.0485094887138789,-1.06324188964187e-35,0.882179219250414,-0.161324274153568,0.242428815657633,-0.150836067668376,2.44021002688501,0.0019980072914211,-0.0751884750097896,1.04303665201773e-32
15.78,0.3828641,0.1727729,4.45297159321365e-05,-2.19677307950005e-35,0.757603010295771,-0.152223660024132,0.250004845760591,-0.152358304268618,2.55793612472158,0.0124232558655233,-8.07730999930162e-05,2.96739079789647e-33
15.79,0.3912725,0.1610561,7.69047233604696e-09,-1.97123733523087e-35,0.623312956668403,-0.147457625823945,0.256237975327275,-0.153832880526857,2.68755248048168,0.0177630021044484,-1.75202541010704e-08,1.74299442408497e-33
15.8,0.3993426,0.1499864,4.29065463815022e-13,-8.77571004997328e-36,0.492727160540635,-0.137077933545545,0.261165246932681,-0.155203659862313,2.81764050050688,0.0293863331695275,-1.35357128075583e-12,4.15826394154262e-34
15.81,0.4064736,0.1390704,4.69159601006264e-18,-2.77483539594915e-36,0.361733148345422,-0.12531352940335,0.264782578416135,-0.156456795156346,2.95010210272202,0.0424284880690854,-2.45861703745691e-17,8.19895817389026e-35
15.82,0.4128591,0.1284139,1.00878319594286e-23,-6.28019880274739e-37,0.232602467921748,-0.111524697945912,0.267108603095353,-0.157572042135805,3.08116049108661,0.0575962854296953,-1.88260451491589e-22,1.24720758997162e-35
15.83,0.4186749,0.1182238,-3.82240736783306e-29,-9.301602841438e-38,0.1072861752539,-0.0943628207832212,0.268181464847892,-0.158515670343637,-3.07587193472043,0.0763743314576199,-7.01746831612074e-27,1.28813000358096e-36
15.84,0.4239509,0.1084482,-5.936067838496e-31,-1.14640357084044e-38,-0.0135488517461724,-0.0745701969528447,0.26804597633043,-0.159261372313166,-2.95634688778596,0.0979143542463941,-1.78271890243565e-28,1.17657766241046e-37
15.85,0.4287983,0.09921906,-2.19948634244746e-28,-1.43110465191572e-39,-0.128690868245926,-0.0514497388479285,0.266759067647971,-0.159775869701645,-2.87734474681656,0.12297388163322,-2.45807009201299e-26,1.14727418303301e-38
15.86,0.4332993,0.09066532,-2.17429883780371e-24,-2.87380594053591e-40,-0.23727360277379,-0.0244017638226222,0.264386331620233,-0.160019887339871,-2.76015841756494,0.152191499318047,-2.18424905091932e-22,1.86722158102024e-39
15.87,0.4377668,0.08304528,-2.13114617793258e-20,-2.04069119061219e-40,-0.336774953710091,0.00808888825877219,0.261018582083132,-0.159938998457284,-2.6569370407948,0.187173663308639,-1.93956458009898e-18,1.09236459908998e-39
15.88,0.4410843,0.07531765,-1.37876961297058e-16,-7.56193940748405e-40,-0.435832893238214,0.0375056778491381,0.25666025315075,-0.159563941678792,-2.55880487962237,0.21877491207462,-1.02678445414386e-14,3.49562653982616e-39
15.89,0.4445923,0.06879112,-1.61980159986314e-13,-2.44707946620858e-38,-0.523662169613349,0.0738681991536829,0.251423631454616,-0.158825259687255,-2.47450564285641,0.257694673702652,-1.04158766486494e-11,9.66041496928824e-38
15.9,0.4472881,0.06241883,-7.72798049262598e-11,-2.37376651499819e-36,-0.608261586889228,0.108478970877806,0.245341015585724,-0.157740469978477,-2.39604381503501,0.294758233755503,-4.50844411575279e-09,8.2164968580405e-36
15.91,0.4494541,0.05647313,-1.46592127911351e-08,-4.46576466859331e-34,-0.687222228406114,0.143343427411482,0.238468793301663,-0.156307035704363,-2.32440513558335,0.332139562906172,-7.98388313441375e-07,1.37471663302371e-33
15.92,0.4510674,0.05083984,-1.30846084488713e-06,-8.81763147518413e-32,-0.76068323722658,0.177372811233475,0.230861960929397,-0.154533307592028,-2.25852298700255,0.368798313211134,-6.75678743879219e-05,2.4502893802362e-31
15.93,0.4520354,0.04540218,-6.46439366435677e-05,-1.20981708669399e-29,-0.829336087466444,0.209545458895629,0.222568600054733,-0.152437853003071,-2.19717101165035,0.403813919522615,-0.00319391257751233,3.07973795070358e-29
15.94,0.4524765,0.04013901,-0.00181494612910108,-1.02298613848857e-27,-0.892235744075897,0.23965498143944,0.213646242613974,-0.150041303188677,-2.14015302520594,0.437101845903657,-0.0863803265751759,2.41520747262595e-27
15.95,0.4522578,0.03487104,-0.0276059873099338,-4.34336220953965e-26,-0.950461024146964,0.266319684877697,0.204141632372504,-0.1473781063399,-2.08631950140586,0.467452081824628,-1.27251296901851,9.63022721714624e-26
15.96,0.45149,0.02960318,-0.108089398280586,-9.96062578099797e-25,-1.00317541303039,0.28968362373849,0.1941098782422,-0.144481270102515,-2.03553237075601,0.495126417802956,-4.84905303788767,2.09439449919633e-24
15.97,0.4501354,0.02404231,-0.142620210410957,-9.79386398218959e-24,-1.05077195927417,0.307632562385345,0.183602158649459,-0.141404944478662,-1.98717300204963,0.518241102256024,-6.25220927788301,1.97546430590297e-23
15.98,0.4477489,0.01790878,-0.150463848737796,-3.47523590770087e-23,-1.09675172174166,0.318347496026655,0.172634641432042,-0.138221469518395,-1.93977328381927,0.535151854141429,-6.46537030632992,6.80943008181289e-23
15.99,0.4458509,0.01220557,-0.15350357558482,-1.36317787901029e-22,-1.1293501861712,0.329942914228454,0.16134113957033,-0.134922040376111,-1.89651789831343,0.553354965152735,-6.49105621521119,2.59221821883206e-22
16,0.4439443,0.006375753,-0.155690250023313,-3.34405605874613e-22,-1.15318701991329,0.338050172770732,0.149809269371197,-0.131541538648403,-1.85541551126315,0.568828532793898,-6.49656447527372,6.20512907485949e-22
16.01,0.442096,0.0002899053,-0.157447830057802,-4.72365071497118e-22,-1.16827142285053,0.341903707589426,0.138126555142692,-0.128122501572509,-1.81602385888378,0.580801544363588,-6.49807302498486,8.60534532238255e-22
16.02,0.4405975,-0.005743693,-0.158869907897149,-5.44220565837928e-22,-1.17294992725139,0.344148882501893,0.126397055870178,-0.12468101274749,-1.77827135139144,0.591627874358676,-6.49832707549172,9.75486581786156e-22
16.03,0.4393556,-0.01200291,-0.160015343807976,-3.93917200429491e-22,-1.16869623858741,0.342783231025479,0.114710093484304,-0.121253180437235,-1.7414938471699,0.599360719079128,-6.49789334861168,6.98103170199449e-22
16.04,0.4384274,-0.01839865,-0.160892641991082,-2.01145666860071e-22,-1.15577317572811,0.338767551489466,0.103152361727023,-0.117865504922341,-1.70532437291611,0.604740905577199,-6.4961727633044,3.53705482169336e-22
16.05,0.4378049,-0.02491332,-0.161443266282967,-7.49290642824566e-23,-1.13497524918773,0.33246130286612,0.0918026092351452,-0.11454089189368,-1.6693543834839,0.607955509393907,-6.49017946186799,1.3115296836679e-22
16.06,0.4374559,-0.03155998,-0.16130819440795,-2.02955735335197e-23,-1.10726614087092,0.323977196513463,0.080729947826436,-0.111301119928545,-1.6331982608493,0.608948164489613,-6.46529237357392,3.54742546385175e-23
16.07,0.4375722,-0.03792006,-0.158023896111782,-6.33929130757234e-24,-1.07186698532062,0.316711923906835,0.0700112779732299,-0.108134000689477,-1.5966076330983,0.610963546154359,-6.32312576857474,1.10485740039612e-23
16.08,0.4373142,-0.04514054,-0.140410735750904,-6.36129842744503e-25,-1.03597723891778,0.301900901592962,0.0596515055840521,-0.105114991673547,-1.55899890862568,0.605062858636106,-5.61683212597905,1.11808707988224e-24
16.09,0.4373883,-0.05197974,-0.0724168347393424,-8.567914113415e-26,-0.994449313407205,0.289639306866276,0.04970701244998,-0.102218598604884,-1.52031517633106,0.601149274483733,-2.90048012361567,1.51446996433213e-25
16.1,0.4374831,-0.05880385,-0.0122445092711507,-1.01023455972375e-26,-0.950328231403023,0.277023519606923,0.0402037301359498,-0.099448363408815,-1.48029568960308,0.596309932112885,-0.491854112744894,1.79834413020177e-26
16.11,0.4375459,-0.06547661,-0.00108787722935842,-1.24538264245796e-27,-0.904469787263086,0.265189250770327,0.031159032263319,-0.0967964709011117,-1.43877600981561,0.591741662773189,-0.0439087246544154,2.23190648706596e-27
16.12,0.4378287,-0.07169136,-6.58370802764761e-05,-2.42987335188681e-28,-0.855347858818506,0.25647505574748,0.0226055536751339,-0.0942317203436369,-1.39533676815734,0.590156084495054,-0.0026758022038494,4.36493665971988e-28
16.13,0.437789,-0.07782777,-3.66560388214066e-06,-4.55209690438949e-29,-0.807634449720966,0.247810978586795,0.0145292091779242,-0.091753610557769,-1.35042652742597,0.5882933611583,-0.000150369006644376,8.19992502230172e-29
16.14,0.4377499,-0.08362571,-1.61651430988807e-07,-1.18486559711019e-29,-0.759031313170794,0.241218068399741,0.00693889604621629,-0.0893414298737715,-1.30355287184192,0.588518992591425,-6.71127257973903e-06,2.13364108283247e-29
16.15,0.4378203,-0.08843479,-5.27376120576204e-09,-1.07737234461497e-29,-0.709056163693156,0.241513338994787,-0.000151665590715268,-0.0869262964838237,-1.25433095748929,0.596718611028161,-2.22303176983405e-07,1.91670969026471e-29
16.16,0.4380526,-0.09259451,-1.20910896703073e-10,-1.97444077660228e-29,-0.657702611040668,0.245591724769808,-0.00672869170112195,-0.0844703792361256,-1.20239491913361,0.609605139201493,-5.19431141826182e-09,3.44785639552091e-29
16.17,0.4384837,-0.09589975,-1.84307124487312e-12,-8.96299082445599e-29,-0.60509086152909,0.254695902088239,-0.0127796003164128,-0.0819234202152432,-1.14735799870192,0.628779361537581,-8.10559708544851e-11,1.52379147959446e-28
16.18,0.4391596,-0.09823448,-1.72710090362591e-14,-1.01920908070625e-27,-0.551269679860263,0.269267643457804,-0.0182922971150155,-0.0792307437806652,-1.0887356153222,0.654797715940561,-7.81747763861513e-13,1.67366135053022e-27
16.19,0.4400997,-0.09963074,-9.15079671315406e-17,-2.29755384064088e-26,-0.496495342051555,0.288559210829212,-0.023257250535531,-0.076345151672373,-1.02609594521934,0.68669420314202,-4.29012515091268e-15,3.62448829952843e-26
16.2,0.4412396,-0.100155,-2.62925829510578e-19,-7.87925751718509e-25,-0.441646180131286,0.311590933645468,-0.0276737123368439,-0.0732292423359184,-0.959501136416052,0.723157777946028,-1.2858292733288e-17,1.19086949006888e-24
16.21,0.4424923,-0.09985777,-3.97180536416922e-22,-3.34912466925848e-23,-0.387709294692875,0.337555390253841,-0.0315508052837726,-0.06985368843338,-0.889435628461656,0.763057018761043,-2.04120961864981e-20,4.84666011983896e-23
16.22,0.4433368,-0.09945178,-4.96712372692863e-25,-7.66450063079345e-22,-0.338895859620672,0.360669697179822,-0.0349397638799794,-0.0662469914615817,-0.820339351008709,0.800368961816192,-2.69789071403784e-23,1.06820101332793e-21
16.23,0.444338,-0.09788027,-2.5683931300509e-28,-2.88541578099983e-20,-0.290790662341644,0.389023230110964,-0.0378476705033958,-0.0623567591604721,-0.748366424700156,0.843021011596932,-1.49389853988983e-26,3.86478790184161e-20
16.24,0.44482,-0.0960609,-1.21405037053904e-31,-6.60168125322966e-19,-0.248764922852326,0.415089911609184,-0.0403353197319191,-0.0582058600443803,-0.680742860771708,0.883708209308537,-7.65815731574447e-30,8.53961801119931e-19
16.25,0.4447613,-0.09370984,-6.15671561100113e-35,-1.25663116088386e-17,-0.212757516968906,0.441037571401303,-0.0424628949016081,-0.0537954843303672,-0.619205340981767,0.924483728930744,-4.27814008435056e-33,1.57411774379316e-17
16.26,0.4438195,-0.09106133,-8.06180505917936e-38,-1.65227241909329e-16,-0.185120596498341,0.464942891712341,-0.0443141008665915,-0.0491460554132438,-0.568914920915319,0.963809989838154,-6.17494382974972e-36,2.01155952483848e-16
16.27,0.4419375,-0.08772007,-4.76963590771508e-40,-2.13195838432276e-15,-0.165803588927941,0.489811087187769,-0.0459721367558709,-0.0442479445413661,-0.531353891490667,1.00409068351266,-3.95158507261904e-38,2.52690166033121e-15
16.28,0.4386815,-0.08451214,-4.98707424911745e-41,-1.43054929838885e-14,-0.157577805940531,0.509158720950506,-0.0475479148152763,-0.0391563573318611,-0.511808103284318,1.04069564382721,-4.30296043596747e-39,1.65804568357316e-14
16.29,0.4345141,-0.07989264,-3.68363732618392e-41,-1.65702970169032e-13,-0.156114252089377,0.534989220053037,-0.04910905733617,-0.0338064651313307,-0.503465738881559,1.08185912974074,-3.23250726142085e-39,1.87686503874337e-13
16.3,0.4290013,-0.07478421,-4.31192547839297e-40,-1.55452901324023e-12,-0.164198353242078,0.559663289157766,-0.0507510408685908,-0.028209832239753,-0.510236093742144,1.12231661200338,-3.73239341958575e-38,1.72506044229346e-12
16.31,0.4220551,-0.06874519,-5.44363645402245e-38,-1.59838958934746e-11,-0.181713190580611,0.586462016939405,-0.0525681727743969,-0.022345212070359,-0.530600935118208,1.16389019265213,-4.51711683316663e-36,1.74043772443955e-11
16.32,0.4142588,-0.06107501,-1.22497023831866e-35,-2.65139254763481e-10,-0.203387555785904,0.620363972323358,-0.054602048332256,-0.0161415723471254,-0.555126428227023,1.20861784931691,-9.65462309540625e-34,2.83524034625025e-10
16.33,0.4054671,-0.05178313,-4.59083789247383e-33,-6.1447428349261e-09,-0.22987369118325,0.660551086733234,-0.0569007852440885,-0.00953606147979306,-0.583757600134352,1.25515465862215,-3.41223242458789e-31,6.463927965642e-09
16.34,0.3961883,-0.04026577,-1.01924173302077e-30,-2.43760581077514e-07,-0.256772195721933,0.710872064104987,-0.0594685072013078,-0.0024273408387432,-0.609826872055484,1.30389029568971,-7.2045314649189e-29,2.52704113645702e-07
16.35,0.386266,-0.02686405,-1.72687230476141e-28,-1.15278791123493e-05,-0.285072665078569,0.767671281940292,-0.0623192338520935,0.00524937198065972,-0.634602468232379,1.35239918687626,-1.16827169215178e-26,1.18082338796174e-05
16.36,0.3753813,-0.01208576,-3.17407252532378e-26,-0.000462891035047549,-0.316916660275353,0.826271324487502,-0.065488400454847,0.0135120852255347,-0.660341898885194,1.39896099770779,-2.06139980657888e-24,0.000469806625900161
16.37,0.364978,0.005643742,-1.18309106156836e-24,-0.0302288569767342,-0.340863555535087,0.898097061844831,-0.0688970360101979,0.022493055843983,-0.674446910580795,1.44537323062095,-7.52822321970042e-23,0.030468069473125
16.38,0.3554311,0.02645074,-8.63505390382746e-24,-1.94391133562458,-0.354516317685809,0.982668487550155,-0.072442199187056,0.0323197407194846,-0.676212677244917,1.49038582068462,-5.48109071785382e-22,1.95020967252554
16.39,0.3460447,0.04925463,-3.30738263774816e-23,-6.29326815966354,-0.363855826534356,1.07033678320355,-0.0760807574523995,0.0430231085515201,-0.673084917662261,1.53257912735704,-2.10858704063847e-21,6.29786448885173
16.4,0.3360903,0.07283878,-1.48732565326623e-22,-6.4946032314117,-0.374682196532085,1.15113870648031,-0.0798275794177204,0.0545344956163232,-0.671244921501682,1.57187499332137,-9.50705641757468e-21,6.49460700783085
16.41,0.3270424,0.09853631,-1.82528200945291e-22,-6.49508582992102,-0.375607450276362,1.23519123355111,-0.083583653920484,0.0668864079518343,-0.659559814835398,1.60906977392999,-1.18681703614415e-20,6.49984354030171
16.42,0.3184102,0.1254558,-1.11648792159408e-22,-6.48238811673182,-0.371098932194473,1.31500015097154,-0.0872946432424287,0.0800364094615497,-0.642947562987596,1.64443150959566,-7.44992179497569e-21,6.49999329379929
16.43,0.3099923,0.1530107,-4.3344783579118e-23,-6.46233786117975,-0.363117247932319,1.38596851151301,-0.0909258157217519,0.0938960945766799,-0.623480037170903,1.67852381948869,-2.98912190330955e-21,6.49999952627461
16.44,0.302026,0.1810619,-8.53010981481821e-24,-6.43551409389904,-0.350162609229002,1.44728106699064,-0.0944274418140419,0.108368905246586,-0.599698435897259,1.7118091761357,-6.14563040016641e-22,6.4999999469646
16.45,0.2937937,0.2086494,-1.83122820254947e-24,-6.40148353965794,-0.338126456674042,1.49203307793059,-0.0978087063807823,0.123289236025892,-0.577496605993254,1.74516599002316,-1.37831767015644e-22,6.49999998877701
16.46,0.2856224,0.2357111,-3.03704440905214e-25,-6.35968827476606,-0.324519406427427,1.52072496346176,-0.101053900445057,0.13849648566051,-0.554325146425359,1.77900426963862,-2.39766205127648e-23,6.49999999582461
16.47,0.2771289,0.2617521,-6.01581824289847e-26,-6.30872729928554,-0.312439027373216,1.53063946813863,-0.104178290718789,0.153802880341896,-0.533328011407811,1.81405161303948,-4.96341614105464e-24,6.49999999711468
16.48,0.2681859,0.2863716,-1.6593895692749e-26,-6.24651295194039,-0.302796081735099,1.52008561356438,-0.10720625153614,0.16900373647754,-0.515408117942509,1.85105745887066,-1.42121283927402e-24,6.49999999614411
16.49,0.2585364,0.3092043,-8.5583923928888e-27,-6.17001278785656,-0.297403284553837,1.48788549989687,-0.110180284381678,0.183882591476509,-0.502364454441605,1.89088030853135,-7.52682471696189e-25,6.49999998953209
16.5,0.2486252,0.3304278,-4.81971440225866e-27,-6.07651332842641,-0.292582202334355,1.43718000283008,-0.113106106405022,0.198254391504809,-0.49029308028717,1.93384332066991,-4.34007183232374e-25,6.4999999459634
16.51,0.2379524,0.349465,-5.24684105237495e-27,-5.95971022289664,-0.292102703620223,1.36527429752143,-0.116027133441224,0.211907134480024,-0.482987482295669,1.98148970074352,-4.78993599970346e-25,6.49999937847884
16.52,0.2272758,0.3672014,-4.4177591330915e-27,-5.81785177746264,-0.289876058992164,1.28085875388235,-0.118925894031146,0.224715722018847,-0.474116311787832,2.03312135106564,-4.09778141630852e-25,6.49998715589063
16.53,0.2162867,0.3831346,-4.17477379516629e-27,-5.6413531637275,-0.288382321669788,1.18154899806513,-0.121809717247843,0.236531211999498,-0.466227190924277,2.09055157707933,-3.92449315436466e-25,6.49941967481687
16.54,0.2048512,0.3969788,-5.09816297640234e-27,-5.36260325169809,-0.288578139103288,1.06686312552234,-0.124695498638876,0.247199843254722,-0.460226948056061,2.15570096661598,-4.83869030022771e-25,6.43159616407245
16.55,0.1928758,0.4088641,-8.69816602391501e-27,-1.08571888149563,-0.291032741737242,0.939592830653247,-0.127605826056249,0.256595771561254,-0.456584176383072,2.22985215248458,-8.30142623806715e-25,1.37335291001609
16.56,0.1811773,0.4196425,-8.1360225476061e-27,-0.00142634514614001,-0.289357024958949,0.807848507633647,-0.130499396305838,0.264674256637591,-0.448983096589902,2.31173494154458,-7.8497638781027e-25,0.00193334767994143
16.57,0.1701656,0.4298577,-2.78387494452022e-27,-6.1044372781702e-07,-0.280753594748582,0.676825542553495,-0.133306932253324,0.271442512063126,-0.434878334906557,2.39992959803067,-2.73269144189576e-25,9.03832122469253e-07
16.58,0.1583869,0.4376046,-1.8895825478208e-27,-3.23605638929448e-11,-0.276812768830633,0.532812146170702,-0.13607505994163,0.276770633524833,-0.425670859242777,2.50395241507955,-1.87149885147362e-25,5.43584413072282e-11
16.59,0.1474851,0.4451788,-3.86077447516506e-28,-6.07108757742334e-16,-0.264727728341102,0.394963465827431,-0.138722337225041,0.280720268183107,-0.408851706338894,2.61320222901512,-3.86542531769938e-26,1.20327821823388e-15
16.6,0.1377943,0.4529436,-1.67462217663198e-29,-8.19244027537688e-21,-0.242644064672946,0.266345699752581,-0.141148777871771,0.283383725180633,-0.382683050152923,2.72375138839991,-1.68247062540053e-27,2.01853915716435e-20
16.61,0.1273664,0.4584063,-1.60595920815712e-30,-9.73820050433049e-26,-0.226208224740182,0.128153258257722,-0.143410860119173,0.28466525776321,-0.362516722146486,2.85066389341561,-1.60867667696231e-28,3.41430597758118e-25
16.62,0.1187239,0.4649426,-1.51627452678287e-32,-6.07205303787801e-28,-0.19595380456383,0.00741656716466466,-0.145370398164811,0.284739423434857,-0.328964114643315,2.9681295629231,-1.51841958779878e-30,3.48864661748717e-27
16.63,0.1099097,0.4700555,-1.72901688268514e-34,9.12929823337887e-28,-0.167933612314986,-0.115368034012953,-0.147049734287961,0.283585743094727,-0.297944626024154,-3.11912814538774,-1.77486905099994e-32,1.28811572453478e-25
16.64,0.1010853,0.4739721,-2.11403913009865e-36,1.45176554126283e-24,-0.140909619633398,-0.237625466547936,-0.148458830484295,0.281209488429248,-0.268190956515776,-2.97728107838824,-2.32867848541356e-34,1.30308266192522e-21
16.65,0.09326664,0.4780096,-8.41219329618916e-39,1.79837791009935e-19,-0.107253388744091,-0.348735114941217,-0.149531364371736,0.277722137279836,-0.231730429365802,-2.84955590985666,-1.13768736708559e-36,1.863633409699e-17
16.66,0.08531507,0.4811137,-6.6045336724304e-41,1.32182401555005e-15,-0.0762895884809787,-0.456871657227058,-0.150294260256546,0.273153420707565,-0.198155217894374,-2.72832340438689,-1.40963907858037e-38,1.3206359753068e-13
16.67,0.07809326,0.4839674,-2.40808214213807e-43,2.6086706962885e-12,-0.0414477808476796,-0.556471644332092,-0.150708738065022,0.267588704264244,-0.160449477702968,-2.62000231593055,-3.24685753273344e-40,2.20581916136275e-10
16.68,0.07033877,0.4852362,7.74634306791104e-44,2.92386102176816e-09,-0.0127918590926033,-0.657693221659077,-0.150836656655948,0.261011772047653,-0.129323183892336,-2.51485016631066,-6.54735083469687e-41,2.00485275414307e-07
16.69,0.06239396,0.4855372,1.00711039250613e-44,1.25123368926579e-06,0.0125808090135902,-0.755163191940131,-0.150710848565812,0.253460140128252,-0.101693703107874,-2.41809533991429,-6.24502676598067e-41,7.48048640478088e-05
16.7,0.05500948,0.4855349,-1.1962307346896e-42,0.000181360385305244,0.0404674418693549,-0.843575721345442,-0.150306174147119,0.245024382914798,-0.0711982254372825,-2.33282472962704,-2.63968116513141e-40,0.00995072530115748
16.71,0.04711867,0.4841008,-1.60157553385521e-41,0.015217396378843,0.062431345010955,-0.931631655428376,-0.149681860697009,0.235708066360514,-0.0470683877453886,-2.25181338929949,-2.05480137570367e-39,0.781858897748962
16.72,0.03927382,0.4819609,-1.80308031142888e-40,0.115495809568157,0.0829847173094951,-1.01335545799762,-0.148852013523914,0.225574511780538,-0.0243368996126532,-2.17825258002537,-2.44959475141957e-38,5.63380121147107
16.73,0.03130181,0.4789202,-5.70033715875562e-40,0.138364933063356,0.100805846085889,-1.09022194499534,-0.147843955063056,0.214672292330584,-0.00446714449082894,-2.11025556516206,-2.80756038793182e-37,6.46673941917989
16.74,0.02312635,0.4748662,1.64694249161443e-38,0.14402934361249,0.115422924727792,-1.16299703724706,-0.146689725815778,0.203042321958114,0.0119948021838566,-2.0466999800684,-2.31722916228113e-36,6.49838606812696
16.75,0.01386438,0.4691445,4.56698160721516e-38,0.148396332533181,0.120302417372685,-1.23650856782505,-0.145486701642051,0.190677236279863,0.0175983825316253,-1.98528173390396,-4.08382320393304e-36,6.49991130690926
16.76,0.005605216,0.4640086,5.26542744903727e-37,0.15176635026448,0.131997095225081,-1.29323500085461,-0.1441667306898,0.177744886271317,0.0310540941935224,-1.93137432612767,-2.32576702867271e-35,6.49998938660738
16.77,-0.00258675,0.4586637,4.1600528206872e-36,0.154506366521518,0.142832352592754,-1.34011573663627,-0.142738407163872,0.164343728904954,0.0437084737518115,-1.8813216560403,-1.18263707244992e-34,6.49999803334289
16.78,-0.0106907,0.4532678,2.62311130241746e-35,0.156719503023755,0.152970945270324,-1.37641937927588,-0.141208697711169,0.150579535112195,0.0557492917592261,-1.83445747419338,-5.43422525022653e-34,6.49999944255464
16.79,-0.01879325,0.4479007,1.20379710240254e-34,0.158494000869292,0.161752756292666,-1.40212421929578,-0.139591170148242,0.136558292919238,0.066407970294407,-1.79004226327838,-1.98998320003669e-33,6.4999997649902
16.8,-0.02644469,0.4430072,8.08675058100482e-34,0.15988239334052,0.172640423871556,-1.4145106254269,-0.137864765909527,0.122413186664969,0.07972909285024,-1.74787787874299,-1.06156625408232e-32,6.49999984092898
16.81,-0.03400834,0.4384628,4.41275556377007e-33,0.160949567468636,0.182659493714183,-1.41544608301917,-0.136038170972385,0.108258725834777,0.0922756899744861,-1.70700042567093,-4.85291434767453e-32,6.49999983970546
16.82,-0.04135244,0.4343581,2.38999336667464e-32,0.161728483465903,0.192817814987823,-1.40509654871431,-0.134109992822507,0.0942077603476339,0.105244030995343,-1.66683720441088,-2.2612389412276e-31,6.49999976071967
16.83,-0.04779203,0.4314183,3.25095458255264e-31,0.162233891795851,0.208236948449571,-1.37888728157233,-0.132027623338011,0.0804188875319106,0.12481149491132,-1.62718463970857,-2.5669478888692e-30,6.49999936961281
16.84,-0.05522466,0.4274752,7.47834880286663e-31,0.162479523471826,0.214053506232727,-1.35453900854658,-0.129887088275684,0.0668734974464449,0.133196588278971,-1.58642168205236,-5.53087400271123e-30,6.49999842635779
16.85,-0.06128146,0.4250482,8.36977384384769e-30,0.162443879934563,0.22890826735123,-1.31301344899906,-0.127598005602172,0.0537433629564543,0.152834402007477,-1.54494700802326,-5.41638331351914e-29,6.49999239184733
16.86,-0.06788963,0.4221221,2.98780079874849e-29,0.16210302045404,0.237432379384666,-1.27106089332901,-0.125223681808325,0.0410327540231642,0.165173879433583,-1.50200240668789,-1.79693464137071e-28,6.49996080020272
16.87,-0.07346454,0.4199606,2.9150804946196e-28,0.161408399332129,0.252058293048194,-1.21940415889505,-0.122703098877843,0.0288387124342137,0.185432085968947,-1.45694915543967,-1.57404564494594e-27,6.49968418142215
16.88,-0.0791295,0.418038,1.65767877432679e-27,0.160240393566357,0.263731719869769,-1.16303833966922,-0.120065781679145,0.0172083290375216,0.202559023152829,-1.40938497118132,-8.24222749532088e-27,6.49660680864487
16.89,-0.08402639,0.4164307,1.63356255653134e-26,0.157528003806336,0.279106040573755,-1.10205903631847,-0.117274721273408,0.00618773867433691,0.224863475804339,-1.35868028255387,-7.35605049384538e-26,6.44999949244382
16.9,-0.08838333,0.4152651,1.91793778547183e-25,0.133960662888135,0.296083166496008,-1.03620636696042,-0.114313889608448,-0.00417432499526729,0.249870187998701,-1.30395769227073,-7.80184862676903e-25,5.56100317978081
16.91,-0.09208558,0.4145399,2.87313464812397e-24,0.0234881527929955,0.315310277959304,-0.966231220536935,-0.111160786828855,-0.0138366372006366,0.278511910695609,-1.24433499033587,-1.05136361964213e-23,0.993475493910124
16.92,-0.09506605,0.4142745,5.45143734175538e-23,0.00052045847906411,0.337010925522023,-0.892696014871093,-0.107790677573634,-0.0227635973493476,0.31119814810464,-1.17874075499419,-1.78897718315709e-22,0.022575624043694
16.93,-0.09729866,0.4145001,1.23571038308015e-21,5.78709572279329e-06,0.361066563478966,-0.816052327893145,-0.104180011938845,-0.030924120628279,0.347892853143166,-1.10586861652846,-3.63507749154103e-21,0.000259642958703015
16.94,-0.09869348,0.4151232,3.3651786451906e-20,3.66500947243367e-08,0.387836577125123,-0.737676035850916,-0.100301646167594,-0.0383008809867882,0.38913571014701,-1.0247833805477,-8.87719901918802e-20,1.71959746595722e-06
16.95,-0.09929226,0.4160582,9.73364389169122e-19,1.27017012601217e-10,0.416640321677979,-0.658790037586772,-0.0961352429508137,-0.0448887813626559,0.434116456566843,-0.934771570508999,-2.31295770028333e-18,6.3176650414699e-09
16.96,-0.09917349,0.4171646,2.63793423640022e-17,2.35917433189719e-13,0.446559028059735,-0.580941750353123,-0.0916696526702164,-0.0506981988661871,0.481702437131794,-0.836019011603674,-5.68862847542966e-17,1.2644971237893e-11
16.97,-0.09830358,0.418123,6.67528822581368e-16,2.61302385468195e-16,0.47758411152075,-0.506904752477608,-0.0868938115550089,-0.0557672463909632,0.531862604635343,-0.73135219201263,-1.31524275801541e-15,1.54829277992724e-14
16.98,-0.09678096,0.4187762,1.42728306488309e-14,1.78292159723724e-19,0.508702653405948,-0.437996663189102,-0.0818067850209494,-0.0601472130228542,0.583346487166168,-0.624064655510609,-2.59017944822888e-14,1.22826498512867e-17
16.99,-0.09461843,0.4187943,2.5510687130498e-13,9.84332966012948e-23,0.539624964649064,-0.376706649682229,-0.0764105353744588,-0.0639142795196765,0.635790192289474,-0.520574954084538,-4.29591296230823e-13,8.34083153188492e-21
17,-0.09192051,0.4179169,3.56779317498861e-12,7.09694644064363e-26,0.569390882874258,-0.324767680409179,-0.0707166265457162,-0.0671619563237683,0.688108005636191,-0.427411932116762,-5.6186749486149e-12,7.01822982725782e-24
17.01,-0.08851578,0.4160274,4.43774639242733e-11,1.04959619907236e-28,0.599205115393775,-0.282643098495725,-0.0647245753917784,-0.0699883873087256,0.741595400029664,-0.348795216402282,-6.57107909134573e-11,1.04942744951902e-26
17.02,-0.08462764,0.4126926,4.26798375491407e-10,6.56977409314871e-31,0.627196058760243,-0.253088421879683,-0.058452614804176,-0.0725192715275224,0.794283519767007,-0.291753020360756,-5.98377445746345e-10,6.81159004635977e-29
17.03,-0.07929832,0.4084491,5.65565820958803e-09,1.04858765289217e-32,0.660570625357236,-0.231269350241546,-0.0518469085506037,-0.0748319650299378,0.853042704396854,-0.248967079809219,-7.50855691249044e-09,1.2586528881801e-30
17.04,-0.07290157,0.40284,7.65328006651743e-08,1.1194429530934e-33,0.695894977244631,-0.220159495581594,-0.0448879587781573,-0.0770335599857538,0.913921310169709,-0.225751400578423,-9.66450388873881e-08,1.59866904597136e-31
17.05,-0.06504763,0.3961091,1.2491022986717e-06,6.5015714587682e-34,0.735752672563568,-0.217165500870006,-0.0375304320525217,-0.0792052149944538,0.978382235057599,-0.217197285619708,-1.50563460065303e-06,1.01957858188691e-31
17.06,-0.05583958,0.3879832,2.16934513161422e-05,3.11430385446306e-33,0.778781010694809,-0.223736960272608,-0.0297426219455736,-0.0814425845971799,1.04431792783277,-0.22512812750111,-2.50901960308904e-05,4.47496520011057e-31
17.07,-0.04482526,0.3788966,0.000469536903098594,4.32238037959588e-32,0.827895240945129,-0.23583100727727,-0.0214636695361223,-0.0838008946699526,1.11254343917914,-0.241801404957704,-0.000523531543997192,5.42011417637347e-30
17.08,-0.03189232,0.3689958,0.0121098047163168,1.06324855602491e-30,0.883187175336209,-0.251844655795287,-0.0126317977827602,-0.0863193412279055,1.18150606311659,-0.263889689704971,-0.0130886977825473,1.18989780114687e-28
17.09,-0.01699185,0.3585388,0.331175553250695,2.76021658030186e-29,0.944225612710206,-0.269437024653246,-0.00318954165565813,-0.0890137114744379,1.2495255617392,-0.28715116174314,-0.349025115334551,2.8871805814682e-27
17.1,-9.355279e-05,0.3476512,3.94464865767563,6.17412340274706e-28,1.01043756626933,-0.287429983933565,0.00691483400703518,-0.0918880113137736,1.31524912108813,-0.309565354675701,-4.07698380486649,6.25220542007956e-26
17.11,0.01888268,0.3366274,6.25662621189918,8.52820199045131e-27,1.08163858008807,-0.30346203977961,0.0177312198079159,-0.0949226317115697,1.3778631047923,-0.327666252132563,-6.37484622335263,8.54358658745215e-25
17.12,0.03958595,0.3255584,6.43651688902906,7.114750427675e-26,1.15437504735301,-0.316893207291272,0.029274970281446,-0.0980915637844824,1.43632679788125,-0.340900219638325,-6.49512179200626,7.11212731309312e-24
17.13,0.06176375,0.314442,6.47889179575464,3.87171259367791e-25,1.22618783853412,-0.32784792440882,0.0415368486667872,-0.101370043028571,1.49061430793469,-0.34985138326956,-6.49976417182682,3.87143391003556e-23
17.14,0.08540989,0.303803,6.4971476459254,8.47872399763776e-25,1.2966674642323,-0.332490413361217,0.0545035233091103,-0.104694947162183,1.54123655706894,-0.349739890778417,-6.49998579910685,8.47802936004477e-23
17.15,0.1086322,0.2924075,6.49899258133247,2.90811700469895e-24,1.35121015042741,-0.340541303541302,0.0680156248133844,-0.108100360197596,1.58839153802751,-0.354019398783578,-6.49999822461419,2.909241513413e-22
17.16,0.1334548,0.2819987,6.4873161691548,2.5908265151184e-24,1.40595984431691,-0.338574268645905,0.0820752232565535,-0.111486102884055,1.63329325375659,-0.345073506516303,-6.49999976158679,2.5898746539634e-22
17.17,0.1583389,0.2717266,6.46367735822086,1.57631879734731e-24,1.44895365637486,-0.333738165323767,0.096564759820302,-0.114823484537293,1.67658951767081,-0.332780446490426,-6.49999994846853,1.57712486448729e-22
17.18,0.1830381,0.2616843,6.42867497576705,6.07607880247677e-25,1.47895188131515,-0.325566469799407,0.111354278633454,-0.118079149235287,1.71911149101959,-0.316686470829561,-6.49999998205949,6.11887439351095e-23
17.19,0.2078686,0.2521762,6.38258238140992,1.08732522427873e-25,1.49912654139648,-0.312058192522525,0.126345544047418,-0.121199731160512,1.76120592909199,-0.294368486021649,-6.49999999120671,1.12232246574321e-23
17.2,0.230295,0.2416725,6.32147369412605,4.79458194596246e-26,1.49095521646856,-0.305184028312093,0.141255096212104,-0.124251571443633,1.80576796281339,-0.281074418603165,-6.49999998896777,5.08432988042806e-24
17.21,0.2520118,0.2312293,6.24500977061771,1.60478491998197e-26,1.46938260543746,-0.296533067864436,0.155948922266479,-0.127216902122277,1.85189266386723,-0.265983007701561,-6.499999978395,1.78176440862116e-24
17.22,0.2730653,0.2211857,6.15107361811611,2.76966517492093e-27,1.43587287508636,-0.28372955292331,0.170307651017342,-0.13005419765151,1.90001843376209,-0.246178810753256,-6.49999993610962,3.37856574881384e-25
17.23,0.2917998,0.2103544,6.02968010995593,9.97643963350699e-28,1.37901040030129,-0.276073195432685,0.184097755020355,-0.132814929605837,1.95362495514197,-0.233284652370644,-6.49999956072346,1.33195402047693e-25
17.24,0.3093898,0.1994584,5.87870099937077,3.12777104510171e-28,1.30971992894776,-0.267775770982425,0.197194954309833,-0.135492687315661,2.01166950622122,-0.219970355080886,-6.49999486414653,4.74754322582205e-26
17.25,0.3252777,0.1882728,5.68650780198621,1.12618816261615e-28,1.22511428242379,-0.260612353599946,0.209446097134071,-0.138098810851661,2.07651630323306,-0.208402607880342,-6.49987660696099,1.99368556082967e-26
17.26,0.339591,0.1767617,5.43716067553635,4.86376935003102e-29,1.12777637987926,-0.254798915196853,0.220723860932863,-0.140646800003629,2.14934164733477,-0.198778840734704,-6.49378805769237,1.02450143157902e-26
17.27,0.3526541,0.1652404,4.67480387839661,1.62182182951744e-29,1.0216557145722,-0.247886070349509,0.230940418078585,-0.143125660707124,2.23062598895791,-0.188091617026356,-5.91682850817527,4.45977594113908e-27
17.28,0.3632834,0.152646,0.125841182352858,1.9151791825306e-29,0.899083544892203,-0.247971336694137,0.239931253527507,-0.145605374074066,2.32710571953692,-0.185996759034304,-0.173028604887914,5.61476027873727e-27
17.29,0.3735236,0.1407956,0.000161940467855797,5.4528232729934e-30,0.777407994621932,-0.240865286943995,0.247705333473727,-0.148014026943506,2.43142173480132,-0.175492028930073,-0.000248430649408953,2.39814838480776e-27
17.3,0.3836181,0.1299372,1.0437093395764e-07,7.72713681375058e-32,0.659083241159834,-0.225274959804516,0.254296165885325,-0.150266776541551,2.54156510012716,-0.155296845153695,-1.84787573783892e-07,2.78480209499751e-28
17.31,0.3910367,0.1177064,7.31780350865801e-12,-5.31111269176243e-32,0.525444999999742,-0.219679668821405,0.259550615885322,-0.152463573229765,2.67366926687052,-0.147175757464102,-1.62100719854318e-11,1.48325918721134e-28
17.32,0.3986161,0.1067188,2.17301616773019e-16,-1.91104106046834e-32,0.39979196648385,-0.203700085254829,0.263548535550161,-0.154500574082313,2.80728609862778,-0.127193468620339,-6.64675598296173e-16,1.57182487868687e-29
17.33,0.4061969,0.096816,3.25009878532886e-21,1.13340683158362e-34,0.281032247119448,-0.179387467074303,0.266358858021355,-0.156294448753056,2.93973168296096,-0.097896271481931,-1.62124695677117e-20,4.31343979089577e-31
17.34,0.4120009,0.08641559,1.24093889215353e-26,9.25897073961946e-35,0.155911058516658,-0.159385006907854,0.267917968606522,-0.157888298822135,3.08274988479422,-0.0739855190339297,-2.39704208903294e-25,2.28602914107447e-32
17.35,0.4180106,0.07731517,-1.26894038522534e-30,2.32431827592849e-36,0.0405636198606381,-0.12997000385783,0.268323604805128,-0.159187998860713,-3.06786439958735,-0.039489120799908,-3.09880946195533e-28,2.84588296377246e-34
17.36,0.4235107,0.06885529,-3.98589752518843e-30,1.5060252647835e-39,-0.0704845669642999,-0.0969636012110779,0.267618759135485,-0.160157634872824,-2.94201713569355,-0.00115671542594878,-8.25873953569913e-28,2.69686867938109e-36
17.37,0.429114,0.06160497,-7.15341099610757e-27,-8.95460127278555e-40,-0.17230750918862,-0.0565423120029749,0.265895684043599,-0.160723057992854,-2.77948546976746,0.0454536750858284,-7.16501598547513e-25,2.41930549548741e-38
17.38,0.4336238,0.0544681,-6.70079267712312e-23,-1.64931884206205e-40,-0.274043728894497,-0.017723037360053,0.263155246754654,-0.160900288366454,-2.6741165482776,0.0899600524151981,-6.28610882075624e-21,1.86935784447026e-39
17.39,0.4372831,0.04762014,-6.39821665165616e-19,-2.65964537375592e-40,-0.373289047900315,0.0207157189372431,0.259422356275651,-0.160693131177082,-2.57632319586329,0.133839829495812,-4.93763147211454e-17,1.95764878772169e-39
17.4,0.4411999,0.04205437,-1.21185394190067e-15,-9.96839132057222e-39,-0.461311016395506,0.066049115568859,0.254809246111696,-0.160032640021393,-2.49281510260557,0.185362291971224,-8.01128819737297e-14,5.38448163381176e-38
17.41,0.4441009,0.03660706,-1.05158514850016e-12,-2.55684274279692e-36,-0.548052214877977,0.108760610974553,0.249328723962916,-0.158945033911648,-2.41399044767282,0.23376357822414,-6.25739569300193e-11,1.10926434181303e-35
17.42,0.4464945,0.03163006,-3.3232344226503e-10,-1.66958498078454e-33,-0.629279066783077,0.15144856208104,0.243035933295085,-0.157430548290837,-2.34237327890652,0.282031698600398,-1.83906349440415e-08,6.03478599889312e-33
17.43,0.4483824,0.02696399,-4.51091332056979e-08,-1.01750196920307e-30,-0.704926471980766,0.192675114346018,0.235986668575278,-0.155503797147377,-2.27695200226864,0.328665489106519,-2.36266471799743e-06,3.16470991966929e-30
17.44,0.4496531,0.02265946,-3.18047341304619e-06,-4.19774424871304e-28,-0.775819631842566,0.232695752332313,0.228228472256852,-0.153176839624054,-2.21633556197949,0.374043886930598,-0.000159252547139305,1.15058689743511e-27
17.45,0.4504661,0.01855285,-0.000120115248467187,-8.59193782771103e-26,-0.840705916569547,0.270143747890543,0.219821413091157,-0.150475402145148,-2.160438541058,0.416859716842545,-0.0057909723745514,2.12171776121828e-25
17.46,0.4507197,0.01459312,-0.00273544959946755,-8.51985859438617e-24,-0.900426747571682,0.304615226646158,0.21081714561544,-0.147429249878687,-2.10813230388754,0.456871242981772,-0.127686298129962,1.92973915407384e-23
17.47,0.4504667,0.0107043,-0.0322631852006132,-4.11899924186126e-22,-0.954625969867102,0.335566104263703,0.201270885916769,-0.14407358883605,-2.05901201466379,0.493714345532682,-1.46510615145928,8.68361041545753e-22
17.48,0.4498858,0.00688886,-0.107021845416689,-1.07256833402252e-20,-1.00205664026095,0.363102365362467,0.191250319514159,-0.140442565182425,-2.0130326133369,0.5276669101476,-4.7482996514255,2.12843980887803e-20
17.49,0.4487761,0.002910954,-0.141757557761395,-1.33140915718403e-19,-1.0444649116227,0.38555143780945,0.180805670397932,-0.136587050804331,-1.96909747111173,0.557278690281392,-6.16527951468063,2.51592072654969e-19
17.5,0.4472304,-0.001252006,-0.150376573789968,-8.59433773141313e-19,-1.08128038260227,0.402997309186748,0.16999286657191,-0.132557077712463,-1.92705839421055,0.582767332727147,-6.4298236169074,1.56103113240919e-18
17.51,0.4453819,-0.005739178,-0.153759003700559,-2.79503715487633e-18,-1.11170162660136,0.414670910821963,0.158875850305896,-0.128410368604244,-1.88681453509661,0.603478505806957,-6.48038119097876,4.92389904246297e-18
17.52,0.4428671,-0.01085491,-0.155990749160293,-3.84254778706652e-18,-1.13877043442588,0.418653855370213,0.147488145961637,-0.124223830050541,-1.84733626388591,0.617580585073083,-6.49354257203019,6.63482255791288e-18
17.53,0.441131,-0.01563912,-0.157611230860779,-5.34666761348273e-18,-1.15168288690613,0.422710234899052,0.135971317092576,-0.119996727701551,-1.81073348584213,0.632209468972288,-6.49605806469836,9.0473867226559e-18
17.54,0.4388734,-0.02128927,-0.158974341809704,-2.76437761488478e-18,-1.16122745410887,0.417820844425169,0.124359042551487,-0.115818519257299,-1.774422207484,0.638790485875655,-6.49722635830196,4.63636233097495e-18
17.55,0.4369062,-0.02731653,-0.160059475715335,-8.42320974489872e-19,-1.16147506537704,0.408356275909881,0.112744291897717,-0.1117349564982,-1.73924999283178,0.641023916328534,-6.49711330677744,1.40850824329887e-18
17.56,0.4348309,-0.03382954,-0.160914161475807,-1.38458443071983e-19,-1.15612224223501,0.393899593333504,0.101183069475367,-0.107795960564865,-1.70439367617033,0.638089551326294,-6.49620138668246,2.32438517410285e-19
17.57,0.4332643,-0.04060743,-0.161485212761637,-1.49545018403229e-20,-1.14096731820655,0.376567207737803,0.0897733962933012,-0.104030288487487,-1.67013459843133,0.63160873749997,-6.49238385725485,2.53260153847471e-20
17.58,0.4318994,-0.04794418,-0.161631931491402,-7.84855060083299e-22,-1.1191432906969,0.354468955935914,0.0785819633863322,-0.100485598928128,-1.63585758423017,0.619131429340384,-6.47940074941836,1.3522503364372e-21
17.59,0.4312997,-0.05484027,-0.160179319255623,-5.42274607285184e-23,-1.0870261234733,0.335590514326345,0.0677117021515992,-0.0971296937848648,-1.60153104404941,0.608808294661662,-6.41029179544488,9.4802091623499e-23
17.6,0.4310751,-0.06232802,-0.149505126180277,-1.6377087340797e-24,-1.04851049200554,0.312052442336547,0.0572265972315438,-0.0940091693614993,-1.56658946101772,0.59190704934451,-5.98025956692988,2.93429343512912e-24
17.61,0.430282,-0.07026352,-0.10561490694883,-2.36371572519823e-26,-1.01140347616724,0.285420193141581,0.0471125624698714,-0.0911549674300835,-1.53070279954107,0.569428216956352,-4.22809695450724,4.38195032324791e-26
17.62,0.4304349,-0.07764757,-0.0234790443166595,-5.46269665697595e-28,-0.964396632498969,0.263574223365302,0.0374685961448817,-0.0885192251964304,-1.4935948679952,0.550703327834905,-0.942052615847371,1.04324736508931e-27
17.63,0.430964,-0.08495186,-0.00170736183319485,-1.15281485442296e-29,-0.912794069969312,0.242741669555896,0.0283406554451886,-0.0860918085008715,-1.45492940571045,0.531538766352929,-0.0687695148058286,2.27265588233094e-29
17.64,0.4309733,-0.09237953,-0.00010863696874338,-1.66164791350054e-31,-0.863981479278684,0.2214420042722,0.0197008406524017,-0.0838773884581495,-1.41508052563305,0.51001969306875,-0.00440032444717184,3.40063628224189e-31
17.65,0.4316822,-0.09890123,-3.95719738448806e-06,-8.23372431741826e-33,-0.808840281672345,0.207549375731727,0.0116124378356783,-0.0818018947008322,-1.37276927969344,0.49716757409713,-0.000161539541398847,1.72477345842206e-32
17.66,0.4321939,-0.1050335,-1.23802629924956e-07,-6.78060185075733e-34,-0.754911256058199,0.196713049423154,0.00406332527509628,-0.0798347642066007,-1.32876548737179,0.487766844925132,-5.10531581100158e-06,1.44547030276382e-33
17.67,0.4326122,-0.1104388,-3.14447833314904e-09,-1.71465798308029e-34,-0.701626459746488,0.191292852119799,-0.0029529393223686,-0.0779218356854027,-1.28288405172064,0.485659624284638,-1.31341993635667e-07,3.66984737288877e-34
17.68,0.4331003,-0.1147929,-5.84069660512891e-11,-2.31914025906476e-34,-0.648008563353767,0.193340999359287,-0.00943302495590627,-0.0759884256918098,-1.23468315912812,0.494395146681399,-2.47885481435347e-09,4.88300390002828e-34
17.69,0.4334407,-0.1181517,-8.85266484805539e-13,-1.33327673563907e-33,-0.596021415677176,0.2018630753748,-0.015393239112678,-0.0739697949380618,-1.18469728782758,0.512902094743946,-3.83041836896566e-11,2.71466552498058e-33
17.7,0.4335633,-0.1203829,-1.13932670126146e-14,-3.19603871443856e-32,-0.546361435766157,0.217311450021043,-0.0208568534703396,-0.0717966804378514,-1.1333370988275,0.541904449950682,-5.04342697471725e-13,6.19226549410166e-32
17.71,0.4333607,-0.1215243,-1.35011289419417e-16,-2.15420910583257e-30,-0.499939958892802,0.238790489878426,-0.0258562530592676,-0.0694087755390671,-1.08138482121893,0.579884311004184,-6.134916326096e-15,3.9299120933381e-30
17.72,0.4327481,-0.1215605,-1.6072715423249e-18,-2.98609853511227e-28,-0.45741006576294,0.265835634005684,-0.030430353716897,-0.0667504191990103,-1.02978715364619,0.62570587978739,-7.51877186209131e-17,5.09812245129309e-28
17.73,0.4316081,-0.1205325,-2.21187493579438e-20,-5.97864437092574e-26,-0.41959800067187,0.297563234312786,-0.0346263337236157,-0.0637747868558824,-0.979882359505897,0.677504391577051,-1.06726366167918e-18,9.53870986866418e-26
17.74,0.4298867,-0.1185067,-3.93495428489562e-22,-1.28438365877905e-23,-0.386763926678323,0.332937877108523,-0.038493972990399,-0.0604454080847972,-0.93279318282182,0.733224033375315,-1.95990056549358e-20,1.91942721634376e-23
17.75,0.4274892,-0.1155128,-1.07242813087494e-23,-2.50780330496481e-21,-0.359423719410156,0.37125769719951,-0.0420882101845005,-0.0567328311128021,-0.889900094250136,0.791334138689094,-5.5095609948257e-22,3.52621890574717e-21
17.76,0.4243746,-0.1116203,-5.0820567712221e-25,-3.85687865069166e-19,-0.337620739333829,0.411556062825147,-0.0454644175778388,-0.0526172704845506,-0.852115376644302,0.850183878391991,-2.68836902010549e-23,5.1333151931375e-19
17.77,0.4204288,-0.1070404,-5.13303458799859e-26,-3.82265048935969e-17,-0.32191003302343,0.451869002210111,-0.0486835179080731,-0.0480985804624495,-0.820680140158601,0.907494090747323,-2.78718676849006e-24,4.85138549309786e-17
17.78,0.4160444,-0.1010317,-7.29746768428832e-27,-4.46552207932313e-15,-0.308962036997476,0.497507177055483,-0.0517731382780479,-0.0431235086918947,-0.792604432175078,0.96771348663913,-4.06296637768822e-25,5.42188540553897e-15
17.79,0.4105962,-0.09446262,-3.1905343777195e-27,-2.94621220326166e-13,-0.303333193924623,0.541305548227253,-0.0548064702172941,-0.0377104532096222,-0.772871716605116,1.02432454642582,-1.81005613878414e-25,3.44829196104341e-13
17.8,0.4050729,-0.08605226,-1.24729610086415e-27,-2.7115860532377e-11,-0.297063579435058,0.592727514594055,-0.0577771060116447,-0.0317831780636816,-0.752995346634696,1.08396327832486,-7.21967847778289e-26,3.067900128704e-11
17.81,0.398826,-0.07655579,-9.82697159827349e-28,-1.88261308253126e-09,-0.295101127894171,0.645251389637326,-0.0607281172905864,-0.0253306641673083,-0.738310033758451,1.14137915137081,-5.77803718181881e-26,2.07052440805447e-09
17.82,0.3923281,-0.06570638,-8.34788580006306e-28,-1.14597835566583e-07,-0.293572853092069,0.700481920808656,-0.0636638458215071,-0.0183258449592218,-0.724507377755182,1.19728412186308,-4.98497013778609e-26,1.23080297494556e-07
17.83,0.385028,-0.05379225,-1.4942623260689e-27,-5.14003969622406e-06,-0.296583297643743,0.755737001201012,-0.0666296787979445,-0.0107684749472117,-0.71595909280165,1.25031157046456,-9.0125919597101e-26,5.41566104321979e-06
17.84,0.3776353,-0.04020736,-2.21460360232465e-27,-0.000229566078344524,-0.298436556124814,0.815220975772579,-0.0696140443591927,-0.00261626518948588,-0.706344289971557,1.3020434742356,-1.35134547485843e-25,0.000238109406079565
17.85,0.3700396,-0.0249914,-3.14956632529741e-27,-0.00946894068707072,-0.300027091874707,0.877970443928403,-0.0726143152779397,0.00616343924979815,-0.696671301057002,1.35180144861176,-1.94533039798041e-25,0.00970051062587501
17.86,0.3622946,-0.00814625,-4.03725344615186e-27,-0.331296083677802,-0.300952279175839,0.943357622453662,-0.0756238380696981,0.0155970154743348,-0.686527025986699,1.39928442180348,-2.52686915804622e-25,0.336226801144655
17.87,0.3540407,0.009618946,-7.17409483323288e-27,-3.68880174240002,-0.303948470240645,1.00550051634876,-0.0786633227721046,0.0256520206378223,-0.678791167807751,1.44359677827032,-4.5375105977198e-25,3.71883104540591
17.88,0.3462627,0.02964994,-5.40696409761636e-27,-6.30686764184489,-0.301440081773945,1.07433157314647,-0.081677723589844,0.036395336369287,-0.665500716729734,1.48638001037576,-3.48489554861886e-25,6.32939499138602
17.89,0.3383203,0.0509246,-3.91318945032739e-27,-6.48531703787989,-0.298651139915233,1.14130705550244,-0.0846642349889963,0.0478084069243114,-0.652297399228117,1.5267115984661,-2.57272602693941e-25,6.49162097849665
17.9,0.3303933,0.0734575,-2.20643076997592e-27,-6.49937194867033,-0.294261496522076,1.20627867763857,-0.0876068499542171,0.0598711937006971,-0.637803709628175,1.56495831252375,-1.48474131024258e-25,6.49948265203302
17.91,0.3226276,0.09720495,-8.25659695561557e-28,-6.49691294274766,-0.287312282311198,1.26868473451103,-0.0904799727773291,0.0725580410458075,-0.621044136141289,1.60142120856285,-5.71848807455811e-26,6.49995928355746
17.92,0.3136532,0.1204085,-1.10000947013966e-27,-6.4859235124032,-0.288302787635377,1.31521045318989,-0.0933630006536829,0.0857101455777063,-0.61306210863536,1.63662139813521,-7.72923521144033e-26,6.49999343646777
17.93,0.3077756,0.1473769,-2.45613628105239e-29,-6.46808791542009,-0.264329396985225,1.37894373664512,-0.0960062946235351,0.0994995829441576,-0.578963355673815,1.66995214957719,-1.84320514369896e-27,6.49999939854475
17.94,0.3000932,0.1727929,-4.9736916228381e-30,-6.44298729008193,-0.25415567468823,1.41850538823967,-0.0985478513704174,0.113684636826554,-0.560280898945393,1.70337389610812,-3.87815607079349e-28,6.49999985814343
17.95,0.2928691,0.1985177,-4.63279810844908e-31,-6.41102527273988,-0.239823843076564,1.44935671203339,-0.100946089801183,0.128178203946888,-0.53749391292675,1.73648638565211,-3.78901505720485e-29,6.49999995327375
17.96,0.2855109,0.2237765,-4.52435548429715e-32,-6.37140607549796,-0.226162150820198,1.46616634565065,-0.103207711309385,0.142839867403395,-0.51589979133609,1.77009065028567,-3.87103675047941e-30,6.49999997481251
17.97,0.2780887,0.248339,-4.25617983436138e-33,-6.32307175927078,-0.212662726379936,1.46814738067207,-0.105334338573184,0.157521341210116,-0.494912504470171,1.8047091019546,-3.79861824990475e-31,6.49999997760465
17.98,0.2707427,0.2721104,-3.18280838204381e-34,-6.26467483028549,-0.198331506896343,1.45566467597464,-0.107317653642148,0.172077987969862,-0.473379845641309,1.8407673387639,-2.9560629867387e-32,6.49999996770218
17.99,0.2620217,0.2934524,-1.71685574550407e-34,-6.19061735809159,-0.194180896713483,1.41761383498623,-0.109259462609283,0.186254126319724,-0.463866503008424,1.8806432951859,-1.62013014735611e-32,6.49999988800629
18,0.2546571,0.3152304,-1.00388027312353e-35,-6.10559706206722,-0.178990851370305,1.37749038379089,-0.111049371122986,0.200029030157633,-0.441969497479018,1.92102245558749,-9.77400719920842e-34,6.49999957153149
18.01,0.2456723,0.3339109,-6.77705266870306e-36,-5.9945857949153,-0.175974292397434,1.30927269585939,-0.11280911404696,0.213121757116227,-0.434469341248403,1.96783110199467,-6.65536923338601e-34,6.4999952415419
18.02,0.2370563,0.3517647,-2.19023882152461e-36,-5.8607376040826,-0.169321705136333,1.23237413796905,-0.114502331098323,0.225445498495917,-0.422971088791646,2.01807795256962,-2.17413404244913e-34,6.49991713351685
18.03,0.2282498,0.3680984,-8.44370593525403e-37,-5.6922345320272,-0.163525567759548,1.14267999726738,-0.116137586775919,0.236872298468591,-0.412702583388189,2.07392420489121,-8.43864923897612e-35,6.49711809453858
18.04,0.2190941,0.382628,-4.93070806764053e-37,-5.29225919621605,-0.15973646334556,1.03951230296652,-0.117734951409374,0.247267421498256,-0.404955108871611,2.13728772740936,-4.94367284900365e-35,6.27179000296212
18.05,0.2094784,0.3955233,-5.01442949954651e-37,-0.616632524655604,-0.158644424931349,0.925708209800703,-0.119321395658688,0.256524503596263,-0.400452526799238,2.20926295542458,-5.03356265004169e-35,0.767898100940437
18.06,0.199539,0.406973,-6.88214835297176e-37,-0.00117554691015961,-0.159025297476836,0.804096047151525,-0.120911648633456,0.264565464067779,-0.397704607999432,2.29088962537443,-6.9118653877325e-35,0.00156388121471314
18.07,0.189504,0.4171504,-8.79782688693837e-37,-6.35790134321477e-07,-0.159048638418193,0.677222777916864,-0.122502135017638,0.271337691846947,-0.394588760861586,2.38308932963317,-8.83920159907366e-35,9.24493058859424e-07
18.08,0.1794762,0.4262196,-9.04655653827562e-37,-9.67215467287278e-11,-0.15796302070987,0.54740816245657,-0.124081765224737,0.276811773471513,-0.390276838440053,2.48639992792283,-9.09128380586756e-35,1.58746751818723e-10
18.09,0.1695256,0.4343247,-6.88350997271949e-37,-3.83766204764221e-15,-0.155324197336693,0.416666921259441,-0.125635007198104,0.280978442684107,-0.384311067305448,2.60070637796713,-6.91658338192727e-35,7.44794640925969e-15
18.1,0.159746,0.4415807,-3.47218234732572e-37,-5.09695762835941e-20,-0.150552461425987,0.286653583586116,-0.127140531812364,0.283844978519969,-0.37608873586872,2.72498156823208,-3.48586205055597e-35,1.25937281800404e-19
18.11,0.1502904,0.4481137,-9.63776201895504e-38,-9.28777630663597e-25,-0.142680897568628,0.158978150359101,-0.12856734078805,0.28543476002356,-0.364572486896258,2.85679555108428,-9.65749255613129e-36,3.32514712001662e-24
18.12,0.1408779,0.4537952,-2.33952784485855e-38,-8.55497671597665e-28,-0.134081394094096,0.0332174741652764,-0.129908154728991,0.285766934765212,-0.352451032085808,2.99454037705378,-2.33998520901293e-36,5.74422044238805e-27
18.13,0.1326183,0.4597232,-1.02963347720066e-39,-2.62007237508231e-28,-0.116538820787371,-0.0818726112346084,-0.131073542936865,0.284948208652866,-0.330450684845689,3.12537775403551,-1.03068493463475e-37,2.5850149341968e-26
18.14,0.1240873,0.4641278,-7.72804823230042e-41,-7.47069399763872e-26,-0.101480713631942,-0.199657768017644,-0.132088350073184,0.28295163097269,-0.311493659837975,-3.01518723424655,-7.81254944409489e-39,6.10439934073502e-23
18.15,0.1152985,0.467046,-9.64820372863191e-42,1.32551879959707e-20,-0.088697171941126,-0.319000956832305,-0.132975321792595,0.279761621404367,-0.295339251861689,-2.89040122538673,-9.94320531189249e-40,1.57190156491175e-18
18.16,0.1074702,0.4700792,-4.35237573486772e-43,1.31184816996384e-16,-0.0689617907304072,-0.427162436235225,-0.133664939699899,0.275489997042015,-0.271295346653007,-2.77864701742856,-4.74471089007317e-41,1.3141644047816e-14
18.17,0.09999271,0.4724511,-2.41506815099974e-44,3.69821716495236e-13,-0.0474654911474524,-0.530163644458309,-0.134139594611374,0.270188360597432,-0.245273507373326,-2.67419180596501,-2.96217461744023e-42,3.46978299988054e-11
18.18,0.09274162,0.4740959,-2.65694931035731e-45,3.95812428042554e-10,-0.0253893513193653,-0.62829988518785,-0.134393488124568,0.263905361745553,-0.218584504835559,-2.57680062992524,-4.09797601965338e-43,3.05757609927391e-08
18.19,0.08595615,0.4751881,-6.44099373263555e-46,1.45962665590807e-07,-0.00110588192816508,-0.720076550931182,-0.134404546943849,0.256704596236241,-0.189197559746228,-2.48735962833531,-1.7153250910012e-43,9.56768860807827e-06
18.2,0.07983367,0.4760555,-1.20856210388953e-46,1.87029365053383e-05,0.0265634997345714,-0.803003297213476,-0.134138911946504,0.248674563264106,-0.155533135943525,-2.40689678852009,-4.05784820796731e-43,0.00110407832934912
18.21,0.0734385,0.4757863,4.26398765644616e-45,0.00146192605305646,0.0502051394068275,-0.884076016478257,-0.133636860552435,0.239833803099324,-0.126586279101992,-2.32964213124157,-3.48883443251907e-42,0.0799865282852027
18.22,0.06729139,0.4750391,-2.71277277398073e-44,0.0406925309355062,0.0738884178909309,-0.958054868815825,-0.132897976373526,0.230253254411166,-0.0973384962062527,-2.25858415874773,-8.18941056052591e-41,2.1014270921366
18.23,0.06118134,0.4736435,-1.29934687588643e-41,0.121255228920704,0.0958983160527414,-1.02631956860251,-0.131938993212999,0.219990058725141,-0.0699003285896474,-2.19209301470255,-2.73365647034044e-39,5.97017495937821
18.24,0.05495739,0.4715853,-5.83297521664459e-40,0.136699168271953,0.115106936821585,-1.08901134631928,-0.130787923844783,0.209099945261948,-0.045714078743608,-2.1294751646527,-7.39095804321148e-38,6.46320854414841
18.25,0.04858987,0.4690466,-9.56511919203148e-39,0.142156307339165,0.131394967469562,-1.14482792337088,-0.129473974170087,0.197651666028239,-0.0249745499238061,-2.07073916457788,-1.28490497696723e-36,6.49639617089113
18.26,0.04181603,0.4658837,-3.82125340740166e-38,0.146369716762069,0.142923531199857,-1.19503258586169,-0.128044738858089,0.185701340169622,-0.0101318829972222,-2.01477890478739,-9.24212708414781e-36,6.49951601506485
18.27,0.03435812,0.4620506,-3.19966427794216e-38,0.149964764825862,0.147906677601988,-1.24009696758295,-0.126565672082069,0.173300370493793,-0.0036607594375711,-1.96101582746785,-1.89467225546556e-35,6.49991486029873
18.28,0.02575801,0.457155,-2.43267355983754e-38,0.153080436778709,0.143379576555411,-1.28307044882031,-0.125131876316515,0.160469666005589,-0.00968834176409333,-1.9082320311208,-6.10003448673339e-36,6.49998294413962
18.29,0.01704978,0.4526683,-9.59965869406752e-39,0.155594259805376,0.137824269990981,-1.31287723221329,-0.123753633616605,0.147340893683457,-0.0171777758448878,-1.8591953973091,-1.57974415338511e-36,6.49999416806605
18.3,0.008571347,0.4491139,-3.96135069539352e-39,0.157589201023405,0.133881641663562,-1.32641738707093,-0.122414817199969,0.134076719812747,-0.0226060063430449,-1.81367667557668,-5.57192572642658e-37,6.49999629720058
18.31,-0.001661936,0.4442488,-1.00529894641335e-40,0.159276315178711,0.116603075142187,-1.34155668914243,-0.121248786448547,0.120661152921323,-0.0461160433735897,-1.76737942984025,-1.27829906363926e-38,6.4999977869795
18.32,-0.01379912,0.4380779,-3.52165714526688e-44,0.160624094880796,0.0859756598553911,-1.35804576624794,-0.120389029849993,0.107080695258843,-0.0878078109332073,-1.72064162179004,-2.0736818816626e-41,6.49999874136514
18.33,-0.02546237,0.4330242,2.09788289502979e-46,0.161577422501246,0.060972028512797,-1.35760305063722,-0.119779309564865,0.0935046647524712,-0.121858247907323,-1.67582624059997,-1.7126354322604e-43,6.49999867294087
18.34,-0.03713609,0.4284063,-5.6397456284059e-49,0.162192364388357,0.0376925524967824,-1.34656771502693,-0.119402384039898,0.0800389876022019,-0.153354546405114,-1.63142303544811,-4.9538504905048e-45,6.49999794310748
18.35,-0.04954087,0.423391,-2.02773860387407e-48,0.162479171497399,0.0107541566966685,-1.3320009435902,-0.119294842472931,0.0667189781662999,-0.189240635589593,-1.58653612145368,-5.39353757993889e-46,6.49999636520292
18.36,-0.06176556,0.4185256,-4.02339455476115e-48,0.162426030805619,-0.012595600806609,-1.3101545588576,-0.119420798480997,0.053617432577724,-0.219727471283769,-1.54111160367376,-6.12388460688143e-46,6.49999151567485
18.37,-0.07327082,0.4141786,-1.62770273635117e-47,0.162014688416744,-0.0284553881198431,-1.278938452759,-0.119705352362195,0.040828048050134,-0.239921972073491,-1.49469189859356,-2.0672871819842e-45,6.49997120148833
18.38,-0.08358655,0.4106748,-3.32024674308672e-47,0.161205090731375,-0.0337784574745985,-1.23679666624429,-0.120043136936941,0.0284600813876911,-0.246320570575607,-1.4465238186314,-4.04676524297727e-45,6.49984431739951
18.39,-0.09448848,0.4058968,-1.18678659305519e-46,0.159978953541038,-0.0425992691208812,-1.20056231324645,-0.12046912962815,0.0164544582552265,-0.257009114961762,-1.39761277342467,-1.36745045796383e-44,6.49930562777189
18.4,-0.1022217,0.4032346,-1.99846650843855e-47,0.158049764739785,-0.0265310514689325,-1.14471229102371,-0.120734440142839,0.00500733534498946,-0.236127690986658,-1.34449313794289,-2.60913062095649e-45,6.49245977648495
18.41,-0.1100584,0.3994842,-6.87436394437389e-48,0.154318513723977,-0.0119909537241849,-1.09490574346644,-0.120854349680081,-0.0059417220896749,-0.217243987099821,-1.29053647886065,-1.07742644077021e-45,6.4309570752281
18.42,-0.1153521,0.396626,-3.51302914671544e-48,0.131021623830378,0.0208339420395358,-1.03619949038616,-0.120646010259686,-0.0163037169935365,-0.174599205473023,-1.23234510149404,-1.61287750837726e-45,5.56537358506328
18.43,-0.1188729,0.3944559,3.8938535734887e-46,0.0283968678066969,0.0646301974260126,-0.971100455815656,-0.119999708285426,-0.026014721551693,-0.116792632207877,-1.16939337093902,-3.44586649132585e-43,1.23667834068196
18.44,-0.1206221,0.392096,-8.68000741415818e-41,0.00113084853084464,0.118316493994431,-0.906987587832131,-0.118816543345482,-0.0350845974300143,-0.0444012455027616,-1.1036533975144,-1.08846619782425e-38,0.0507934413476994
18.45,-0.1207043,0.3899774,8.22641890462169e-35,2.57463032932933e-05,0.18006378133895,-0.84092788553349,-0.117015905532092,-0.0434938762853492,0.0407028702938719,-1.0336718038026,-2.56525501255999e-33,0.0012016456830341
18.46,-0.1193635,0.3877042,5.07542552553383e-29,4.73110587453326e-07,0.247093635516682,-0.77637999488458,-0.114544969176925,-0.051257676234195,0.13474886962127,-0.96108796735903,-3.71083358858788e-28,2.31127220519174e-05
18.47,-0.1173116,0.3848304,1.81198476041779e-24,8.84874524273205e-09,0.313309661330933,-0.716908451821374,-0.111411872563616,-0.0584267607524088,0.228827892616483,-0.888842751907087,-8.02400123024202e-24,4.54960896720165e-07
18.48,-0.1139281,0.3817519,2.02009770726995e-20,1.38798506898337e-10,0.383028202348209,-0.659510272779838,-0.107581590540134,-0.0650218634802072,0.328129815010904,-0.8157859367695,-6.29312531804385e-20,7.56863957833639e-09
18.49,-0.1093234,0.3782798,7.33748867980062e-17,2.03893032853809e-12,0.454765074948762,-0.605750938580347,-0.103033939790646,-0.0710793728660106,0.429567310180032,-0.743981474487197,-1.76101675108419e-16,1.19149480551489e-10
18.5,-0.1048048,0.3734748,4.11510803450788e-14,5.31019569784092e-14,0.518197350108462,-0.562647123216128,-0.0978519662895615,-0.0767058440981719,0.51958843530237,-0.681312480976609,-8.28084697770707e-14,3.34703687343253e-12
18.51,-0.09972294,0.3681402,8.95495515430435e-12,1.54426860417611e-15,0.578430092972742,-0.523652897699963,-0.0920676653598341,-0.0819423730751715,0.604897405730712,-0.622935458335589,-1.57433329628186e-11,1.06597471898661e-13
18.52,-0.09426055,0.3619766,8.21335179417566e-10,6.5389613350181e-17,0.633993109143972,-0.490898747297328,-0.0857277342683944,-0.0868513605481448,0.684124221493235,-0.571788224236345,-1.29976342264076e-09,4.97913627613893e-15
18.53,-0.08823512,0.3549795,4.15004914232778e-08,4.33923629761592e-18,0.686277130158982,-0.464125025055898,-0.0788649629668046,-0.0914926107987038,0.759180514657077,-0.528181826968097,-6.03021509293065e-08,3.61899161651555e-16
18.54,-0.08171658,0.3474775,1.22696205156267e-06,3.64240858458802e-19,0.734703227698391,-0.440578556250495,-0.0715179306898207,-0.0958983963612088,0.829883726787936,-0.489323977699752,-1.66305309527609e-06,3.28599176467437e-17
18.55,-0.07437466,0.3394065,2.70049631850752e-05,4.21770116104506e-20,0.781742742175093,-0.420615910113471,-0.0637005032680697,-0.100104555462343,0.898708887739496,-0.455669030272138,-3.45109467929036e-05,4.0308053790535e-18
18.56,-0.06600568,0.3309656,0.000498586198417797,5.79546452810519e-21,0.828744626332079,-0.402587753702026,-0.0554130570047489,-0.104130432999364,0.966634025064203,-0.425308253213603,-0.000605817452561589,5.7417852897572e-19
18.57,-0.05634075,0.3223368,0.00867224045101271,8.13983147254043e-22,0.877442738811195,-0.385085181815544,-0.046638629616637,-0.107981284817519,1.03451576420374,-0.396562214118377,-0.0100880988161603,8.17630622851158e-20
18.58,-0.04494901,0.3138796,0.161396262083991,8.38783615335427e-23,0.930638282273195,-0.365481728664093,-0.037332246793905,-0.11163610210416,1.10331592350941,-0.366353664799008,-0.180786575258978,8.40761426333871e-21
18.59,-0.03128166,0.306225,2.41432831118755,3.34980257145481e-24,0.991775837317106,-0.339338811443024,-0.027414488420734,-0.11502949021859,1.17347542109436,-0.329502687332081,-2.61819684361712,3.35404271088003e-22
18.6,-0.01580854,0.298815,5.78122064718307,8.41183705054761e-26,1.05640119215796,-0.311430683596319,-0.0168504764991544,-0.118143797054554,1.24148674826679,-0.291474845526858,-6.10934918059434,8.725797507147e-24
18.61,0.001398155,0.2918668,6.25555104356968,9.55645725849835e-28,1.12333731251476,-0.280419276721098,-0.00561710337400678,-0.120947989821764,1.30637376398145,-0.250606510482643,-6.48068741642501,1.1368232393837e-25
18.62,0.02130786,0.2859912,6.36798415923172,1.68393362117278e-30,1.19924610943629,-0.242159561862742,0.00637535772035608,-0.123369585440392,1.36941335769724,-0.201841397003197,-6.49926355316718,3.33686175792391e-28
18.63,0.04083243,0.2786005,6.43152377201099,8.77207871351334e-33,1.25999556322397,-0.216634998978376,0.0189753133525958,-0.125535935430176,1.42554374456488,-0.16897368507974,-6.49993805642414,5.53183274043686e-30
18.64,0.06534319,0.2751372,6.4741734617562,-7.78049022556948e-38,1.34639107026447,-0.162571759040823,0.0324392240552405,-0.127161653020584,1.48160447114671,-0.102283477017555,-6.4999977713018,3.53237987513269e-34
18.65,0.08992548,0.2708168,6.49524063549175,5.88322952022753e-40,1.41938779545085,-0.117956192646881,0.046633102009749,-0.128341214947053,1.53251731823274,-0.0474365611130087,-6.49999984291063,7.57602022574105e-38
18.66,0.1159533,0.2672943,6.49971021653929,-9.19027286504477e-44,1.4897942046173,-0.0700246382612679,0.061531044055922,-0.129041461329665,1.58024117447619,0.011073650936091,-6.4999999862566,1.41804149666491e-41
18.67,0.1418685,0.263219,6.49033422129439,-4.70301979212361e-45,1.54577650323542,-0.0293247937760999,0.0769888090882761,-0.129334709267426,1.62535189391451,0.0604728130409273,-6.49999999786853,8.76921863022723e-44
18.68,0.1684788,0.2596875,6.46891445715549,-3.39118941769971e-45,1.59409227783644,0.0126118308260885,0.0929297318666405,-0.129208590959166,1.66865950750185,0.111153486164121,-6.4999999995529,3.02298112540858e-44
18.69,0.19481,0.2559283,6.43615615084105,-1.00396477877054e-43,1.62776288744631,0.0497317374202026,0.109207360741104,-0.128711273584963,1.71110431853001,0.155912515827229,-6.49999999984703,6.37520833675646e-43
18.7,0.2204338,0.2516152,6.3917059399541,-1.01818114599332e-41,1.64447592609746,0.0797704251711551,0.125652120002078,-0.127913569333252,1.75363730180293,0.192243318778359,-6.49999999991122,5.3162713556959e-41
18.71,0.2449465,0.2464386,6.33410427165762,-4.27529898110991e-40,1.64237097867356,0.100795110485333,0.142075829788814,-0.126905618228399,1.79726658522213,0.218055692760858,-6.49999999990913,1.98253304427952e-39
18.72,0.2681128,0.2405071,6.26088328047122,-4.81237576569573e-39,1.62108690128329,0.114173364779322,0.158286698801647,-0.125763884580605,1.8429468895751,0.235073886254372,-6.4999999998342,2.07660334877924e-38
18.73,0.28983,0.2337839,6.16859304731752,-1.26469422303623e-38,1.58138273242758,0.120134325777142,0.174100526125922,-0.124562541322834,1.89157404830864,0.243544360859795,-6.49999999946265,5.27398674247537e-38
18.74,0.3097555,0.2261604,6.05145588427698,-6.94098853139993e-39,1.52227933051458,0.118398675510937,0.189323319431068,-0.123378554567725,1.94455154877699,0.242986374540656,-6.49999999667688,2.90093804273401e-38
18.75,0.3276329,0.2171969,5.9010627225104,-4.4731870959916e-40,1.4436229173362,0.106292064717085,0.20375954860443,-0.122315633920554,2.00353770460176,0.229893813889726,-6.49999995772796,1.97204329817706e-39
18.76,0.3435142,0.20709,5.70706129382568,-5.85600663823284e-42,1.34767684419711,0.0861218143954741,0.217236317046401,-0.121454415776599,2.06998486287893,0.206561330027374,-6.49999886468001,2.85854963086829e-41
18.77,0.3574111,0.1962131,5.45504557396745,-4.61643618510847e-44,1.23633600411468,0.0613809814006547,0.229599677087548,-0.120840605962592,2.14574860551099,0.176903818613298,-6.49993114345407,2.6042803316003e-43
18.78,0.3695162,0.1845903,5.12054589224311,-6.23350514048294e-46,1.11278834112751,0.0327344202695663,0.240727560498823,-0.120513261759897,2.23243221897097,0.141622948715807,-6.49011326894014,4.34050088132075e-45
18.79,0.3798044,0.1722688,2.92440521121438,-7.43666381601369e-47,0.978432419825218,0.000990527623013548,0.250511884697075,-0.120503356483667,2.33250905206362,0.101766499139994,-4.04167417945891,7.30472926864085e-46
18.8,0.3885854,0.1596339,0.0056181902250072,-2.15092753558401e-46,0.837120113881266,-0.0305747324416146,0.258883085835888,-0.120809103808083,2.44692878256664,0.0616992376897373,-0.00877799530041116,3.90802856911642e-45
18.81,0.3961425,0.1470235,1.11974521235054e-06,-3.85029150118655e-45,0.692257475091708,-0.0592830720237885,0.265805660586805,-0.121401934528321,2.5755337789002,0.0251556628713529,-2.08676866317067e-06,2.21930788687462e-43
18.82,0.4024541,0.1344311,4.37897197921841e-11,9.87571446933922e-44,0.544749826900166,-0.0852255154045753,0.271253158855807,-0.122254189682366,2.71831041278412,-0.0077115954289232,-1.06574866000739e-10,2.9948208793585e-41
18.83,0.407937,0.1223082,3.18310501814187e-16,1.58304315052993e-41,0.398713978617621,-0.105104092444808,0.275240298641983,-0.123305230606815,2.87012220212359,-0.0326140353440843,-1.19434842970649e-15,1.95695300016441e-39
18.84,0.4137415,0.1116273,1.1675458779554e-21,8.21226778365923e-41,0.263414306033127,-0.112031281954597,0.277874441702314,-0.12442554342636,3.01725304965377,-0.041051462409909,-9.25462955644358e-21,1.01052225495888e-38
18.85,0.4179088,0.1006847,-9.13072802843073e-28,4.41985112099163e-40,0.12421561412328,-0.119564847266453,0.279116597843547,-0.125621191899025,-3.11241144381446,-0.0501126928928132,-1.15903285742795e-25,5.86911818623429e-38
18.86,0.4207595,0.08980321,-3.85080827000011e-30,1.57105084375148e-39,-0.015431802846944,-0.125214249575398,0.278962279815078,-0.126873334394779,-2.96032186137512,-0.0567204250453511,-1.32850115190876e-27,2.31849698464133e-37
18.87,0.4240916,0.08047407,-3.02689827493391e-27,5.5905046298314e-40,-0.141331868520727,-0.118013730460092,0.27754896112987,-0.12805347169938,-2.74966074156825,-0.0475785007007954,-3.04169653017523e-25,7.20956924366888e-38
18.88,0.426926,0.07185184,-6.43242090737004e-23,6.25788049609512e-41,-0.261097326756566,-0.105223765988576,0.274937987862305,-0.129105709359266,-2.64093367245915,-0.0317710040786558,-5.67635723147286e-21,7.77502912650417e-39
18.89,0.4291995,0.06369635,-1.67033014141532e-18,2.33406259081866e-42,-0.374989464702157,-0.0891069657859163,0.271188093215283,-0.129996779017125,-2.54305061222958,-0.0121038092818173,-1.20608077337527e-16,4.91314457221927e-40
18.9,0.4315385,0.0565436,-8.47340063009249e-15,-1.20579548458307e-43,-0.478147041767858,-0.0660176059624309,0.266406622797605,-0.130656955076749,-2.45815081815681,0.0158189690356578,-5.32540746728645e-13,1.22531242920344e-41
18.91,0.4319831,0.04879702,-2.46075392419553e-11,-3.46948718165272e-44,-0.585387035503565,-0.0484452966745739,0.260552752442569,-0.131141408043495,-2.37473941437824,0.0369313631923825,-1.40436643324969e-09,1.22691346454945e-42
18.92,0.4329036,0.04219192,-1.18523700563591e-08,-7.24060320104639e-45,-0.678155862403457,-0.0231983903699096,0.253771193818534,-0.131373391947194,-2.30376109781621,0.0671784825188049,-6.34322624880794e-07,1.17940989487356e-43
18.93,0.4324562,0.03522531,-3.20982760092093e-06,-5.05576308134774e-45,-0.770738476595049,-0.00213667120892502,0.246063809052584,-0.131394758659283,-2.23554016637601,0.0923465331264062,-0.000162950977991913,5.55502635358034e-44
18.94,0.4313503,0.02810767,-0.000385131778972355,-8.89080737159436e-45,-0.857347544749654,0.0164975890358683,0.237490333605087,-0.131229782768925,-2.1725439935516,0.114620834568902,-0.0187154280548743,7.66982343825562e-44
18.95,0.4288585,0.02043402,-0.0254372599560075,-2.16353125193374e-44,-0.943353564827657,0.0297784719783678,0.228056797956811,-0.130931998049141,-2.11176964338393,0.130571343846818,-1.18992270658537,1.63220126304684e-43
18.96,0.4268293,0.0136693,-0.123744698794408,-1.59456629712026e-43,-1.01455111226256,0.0489011518346985,0.217911286834185,-0.130442986530794,-2.05811208138472,0.153552258473606,-5.61669296775784,1.02731370898502e-42
18.97,0.4231489,0.005655337,-0.146158381551065,-4.34809835222817e-43,-1.08737679638719,0.0573162614510867,0.207037518870313,-0.129869823916283,-2.00491495025117,0.163951574288544,-6.45976777653197,2.63331938253675e-42
18.98,0.4198233,-0.001556797,-0.150161133002862,-3.10876971107839e-42,-1.14635780850137,0.0709907334206754,0.1955739407853,-0.129159916582076,-1.95664240693857,0.180700548409395,-6.49657096107043,1.71946261405255e-41
18.99,0.4148639,-0.01028799,-0.153059823537492,-3.11938110080168e-42,-1.20699329198306,0.0722439296526467,0.183504007865469,-0.12843747728555,-1.90848468935206,0.182851491587988,-6.49969832026385,1.70645431828764e-41
19,0.4112058,-0.01755377,-0.1552971186499,-2.07877649403227e-41,-1.24695609430841,0.0841315679448815,0.171034446922385,-0.127596161606101,-1.86536594965513,0.197707428697856,-6.49993423637072,1.05736174081535e-40
19.01,0.4070542,-0.02555018,-0.157189975739786,-4.53037151362247e-41,-1.28091668824121,0.0895119989127586,0.158225280039973,-0.126701041616973,-1.8234122097501,0.204987360618919,-6.49998127366626,2.22745532373554e-40
19.02,0.4024846,-0.03412074,-0.15876480608784,-3.94597617013646e-41,-1.30855947422031,0.0900019012857083,0.14513968529777,-0.125801022604116,-1.78246280114355,0.206523071779134,-6.49999307397163,1.92652437922793e-40
19.03,0.3991485,-0.04182668,-0.159996985635355,-1.13806949847412e-40,-1.3178942415736,0.0966336430231376,0.131960742882034,-0.124834686173885,-1.7439428835569,0.215454237402338,-6.49999486463889,5.33803011912326e-40
19.04,0.3965223,-0.04932044,-0.160958819246992,-3.9844308841065e-40,-1.31412143780275,0.10407831749337,0.118819528504006,-0.123793902998951,-1.70658615230333,0.225497041962254,-6.49999379507678,1.78939294447351e-39
19.05,0.3946077,-0.0566381,-0.161678378903416,-1.57452856318258e-39,-1.29821635887138,0.111968386393466,0.105837364915292,-0.122674219135017,-1.66989191224737,0.236233414398223,-6.49998815226027,6.76216614673129e-39
19.06,0.3935828,-0.06365304,-0.162169885871547,-8.37667555151593e-39,-1.26983843724109,0.121167109058732,0.0931389805428814,-0.121462548044429,-1.6335171869807,0.248722810163573,-6.49996308238923,3.4227390165558e-38
19.07,0.393307,-0.07044405,-0.162438252195882,-5.12958906663146e-38,-1.2311162988076,0.130943369810085,0.0808278175548054,-0.120153114346328,-1.59695827259402,0.262119916086167,-6.49982166041536,1.99171044728751e-37
19.08,0.3938283,-0.07698106,-0.162456009016579,-3.67576731705525e-37,-1.18267381627711,0.141424008363513,0.0690010793920343,-0.118738874262693,-1.55983346009266,0.276604167722448,-6.49864269164501,1.35415347311295e-36
19.09,0.3950383,-0.08328044,-0.161902390531193,-2.89986721666634e-36,-1.12630982309349,0.152377879149869,0.0577379811610994,-0.117215095471195,-1.52173411456072,0.291927246092477,-6.48413413142473,1.01330786481942e-35
19.1,0.3969672,-0.08921799,-0.154798763422381,-2.94684045495225e-35,-1.06270021136124,0.164629761500121,0.047110979047487,-0.115568797856193,-1.48226015961764,0.309112271864765,-6.21703779755427,9.73464802192267e-35
19.11,0.3992244,-0.09504773,-0.0731837575154408,-2.49170071560597e-34,-0.995646557792431,0.176133660146352,0.0371545134695627,-0.11380746125473,-1.4411614247756,0.325737256204681,-2.95287585831094,7.81825883041019e-34
19.12,0.4017806,-0.1005982,-0.00342794165728841,-2.25697790639376e-33,-0.92599524459406,0.18815140325542,0.0278945610236221,-0.111925947222176,-1.39816743502478,0.34333614333262,-0.139249674170653,6.72557519942806e-33
19.13,0.4047133,-0.105905,-5.91748696735915e-05,-2.01465259366692e-32,-0.853751477838193,0.200314377381407,0.0193570462452401,-0.109922803448362,-1.35289182735599,0.361499315498018,-0.00242607694926033,5.70848961343447e-32
19.14,0.4078161,-0.1109,-6.7781128266905e-07,-1.9102576072831e-31,-0.781046370084514,0.213048742944792,0.011546582544395,-0.107792316018914,-1.30526831528556,0.380768485737968,-2.81271044323035e-05,5.14623318588836e-31
19.15,0.4111103,-0.1155809,-4.95658235559495e-09,-1.86870989407047e-30,-0.708159776961642,0.226257740661067,0.00446498477477857,-0.105529738612303,-1.25501561328273,0.401064408190044,-2.08885227521392e-07,4.78832012121446e-30
19.16,0.4145065,-0.1194283,-2.2843121298177e-11,-3.61859222818316e-29,-0.636175848990574,0.243676263793503,-0.00189677371512716,-0.103092975974368,-1.20209863013705,0.426877264523158,-9.81451346657056e-10,8.73652803719471e-29
19.17,0.417699,-0.123055,-7.5443402278427e-14,-5.49723018661706e-28,-0.567702174702833,0.260358401889189,-0.00757379546215549,-0.100489391955476,-1.14731076563972,0.452394908909643,-3.31797827599293e-12,1.256623966868e-27
19.18,0.4210818,-0.1257502,-1.28670089966508e-16,-1.55172077734809e-26,-0.499925825410923,0.28152537371651,-0.0125730537162647,-0.097674138218311,-1.08947872151773,0.483769936464543,-5.82179943436996e-15,3.3330588045494e-26
19.19,0.4242586,-0.127882,-1.3790394877589e-19,-4.52205072323384e-25,-0.436119139982103,0.303999164824313,-0.0169342451160858,-0.0946341465700679,-1.03019950184102,0.517296403443892,-6.44953295510586e-18,9.13626788772309e-25
19.2,0.4272435,-0.1292966,-8.55631351443012e-23,-1.51902913154875e-23,-0.376234189307752,0.328693721294258,-0.0206965870091633,-0.0913472093571253,-0.969904034889096,0.554000553630557,-4.15558291791325e-21,2.88558377193303e-23
19.21,0.4297807,-0.1300905,-3.76262800297298e-26,-4.92731290378602e-22,-0.322211091045807,0.354590884511019,-0.0239186979196213,-0.0878013005120151,-0.910698862014517,0.592695977551537,-1.90372102212162e-24,8.81800666283632e-22
19.22,0.4323892,-0.1299642,-5.83783986176898e-30,-1.95933299669934e-20,-0.270053604164398,0.383668296815237,-0.0266192339612653,-0.0839646175438627,-0.850132987718177,0.635447439983925,-3.09310082894871e-28,3.30097741645828e-20
19.23,0.4339732,-0.1295497,-1.39175243032597e-33,-4.97117570881025e-19,-0.228052054205756,0.410850393274884,-0.0288997545033229,-0.0798561136111139,-0.796723114219129,0.676812117436126,-7.71945580135007e-32,7.93814945095505e-19
19.24,0.4354715,-0.127994,-1.32080189872553e-37,-1.72555227796059e-17,-0.18870496451768,0.442431142436306,-0.0307868041484997,-0.0754318021867508,-0.744484188477481,0.723169213826514,-7.71424067244992e-36,2.6079626701193e-17
19.25,0.4358959,-0.1260568,-3.84327956324667e-41,-4.03410358795794e-16,-0.15936865033957,0.472286789774008,-0.0323804906518954,-0.0707089342890107,-0.702456041557459,0.768312380531133,-2.35650001720226e-39,5.80607464927542e-16
19.26,0.435433,-0.1235014,-4.3815461529016e-44,-7.9277059868253e-15,-0.138068600506475,0.502123508642098,-0.0337611766569601,-0.0656876992025898,-0.669775747637328,0.813908714198674,-2.80658727364725e-42,1.09063641661893e-14
19.27,0.433522,-0.1210481,-1.64481348180471e-45,-7.95282475246063e-14,-0.128482693568518,0.526447670198396,-0.0350460035926453,-0.0604232225006058,-0.651791100255379,0.855224650184632,-1.08223259759649e-43,1.05382395956061e-13
19.28,0.4310278,-0.1167568,-2.79258649348652e-46,-1.64534658475336e-12,-0.123361752100011,0.559866708555604,-0.0362796211136454,-0.0548245554150497,-0.6397370528647,0.904547985442135,-1.87318304920124e-44,2.09296809062506e-12
19.29,0.427356,-0.1113171,-1.13474021902822e-45,-3.76095825333442e-11,-0.126805271764627,0.596417300687434,-0.0375476738312917,-0.0488603824081754,-0.638593248623954,0.95625058697586,-7.62586434407289e-44,4.60309232692615e-11
19.3,0.4220473,-0.10571,-2.15643159481093e-43,-5.02421677958008e-10,-0.141557887700907,0.628408558929341,-0.0389632527083008,-0.042576296818882,-0.6509537114355,1.00457688667291,-1.42071143491761e-41,5.95310638964703e-10
19.31,0.4163692,-0.09756311,-3.41902479122843e-41,-1.59258918525608e-08,-0.157277765772203,0.673520350459746,-0.0405360303660228,-0.0358410933142845,-0.663265199141706,1.06098574834519,-2.21086941452296e-39,1.8245333211075e-08
19.32,0.4086829,-0.08919033,-1.09237767612609e-37,-2.82424150294113e-07,-0.185956755049599,0.713428657219237,-0.0423955979165188,-0.0287068067420922,-0.68859791408167,1.11333495411627,-6.81828793616264e-36,3.14778878531659e-07
19.33,0.4008287,-0.07802659,-7.82142552462704e-35,-1.07613787001483e-05,-0.212806437577176,0.767233536298051,-0.0445236622922905,-0.0210344713791117,-0.709064935961724,1.1714213269449,-4.75673667286618e-33,1.16801709227319e-05
19.34,0.3926363,-0.06424931,-2.36717829007254e-32,-0.000636183170781749,-0.239069159751473,0.832286034335096,-0.0469143538898053,-0.0127116110357607,-0.726451242454196,1.23171166330728,-1.41042403943283e-30,0.00067457622611988
19.35,0.3834339,-0.04906826,-8.82147539284763e-30,-0.0293929814279216,-0.269613286601483,0.898447879298509,-0.0496104867558201,-0.0037271322427756,-0.745547044429761,1.28913018700189,-5.14639045629328e-28,0.0305981640888351
19.36,0.3737576,-0.0318457,-1.72521208662312e-27,-1.13336695347573,-0.299965888884978,0.969966453017598,-0.0526101456446699,0.00597253228740037,-0.76181977503862,1.34480498925199,-9.89583611584285e-26,1.16292268703979
19.37,0.3642719,-0.01181208,-9.35567617239275e-26,-5.93081847106954,-0.325036702439007,1.05171629038139,-0.05586051266906,0.0164896951912143,-0.771315884114927,1.39915250641464,-5.31578227928989e-24,6.01922504032638
19.38,0.3545185,0.009927752,-3.01742309765528e-24,-6.44101809474162,-0.348465640933231,1.13431761994279,-0.0593451690783923,0.0278328713906422,-0.777920689632066,1.44999087527406,-1.70346445694396e-22,6.48828180094269
19.39,0.3450068,0.03378181,-3.79624142027024e-23,-6.48244348718288,-0.366460082053214,1.22024594547155,-0.0630097698989244,0.0400353308453577,-0.779045095075666,1.49789514281975,-2.14082048864459e-21,6.4996988079576
19.4,0.3361177,0.05976287,-1.52554294886727e-22,-6.49747062666925,-0.376492780120103,1.30885726488086,-0.0667746977001255,0.0531239034941663,-0.77342234017818,1.5429402208895,-8.65005794962517e-21,6.4999910787273
19.41,0.3271284,0.08659857,-4.55200578783383e-22,-6.49933384442051,-0.384444992326301,1.39005638369897,-0.0706191476233885,0.0670244673311561,-0.766121418695907,1.58511218356072,-2.59975526531431e-20,6.49999956740683
19.42,0.3185593,0.1145404,-6.42450646300873e-22,-6.49041916280554,-0.386562836437752,1.46577869352495,-0.074484775987766,0.0816822542664056,-0.754471893189244,1.62511151370283,-3.7129687043622e-20,6.49999997008914
19.43,0.3098114,0.1426237,-8.03154040573652e-22,-6.47204085618574,-0.387696477257461,1.52887355854943,-0.0783617407603406,0.0969709898518999,-0.74237155531901,1.66360414761075,-4.70155515191062e-20,6.49999999644578
19.44,0.3014592,0.1708817,-5.27120053490792e-22,-6.44487547469539,-0.383648731834303,1.58014800546495,-0.0821982280786836,0.112772469906549,-0.726700316322719,1.70115701275975,-3.13982046228352e-20,6.49999999933493
19.45,0.2932614,0.1988064,-2.36992766811435e-22,-6.40890254148579,-0.376604936914594,1.61642241473349,-0.0859642774478296,0.128936694053884,-0.70922830765399,1.73845584855732,-1.44102616987813e-20,6.49999999979284
19.46,0.2847485,0.2256927,-1.16432443666947e-22,-6.36317597126665,-0.370294639105973,1.63337909836454,-0.0896672238388893,0.14527048503753,-0.692838884452794,1.77639105973974,-7.22707386633669e-21,6.49999999988169
19.47,0.2761954,0.2514969,-4.7918201477963e-23,-6.30650100342044,-0.362653837942268,1.63200374871042,-0.093293762218312,0.161590522524634,-0.675917624660061,1.81547022216005,-3.04285367427407e-21,6.49999999988226
19.48,0.2671968,0.2756777,-2.48255498329336e-23,-6.23632967418323,-0.356815499794932,1.60963989406408,-0.0968619172162613,0.177686921465275,-0.660889974344623,1.85666913194771,-1.61097589493461e-21,6.49999999977871
19.49,0.2576144,0.2980132,-1.8412784595052e-23,-6.14938328566756,-0.353693158942271,1.5662979861476,-0.100398848805684,0.193349901326751,-0.648405547048282,1.90082217889753,-1.21794137128954e-21,6.49999999919649
19.5,0.2474612,0.3181937,-1.88907527157672e-23,-6.0406796007763,-0.352995870957161,1.50145709375338,-0.103928807515256,0.208364472264284,-0.638145229563018,1.94906774488555,-1.27046840519504e-21,6.4999999939722
19.51,0.2376623,0.3373619,-1.05816264757734e-23,-5.90950630558153,-0.347693095623589,1.42546430834949,-0.107405738471491,0.222619115347779,-0.624625605681049,2.00042905475312,-7.28256474518231e-22,6.49999992863875
19.52,0.2271383,0.3543972,-9.76658730781498e-24,-5.74509191877268,-0.346132885201234,1.33127551631284,-0.110867067323504,0.235931870510908,-0.614374581735858,2.05762252917855,-6.84606670627641e-22,6.49999816449385
19.53,0.2164222,0.3697452,-8.49684311552946e-24,-5.54123481529042,-0.34409327198656,1.22401689563859,-0.114308000043369,0.248172039467294,-0.604034609780811,2.12088769580892,-6.07142694411093e-22,6.49990314162133
19.54,0.2053379,0.3832243,-8.32342733451784e-24,-5.2762478235684,-0.34291499953641,1.10388486568155,-0.117737150038734,0.259210888124109,-0.594631722480996,2.19190508037919,-6.05555406911572e-22,6.48788920854663
19.55,0.1940146,0.3951195,-8.01548281306228e-24,-3.14802122306682,-0.341573382856005,0.974575100416263,-0.121152883867294,0.268956639128272,-0.585351734831034,2.27128795638348,-5.93879196904779e-22,4.11784179715567
19.56,0.1820569,0.4049235,-1.11554844704426e-23,-0.00706512235256307,-0.343004270817966,0.83372013727034,-0.124582926575473,0.277293840500975,-0.578398257369958,2.3623849207212,-8.38116745082473e-22,0.0100556061025342
19.57,0.1708157,0.4143925,-5.87855103679467e-24,-2.59855409278535e-06,-0.336990912069011,0.69588190918493,-0.127952835696163,0.284252659592825,-0.566027743724113,2.45940681260828,-4.52950415787303e-22,4.12200236036032e-06
19.58,0.1598351,0.4229101,-1.94499011098418e-24,-2.78684751386131e-10,-0.327478856170282,0.557039606047237,-0.131227624257866,0.289823055653297,-0.551382956830817,2.56490144779669,-1.54499785546205e-22,5.10883544474548e-10
19.59,0.1491447,0.4306593,-4.00023726939438e-25,-8.6051159437379e-15,-0.314551396986438,0.419368935832459,-0.134373138227731,0.294016745011622,-0.53456688023217,2.67757041968059,-3.29185933397234e-23,1.92105201858563e-14
19.6,0.139823,0.4388776,-1.67342444338874e-26,-2.25610637454076e-19,-0.290544631925506,0.292656108467067,-0.137278584546986,0.296943306096292,-0.50971460186281,2.7884447661634,-1.45005295158702e-24,6.54017984545468e-19
19.61,0.1292967,0.4444453,-2.27653260074275e-27,-2.89930590662618e-24,-0.275436842483158,0.153774532228894,-0.140032952971817,0.298481051418581,-0.492250314643591,2.91609247018307,-2.04229692302543e-25,1.30205002813345e-23
19.62,0.1207975,0.4514743,-2.76432436163978e-29,-6.03520559814316e-27,-0.244739941785193,0.0346991499644353,-0.142480352389669,0.298828042918226,-0.46295173500406,3.03010998187806,-2.61240829070918e-27,5.36284688511405e-26
19.63,0.1118565,0.4568724,-5.11224728940251e-31,1.00949987295317e-27,-0.218030010296836,-0.0881843220298073,-0.144660652492637,0.297946199697927,-0.437209892324029,-3.13264216716157,-5.00537644719566e-29,2.70110704704877e-25
19.64,0.1034596,0.4617916,-4.61681547711121e-33,-3.72698631772123e-25,-0.187858445213219,-0.205431878706225,-0.14653923694477,0.295891880910865,-0.408980250967832,-3.00267755799286,-4.62212917144513e-31,4.37475919081865e-22
19.65,0.09543745,0.4661491,-2.72633384227548e-35,3.12475027646105e-20,-0.155894725557793,-0.317428477682874,-0.148098184200348,0.292717596134036,-0.37951769964304,-2.89365518733837,-2.73826535788151e-33,3.77266866122139e-18
19.66,0.08719967,0.4692057,-2.6205394948313e-37,3.15255755512718e-16,-0.126807525939379,-0.429400113963361,-0.149366259459741,0.288423594994403,-0.352681491372577,-2.78546513539725,-2.62112198420111e-35,3.15468108009944e-14
19.67,0.07951902,0.4720092,-1.98975396395408e-39,7.36466130008347e-13,-0.094823415454842,-0.533008266538143,-0.15031449361429,0.283093512329021,-0.323515202075691,-2.68612307064428,-1.996429952588e-37,7.04039141847446e-11
19.68,0.07232995,0.4744058,-2.33950334236015e-41,5.97416325124551e-10,-0.0608126542515439,-0.629433108725792,-0.150922620156805,0.276799181241764,-0.292637172867251,-2.59421729223685,-2.42185027403404e-39,4.78561645844819e-08
19.69,0.06472193,0.4753576,-1.66839604516798e-42,2.77093984600321e-07,-0.0318429831571461,-0.726327903102646,-0.151241049988377,0.269535902210737,-0.266234546865331,-2.50345187974387,-1.85067945003642e-40,1.8635665628621e-05
19.7,0.05702084,0.4752481,-5.24262248370482e-43,6.09345310706937e-05,-0.0052873065235346,-0.82029411880249,-0.151293923053612,0.261332961022712,-0.242008126787349,-2.4166330554094,-6.5650749404142e-41,0.00363683741204407
19.71,0.049236,0.474127,-5.81585567676922e-43,0.00658575447457919,0.018958994584688,-0.910661436210901,-0.151104333107765,0.252226346660603,-0.219868296793823,-2.33404475660446,-8.83794052806177e-41,0.361733287475926
19.72,0.04068814,0.4712175,-1.11676252688176e-42,0.10455205192877,0.0359125221118752,-1.00292200611782,-0.150745207886646,0.242197126599425,-0.204434126779555,-2.25236097138188,-2.11080333258991e-40,5.37401018323537
19.73,0.03344501,0.4688609,-5.89809037573688e-42,0.13206401098168,0.0613155349377283,-1.07915722360348,-0.150132052537269,0.23140555436339,-0.181089030583875,-2.18092554566896,-2.04874719144815e-39,6.45349875737834
19.74,0.0255512,0.4648831,-1.95835176160994e-41,0.139030290329064,0.0799440993138116,-1.15615365477466,-0.149332611544131,0.219844017815644,-0.164011288065827,-2.1103270038092,-1.80577832428863e-38,6.49811042092083
19.75,0.01637763,0.4589114,-1.9706279340143e-41,0.144555050733093,0.0875470755466665,-1.23617332211127,-0.148457140788664,0.207482284594531,-0.157361136326679,-2.04007196474153,-4.29824875417162e-38,6.49991921975885
19.76,0.008388206,0.4536192,2.30869379837365e-40,0.148918127326972,0.103122698525071,-1.29883122538418,-0.147425913803414,0.194493972340689,-0.143036418245141,-1.97737969713478,-3.68164389619872e-37,6.49999215660088
19.77,0.0005347786,0.4481001,4.01379361148722e-39,0.15251787700214,0.118246986758301,-1.35173561232725,-0.146243443935831,0.180976616217417,-0.129045603498623,-1.91831964363206,-3.37780647082776e-36,6.49999881032048
19.78,-0.006993683,0.44269,4.0791640936794e-38,0.155429900203591,0.13426956294269,-1.39283008802992,-0.144900748306404,0.167048315337117,-0.114048178547161,-1.86264323860741,-3.94783357048325e-35,6.49999970963541
19.79,-0.01421757,0.437547,-1.1593742785478e-37,0.157749594932669,0.15088676425151,-1.42158252505314,-0.143391880663889,0.152832490086586,-0.0982942165353763,-1.8096552880297,-5.39686081262505e-34,6.49999988791732
19.8,-0.02088055,0.4330003,-3.39380580817523e-35,0.159547377766462,0.169859769500249,-1.43630895410245,-0.141693282968886,0.138469400545561,-0.0799653907246112,-1.75890499293457,-1.12757276213428e-32,6.49999992919311
19.81,-0.02717352,0.428893,-1.6052267866943e-33,0.160895909396103,0.189499444429378,-1.43910862224158,-0.139798288524592,0.124078314323146,-0.0606645729624972,-1.70934141224016,-2.57725369593288e-31,6.49999993272979
19.82,-0.03291469,0.4253854,-6.17435671129407e-32,0.161828233902928,0.210992553791378,-1.42965503022302,-0.137688362986679,0.109781764020915,-0.0390972413841084,-1.66040932731094,-7.55339860124144e-30,6.49999990283327
19.83,-0.03813599,0.4224012,-1.42455054429438e-30,0.162362055119706,0.233847736540532,-1.40945811165363,-0.135349885621273,0.0956871829043792,-0.0156493024916596,-1.61139291685474,-2.4924854206648e-28,6.4999997956482
19.84,-0.04281133,0.4199244,4.96556705553581e-29,0.162493066737435,0.25803083585091,-1.37953101851764,-0.132769577262764,0.0818918727192029,0.00976630946403252,-1.56170548833506,-8.84514584546591e-27,6.49999938602987
19.85,-0.04648059,0.418461,1.65247202376864e-26,0.162198348309687,0.286709724837868,-1.33701839406475,-0.129902480014386,0.0685216887785553,0.040688853879307,-1.51076478062664,-5.15522676458497e-25,6.49999699693789
19.86,-0.05053701,0.4161767,6.0556865487165e-25,0.16144353511947,0.309097126040328,-1.29659276020949,-0.126811508753982,0.0555557611764604,0.0656696141264048,-1.45841226467085,-1.01549323421549e-23,6.49998578267326
19.87,-0.05378903,0.4145213,2.408261591127e-23,0.160173086418226,0.334338311162899,-1.24763281325686,-0.123468125642353,0.0430794330438918,0.0946076188272239,-1.40395186012657,-2.57199618482313e-22,6.49990100109911
19.88,-0.05643681,0.4131791,8.08842470762157e-22,0.158307994724923,0.360602379150217,-1.1933553003598,-0.119862101850851,0.0311458800402937,0.12569001738356,-1.3471003729047,-6.34115435398371e-21,6.49907323459351
19.89,-0.05866915,0.4119733,1.97596083404207e-20,0.155579690721912,0.386271895018476,-1.13574702423743,-0.115999382900666,0.0197884097979194,0.157246004725555,-1.2877380139342,-1.24467209602316e-19,6.48891345727384
19.9,-0.06034264,0.4108697,4.20436114235091e-19,0.148775484714744,0.412306184090987,-1.07561567206454,-0.111876321059756,0.009032253077274,0.190466176158246,-1.2257254595875,-2.21432132460718e-18,6.33476247122782
19.91,-0.06148517,0.4098152,7.65064937204711e-18,0.0989815488865605,0.438325904027185,-1.01386052518679,-0.107493062019485,-0.00110635217459387,0.225054002862632,-1.16107579280284,-3.44235170929463e-17,4.32632200546461
19.92,-0.06208637,0.4087163,1.20336435790927e-16,0.0111671659360675,0.46426183706976,-0.951623955741264,-0.102850443648787,-0.0106225917320065,0.261059749259773,-1.09408793212284,-4.69090409231773e-16,0.504055862901054
19.93,-0.06213996,0.4075549,1.64102825133186e-15,0.000398719985769235,0.490019958404446,-0.88940852253215,-0.0979502440647425,-0.019516676957328,0.298505279542819,-1.02504070265361,-5.61018752031583e-15,0.0187047906685082
19.94,-0.0616865,0.4062606,1.88336644561447e-14,1.09029650649416e-05,0.515167857089233,-0.828065336456091,-0.0927985654938502,-0.0277973303218889,0.337008241296834,-0.954572709570094,-5.71549242393126e-14,0.000534977972325369
19.95,-0.06070981,0.4047059,1.85250355754014e-13,2.59378578513391e-07,0.539726994436158,-0.768799265682902,-0.0874012955494886,-0.0354853229787179,0.376711046179932,-0.883821045260274,-5.04274719577641e-13,1.33864965492726e-05
19.96,-0.05933184,0.4028194,1.44803742292572e-12,5.59031174740618e-09,0.562700729687723,-0.712298205562539,-0.0817742882526114,-0.0426083050343433,0.416534726794801,-0.813895016844297,-3.57848261707275e-12,3.05341854947465e-07
19.97,-0.057566,0.4005471,9.10385014332269e-12,1.13155050733901e-10,0.583975531039814,-0.659059067290881,-0.0759345329422133,-0.0491988957072522,0.456426323671428,-0.745911032631676,-2.06388867576736e-11,6.5988260564863e-09
19.98,-0.05547572,0.3977813,4.51486301675961e-11,2.3214440741453e-12,0.603086493701682,-0.609916105962573,-0.0699036680051964,-0.0552980567668779,0.495904263579818,-0.681321715637901,-9.47964263319862e-11,1.46319675511155e-10
19.99,-0.05306257,0.3943655,1.80632248157916e-10,5.47463712170982e-14,0.620070942795867,-0.565980355746985,-0.0637029585772378,-0.0609578603243477,0.53507813108464,-0.621866051317908,-3.53977421913836e-10,3.7861812253332e-12
20,-0.05032985,0.3902628,5.93703580813141e-10,1.59917373563462e-15,0.634962371177785,-0.527370848867088,-0.0573533348654599,-0.0662315688130186,0.5740538068353,-0.568317086162693,-1.09278682726916e-09,1.22639277223839e-13
