time (s),angle_right (deg),angle_left (deg),angle_right (rad),angle_left (rad),filtered_angle_right (rad),filtered_angle_left (rad),filtered_velocity_right (rad/s),filtered_velocity_left (rad/s),gait_phase_right (rad),gait_phase_left (rad),amplitude_right,amplitude_left,motor_command_right (rad/s),motor_command_left (rad/s)
0.0,30.05062056,19.52145784,0.5244822710395022,0.3407137140972604,0.5244822710395022,0.3407137140972604,0.0,0.0,0.0,0.0,6.301645633373475e-14,-2.706413143288472e-23,0.0,-0.0
0.01,28.54842036,21.19053782,0.4982639315253849,0.3698446552273814,0.043826188806043,0.0325307144735105,0.0,0.0,0.0,0.0,7.935944557321408e-68,-2.676661470142429e-74,0.0,-0.0
0.02,27.46989096,23.39665859,0.4794400424158259,0.408348726360514,0.0817923254444142,0.0653274170533911,3.796613663837205,3.279670257988128,0.0,0.0,6.5,-6.5,0.0,-0.0
0.03,25.09862872,24.68305918,0.43805370889961,0.4308006521556117,0.1121293711682535,0.0966953840181726,3.033704572383856,3.136796696478078,0.0,0.0,6.5,-6.5,0.0,-0.0
0.04,23.88157018,26.77701479,0.4168120301870949,0.4673470719407179,0.1370402185842058,0.1277515195024903,2.4910847415952837,3.10561354843184,0.0,0.0,6.5,-6.5,0.0,-0.0
0.05,22.66399055,28.83119996,0.3955612567383805,0.5031993666028575,0.1568036192640742,0.1582156136322114,1.9763400679867968,3.0464094129720416,0.0,0.0,6.499999999999991,-6.5,0.0,-0.0
0.06,21.48601579,30.88220254,0.3750017186709905,0.5389961145907559,0.1717757127979851,0.1878924684650373,1.4972093533911257,2.967685483282647,0.0,0.0,6.499999991931318,-6.5,0.0,-0.0
0.07,20.27897162,32.79394698,0.3539348236874883,0.5723623495254511,0.182213427169145,0.2164008914145108,1.043771437115957,2.8508422949472902,0.0,0.0,6.158594807276652,-6.5,0.0,-0.0
0.08,19.08843567,34.62853366,0.3331560514966297,0.6043819275046827,0.1884566073316583,0.2434973193806053,0.6243180162513456,2.709642796609501,0.0,0.0,3.388550769503982e-09,-6.5,0.0,-0.0
0.09,17.95702729,36.42470605,0.3134092500809746,0.6357310496435983,0.1909135059546621,0.269029787841434,0.2456898623003743,2.553246846082815,0.0,0.0,2.8912410620793707e-25,-6.5,0.0,-0.0
0.1,16.86403747,38.16006833,0.2943329790311944,0.6660188351445141,0.1899543417830658,0.2928372553147578,-0.0959164171596325,2.3807467473324246,0.0,0.0,1.626297057095306e-33,-6.5,0.0,-0.0
0.11,15.82022579,39.83242753,0.276115028444421,0.6952070094605324,0.1859600456322708,0.3147831984822103,-0.3994296150795081,2.194594316745299,0.0,0.0,1.0350439677939441e-17,-6.5,0.0,-0.0
0.12,14.81835159,41.48493854,0.2586290249636369,0.7240487675104894,0.1792907009727871,0.3348238796241985,-0.6669344659483557,2.004068114198774,0.0,0.0,5.951965544870112e-08,-6.499999999999997,0.0,-0.0
0.13,13.86776881,43.07455254,0.2420382256398759,0.7517927656462865,0.170309997815915,0.3528679372703851,-0.8980703156872241,1.804405764618699,0.0,0.0,0.0719786527378127,-6.499999999999612,0.0,-0.0
0.14,13.1609541,44.77644193,0.229701981748847,0.7814963390065442,0.1596631170078479,0.3691161044534628,-1.0646880808066863,1.6248167183077324,0.0,0.0,6.341649421515619,-6.499999999946747,0.0,-0.0
0.15,12.30438891,46.23123012,0.2147520989253762,0.8068871828411732,0.1473476131241861,0.3832138326198095,-1.2315503883662078,1.4097728166347046,0.0,0.0,6.499863234329492,-6.499999961852639,0.0,-0.0
0.16,11.52089191,47.62240195,0.2010774965958782,0.831167711735668,0.133716345047145,0.3951358336571682,-1.3631268077040757,1.1922001037358356,0.0,0.0,6.499999040328056,-6.499926910118806,0.0,-0.0
0.17,10.78416331,48.92934459,0.1882191568322699,0.8539781639383749,0.1190611551946392,0.4048441689096626,-1.4655189852506072,0.9708335252494632,0.0,0.0,6.499999972335963,-6.019601845839816,0.0,-0.0
0.18,10.10186812,50.14136439,0.1763108592962496,0.8751319000477381,0.103668094848507,0.4123048942671889,-1.5393060346131906,0.7460725357526171,0.0,0.0,6.499999997502354,-0.0022153499722772,0.0,-0.0
0.19,9.49849704,51.27102633,0.1657800473389355,0.8948482203352047,0.0878415250062564,0.4175236563855904,-1.5826569842250924,0.521876211840161,0.0,0.0,6.499999999354081,-1.1556999702714404e-08,0.0,-0.0
0.2,8.95683903,52.30397668,0.1563263316446351,0.9128766049523326,0.0718361391016969,0.4205008996377625,-1.6005385904559124,0.2977243252171955,0.0,0.0,6.499999999621769,-2.5877512524260564e-14,0.0,-0.0
0.21,8.47736127,53.2354787,0.147957866042548,0.9291343821903106,0.055886465939263,0.4212470876529225,-1.5949673162434266,0.0746188015160092,0.0,0.0,6.4999999995408,-2.3724855389209284e-18,0.0,-0.0
0.22,8.05889071,54.07172978,0.1406541769478835,0.9437297169096692,0.0402042882836519,0.4197985199983196,-1.5682177655610687,-0.1448567654602961,0.0,0.0,6.499999998914921,-1.5359331368846827e-17,0.0,-0.0
0.23,7.77188857,54.81119204,0.1356450446446138,0.9566357680409076,0.0250888815604081,0.4162029340364649,-1.5115406723244118,-0.3595585961854685,0.0,0.0,6.499999993098704,-6.781232492915902e-13,0.0,-0.0
0.24,7.44340786,55.42236471,0.1299119747258251,0.9673027434306122,0.0105435345027388,0.4104722270450725,-1.4545347057669038,-0.573070699139231,0.0,0.0,6.499999952560678,-1.6579945581559458e-07,0.0,-0.0
0.25,7.16835577,55.93749909,0.1251114101408333,0.976293534451832,-0.0032875139907577,0.4026832451121431,-1.3831048493496827,-0.7788981932929595,0.0,0.0,6.499999411025115,-0.0090813754579289,0.0,-0.0
0.26,6.91475208,56.34819735,0.1206851907551263,0.9834615713210436,-0.016327259454913,0.3929091906277084,-1.303974546415506,-0.977405448443441,0.0,0.0,6.499988837670622,-6.051528549120784,0.0,-0.0
0.27,6.66204571,56.65797731,0.1162746325578633,0.98886825157974,-0.0285430830309963,0.3812376525949265,-1.221582357608355,-1.1671538032782174,0.0,0.0,6.499711044843526,-6.499773109701033,0.0,-0.0
0.28,6.4152644,56.84725696,0.1119674861659785,0.9921718046792624,-0.0399038645203594,0.3677332927903009,-1.1360781489362817,-1.35043598046253,0.0,0.0,6.489324148233501,-6.499999674479499,0.0,-0.0
0.29,6.14692096,56.90056202,0.1072840096118506,0.9931021534842356,-0.0504299541256648,0.3524456830016768,-1.0526089605305622,-1.5287609788624417,0.0,0.0,6.05926810259946,-6.499999998919374,0.0,-0.0
0.3,5.87069908,56.85563925,0.1024630283398019,0.9923181032386196,-0.0601253397053302,0.3354917845901897,-0.9695385579665168,-1.6953898411486754,0.0,0.0,1.234218588859685,-6.4999999999914415,0.0,-0.0
0.31,5.58290487,56.69636316,0.097440071807126,0.9895382110484164,-0.0690056986100006,0.3169666190889195,-0.8880358904670589,-1.8525165501270544,0.0,0.0,0.0198824910684907,-6.499999999999871,0.0,-0.0
0.32,5.2788561,56.43028827,0.092133419683987,0.9848943281610348,-0.0770987556856935,0.296980746069614,-0.809305707569271,-1.9985873019305027,0.0,0.0,0.0002073103475929,-6.4999999999999964,0.0,-0.0
0.33,4.95093043,56.05226781,0.0864100370406786,0.9782966264941312,-0.0844475067635425,0.2756386104333675,-0.734875107784919,-2.1342135636246997,0.0,0.0,1.8451252507662773e-06,-6.5,0.0,-0.0
0.34,4.60394261,55.57486642,0.0803539571173612,0.9699644003850338,-0.0910894684195338,0.2530654048149986,-0.6641961655991082,-2.257320561836837,0.0,0.0,1.3490892466492411e-08,-6.5,0.0,-0.0
0.35000000000000003,4.23395265,55.00423483,0.073896414116039,0.9600050003236436,-0.0970702821533568,0.2293944708057079,-0.5980813733823132,-2.3670934009291216,0.0,0.0,8.574955008348695e-11,-6.5,0.0,-0.0
0.36,3.84694639,54.36396584,0.0671418806532098,0.9488301983497248,-0.1024274276294043,0.2047922574084534,-0.5357145476047614,-2.4602213397255017,0.0,0.0,4.460779548564398e-13,-6.5,0.0,-0.0
0.37,3.43099441,53.63334445,0.0598821490720202,0.9360784495087272,-0.1072180982234748,0.1793863258829192,-0.4790670594070457,-2.540593152553358,0.0,0.0,2.3087825449944306e-15,-6.5,0.0,-0.0
0.38,3.00300333,52.86612602,0.0524122955568538,0.9226879618232456,-0.1114728339397668,0.1533817471812534,-0.4254735716292056,-2.600457870166639,0.0,0.0,9.491908865162495e-18,-6.5,0.0,-0.0
0.39,2.55930837,52.05307486,0.0446683576303492,0.9084975420940864,-0.1152291469569287,0.1269563230307159,-0.3756313017161766,-2.6425424150536894,0.0,0.0,3.3686224666658445e-20,-6.5,0.0,-0.0
0.4,2.12128972,51.22987753,0.0370234900027086,0.8941300382919601,-0.11849225091363,0.100330336348956,-0.3263103956701416,-2.6625986681760416,0.0,0.0,6.907028375099584e-23,-6.5,0.0,-0.0
0.41000000000000003,1.66954889,50.38377433,0.0291391251535166,0.8793627516403001,-0.1213003265928424,0.0736870093508562,-0.2808075679212295,-2.664332699809917,0.0,0.0,1.2329386447964367e-25,-6.5,0.0,-0.0
0.42,1.2231093,49.53154029,0.021347284396763,0.864488461644727,-0.1236624763094613,0.0472195223789837,-0.2362149716618989,-2.6467486971873115,0.0,0.0,1.2826676134855622e-28,-6.5,0.0,-0.0
0.43,0.82854501,48.70707967,0.0144608384254693,0.8500989092726932,-0.125519029945922,0.0211548340566429,-0.1856553636460671,-2.606468832234013,0.0,0.0,2.1650446859146843e-32,-6.5,0.0,-0.0
0.44,0.45325914,47.87487692,0.0079108643577579,0.8355742312410419,-0.1268693025184785,-0.0043571862015902,-0.1350272572556461,-2.551202025823378,0.0,0.0,1.6002316824453918e-36,-6.5,0.0,-0.0
0.45,0.13198911,47.04090618,0.0023036445462769,0.8210186959627483,-0.127663313278913,-0.0291747000665384,-0.0794010760434486,-2.4817513864947607,0.0,0.0,4.643040327128607e-41,-6.5,0.0,-0.0
0.46,-0.10289412,46.21837001,-0.0017958411749421,0.8066627315795045,-0.1278101477817335,-0.0531532410646158,-0.014683450282055,-2.397854099807789,0.0,0.0,1.9210734997958984e-44,-6.5,0.0,-0.0
0.47000000000000003,-0.24500879,45.38589359,-0.0042762100818273,0.7921332771052894,-0.1272220670906624,-0.0761999063008853,0.0588080691071122,-2.304666523626905,0.0,0.0,1.3917938388792521e-42,-6.5,0.0,-0.0
0.48,-0.27141141,44.53816536,-0.0047370227319802,0.7773376283296856,-0.1257895720678569,-0.0982449850803286,0.1432495022805488,-2.204507877944371,0.0,0.0,6.661362452810959e-36,-6.5,0.0,-0.0
0.49,-0.17370013,43.65414161,-0.0030316391796421,0.7619085032263584,-0.1234064451833701,-0.1192644871079852,0.2383126884486775,-2.1019502027656123,0.0,0.0,1.7764626562115475e-28,-6.5,0.0,-0.0
0.5,0.10820096,42.76360763,0.0018884630058186,0.7463657531744691,-0.1198912150885004,-0.1391986497898718,0.3515230094869723,-1.9934162681886975,0.0,0.0,2.020004166654319e-21,-6.499999999999995,0.0,-0.0
0.51,0.48268564,41.78351388,0.008424453670096,0.7292598902587509,-0.1152273630403882,-0.1581278883150154,0.4663852048112152,-1.8929238525143173,0.0,0.0,7.824486680535284e-16,-6.4999999999999245,0.0,-0.0
0.52,1.05932019,40.78194153,0.0184886251483519,0.7117791550543138,-0.1092410737601343,-0.1760290169717376,0.5986289280254009,-1.7901128656722658,0.0,0.0,1.0628426652315599e-10,-6.49999999999884,0.0,-0.0
0.53,1.80513465,39.732624,0.0315055430843354,0.6934651092569195,-0.1018345771573104,-0.192928611688519,0.7406496602823688,-1.6899594716780928,0.0,0.0,3.1397235007226147e-06,-6.499999999981011,0.0,-0.0
0.54,2.71573593,38.63409651,0.0473985335932102,0.6742921876327503,-0.092936501649001,-0.2088605514786849,0.8898075508309659,-1.5931939790166278,0.0,0.0,0.0247662447483178,-6.499999999673058,0.0,-0.0
0.55,3.78256886,37.48927618,0.0660182807904084,0.6543113035304823,-0.0825064757312812,-0.223858419204536,1.0430025917719503,-1.4997867725850809,0.0,0.0,5.886443385965695,-6.499999994081581,0.0,-0.0
0.56,4.99174833,36.29824114,0.0871224437894284,0.63352382057586,-0.0705408445079197,-0.2379595966202825,1.1965631223361826,-1.4101177415746786,0.0,0.0,6.499244188590041,-6.4999998890112645,0.0,-0.0
0.5700000000000001,6.33437302,35.07347768,0.1105556652484966,0.6121476656407422,-0.0570617566433593,-0.2511857021054174,1.3479087864560044,-1.3226105485134587,0.0,0.0,6.499997956156557,-6.499997726974643,0.0,-0.0
0.58,7.79210529,33.81974872,0.1359978929725676,0.5902659673611378,-0.0421289178579312,-0.2635555939109453,1.4932838785428406,-1.2369891805528153,0.0,0.0,6.49999998749291,-6.499948405983339,0.0,-0.0
0.59,9.34915603,32.54627402,0.1631735550061817,0.5680396409052908,-0.0258311632758683,-0.2750786674925404,1.6297754582062542,-1.1523073581594778,0.0,0.0,6.499999999840119,-6.498642740383488,0.0,-0.0
0.6,10.98561589,31.26091777,0.1917351676399072,0.5456059422817034,-0.0082865098415757,-0.2857576843372027,1.754465343429298,-1.0679016844662554,0.0,0.0,6.499999999995969,-6.457083790094585,0.0,-0.0
0.61,12.68941053,29.98521646,0.2214719938857386,0.5233407541501985,0.0103860483651655,-0.2955684846160244,1.867255820674163,-0.9810800278821904,0.0,0.0,6.499999999999821,-5.014826286373107,0.0,-0.0
0.62,14.42104343,28.67833643,0.2516946894265964,0.5005313946981363,0.0299863084287273,-0.3045576561831324,1.9600260063561408,-0.8989171567107782,0.0,0.0,6.499999999999984,-0.4445735408487598,0.0,-0.0
0.63,16.18554146,27.40079548,0.2824909896950501,0.4782340987915801,0.0503064175143767,-0.31268142177993,2.0320109085649825,-0.812376559679779,0.0,0.0,6.499999999999997,-0.0063137396974181,0.0,-0.0
0.64,17.96967578,26.15454547,0.3136300078768801,0.4564829328140677,0.0711465718068696,-0.3199032157760285,2.08401542924924,-0.7221793996098347,0.0,0.0,6.499999999999998,-4.90294168573656e-05,0.0,-0.0
0.65,19.72521524,24.88633193,0.3442699516025635,0.434348430922695,0.0922500931004341,-0.3262774892432721,2.110352129356498,-0.6374273467243754,0.0,0.0,6.499999999999999,-3.639081003446362e-07,0.0,-0.0
0.66,21.51143422,23.68679646,0.3754453539651782,0.4134125874767373,0.1134729199921371,-0.3317219844793115,2.12228268917025,-0.5444495236039223,0.0,0.0,6.5,-1.0926618797226423e-09,0.0,-0.0
0.67,23.27770893,22.50431558,0.4062726631493862,0.3927744027788574,0.134605098443085,-0.3362471907628186,2.113217845094832,-0.4525206283507207,0.0,0.0,6.5,-2.333607616128108e-12,0.0,-0.0
0.68,25.01627745,21.3254537,0.4366164080949111,0.3721993815466071,0.1554439102509791,-0.3398899341733206,2.083881180789359,-0.3642743410501941,0.0,0.0,6.499999999999998,-4.829195159308254e-15,0.0,-0.0
0.6900000000000001,26.75917688,20.22316545,0.4670357416795435,0.3529608222780607,0.1758559103599647,-0.3425791758213822,2.041200010898613,-0.268924164806167,0.0,0.0,6.499999999999998,-5.8008527539006106e-18,0.0,-0.0
0.7000000000000001,28.47856806,19.13968138,0.4970447789002941,0.3340504578636519,0.1956797564291874,-0.3443451747928271,1.9823846069222149,-0.1765998971444819,0.0,0.0,6.499999999999993,-1.5772137781545252e-20,0.0,-0.0
0.71,30.18746556,18.09693968,0.5268706668543939,0.3158511819508089,0.2147927138229521,-0.3451889669607988,1.911295739376513,-0.084379216797172,0.0,0.0,6.499999999999959,-2.2175399019361293e-22,0.0,-0.0
0.72,31.8745015,17.09563358,0.5563149986068714,0.2983750936855054,0.233070715248952,-0.34511728753972,1.8278001425999493,0.0071679421078772,0.0,0.0,6.499999999999652,-5.199141873241069e-23,0.0,-0.0
0.73,33.52877015,16.15197487,0.585187433261893,0.2819051421808831,0.2503901571994202,-0.3441184006447665,1.7319441950468593,0.0998886894953498,0.0,0.0,6.499999999995412,-3.3622893506399767e-22,0.0,-0.0
0.74,35.15005867,15.24803621,0.613484256060679,0.2661284363278175,0.2666452581882154,-0.3422158004807631,1.6255100988794748,0.190260016400341,0.0,0.0,6.499999999905564,-2.8327799254128725e-20,0.0,-0.0
0.75,36.72814931,14.3923791,0.6410271336235835,0.2511944024902182,0.2817319412199435,-0.3394246258770052,1.5086683031728487,0.2791174603757944,0.0,0.0,6.499999996756211,-9.085507170263548e-18,0.0,-0.0
0.76,38.25557868,13.58497432,0.6676858052217461,0.2371025306828777,0.2955527357514979,-0.3357653656936489,1.382079453155406,0.3659260183356188,0.0,0.0,6.499999800119405,-4.116341040359503e-15,0.0,-0.0
0.77,39.72584575,12.830498,0.6933468064768961,0.2239344347705474,0.3080184428304854,-0.3312560831495709,1.2465707078987798,0.4509282544078104,0.0,0.0,6.499975810839299,-1.5989747193963561e-12,0.0,-0.0
0.78,41.12544638,12.12483708,0.7177744456833831,0.2116183283138951,0.3190373554233369,-0.3259258783386558,1.1018912592851229,0.533020481091505,0.0,0.0,6.493216061573363,-3.971443574276525e-10,0.0,-0.0
0.79,42.4437227,11.46105636,0.7407827079184575,0.2000331692386365,0.3285205822771704,-0.319818004052205,0.9483226853833662,0.6107874286450895,0.0,0.0,3.5423411705699523,-5.471834087197879e-08,0.0,-0.0
0.8,43.68327252,10.8562801,0.7624169335199605,0.1894778322637392,0.3364028642739853,-0.3129516983971646,0.7882281996814717,0.6866305655040214,0.0,0.0,0.0028978762093883,-4.99292790268058e-06,0.0,-0.0
0.81,44.82981536,10.29389356,0.782427881093127,0.1796623354718404,0.3426150934032136,-0.3053754856477935,0.621222912922844,0.7576212749371253,0.0,0.0,2.283765610085323e-07,-0.0002630363063011,0.0,-0.0
0.8200000000000001,45.8867228,9.78641929,0.8008743958099515,0.1708052385911857,0.3471123120197111,-0.2971199254959248,0.4497218616497441,0.8255560151868544,0.0,0.0,3.420759511518121e-12,-0.0093768772517811,0.0,-0.0
0.8300000000000001,46.84932691,9.33180164,0.8176750069226811,0.1628706637610066,0.3498596039396501,-0.2882211417845778,0.2747291919939001,0.8898783711347192,0.0,0.0,1.6704908668486534e-17,-0.2225489489861959,0.0,-0.0
0.84,47.7175392,8.92361011,0.832828169989461,0.1557463775837533,0.3508385271559298,-0.2787267274023964,0.0978923216279658,0.9494414382181184,0.0,0.0,7.625686553791319e-22,-2.4124061419060725,0.0,-0.0
0.85,48.49121158,8.55932072,0.8463313003522017,0.1493883282981716,0.3500457287097045,-0.2686884488932965,-0.0792798446225279,1.0038278509100098,0.0,0.0,3.6497965952782666e-22,-5.6695330489979705,0.0,-0.0
0.86,49.18577236,8.26662227,0.8584536728184217,0.1442797766301876,0.3475155594960059,-0.2581155489963382,-0.2530169213698639,1.057289989695848,-2.8429012137848577,0.0,3.0168885954646872e-18,-6.407015684620462,2.9428675629403395e-20,-0.0
0.87,49.77745658,8.00242889,0.8687805105895161,0.1396687322872151,0.3432563515842927,-0.2470860514675818,-0.4259207911713094,1.1029497528756145,-2.741361544353045,0.0,5.166145179879988e-13,-6.4857924837838805,5.146716390691212e-15,-0.0
0.88,50.29092711,7.78316232,0.8777422619499765,0.1358418087011605,0.3373269752033928,-0.2356496695552296,-0.5929376380900091,1.143638191235246,-2.644353257636752,0.0,3.2191805403732526e-08,-6.4972020951996745,3.620479865241893e-10,-0.0
0.89,50.72615029,7.62438551,0.8853383394219764,0.133070630590847,0.3297940433086241,-0.223831224610765,-0.7532931894768494,1.1818444944464328,-2.551794243503915,0.0,0.0003672862338338,-6.499365791526467,4.99726412707483e-06,-0.0
0.9,51.08701832,7.49985684,0.8916366747106621,0.1308971952862175,0.3207367478654671,-0.2116962299121346,-0.905729544315717,1.21349946986307,-2.463718250111895,0.0,0.7767009440223095,-6.4998070586765255,0.0122733645165006,-0.0
0.91,51.35368008,7.41450939,0.896290800411825,0.1294076012755363,0.3102087330382914,-0.1992994514061797,-1.052801482717545,1.2396778505954629,-2.3784652433812146,0.0,6.438688506595514,-6.499925798730807,0.112650487255173,-0.0
0.92,51.54590026,7.35599796,0.8996456754416012,0.1283863841719861,0.2983007069017078,-0.1867117298473665,-1.1908026136583902,1.2587721558813398,-2.297091277964963,0.0,6.499770855891823,-6.499962045095582,0.122382118755659,-0.0
0.93,51.65737159,7.3175067,0.9015912171716782,0.1277145849517449,0.2850964988710164,-0.1740096536525877,-1.320420803069103,1.2702076194778518,-2.218780168815924,0.0,6.49999808316685,-6.499973860149222,0.1296110821609612,-0.0
0.9400000000000001,51.67330244,7.28342399,0.9018692629568196,0.1271197294442425,0.2706600245146425,-0.1612878741561913,-1.4436474356374216,1.2721779496396683,-2.14249340427506,0.0,6.499999970840943,-6.499974154114997,0.1359394424063205,-0.0
0.9500000000000001,51.59753005,7.23414268,0.9005467852692145,0.1262596083250465,0.2550651242288616,-0.1486629048862465,-1.5594900285780615,1.262496926994454,-2.068283290622117,0.0,6.499999999246373,-6.499960016345567,0.1415811776746006,-0.0
0.96,51.41988031,7.15555183,0.8974462123909026,0.1248879392306055,0.2383726536962191,-0.1362619776654588,-1.66924705326428,1.240092722078791,-1.995629233650407,0.0,6.499999999970644,-6.499897695461351,0.146645436974963,-0.0
0.97,51.10984988,7.00782118,0.8920351606060287,0.1223095529819942,0.2206000206679329,-0.1242602593296541,-1.7772633028285751,1.2001718335804392,-1.9236309793655315,0.0,6.499999999998557,-6.499456826460055,0.1511660250061511,-0.0
0.98,50.72322602,6.82047052,0.8852873012822591,0.1190396671092097,0.2018571424480215,-0.1127698301732588,-1.874287821991184,1.1490429156395638,-1.854020573649022,0.0,6.499999999999889,-6.495083055506283,0.1549716750781879,-0.0
0.99,50.20111759,6.53461455,0.8761747901263408,0.1140505392462276,0.1821617248699641,-0.1019787784420091,-1.9695417578056944,1.0791051731249433,-1.785308223838705,0.0,6.49999999999999,-6.386360368339475,0.1580735092422562,-0.0
1.0,49.6089015,6.19892299,0.8658386694725537,0.1081916162530715,0.1616376720298307,-0.0919794910678096,-2.0524052840133806,0.99992873741997,-1.7187839921996264,0.0,6.499999999999998,-3.5853118585082373,0.1603550003540618,-0.0
1.01,48.89511545,5.74757577,0.8533807527452488,0.1003141211943483,0.140325783320725,-0.0829504094485696,-2.13118887091052,0.9029081619239736,-1.653578556968695,0.0,6.5,-0.0482072665117841,0.1618210546323187,-0.0
1.02,48.10862943,5.24303038,0.8396539821753429,0.0915081429130894,0.1183444665103242,-0.07495199055837,-2.198131681040133,0.7998418890199814,-1.5901421368787474,0.0,6.5,-0.000114297935145,0.1624627346925641,-0.0
1.03,47.25216677,4.68627487,0.8247058888379541,0.0817909261349692,0.0958113103563209,-0.0680300074073695,-2.253315615400273,0.6921983151000378,-1.5282455325413682,0.0,6.5,-8.488092993453842e-08,0.1623199206914408,-0.0
1.04,46.33954685,4.10660632,0.8087776664146669,0.0716738013672078,0.0728592479286069,-0.0621734077156326,-2.295206242771446,0.5856599691736963,-1.4676838509258272,0.0,6.5,-2.074277666249036e-11,0.1614496750272664,-0.0
1.05,45.38107378,3.53919645,0.7920491555514688,0.0617706309273948,0.0496287995610638,-0.0573104281522585,-2.32304483675426,0.4862979563374037,-1.4082113477867615,0.0,6.5,-2.031388219749642e-15,0.1599198141384338,-0.0
1.06,44.39048491,3.02882448,0.7747601182363587,0.0528629596410051,0.0262715778209072,-0.0532998580006189,-2.335722174015713,0.4010570151639694,-1.3495444939127723,0.0,6.5,-1.4564922142343773e-19,0.1578011376694542,-0.0
1.07,43.3761941,2.62103887,0.7570574040291385,0.0457457581042516,0.0029399910767046,-0.0499370571755699,-2.333158674420205,0.3362800825048853,-1.2914379198225692,0.0,6.5,-2.425454139483905e-23,0.1551645067478033,-0.0
1.08,42.3428735,2.3594976,0.7390225573304552,0.0411810018129041,-0.0202197300042421,-0.0469639895266913,-2.315972108094729,0.2973067648878739,-1.2337244317359302,0.0,6.5,-5.504910211813919e-26,0.152080352058287,-0.0
1.09,41.28764047,2.27909659,0.7206052665811591,0.0397777394664752,-0.0430796778053168,-0.0440892358930514,-2.2859947801074165,0.2874753633639783,-1.1764169383824508,0.0,6.5,-9.893923119385175e-27,0.1486229804089668,-0.0
1.1,40.20939438,2.41529405,0.701786322163904,0.0421548335763285,-0.065526912253119,-0.0409923345544846,-2.24472344478027,0.3096901338566837,-1.119573107259353,0.0,6.5,-3.530716037643886e-25,0.1448602747030977,-0.0
1.11,39.12256256,2.81065531,0.6828175284894616,0.0490551892981619,-0.0874392566543842,-0.0373180135473748,-2.191234440126561,0.3674321007109899,-1.062942367438938,0.0,6.5,-1.5247254284776669e-21,0.1408212077282016,-0.0
1.12,37.95452226,3.40789609,0.6624313794584793,0.059479007336341,-0.1088202117343977,-0.0328336880793512,-2.1380955080013067,0.4484325468023465,-1.0085044619059418,0.0,6.5,-2.8564090389847644e-17,0.136680797274,-0.0
1.1300000000000001,36.75365291,4.26086057,0.6414722554146951,0.0743660459149023,-0.1296027695040771,-0.0272516859209964,-2.078255776967977,0.5582002158355,-0.9551236315157494,0.0,6.499999999999999,-1.5075113529716317e-12,0.1323639465693938,-0.0
1.1400000000000001,35.49927872,5.36280025,0.6195792957471582,0.093598521489275,-0.1497617449489095,-0.0203283193772586,-2.0158975444831952,0.69233665437376,-0.9035791764810588,0.0,6.4999999999999964,-6.888678786282329e-08,0.1279151686312252,-0.0
1.1500000000000001,34.19314005,6.67837963,0.5967828754680384,0.1165597132416206,-0.1692760013088028,-0.0119053193425315,-1.9514256359893731,0.8423000034727248,-0.853966032162181,0.0,6.499999999999983,-0.001225576532089,0.1233085376694518,-0.0
1.16,32.84347638,8.19330808,0.5732268006319883,0.1430002026262549,-0.1881183136158866,-0.0018716182385977,-1.8842312307083369,1.0033701103933583,-0.8061338478597275,0.0,6.499999999999911,-3.5228586280807663,0.1184799836245066,-0.0
1.17,31.41697433,9.84306092,0.5483296430730396,0.1717938215283821,-0.2063196284046391,0.0097636428343459,-1.820131478875284,1.163526107294395,-0.7613484310478014,0.0,6.499999999999533,-6.496664819582261,0.1135164873284125,-0.0
1.18,29.9643551,11.62711416,0.5229766547317547,0.2029314245972547,-0.2238352481738948,0.022978845185606,-1.7515619769255375,1.3215202351259785,-0.7178073766668062,0.0,6.499999999997077,-6.499994299146434,0.1081714981809723,-0.0
1.19,28.4940659,13.51275815,0.4973152672352413,0.2358421207431978,-0.2406164433100553,0.0376922614382685,-1.678119513616083,1.4713416252662863,-0.6753120312222134,0.0,6.499999999977571,-6.499999973690395,0.10234135455723,-0.0
1.2,26.99861572,15.44029355,0.4712147377946994,0.2694839599219437,-0.2566355367144715,0.0537269183579674,-1.6019093404415754,1.6034656919698476,-0.6342679233992092,0.0,6.49999999979776,-6.499999999647023,0.0960093477004863,-0.0
1.21,25.5127577,17.39810671,0.4452816231285357,0.3036542457028183,-0.2718197201025578,0.0708932114457143,-1.5184183388086685,1.7166293087747306,-0.5934294393375985,0.0,6.499999997483129,-6.499999999988503,0.0890718497044797,-0.0
1.22,24.02747865,19.33136229,0.4193586133951422,0.3373959208563709,-0.2861224528800912,0.088925792696944,-1.430273277753308,1.8032581251229307,-0.5533380409003277,0.0,6.499999958701842,-6.499999999999036,0.0820865297185428,-0.0
1.23,22.61039883,21.28754377,0.3946259047725736,0.3715377284489065,-0.2994044586769614,0.1076474805107216,-1.3282005796870506,1.8721687813777967,-0.5114419316971529,0.0,6.499998707064934,-6.499999999999856,0.0752110521422597,-0.0
1.24,21.23668691,23.20591619,0.3706501087946807,0.405019643457358,-0.3115841732654031,0.1267986117370717,-1.217971458844141,1.9151131226349665,-0.4690955706564275,0.0,6.499930373091689,-6.499999999999955,0.069434940955877,-0.0
1.25,19.91975098,25.06792986,0.3476652407783671,0.4375179127160011,-0.322574909516689,0.1461102043935623,-1.0990736251286062,1.9311592656491008,-0.4259806501434887,0.0,6.492689707853735,-6.499999999999972,0.0655631202007668,-0.0
1.26,18.72689464,27.0124044,0.3268459701420782,0.4714553956602034,-0.3322036968845304,0.1655457458440975,-0.9628787367841174,1.9435541450534743,-0.3795025525971993,0.0,4.648069036899026,-6.49999999999998,0.0462876827135421,-0.0
1.27,17.58692851,28.88582371,0.3069498078123605,0.5041527308901437,-0.3404316660941557,0.1848373888546528,-0.8227969209625494,1.9291643010555717,-0.3331524605454498,0.0,0.019584195766593,-6.499999999999972,0.0001958139871992,-0.0
1.28,16.53167971,30.76380856,0.2885322418246413,0.5369297498252156,-0.3471853061901331,0.2038560197986246,-0.6753640095977242,1.901863094397136,-0.2857122816168288,0.0,6.851711265933429e-06,-6.499999999999947,6.532185237740577e-08,-0.0
1.29,15.56200238,32.64434322,0.2716081797341937,0.5697512713400877,-0.3524073700796605,0.2224823209637226,-0.5222063889527506,1.862630116509837,-0.2373931112899935,0.0,6.02115838168591e-10,-6.499999999999858,4.656338713073101e-12,-0.0
1.3,14.66787645,34.52907742,0.2560027383282374,0.602646088655029,-0.3560724980490958,0.2406124145317616,-0.3665127969435271,1.8130093568038568,-0.1888770803517317,0.0,1.7135065650171852e-14,-6.499999999999495,6.375183204570274e-17,-0.0
1.31,13.84122389,36.41113077,0.2415749293861974,0.6354941163107182,-0.3581816608978444,0.2581443825374818,-0.2109162848748614,1.7531968005720584,-0.1407081768652577,0.0,5.626474611300058e-19,-6.499999999997554,-4.275547770308787e-22,-0.0
1.32,13.07596305,38.27779923,0.2282186080916199,0.6680736269808503,-0.3587568053430654,0.2749700566690447,-0.0575144445220985,1.6825674131562496,-0.0932914060519655,0.0,6.736626219033283e-22,-6.499999999983091,5.862250551516719e-25,-0.0
1.33,12.36020884,40.12982011,0.215726340492109,0.700397489152533,-0.3578477084302252,0.2909968293820768,0.0909096912840209,1.6026772713032442,-0.0472658437877188,0.0,1.5026827524641017e-21,-6.499999999834635,1.1689483593038892e-23,-0.0
1.34,11.68610737,41.93540868,0.2039610503480752,0.7319109546354092,-0.3555230098890478,0.3060976441261344,0.2324698541177396,1.5100814744057265,-0.0030206395131743,0.0,1.6640418203287162e-18,-6.499999997334958,2.346142343684253e-21,-0.0
1.35,11.06730965,43.70257248,0.1931609927302412,0.7627537813674637,-0.3518352332414964,0.3201754249776456,0.3687776647551456,1.407778085151148,0.0401391950455551,0.0,1.5075267553570835e-14,-6.499999931033262,-4.747828018821576e-16,-0.0
1.36,10.48844816,45.40180435,0.183057953816741,0.792410972253784,-0.3468660703769877,0.3331042611347866,0.496916286450882,1.2928836157141297,0.0814719719719001,0.0,8.644064676035595e-11,-6.499996555429193,-6.7629767932645135e-12,-0.0
1.37,9.95684724,47.02304967,0.17377976745611,0.820707041070333,-0.3406885940577441,0.3447624479491424,0.6177476319243723,1.1658186814356013,0.1214124743984732,0.0,1.7245933345808517e-07,-6.499627548976597,-2.123147463411032e-08,-0.0
1.3800000000000001,9.48147776,48.56427521,0.1654830048666167,0.8476065012591606,-0.3333649537362119,0.3550452547950324,0.732364032153166,1.0282806845889363,0.1604685527198257,0.0,0.0001240850406187,-6.404927005741779,-2.0079537126882772e-05,-0.0
1.3900000000000001,9.05456506,50.00008603,0.1580319726330379,0.8726661275039203,-0.3249724051750894,0.3638287934092394,0.8392548561122716,0.878353861420713,0.1982992075081612,0.0,0.0332825488682165,-0.481114277762776,-0.0065616880861092,-0.0
1.4000000000000001,8.7236195,51.36840829,0.1522558829661814,0.8965478561692501,-0.3155171065580696,0.3710688023072893,0.9455298617020028,0.7240008898050031,0.2373802203411781,0.0,2.988819706381643,-0.0002148847829718,-0.6991830855788174,-0.0
1.41,8.44641229,52.61851597,0.1474177044414141,0.9183663511897178,-0.3050771524880101,0.3766594545813648,1.043995407005971,0.5590652274075633,0.2755300943090497,0.0,6.4040924192473545,-1.776229886357725e-08,-1.7317357681558452,-0.0
1.42,8.23273975,53.75523861,0.1436884150973148,0.93820590393968,-0.2937163626715275,0.380523905994315,1.1360789816481764,0.3864451412950015,0.3133489867539213,0.0,6.497812972164601,-3.3628109150973745e-13,-1.9934708133078856,-0.0
1.43,8.12523434,54.81485031,0.1418120917291084,0.9566996168973344,-0.2814349998229081,0.3826601066228514,1.2281362848619677,0.2136200628536412,0.3531148287482119,0.0,6.499937641019047,-7.924389938503725e-18,-2.2420071559456294,-0.0
1.44,8.04925767,55.73513784,0.1404860486829071,0.9727616643608804,-0.2683541400438325,0.3829848039131996,1.3080859779075915,0.0324697290348237,0.3909532330347327,0.0,6.4999965841157,-1.12137682821486e-20,-2.475125552556656,-0.0
1.45,8.07649092,56.5746917,0.1409613585614259,0.987414643465708,-0.2544811181588591,0.3815246529542719,1.3873021884973653,-0.1460150958927739,0.4307980483399037,2.854778604539028,6.499999778672622,-2.36110994452556e-19,-2.7156502309185435,6.640800950533063e-20
1.46,8.08439158,57.2583597,0.1410992510915065,0.9993469010562326,-0.240015541734749,0.3782034501361707,1.4465576424109168,-0.3321202818101052,0.4662549329270105,2.947521867761215,6.499999968285147,-8.046031141985897e-15,-2.9246392862481496,1.5546488722575567e-15
1.47,8.13180422,57.81875584,0.1419267577665693,1.0091276588146998,-0.2250544367018531,0.3730152684158994,1.4961105032896174,-0.5188181720271412,0.5007419826663615,3.0454003373845437,6.499999993365826,-1.2238697296496756e-09,-3.1234060798291976,1.1683173285455162e-10
1.48,8.18842426,58.25529161,0.1429149638871802,1.0167466453039284,-0.2097364081252501,0.3659680039557543,1.5318028576603353,-0.7047264460145181,0.5328033052679627,-3.1354681555599058,6.499999997755569,-6.401402988906837e-05,-3.3042653553403,-1.7276658438757e-07
1.49,8.16056304,58.52820307,0.1424286938645577,1.0215098488473533,-0.1943336045709301,0.3570226911470664,1.5402803554320272,-0.8945312808688124,0.5574965429428391,-3.0262403389887145,6.499999998174192,-0.8624099692537001,-3.4410059707669216,0.0009343546986464
1.5,8.12451923,58.66163109,0.1417996107050944,1.02383860711077,-0.1789788320378874,0.346194874443954,1.5354772533041756,-1.082781670311166,0.5791858628720422,-2.913661056187476,6.499999997739417,-6.489324386954094,-3.559287158843129,-0.0463987726554133
1.51,8.00100415,58.64763446,0.1396438658832302,1.0235943198330866,-0.1639139469892084,0.3335010849229611,1.5064885048679244,-1.2693789520993195,0.5932894318383968,-2.798636296738671,6.499999993878735,-6.499991897057638,-3.635285735916813,-0.0650451766380926
1.52,7.79882722,58.49926827,0.1361152127831561,1.0210048413189472,-0.1493441764255029,0.3189905027524349,1.4569770563705846,-1.4510582170526507,0.5999939806968926,-2.684008097764513,6.499999966364606,-6.499999983546554,-3.671161246576285,-0.0681775959905317
1.53,7.48821789,58.19651955,0.1306940572872425,1.0157208793487489,-0.1354985676816489,0.3026916009434968,1.3845608743854254,-1.6298901808938406,0.5967837143954731,-2.5697154245290936,6.499999559627054,-6.499999999931317,-3.6540034493139486,-0.0853041782769284
1.54,7.04467526,57.73203137,0.1229527780207875,1.0076140312711528,-0.12261809593127,0.2846329574883454,1.2880471750378102,-1.805864345515024,0.5807666973959752,-2.456904803682537,6.499983466200921,-6.499999999999485,-3.567832424761291,-0.1036864180129493
1.55,6.5172022,57.14986074,0.1137466364082179,0.997453236969243,-0.1108406393204792,0.2649210206975834,1.177745661079098,-1.971193679076236,0.5536715788173605,-2.3498560891766536,6.498539512022015,-6.499999999999992,-3.419201480087662,-0.1169362346491571
1.56,5.91926307,56.46582491,0.1033106298632075,0.9855145595341308,-0.1002630559292298,0.2436897032051238,1.057758339124965,-2.1231317492460025,0.5149121231118746,-2.249488493049101,6.200768764776297,-6.5,-3.0563153677586787,-0.1268809145011698
1.57,5.21158995,55.65614623,0.0909594038913466,0.9713830006849292,-0.0910243810808792,0.2210369553269438,0.9238674848350824,-2.265274787818051,0.4592635350265083,-2.154068676201871,0.154121324117217,-6.5,-0.0683778257024522,-0.135016067695394
1.58,4.42324043,54.74041052,0.0772001091108297,0.9554003974673412,-0.0831968300621017,0.1970929181293096,0.7827551018776926,-2.394403719763263,0.3873421676063803,-2.0642021893310223,4.1321257555663015e-05,-6.5,-1.559433028696844e-05,-0.1418778518768053
1.59,3.61481872,53.76975619,0.063090488526727,0.9384592835101018,-0.0767429465178648,0.1720639701988746,0.6453883544237078,-2.502894793043553,0.3049278808992963,-1.9809310249290968,2.860304514019342e-09,-6.5,-8.543390708401268e-10,-0.1476112778308902
1.6,2.76717039,52.72636908,0.0482962342691955,0.9202487430677334,-0.0716470876172571,0.1461200109288103,0.509585890060783,-2.5943959270064845,0.2113704884184729,-1.902181839221252,2.433981959159488e-14,-6.5,-5.095893141855453e-15,-0.1524029666017443
1.61,1.91802964,51.63195967,0.0334759323688415,0.9011476954984248,-0.067826905601178,0.1194562645534227,0.3820182016079141,-2.666374637538809,0.1141450523378255,-1.8274245337431505,1.7951280218372782e-20,-6.5,-2.0717414446483978e-21,-0.1562555776512203
1.62,1.10359973,50.51854453,0.0192614489126204,0.8817149353638712,-0.0651421812582205,0.0923052139758095,0.2684724342957524,-2.7151050577613853,0.0219501228941353,-1.756064539660409,7.568464809419684e-28,-6.5,-1.1083982832362725e-29,-0.1591693947214836
1.6300000000000001,0.33570487,49.37022746,0.0058591552964795,0.8616730216355172,-0.0634381678405423,0.0648589944339854,0.1704013417678142,-2.74462195418222,-0.0601179014657159,-1.6865783185665226,6.249122585369524e-37,-6.5,3.9419807859555635e-39,-0.1611785146534136
1.6400000000000001,-0.3328722,48.23491684,-0.005809715878357,0.8418581132836589,-0.0624856736518055,0.0373681229771336,0.0952494188736766,-2.749087145685243,-0.1233474009288986,-1.6184295088299072,4.387293441833169e-47,-6.5,-5.411133282108582e-50,-0.1622744131031906
1.6500000000000001,-0.89253858,47.08514052,-0.0155777369220748,0.821790730838195,-0.0620552131208723,0.0100203154556724,0.0430460530933237,-2.7347807521461744,-0.1669058986234178,-1.5503013717251672,5.212471934422905e-56,-6.5,7.160239169824126e-59,-0.1624581775546701
1.6600000000000001,-1.31650747,45.9198313,-0.0229773899786004,0.801452248145348,-0.061892638852315,-0.0170154641425637,0.0162574268557317,-2.7035779598236784,-0.1890437674343767,-1.4814477397459545,1.3160369824009758e-59,-6.5,4.919838338426614e-62,-0.1617097603493802
1.67,-1.56888484,44.77294628,-0.0273822060426244,0.781435328404547,-0.0617094248769688,-0.0435356049130152,0.0183213975346216,-2.6520140770449743,-0.1875499067757899,-1.4109888183570276,1.7688500527406962e-59,-6.5,6.329283571775245e-62,-0.1600055348256066
1.68,-1.62623902,43.6249837,-0.0283832253234059,0.7613996016938582,-0.0612069160767226,-0.0693873713418757,0.0502508800246163,-2.5851766428861,-0.1617470199936559,-1.3383229691470844,5.585870364968863e-55,-6.5,4.828431924561327e-58,-0.1573317065847145
1.69,-1.49133957,42.45672561,-0.0260287857617764,0.741009651510298,-0.0601194318702105,-0.0944651956434584,0.1087484206512163,-2.507782430158322,-0.1136398007099993,-1.2633343611252548,3.384489052934677e-45,-6.5,-3.438980314132788e-48,-0.1537165139533206
1.7,-1.14404008,41.27351523,-0.0199672661707793,0.7203587346355247,-0.0581785373042208,-0.1186701779177508,0.1940894565989732,-2.4204982274292925,-0.0415235524626166,-1.1857745637252397,1.4034154425155981e-34,-6.5,1.1382592577669725e-36,-0.1492119096945023
1.71,-0.57278824,40.08552435,-0.0099970407047034,0.6996243822958599,-0.0551284424625245,-0.1419029431419908,0.3050094841696045,-2.323276522423844,0.055430846206552,-1.105296824782397,2.3856145842037514e-25,-6.5,-1.1430100790570143e-26,-0.1438682755548574
1.72,0.20712567,38.86718481,0.0036150249068992,0.6783603459156267,-0.0507677186963402,-0.1641185310239794,0.4360723766184372,-2.2215587881989074,0.1738688678781094,-1.0229822739451369,8.649905688401983e-18,-6.5,-1.508813399670065e-18,-0.1378067481593785
1.73,1.19521631,37.62874622,0.0208604598830372,0.6567455149363705,-0.0449235512768229,-0.1852677808321027,0.5844167419517466,-2.1149249808123725,0.3110976140204583,-0.938938878358018,1.633095224836005e-11,-6.5,-4.9748180883572876e-12,-0.1309993772868035
1.74,2.37338112,36.36536322,0.0414233149486706,0.634695321872647,-0.0374773688354928,-0.2053209092946853,0.7446182441330266,-2.0053128462583016,0.4601297569194851,-0.8540609682208589,2.735684386785002e-06,-6.4999999999999964,-1.2158536085768118e-06,-0.1233177104917528
1.75,3.71877416,35.07157491,0.0649048532300864,0.612114456039334,-0.0283682220965238,-0.2242669747177695,0.9109146738968398,-1.8946065423083,0.6124676539221552,-0.7695055800865791,0.0621088589191836,-6.499999999999939,-0.0357123398227626,-0.1144573601482256
1.76,5.21962599,33.75589918,0.0910996592481686,0.589151582662254,-0.017571364499834,-0.2420911650745269,1.0796857596690046,-1.7824190356757743,0.7616207824307802,-0.6856604596390801,6.363247631322103,-6.499999999998841,-4.390337356041893,-0.1038239492147668
1.77,6.85667652,32.42592639,0.1196715810181868,0.5659391785148189,-0.0051066798065198,-0.2587766478360221,1.2464684693314456,-1.6685482761495585,0.9021451404622362,-0.602875858781777,6.499893178387463,-6.49999999997259,-5.100011905544407,-0.0907120024882814
1.78,8.61766251,31.10394282,0.1504065846251787,0.5428662125610499,0.0089760003433215,-0.27428264447981,1.4082680149841649,-1.5505996643788154,1.0316966875031066,-0.5203232546092686,6.499999761105314,-6.499999999101713,-5.578758221886198,-0.0765982460515332
1.79,10.44609205,29.73820009,0.1823187002389041,0.519029505187374,0.0245326149050056,-0.2886587935526917,1.555661456168309,-1.437614907288079,1.147585295235425,-0.442733726453642,6.499999998361452,-6.499999968257127,-5.927468402655594,-0.0668036152663885
1.8,12.36601475,28.41049801,0.2158276727376834,0.4958567324057969,0.0414566675390816,-0.3018349449399756,1.69240526340763,-1.317615138728412,1.2534108956829275,-0.3642469996136321,6.499999999975946,-6.499998145708736,-6.176149963349183,-0.0648875951498293
1.81,14.32531129,27.07506052,0.2500238483836162,0.472548951250728,0.0595609101248825,-0.3138250272767163,1.8104242585801291,-1.1990082336741017,1.349333543198968,-0.289267765405401,6.499999999999183,-6.499857973977826,-6.341739645513341,-0.0624183529383156
1.82,16.33077998,25.77755264,0.2850258800697737,0.4499031666741565,0.0786753838825178,-0.3245813765819286,1.911447375763573,-1.0756349305212527,1.438030717210543,-0.214520886782092,6.499999999999947,-6.480848951264637,-6.442996738783679,-0.0399531267641175
1.83,18.36815077,24.52342679,0.3205847084392317,0.428014541357284,0.0986151460287337,-0.3340612560769374,1.9939762146214512,-0.947987949500814,1.521091388068921,-0.1402023780198415,6.499999999999994,-3.6631679417078873,-6.492001923910232,0.002882211695564
1.84,20.37758719,23.26494325,0.3556559900777193,0.4060498600021303,0.1191136716929284,-0.3423071594664203,2.04985256641952,-0.8245903389483065,1.5998029559544795,-0.0708268036060112,6.499999999999998,-0.0223643215207261,-6.497275856165452,-0.0001027724662626
1.85,22.44529643,22.10782649,0.3917443242896289,0.3858543627101212,0.1400540402424309,-0.3492071318907033,2.0940368549502946,-0.6899972424283121,1.6757374393864786,0.0020448110082836,6.5,-1.7029464822225438e-05,-6.464369655917672,1.7780034038724843e-08
1.86,24.4798082,20.96562409,0.4272532533467065,0.3659191701059399,0.161186599874919,-0.3547994960605078,2.1132559632488537,-0.5592364169804694,1.7500129105213336,0.0704711189026575,6.5,-7.333705147285689e-09,-6.396236523231537,4.785177708863138e-10
1.87,26.51281349,19.87729178,0.4627358893676687,0.3469241879406043,0.1823296894398509,-0.3590699899447632,2.114308956493236,-0.4270493884255413,1.8232596625640785,0.1374538477656145,6.5,-1.3882778638920844e-12,-6.2945456224817375,1.9363636690033912e-13
1.8800000000000001,28.5356872,18.85468652,0.4980416959592016,0.3290763592053917,0.2033037915075797,-0.3619974041223648,2.097410206772737,-0.2927414177601419,1.896118430430392,0.2035049795923312,6.5,-1.6269453444050682e-16,-6.159875822991178,3.2864801244547545e-17
1.8900000000000001,30.55461632,17.8796714,0.5332786564675933,0.312059135104664,0.2239552393500348,-0.3635996740939252,2.065144784245556,-0.1602269971560411,1.9687837068143308,0.2668663323297295,6.499999999999999,-5.900834491618277e-20,-5.992907322269738,1.546580829747459e-20
1.9000000000000001,32.55890483,16.97757662,0.5682600901269846,0.2963146110286102,0.2441294721758457,-0.3638646852250855,2.0174232825811336,-0.0265011131160347,2.0417081448893803,0.3292280741687549,6.499999999999997,-8.267037535279083e-22,-5.793382541539689,2.662426529203136e-22
1.9100000000000001,34.55670072,16.1402373,0.6031282061902952,0.2817002829381997,0.2637009682531204,-0.3628035882004324,1.9571496077275097,0.106109702465309,2.114680335367749,0.3896939466548341,6.499999999999989,-4.8711721839475986e-21,-5.562707243355908,1.8491216627960277e-21
1.92,36.543595,15.36975537,0.6378060532653372,0.2682528364325793,0.2825526010736538,-0.3604331986293542,1.8851632820532096,0.2370389571078108,2.187771631800689,0.4482583784011157,6.499999999999936,-3.602026385692497e-18,-5.301797498019948,1.5622580061767193e-18
1.93,38.49021177,14.67215056,0.6717809251763744,0.2560773356203298,0.3005378582648977,-0.3567694751524985,1.7985257191244326,0.3663723476855752,2.2621018610122,0.5052021986239772,6.499999999999414,-1.7793110893697927e-14,-5.007342476838673,8.619508071437682e-15
1.94,40.41521301,14.04275863,0.705378534919348,0.2450923741563481,0.317557618488733,-0.3518436266502218,1.701976022383564,0.492584850227678,2.3366512349366717,0.5601482796269678,6.499999999992171,-8.180892653199138e-11,-4.684325852601241,4.349162037554572e-11
1.95,42.28518166,13.48269857,0.7380156447709214,0.2353174821004311,0.3334776033118755,-0.3456918359337358,1.591998482314278,0.6151790716486103,2.4128798074282063,0.6131771996889449,6.499999999822362,-1.7478981049921305e-07,-4.327519933072049,1.0060440352378521e-07
1.96,44.09050548,12.98802221,0.7695244894946028,0.2266837508866504,0.3481687103632547,-0.3383622273048002,1.4691107051378278,0.7329608628935118,2.4910882570520405,0.664126270015052,6.499999992639849,-0.0001460293681971,-3.936191335335858,9.00004677815199e-05
1.97,45.81218005,12.54984768,0.7995733793889606,0.2190361626397717,0.3614933001059291,-0.3299209399310414,1.3324589742674704,0.8441287373759001,2.5721243531027955,0.7126704989435515,6.499999355633836,-0.0471664457958264,-3.506503527870756,0.030834104368013
1.98,47.43127699,12.16119065,0.8278319519009255,0.2122528178052493,0.3733071442135232,-0.3204472241988785,1.1813844107594258,0.9473715732163136,2.6568632902138205,0.7587068650774645,6.499855455772003,-3.258096601539279,-3.031597435624124,2.24104987899128
1.99,48.93340788,11.81808832,0.8540490817273383,0.2062645524754852,0.3834680429101895,-0.3100271696135029,1.0160898696666585,1.0420054585375815,2.7458751246463518,0.8023472071147156,6.396809360038894,-6.401857049031868,-2.464433691045145,4.602059216284781
2.0,50.29815026,11.5112491,0.877868329699842,0.200909197812234,0.3918275923332397,-0.298760538036148,0.8359549423049608,1.1266631577354096,2.84009707054852,0.8434926332524149,0.1176052694102831,-6.496943691132925,-0.0347388169388057,4.852423349023483
2.0100000000000002,51.51128088,11.22236481,0.8990414532756021,0.1958672157944478,0.3982423221287426,-0.2867724729182302,0.641472979550303,1.1988065117918034,2.939911321790522,0.881731479146879,5.145107166181174e-06,-6.499813244727078,-1.030572927651267e-06,5.01648744954638
2.02,52.55619921,10.95141612,0.9172787185485428,0.1911382690499824,0.4025707796646845,-0.2741827655020644,0.4328457535942002,1.2589707416166098,3.045679862864307,0.917494453855992,2.4921047652362627e-11,-6.499979629131165,-2.370971668341716e-12,5.161440045834065
2.0300000000000002,53.4337368,10.67732289,0.9325946388040588,0.1863544397290563,0.4047009748935066,-0.2611372493000816,0.2130195228822174,1.3045516201983076,-3.1270467994679847,0.9503409600881928,6.681736896677757e-17,-6.499995895223753,3.6311059721569543e-19,5.2886505095586696
2.04,54.13649671,10.40086613,0.9448601130845778,0.1815293590276606,0.4045361816311464,-0.2477714518814848,-0.0164793262360229,1.3365797418595935,-3.012791324083986,0.9807159081831802,1.509330045616716e-19,-6.499998599358191,-1.8002713179910518e-22,5.401187914568323
2.05,54.66258649,10.11603006,0.9540421119066704,0.1765580317777195,0.4020027428960414,-0.2342207465549111,-0.2533438735105085,1.3550705326573995,3.033616463514172,1.008739543587417,4.523748140836192e-16,-6.499999214417929,-4.9178218331840666e-17,5.50057407419451
2.06,55.02640224,9.81449959,0.960391894614783,0.1712953322811335,0.3970734106176167,-0.220622826663122,-0.4929332278424785,1.3597919891789392,-3.1201893706104764,1.0344155296672708,7.621746738698593e-10,-6.499999280261596,5.269115447960706e-12,5.58782207434626
2.07,55.23577967,9.49306717,0.964046220147647,0.1656852782294802,0.3897535519350603,-0.2071087530991573,-0.7319858682556514,1.3514073563964983,-2.987435432883392,1.0578913383990391,0.0005597930187668,-6.499998949144704,1.009747341692168e-07,5.664350949049372
2.08,55.30806187,9.1544711,0.965307782528232,0.159775661973667,0.3800927353528571,-0.1937935535142601,-0.966081658220254,1.3315199584896231,-2.8557172616450623,1.079464538814995,5.633994726268702,-6.499997666853933,0.0537313673264029,5.731907363149641
2.09,55.24696556,8.78246529,0.9642414507579128,0.1532829357526186,0.3681598013636554,-0.1808054044816709,-1.193293398920201,1.2988149032589518,-2.7279337299212423,1.0987354737957482,6.499902649855945,-6.499991544115855,0.0650700732261122,5.789980226047506
2.1,55.06308482,8.37175514,0.9610321264139092,0.1461146913637588,0.3540511283186381,-0.1682669698664675,-1.4108673045017528,1.2538434615203642,-2.606783560272642,1.1156326377447086,6.499999952625865,-6.499949073477156,0.0789524026481323,5.839086446469258
2.11,54.8046867,7.97131774,0.9565222284389456,0.1391257402856333,0.3379447619595265,-0.1562129729842737,-1.6106366359111957,1.2053996882194058,-2.4963578497367456,1.1318631031061477,6.4999999999010845,-6.499623727295781,0.0977755726400418,5.884417508522246
2.12,54.4133903,7.49424694,0.9496928179077452,0.1307992840605099,0.319929875145816,-0.1448027512314489,-1.8014886813710933,1.1410221752825045,-2.3923610144984724,1.1444887878755468,6.499999999999505,-6.494052356076597,0.1120855306451656,5.913756605520015
2.13,53.96187149,7.02716372,0.9418123280385584,0.1226471439906929,0.3002130104867925,-0.1340461912477277,-1.971686465902212,1.0756559983720515,-2.298657732118868,1.156406782884018,6.499999999999994,-6.386684348006024,0.1222323357681454,5.847046627848476
2.14,53.41151854,6.51131677,0.9322068570129948,0.1136439162768223,0.2789371780883759,-0.1240361177617892,-2.1275832398417083,1.0010073485938706,-2.2117195854725686,1.165508863236959,6.5,-3.940158036492416,0.1302225774701694,3.621526998093177
2.15,52.75705877,5.94235134,0.9207843792046498,0.103713596193297,0.2562369828877648,-0.1148582528702886,-2.2700195200611546,0.9177864891500758,-2.130414474823976,1.171400066764036,6.5,-0.1288337597826039,0.1368901156517883,0.1187124387786456
2.16,52.03806617,5.37689791,0.9082355910371752,0.0938445720731017,0.2323064728154489,-0.1064991060406491,-2.39305100723164,0.8359146829639728,-2.055334047935264,1.1759457156093485,6.5,-0.0012466593330877,0.1425176308128345,0.0011509116845959
2.17,51.2432363,4.80783616,0.8943631928124768,0.0839125708884409,0.2073151965406102,-0.0989509279162118,-2.499127627483703,0.7548178124436704,-1.9848015563418813,1.178767242334173,6.5,-7.762847105374949e-06,0.1473589677981027,7.175028871798474e-06
2.18,50.37485226,4.24910908,0.8792070321427066,0.0741609437223871,0.1814297003022933,-0.0921794810374383,-2.5885496238317454,0.6771446878773713,-1.91790836920963,1.1803284279328776,6.5,-3.518410357081403e-08,0.1515013236565727,3.254083366879115e-08
2.19,49.44146327,3.72981259,0.8629163210653422,0.0650975101778373,0.1548220480576986,-0.0861037394780118,-2.660765224459531,0.6075741559426658,-1.8539995204902309,1.1819228484872075,6.5,-1.6172382815167375e-10,0.1549727308275146,1.4967195455261795e-10
2.2,48.4329601,3.26985323,0.8453146202320422,0.0570697049204714,0.1276397065018784,-0.0806144478367558,-2.71823415558208,0.5489291641256061,-1.79210937668524,1.1847047927187888,6.5,-1.0480977733642512e-12,0.1577986305919405,9.710934956334735e-13
2.21,47.35324752,2.90380665,0.8264700807358394,0.0506809868838065,0.100027859640412,-0.0755552856500755,-2.761184686146452,0.5059162186679946,-1.731743574768961,1.190712856388895,6.5,-1.804427247177584e-14,0.1599705239865663,1.6759056492569008e-14
2.22,46.23401851,2.66678944,0.8069358494275028,0.0465442561854157,0.0721706988022023,-0.0707273466492157,-2.785716083821029,0.4827939000859918,-1.6727277834177705,1.2020825852454935,6.5,-1.7043055534466277e-15,0.1614734070779586,1.5899980333215613e-15
2.23,45.03237802,2.57536277,0.7859632664517249,0.0449485597697814,0.0441733949249247,-0.0659223559496924,-2.7997303877278155,0.4804990699523453,-1.6141432297795748,1.219743685773908,6.5,-1.2589413945318429e-15,0.1623131291029709,1.1823287904809058e-15
2.24,43.76357186,2.65596665,0.7638184213901389,0.0463553628656638,0.0161564611641935,-0.0609101818783778,-2.8016933760731777,0.5012174071314639,-1.5558423278174396,1.2444642038812472,6.5,-9.405715500961436e-15,0.1624777312317469,8.91050724396245e-15
2.25,42.41468186,2.92175587,0.7402758496429126,0.0509942598709714,-0.011789237780156,-0.05546252884534,-2.7945698944347748,0.5447653033037486,-1.4976050158913672,1.2756295753458533,6.5,-5.436826914723123e-13,0.1619686514809649,5.202316879547558e-13
2.2600000000000002,41.03308635,3.4371199,0.7161624590626423,0.0599890590408182,-0.0395090760882304,-0.0492772794256431,-2.771983830807495,0.6185249419696975,-1.4391121836758145,1.3137459163426006,6.5,-2.8149441415756287e-10,0.1607957036728951,2.7227210484783625e-10
2.27,39.47040199,4.05309691,0.6888884718112219,0.0707398859819082,-0.0670884415798485,-0.042308820319089,-2.7579365491618737,0.6968459106554271,-1.381364812958476,1.351914791547475,6.5,-1.0225883205163189e-07,0.1590220719339271,9.982656529949181e-08
2.2800000000000002,37.85064695,4.89673362,0.6606184132874495,0.0854641242621008,-0.0944178163505801,-0.0343300945123259,-2.7329374770732136,0.7978725806763235,-1.3235495318208503,1.3926680012696415,6.5,-8.504849569590346e-05,0.1566839804558623,8.370721638246243e-05
2.29,36.1626651,5.93964395,0.6311575722910444,0.1036663433236614,-0.1214156830884014,-0.0251843402268365,-2.699786673781948,0.9145754285488854,-1.2657643898849875,1.4337560926891386,6.5,-0.0753452561446235,0.1538458672773058,0.0746413215672712
2.3000000000000003,34.40129458,7.1549119,0.6004158573694798,0.1248767703451232,-0.1480175970667442,-0.014777962681412,-2.660191397834342,1.0406377545424643,-1.2081672777777186,1.473890867654921,6.5,-5.7229456620055,0.1505834824892718,5.696192171611985
2.31,32.58563286,8.52243191,0.5687265822530564,0.148744497106529,-0.1741383807263482,-0.0030655055748258,-2.612078365960452,1.17124571065865,-1.1504500121291552,1.51256349969621,6.5,-6.497599631600806,0.1469424636371082,6.48662641246117
2.32,30.73705673,10.02195048,0.5364628423107817,0.1749160333478261,-0.1996711165071298,0.0099539488856911,-2.5532735780782096,1.3019454460517226,-1.092128788586193,1.5496678362561545,6.5,-6.499987904089053,0.1429374248932657,6.4985425191220205
2.33,28.8962735,11.64213422,0.5043351141317857,0.2031935740981018,-0.2244605402788212,0.0242540588560508,-2.478942377168982,1.4300109970358792,-1.0320230918625564,1.5853587826151132,6.5,-6.499999889637475,0.1385006499091064,6.499313258194916
2.34,27.04622694,13.33307844,0.4720457103445908,0.2327061182046692,-0.2483960240591485,0.0397256786836786,-2.393548378032773,1.54716198276281,-0.9706447495819072,1.619853067762289,6.5,-6.499999997867111,0.1336471904806306,6.492209131410425
2.35,25.24715062,15.09262999,0.4406459050659277,0.2634160861107388,-0.2712913437652406,0.0562567540036212,-2.2895319706092585,1.6531075319942916,-0.9058475098142126,1.6534955883663964,6.5,-6.4999999999232125,0.1281175792642985,6.477866097336416
2.36,23.51442988,16.89362289,0.4104042231353351,0.2948493420207798,-0.2929606839085183,0.0736957359113868,-2.1669340143278224,1.7438981907765991,-0.8368942644768536,1.6866478082544605,6.5,-6.499999999994783,0.1216340287103825,6.456583078577763
2.37,21.86628796,18.7383959,0.3816387200911941,0.3270467049972061,-0.3132157223109185,0.0919005498953951,-2.02550384024006,1.820481398400875,-0.7628749002537045,1.71953228766715,6.499999999999998,-6.499999999999403,0.1136938982336195,6.428480556269895
2.38,20.31659609,20.60002655,0.3545914945683062,0.3595382892957482,-0.3318738887009604,0.1106947732862271,-1.865816639004066,1.879422339083072,-0.6830394141795273,1.752517308994069,6.499999999999915,-6.499999999999882,0.1034524736245747,6.393323016550085
2.39,18.8705332,22.47405427,0.3293529359469016,0.3922462432833907,-0.3487724388496101,0.1299057342706358,-1.689855014865002,1.9210960984409104,-0.5971418666710976,1.7857980738852417,6.49999999999072,-6.499999999999962,0.0897179694214351,6.350809541479251
2.4,17.5220715,24.36135868,0.3058178394448615,0.4251859192252996,-0.3637849611776201,0.1493735097738819,-1.5012522328010356,1.946777550324644,-0.5057948396970839,1.819482099911368,6.499999997651949,-6.4999999999999805,0.0743553465486885,6.300621184369712
2.41,16.27452032,26.26298213,0.2840439637667212,0.4583755095609335,-0.3768050369333113,0.1689512559012812,-1.3020075755691418,1.9577746127399736,-0.4093846860918734,1.853638722357524,6.499998382038162,-6.499999999999987,0.0649375486057356,6.242424391035253
2.42,15.11980886,28.18579155,0.2638904468792103,0.4919348648282959,-0.3877625644937695,0.1885139343742044,-1.0957527560457518,1.9562678472921933,-0.3093684092429233,1.888223894909283,6.496484216236806,-6.499999999999987,0.0641600228395044,6.176064590887013
2.43,14.04063275,30.1253305,0.2450552705508458,0.5257862054764696,-0.39663513088936,0.207940310134912,-0.8872566395590609,1.9426375760707932,-0.2081913649867244,1.9233310031190851,1.258861262400942,-6.499999999999981,0.0070877826332825,6.101127226460029
2.44,13.02531125,32.07335813,0.2273345674095582,0.5597857015397916,-0.4034355196141398,0.2271078234613215,-0.6800388724779983,1.916751332641,-0.1080697606382793,1.9591112051301671,5.171438887929569e-05,-6.499999999999966,-3.642114664563885e-08,6.016986643300798
2.45,12.04776598,34.02641479,0.2102731838607613,0.5938729707347948,-0.4082303681602003,0.2459008081428651,-0.479484854606065,1.8792984681543985,-0.0121577984973674,1.9956258940988276,5.896233251485333e-10,-6.499999999999915,2.810564293771999e-12,5.923139429985822
2.46,11.09472519,35.97063466,0.1936394841694534,0.6278060088489911,-0.4111155802436996,0.2641950915463728,-0.2885212083499094,1.8294283403506373,0.0777434996447915,2.0331496889870992,7.230111676080996e-15,-6.499999999999703,-5.3379203086019895e-16,5.818425690955431
2.47,10.14945908,37.89519527,0.1771414782424345,0.6613959281476816,-0.412218293907904,0.2818642337530072,-0.1102713664204414,1.7669142206634836,0.1600963616610518,2.071911870325384,2.087804687959667e-18,-6.499999999998489,-3.3711228554193454e-19,5.701601959259833
2.48,9.21546496,39.77981303,0.1608402056541675,0.6942887132012419,-0.411662567909111,0.2987664299514058,0.0555725998793011,1.6902196198398916,0.2352883927089693,2.112403684589656,5.445819939800642e-19,-6.49999999998793,-1.26313502921478e-19,5.570361229074996
2.49,8.27462372,41.62003107,0.1444194282776213,0.7264065769538386,-0.4096014563239413,0.3147707260735072,0.2061111585169738,1.600429612210181,0.3024736392008049,2.154742655418171,7.613424890431282e-17,-6.499999999845469,-2.2560570825790602e-17,5.423310882904139
2.5,7.34204827,43.40292938,0.1281429161518536,0.7575240226915811,-0.4061630050142068,0.329744340007047,0.3438451309734293,1.4973613933538732,0.363315252040535,2.19931017964863,1.3036546749578557e-13,-6.499999996592644,-4.6233920405633694e-14,5.257971786676636
2.5100000000000002,6.42571265,45.11488497,0.11214984252955,0.7874032843850032,-0.4014622820355902,0.3435527776016542,0.4700722978616723,1.3808437594607554,0.4188774262714514,2.246564918957557,2.336005303063612e-10,-6.499999857575316,-9.503292114326902e-11,5.071234379485323
2.52,5.53280514,46.75944431,0.0965656665642658,0.8161062596124281,-0.3956028426834737,0.356086859450881,0.585943935211665,1.2534081849226986,0.4700840972440495,2.296415276955538,1.9209350807613025e-07,-6.4999883705827655,-8.70900730085476e-08,4.861981955517932
2.5300000000000002,4.63781829,48.30810657,0.0809451992697132,0.8431355150508045,-0.3887264833070349,0.3672131515008765,0.6876359376438914,1.1126292049995783,0.5158532174565619,2.349993455657573,4.916773819754704e-05,-6.497641374311851,-2.4274625485111013e-05,4.622066229175853
2.54,3.81600137,49.78068941,0.0666017881671143,0.8688369341171734,-0.3808562798781076,0.3768498227466051,0.7870203428926771,0.963667124572794,0.5610717650860869,2.4065563004358985,0.0078731766726662,-5.502003851443325,-0.004191704149113,3.6889496776581767
2.5500000000000003,3.05292795,51.15913912,0.0532836445536608,0.8928954201298344,-0.3720425665304501,0.3849058387559876,0.8813713347657647,0.8056016009382666,0.6048644758297689,2.466942756586246,0.6399825769111361,-0.0223804218364352,-0.3640142888107303,0.0139776564039733
2.56,2.31839818,52.40125332,0.0404636816132441,0.9145744026056098,-0.362384107618459,0.3912461287359861,0.9658458911991336,0.6340289979998606,0.6457010251655312,2.53336141564358,5.3667436549263074,-2.6395796108019725e-06,-3.229448773933754,1.5086274348603212e-06
2.57,1.69552111,53.56981783,0.0295924259065689,0.934969700827064,-0.3518515740900564,0.3958544609079648,1.053253352840278,0.4608332171978855,0.6881816439819624,2.6025839968045754,6.465700564340313,-9.78528287725854e-11,-4.1059475625731805,5.026378367239027e-11
2.58,1.11915999,54.59365681,0.0195330266820868,0.9528390620383244,-0.3405234355262864,0.3986217063859802,1.132813856376931,0.2767245478015248,0.7287358445345892,2.6786944852110355,6.498535670931135,-1.2929080017313425e-15,-4.326656448693991,5.778416613397088e-16
2.59,0.60713791,55.47106329,0.010596555543177,0.968152693992658,-0.3284503940276736,0.3994592735043825,1.2073041498613026,0.0837567118402289,0.7684282615580698,2.7619822575790134,6.499911521560222,-2.257738727494427e-19,-4.516555815615603,8.355891132154277e-20
2.6,0.16240758,56.20854701,0.002834547001196,0.981024213086514,-0.3156799561029073,0.3983103985085995,1.2770437924766616,-0.1148874995783002,0.8074685004899625,2.856975081253033,6.499992778022261,-4.91667412914718e-19,-4.695702867384535,1.372465561027605e-19
2.61,-0.22691864,56.79356944,-0.0039604774021477,0.9912347806880322,-0.3022788459516942,0.3951191852604442,1.3401110151213378,-0.3191213248155368,0.8453907137066495,2.951712092895481,6.499999173843741,-1.2636335530021047e-14,-4.86291150150449,2.3924077336186736e-15
2.62,-0.56311507,57.22551447,-0.0098282120390983,0.9987736436491578,-0.2883162871956675,0.389848922028103,1.3962558756026942,-0.5270263232341311,0.8822452586782266,3.053076145430538,6.499999870785225,-4.395727321744621e-09,-5.0187578974152345,3.804005421210344e-10
2.63,-0.93140047,57.42941205,-0.0162560048561226,1.0023323277570064,-0.2739888819058692,0.3823688407166081,1.43274052897974,-0.7480081311494463,0.9146861678037734,-3.1170039819441038,6.499999958831503,-0.0010682793552763,-5.150320289004819,-7.899174813387524e-06
2.64,-1.27974088,57.48255116,-0.0223356919283696,1.0032597801880858,-0.2594001977078252,0.3726923751949558,1.45886841980443,-0.9676465521652506,0.9453815845224952,-2.9997052949439373,6.49999998120015,-5.588664618440186,-5.26981203941115,0.003881401152876
2.65,-1.62851193,57.37118722,-0.0284228950865074,1.0013161127670924,-0.244677715505128,0.3608276453264505,1.4722482202697489,-1.186472986850554,0.9737839791932832,-2.878824976090249,6.49999998687662,-6.499862089393032,-5.375944212774613,-0.0578347436052425
2.66,-2.01583319,57.08962152,-0.0351829263364804,0.99640186424141,-0.2299966463037402,0.3467899894689268,1.4681069201388126,-1.4037655857524,0.9987142609463514,-2.755969346291108,6.4999999837155045,-6.4999999361749135,-5.465515030522539,-0.0646958612694214
2.67,-2.44364307,56.6577795,-0.0426496173150422,0.9888647991439464,-0.2155196547614561,0.3306398040923416,1.4476991542283095,-1.6150185376584043,1.0204151460279458,-2.6347692233242537,6.499999965246415,-6.499999999909167,-5.540704653978025,-0.0745095763950915
2.68,-2.90239587,56.09152307,-0.0506563641277853,0.9789817600298578,-0.2013793145448689,0.3124721072526548,1.4140340216587497,-1.8167696839687275,1.0394635216714676,-2.5179011503618915,6.499999881990986,-6.49999999999966,-5.6045416562513015,-0.0942591009572991
2.69,-3.47271382,55.36274051,-0.0606102901385097,0.9662621048267448,-0.1878162154435169,0.2923467089564033,1.3563099101352238,-2.0125398296251857,1.0528424468879738,-2.404539115675681,6.499999025590725,-6.499999999999998,-5.648155813389455,-0.1106048732223566
2.7,-4.07603355,54.53350036,-0.0711402058692529,0.9517891339195128,-0.1749267345231115,0.270426479216869,1.2889480920405705,-2.19202297395348,1.0635531208350315,-2.2990204525626816,6.499987323776949,-6.5,-5.682329054248967,-0.1221965924040724
2.71,-4.72976241,53.60339142,-0.0825499268915619,0.9355556705142788,-0.162820116906666,0.2468732629418941,1.21066176164447,-2.3553216274973274,1.0707576634176978,-2.200586156141601,6.499706823981655,-6.5,-5.7047074880410245,-0.1311752649561599
2.72,-5.42422319,52.59056753,-0.0946705540285299,0.9178785588909216,-0.1515755221873535,0.2218746959134581,1.1244594719312735,-2.499856702843659,1.0745876216974417,-2.1090907578135,6.488266597862844,-6.5,-5.706551140130808,-0.1385372037140922
2.73,-6.13827604,51.5054428,-0.1071331272942791,0.8989395595576072,-0.141226690361702,0.1956289465840001,1.0348831825651743,-2.6245749329458503,1.0756574277833095,-2.023669401602741,5.837312277323243,-6.5,-5.136997787783842,-0.14474655980213
2.74,-6.84736185,50.37027299,-0.1195090093579501,0.8791271088038688,-0.1317604685957837,0.1683601421447091,0.9466221765918444,-2.7268804439291583,1.0748732031253094,-1.9436950567788536,0.6124951822087289,-6.5,-0.538784240767435,-0.1499611913894273
2.75,-7.53130444,49.17149381,-0.1314460594480677,0.8582044651085111,-0.1231276345992173,0.14026059831561,0.8632833996565836,-2.809954382909723,1.0731617935091795,-1.8674553792110191,0.0068987604196739,-6.5,-0.006062894197848,-0.1542856390093823
2.7600000000000002,-8.13331238,47.97189091,-0.1419530801242162,0.8372674447870387,-0.1151910346771922,0.1116069313321989,0.7936599922025253,-2.865366698341168,1.0737489636241078,-1.795142900274509,0.0001049467698836,-6.5,-9.226065879110648e-05,-0.1576736521887921
2.77,-8.62089878,46.7543427,-0.1504630681921622,0.8160172197207755,-0.1077710747191271,0.0826305745315268,0.7419959958065275,-2.897635680067278,1.079075180288584,-1.7249828168504455,3.627907293702229e-06,-6.5,-3.198538227985093e-06,-0.1601748340438593
2.7800000000000002,-8.96257518,45.5384359,-0.1564264463485234,0.7947956426633873,-0.1006523185591452,0.0535751368258861,0.7118756159982058,-2.9055437705641225,1.0915850337360091,-1.656095756147923,4.4466202355279963e-07,-6.5,-3.946333932975834e-07,-0.1617793712118913
2.79,-9.13070507,44.32639749,-0.1593608665000393,0.7736415817482503,-0.0935940999492272,0.0246674348146804,0.7058218609917492,-2.890770201120379,1.1130948191764802,-1.5874100078208808,2.7347688427055176e-07,-6.5,-2.4536589326327776e-07,-0.1624725150072395
2.8000000000000003,-9.08940359,43.1157654,-0.1586400196880927,0.75251206574745,-0.0863221059642617,-0.0038898003199929,0.7271993984965699,-2.855723513467404,1.144956604764685,-1.5179884622751607,1.1156048147218744e-06,-6.5,-1.0161322951757062e-06,-0.1622228482750873
2.81,-8.82612871,41.91017629,-0.1540450061942997,0.7314705663517619,-0.0785687075964112,-0.0319081922230575,0.7753398367850632,-2.8018391903065143,1.1859721446424327,-1.4470380452859026,2.502873758061279e-05,-6.5,-2.3201785242612365e-05,-0.1609923659177101
2.82,-8.3267174,40.70280237,-0.1453286345131016,0.7103979161450512,-0.0700719824953575,-0.0592296130297973,0.8496725101053912,-2.7321420806740444,1.2340504318770709,-1.3739336994450768,0.0022332411867893,-6.5,-0.0021081000642093,-0.1587518638965857
2.83,-7.59263576,39.49420224,-0.1325164929166619,0.6893038645365197,-0.0606008468480368,-0.0857136524985042,0.9471135647320064,-2.648403946870507,1.2860445555386355,-1.2981720277841742,0.4433009692104837,-6.5,-0.4254976785550713,-0.1554954300468788
2.84,-6.63384572,38.28069323,-0.1157824498833338,0.6681241368094029,-0.0499669776556583,-0.1112435080240332,1.0633869192378678,-2.552985552552956,1.339001708870874,-1.2194729890821767,6.227237916458507,-6.5,-6.061196791746725,-0.1512549426967178
2.85,-5.4826318,37.05237763,-0.0956899765845432,0.6466859853357934,-0.038056257367736,-0.135734152668681,1.191072028792262,-2.449064464464825,1.390434493892623,-1.1379750964855295,6.498988732500206,-6.5,-6.393914244224806,-0.146111870164568
2.86,-4.17216408,35.80905346,-0.0728180001294401,0.6249858848996676,-0.0248245278536622,-0.1591156570628616,1.3231729514074042,-2.3381504394181127,1.4391475703669665,-1.053866975377134,6.499994651139337,-6.5,-6.443945294957412,-0.1401484656249718
2.87,-2.75405449,34.52752813,-0.0480673186298332,0.6026190484434607,-0.010319701564322,-0.1813669350720586,1.4504826289340538,-2.225127800919752,1.4846553975019867,-0.968531817241455,6.499999945457232,-6.5,-6.475986399478479,-0.1334739080822088
2.88,-1.1947721,33.06518619,-0.0208527069559669,0.5770963668004593,0.0054551836937785,-0.2026910250579042,1.5774885258099507,-2.1324089985844097,1.527803018266485,-0.8897575234265807,6.499999999178755,-6.5,-6.494015787870299,-0.1266672346946193
2.89,0.436668,31.67088482,0.0076212943380985,0.5527612171288917,0.0223832194593565,-0.2229063084946453,1.692803576557838,-2.0215283436741576,1.5686094111712507,-0.8063400196816196,6.499999999975974,-6.499999999999998,-6.49998451449333,-0.1185017607666337
2.9,2.05381658,30.22717592,0.0358458615530495,0.5275637433835461,0.0402180838366868,-0.242031135687686,1.7834864377330677,-1.9124827193041056,1.6076219412976311,-0.7251708008211564,6.499999999998247,-6.499999999999964,-6.495609438988657,-0.1091165364962175
2.91,3.61954997,28.75911648,0.0631730644169619,0.501941272540562,0.0586716158989122,-0.260052446232857,1.8453532062225757,-1.8021310545171445,1.6457139622734984,-0.6456015183926056,6.499999999999686,-6.499999999999369,-6.48183397709317,-0.0978336815914838
2.92,5.08170198,27.23708648,0.088692431156115,0.4753768377264326,0.0773969209026323,-0.2770106602446062,1.8725305003718813,-1.6958214011748038,1.6838137745583746,-0.5703185802639367,6.499999999999852,-6.499999999988571,-6.458679415699191,-0.085031943921348
2.93,6.4321312,25.68648705,0.1122618673602538,0.4483137722933853,0.096062545968199,-0.2929121548075253,1.8665625065567175,-1.59014945629194,1.7227052936627754,-0.4981891815817705,6.4999999999998295,-6.49999999976082,-6.425401513315824,-0.0732390919014608
2.94,7.67113765,24.13386026,0.1338866093662004,0.4212153227532147,0.1143663877443173,-0.3077304391501296,1.8303841776118688,-1.4818284342604664,1.7630491558784167,-0.4277922892667133,6.49999999999956,-6.49999999347483,-6.380632555062574,-0.0657418335270151
2.95,8.80645769,22.59777345,0.1537016821280741,0.3944055503222581,0.1320466550522043,-0.3214211584611121,1.768026730788737,-1.369071931098277,1.8053877000676684,-0.3582248576257338,6.499999999997612,-6.49999974351004,-6.322494890859832,-0.0649535874294272
2.96,11.69057264,21.38395291,0.2040389840115657,0.3732203853709226,0.1516637244870997,-0.3334930060421981,1.9617069434894088,-1.2071847581085222,1.8246968680395457,-0.2673744649970733,6.499999999999987,-6.499915723351503,-6.292210512019376,-0.0588502312069489
2.97,13.19777415,20.03479431,0.230344612852096,0.3496731256693254,0.1708251130257308,-0.3441955162262745,1.916138853863144,-1.0702510184076537,1.8659056019036848,-0.1915677182198638,6.499999999999959,-6.481431103554955,-6.219739957024309,-0.0259681815726513
2.98,14.66042649,18.73021611,0.2558727119970955,0.3269039407295844,0.189358802237331,-0.353496610399167,1.85336892116006,-0.9301094172892742,1.90880368156838,-0.1168242485639387,6.499999999999799,-2.8464000723403062,-6.133056905457804,0.0032193318405591
2.99,16.17837283,17.52556951,0.2823658734986928,0.3058788912366293,0.2072626795418793,-0.3612940475980625,1.7903877304548697,-0.779743719889564,1.9515886267815807,-0.0395456315584203,6.499999999998951,-0.003326200092658,-6.035322846248376,-2.7162529566746617e-05
3.0,17.86819616,16.52125562,0.3118588543842075,0.2883503071326171,0.224715050973235,-0.367354658757137,1.7452371431354516,-0.6060611159074116,1.9914187544319804,0.0467190994835755,6.499999999996519,-2.1682921962446817e-07,-5.934359478969013,8.31740959050693e-09
3.0100000000000002,19.51171318,15.53792178,0.340543637695773,0.271187893978338,0.2415527461301689,-0.371747130726424,1.6837695156934256,-0.4392471969287086,2.0333716303967844,0.1269193932701896,6.499999999981051,-6.501427096280925e-12,-5.817781670764051,8.375176229703424e-13
3.02,21.20829534,14.6482944,0.3701545824183702,0.2556609670814472,0.2577808495975707,-0.374437291148355,1.622810346740218,-0.26901604219311,2.0747690058711017,0.2062324678320372,6.499999999893103,-1.0014092682340526e-16,-5.692647548446754,2.0483998284677927e-17
3.0300000000000002,22.95569273,13.85531904,0.4006524202146256,0.2418209361622599,0.2734048273509736,-0.3754019333360702,1.562397775340324,-0.0964642187715157,2.1155059560497493,0.2841839325711419,6.499999999375042,-1.7059703405417446e-20,-5.559924377343694,4.7550189019876385e-21
3.04,22.86778004,11.71916435,0.3991180543198406,0.2045380034898411,0.2855898651928867,-0.3767925201887498,1.2185037841912227,-0.1390586852679526,2.224475452401636,0.2642210625948085,6.499912714236864,-1.0102766930538141e-19,-5.159893350733369,2.6222659948435487e-20
3.0500000000000003,24.07415759,10.63565484,0.4201733145894831,0.1856271950636707,0.2964910456821454,-0.3769775659220125,1.0901180489258933,-0.0185045733262727,2.2834845910685884,0.3173510241270061,6.485431215447488,-4.516666387127676e-21,-4.906421576771927,1.4030583738762882e-21
3.06,25.19794912,9.57227638,0.4397871768940077,0.1670677397418838,0.3060103632791408,-0.3760236914536085,0.9519317596995628,0.0953874468404023,2.347236987374976,0.366817177020618,3.2425412917607326,-1.7815198276836636e-20,-2.3128432760475097,6.3774447137396564e-21
3.0700000000000003,26.26411324,8.52773416,0.4583952511546357,0.1488370388267929,0.3141060346163897,-0.3740019925522512,0.8095671337249039,0.2021698901357381,2.414608804460025,0.4128151584470664,0.0055938302809339,-1.737321967193954e-18,-0.0037170011298192,6.970221792200988e-19
3.08,27.24204549,7.523335,0.4754633887785719,0.1313069664805276,0.3207041907292625,-0.3709532419928474,0.6598156112872343,0.3048750559403584,2.487507059534977,0.4569244613205087,1.2208529106812511e-06,-7.625740914405179e-16,-7.427722000608099e-07,3.367178308378022e-16
3.09,28.161383,6.56373395,0.4915088552651583,0.1145587686524328,0.3257930352939089,-0.3669152021641267,0.5088844564646586,0.4038039828720727,2.5640823791187946,0.49949978681748,7.470381124178613e-11,-4.5374940806983786e-13,-4.080218963860608e-11,2.1754303189405607e-13
3.1,29.00084751,5.66611829,0.5061602749182992,0.0988924199679709,0.3293408217355032,-0.361903830914052,0.3547786441594334,0.5011371250074887,2.645712065653873,0.5415733169276882,1.1448849996690948e-15,-2.3318629907599687e-10,-5.45256522896904e-16,1.2029125927905674e-10
3.11,29.77325713,4.84280147,0.5196413659613774,0.0845228306719214,0.3313492287949173,-0.3559223803739401,0.2008407059414117,0.5981450540112027,2.7311758948093527,0.5837411917210973,1.6770649794180893e-20,-8.79674845339501e-08,-6.691124275420178e-21,4.85027373850726e-08
3.12,30.16062699,3.91937761,0.5264022454413669,0.0684060439234462,0.331351858348003,-0.3492426044844897,0.0002629553085775,0.6679775889450488,2.8484718081133305,0.6165461603225522,6.720331950011542e-24,-4.728948336087763e-06,-1.9309207306401343e-24,2.73481120686159e-06
3.13,30.69923314,3.19795875,0.5358026961303574,0.0558149095304622,0.3297458890401449,-0.341664789562074,-0.1605969307858059,0.7577814922415204,2.9394784494017623,0.6568858471844415,1.0786623295473329e-21,-0.0006299609650173,-2.164931999496957e-22,0.0003846649478762
3.14,31.14246014,2.55481802,0.5435384666140942,0.0445899862382823,0.3265343766037836,-0.3331986679574565,-0.3211512436361376,0.8466121604617697,3.009746673202033,0.6973830992605089,7.180029032792148e-17,-0.0571304110239966,-9.610194425692349e-18,0.0366836016162973
3.15,31.46438789,1.96469243,0.5491571658051314,0.0342903516925082,0.321692981539631,-0.3238976378738467,-0.4841395064152701,0.9301030083610028,3.083487097832077,0.7367067167193585,1.076200289382851e-11,-2.0691591695870963,-5.481251164303595e-13,1.3898778707922617
3.16,31.67028184,1.45467002,0.552750693142568,0.0253887813790517,0.3152195559353958,-0.313776092973276,-0.6473425604235277,1.0121544900570871,-3.123120907850319,0.776209292997609,4.784848561230485e-07,-6.16040242830721,3.042124760775585e-09,4.314991931382588
3.17,31.73409996,0.99247179,0.5538645294590009,0.0173219004686617,0.3070850867283062,-0.3029017424597517,-0.8134469207089107,1.0874350513523576,-3.0420849805971595,0.8143723600057453,0.0059637381972353,-6.484850067224511,4.388012241527746e-07,4.715635966472186
3.18,33.20510677,0.77441567,0.5795384416127595,0.0135161032205378,0.2996106164672691,-0.291047641455005,-0.7474470261037196,1.1854101004746906,-3.072537277644773,0.859619007618509,0.0001287388417564,-6.499695264911487,6.303147393569168e-07,4.923638900356337
3.19,33.18563592,0.3453883,0.5791986111720976,0.0060281630328659,0.2905439950451584,-0.2786963741992944,-0.906662142211098,1.2351267255710885,-2.99025574345936,0.8924828057586971,0.5137760826446347,-6.499951230104939,-2.5184929473971532e-05,5.060814399712705
3.2,33.01378964,-0.09567461,0.5761993277787935,-0.0016698369550614,0.2798565291388336,-0.2659943491848155,-1.0687465906325029,1.2702025014479197,-2.9029682630707865,0.9224364329146132,6.455725470367047,-6.499985767504156,0.0503728823781494,5.180942650344027
3.21,32.70599857,-0.54408692,0.5708273601990571,-0.0094961081710349,0.2675590134867406,-0.2530709914836351,-1.229751565209214,1.2923357701179543,-2.812552212713976,0.9500185887334968,6.499933949755034,-6.499993151752949,0.0649282733007378,5.287427477436228
3.22,32.25073427,-1.0230922,0.5628814991972699,-0.0178563274414723,0.2536561297836805,-0.240081122167897,-1.3902883703060382,1.2989869315738367,-2.7187632006713662,0.974631613432104,6.499999799488334,-6.499994138754794,0.0654674259021847,5.379040258880299
3.23,31.96351048,-0.6173562,0.5578684983717132,-0.0107748983476006,0.2386399171628818,-0.2257942241577632,-1.5016212620799012,1.4286898010134108,-2.6451740909522954,1.028990853500937,6.499999994822925,-6.499999937171405,0.0729856431423726,5.569696274344135
3.24,31.42033504,-0.90678896,0.5483882985277443,-0.0158264529727351,0.2223293260426112,-0.2114645012711097,-1.6310591120270903,1.4329722886653795,-2.559205542918009,1.056255037116559,6.4999999999023785,-6.499999941504831,0.0871426703423041,5.659118988639776
3.25,30.8216671,-1.25074662,0.5379395718486123,-0.0218296466271903,0.2048709906214327,-0.1972779906278962,-1.7458335421177322,1.4186510643212566,-2.476355364078245,1.0803742031744783,6.499999999996334,-6.499999897392014,0.1008558418871053,5.734699210683834
3.2600000000000002,30.27327451,-1.54427535,0.5283683155595731,-0.0269526894148878,0.186567112243272,-0.1832463532479747,-1.8303878378161085,1.4031637379921795,-2.4029166308333605,1.1049405849228842,6.499999999999625,-6.499999812118601,0.1108046934502831,5.808228849239403
3.27,29.82180364,-1.76830017,0.5204886624012297,-0.0308626601300754,0.167770641417303,-0.1693505670033532,-1.879647082596948,1.3895786244621806,-2.3401128647676708,1.1305782184788518,6.499999999999894,-6.499999677387493,0.1179859591478314,5.881202586799929
3.2800000000000002,32.17477328,0.63947617,0.5615557298186954,0.0111609646545429,0.1528889160341082,-0.1517319812863307,-1.4881725383195028,1.761858571702281,-2.485723178643508,1.2233046132301588,6.499999988351942,-6.499999999997283,0.0994355601651282,6.112357984719679
3.29,32.9259713,0.39370577,0.5746666086021577,0.0068714619705995,0.1392775103720549,-0.1348134734465196,-1.3611405662052432,1.6918507839810022,-2.5254511611628043,1.247031043640351,6.499998989174042,-6.499999999978812,0.0929860408933626,6.163098798326738
3.3000000000000003,26.30231327,23.40496612,0.4590619674524963,0.4084937201117222,0.1433201827227366,-0.0446531971236064,0.0,0.0,2.631105853264904,1.1325529745347138,4.2489440861980305e-42,-2.020883722146289e-67,-2.0779135033024245e-42,1.8301940712574374e-67
3.31,26.08231943,21.9502298,0.4552223506103906,0.3831037815793764,0.1456038076981543,0.0359227013509978,0.2283624975417807,8.057589847460608,2.4912677123579363,1.5817133779055703,2.8047966221567727e-28,-6.5,-1.698095596850076e-28,6.499614106080584
3.3200000000000003,27.24621582,21.5582194,0.4755361747679666,0.3762619093973164,0.1483432155860179,0.1087248176546684,0.2739407887863646,7.280211630367213,2.472647639205905,1.6307113272652551,3.07411184028222e-25,-6.5,-1.906239942911647e-25,6.488379525650734
3.33,28.38108036,21.17561802,0.4953432975550975,0.3695842555936425,0.1514288390017054,0.1738885065310682,0.3085623415687587,6.516368887640112,2.4617650307780994,1.6841606071717286,4.197273578903122e-23,-6.5,-2.6382969684157355e-23,6.458425641262715
3.34,29.43973511,20.81956506,0.513820308584475,0.3633699591301708,0.1546868862297728,0.2316206304439371,0.3258047228067426,5.773212391287021,2.460868556961408,1.742927694209683,4.654845887680827e-22,-6.5,-2.9291518475106704e-22,6.404262080012165
3.35,30.40149697,20.47841273,0.5306062196615797,0.3574157277208205,0.1579261490923262,0.2821488043370196,0.3239262862553507,5.052817389308358,2.469866440826945,1.808076750980922,4.472424667754905e-22,-6.5,-2.783047829489929e-22,6.318418504686411
3.36,31.27904534,20.19764577,0.5459223280635892,0.3525154198380054,0.1609912020126629,0.3258035059080816,0.3065052920336173,4.365470157105511,2.4864366721116307,1.880493395983983,6.027008832428544e-23,-6.5,-3.6719593084728993e-23,6.191542909163027
3.37,32.04609453,19.95880631,0.5593098619538447,0.3483468848773201,0.1637018083373331,0.3629107612055465,0.2710606324670297,3.710725529746568,2.511780854166592,1.9613929847616989,6.956989899481347e-25,-6.5,-4.097923073049717e-25,6.011357148247554
3.38,32.67921533,19.74662569,0.5703599044767053,0.3446436344493971,0.1658607448149166,0.3937947168405371,0.2158936477583546,3.0883955634991294,2.547166634114228,2.0521018990762343,3.6414739609397608e-28,-6.5,-2.039997968343265e-28,5.762394975669429
3.39,33.24350004,19.62575075,0.5802085305848667,0.3425339687632465,0.1673899918229089,0.4188950846861488,0.1529247007992289,2.510036784561224,2.586761875842072,2.1524165701562152,3.8737030574736767e-32,-6.5,-2.0419485116061188e-32,5.431646021251295
3.4,31.62368305,18.54200056,0.5519373908296226,0.3236189596786324,0.1650402343477028,0.4370761342978921,-0.2349757475206182,1.818104961174372,2.97234010916,2.2902372514571425,5.223090309379482e-27,-6.499999999999833,-8.884940930008025e-28,4.888586199329002
3.41,31.95288087,18.54317483,0.5576829766790102,0.3236394545564398,0.1620913939109937,0.4504220534360817,-0.2948840436709101,1.334591913818984,2.9976306529786503,2.4121607283701563,1.4520181909868762e-23,-6.499999763252031,-2.1186795989681973e-24,4.331003390589407
3.42,32.18503956,18.55678496,0.561734910206627,0.3238769961365643,0.1584657581388558,0.4592655677691916,-0.3625635772137947,0.8843514333110059,3.0269498304502265,2.5429010941019223,4.7884319083989053e-20,-2.96545035460248,-5.551848259816033e-21,1.6716950133803468
3.43,32.41434332,18.6630618,0.5657370158058299,0.3257318769131794,0.1542391279749679,0.4640644384253473,-0.422663016388803,0.4798870656155798,3.0534825480955163,2.675801509841604,2.95111074446535e-17,-1.0906810138222278e-08,-2.5397840063254198e-18,4.902923493541041e-09
3.44,32.68684671,18.9100225,0.5704930971841761,0.3300421542512094,0.1495545482546063,0.4653389629551883,-0.4684579720360921,0.1274524529840859,3.073978261593993,2.803466674210002,2.5130051919817147e-15,-9.699823338840957e-16,-1.5555740697189032e-16,3.206654575961478e-16
3.45,32.87259627,19.17951418,0.573735038590307,0.3347456713739404,0.1443507550362322,0.4634135456704476,-0.5203793218374192,-0.1925417284740757,3.098173158559541,-2.6684395948901134,2.715091921425779e-13,-6.924045484256386e-15,-9.468645427199999e-15,-7.447666694014401e-17
3.46,33.03390712,19.50327338,0.5765504440419976,0.3403963353975632,0.1386694266987733,0.4586558766299166,-0.5681328337458945,-0.4757669040531089,3.1212502239990383,-2.6232916122339063,1.4577968774471704e-11,-6.576191954400425e-09,-1.9442893059784712e-13,-7.717237220237813e-11
3.47,32.36868453,19.32684333,0.5649401195878533,0.337317050125605,0.1313466176512561,0.4505915763809135,-0.7322809047517438,-0.8064300249003237,-3.077585814105631,-2.569363020011157,2.4581244345612103e-06,-0.1210825165876273,1.4061291149462718e-08,-0.001590200055579
3.48,32.2336587,19.59139631,0.5625834742791151,0.3419343706725677,0.1233707021680465,0.4402226949619133,-0.7975915483209753,-1.0368881419000442,-3.040845060947799,-2.5270739347576487,0.0001440923798851,-6.483180214382775,-9.045026399159716e-09,-0.0924703072664979
3.49,31.97543444,19.83267633,0.5580766107335893,0.3461455014408455,0.1146676140391193,0.4277860447774961,-0.8703088128927358,-1.2436650184417462,-2.9975057443975754,-2.4854611594251224,0.0096116917018681,-6.499992694990707,-5.411026616718023e-06,-0.0994756997499931
3.5,28.88283217,17.12335016,0.5041005186674385,0.2988588392638978,0.1011017269161112,0.4091242173729978,-1.3565887123008378,-1.8661827404498683,-2.727344514691996,-2.3869658235410087,6.499998649898848,-6.499999999999943,0.0650920375096608,-0.1127277375872323
3.5100000000000002,28.51971535,17.405698,0.4977629345890669,0.303786738707792,0.0872906488428764,0.3893934533032132,-1.381107807323508,-1.973076406978511,-2.690921711299939,-2.347409260563325,6.499999426875224,-6.499999999999996,0.0675010028524824,-0.1172018664132534
3.52,28.06993737,17.67731388,0.4899128279350978,0.3085273301144938,0.0732244241310969,0.3688129683966638,-1.4066224711779869,-2.058048490654984,-2.649841875685722,-2.3075927900940743,6.49999976305204,-6.499999999999998,0.0723298736693519,-0.121345016091004
3.5300000000000002,27.51754497,17.8945643,0.4802717617921042,0.3123190652448343,0.0588720750171869,0.3475240411855834,-1.43523491139077,-2.1288927211077007,-2.602237830984755,-2.266592344334303,6.499999911179962,-6.5,0.0797105015217386,-0.1253057205893531
3.54,26.89386798,18.09868737,0.4693865448476765,0.3158816848956132,0.0442546756690316,0.3257229522682205,-1.4617399348155653,-2.18010889173634,-2.55016070854153,-2.225025278403663,6.49999996373727,-6.5,0.088723546968834,-0.1290654019215616
3.5500000000000003,26.1682744,18.22179264,0.4567225478453436,0.3180302771836698,0.0293476613787588,0.3034911834838037,-1.49070142902731,-2.223176878441727,-2.4903036645959227,-2.181615365616928,6.499999986222429,-6.5,0.0987269203337918,-0.1327678345505755
3.56,25.38779617,18.32603478,0.443100632991706,0.3198496457459946,0.014201578499478,0.2809996956096368,-1.514608287928115,-2.249148787416736,-2.426098066378203,-2.137338278987612,6.499999993734692,-6.5,0.1078709480588216,-0.1363467667581617
3.5700000000000003,24.5526424,18.38285888,0.4285244499447626,0.3208414133854771,-0.0011350734215847,0.2583639565247437,-1.5336651921063056,-2.263573908489356,-2.3567930963492363,-2.0916670855936275,6.49999999663969,-6.5,0.1161755836844,-0.1398541300472626
3.58,23.67681247,18.38979857,0.4132383339787511,0.3209625338250449,-0.0165953192466115,0.2356869737460829,-1.546024582502715,-2.2676982778661325,-2.2827758736567394,-2.044534867434404,6.499999997756931,-6.5,0.1237753276562153,-0.1432876193536402
3.59,23.04599695,18.62056164,0.402228526182071,0.324990109188555,-0.0316880524604613,0.2134737127826582,-1.5092733213850114,-2.221326096342516,-2.2277012540254844,-2.000052826453427,6.4999999925914445,-6.5,0.1288301291433763,-0.1463507114065013
3.6,22.14072295,18.55663111,0.3864285142493718,0.32387431094751,-0.0467466383172962,0.1914048543953576,-1.5058585856835225,-2.206885838730102,-2.1449661207543858,-1.9508027325761248,6.499999991810717,-6.5,0.1357432166961329,-0.1495237894604895
3.61,21.23017322,18.43223775,0.3705364234577264,0.3217032372478914,-0.0616717823155532,0.1695387436804976,-1.492514399825464,-2.186611071485664,-2.0570857198027417,-1.9000878288852403,6.49999998745517,-6.5,0.1423917908488641,-0.1525207830941352
3.62,20.32741569,18.26570671,0.3547803322120549,0.318796722293121,-0.0763539119292188,0.1479547676432068,-1.4682129613666002,-2.158397603729125,-1.9633972052755573,-1.848250242465059,6.4999999721941135,-6.5,0.1487356079480799,-0.1552587408488328
3.63,19.45812453,18.07022315,0.3396083393115741,0.3153848905376011,-0.0906559738471094,0.1267432493176836,-1.4302061917890851,-2.121151832552365,-1.8634402416010876,-1.7955792884014736,6.499999900127799,-6.5,0.1544932236227465,-0.1576555537348647
3.64,18.61328269,17.86533567,0.3248630675449669,0.3118089294154871,-0.1044688668513412,0.1060133739379754,-1.3812893004232123,-2.072987537970866,-1.7535872166576614,-1.742432759715852,6.499999454552991,-6.499999999999999,0.1592556483346897,-0.1596310592331958
3.65,17.81435013,17.65040279,0.3109190638715799,0.3080576429886933,-0.1176641383860287,0.0858604842534104,-1.3195271534687765,-2.015288968456544,-1.630937028039699,-1.688994412109572,6.499994918346455,-6.4999999999999964,0.16214063729765,-0.1611233808600025
3.66,17.06190253,17.44595189,0.2977863758028506,0.3044893016250276,-0.1301279363319454,0.0663982919647179,-1.2463797945916983,-1.9462192288692863,-1.489951219217606,-1.635616511609434,6.499918213943898,-6.499999999999979,0.161850263470663,-0.1620828737620837
3.67,16.3586524,17.26936775,0.2855123455692724,0.301407326975225,-0.1417573995071114,0.0477517345952602,-1.1629463175166248,-1.8646557369458148,-1.3237105496075807,-1.5826064345974962,6.497630616692948,-6.499999999999811,0.1566341015983924,-0.1624861095117052
3.68,15.72001056,17.15310207,0.2743659427202776,0.2993781080521548,-0.1524414473022096,0.0300776514497876,-1.0684047795098357,-1.7674083145472932,-1.1230896420812124,-1.5302917174347312,6.359455203713281,-6.499999999997227,0.1419644004026662,-0.162336802158743
3.69,15.13646623,17.1055632,0.2641811728304333,0.2985483982479773,-0.1620996821794329,0.0135248246616333,-0.96582348772218,-1.655282678815169,-0.8821591223899703,-1.4789003284443634,1.692181771751031,-6.499999999926111,0.0327945060749633,-0.1616643532904935
3.7,14.62896341,17.1673279,0.2553235776582772,0.2996263956244838,-0.1706347062021108,-0.0017182479335188,-0.8535024022678072,-1.5243072595152565,-0.5990819569191351,-1.428641465658771,0.0062840901059087,-6.499999995436756,8.706354262232049e-05,-0.160518216324464
3.71,14.19725597,17.36165018,0.2477888614249213,0.3030179592204662,-0.177966081315568,-0.015454155400275,-0.7331375113457429,-1.3735907466756512,-0.2921055019648729,-1.3796798408184414,4.941066320317327e-06,-6.499999170777258,4.769843222133989e-08,-0.1589615951190749
3.72,13.85270551,17.706417,0.2417753214586602,0.3090352753810967,-0.1840120858235205,-0.0274868789173687,-0.604600450795258,-1.203272351709393,0.0085621372795183,-1.3321697430179156,7.04974474950988e-10,-6.499384807231877,-3.410970768307976e-12,-0.1570511115526638
3.73,13.58157176,18.20795562,0.237043144807881,0.3177887756260055,-0.1887280537920027,-0.0376404762061968,-0.4715967968482271,-1.0153597288828338,0.2694195848531286,-1.2863221361727093,1.2715226211143706e-14,-4.479938201999837,-3.3637430365319308e-15,-0.1067664971518998
3.74,13.42702944,18.90500569,0.2343458724902104,0.3299545943987624,-0.1920182714736792,-0.0457101492993499,-0.329021768167663,-0.8069673093153261,0.492521105205903,-1.2420989027695408,7.187361077513943e-21,-0.0001550533175973,-3.401749601672958e-21,-3.639080148680492e-06
3.75,13.34343742,19.76287493,0.2328869165128174,0.3449272371883438,-0.193874135361554,-0.051576259455138,-0.1855863887874798,-0.5866110155788189,0.6690119006380806,-1.2001785758209225,1.781031332923175e-28,-2.060784314295716e-11,-1.1045009920370936e-28,-4.758839420716365e-13
3.7600000000000002,13.33326023,20.7763688,0.2327092910387164,0.3626160421686232,-0.194294671197991,-0.0551537326872183,-0.0420535836437011,-0.3577473232080394,0.811059211082626,-1.1610317925998916,5.408052606164129e-35,-5.581800610147586e-22,-3.9202807683201136e-35,-1.267801508421346e-23
3.77,13.38424909,21.92159854,0.2335992145275548,0.3826040718233819,-0.1933079263729736,-0.0564177211180581,0.0986744825017448,-0.1263988430839829,0.92707526005288,-1.1255376033580209,4.360117391007276e-33,-7.457435167286457e-43,-3.487517329896997e-33,-1.6666716866260657e-44
3.7800000000000002,13.45069284,23.14491721,0.2347588767324268,0.4039550104159998,-0.1910183588502658,-0.0554431431396313,0.2289567522707345,0.0974577978426635,1.0209500129653295,-1.095353645819673,3.4401856127131444e-26,-1.9860582912347115e-47,-2.9334329889719493e-26,-4.374424205297197e-49
3.79,13.57646769,24.4707724,0.2369540619811288,0.4270955488861548,-0.1874653753441357,-0.0522786469290331,0.3552983506130195,0.3164496210598324,1.1034687425905072,-1.070894313616808,1.0213358461076996e-19,-1.3197533278807446e-24,-9.119621775177e-20,-2.871071612857776e-26
3.8000000000000003,13.70142549,25.82803951,0.2391349870171774,0.4507843287846829,-0.1827843447511502,-0.0470915162336844,0.4681030592985652,0.5187130695348797,1.174208238905137,-1.0551138798509911,7.426141608332727e-15,-4.450329546714443e-14,-6.8508163972212235e-15,-9.601846750016005e-16
3.81,13.7833864,27.15945096,0.2405654747546081,0.4740218422859347,-0.1771704145880583,-0.040135421408147,0.5613930163091982,0.6956094825537525,1.2350072807337973,-1.0512147144788833,2.0281829807432825e-11,-9.274127571764517e-08,-1.915172118571321e-11,-1.9967987829314147e-09
3.8200000000000003,13.81590624,28.45146555,0.2411330530348299,0.4965717508652394,-0.1708184272970075,-0.0316756377772933,0.6351987291050961,0.8459783630853902,1.2889288754465174,-1.061567224425128,5.205838307026788e-09,-0.0015702977644662,-5.000958112768998e-09,-3.3995670548732346e-05
3.83,13.78268857,29.68139529,0.2405532953234889,0.5180380743964372,-0.1639362281259508,-0.021999715631363,0.6882199171056876,0.9675922145930506,1.3376141948887883,-1.0889942980425118,1.988323341612407e-07,-1.0610679000516414,-1.934673155172622e-07,-0.0232967474721041
3.84,13.65804731,30.82151437,0.2383778949526546,0.5379369062072458,-0.1567560289872416,-0.0114209130706867,0.7180199138709334,1.0578802560676452,1.3819408566657498,-1.1360569032732468,1.334354554305418e-06,-6.133067036506119,-1.310706415752362e-06,-0.1377419471116142
3.85,13.47479251,31.90352648,0.2351794953225709,0.5568215800731968,-0.1494431024007762,-0.0001848028059487,0.7312926586465501,1.1236110264738248,1.423998613179941,-1.2022854777819825,2.8951738385421265e-06,-6.480908678781306,-2.864141863322048e-06,-0.1497872522184312
3.86,13.2117895,32.90204177,0.2305892268554153,0.5742489595152028,-0.1421809782917598,0.0114414056427813,0.7262124109015335,1.1626208448728317,1.4640271615158402,-1.2871225567216245,1.8814694117304893e-06,-6.496534825855134,-1.8707938069049528e-06,-0.1548665143823523
3.87,12.8646351,33.8180603,0.2245302395626299,0.5902364988729814,-0.1351434870353242,0.0232121554499564,0.7037491256435752,1.1770749807175385,1.502546900050956,-1.3859111459582236,3.775607264659009e-07,-6.498144924880509,-3.766849525720148e-07,-0.159137370988
3.88,12.44870105,34.66326231,0.2172708209189752,0.6049880567919553,-0.1284647502256374,0.0349194420206495,0.667873680968695,1.1707286570693347,1.540196712966964,-1.4911945554700456,2.7674433002427493e-08,-6.497599589790168,-2.7661525865510393e-08,-0.1618121943669255
3.89,11.97826904,35.4464001,0.2090602334377003,0.6186563897242473,-0.1222432436179944,0.0463867292962005,0.622150660764307,1.146728727555125,1.5773746997201583,-1.5948566942046405,8.29785599529732e-10,-6.493367399490405,-8.297677120543358e-10,-0.1622766114087135
3.9,11.47025708,36.17252656,0.2001937520961906,0.6313296872370983,-0.1165402092793677,0.0574620049038853,0.5703034338626869,1.1075275607685002,1.6143127650816014,-1.690075841315831,1.1544728209777708e-11,-6.463394502702024,-1.1533839388647154e-11,-0.1601911062182918
3.91,10.9373071,36.84228911,0.1908920201967527,0.6430192489411514,-0.1113888074861252,0.0680102007739409,0.5151401793242582,1.0548195870055777,1.6510600124865464,-1.7724756553827228,8.041098578714895e-14,-6.117507010943021,-8.015305277257422e-14,-0.149240634580181
3.92,10.39436463,37.45747552,0.1814158864463421,0.6537562773091752,-0.1067928605757007,0.077914418773466,0.4595946910424559,0.9904217999525304,1.687502831415159,-1.840310019409489,3.181286719203821e-16,-2.72334300771677,-3.1597227150943483e-16,-0.065211968719555
3.93,9.85763364,38.00819243,0.1720481634733534,0.6633681006350844,-0.1027274840541572,0.0870577940018777,0.4065376521543599,0.914337522841194,1.723331765678767,-1.8933744180046443,8.709201183889813e-19,-0.091219738100402,-8.608423613639348e-19,-0.002145697015128
3.94,9.3382879,38.49069858,0.1629838703541469,0.671789421613706,-0.0991492629586592,0.0953335233940102,0.3578221095497459,0.8275729392131209,1.758124361604283,-1.9326929246064763,1.992692418204748e-21,-0.0007019605178967,-1.9579444083187857e-21,-1.6266846435712753e-05
3.95,8.84380399,38.89600526,0.1543534980265116,0.6788633576600331,-0.0960036953085648,0.1026369586024546,0.314556765009445,0.7303435208444581,1.7914141887020307,-1.959595512584417,4.622193592034488e-24,-1.5907737101417908e-06,-4.5105077306444104e-24,-3.64593751620948e-08
3.96,8.38170838,39.21383513,0.146288408173,0.6844105353527187,-0.0932264820571752,0.108864270783947,0.2777213251389719,0.6227312181492467,1.8226767238493748,-1.9754529823787936,1.4212337329159398e-26,-7.157959548056605e-10,-1.3765171383626374e-26,-1.6294363459783507e-11
3.97,7.95723695,39.43657325,0.1388799841388514,0.6882980489164209,-0.0907482695923886,0.1139171150306628,0.2478212464786602,0.505284424671591,1.8514572984260749,-1.9816415810696768,7.691974072777527e-29,-3.372901016647042e-14,-7.391821302563335e-29,-7.657267218762096e-16
3.98,7.57254395,39.55247109,0.1321658246794768,0.6903208478203704,-0.0885001997370955,0.117696728207189,0.2248069855293112,0.3779613176526306,1.8774868327635068,-1.9792462124233212,9.284155103646944e-31,-4.899395455476711e-20,-8.852031412452714e-31,-1.1134490286126493e-21
3.99,7.22904458,39.56281177,0.1261706296944506,0.6905013267332656,-0.0864154827061402,0.1201241117971028,0.2084717030955352,0.2427383589913883,1.90064721308408,-1.9695754079266805,3.067943519128127e-32,-2.806531315380902e-28,-2.9029424745484964e-32,-6.405064586412723e-30
4.0,6.92793007,39.46244221,0.1209151900694212,0.6887495474424875,-0.0844300508917863,0.1211293338926828,0.1985431814353969,0.1005222095579982,1.9209648577495813,-1.9535557981455904,3.238910661861124e-33,-4.6147118325351455e-40,-3.04279017845851e-33,-1.0603395111000724e-41
4.01,6.66937777,39.25244865,0.116402601145817,0.6850844684125033,-0.0824843141827495,0.1206605652203778,0.1945736709036888,-0.0468768672305021,1.9386462977083347,-1.9321082188109504,1.1521457962795948e-33,-2.614806462682558e-44,-1.0752296127140553e-33,-6.0608177376587175e-46
4.0200000000000005,6.45156267,38.93368598,0.1126010104902564,0.6795210102885552,-0.0805262049344388,0.1186825706336775,0.1958109248310732,-0.1977994586700269,1.9541050642036848,-3.128682039710015,1.2625744467411099e-33,-9.178701286514018e-32,-1.1711304927677792e-33,-4.576590878764648e-34
4.03,6.27354546,38.51214899,0.1094940240505422,0.6721638018941087,-0.078509599679191,0.1151832059077451,0.2016605255247456,-0.3499364725931897,1.9677547058202656,-3.0081774491012743,3.768645969782847e-33,-1.3465611674723133e-21,-3.476138632544181e-33,1.4506393722499004e-24
4.04,6.128767,37.99125029,0.1069671632375753,0.6630724045097506,-0.0764025305555278,0.1101676932633462,0.2107069123663211,-0.5015512644399044,1.98033408048224,-2.876936831214782,2.1778070573756242e-32,-2.1891686334241272e-14,-1.99802572320034e-32,-1.962308519521241e-16
4.05,6.02609151,37.37365388,0.1051751378759767,0.6522933137067537,-0.0741632206522029,0.1036559921798735,0.2239309903324943,-0.6511701083472835,1.9916352114044664,-2.7322287251810584,2.8094418308559633e-31,-5.879352989154995e-09,-2.564711259809039e-31,-5.873654244993806e-11
4.0600000000000005,5.96066374,36.67444062,0.1040332078672392,0.6400897401461505,-0.0717616871410344,0.0956998775397811,0.2401533511168614,-0.7956114640092552,2.002327892343504,-2.5732456891335764,5.833704135100644e-30,-0.000100907021411,-5.299739025823706e-30,-1.314707911638336e-06
4.07,5.92918428,35.89196503,0.1034837876434893,0.6264329647841653,-0.0691766360820897,0.086354959734677,0.2585051058944673,-0.9344917805104328,2.0128831754627567,-2.398358665021579,1.5392182103272047e-28,-0.2607518996727667,-1.3914567251716956e-28,-0.0044673538923201
4.08,5.92694301,35.03818008,0.1034446701025632,0.6115316063026901,-0.0663969804244581,0.0757001902732616,0.2779655657631667,-1.0654769461415583,2.0237576549080494,-2.209941957391103,4.120322419554293e-27,-6.268118582805933,-3.705383353238351e-27,-0.12572459176558
4.09,5.97176515,34.11148507,0.104226964023353,0.5953577272163884,-0.0633874738335652,0.0638151370981538,0.3009506590893047,-1.1885053175108062,2.034042385244059,-2.0122161081291057,1.617932210088799e-25,-6.498924703403994,-1.4476345275641737e-25,-0.1455068263053488
4.1,6.03220625,33.11847636,0.1052818602218801,0.5780264557259069,-0.0601644530797612,0.050791552602564,0.3223020753804053,-1.3023584495590077,2.045810700496506,-1.8132966060318505,3.9624361202899974e-24,-6.499988521509909,-3.524267734031557e-24,-0.1568954352592403
4.11,6.14449895,32.06776451,0.1072417375628344,0.5596880744536862,-0.0566904760028413,0.0367346649372221,0.347397707691934,-1.405688766533968,2.056857701048173,-1.6221472924527731,1.379133803204597e-22,-6.499999742342741,-1.2195801287610795e-22,-0.1622378926846007
4.12,6.28085795,30.9606825,0.1096216510775613,0.5403658482895893,-0.0529745779583235,0.0217504455433771,0.3715898044517894,-1.498421939384531,2.069052659577165,-1.4457133622133551,3.4241636450864764e-21,-6.4999999893114255,-3.0082678757029168e-21,-0.1609603048263251
4.13,6.44482351,29.80473542,0.1124833899594377,0.520190765764775,-0.0490215635974623,0.0059539561689497,0.3953014360861298,-1.5796489374427791,2.082078661209978,-1.28785641610084,6.683953033653566e-20,-6.499999999233115,-5.829976202811948e-20,-0.1549859284569076
4.14,6.64871761,28.60929486,0.1160420133298282,0.4993263919808901,-0.0448192566202005,-0.0105294872835978,0.4202306977261822,-1.6483443452547872,2.0951936527461683,-1.1491830620371395,1.2885702067962201e-18,-6.499999999908783,-1.1155603777432491e-18,-0.1468587821491974
4.15,6.88346792,27.38586587,0.1201391791594056,0.4779735279410413,-0.040371910627466,-0.0275629302430427,0.444734599273462,-1.7033442959445335,2.108984533422751,-1.0281693034341053,2.0279786031648055e-17,-6.499999999982423,-1.7415037411836956e-17,-0.1382057218626592
4.16,7.19326022,26.17946545,0.1255460747917316,0.4569178685145989,-0.0356194477411522,-0.0449499756970785,0.4752462886313865,-1.738704545403612,2.1210154549355167,-0.921174777942688,5.244085372818671e-16,-6.499999999993771,-4.47058789320662e-16,-0.1294684612775056
4.17,7.45498472,24.89998301,0.1301140290498675,0.4345866872151481,-0.0306925615093493,-0.0626420673669538,0.4926886231803069,-1.7692091669875651,2.1384113792062416,-0.8297733461276928,3.045045255757447e-15,-6.499999999997427,-2.5677719869368112e-15,-0.1209202109850558
4.18,7.75739869,23.42541655,0.1353921485303949,0.4088506474486709,-0.0255798809773522,-0.0807735518827321,0.5112680531997202,-1.8131484515778684,2.1553128680836786,-0.756365895643619,1.8727966829497e-14,-6.499999999999259,-1.561988243830267e-14,-0.1129330014626433
4.19,8.13678217,22.26834473,0.1420136393840689,0.3886559345076277,-0.0202183070065598,-0.0987024397118767,0.5361573970791548,-1.7928887829141844,2.1698615791539697,-0.6775486828560172,1.963165232764365e-13,-6.499999999998734,-1.6213987165213016e-13,-0.102665439673181
4.2,8.49291236,21.08598405,0.1482292837653219,0.3680198476955086,-0.0147011168556635,-0.1163519323679353,0.5517190150896425,-1.764949265605899,2.1879743658703985,-0.6087014855893982,8.06337902234812e-13,-6.499999999997313,-6.576037365863506e-13,-0.0917157042732847
4.21,8.88943028,19.95239257,0.1551498270124814,0.3482349439969532,-0.0090196401619453,-0.1335436096082343,0.5681476693718271,-1.719167724029936,2.205506445677971,-0.5454131160834319,3.4570916254484348e-12,-6.499999999990413,-2.783834729122195e-12,-0.0807325837755336
4.22,9.31335698,18.86391186,0.1625487437145956,0.3292373717630076,-0.0031856235956102,-0.1501228277382311,0.5834016566335278,-1.657921812999718,2.223220333221734,-0.4871934704455727,1.29306387511331e-11,-6.499999999944275,-1.0274743110205252e-11,-0.07170780666275
4.23,9.76988375,17.83407443,0.1705166389745905,0.311263317849231,0.0027980962708033,-0.1659322979313957,0.598371986641375,-1.580947019316484,2.240729641582712,-0.4329464515785028,4.588951201311573e-11,-6.499999999440119,-3.596972226860432e-11,-0.066069205781923
4.24,10.22565143,16.83664934,0.1784712856147664,0.2938549659867302,0.0088753372769443,-0.1808724987599956,0.6077241006141079,-1.49402008286003,2.2599622652820632,-0.3832264172722503,1.0012713332255736e-10,-6.499999991348033,-7.727062026112287e-11,-0.064706122025768
4.25,10.68921818,15.88872231,0.1865620517050358,0.2773105182445791,0.0150024919054262,-0.1948331705868344,0.6127154628482001,-1.3960671826839015,2.280263493538299,-0.3368401992370965,1.5218180208059314e-10,-6.499999771878681,-1.1545049938920648e-10,-0.0650252341300601
4.26,11.15829879,14.98977977,0.1947490528067993,0.2616210111353383,0.0211368023640106,-0.2077211664430481,0.6134310458584596,-1.2887995856213998,2.3014842479740767,-0.2934311331308463,1.6371325939885912e-10,-6.499989402546106,-1.2190421134929448e-10,-0.0628911795707543
4.2700000000000005,11.62940311,14.14060654,0.2029713743111683,0.2468001423520432,0.0272349349688315,-0.219457749579112,0.609813260482101,-1.1736583136064185,2.3235554512664454,-0.2526308758474991,1.2427713563941727e-10,-6.499082430008785,-9.068385802863423e-11,-0.0552254020957757
4.28,12.10301321,13.34066155,0.2112374299268679,0.2328384684417101,0.0332586735135113,-0.22997991153027,0.6023738544678839,-1.0522161951156344,2.346211731408524,-0.2141555690161291,6.906638025721933e-11,-6.344935463732064,-4.931337585540247e-11,-0.0389274617606777
4.29,12.57722824,12.58808997,0.2195140435628116,0.2197036165137742,0.0391709191320195,-0.2392414447165376,0.5912245618508291,-0.92615331862678,2.369367325337713,-0.1777910370357835,2.806025947497253e-11,-0.6362932726659725,-1.957456417192992e-11,-0.0016042136561891
4.3,13.07812016,11.90399506,0.2282562567634476,0.2077639079381399,0.0449776070865418,-0.2471777914326306,0.5806687954522416,-0.793634671609317,2.391315316667296,-0.1425744362331494,1.1865470512881202e-11,-0.000629624530119,-8.088670426829848e-12,4.122401317210382e-07
4.3100000000000005,13.58161789,11.27254804,0.237043949928265,0.1967430783872334,0.0506488852844969,-0.25376287947142,0.5671278197955226,-0.6585088038789573,2.413516328096025,-0.1088893141386473,3.830136849025763e-12,-1.7550473029817646e-07,-2.5481808937658187e-12,1.3326959232872578e-10
4.32,14.07521743,10.67354142,0.2456588870875945,0.1862884406269909,0.0561396931807358,-0.2590125281594392,0.5490807896239083,-0.5249648688019305,2.4365665377868093,-0.0771865517857431,8.084174147505225e-13,-1.5310628023822437e-11,-5.238010767821823e-13,-5.3474034553979556e-14
4.33,14.62763905,10.16561828,0.2553004632157954,0.1774235094869228,0.0615129014129855,-0.2628638152224363,0.5373208232249818,-0.3851287062997115,2.456100243591418,-0.0452830738242251,2.923933367068868e-13,-1.7598507418281152e-16,-1.8507325123864397e-13,-1.3938955546044001e-18
4.34,15.26642922,9.77666551,0.2664494549116697,0.1706350030156706,0.066867946679751,-0.2652278868247,0.5355045266765629,-0.2364071602263757,2.470828224223553,-0.0122266051157721,2.624553729657048e-13,-2.1995670793286627e-22,-1.6312048980337281e-13,-1.0529565525907196e-24
4.3500000000000005,15.92940099,9.43458178,0.2780204951459443,0.1646645156096673,0.0722027133182318,-0.2661411062213337,0.5334766638480887,-0.091321939663371,2.4851128442258963,0.0196370028162952,2.321503582035569e-13,-1.8925054811141115e-27,-1.4168056060820694e-13,2.4174658149309078e-29
4.36,16.60740089,9.11809303,0.2898538257291366,0.1591407448766461,0.0775016082425197,-0.265678744049264,0.5298894924287024,0.0462362172069557,2.4995057742925946,0.049853453549431,1.7864453554316686e-13,-2.263108881350849e-28,-1.0698525914367894e-13,9.446627362610153e-30
4.37,17.4802967,9.01817371,0.3050887316404995,0.1573968237562922,0.083019501278987,-0.2636364417147415,0.551789303646747,0.204230233452256,2.503363529926373,0.0849879537093303,1.3951211038746924e-12,-9.266498667273199e-24,-8.31199668056716e-13,7.6346170465906045e-25
4.38,18.37788488,8.94732906,0.320754600708483,0.1561603513563692,0.0887330461265356,-0.26011666252271,0.5713544847548682,0.3519779192031577,2.508424660495685,0.1187369314682869,8.25954446569698e-12,-7.411705641817495e-18,-4.88745626271384e-12,8.91610379001626e-19
4.39,19.33237269,8.9447161,0.337413555663133,0.1561147466011463,0.0946674591009413,-0.2551657962674268,0.5934412974405877,0.4950866255283287,2.5127384799383807,0.1527445591488059,5.6837881867394605e-11,-1.272537111324884e-12,-3.3435790381553713e-11,1.9653155384817922e-13
4.4,20.41309035,9.05591956,0.3562756371145817,0.1580556131177561,0.1009476345903167,-0.2487690929366465,0.6280175489375507,0.639670333078046,2.512759258239442,0.1888436498288563,9.737904289391914e-10,-4.364311835412517e-08,-5.728314555586473e-10,8.220830369924638e-09
4.41,21.52477003,9.20884941,0.3756781077580986,0.1607247425248372,0.107542573156775,-0.241030409157659,0.6594938566458433,0.7738683778987703,2.514588332133634,0.2248034781342496,1.1439061875640665e-08,-0.000178445495686,-6.712160437163206e-09,3.961732077730673e-05
4.42,22.67830822,9.40831811,0.3958111472210945,0.16420612809451,0.1144377238074884,-0.2320473763756785,0.6895150650713535,0.8983032781980673,2.517451179738593,0.2611430441986738,1.0842464902079356e-07,-0.1497211715414985,-6.337040327886345e-08,0.0384199740129376
4.43,23.84350668,9.62576858,0.416147696787262,0.1680013547560192,0.1215722582544224,-0.2219606801259904,0.713453444693414,1.0086696249688325,2.5227971239607045,0.2971803827764333,6.193841978515537e-07,-5.420597074372632,-3.593283725783722e-07,1.5786504013104816
4.44,24.98734762,9.82995383,0.4361114873093689,0.1715650596525269,0.1288393006255578,-0.2109533569607452,0.7267042371134321,1.10073231652435,2.5318731891323942,0.3320914051160323,1.6474794045298356e-06,-6.478335627928921,-9.436032159779172e-07,2.104174100971198
4.45,26.09816489,10.02588345,0.4554989060588837,0.1749846766237082,0.1361225936073459,-0.19919213531575,0.7283292981788192,1.1761221644995434,2.544608837680008,0.3663564550936284,2.004850321573196e-06,-6.499037993796684,-1.1273656590961046e-06,2.323666093824146
4.46,27.14992908,10.18496277,0.473855654128955,0.1777611345295419,0.1432767170562122,-0.1868774063962831,0.7154123448866442,1.2314728919467095,2.5616503875444963,0.3990999901790906,9.283309314812788e-07,-6.499889217587517,-5.089226421227031e-07,2.524732737062094
4.47,28.12055055,10.29430474,0.4907961945710023,0.1796695119166588,0.1501365704625467,-0.1742156324909071,0.685985340633464,1.266177390537628,2.583383885972689,0.4299402848252079,1.369809014138526e-07,-6.499969481805355,-7.25981310185873e-08,2.710522875660129
4.48,28.99906211,10.34659934,0.506129113809834,0.1805822248676722,0.1565369099637178,-0.1614090741702075,0.6400339501171329,1.28065583206999,2.6096600549494022,0.4586006954883065,5.673355584029283e-09,-6.499981371608928,-2.87979815456278e-09,2.8799159939230305
4.49,29.78097388,10.34620611,0.5197760486564307,0.1805753617094546,0.1623232639302508,-0.14863740125839,0.5786353966533054,1.277167291181774,2.6401017257193966,0.485197637239418,5.696890554939829e-11,-6.4999773820770645,-2.7412332045713207e-11,3.0343506217688008
4.5,30.47000193,10.29820202,0.5318018567675268,0.1797375322845309,0.1673644079797164,-0.1360572629233716,0.5041144049465759,1.258013833501869,2.674020917725102,0.5098157977648413,1.187445629852251e-13,-6.499949606080795,-5.3568591887969344e-14,3.1749491165197257
4.51,31.07096343,10.21670996,0.5422906136202507,0.1783152275232981,0.1715529859185427,-0.1237897266203741,0.4188577938826355,1.2267536302997732,2.7107814613302144,0.5329397064890162,3.981010221970336e-17,-6.499815906936483,-1.6632836342851726e-17,3.304933174098514
4.5200000000000005,31.59076063,10.11833056,0.5513627862028981,0.1765981830771616,0.1748073702276125,-0.1119187751968625,0.3254384309069921,1.1870951423511844,2.74971514432181,0.5552399899033161,1.5440709051730232e-21,-6.499017142407675,-5.893055166019769e-22,3.428083649928264
4.53,32.03905306,10.01623938,0.5591869651181643,0.1748163558489154,0.1770741758180934,-0.1004989450249307,0.2266805590480487,1.1419830171930037,2.7900604270237386,0.5773213499739291,5.6978972032957524e-27,-6.492990297541179,-1.9567511410781507e-27,3.5453586263406045
4.54,32.39909872,9.89652148,0.5654709473426803,0.1727268843203421,0.1782868376771409,-0.089597593004917,0.1212661859047557,1.090135202001399,2.8326271019974367,0.5982993380522025,3.1426452996097605e-33,-6.427402557535907,-9.5088173685258e-34,3.621207245679021
4.55,32.72474994,9.83431538,0.5711546333448169,0.1716411830605173,0.1784725796462977,-0.0791613730194829,0.0185741969156803,1.0436219985434314,2.874058467514206,0.6227143171379534,3.22444148544844e-37,-5.895912550188412,-8.471761829577134e-38,3.4391529422987834
4.5600000000000005,32.99899612,9.82688896,0.5759411321468338,0.1715115675798813,0.1776384347344556,-0.0691422544738748,-0.0834144911842184,1.0019118545608308,2.9153692067565204,0.6510412506517225,2.8392738267881017e-35,-3.596877857498423,-6.341684176240951e-36,2.179684860501719
4.57,33.18102025,9.80230225,0.5791180525334121,0.1710824485381483,0.1757374314412742,-0.0595999998864918,-0.190100329318142,0.954225458738322,2.8843661222472017,0.6788698950768908,2.9397629096479417e-29,-0.6223403871303257,-7.433515931638254e-30,0.3907243201892965
4.58,33.32824515,9.88797152,0.5816876117793315,0.1725776593674283,0.1728201243072555,-0.0503971112742972,-0.2917307134018783,0.9202888612194748,2.973763582537028,0.7156764934715593,2.127487574723497e-23,-0.1082283455236699,-3.590602850240463e-24,0.0709976480189703
4.59,33.38160193,9.97500595,0.5826188632685937,0.1740966967335248,0.1688521186080447,-0.0415668020147254,-0.3968005699210798,0.8830309259571957,3.0719421060682346,0.7544966073905272,3.5359231324309275e-18,-0.013640441998499,-2.2730895281240103e-19,0.0093406806914487
4.6000000000000005,33.36504109,10.08787051,0.5823298220836977,0.1760665549143395,0.1638454367323639,-0.0331006124424679,-0.500668187568098,0.8466189572257699,-3.108139886942998,0.7976596940518431,7.852975984988361e-14,-0.0016360156417677,6.378760130660594e-16,0.0011707236112507
4.61,33.23323042,10.25261055,0.580029291902938,0.1789418110222067,0.157751155416728,-0.0249496455481498,-0.6094281315634877,0.8150966894316799,-2.993705554345569,0.8481362860464977,5.796801663069967e-10,-0.0002418363412131,-1.785871897684415e-13,0.0001813680072277
4.62,33.00359144,10.41929114,0.5760213356110165,0.1818509361168734,0.1505585739111872,-0.0171409874838843,-0.7192581505541016,0.7808658064265676,-2.8719418887579584,0.9026226384429178,1.3266632781872533e-06,-2.7987378445318525e-05,1.2106531710858124e-08,2.196803719372564e-05
4.63,32.66093709,10.5952478,0.5700408890072355,0.1849219591746856,0.1422434179225338,-0.0096861589240906,-0.8315155988653578,0.7454828559793922,-2.7424047887890137,0.9623257740236948,0.0013167635069994,-2.732933053185731e-06,1.3115535872158452e-05,2.2425385314472192e-06
4.64,32.1980841,10.77307524,0.5619625803790352,0.1880256335030783,0.1327811313023475,-0.0026041982667128,-0.946228662018648,0.7081960657377947,-2.606958481839911,1.0272048403495897,0.6053212332417508,-2.092838152730806e-07,0.0073498473322454,1.7913703912626718e-07
4.65,31.62807564,10.97127262,0.5520140559878127,0.1914848303529047,0.1221772418817281,0.0041175248844463,-1.060388942061959,0.6721723151159323,-2.470993680804769,1.099487326907768,6.260045106042972,-1.5394011914985033e-08,0.0978991221292407,1.3717746002918488e-08
4.66,30.90788207,11.11541063,0.5394443069396205,0.1940005132046771,0.1103812015025629,0.0103827605911952,-1.17960403791655,0.6265235706749055,-2.332838307395904,1.1731455459925226,6.498646823218273,-4.6000806280287316e-10,0.1187313819934076,4.241808479566966e-10
4.67,30.11423544,11.31470082,0.5255925601487633,0.1974787831871022,0.0974700285004237,0.016268584933138,-1.291117300213949,0.588582434194292,-2.2046239748000307,1.2574480375074262,6.499984043960888,-2.0491317948132693e-11,0.1308310193497713,1.9496002520995818e-11
4.68,29.17373847,11.44265495,0.509177791417233,0.1997120040471271,0.083413150416547,0.0216606943935685,-1.4056878083877005,0.5392109460430575,-2.080594450229336,1.3428445385149412,6.4999997599478565,-2.6203236463966906e-13,0.1406776705838682,2.552745119634858e-13
4.69,28.17716229,11.60903309,0.4917842558292852,0.2026158503934712,0.0683264266951164,0.0266207281641995,-1.5086723721428237,0.4960033770630224,-1.9688408757282143,1.4366246680608676,6.499999992740283,-4.153123987636617e-15,0.1483898567364624,4.115927643384557e-15
4.7,27.15579381,11.84634568,0.4739580129771954,0.2067577364454065,0.0523701495517746,0.0312563456489064,-1.595627714334206,0.4635617484706965,-1.8684529843621924,1.5387871605951198,6.499999999548513,-1.470761604221022e-16,0.1542337276962025,1.4700110058051191e-16
4.71,26.02744424,12.00878492,0.4542645978672332,0.2095928360178438,0.0355750676483247,0.0354522015656635,-1.6795081903450328,0.4195855916757216,-1.7738412872937988,1.6429276168413107,6.499999999964605,-1.0744307231140945e-18,0.1585200560855785,1.0716470607888998e-18
4.72,24.95032504,12.28657731,0.4354653213907858,0.214441227860328,0.0182112727062392,0.0393878255981484,-1.7363794942085886,0.3935624032485021,-1.6882458906097777,1.748957260019354,6.499999999993247,-4.696783144153924e-20,0.1611405783063985,4.6226842490944487e-20
4.73,23.84286771,12.54894476,0.4161365446569405,0.2190204037128896,0.0004086704998676,0.0430354514822958,-1.7802602206371885,0.3647625884147467,-1.6068762396846632,1.8545101911967985,6.499999999998056,-1.1574909728571269e-21,0.1623704760023288,1.1113416029785408e-21
4.74,22.73805224,12.81054043,0.3968538770784718,0.2235861094633501,-0.017661406372065,0.0463933887919155,-1.8070076871933165,0.3357937309619733,-1.5286524278393472,1.9574064442467245,6.49999999999908,-2.0981562845660905e-23,0.1623233435647855,1.943593826608637e-23
4.75,21.71587358,13.16340256,0.3790134939178482,0.2297447154374504,-0.0357210116195306,0.0495984946905271,-1.805960524746592,0.3205105898611697,-1.451602848401915,2.047989342809257,6.499999999999059,-2.30128351379796e-24,0.1611003494777196,2.0445066889732674e-24
4.76,20.71294759,13.48709766,0.3615091332385245,0.2353942607050227,-0.0536101933162904,0.0525985248741734,-1.7889181696760217,0.300003018364635,-1.3742429693392146,2.136050526800438,6.499999999998509,-9.952148970336386e-26,0.1587632935912192,8.404900893455956e-26
4.7700000000000005,19.7815541,13.84560251,0.3452532502063836,0.2416513507218911,-0.0711059066367998,0.0554418631506587,-1.7495713320509725,0.2843338276485389,-1.2943795092252153,2.21360556744393,6.499999999995549,-8.118744549590077e-27,0.1553098431986039,6.498370626302279e-27
4.78,18.89921999,14.20147723,0.3298536148842297,0.247862536310504,-0.0880403149479072,0.0581183330449127,-1.693440831110481,0.26764698942536,-1.211086446988631,2.2855554902842377,6.499999999977864,-4.9122028348263885e-28,0.1507582380152118,3.709557340501637e-28
4.79,18.0668231,14.537034,0.3153255484703687,0.2537191067743614,-0.1042625509103285,0.0605935192430939,-1.62222359624216,0.2475186198181264,-1.1232567659668071,2.354581666825972,6.499999999816929,-1.3342151189348222e-29,0.1451132846176985,9.447727079353033e-30
4.8,17.27905875,14.84749055,0.3015764668330357,0.2591375957562438,-0.1196475766402176,0.0628302036644816,-1.538502572988942,0.223668442138769,-1.0302823594720294,2.4214849415073223,6.499999997530924,-1.3115086840133538e-31,0.1383675901884666,8.647209473826053e-32
4.8100000000000005,16.52677335,15.1221634,0.2884466096883532,0.2639315413545802,-0.1341006222203375,0.0647801354173338,-1.445304558012023,0.1949931752852254,-0.9322378699012333,2.4881386608699536,6.499999947292081,-2.822029842119057e-34,0.130426092191413,1.7155249622411503e-34
4.82,15.80278764,15.35094611,0.2758106753114643,0.2679245529157156,-0.1475523570816183,0.0663861810781115,-1.3451734861281048,0.1606045660777744,-0.8296943641771106,2.556455046643271,6.499998245542652,-6.507723162488122e-38,0.120912208127321,3.595713897653116e-38
4.83,15.08591625,15.53342061,0.263298909242616,0.271109333741646,-0.159978058802914,0.0675978584694212,-1.242570172129602,0.1211677391309713,-0.7251275175445705,2.62676026210844,6.499917136055243,-8.400348392133966e-43,0.1091096423118651,4.139890739009777e-43
4.84,14.38490908,15.68776192,0.2510640260460284,0.2738030977729873,-0.1713494502907111,0.0683986959253785,-1.137139148779733,0.0800837455957329,-0.6189794439979184,2.6958409867732684,6.494001218498468,-8.668666131593604e-49,0.0933803850611732,3.7400195394722246e-49
4.8500000000000005,13.68515723,15.82211896,0.2388510523166069,0.2761480704942209,-0.1816699533211419,0.0687886147655102,-1.0320503030431054,0.0389918840131642,-0.5142076581794577,2.76260666404572,5.929019621123057,-5.1737484563607696e-55,0.0689936056688069,1.911751334217412e-55
4.86,12.99611652,15.95996278,0.2268250232468275,0.2785538990067474,-0.190936162881041,0.0688052442755195,-0.9266209559897648,0.0016629510009314,-0.4112575090180118,2.822427509867027,0.3829357695473157,-5.015690849700979e-58,0.003828884469211,1.5668246169068493e-58
4.87,12.31697778,16.12158316,0.2149718161559818,0.2813747067760718,-0.1991537212361338,0.068515733911347,-0.8217558355092922,-0.0289510364172482,-0.3115427663907029,2.87113768401281,0.0014778429253269,-2.432668678264084e-56,1.4623359132491966e-05,6.459660768937623e-57
4.88,11.66454365,16.33778814,0.203584692435097,0.2851481955362803,-0.2063103180622418,0.068029341571986,-0.7156596826108127,-0.0486392339361037,-0.2140806139480577,2.9016792633821598,2.600206992346938e-06,-8.524941391610281e-54,1.593695722773719e-08,2.0147964193170963e-54
4.89,11.05350021,16.63628242,0.1929199725343846,0.2903579035206501,-0.2123804677525315,0.067488460541404,-0.6070149690289869,-0.0540881030582013,-0.1179961943924522,2.9077696415981213,1.6854204080070063e-09,-4.578947495688269e-53,-1.9589261570343765e-12,1.0556985623315704e-53
4.9,10.49826162,17.04087489,0.1832292310047537,0.2974193742509265,-0.2173272342649293,0.0670589886741695,-0.4946766512397887,-0.042947186723446,-0.0224451117651414,2.8850300876934565,2.7868205328210843e-13,-7.370359319222531e-55,1.974265536004959e-15,1.8589953362006783e-55
4.91,10.0203319,17.57640954,0.1748877837976191,0.3067662171519419,-0.2210929517709863,0.0669286429428247,-0.3765717506057139,-0.0130345731344852,0.0741671726095585,2.8314681355598776,6.622453192941187e-18,-3.1456024270025706e-58,-4.609409289688078e-19,9.552843594652401e-59
4.92,9.62386458,18.23905701,0.1679681236870612,0.3183315972834523,-0.2236272205151975,0.0672612329195277,-0.2534268744211252,0.0332589976703039,0.1710313588302051,2.7568284584350864,1.81062223026602e-23,-3.767690466603645e-56,-3.110226740301498e-24,1.4127482522976701e-56
4.93,9.35205819,19.07160344,0.1632242072536014,0.3328622736626768,-0.2248286402017574,0.0682665312604611,-0.1201419686559899,0.1005298340933471,0.2717387755292093,2.664297173818288,1.3575064059839618e-29,-1.1089238912567453e-45,-3.6214231901540805e-30,5.098920076539891e-46
4.94,9.1732704,20.02484869,0.1601037716557372,0.3494995418541732,-0.2246611516056834,0.0700585214074554,0.0167488596073935,0.1791990146994005,0.3707191916965889,2.579327278113459,2.815075036551034e-32,-1.0567334564523996e-35,-1.0181620204632945e-32,5.636711651686753e-36
4.95,9.10253297,21.1021351,0.1588691705978382,0.3683017366956629,-0.2230793741190474,0.0727405247788547,0.1581777486636104,0.2682003371399318,0.4683303044465646,2.5088320708233245,4.552173413454902e-28,-1.0151366871056296e-27,-2.056689887494555e-28,6.003591850299445e-28
4.96,9.11872323,22.26876622,0.1591517439415921,0.3886632908958919,-0.2200834725277121,0.0763489911677129,0.2995901591335345,0.3608466388858305,0.5614186703205455,2.459773893347446,2.113037547190057e-21,-1.4273689968755796e-21,-1.1256057686202768e-21,8.994106051965856e-22
4.97,9.20338106,23.49496762,0.1606293018126858,0.4100645426184559,-0.2157113215866905,0.0808662199311613,0.4372150941021706,0.4517228763448496,0.6481845054978126,2.4318281515496247,1.6334792426570997e-15,-7.925134038246306e-17,-9.861748124303437e-16,5.1634684202657066e-17
4.98,9.31879098,24.73330792,0.162643584906149,0.4316776581135902,-0.210063624609104,0.0861989713405766,0.5647696977586584,0.5332751409415417,0.7262771041277126,2.4236882848462016,6.506037224319997e-11,-2.757501742773862e-13,-4.3197122132874115e-11,1.813544389631752e-13
4.99,9.46785452,25.98189681,0.1652452344738273,0.4534696452479115,-0.2032374760291133,0.0922530434119499,0.6826148579990872,0.6054072071373391,0.7973500700835042,2.4290377230250053,2.7788240385354936e-07,-1.4605636274911003e-10,-1.9879093859724638e-07,9.546861810260144e-11
5.0,9.58317483,27.1736171,0.1672579535777478,0.4742690880712332,-0.1954303943069854,0.098837491181532,0.7807081722128073,0.658444776958224,0.8583960468657402,2.448486889103018,0.0001250903324139,-9.56768011613885e-09,-9.465814524486876e-05,6.112062561914451e-09
5.01,9.64748193,28.29020434,0.1683803242051571,0.4937572117949893,-0.1868558422944567,0.1057466152775429,0.8574552012528841,0.6909124096011043,0.9105529659200554,2.4784179587199158,0.0094751407033749,-1.0850950040005715e-07,-0.0074836945769301,6.679520790275867e-08
5.0200000000000005,9.63474806,29.3107941,0.1681580762471361,0.511569863419128,-0.1777533164952647,0.1127588836173675,0.910252579919224,0.7012268339824806,0.9542067896352796,2.5167192805486605,0.1470304746707988,-2.415540611064339e-07,-0.1199599140043072,1.413226634089069e-07
5.03,9.52640317,30.21941832,0.1662671011889251,0.5274283477214934,-0.1683733024293857,0.1196471496369516,0.938001406587755,0.6888266019582943,0.9899162701980792,2.561800799044014,0.5369802933093025,-1.0993560502165005e-07,-0.4489396615029172,6.025430844090796e-08
5.04,9.31663357,31.01101654,0.1626059309983336,0.5412443430134198,-0.1589555689641443,0.1261969275788157,0.9417733465241558,0.6549777941864274,1.0185029799336924,2.612025964347973,0.5937579862847211,-1.0471285823239841e-08,-0.5055332506091403,5.293924380746043e-09
5.05,8.99746688,31.67846219,0.1570354213951415,0.5528934671840335,-0.1497315510259416,0.132203818262821,0.9224017938202936,0.6006890684005439,1.040203323781263,2.666566061606292,0.2122714489990013,-1.815395754192367e-10,-0.1831079623425314,8.310639433745674e-11
5.0600000000000005,8.58474412,32.2262076,0.1498320503352231,0.5624534280512198,-0.1408880160769242,0.1374912649153024,0.8843534949017512,0.5287446652481517,1.0560323086057837,2.724224020580342,0.0259772400902407,-4.848461751692693e-13,-0.0226138092867583,1.9656784300941878e-13
5.07,8.09247703,32.66512118,0.1412403688155119,0.5701139151539353,-0.132572237980327,0.1419189535201334,0.8315778096597404,0.4427688604831098,1.0665577947660152,2.783778676007468,0.0012035798979369,-1.5260367779718763e-16,-0.0010539308418619,5.332124393880005e-17
5.08,7.54562047,33.00754311,0.131695921307382,0.5760903052634688,-0.1248780389309315,0.1453829224208415,0.769419904939565,0.3463968900708121,1.072727642992028,2.844260290432957,2.531528738425303e-05,-3.57409478221476e-21,-2.2242787915556985e-05,1.0414129264272116e-21
5.09,6.96612026,33.25380757,0.1215817346268834,0.5803884309211147,-0.1178541234273955,0.14779547422209,0.7023915503536201,0.2412551801248576,1.0753173265734413,2.9058844197730487,2.775397980538237e-07,-2.4923921600519864e-27,-2.4419786313867174e-07,5.790935271605162e-28
5.1000000000000005,6.38282927,33.41798373,0.1114013863541661,0.5832538454663958,-0.1114972930382885,0.14910474114354,0.6356830389107071,0.1309266921450086,1.0756568164278724,2.967956578594292,2.013395226488053e-09,-4.933532551412954e-35,-1.7718434299314074e-09,8.594887942102124e-36
5.11,5.8148614,33.5038038,0.101488476977127,0.5847516882521877,-0.1057713416671613,0.1492767387745001,0.5725951371126324,0.0171997630959986,1.0747955557178803,3.0307931758216413,1.1738043263705146e-11,-4.525973760276939e-41,-1.0324990292805307e-11,5.059852165850693e-42
5.12,5.30402441,33.53123362,0.0925726895606496,0.5852304289244172,-0.1005764086669817,0.1483180933576551,0.5194933000179743,-0.0958645416845003,1.075676473634308,3.09349557280736,9.804688968527997e-14,-1.4544356253119786e-37,-8.628488863502036e-14,5.7942020735159966e-39
5.13,4.92388703,33.56068169,0.0859380406697448,0.585744394704275,-0.0957079510140465,0.1463323092581429,0.4868457652935288,-0.1985784099512237,1.0841121751560427,2.972969375343743,3.928078014041856e-15,-2.623062817109392e-30,-3.4724894034135627e-15,4.446567557738079e-31
5.14,4.49610029,33.4038581,0.0784717535603718,0.5830073067139773,-0.0912413865881989,0.1431432997563222,0.4466564425847681,-0.3189009501820701,1.0878847259122528,3.0411331679220166,5.694569746894949e-17,-9.741173846747645e-23,-5.04411921107762e-17,9.773394582270762e-24
5.15,4.22273069,33.24881346,0.0737005539655119,0.580301267258408,-0.0869426120856533,0.1388765148256218,0.4298774502545699,-0.4266784930700575,1.1018900507764835,3.1043664600629017,8.23045008899325e-18,-2.5776912922522838e-17,-7.343194145166376e-18,7.364426726510628e-19
5.16,4.05069606,33.04101912,0.0706979832445617,0.5766745718583994,-0.0826751122524177,0.1335740086793605,0.4267499833235663,-0.5302506146261406,1.1225139729864702,-3.115441879975649,5.267775718976506e-18,-5.069600753318529e-13,-4.7480214901879485e-18,-3.845673159961928e-15
5.17,3.97617061,32.7720527,0.0693972687655313,0.5719802222520975,-0.0783194986426235,0.1272693520289107,0.4355613609794316,-0.6304656650449876,1.1491658826758488,-3.051050314174235,1.2908390355220588e-17,-1.6968485394421902e-09,-1.1779761745022669e-17,-2.16042487130764e-12
5.18,4.0016069,32.43473373,0.0698412157755234,0.5660928955961615,-0.0737636149389046,0.119989958095157,0.4555883703718968,-0.7279393933753905,1.1813246104642974,-2.984849072048436,1.0531662498973476e-16,-1.6171077742878957e-06,-9.744439330971959e-17,-6.522036289517697e-10
5.19,4.09859857,32.02453971,0.0715340397640312,0.55893365937517,-0.0689485810855601,0.1117613464343019,0.4815033853343833,-0.8228611660853775,1.2163514871683916,-2.916271456785424,1.4563142764725625e-15,-0.0005993278524811,-1.3659852792133037e-15,-4.17927378100775e-06
5.2,4.27116715,31.53935105,0.0745459296705225,0.5504655197648307,-0.0638165333640104,0.1026106807941462,0.5132047721549736,-0.9150665640155932,1.2538170325416509,-2.844968731028093,3.119226715219206e-14,-0.1033377523943705,-2.9642118300626666e-14,-0.0010049789605853
5.21,4.51233474,30.96467847,0.0787550981651222,0.5404355911229002,-0.0583273022212069,0.0925481827878121,0.5489231142803619,-1.0062498006334315,1.2927144023663004,-2.7693553642315627,8.135600001241607e-13,-4.079660033312732,-7.823911857946842e-13,-0.0406695979902562
5.22,4.79915155,30.31066355,0.0837609958496892,0.5290208774117329,-0.0524809159215872,0.081604875742759,0.5846386299619851,-1.0943307045053303,1.3316080571206037,-2.690379486848007,1.755605265065577e-11,-6.4381804490653165,-1.7057727187999752e-11,-0.066909340757757
5.23,5.11850123,29.57579657,0.0893346992308795,0.5161950290465456,-0.0462995756371413,0.0698134062794499,0.6181340284446057,-1.1791469463309376,1.369929208142025,-2.607802483985441,2.6778679780526926e-10,-6.498428122944445,-2.6241981172468336e-10,-0.0787645655769005
5.24,5.47490019,28.76676336,0.0955550345335631,0.5020747357740668,-0.0397994307500398,0.0572197806638268,0.6500144887101558,-1.259362561562338,1.4078751866096608,-2.522234070551918,3.160040320483918e-09,-6.499939329202464,-3.1183349491787472e-09,-0.0935297939602226
5.25,5.8710695,27.89775723,0.1024694933884172,0.486907717585553,-0.0329936476053768,0.0438929900471711,0.6805783144663187,-1.3326790616655977,1.4455202736363568,-2.434932098552877,3.0360275711033854e-08,-6.499996328335467,-3.0123184454764065e-08,-0.1067060214394458
5.26,6.26920638,26.97054203,0.1094182928180347,0.4707247594710153,-0.0259527161728015,0.0299042288112343,0.7040931432575473,-1.398876123593704,1.4821577926993863,-2.3458589509701664,1.6186776300364417e-07,-6.499999669638155,-1.612345990898758e-07,-0.117369458827303
5.2700000000000005,6.70424957,26.01655777,0.117011228871914,0.4540745931218136,-0.0186910947610908,0.0153699939754126,0.7261621411710827,-1.4534234835822006,1.5185762290054488,-2.25740224200999,7.443622658226231e-07,-6.499999950785782,-7.433513265295493e-07,-0.126157253514319
5.28,7.18041116,25.05841609,0.1253218163889453,0.4373518661052237,-0.011217486675865,0.0004343798929483,0.7473608085224648,-1.4935614082462008,1.5547957221089383,-2.1705558689120314,3.103665105678475e-06,-6.499999987359674,-3.1032692950810523e-06,-0.1336792931980715
5.29,7.65878246,24.08154621,0.1336709706209909,0.4203022703356618,-0.0035992538847182,-0.0147891540568989,0.7618232791146933,-1.5223533949847652,1.5905939419689574,-2.0832196758273533,8.051320782894959e-06,-6.499999995145833,-8.049748869667443e-06,-0.1404833564448285
5.3,8.1689049,23.13557835,0.1425742867872981,0.403792016560617,0.0041446328636354,-0.0301212884852957,0.7743886748353848,-1.5332134428397113,1.626174642696684,-1.997664252420141,1.824621521503117e-05,-6.49999999662252,-1.8218347111875858e-05,-0.1465100814980539
5.3100000000000005,8.65729903,22.16095631,0.1510983724032113,0.3867816530001132,0.0119164376168726,-0.0454847796861119,0.777180475323744,-1.5363491200816468,1.661739090573522,-1.908992379423452,2.195625222103512e-05,-6.499999996987651,-2.1865847174318203e-05,-0.1520161136345674
5.32,9.17438064,21.24425632,0.1601231489992245,0.3707822199216141,0.019701208914985,-0.0606808184520234,0.778477129811254,-1.5196038765911848,1.6971255069432147,-1.8205941775316687,2.410772204452395e-05,-6.4999999948820655,-2.391628357717561e-05,-0.1565687829575281
5.33,9.66186682,20.33072505,0.1686313878981943,0.3548380914401888,0.0273985955128065,-0.0756092100561126,0.7697386597821617,-1.4928391604089513,1.7330145114385416,-1.7282385068085897,1.3925947552713217e-05,-6.499999987853627,-1.3743736269999011e-05,-0.1600774595781426
5.34,10.11019646,19.42791269,0.1764562162504751,0.3390810432304884,0.0349031251699977,-0.090168854907552,0.7504529657191353,-1.455964485143974,1.769784848215822,-1.631076008637352,4.0044923675056265e-06,-6.499999958902867,-3.925724318786296e-06,-0.1621391054393997
5.3500000000000005,10.54193587,18.5607677,0.1839914904655929,0.3239465080628151,0.0421530611131037,-0.1042328993647651,0.7249935943106177,-1.4064044457213356,1.8071929030682,-1.5280908474380228,7.349604085441462e-07,-6.499999777193264,-7.14580905216429e-07,-0.1623186053099199
5.36,10.90493317,17.7035296,0.1903269885264425,0.3089848807442747,0.0490163256239122,-0.1177266025715713,0.6863264510807406,-1.3493703206804126,1.8467297120913817,-1.4176583672802818,4.950947836922613e-08,-6.499998324962525,-4.7641727659948145e-08,-0.1602057511195691
5.37,11.2073922,16.86687781,0.1956058944523308,0.2943825523160705,0.0553869647864449,-0.1305697338091822,0.6370639162532871,-1.2843131237611185,1.8885772429746537,-1.298754230249885,1.2700564369532567e-09,-6.4999814765115165,-1.206621660913177e-09,-0.1555232971438991
5.38,11.45812985,16.05263349,0.199982092003544,0.2801713080164082,0.0611846132762423,-0.1426906759375622,0.5797648489797579,-1.21209421283802,1.932838879155071,-1.1705957467821018,1.2466969111584514e-11,-6.499693352403989,-1.1660508772214572e-11,-0.1482450912345523
5.39,11.65852036,15.2632604,0.2034795661927946,0.2663941485692667,0.0663418741147599,-0.1540252657485957,0.5157260838517674,-1.1334589811033793,1.979880980178778,-1.0329372257272411,4.093192070402623e-14,-6.492175857968807,-3.75603080029213e-14,-0.1384036223640053
5.4,11.82039176,14.50108851,0.2063047550876073,0.2530917396226186,0.0708192104432152,-0.1645168237774591,0.4477336328455426,-1.049155802886362,2.029518828635898,-0.8863791053604371,4.287387985185495e-17,-6.193658520671777,-3.84474524640452e-17,-0.1204030719017049
5.41,11.97278157,13.78381647,0.2089644590185959,0.2405729808921222,0.0746283746514012,-0.1740932800163775,0.3809164208186039,-0.9576456238918628,2.080177447541617,-0.7303519996329337,1.8337759237863396e-20,-1.3370782753126629,-1.601188022480535e-20,-0.0225803625273668
5.42,12.135711,13.11027713,0.2118081140204935,0.2288175017674126,0.0778145869868482,-0.1826968054100206,0.3186212335447079,-0.8603525393643191,2.1301794566059824,-0.5674472152483334,4.0332662833780166e-24,-0.010590118020005,-3.418863986441565e-24,-0.0001377220223875
5.43,12.34764667,12.51798453,0.2155070892644137,0.2184800457622149,0.0804806856539554,-0.1902260252373291,0.2666098667107209,-0.752921982730872,2.1756658399503253,-0.3943795084350909,1.1312876369587465e-27,-2.1000964890890727e-05,-9.306174196319258e-28,-2.0904882112076074e-07
5.44,12.62461121,11.98855983,0.2203410323986852,0.2092398416058316,0.0827481955669667,-0.196622809125494,0.2267509913011007,-0.6396783888163892,2.214143379297421,-0.2191059402336291,8.867186642214104e-31,-1.2336809355192285e-08,-7.094570385170995e-31,-8.047973194968548e-11
5.45,13.0007145,11.53824125,0.2269052731367683,0.2013802997019262,0.0847816403786485,-0.2018180291859287,0.2033444811681802,-0.5195220060434796,2.241457909880172,-0.0438258335891027,9.219667357364852e-33,-1.3156040733783489e-12,-7.222502482054151e-33,-1.0533779777020728e-14
5.46,13.45930719,11.12602327,0.234909225502846,0.194185738715006,0.0867084595511189,-0.2058173412496508,0.1926819172470408,-0.3999312063722229,2.2593533018366907,0.1178429915503883,1.1406588576264037e-33,-2.9048178400252805e-17,-8.807173671129398e-34,3.4669619089224707e-18
5.47,14.13676892,10.90669591,0.2467331632476028,0.1903577541432991,0.088847950212439,-0.2084063551561111,0.2139490661320149,-0.2589013906460324,2.2547837931512444,0.2919503284899711,1.137185299662948e-31,-7.822541191465851e-24,-8.813339290302068e-32,2.23880264816508e-24
5.48,14.91311117,10.71582506,0.2602828916324438,0.1870264293647189,0.0913127892397198,-0.2096411211324486,0.2464839027280865,-0.123476597633748,2.244299843955333,0.4416596561609149,6.290147940787991e-29,-1.3188594633222088e-30,-4.916425441017879e-29,5.641014827485699e-31
5.49,15.82924781,10.60593845,0.2762724923986018,0.185108546216364,0.0942641650611249,-0.2095052220070042,0.2951375821405151,0.0135899125444374,2.226543631170443,0.5773226258519508,2.3376576286553447e-25,-8.28408477473541e-34,-1.8527776135815103e-25,4.523356312855537e-34
5.5,16.85323233,10.54608729,0.2941443937620555,0.184063946413226,0.0977985420166409,-0.2080390057017921,0.3534376955516108,0.1466216305212157,2.207497849570897,0.6957848622990332,1.0704802334021357e-21,-1.2549418350908046e-29,-8.60739751984015e-22,8.042658550063226e-30
5.51,18.00708827,10.55726585,0.3142829790087497,0.1842590490908578,0.102032400940096,-0.2052579865772344,0.423385892345516,0.2781019124557752,2.187332527455496,0.8022973017863466,5.789797136653673e-18,-5.552935245469768e-23,-4.723985761556394e-18,3.9916078100359736e-23
5.5200000000000005,19.21462877,10.57995393,0.3353585365849282,0.1846550307878136,0.1069541967966241,-0.2012734438684227,0.4921795856528251,0.3984542708811796,2.1729959776231365,0.8934330458628862,8.318915582900682e-15,-1.992196422127743e-17,-6.855916734396874e-15,1.552298837671014e-17
5.53,20.45912548,10.60824784,0.3570791017046653,0.1851488526755766,0.1125233717702032,-0.1962045522042048,0.556917497357819,0.5068891664217074,2.1646700061677744,0.9727450308286628,3.4425271253465364e-12,-3.75303903278455e-13,-2.853276072145508e-12,3.101822187676463e-13
5.54,21.70098369,10.61521893,0.3787536163120885,0.1852705211485294,0.1186392205118436,-0.1902078330351067,0.6115848741640553,0.599671916909818,2.163549564779513,1.0415619688634286,3.4420818059814966e-10,-5.61575763590963e-10,-2.855067039318004e-10,4.848083218125606e-10
5.55,22.90802413,10.58714933,0.3998204461948095,0.1847806142088117,0.1251577041727185,-0.1834534217395517,0.6518483660875068,0.6754411295555213,2.1698797781064263,1.101968317556415,8.190392266125017e-09,-1.161621678253964e-07,-6.764446512545318e-09,1.0364380775015412e-07
5.5600000000000005,24.06041858,10.52613485,0.4199335236290187,0.1837157106414194,0.1319144814257788,-0.1760994125613959,0.6756777253060403,0.7354009178155919,2.183216911308847,1.1563442397526682,5.08205226043255e-08,-5.552661422023853e-06,-4.1586062870964857e-08,5.083353956770242e-06
5.57,25.12163544,10.40794497,0.4384552519136944,0.1816529080928824,0.1387031079076701,-0.168330529939218,0.6788626481891441,0.7768882622178118,2.2043738542778666,1.205151127517603,7.015340662038637e-08,-6.74458415993067e-05,-5.653843184626664e-08,6.299650834680904e-05
5.58,26.07980431,10.23486984,0.4551784534853079,0.1786321772210652,0.1453166815648511,-0.1603155028598071,0.6613573657181129,0.8015027079411018,2.233015645356721,1.249887674380147,2.2214961681951224e-08,-0.0002716791684252,-1.7518906580904416e-08,0.0002578433301003
5.59,26.92504457,10.01225699,0.4699306789927208,0.1747468500313169,0.1515523717356804,-0.1522027139248555,0.62356901708295,0.8112788934951771,2.2691692781737647,1.2917300044739588,1.5144038971733471e-09,-0.0004435746075772,-1.1597722990957983e-09,0.0004264606793206
5.6000000000000005,27.65408733,9.74598852,0.4826548755425476,0.1700995885355692,0.1572223763175401,-0.144120075063491,0.5670004581859771,0.8082638861364683,2.312874646287733,1.3315507177977597,1.978578238688778e-11,-0.0003391348395804,-1.4581327337323895e-11,0.0003295039597332
5.61,28.27076732,9.44936052,0.4934179717992134,0.1649224532819635,0.1621645597069968,-0.1361649222443433,0.4942183389455933,0.7955152819146444,2.364042195464018,1.37022334752276,4.159739518513229e-14,-0.0001441634140486,-2.9176280225704656e-14,0.0001412825210617
5.62,28.7802503,9.13661697,0.5023101272830858,0.1594640486200879,0.1662434417875383,-0.1284045020825866,0.4078882080541611,0.7760420161756875,2.422720033459445,1.4084264671067808,1.0197598385673879e-17,-3.984934740711137e-05,-6.714148545284895e-18,3.93269728888236e-05
5.63,29.18614747,8.81989207,0.509394369324113,0.1539361562920382,0.1693466299590868,-0.120881133844826,0.3103188171548542,0.7523368237760766,2.4892302373581447,1.4466103250397313,1.7123130093758393e-22,-8.133316409143588e-06,-1.0394432239707333e-22,8.070900558558085e-06
5.64,29.51141004,8.52556127,0.5150712721041115,0.1487991147420092,0.171412327141471,-0.1135930271163525,0.206569718238424,0.7288106728473661,2.562109150075432,1.4853491581551874,1.7957685907640741e-28,-1.6004800479606452e-06,-9.837768654230755e-29,1.5946620569273973e-06
5.65,29.73023951,8.22834641,0.5188905668560057,0.1436117368491552,0.1723532941323272,-0.1065741060255913,0.094096699085621,0.7018921090761351,2.6445947932991456,1.524192669500073,2.926145008291978e-35,-2.365399573543057e-07,-1.3964642369115937e-35,2.3628408309379538e-07
5.66,29.89137952,7.98153192,0.5217029905872023,0.1393040113570246,0.1721700427699403,-0.0997750197842194,-0.0183251362386897,0.6799086241372063,2.731871585790273,1.5637011199334612,5.408798392880791e-38,-4.6427029568342606e-08,-2.1544959080759757e-38,4.6425865316362274e-08
5.67,29.957514,7.75414638,0.5228572550122965,0.1353353850125993,0.1708159447238328,-0.0931946450430975,-0.1354098046107478,0.658037474112204,2.8527625016275544,1.6034202048296609,5.412910325454797e-33,-8.730978552566928e-09,-1.5329196719231958e-33,8.726349953837236e-09
5.68,29.94331608,7.55409023,0.5226094545613618,0.1318437465062357,0.1682785715975228,-0.0868187640752428,-0.2537373126310109,0.6375880967854793,2.936992278264253,1.6432267272432384,9.771067661572756e-26,-1.735371594269235e-09,-1.983782061759286e-26,1.7308381979546806e-09
5.69,29.86395972,7.40148318,0.5212244247969638,0.1291802510219801,0.1645776265012359,-0.0806032806742853,-0.37009450962863,0.6215483400956525,3.024341991730444,1.6828252383614908,1.540632976374088e-19,-4.6529865762581934e-10,-1.829101477579796e-20,4.6239222093379774e-10
5.7,29.71794656,7.30329231,0.5186760144037226,0.1274664970450824,0.1597373957953392,-0.0744964432284415,-0.4840230705896778,0.6106837445843899,3.1149120892575195,1.721841220361193,1.5088868522039556e-14,-1.837010717504688e-10,-2.818429624343982e-16,1.8161666930188318e-10
5.71,29.48182508,7.21237195,0.5145549171430407,0.1258796374059838,0.1537536995128147,-0.0685195615122431,-0.5983696282524698,0.5976881716198537,-3.0716240764187077,1.7607275344250617,2.2676751704251886e-10,-6.003580749488825e-11,1.0752466040789523e-12,5.895969626777322e-11
5.72,29.18320005,7.1843455,0.5093429271406738,0.1253904835758382,0.1466719284243556,-0.0626093421300878,-0.7081771088459211,0.5910219382155497,-2.972644282425572,1.7982565489358628,5.970708073075041e-07,-3.2678070840831756e-11,9.45075424906583e-10,3.1838916244499704e-11
5.73,28.79812691,7.17580239,0.5026221329866808,0.1252413781779782,0.1385062135369084,-0.056771332825447,-0.8165714887447364,0.5838009304640831,-2.868426469365556,1.835294168938849,0.00052547648207,-1.6917738011101935e-11,4.849639926729023e-06,1.6331059906286228e-11
5.74,28.34071874,7.21721388,0.4946388543946587,0.1259641450266349,0.1292983194721595,-0.0509652841481921,-0.9207894064749148,0.580604867725505,-2.761296516961133,1.8708336593735928,0.1665928475482341,-1.2310768717594132e-11,0.0016588610790266,1.1762205621080296e-11
5.75,27.80872507,7.29958793,0.4853538132533906,0.1274018434173373,0.1190907878068892,-0.0451674198953096,-1.020753166527052,0.5797864252882665,-2.6514528589283333,1.905075949186016,5.17775121579195,-1.101562852111685e-11,0.0574394794261645,1.0407296267676708e-11
5.76,27.20209883,7.43009344,0.4747661880363973,0.1296795942588317,0.1079298355361782,-0.0393454310250313,-1.116095227071118,0.5821988870278418,-2.5395184905638515,1.9376968580767413,6.478846875512003,-1.3060393945435856e-11,0.0902785981296438,1.2192945105906671e-11
5.7700000000000005,26.52563909,7.60499015,0.4629597383162124,0.1327321176992374,0.0958718899458,-0.0334754939482178,-1.205794559037842,0.5869937076813617,-2.4267655038792038,1.9688491350731443,6.499520493986711,-1.9047565035557436e-11,0.1077759262035478,1.7561100443810313e-11
5.78,25.79764756,7.84218783,0.4502538891910814,0.1368719981933293,0.0830022990398644,-0.0275098689615836,-1.2869590905933606,0.5965624986633264,-2.315718859803184,1.9977842474196703,6.4999805192161135,-4.1569467901673436e-11,0.1205249255810804,3.784319593729306e-11
5.79,25.01941633,8.1355142,0.4366711918857361,0.1419915091327524,0.0694071003550791,-0.0214147139818842,-1.359519868478559,0.6095154979699474,-2.206522073816931,2.0249352968990237,6.499998695711107,-1.1899947112871102e-10,0.1306690208358235,1.0695413807359828e-10
5.8,24.22644935,8.51157725,0.4228313072251401,0.1485550475503445,0.0552229547813371,-0.0151209287681193,-1.4184145573742324,0.6293785213765053,-2.101947470599027,2.049213479147308,6.499999839191291,-5.818009218283668e-10,0.1390802259920048,5.165559241313147e-10
5.8100000000000005,23.37353052,8.91416181,0.4079450653893823,0.1555814736400372,0.0405124649171157,-0.0086494906830798,-1.471048986422168,0.647143808503971,-1.9976755388022136,2.07369132523011,6.49999997349517,-2.316822533038069e-09,0.1465093291924929,2.0302602977645288e-09
5.82,22.5293565,9.39384863,0.3932114492805858,0.1639535880274585,0.025438503203541,-0.0019465848857893,-1.5073961713575017,0.6702905797290628,-1.8978441843467213,2.095822420707619,6.499999992084993,-1.3370902330381606e-08,0.1526464237924296,1.1571441618990292e-08
5.83,21.69283329,9.93835455,0.3786113649967339,0.1734570091280594,0.0101512988247931,0.0050172050507389,-1.5287204378748225,0.6963789936528411,-1.8005276524065523,2.1165807522390447,6.499999996055145,-9.031502835241033e-08,0.1574482351518941,7.720261900525658e-08
5.84,20.8488145,10.50769345,0.3638804581625353,0.1833938474927421,-0.0052323544373305,0.0122080045430056,-1.5383653262124053,0.7190799492266866,-1.70374895878356,2.138163723546681,6.4999999971172056,-4.517531788529842e-07,0.1607631544003296,3.810066760964687e-07
5.8500000000000005,20.01181354,11.10247761,0.3492720355681819,0.1937747894234509,-0.0205832431534873,0.0195939453826236,-1.535088871615714,0.7385940839618176,-1.6069350967721443,2.160364956077568,6.499999996806364,-1.7411769021141267e-06,0.1623700534205217,1.4473312275560451e-06
5.86,19.19058248,11.70550679,0.3349388496515388,0.2042996341000524,-0.0357702432285533,0.027119030078406,-1.5187000075063586,0.7525084695781156,-1.5090642944518304,2.183898415048541,6.499999994588818,-4.493394214738706e-06,0.1621215581562022,3.675147303495721e-06
5.87,18.37405984,12.28166038,0.3206878411664625,0.2143554112427379,-0.0506907258590726,0.0346792267768835,-1.4920482630519647,0.7560196698477689,-1.4092462717678296,2.210289127936893,6.499999987080517,-5.786141115427306e-06,0.1599519136928195,4.642817122776387e-06
5.88,17.56762311,12.84223076,0.3066128650189459,0.2241392100628937,-0.06524457712877,0.0421955093331189,-1.4553851269697748,0.7516282556235564,-1.306946384951367,2.238478773347399,6.499999956124862,-4.438455137581913e-06,0.1559169676256462,3.4852143051377536e-06
5.89,16.76532384,13.36797296,0.292610101171099,0.2333151424695722,-0.0793514518952186,0.0495674218212832,-1.4106874766448825,0.7371912488164425,-1.2021977129204755,2.2691956471620665,6.499999797197448,-1.741394048077826e-06,0.1502231617469555,1.3335780459231282e-06
5.9,15.97234187,13.82498084,0.2787699548856481,0.2412914346831313,-0.092933226819735,0.056654065284413,-1.358177492451673,0.7086643463130022,-1.0949928544494842,2.3039899422781973,6.499998698717585,-2.535788648063399e-07,0.1431411374175277,1.8839471692683374e-07
5.91,15.18672137,14.21857423,0.265058290489484,0.2481609352527174,-0.1059249239517831,0.0633361832926159,-1.299169713204841,0.6682118008202964,-0.985975736693988,2.342162088996716,6.49998857958964,-1.4312934353524291e-08,0.1348913911065711,1.025995656574983e-08
5.92,14.41548315,14.5611799,0.2515976442332636,0.2541405322302186,-0.1182607977996771,0.0695256391456878,-1.2335873847894236,0.6189455853072047,-0.8753757083600251,2.382675155462004,6.49985708480846,-3.4015448827921e-10,0.1253379900144254,2.3402393493344307e-10
5.93,13.65462342,14.85079637,0.2383181367989285,0.259195293199722,-0.1298911692853106,0.0751422238057684,-1.1630371485633768,0.5616584660080784,-0.7645906470299199,2.425464957221464,6.497496888918462,-3.014003096168329e-12,0.1138487039647671,1.978206964301182e-12
5.94,12.92282007,15.10824206,0.225545758864304,0.2636885681352907,-0.1407479043781749,0.0801470968689735,-1.0856735092862608,0.5004873063204263,-0.652660298001118,2.4689405496865238,6.430446675898469,-1.1415241699592598e-14,0.0978813591388651,7.111591470145701e-15
5.95,12.2275549,15.35213676,0.2134110924733659,0.2679453336784545,-0.1507630205182607,0.0845363430986537,-1.001511614008598,0.4389246229680298,-0.5397008257372773,2.5116225243645407,4.249609299185966,-2.1274856459970866e-17,0.0521515523485906,1.2534383807885937e-17
5.96,11.57974022,15.60583397,0.2021045933646125,0.272373185296078,-0.1598641012618757,0.0883450039778401,-0.910108074361518,0.3808660879186477,-0.4253981132741666,2.5516428479825093,0.1228034432562622,-2.6334848504592315e-20,0.0012394524546604,1.4655768202014156e-20
5.97,10.99452015,15.89378906,0.1918905762943608,0.2773989497144545,-0.167968950522908,0.091645150404753,-0.8104849261032477,0.3300146426912982,-0.3088790872561709,2.587052349737186,0.0005090011562209,-3.5168205602182655e-23,5.0246534954877215e-06,1.8529598808728004e-23
5.98,10.4800201,16.22890123,0.1829108564201854,0.2832477604444576,-0.174997394943754,0.0945252587044061,-0.7028444420846197,0.2880108299653175,-0.1904381345102992,2.6169027814790256,6.440483228291979e-07,-7.835376880583923e-26,2.503389690174935e-09,3.928359416172005e-26
5.99,10.06382889,16.65401204,0.1756469494878262,0.2906673437647776,-0.1808429500885714,0.0971321571321335,-0.5845555144817479,0.2606898427727433,-0.0677580409946164,2.637988173453188,1.4014567192415822e-10,-1.0729380631948993e-27,7.165758260293875e-13,5.182631998265769e-28
6.0,9.74271195,17.15517583,0.1700424016008971,0.299414301992051,-0.1854213700907385,0.099581643592934,-0.4578420002167225,0.2449486460800561,0.0564063059515021,2.652096529749835,3.145400833034206e-15,-8.460206375101555e-29,-1.5415457633466138e-16,3.9815996351747394e-29
6.01,9.52532014,17.74618111,0.1662481987495272,0.309729290024722,-0.1886518285780036,0.1020009960833686,-0.3230458487265122,0.2419352490434702,0.1809350585056896,2.658810845983361,2.897951202088936e-21,-5.945687135791004e-29,-5.245790371209771e-22,2.7628621014396095e-29
6.0200000000000005,9.41902043,18.43020969,0.164392918816112,0.3216678409234634,-0.1904591257642753,0.104511513228939,-0.1807297186271799,0.2510517145570404,0.3043878876257765,2.658822292954691,5.947933988318837e-29,-3.438048435108383e-28,-1.7734863722260302e-29,1.597569117334789e-28
6.03,9.40874139,19.18585974,0.1642135157241678,0.3348564222888232,-0.190806913101139,0.1071920536292456,-0.0347787336863609,0.2680540400306183,0.4227115769531585,2.654851778831393,1.5756895062697591e-35,-6.833689325863105e-27,-6.465951785655031e-36,3.1994717562695122e-27
6.04,9.47944232,19.99528655,0.1654474797368899,0.3489835851772377,-0.1896946293617335,0.1100872720694126,0.1112283739405524,0.2895218440167025,0.5331919129260639,2.649031169495749,8.39708359548781e-33,-2.307514816232076e-25,-4.271447182028585e-33,1.0922197832170965e-25
6.05,9.61832181,20.85436606,0.1678713841008804,0.3639773511631573,-0.1871511739427434,0.1132303239000911,0.2543455418990147,0.3143051830678587,0.6346589455425907,2.6421569134139755,6.055737549944564e-25,-1.0124640502216317e-23,-3.5906326878978725e-25,4.853530890306451e-24
6.0600000000000005,9.78130149,21.71551974,0.1707159161307272,0.379007318244823,-0.1832783993321018,0.116579798206791,0.3872774610641643,0.334947430670002,0.7242226698927865,2.6380634712427167,2.5600011324545186e-18,-2.0102846442018441e-22,-1.695791275587123e-18,9.708989091931368e-23
6.07,9.95242018,22.56197549,0.1737025006829267,0.3937807580547609,-0.1782026702920846,0.1200715164277788,0.507572904001732,0.3491718220987807,0.8029864583267776,2.637625025015504,2.2380405867404358e-13,-1.5078103253696761e-21,-1.609839901325325e-13,7.287995370559268e-22
6.08,10.0847973,23.37003478,0.1760129172812343,0.4078840532165886,-0.172117537291522,0.1236107378380152,0.6085133000562756,0.3539221410236512,0.8700294425832016,2.6420102750236314,7.278606315205936e-10,-3.2207012141262297e-21,-5.562919149929978e-10,1.5443480837392145e-21
6.09,10.1603274,24.13409624,0.1773311662105949,0.4212194413811836,-0.1652341534015295,0.1271019803222203,0.6883383889992664,0.34912424842052,0.9269562323316458,2.65091732663967,2.047787005770049e-07,-2.05705491519252e-21,-1.6378122314782746e-07,9.702468408380984e-22
6.1000000000000005,10.13624365,24.82285742,0.1769108254768677,0.4332405917321049,-0.1578146822135853,0.1304120432414823,0.7419471187944356,0.3310062919262073,0.9734860981882884,2.6659075609190377,6.4861883624507255e-06,-2.3517677007513614e-22,-5.363432718476887e-06,1.077988212756238e-22
6.11,10.00452591,25.44577927,0.1746119172305819,0.4441126289972191,-0.1501147809418705,0.1334339939716319,0.769990127171354,0.3021950730149075,1.0111718217525447,2.685537325752456,3.484879996920214e-05,-5.7699003054603295e-24,-2.953568248934543e-05,2.5431997799971704e-24
6.12,9.74711578,25.99339773,0.1701192629340952,0.4536703741689201,-0.1423971419948992,0.1360579566330612,0.771763894697147,0.2623962661429419,1.0402967110852557,2.709932533476912,3.553068623951881e-05,-2.2190772926164963e-26,-3.0650888087470174e-05,9.288674879684644e-27
6.13,9.36047303,26.46879625,0.1633710739176299,0.4619676436020281,-0.1349075720724336,0.138190586017412,0.7489569922465849,0.2132629384350788,1.0613315591940455,2.738369757286175,7.6284920594900755e-06,-1.1613974674755725e-29,-6.660616859636416e-06,4.5559219911245285e-30
6.140000000000001,8.8462,26.87373934,0.1543953162899223,0.4690352338057278,-0.1278670566173468,0.1397524257522165,0.7040515455086893,0.1561839734804537,1.0743600239144837,2.7703348124370133,3.511398209786978e-07,-7.594574685159552e-34,-3.0879590865284264e-07,2.7507011114758244e-34
6.15,8.7800663,27.22605268,0.1532410654783962,0.4751842615874261,-0.1206242989235522,0.1407009013170036,0.724275769379479,0.0948475564787158,1.1112562489647675,2.8041597913279226,1.2739792876897255e-06,-1.972476563438479e-38,-1.1419880070488226e-06,6.50768582065722e-39
6.16,8.15541449,27.51879608,0.1423388347153541,0.4802935977809089,-0.1140713088360652,0.1409911745595877,0.6552990087487083,0.0290273242584105,1.1170955556803512,2.8402037582636965,9.099223678849385e-09,-5.287274713324639e-42,-8.179933723455111e-09,1.561238046540619e-42
6.17,7.46475055,27.75986823,0.1302844749375576,0.4845011005332705,-0.1082922291266337,0.1405984498849008,0.5779079709431657,-0.0392724674686936,1.1169885373755115,2.877653588189998,1.907873308391099e-11,-1.0656814004941428e-41,-1.7150322908438146e-11,2.7631937994716028e-42
6.18,6.79456889,28.00657148,0.1185875983840764,0.4888068845211412,-0.1032306845001613,0.1395889897696158,0.5061544626472483,-0.1009460115285015,1.115352019942598,2.865887332117853,2.948148532585879e-14,-4.195160831507507e-38,-2.6480404806958505e-14,1.1351229104347364e-38
6.19,6.07283984,28.16954593,0.1059910501542856,0.4916513252702681,-0.0989361935041737,0.1378966959110096,0.4294490995986911,-0.1692293858605905,1.107169836264725,2.92201925270903,1.0470730198128609e-17,-5.8266168087616596e-33,-9.366837300078396e-18,1.264829483540281e-33
6.2,5.29445297,28.22683325,0.0924056364184925,0.4926511776239117,-0.0954559950206545,0.1354336849277257,0.3480198483519275,-0.2463010983283994,1.0905812321184298,2.9879908324270588,4.793593218608389e-22,-1.7967425812685296e-27,-4.252046659497067e-22,2.78970989626636e-28
6.21,4.66707662,28.34858355,0.0814558534618482,0.4947761212242025,-0.0925206748056443,0.1323747175728107,0.2935320215010313,-0.3058967354915019,1.081602865582176,3.040645375791968,1.6752680474146478e-25,-9.023230636959517e-24,-1.4789936287231167e-25,9.102844451357064e-25
6.22,3.98491786,28.31469595,0.0695499370785264,0.4941846710286037,-0.0901835328768579,0.1285610697766328,0.2337141928786417,-0.3813647796177986,1.0644742668898772,3.1109923907455777,5.677926860971394e-30,-1.1183551598417797e-19,-4.9662200598007896e-30,2.4848484119878133e-21
6.23,3.41695834,28.28088544,0.0596371734364798,0.4935945663073252,-0.0882394554623349,0.1240813241452426,0.1944077414523098,-0.4479745631390279,1.0546808731700963,-3.10678272613965,1.916052902076193e-33,-1.5071143341025326e-16,-1.666692039128703e-33,-1.2301286087643948e-18
6.24,2.90976604,28.18343659,0.050784997860717,0.4918937630225432,-0.0865767345979818,0.1189278853789585,0.1662720864353075,-0.5153438766284281,1.0489935947907791,-3.036677547277854,2.8744580126940418e-36,-9.57466820344366e-14,-2.4922494798061727e-36,4.418105348529138e-17
6.25,2.47688283,28.02879694,0.0432297605696149,0.4891947919759115,-0.0850710912996679,0.113108108793242,0.1505643298313906,-0.581977658571664,1.0498538437681708,-2.9628126092108302,5.094817294966813e-38,-2.889230297628707e-11,-4.419559527750602e-38,-7.5934627787861e-14
6.26,2.07285296,27.77965405,0.0361781090617103,0.4848464282374775,-0.0836747378926917,0.106578790979032,0.1396353406976291,-0.6529317814210067,1.0530849893113274,-2.879313915786425,2.476573973634629e-39,-6.9471207950299735e-09,-2.1523096563065564e-39,-6.169287852381953e-11
6.2700000000000005,1.72407157,27.46149858,0.0300907254365278,0.4792935677527474,-0.082304187532575,0.0993428949853096,0.1370550360116727,-0.7235895993722556,1.061732252910866,-2.7904595188204784,1.0025624100471567e-39,-9.77856179330137e-07,-8.755570262266339e-40,-9.780847790536628e-09
6.28,1.40895356,27.06300441,0.0245908786296954,0.4723385324362454,-0.0809147038731991,0.0913916347999999,0.1389483659375708,-0.7951260185308499,1.073556518737006,-2.6947589224432758,1.3367149655477595e-39,-9.48864900669332e-05,-1.1750082008500012e-39,-9.802930717687602e-07
6.29,1.11352572,26.58132905,0.0194346901196404,0.4639317114785164,-0.0794861018876319,0.0827179851515776,0.1428601985567229,-0.8673649648422479,1.0870319230617609,-2.5924620514867174,3.066901769612292e-39,-0.006620099005852,-2.7153746842384868e-39,-8.286892544503962e-05
6.3,0.83960395,26.0276016,0.0146538533402498,0.4542673443173441,-0.0779975157575391,0.0733370881786916,0.1488586130092815,-0.9380896972886208,1.102273268221189,-2.486232170098158,1.217563045900123e-38,-0.2958392673602552,-1.0865186843370031e-38,-0.0045221208349544
6.3100000000000005,0.56106735,25.41003268,0.0097924725829394,0.4434887333053587,-0.0764688172780049,0.0632800062954124,0.1528698479534245,-1.0057081883279382,1.1166209418402206,-2.378178157141427,2.8423751500991967e-38,-3.865469746304621,-2.554619572022413e-38,-0.0676495636073
6.32,0.29672829,24.74076154,0.0051788856443125,0.4318077483237827,-0.0748907388195933,0.0525979301593133,0.1578078458411575,-1.068207613609933,1.13191800210155,-2.270609554346799,8.407338476252944e-38,-6.281725278564504,-7.611758315066499e-38,-0.1207343645119546
6.33,0.04542845,24.03611688,0.0007928760265776,0.4195093789501868,-0.0732568708216171,0.0413662698339424,0.1633867997976289,-1.1231660325371196,1.148007988751898,-2.1656340493178377,2.9014568260073617e-37,-6.481174861678304,-2.646394835714211e-37,-0.1336927417899031
6.34,-0.20476973,23.31685263,-0.0035739059969198,0.4069558495957991,-0.0715793595137101,0.0296885728295626,0.1677511307906992,-1.1677697004380048,1.163771597186232,-2.06480879373061,7.2826655071694575e-37,-6.497259342667827,-6.688735967600108e-37,-0.1417740417230233
6.3500000000000005,-0.44265247,22.59515192,-0.0077257430435854,0.3943597959923183,-0.0698531127794623,0.0176808534974814,0.1726246734247797,-1.20077193320814,1.1802024077622102,-1.9679103307344417,2.0629780525840504e-36,-6.4993121603205735,-1.9078941295820685e-36,-0.1484334647920377
6.36,-0.67109114,21.88113282,-0.0117127499739622,0.3818978117751918,-0.0680780663520572,0.0054666921513037,0.1775046427404905,-1.2214161346175754,1.1970226558154629,-1.874079842500556,5.799285656229168e-36,-6.499705223038271,-5.399689229050881e-36,-0.1539314807205918
6.37,-0.87382977,21.19487395,-0.0152512065884447,0.369920334972676,-0.0662305704450404,-0.0068096774167479,0.1847495907016839,-1.2276369568051977,1.215523874119085,-1.782617525423034,2.84944439871068e-35,-6.4997714052143225,-2.6718867059961506e-35,-0.1581746454282016
6.38,-1.0555257,20.54219705,-0.0184223988044179,0.3585289741159662,-0.0642963859966951,-0.0190070366309611,0.1934184448345296,-1.2197359214213486,1.2352305750384864,-1.6915437729384295,1.8871624133060747e-34,-6.499685974055685,-1.7821479180780761e-34,-0.1610562432507687
6.390000000000001,-1.21881131,19.92662942,-0.0212722703200452,0.347785292203768,-0.0622670065658296,-0.030991300541896,0.2029379430865502,-1.1984263910935202,1.2558541170170592,-1.5987230871719855,1.4385710151926033e-33,-6.499250042393522,-1.3679883668431862e-33,-0.1624036289283117
6.4,-1.32285121,19.37710114,-0.0230881091284909,0.3381942143849467,-0.0600752058740636,-0.0425986406443558,0.2191800691766101,-1.160734010245998,1.280068389077676,-1.5018724206484195,4.3596058252530656e-32,-6.496357321948215,-4.1771395207659556e-32,-0.1619377826155341
6.41,-1.39976831,18.88081443,-0.0244305657745766,0.3295323772615564,-0.0577079767686253,-0.0537003269921977,0.2367229105438297,-1.11016863478422,1.3054204243021836,-1.3975951838406542,1.4181237189332145e-30,-6.467198454336874,-1.3686202053685395e-30,-0.1587743925129964
6.42,-1.43346537,18.4471265,-0.0250186904198187,0.3219630949568977,-0.0551310099231096,-0.0641682276096459,0.257696684551583,-1.046790061744839,1.332639847267591,-1.2819865934885768,7.149111665314573e-29,-5.949475086805603,-6.947925327555983e-29,-0.1415878339493103
6.43,-1.40790567,18.09676983,-0.0245725894989967,0.3158482175090745,-0.052290846853647,-0.0738590105173829,0.2840163069462669,-0.96907829077372,1.3621809518201105,-1.1487104723774082,6.950434161366606e-27,-1.2595092777274617,-6.800212999059584e-27,-0.0284508668275301
6.44,-1.35438247,17.7872358,-0.0236384334327933,0.3104458295386076,-0.0491865750877059,-0.0827091335382391,0.310427176594056,-0.8850123020854823,1.392212194582893,-0.995915367106156,4.787592138137839e-25,-0.0179305861998998,-4.7117021393541135e-25,-0.0003742987214197
6.45,-1.24993952,17.53891209,-0.0218155600747975,0.30611176318834,-0.0457855225077518,-0.0906364225313493,0.3401052579954145,-0.7927288993110337,1.4234532502565642,-0.8175831202105237,3.877811406971577e-23,-8.131203275034147e-05,-3.835938079480157e-23,-1.4970904075802992e-06
6.46,-1.10480528,17.33807944,-0.0192824897294178,0.3026065722003346,-0.0420750347894906,-0.0975922092963282,0.3710487718261305,-0.6955786764979026,1.4552706698839446,-0.6149037940441149,2.6496081117829955e-21,-1.386367117419394e-07,-2.632009301714115e-21,-1.978788072528065e-09
6.47,-0.92171923,17.1793051,-0.0160870353424468,0.2998354371996537,-0.0380498511515039,-0.1035467232812745,0.4025183637986848,-0.595451398494651,1.4874192154812378,-0.3948274800737277,1.4085972582695455e-19,-7.562898616229837e-11,-1.4037217656351221e-19,-7.528591928074736e-13
6.48,-0.7016024,17.05742071,-0.0122452719198942,0.2977081532873688,-0.033708843883281,-0.1084873306527801,0.4341007268222933,-0.4940607371505653,1.5197586669574636,-0.1711087893535955,5.7241460423992084e-18,-1.0308777872979072e-14,-5.716719934480297e-18,-1.8636743984533373e-17
6.49,-1.5948586,15.81433876,-0.0278355336737472,0.2760122803877573,-0.0307455879031877,-0.1141060027161298,0.2963255980093394,-0.5618672063349853,1.5347897929828016,-0.2868046508454149,3.2932919491838227e-26,-5.412517933991285e-12,-3.291165273257764e-26,-5.1720509576624665e-14
6.5,-1.72843452,15.43634688,-0.0301668732791277,0.269415077535954,-0.0279452641395328,-0.1190379010837798,0.2800323763654946,-0.4931898367650075,1.5569129156235404,-0.1485182454464457,1.9094810342747515e-27,-1.1978156944945294e-14,-1.909297697579596e-27,3.1450496429255957e-18
6.51,-1.89265204,15.03655328,-0.0330330096925874,0.2624373628875528,-0.0253571120765413,-0.1233367744464572,0.2588152062991545,-0.429887336267753,1.5782521998772756,-0.0299937707627753,3.6823424942893416e-29,-2.18515355430897e-17,-3.682240525562109e-29,-1.7348201054919632e-19
6.5200000000000005,-2.05290558,14.66064606,-0.0358299616035638,0.2558765442165341,-0.022973823681478,-0.1269893318291285,0.2383288395063384,-0.3652557382671334,1.5989913509282676,0.0812137792342965,5.917864310801968e-31,-1.5195178331991008e-20,-5.915520980574819e-31,1.1842083528408139e-21
6.53,-2.22076152,14.29549484,-0.0387596004255939,0.2495034531598599,-0.020804275021228,-0.1300071200681211,0.2169548660249654,-0.3017788238992097,1.619030223873155,0.1816223010869058,5.3797700165109595e-33,-4.423063374298274e-24,-5.3735363172813e-33,8.034776213029217e-25
6.54,-2.37065779,13.96635417,-0.0413757838735523,0.2437588647661398,-0.0188175152959309,-0.1323681440021783,0.1986759725297112,-0.2361023934057316,1.6382749142711863,0.2776933375113031,6.563663038344273e-35,-2.72537243878455e-28,-6.548780104065815e-35,7.426340527503823e-29
6.55,-2.50272454,13.67874366,-0.0436807834934605,0.2387391144032997,-0.0169841301775081,-0.1340487487287735,0.18333851184228,-0.1680604726595183,1.656693150344717,0.3701632643630748,1.1705145065499613e-36,-2.7046366486845898e-33,-1.1662146287547606e-36,9.767920200798545e-34
6.5600000000000005,-2.61217325,13.44607281,-0.0455910238450209,0.2346782419973859,-0.0152690976575642,-0.1350123817214406,0.1715032519943956,-0.0963632992667127,1.674236204511966,0.4611145415318811,4.094991735191996e-38,-6.336463146802251e-39,-4.073181828252458e-38,2.82180639446419e-39
6.57,-2.68372317,13.26673241,-0.0468398055285595,0.2315481615355422,-0.0136171044814312,-0.1352329360626566,0.1651993176133012,-0.0220554341216071,1.6907565316262596,0.5492669430341928,6.121331737435482e-39,-4.4880610638186085e-43,-6.077495478806473e-39,2.3446183928959367e-43
6.58,-2.7302321,13.13708277,-0.047651539488639,0.2292853484435169,-0.011996000094196,-0.1346970391828908,0.1621104387235318,0.053589687976589,1.7065872296109557,0.6334700400053173,2.3054379226117082e-39,-7.520109659622805e-42,-2.2842891426700064e-39,4.451730624201932e-42
6.59,-8.68439377,43.05057746,-0.1515712648261831,0.7513743215618575,0.0007613171137776,-0.0644837159429337,0.0,0.0,1.8987693826463756,1.1389806131223146,7.783823520587972e-156,-1.9293728669977525e-59,-7.369907669454369e-156,1.7525459024608664e-59
6.6000000000000005,-6.63488557,42.01373279,-0.1158005986895607,0.7332779682386034,0.0154511607344295,-0.0013145900374395,1.4689843620654857,6.316912590550678,1.7065793134822098,1.6019920797385985,6.499999971102944,-6.5,-6.440379600904519,6.496849188034712
6.61,-4.37770517,40.99023164,-0.076405368898078,0.7154145032731549,0.0321129754948188,0.0548579835380277,1.66618147603867,5.61725735754585,1.7430138152388832,1.664382048108128,6.4999999999471845,-6.5,-6.404166455738237,6.471658947077558
6.62,-1.65009975,40.35679804,-0.0287996736238353,0.7043590013603943,0.0511542614488606,0.1049417830394416,1.90412859540456,5.008379950142385,1.7758866891383025,1.7323239898341778,6.499999999999933,-6.5,-6.364207732174045,6.415673240910899
6.63,1.07696723,39.66291942,0.018796624099583,0.6922485348321997,0.0722394022982082,0.1490470841106273,2.108514084934423,4.410530107117884,1.8101883360867848,1.8073729471732636,6.5,-6.5,-6.31518547240154,6.319489831822375
6.640000000000001,3.68139502,38.79158019,0.0642524641655225,0.6770407963669075,0.0948668057595653,0.1871136482948515,2.2627403461361624,3.8066564184231817,1.84704034381054,1.892035285725953,6.5,-6.5,-6.254237359360597,6.168296980214961
6.65,6.31118243,37.94510449,0.1101509130975165,0.6622670083637837,0.1187829264476608,0.2194153945631377,2.391612068809174,3.2301746268281084,1.8845115742380527,1.9866514248971647,6.5,-6.5,-6.183543798293436,5.946945821227764
6.66,8.9472906,37.11357835,0.1561596801027389,0.6477541394043844,0.143717928271727,0.2462267396164287,2.493500182407113,2.6811345053296387,1.9228324805172576,2.092545719083448,6.5,-6.5,-6.102244386971038,5.635886447872314
6.67,11.54093185,36.24003287,0.2014272595307803,0.6325078946124701,0.1693452525259125,0.2677537096104816,2.5627324254181563,2.1526969994049536,1.9626473701460656,2.2120314870534674,6.5,-6.5,-6.008248989209507,5.208840293412833
6.68,14.09990548,35.33184596,0.2460897748459914,0.6166570428094568,0.1953717519625837,0.2842323210703741,2.6026499436667083,1.6478611459889914,2.0037606362179803,2.3460923660056325,6.5,-6.499999999955478,-5.901145950102813,4.641541693416486
6.69,16.62262623,34.38882579,0.2901195580418722,0.60019823593024,0.2215231713090024,0.2959136564872844,2.6151419346423967,1.1681335416912568,2.0461304677197365,2.494773967138918,6.5,-6.499420631266623,-5.780274782272463,3.916817779270968
6.7,19.10709035,33.40820732,0.3334816370835357,0.5830832149228709,0.2475438927661101,0.3030572376650564,2.6020721457103586,0.7143581177770912,2.0897186786178668,2.656530984233771,6.5,-2.020929141021641e-05,-5.645033538924345,9.43176447242406e-06
6.71,21.55170651,32.39788109,0.3761482380229962,0.5654496956901093,0.2731978071113026,0.3059440701037842,2.565391434519762,0.2886832438728356,2.1344717662844674,2.827120218302442,6.5,-1.0198845260200888e-18,-5.494951636186651,3.139936055189706e-19
6.72,23.94574443,31.36134431,0.4179320821445929,0.5473587160610892,0.2982549621190676,0.304866553052236,2.505715500776104,-0.1077517051548069,2.1805146731931506,-2.549368084958057,6.5,-1.9789478901904383e-24,-5.3289984020944186,-2.705428957639012e-26
6.73,26.2432947,30.25829851,0.4580318990861775,0.5281069350507943,0.3224410613541234,0.300061892763811,2.418609923506064,-0.4804660288425922,2.228753718544837,-2.46259020610505,6.5,-2.9623755252136145e-12,-5.142973184458936,-4.6885288436078224e-14
6.74,28.54349996,29.22685278,0.4981780543448697,0.5101048110066579,0.3456562139914546,0.2919743005766637,2.3215152637327576,-0.808759218714601,2.276736763629479,-2.3774794177163923,6.5,-0.0034181950010988,-4.94605690796058,-5.986435460578326e-05
6.75,30.64738119,28.04224188,0.5348977088792779,0.4894294504466446,0.3675232123624432,0.2807074363604765,2.1866998370992894,-1.126686421618941,2.329316253663124,-2.28552672310597,6.5,-6.496296135620863,-4.717281567432606,-0.1234407049336
6.76,32.7459136,26.95477472,0.5715240088935895,0.4704495679973326,0.3879862980994338,0.2667423102289702,2.0463085736987483,-1.3965126131504118,2.3812919020848486,-2.191952803794954,6.499999999999999,-6.499999851538955,-4.478475413228953,-0.1319047004895981
6.7700000000000005,34.78988529,25.9167115,0.6071980447016423,0.4523319469644784,0.4069318087017027,0.250469470768485,1.8945510602265936,-1.62728394604827,2.4338716281476787,-2.094331350759371,6.499999999999972,-6.499999999903278,-4.224878454162874,-0.1396544249062148
6.78,36.69609324,24.84379474,0.6404676496568338,0.4336060169026486,0.4241439748352767,0.2321408047350034,1.7212166133577438,-1.8328666033485248,2.4893719966629404,-1.990374407674136,6.499999999997596,-6.499999999999695,-3.9450329776569184,-0.1469931302248117
6.79,38.53072853,23.81503951,0.6724880760406147,0.415650850942037,0.4395344998151322,0.2121165145661832,1.5390524979853086,-2.002429016881708,2.545540096849463,-1.8817605648240248,6.499999999602833,-6.499999999999996,-3.650090735653778,-0.1535287393934052
6.8,40.273578,22.81139587,0.7029065376587529,0.3981339649073364,0.4530055889170262,0.1907111443796394,1.347108910189661,-2.140537018654799,2.602850754259879,-1.7689355377805718,6.499999848790862,-6.5,-3.3373531268261383,-0.1587045168262517
6.8100000000000005,41.93395971,21.84160962,0.7318856653381466,0.3812080018042675,0.46449484066538,0.16823556643144,1.148925174835206,-2.2475577948195893,2.660779648728799,-1.6534386216157193,6.499857226793831,-6.5,-3.0090165064790493,-0.1618233360331936
6.82,43.50820911,20.90295265,0.7593615006156917,0.3648253471309738,0.4739536658250735,0.1449784562050564,0.9458825159695312,-2.325711022638823,2.719255498284145,-1.5371926255915929,6.133721769629106,-6.5,-2.5148981101069667,-0.1623876297224289
6.83,44.99837579,19.99596548,0.7853698155852045,0.3489954347411283,0.4813548806928528,0.1212108742751984,0.7401214867778181,-2.376758192985432,2.7779987766824896,-1.4224264485978462,0.012800125687102,-6.5,-0.004542938271723,-0.160344090883544
6.84,46.40349502,19.119327,0.809893772531792,0.3336952069154498,0.4866866886971316,0.0971831372766691,0.5331808004278015,-2.402773699852558,2.8368545392347584,-1.3113235272898085,5.456224929563055e-07,-6.5,-1.6287132822680305e-07,-0.1561231099545894
6.8500000000000005,47.71838233,18.26978951,0.8328428853839833,0.3188679805958214,0.4899452895713072,0.0731219993110926,0.3258600874176214,-2.4061137965581207,2.8958542156383285,-1.2057488346189371,1.981836663647577e-11,-6.5,-4.793838711140555e-12,-0.1504379830416715
6.86,48.94866948,17.4546096,0.8543154468964607,0.3046404071702104,0.4911501304011934,0.0492462797173725,0.1204840829885956,-2.387571959371636,2.9546004823261645,-1.1069859592520757,1.0187940765888228e-14,-6.5,-1.901535260447745e-15,-0.1439865864530588
6.87,50.07072857,16.65655599,0.8738990724188921,0.2907117440682837,0.4902988682990994,0.0257304425005814,-0.0851262102094077,-2.351583721679587,3.013966882114778,-1.015948015448157,4.554169710308574e-15,-6.5,-5.899736277262421e-16,-0.1372619739023314
6.88,51.09110622,15.88560929,0.8917080220251544,0.2772561857958987,0.4874135425723652,0.0027465749587896,-0.2885325726733771,-2.298386754178816,3.0602630113352407,-0.93276442577477,2.9481595417060058e-12,-6.5,-2.301632199544731e-13,-0.1304713227115089
6.890000000000001,51.97772742,15.12168547,0.9071824811831376,0.2639231999024862,0.4824816891646836,-0.0195802576894486,-0.4931853407682578,-2.2326832648242707,-3.043485869597172,-0.8575280893231795,5.66958904600924e-08,-6.5,1.3454710282983847e-11,-0.123651690976381
6.9,52.7396487,14.3776782,0.920480516160147,0.2509378233822117,0.4755197372093073,-0.0411211021066991,-0.6961951955375212,-2.154084441724718,-2.864818951165574,-0.7896175059627076,0.0012782530645716,-6.5,1.1921862205951395e-05,-0.1167050722780037
6.91,53.4266309,13.70442844,0.9324706174527412,0.2391873983819501,0.4666302109555884,-0.0616892765312522,-0.8889526253720684,-2.0568174424557166,-2.701240768070449,-0.7277769660409253,3.571863443099293,-6.499999999999998,0.0366043189275447,-0.1094467824060804
6.92,53.91927125,12.99492391,0.9410688135884188,0.2268042082756353,0.4557455021766897,-0.0812755572435672,-1.0884708778896988,-1.958628071231196,-2.5443762448384235,-0.6730315034626392,6.498347525360004,-6.499999999999984,0.0897081125398428,-0.1020088019053779
6.93,54.19208383,12.23376127,0.9458302913502792,0.213519414064463,0.4427805632944197,-0.099900506935513,-1.296493888226799,-1.862494969194284,-2.3982042179599574,-0.6247593851507574,6.499999052477028,-6.499999999999811,0.1113805505705474,-0.0944376756106139
6.94,54.38218535,11.53431115,0.9491481887873248,0.2013117065169935,0.4278735910863395,-0.1174250129872242,-1.4906972208083205,-1.752450605171474,-2.2761575335158484,-0.5805045179490483,6.4999999980773975,-6.49999999999618,0.1244061033996743,-0.0868132225360635
6.95,54.42148427,10.82510422,0.9498340843338028,0.1889337105105326,0.4110651485665274,-0.1338327318238416,-1.6808442519809434,-1.6407718836614769,-2.169902531079809,-0.5409481649634654,6.4999999999919496,-6.499999999902612,0.1337327607491871,-0.0799780834788351
6.96,54.32960694,10.13327779,0.9482305224173612,0.1768590614547145,0.3924348238045,-0.1490769238719531,-1.8630324762031123,-1.524419204811462,-2.078268947371331,-0.5051292398078978,6.4999999999999325,-6.499999996416125,0.1408493234027885,-0.0742559454373593
6.97,54.11900669,9.46124053,0.9445548546493382,0.1651297985716333,0.3720868683453263,-0.1631191840882598,-2.0347955459170493,-1.40422602163045,-1.998949749591507,-0.4726057408269136,6.499999999999999,-6.499999802514819,0.146424377537603,-0.0698497539254712
6.98,53.75295305,8.74641472,0.9381660133924282,0.1526537346088979,0.3500752586732433,-0.1760232588415534,-2.201160967208742,-1.2904074753296122,-1.9282492072537527,-0.4439304563913567,6.5,-6.499988076656286,0.150892696882171,-0.0669029868212655
6.99,53.28098268,8.04032374,0.9299285764640725,0.1403301221892645,0.3265340922963358,-0.1877806142709346,-2.3541166376903773,-1.1757355429379412,-1.865855128518428,-0.417867462535087,6.5,-6.498943473323005,0.1543686324172959,-0.0652240749120858
7.0,52.58309363,7.20403849,0.9177481147279568,0.1257341910909006,0.301421287676934,-0.1985926655607458,-2.511280461940685,-1.0812051289813316,-1.8076497847582889,-0.3961365492832203,6.5,-6.443317359573818,0.1571431480373334,-0.0641496011662527
7.01,51.89893671,6.48184232,0.9058073238736536,0.1131294900791079,0.2750611073178236,-0.2082962674257587,-2.636018035910624,-0.9703601865011384,-1.7568695031216086,-0.3746350099828586,6.5,-2.6426620606295685,0.1591411391624491,-0.0263343339985403
7.0200000000000005,50.98685568,5.6231431,0.8898885068551723,0.0981423614058007,0.2474053165792495,-0.2171126686909069,-2.7655790738569754,-0.881640126514686,-1.708476116751773,-0.3570594303029225,6.5,-0.0516719947435372,0.1606392599601505,-0.0005164438430473
7.03,50.02522106,4.80213947,0.8731048165350078,0.0838131448914754,0.2186807109351537,-0.2249981537741616,-2.872460564410156,-0.7885485083256192,-1.6639082921899402,-0.3404025194182269,6.5,-0.0003192391783664,0.1616422405386668,-3.194457007555645e-06
7.04,48.97715232,3.98785713,0.8548125662347794,0.0696012370176315,0.1890488004978708,-0.2319638258834779,-2.963191043727823,-0.6965672109315195,-1.6218068944723352,-0.3250815665028562,6.5,-1.2673489090808823e-06,0.1622413554962509,-1.2642951518061969e-08
7.05,47.8659875,3.21634476,0.8354190815934494,0.0561358059412668,0.1586984399769107,-0.2379738293054318,-3.0350360520966198,-0.6010003421955153,-1.5815597856492936,-0.310494882442485,6.5,-2.1776125384806715e-09,0.1624884622415662,-2.152823045552739e-11
7.0600000000000005,46.20233907,2.06296453,0.8063829388943149,0.0360055234003573,0.1270908582826845,-0.243617079189763,-3.1607581694221203,-0.564324988433027,-1.542393992168018,-0.3025609264577309,6.5,-1.7571397349160752e-10,0.1624197040505235,-1.722771462626906e-12
7.07,44.94577025,1.40598416,0.7844516757074149,0.0245390528228867,0.0951479914073012,-0.2481631915911087,-3.194286687538961,-0.4546112401346602,-1.5041926108241797,-0.2880821490048418,6.5,-3.3625101722129043e-14,0.1620596830193286,-3.22151245784127e-16
7.08,43.69908798,0.91888161,0.762692965369678,0.0160375095305264,0.0631348945006076,-0.2514231576736437,-3.2013096906688694,-0.3259966082534555,-1.4660255497790011,-0.2726941737995106,6.5,-3.478150206642333e-19,0.161415905933721,-3.205332397092446e-21
7.09,42.42346911,0.58313071,0.7404292160876085,0.0101775508589922,0.0312382575810614,-0.2532593557370397,-3.1896636919541166,-0.1836198063395679,-1.427553431766151,-0.2568666177988703,6.5,-3.7814568656698207e-25,0.1604882372370716,-3.2802556112562565e-27
7.1000000000000005,41.21938153,0.52005743,0.7194139233342378,0.0090767144529599,-0.0002242832022599,-0.253379659722328,-3.1462540783327624,-0.0120303985288363,-1.3876643464744487,-0.2389903301109363,6.5,-1.0615715257654105e-29,0.1592438460629884,-8.304899805705099e-32
7.11,40.06389791,0.72816285,0.6992469297123749,0.0127088392232055,-0.0309981783526617,-0.2515303023349843,-3.0773895150396973,0.1849357387343475,-1.3458960985548074,-0.2193321270715594,6.5,-3.4240884628559277e-25,0.1576506851829564,-2.239573258771611e-27
7.12,38.89612811,1.16022508,0.6788655017970191,0.0202497477102146,-0.0609440497495771,-0.2475607143812982,-2.9945871396921424,0.3969587953686833,-1.3024253450861007,-0.1987265552480346,6.5,-2.0758780648826002e-16,0.1557011434990508,-9.84425195673298e-19
7.13,37.75215748,1.87188311,0.6588994477574054,0.0326705234819711,-0.0898869717875416,-0.2412670377286405,-2.894292203795996,0.6293676652656776,-1.256413844927013,-0.1763095294816512,6.5,-1.7652369627769542e-08,0.153343951844041,-4.168386172579008e-11
7.140000000000001,36.59402833,2.83078528,0.6386862809265821,0.0494065235529895,-0.1177291163445709,-0.2325254591289913,-2.784214455703484,0.874157859965093,-1.2080981974938385,-0.152525331856041,6.5,-0.0428346170876765,0.1505793354754573,-1.96233180547173e-06
7.15,35.40184616,4.01693167,0.6178787767765113,0.0701086834691343,-0.1444174998216392,-0.2212685563007422,-2.6688383477064117,1.125690282824728,-1.157693802085382,-0.1275014354229373,6.5,-6.493240375382409,0.1474179437043412,0.0078712692237406
7.16,34.15237277,5.39990869,0.5960713522049561,0.0942461859475538,-0.1699454649787627,-0.2074961828120795,-2.5527965157128603,1.3772373488665497,-1.1057481186646874,-0.1014428107254585,6.5,-6.499999584299805,0.1438999097424137,0.0008815070462717
7.17,32.83123734,6.9509491,0.5730131890867051,0.1213169479335365,-0.1943358343553459,-0.1912675067510533,-2.4390369376579364,1.6228676061023646,-1.0528581801611656,-0.074440915963805,6.5,-6.499999999859076,0.1400732559911092,-0.0258122745873101
7.18,31.45359543,8.65747738,0.5489688018437416,0.1511014851979322,-0.217595045459418,-0.1726722313474493,-2.3259211104068505,1.8595275403601044,-0.9988769704731352,-0.0461921693995878,6.5,-6.499999999999822,0.1359218263366531,-0.0510837103167517
7.19,29.9500098,10.42416742,0.5227262820145684,0.1819360432581226,-0.2398382466805779,-0.1519472367887122,-2.224320122116428,2.0724994558741314,-0.9466147025855702,-0.0180115605376792,6.5,-6.499999999999999,0.1316500118722474,-0.0406928038917884
7.2,28.40990816,12.29177962,0.495846437581204,0.2145320252985374,-0.2610468882855883,-0.129265639974608,-2.120864160500706,2.26815968141006,-0.8932719366495675,0.0116739644579369,6.5,-6.5,0.1269869698039579,0.0447704335541771
7.21,26.82599008,14.21756627,0.468201852003337,0.2481433430319891,-0.2812216118964106,-0.1048617328167797,-2.0174723610826355,2.4403907157833165,-0.8394229914077793,0.0427779624357898,6.499999999999998,-6.5,0.1218852837844654,0.22234031785096
7.22,25.2060805,16.15492739,0.4399290962477385,0.2819566733761141,-0.3003585014514827,-0.0790296783136056,-1.9136889555069043,2.583205450317001,-0.7850523140989943,0.0751313019471234,6.499999999999972,-6.5,0.1162034981392719,0.4598177959075795
7.23,23.58144071,18.08936874,0.4115737827533293,0.3157190441203381,-0.3184152193866903,-0.0520695281388132,-1.8056717935211224,2.696015017479781,-0.728964276180971,0.1095427846814039,6.499999999999555,-6.5,0.1095965141405762,0.7177750995557252
7.24,21.99920625,20.02681477,0.3839585818878148,0.3495338564235309,-0.335291335725033,-0.0242531407741431,-1.6876116338340046,2.7816387364665744,-0.6689420957974089,0.1480300404113395,6.49999999998931,-6.5,0.1014070679277884,0.9742395153859544
7.25,20.44572302,21.92868693,0.3568451846497984,0.3827277875675473,-0.3509228193381336,0.0041255670494456,-1.5631483613103685,2.8378707823594453,-0.6059242891321125,0.1924078656382783,6.499999999620646,-6.5,0.0912380959643435,1.245884742994464
7.26,18.99103984,23.83111278,0.3314561735854171,0.4159313824250991,-0.3651570706655692,0.032937503420117,-1.4234251327433385,2.881193637066685,-0.5360238681498849,0.2528291323744904,6.499999971542958,-6.5,0.0791541927544588,1.6162670419380574
7.2700000000000005,17.62394409,25.71766798,0.3075958515578958,0.4488579821857192,-0.3778802586992182,0.0617929362802955,-1.272318803364709,2.8855432860173997,-0.4601318192902604,0.3307554282568836,6.499995372988265,-6.5,0.0684422119361587,2.1028766559590624
7.28,16.3617898,27.60248613,0.2855671035292245,0.4817542647045675,-0.3889731265763099,0.0904701267753858,-1.1092867877093835,2.867719049509608,-0.377512569072204,0.4564075912396124,6.497997769152477,-6.5,0.0647263323885451,2.8670719805014238
7.29,15.21956655,29.47541895,0.2656315470238942,0.5144431090822299,-0.3983157665430207,0.1187609679880909,-0.9342639966709404,2.8290841212700624,-0.2877639651639707,0.7099051913825449,4.450561493281059,-6.5,0.0426121062050262,4.2356425561759785
7.3,14.17880041,31.35158061,0.2474667511376219,0.5471883073489122,-0.405837440245466,0.1465008247869635,-0.7521673702446772,2.7739856798878075,-0.1932629863002499,1.3699255513841078,0.0025272731320787,-6.5,1.0575401333050427e-05,6.369722195485863
7.3100000000000005,13.23346529,33.20727512,0.2309675407588862,0.579576286459595,-0.4114947714540446,0.173508374220691,-0.5657331208577757,2.700754943372327,-0.0958688818234173,2.33592896085031,1.1326902470352417e-07,-6.5,5.875594046428223e-11,4.687582063478027
7.32,12.36807103,35.04236795,0.2158635615940263,0.6116046984228357,-0.4152835928139059,0.1996223144799602,-0.3788821359862003,2.611394025927447,0.001614747002994,2.7702033664189503,2.0207257336894507e-12,-6.5,-1.6539639716655217e-15,2.355064179830152
7.33,11.56396657,36.84254919,0.2018292912370553,0.64302378819347,-0.4172403076699644,0.2246800690231797,-0.1956714856058166,2.5057754543215567,0.0962245284709652,2.9530615303316923,9.785666527308875e-17,-6.5,-9.345112257074785e-18,1.2224854719682454
7.34,10.8079812,38.59853103,0.1886348574336477,0.6736714529066982,-0.4174302268906765,0.2485263145571734,-0.0189919220712123,2.3846245533989943,0.1858209547960314,3.054058594606885,7.320816954036632e-19,-6.5,-1.3584361751397282e-19,0.5550068091678587
7.3500000000000005,10.08533415,40.29873634,0.1760222870813236,0.703345633526089,-0.4159470371507379,0.2710101168724971,0.1483189739938901,2.248380231532816,0.2686976295443287,3.1214982775072424,1.159740407682206e-17,-6.5,-3.0599962119891677e-18,0.0853993618480805
7.36,9.38754458,41.93495629,0.1638435615987482,0.7319030589404061,-0.412900561352197,0.2919905278688405,0.3046475798540472,2.098041099634012,0.3441889753781859,-3.1107311261083126,2.1089292582618983e-14,-6.5,-7.094347769270928e-15,-0.0519788573468696
7.37,8.70901038,43.4985825,0.1520009057213625,0.7591934845753863,-0.4084104306186612,0.3113361616634606,0.4490130733536662,1.9345633794623969,0.4122503113921447,-3.06876374251461,9.359491209874846e-11,-6.499999999999984,-3.750168858564738e-11,-0.0276307145271373
7.38,8.0484849,44.98183176,0.1404725613020465,0.7850810677901557,-0.4025980638547134,0.3289265266098742,0.5812366763946899,1.759036494641089,0.4733755626328272,-3.0319987020939108,1.929540177552081e-07,-6.499999999998501,-8.804760931628796e-08,0.0052267673237107
7.390000000000001,7.41103485,46.39199013,0.1293469591125441,0.8096929743212122,-0.3955764522963313,0.3446739100860488,0.7021611558383498,1.5747383476177736,0.5285271851963771,-2.998782341568025,0.0001341428305592,-6.499999999721758,-6.76979799826797e-05,0.0041652380756162
7.4,6.79859657,47.71313905,0.1186578946612931,0.8327513728843794,-0.3874546497522383,0.3584874766386925,0.8121802544091734,1.3813566552641494,0.578420042985414,-2.9673504686866328,0.0330808672861333,-6.499999876986501,-0.0180934014164861,-0.0139080633727894
7.41,6.21817646,48.94652171,0.1085276526970054,0.8542779612383851,-0.3783299444760202,0.3702991662139829,0.912470527621993,1.181168957529279,0.6239985642280871,-2.9370050697273067,2.282338502271388,-6.499848839352016,-1.3336832646169765,-0.034481395835749
7.42,5.67595684,50.08761931,0.0990641350590929,0.8741938714449904,-0.3682893764279371,0.3800538920978647,1.0040568048081495,0.975472588388024,0.6660393193410198,-2.9070590748098284,6.281416544379823,-5.9030547592596525,-3.88077638995466,-0.0446640306867833
7.43,5.17523715,51.12925247,0.0903249278390276,0.8923737996849432,-0.3574142053123639,0.3877049860502807,1.0875171115571478,0.7651093952414837,0.7050695885613488,-2.8768872423919065,6.492466538065797,-0.0030223279800338,-4.206904052406225,-2.7096410653061885e-05
7.44,4.71252698,52.05935775,0.0822491118900649,0.908607199211127,-0.345789746815572,0.3932067325693285,1.162445849679426,0.5501746519048873,0.74122608552898,-2.845819047940252,6.499579593923967,-2.0798442405015498e-08,-4.387546049061012,-2.0200427225419246e-10
7.45,4.30355403,52.88343946,0.0751111873609708,0.922990138356092,-0.3334764024694466,0.3965401939529897,1.2313344346123485,0.3333461383660619,0.7755552437100787,-2.813686030253653,6.499966456114827,-3.3963356204363237e-14,-4.549800104852163,-3.391485277040405e-16
7.46,3.92382927,53.56837,0.0684837400476255,0.9349444314265548,-0.3205700285121896,0.3976549127665503,1.290637395725959,0.1114718813560844,0.8071174717659617,-2.779311384296957,6.499995805068313,-4.069591793473231e-19,-4.694125754251414,-4.063949953653525e-21
7.47,3.53991311,54.0715924,0.0617831390040122,0.9437273191763428,-0.3072113677399415,0.3964582165478859,1.3358660772245925,-0.1196696218664174,0.8347746729024215,-2.9765525055255693,6.499999076953894,-4.6721029714305975e-19,-4.816791981848422,-5.5414746864315025e-22
7.48,3.20698973,54.45842644,0.0559725298661439,0.950478846833134,-0.2934519977347294,0.3929763575901392,1.375937000521484,-0.3481858957747357,0.8613582344715258,-2.887713333842519,6.499999748793373,-6.643672635251363e-14,-4.9312530930552265,-5.681101244699758e-16
7.49,2.81252373,54.60458146,0.049087799378972,0.9530297331504524,-0.2795061951939714,0.3870685981701131,1.394580254075582,-0.5907759420025269,0.8822804851382225,-2.793478798794989,6.4999998544086965,-1.827714669891963e-07,-5.018903630334335,-1.8286303058544643e-09
7.5,2.40200914,54.57082016,0.0419229681559974,0.9524404873056987,-0.2655052321618508,0.3787113593391925,1.40009630321234,-0.8357238830922262,0.8999847560958798,-2.698135983640916,6.49999986773834,-0.086703310273604,-5.091362440642646,-0.0008918899362334
7.51,1.96906594,54.35738425,0.0343666838418771,0.9487153279342084,-0.25157911769108,0.3679005895183675,1.3926114470768625,-1.0810769820823216,0.9144714976871025,-2.602260434424427,6.49999981261284,-6.491493458161072,-5.149467252396231,-0.0796024012491086
7.5200000000000005,1.46670787,53.9331442,0.0255988814964129,0.9413109422428833,-0.237915065359443,0.3546045725236738,1.366405233163487,-1.3296016994691715,0.923977445307727,-2.504977271744572,6.499999487531876,-6.499999240036527,-5.1870075050288245,-0.0963918525516515
7.53,0.92577456,53.32351613,0.0161578142032017,0.9306709252088048,-0.2246378359056132,0.3388487126077487,1.3277229453832422,-1.5755859915928232,0.9299431211573104,-2.408208290142251,6.49999775555207,-6.4999999997182245,-5.210326000821782,-0.1101500178699513
7.54,0.31650803,52.5265062,0.0055241072325009,0.9167604777592152,-0.2119025179162391,0.3206707567321873,1.2735317989372088,-1.8177955875558471,0.9310676777226526,-2.3123705361695213,6.499981553390868,-6.499999999999682,-5.214688116603393,-0.1208645608898182
7.55,-0.34629609,51.56273098,-0.0060440069572826,0.8999394269210824,-0.1998258750025646,0.3001523951062584,1.2076642913676954,-2.0518361625933044,0.9278609807321524,-2.2185933580907062,6.4997355633109954,-6.499999999999999,-5.201998115499536,-0.1296273731972032
7.5600000000000005,-1.04534187,50.45412428,-0.0182446574404545,0.8805905898964135,-0.1884850624689043,0.2774169545720889,1.1340812533658544,-2.2735440534165927,0.9209048837001992,-2.12763092252747,6.493912261195971,-6.5,-5.170078336775576,-0.137107364579499
7.57,-1.75894346,49.2276113,-0.0306993547334211,0.859183900076966,-0.1779139693136,0.2526323316636491,1.0571093155306348,-2.4784622908444733,0.9110485264206952,-2.039980846961277,6.304830733508044,-6.5,-4.981626496936286,-0.14360930097321
7.58,-2.45689622,47.9138598,-0.0428809284188029,0.8362546108489517,-0.1680941493342302,0.2260115505644322,0.9819819979368252,-2.6620781099212705,0.8997613929020972,-1.9558455750649504,2.9468606232708456,-6.5,-2.307826308369555,-0.1492101932280082
7.59,-3.10327885,46.54422675,-0.0541624335400032,0.8123500045823197,-0.15895098037829,0.1978085185709928,0.914316895593885,-2.820303199343502,0.8891466949886122,-1.8751171230414387,0.1516272668134084,-6.5,-0.1177372435921253,-0.153883576747621
7.6000000000000005,-3.66036328,45.15125515,-0.0638853910550991,0.7880380637755462,-0.1503562625476961,0.1683145689680794,0.8594717830595611,-2.9493949602919303,0.881774634462069,-1.7974721393912123,0.0071009522222608,-6.5,-0.0054806353635956,-0.1575767038318649
7.61,-4.08374416,43.75880865,-0.0712747814010901,0.763735287692675,-0.1421238857011334,0.1378406951498281,0.8232376846561352,-3.047387381824646,0.880862643684791,-1.7223361018308967,0.0008090816847001,-6.5,-0.0006239927572627,-0.1602526016671092
7.62,-4.33886184,42.3946359,-0.0757274248971394,0.7399259816391894,-0.1340303917300463,0.1067193817232757,0.8093493971088717,-3.112131342655858,0.8889384503686908,-1.6491342478384503,0.0003261662754148,-6.5,-0.0002532223756878,-0.1618916635578045
7.63,-4.39467169,41.06661256,-0.0767014905346835,0.7167476018128575,-0.1258248470076471,0.0752716195845467,0.8205544722397895,-3.144776213872412,0.9077687854836494,-1.577169257982475,0.0005896368142862,-6.5,-0.0004646988629487,-0.1624959549724336
7.640000000000001,-4.21763277,39.79878541,-0.0736115784765087,0.6946198436991814,-0.1172293135643198,0.0438291073398569,0.8595533443329045,-3.1442512244696035,0.9383365056070062,-1.5058804969776507,0.0053247260886523,-6.5,-0.004294860816095,-0.1620816458798631
7.65,-3.78949797,38.59039838,-0.0661392165741413,0.6735295113872859,-0.1079654226064318,0.0126950138868438,0.9263890957886568,-3.113409345300824,0.9795451256035372,-1.4347290891823,0.1931793637416498,-6.5,-0.1603966344799548,-0.1606819827625123
7.66,-3.10752194,37.41548934,-0.0542364894309616,0.6530234802278401,-0.0977790184356534,-0.0178923619931924,1.0186404170780383,-3.0587375880042345,1.0286033750554568,-1.3634722816999203,4.940067729336909,-6.5,-4.232038423699708,-0.1583559243772811
7.67,-2.16852937,36.27804233,-0.0378479774326983,0.6331712848363752,-0.086439319889999,-0.0477123603260651,1.1339698545652606,-2.9819998332868107,1.0825455592650053,-1.29195280035835,6.489547169549498,-6.5,-5.732106587364195,-0.1551900329025405
7.68,-0.99174304,35.15105074,-0.0173091813817378,0.6135015709485893,-0.0737712741700351,-0.0766070213714399,1.2668045719962,-2.8894661045370302,1.1378267279202283,-1.2204376355445945,6.499956280823583,-6.5,-5.901091830169721,-0.1513115600768824
7.69,0.40145901,34.01441893,0.0070067815362968,0.5936636034811866,-0.0596552784074107,-0.1044669171830222,1.4115995762627174,-2.78598958115878,1.1918964951149569,-1.1493882502268444,6.499999796781274,-6.5,-6.03988154338209,-0.1468723451623134
7.7,1.97619792,32.84497093,0.0344911603750635,0.573252885450324,-0.0440430760769485,-0.1312323275287958,1.5612202330459743,-2.6765410345769367,1.2429173321157096,-1.0795161956126975,6.499999998647717,-6.5,-6.154549976966614,-0.1420318205452347
7.71,3.70282996,31.63904504,0.0646265744434899,0.552205508134781,-0.026944500551857,-0.1568611763315603,1.709857552509496,-2.5628848802769686,1.2902129436129133,-1.011303978513847,6.499999999985472,-6.5,-6.246499338092765,-0.1368999486730638
7.72,5.53454948,30.36795177,0.09659611104054,0.5300207454733398,-0.008447578007819,-0.1813641608509374,1.8496922544035024,-2.4502984519373245,1.3334189307715778,-0.9457835896870488,6.499999999999713,-6.5,-6.3182706491475535,-0.1315798692925642
7.73,7.421389,29.00923268,0.1295276731212894,0.5063066237431386,0.0112840112351476,-0.2047912146648211,1.9731589242970689,-2.342705381388837,1.3726697478754304,-0.8838893521474909,6.4999999999999885,-6.5,-6.373247695354525,-0.126129551621962
7.74,9.35585897,27.60920426,0.1632905433787453,0.4818715181926445,0.0320803214716203,-0.2271280924142351,2.0796310236469395,-2.2336877749410515,1.408882920689856,-0.8247077146802575,6.499999999999999,-6.5,-6.41527073979397,-0.1204066279062711
7.75,11.29755633,26.16681079,0.197179555388027,0.4566970030318785,0.053718860504497,-0.248370542745486,2.1638539032881074,-2.1242450331255056,1.4424740479913636,-0.7684449005382897,6.5,-6.5,-6.446744092546121,-0.1143360069722424
7.76,13.21819912,24.70017908,0.230701095828217,0.4310994507782239,0.0759481979193568,-0.2684956743647009,2.222933741485623,-2.01251316192118,1.4740186929011618,-0.7146923382685483,6.5,-6.499999999999997,-6.469694012139549,-0.1077662721965676
7.7700000000000005,15.11215262,23.24302829,0.2637568202828875,0.4056673717946874,0.0985251489066326,-0.287441057365677,2.2576950987272317,-1.8945383000973075,1.504182187536054,-0.6625218315442218,6.5,-6.499999999999951,-6.485636508780448,-0.1004480861240902
7.78,16.95897885,21.81071681,0.2959900187085815,0.3806688205545744,0.1211942040946305,-0.3051350880754822,2.2669055188002454,-1.7694030709808706,1.5334395720172411,-0.6115613885855954,6.5,-6.499999999998732,-6.495481886799837,-0.0922056888445703
7.79,18.76359222,20.44869988,0.3274864637405922,0.3568971406581693,0.1437273044004421,-0.3214546209056199,2.253310030580808,-1.6319532830135155,1.5623110110291083,-0.5604686508886488,6.5,-6.499999999941892,-6.499766871867274,-0.083317642136884
7.8,20.52525422,19.16034939,0.3582332659478606,0.3344111826879871,0.165914909553526,-0.3362911530784186,2.218760515308829,-1.483653217280174,1.591211188821629,-0.5093133726867419,6.5,-6.4999999949611125,-6.498650598496805,-0.0748859746966165
7.8100000000000005,22.22042856,17.94323278,0.3878196395761823,0.3131684904627753,0.1875326927871416,-0.3495587837190241,2.161778323361222,-1.3267630640603414,1.6205343819109077,-0.4583473776476721,6.5,-6.499999119787994,-6.491991264600193,-0.0682559973441603
7.82,23.92969663,16.86022561,0.4176519951968913,0.2942664495235694,0.2084961375054895,-0.3610982759201519,2.096344471835205,-1.1539492201130062,1.6504897767887952,-0.4055262270730722,6.5,-6.499511049454139,-6.479445130893571,-0.0648397314753881
7.83,25.63505629,15.90256743,0.4474161361945823,0.2775521611739128,0.2287057521585153,-0.3707881318694104,2.02096146530226,-0.968985594925696,1.6813168271119223,-0.3513950389274455,6.499999999999998,-5.609893975298686,-6.46048354037719,-0.0561105017833092
7.84,27.28652315,15.0050712,0.4762396703891546,0.2618878969361766,0.2480023952369276,-0.3786240798835711,1.9296643078409343,-0.7835948014159485,1.713565042853237,-0.2985242842990347,6.499999999999977,-0.0062416444812549,-6.434096109142518,-6.087063092947575e-05
7.8500000000000005,28.90391082,14.17481367,0.5044684105118141,0.2473971693982009,0.2662751374371446,-0.3846046200043095,1.827274220022057,-0.5980540120739588,1.7474742391883635,-0.2466883004621344,6.499999999999687,-2.557764285103932e-07,-6.399149008480423,-2.1034434990183027e-09
7.86,30.48862936,13.3920424,0.5321269667522116,0.2337352334466834,0.2834312027150104,-0.3887696871589591,1.7156065277863155,-0.4165067154648997,1.783396168410196,-0.1966664303841658,6.499999999993695,-3.956267201659608e-12,-6.354113735262132,-1.7942207931831005e-14
7.87,32.03702793,12.65398201,0.5591516199318834,0.22085364956263,0.2993877429369279,-0.3911723301069589,1.5956540221920623,-0.2402642948000222,1.8217864387296137,-0.1485287723295794,6.499999999804867,-8.067297042433677e-17,-6.296925747854228,2.112009768691429e-20
7.88,33.53618618,11.93725942,0.5853168674028197,0.2083444805437086,0.3140580963687883,-0.3919070952700161,1.4670353431858112,-0.0734765163057145,1.863369192040237,-0.1031269876199204,6.499999989898888,-7.033257628400519e-20,-6.224507406809158,2.120371730516013e-23
7.890000000000001,34.99292096,11.23879984,0.6107416856421349,0.1961540611806119,0.3273815139230964,-0.3910765124789369,1.3323417554310757,0.0830582791079391,1.9086432885233475,-0.0604504442425984,6.499999117700464,-8.035580855673408e-20,-6.133401363325225,-5.030107681573315e-22
7.9,36.39612429,10.55094596,0.6352322038255835,0.1841487462019939,0.3392953121813904,-0.3887963597134031,1.1913798258292163,0.2280152765533426,1.9586477837464848,-0.020659392614779,6.499854225900839,-3.2249658733578615e-17,-6.017991161254083,-2.1874288828365185e-19
7.91,37.74918025,9.88203917,0.6588474852913162,0.1724741203275476,0.3497566297468226,-0.3851705899624913,1.0461317565434252,0.3625769750912499,2.014253771594749,0.0167487434251336,6.452145157433428,-9.656547363517073e-14,-5.828963488195185,1.0174801518982089e-15
7.92,39.05153661,9.23938969,0.6815778918076048,0.1612577709653181,0.3587353576740194,-0.38029309582609,0.897872792719538,0.4877494136400609,2.076626355238944,0.0522142114829529,1.0178664761972052,-2.395152369612795e-10,-0.890523773845555,1.0618086767058487e-11
7.930000000000001,40.29727725,8.63214134,0.7033201676015062,0.1506592878805153,0.3662054885602146,-0.374245250244805,0.747013088619408,0.6047845581284015,2.14746224904328,0.0862362346155627,0.0006571128466123,-2.587595096814875e-07,-0.0005508931304518,2.16994982976336e-08
7.94,41.48294539,8.07092306,0.7240139804805031,0.1408641810721358,0.37214856525233,-0.3670942456914106,0.5943076692116539,0.715100455339588,2.2287622581936324,0.1193595585205039,1.2744821863910673e-07,-0.0001177199713834,-1.0083975951384585e-07,1.4238746545145223e-05
7.95,42.60684002,7.56828492,0.7436296422194867,0.1320914905830356,0.3765557610955921,-0.3588910409316816,0.4407195843261468,0.8203204759727628,2.3228025971214503,0.1521969932366534,9.382094756564203e-12,-0.0258147350717343,-6.850859030334829e-12,0.0039732388519256
7.96,43.65939884,7.13051928,0.7620002591993931,0.1244510388129354,0.3794156968285542,-0.3496804348864634,0.2859935732962684,0.9210606045220116,2.432925449347504,0.185083715262501,4.50339204696462e-16,-2.092039087545158,-2.930352935183277e-16,0.3867620259017449
7.97,44.63160777,6.76087595,0.7789685060451841,0.1179995456463995,0.3807155545726703,-0.3395056912144731,0.1299857744115858,1.0174743671988635,2.562898062274043,0.218226961368346,1.0967375265226136e-19,-6.31045034272942,-6.001055689525371e-20,1.36185431563073
7.98,45.51425775,6.45714038,0.7943736543388461,0.1126983598944778,0.3804410252841083,-0.3284162964136587,-0.0274529288562085,1.1089394800816652,2.7162928773954653,0.2516033759475494,7.650152454626096e-21,-6.495487445092848,-3.1575312949861386e-21,1.6075385002919804
7.99,46.29744397,6.21215469,0.8080428325340949,0.1084225529837076,0.3785755412529419,-0.3164742768003416,-0.1865484031166028,1.1942019613315222,2.985860813984759,0.2849837575362824,1.204245701979188e-18,-6.499833241690967,-1.8943610761942104e-19,1.8166856130005016
8.0,46.9709212,6.01768068,0.819797227634806,0.1050283411996512,0.3751001070727117,-0.303754312860803,-0.3475434180230966,1.271996393954109,3.04723259776038,0.3181055549679845,1.7747855937836257e-14,-6.499990306588777,-1.6567218722725892e-15,2.0238747166018944
8.01,47.52121704,5.84371683,0.8294017019028339,0.1019920992377057,0.3699889549958385,-0.2903737006881441,-0.5111152076872327,1.3380612172656865,3.1113383621352977,0.3497102702559096,6.50956300866437e-10,-6.499999023941797,-1.4255624948065518e-11,2.220892430172708
8.02,47.94391431,5.68495195,0.8367791610035252,0.099221129345172,0.3632235137623184,-0.276452280949816,-0.6765441233519073,1.3921419738325935,-3.104861308641973,0.3796949523591151,1.1957661105447617e-05,-6.499999838262156,9.791092634069385e-08,2.4061692976337565
8.03,48.23296979,5.52360256,0.8418241308504579,0.0964050512435876,0.3547895893594826,-0.2621294793181961,-0.8433924402837479,1.4322801631622712,-3.0347505127251644,0.4073394938390453,0.0755768946719034,-6.499999954938213,-4.652885334260971e-05,2.5747559753128173
8.040000000000001,48.3679506,5.30415148,0.8441799904119668,0.0925749073505301,0.3446561524393997,-0.2476163688013995,-1.0133436920081311,1.4513110516794332,-2.9604017172244363,0.4300105696342405,6.28995269937265,-6.499999974097215,0.0181761660912046,2.7109547948285573
8.05,48.36441728,5.04959604,0.8441183223444402,0.0881320767936672,0.3328294392779569,-0.2330746121029079,-1.18267131614452,1.4541756698494537,-2.882999856912864,0.4488683525874777,6.499780130435051,-6.499999974492284,0.0568254454477464,2.822751891240233
8.06,48.27397977,4.7813344,0.842539890027635,0.0834500279188675,0.3194023310941334,-0.2186217686871016,-1.3427108183821324,1.445284341580404,-2.805905912109504,0.4649841035473497,6.499999345115552,-6.499999962879162,0.0650164080162842,2.9172304328651366
8.07,47.92608443,4.35285389,0.8364679708922899,0.075971632238743,0.3042227886660765,-0.2045772548657741,-1.5179542428059931,1.4044513821330225,-2.718731680115145,0.4702403236892805,6.499999997899098,-6.49999983796159,0.0654690410630183,2.9478346993561737
8.08,47.49439977,3.91159092,0.8289336522449376,0.0682701405451141,0.287416939067581,-0.1910177750501571,-1.6805849598492888,1.3559479815614883,-2.632862513318209,0.4723294647936363,6.499999999983139,-6.499999028590138,0.0747974277036301,2.9599697392364583
8.09,46.89123697,3.36545184,0.8184064754593895,0.0587382154253014,0.2689841844545943,-0.17814371546579,-1.843275461298383,1.2874059584365092,-2.5431810243015835,0.465400743618523,6.499999999999798,-6.499986780603472,0.0899385406842374,2.9196541602988786
8.1,46.16798001,2.79593411,0.8057832601694246,0.0487982558883173,0.2490104171349038,-0.1660161252198299,-1.9973767319694449,1.212759024596252,-2.453150016565518,0.4537840315068194,6.499999999999996,-6.499735397303223,0.1042153266342065,2.851557311318393
8.11,45.32617378,2.22109236,0.7910909697921239,0.0387653746728912,0.2275876020065179,-0.1546596889418171,-2.1422815128382604,1.1356436278011002,-2.36302091046022,0.4383182101137226,6.5,-6.492907317015665,0.1154829139017705,2.757360098413825
8.120000000000001,44.39440182,1.68064883,0.774828481212363,0.0293328556532904,0.2048520172683219,-0.1440341900652189,-2.2735584738200503,1.0625498876600337,-2.2742606329487995,0.4216778653338598,6.5,-6.307386213823245,0.1245856214727586,2.582267387499044
8.13,43.32160009,1.14875178,0.7561045588027717,0.0200495008491455,0.1808636215858744,-0.1341351148874056,-2.3988395682443704,0.9899075177811753,-2.1845380617222205,0.4019946930922513,6.5,-3.164988584915792,0.1325249159172369,1.2379305243352778
8.14,42.17548932,0.73112359,0.7361011522737043,0.012760513884501,0.1557850027100388,-0.1248002399614551,-2.507861887584061,0.9334874925952332,-2.096843554821062,0.3879960636463742,6.5,-0.3087118081206985,0.1394655677221936,0.1166955067173124
8.15,40.96265662,0.4416411,0.7149332283828517,0.0077080913071295,0.1297826477804814,-0.1158568508998474,-2.600235492955332,0.8943389061606373,-2.010957628862122,0.3818487654356948,6.5,-0.0368337470218706,0.145616357309599,0.0137100350069865
8.16,39.6825788,0.3163275,0.6925916557421005,0.0055209563896023,0.1030151095583969,-0.1070917887433618,-2.6767538222089864,0.8765062156487322,-1.92641963478952,0.3877851558033392,6.5,-0.0129027278020637,0.1510012696173222,0.0048747721313901
8.17,38.35024657,0.38377214,0.669338071598162,0.0066980874204246,0.0756551528041581,-0.0982670902821382,-2.735995675423454,0.8824698461222199,-1.8432049271391109,0.409506690503481,6.5,-0.0170047884975415,0.1555059242549537,0.006770157673771
8.18,36.97153947,0.66326843,0.6452750932825394,0.0115762179280335,0.0478741001877618,-0.0891371940061671,-2.778105261639189,0.9129896275969692,-1.7609679373533902,0.4497136319592708,6.5,-0.0857902819816912,0.1589955762554898,0.0373218293859212
8.19,35.57973039,1.19853923,0.6209834422773862,0.0209184557778175,0.0198806270731025,-0.0794159606554452,-2.799347311466494,0.9721233350723826,-1.679691355839027,0.51303788646611,6.5,-1.4505470600787158,0.1613296657003315,0.7126007899542681
8.2,34.10946456,1.91395159,0.5953224626643189,0.0334047569692805,-0.0082273524445169,-0.0689547680905366,-2.810797951761505,1.0461192564906938,-1.5983193952949302,0.5916128864968941,6.5,-5.940626452777655,0.1624245957576257,3.3142199518379742
8.21,32.6164426,2.85986648,0.5692643136577399,0.0499140862434205,-0.0362779387726297,-0.057549826181281,-2.805058632811837,1.1404941909257873,-1.5171705141312215,0.6889648387111703,6.5,-6.4914870546923416,0.1622142153085945,4.126241048787521
8.22,31.08032035,4.01736285,0.5424539226820964,0.070116208979803,-0.0641432838356814,-0.045048432640926,-2.786534506304734,1.2501393540353092,-1.436066631396489,0.8003953606792312,6.5,-6.499910690658143,0.1607170589178582,4.663711638906599
8.23,29.53811723,5.37616547,0.5155374005035672,0.0938317885835284,-0.0916533381737563,-0.0313332915072546,-2.7510054338080367,1.3715141133674067,-1.3547431638986245,0.9210201534899434,6.5,-6.499999114407453,0.1580118654149314,5.175378521430324
8.24,27.96833573,6.89366265,0.4881395447916718,0.1203171107642574,-0.1186856975912809,-0.0163671681102629,-2.703235941752038,1.4966123396989397,-1.2733612204710811,1.0435979446897836,6.5,-6.4999999886198285,0.1542452677672209,5.618128007762187
8.25,26.41029005,8.56281013,0.4609465177791979,0.1494492299916237,-0.1450740138376998,-0.0001350623386527,-2.6388316246424144,1.6232105771613468,-1.191322582865517,1.164553203144707,6.5,-6.499999999803134,0.1495567565747697,5.971909078117628
8.26,24.83149877,10.32478439,0.4333914117414221,0.1802014821640143,-0.170717260239379,0.0172826368792009,-2.5643246401675164,1.741769921785088,-1.1094124077176544,1.279311025432373,6.5,-6.499999999994215,0.1441561014424536,6.226539321056953
8.27,23.30098366,12.18806504,0.4066788838203989,0.2127218643952143,-0.1954273533085115,0.0358159463645265,-2.471009306912866,1.8533309485322735,-1.025915288566304,1.38793515205934,6.5,-6.499999999999742,0.1380326330483034,6.391983297968284
8.28,21.80521374,14.10249758,0.3805727738641067,0.2461350155255324,-0.2190578059344786,0.0553201033937602,-2.363045262597184,1.9504157029237543,-0.94124673072571,1.4895638789158412,6.5,-6.49999999999998,0.1311956708240415,6.478643943176584
8.290000000000001,20.3294513,16.02418086,0.3548158603088415,0.2796747159420565,-0.2415030326668788,0.0755917985434185,-2.2445226732396644,2.027169514965518,-0.8562173586065848,1.5849876013230657,6.5,-6.499999999999997,0.1235256627441346,6.499347924959593
8.3,18.92333124,17.955759,0.3302744355835013,0.3133871142446045,-0.2626020771969846,0.0964427243539755,-2.1099044530109974,2.085092581056114,-0.769061662714428,1.6756754976054378,6.5,-6.5,0.1144066067192664,6.46441167313118
8.31,17.62929753,19.92019999,0.3076892867122038,0.3476730774812415,-0.2821548340654786,0.1177290049065954,-1.9552756868490944,2.128628055261653,-0.6779638640066196,1.7623904117048987,6.499999999999989,-6.5,0.1027253745414253,6.3814470589269305
8.32,16.39903553,21.84566554,0.2862171641500333,0.381278790962465,-0.3000586737690777,0.1392114098577437,-1.7903839703602662,2.148240495115265,-0.5857132345882194,1.8465773885399008,6.499999999999267,-6.5,0.0877245284527576,6.255055946809202
8.33,15.25907983,23.7559137,0.2663211838581566,0.4146189108846285,-0.3161922220216004,0.1607031199860732,-1.61335482525202,2.149171012832615,-0.4914300875855545,1.928622310315368,6.499999999895961,-6.5,0.0722855023594929,6.089175935617346
8.34,14.217262,25.65930233,0.248138032518674,0.4478393094231525,-0.3304449735973871,0.182044402643821,-1.4252751575784477,2.134128265774437,-0.3952982280902223,2.008659457672409,6.499999964558726,-6.5,0.064708067472318,5.887711663099205
8.35,13.26778008,27.55149429,0.2315664468265166,0.4808642892049174,-0.3427369858148224,0.2030831099585828,-1.2292012217437756,2.1038707314766003,-0.2984361300949999,2.08692509377376,6.499966974056221,-6.499999999999999,0.0633819407108548,5.654027776087725
8.36,12.39324968,29.4431575,0.2163030119377336,0.5138800405582624,-0.3530337289107602,0.2236967950306869,-1.02967430959362,2.061368507210087,-0.2027747079012274,2.1630736012554834,6.407740592657072,-6.499999999999999,0.0329060031509588,5.393216687611345
8.370000000000001,11.59345442,31.33169709,0.2023439513088895,0.5468412744580261,-0.3613175961046849,0.2437719201772928,-0.8283867193926358,2.0075125146609945,-0.1090676334489214,2.237098173184253,0.0409945436113995,-6.4999999999999964,-3.160287532110272e-05,5.109565722576618
8.38,10.84853447,33.21224747,0.189342645517598,0.5796630703386567,-0.3676151659469617,0.2632006222873683,-0.6297569842275822,1.942870211007246,-0.0192102263423223,2.3090674621675613,9.021728964501e-07,-6.499999999999984,5.8715793898253215e-09,4.806950891023647
8.39,10.14428232,35.10369769,0.177051126735849,0.6126751043152276,-0.3719851204437203,0.281915345412168,-0.4369954496759402,1.8714723124803383,0.0655821990767285,2.3780413960293867,5.674895880013121e-12,-6.499999999999909,-3.378335014428584e-13,4.493764672183686
8.4,9.46610416,36.96539899,0.1652146849287321,0.6451679216888864,-0.3745157206520725,0.2997998831069711,-0.2530600208351878,1.7884537694800289,0.1444013896050546,2.445718368068306,3.712760025557717e-17,-6.499999999999227,-5.433377871847558e-18,4.166158809067577
8.41,8.79751078,38.81682933,0.1535455290906945,0.6774814769932045,-0.3753244779360958,0.3167811771043373,-0.0808757284023403,1.6981293997369633,0.2165444139672446,2.5110413346259537,1.0617907281125727e-20,-6.49999999999123,-2.2746268269674698e-21,3.832606282489556
8.42,8.12920019,40.62426326,0.1418813088692486,0.7090271500839652,-0.3745444537219,0.3327493306991215,0.0780024214195696,1.5968153594781656,0.2820233261297877,2.5755250574247825,8.893266353601876e-21,-6.499999999845595,-2.4603281993970138e-21,3.487951325511732
8.43,7.45551645,42.38419013,0.1301233094890992,0.7397436685597835,-0.372316740223396,0.3476051427398111,0.2227713498503632,1.485581204068732,0.3411959648495926,2.6391637900057567,4.7984956982350634e-18,-6.499999995641259,-1.6004435246876745e-18,3.133015728603272
8.44,6.77515563,44.08507909,0.1182487730785307,0.7694297811226056,-0.3687824895599104,0.3612483393507551,0.3534250663486264,1.36431966109467,0.3946991078544367,2.702362278194395,1.6794738357513513e-14,-6.499999785515087,-6.454302821887797e-15,2.765782055287908
8.45,6.08994833,45.71648688,0.1062896496348301,0.7979032185007898,-0.3640773790167631,0.3735799608170454,0.4705110543146582,1.2331621466288372,0.4432939598299826,2.765459694339692,3.4351008033688627e-11,-6.4999796497802,-1.474368865991682e-11,2.3842675626531182
8.46,5.4057497,47.26993008,0.0943481308036957,0.8250159170835066,-0.3583252868065787,0.3845058030629901,0.5752092210185556,1.0925842245946902,0.4878681204219038,2.828686611871188,2.314417773743293e-08,-6.495810342836889,-1.0858971729697702e-08,1.990088505368768
8.47,4.73035165,48.73389283,0.0825602110696464,0.8505668871975572,-0.3516356135232134,0.3939323203655313,0.6689673283364237,0.9426517302539708,0.5292937718120982,2.8924353815371995,5.394492517085644e-06,-4.841236488561643,-2.726003908113477e-06,1.1868284828899602
8.48,4.07219367,50.10123545,0.0710731873203714,0.8744315179194028,-0.3441028035909581,0.4017735760598533,0.7532809932256856,0.7841255694323596,0.5683627657997787,2.9568563389098426,0.0005229170013596,-0.0115486139668363,-0.0002816090852437,0.0021313026870429
8.49,3.4562176,51.37476933,0.0603223767853763,0.8966588772611013,-0.3357829857889946,0.4079656230127124,0.8319817801962147,0.6192046952858052,0.6065964849553555,3.0215734314998093,0.028519632506019,-2.0846201624157818e-06,-0.0162620329637104,2.5359134114144945e-07
8.5,2.85444122,52.52173571,0.0498193975936438,0.9166772170017816,-0.3267736679093206,0.4124137120573509,0.9009317879675808,0.4448089044639444,0.6427350633719847,3.088181769842929,0.6925928556455822,-9.064406700396475e-11,-0.4151327359007973,4.1385425149724256e-12
8.51,2.29110838,53.54166528,0.0399873847510333,0.9344783461367316,-0.3171337776402761,0.4150422223253546,0.9639890269042932,0.2628510268003237,0.6781948983624152,-3.126768224020194,4.393782652401162,-2.3940202116462227e-15,-2.7562475032823888,-1.3183717227852488e-17
8.52,1.75785076,54.41700857,0.0306802835206846,0.9497559686324712,-0.3069338570684049,0.4157689269367604,1.0199920571869652,0.0726704611405668,0.7126942743491966,-3.056212353045948,6.234651026464846,-1.2084867505757312e-18,-4.075888296202581,-2.5284014351571004e-21
8.53,1.23346998,55.1103091,0.0215281123755086,0.961856345586793,-0.2962732609767835,0.4144773585396153,1.066059609162352,-0.1291568397145316,0.7453959884440293,2.9245372568926378,6.458950097463607,-4.944703031789417e-18,-4.379942973462805,1.061659302814561e-18
8.540000000000001,0.76171354,55.6699563,0.0132944092300215,0.9716240318763602,-0.2851827489820681,0.4111445981675028,1.1090511994713712,-0.3332760372111976,0.7785113051643895,3.0058138792085765,6.49259253066426,-9.91373102187123e-14,-4.558329567619069,1.3661722593331895e-14
8.55,0.27488784,56.01808413,0.0047976978816953,0.9777000087276831,-0.2737918668075716,0.4056511689877131,1.139088217449873,-0.5493429179790825,0.8090459043113467,3.0951367921051123,6.497628227823336,-3.3904642637737905e-08,-4.70108188041998,1.2910302449791894e-09
8.56,-0.18877845,56.1978139,-0.0032948055093114,0.9808368849780352,-0.26216597212055,0.3979648103410222,1.162589468701976,-0.768635864668967,0.8389505162141748,-3.09377545834378,6.4989930733316434,-0.004755624898664,-4.834249411979375,-3.678486610196535e-05
8.57,-0.65687479,56.18489054,-0.0114646278588463,0.9806113297956148,-0.250406728829776,0.3880360924033522,1.1759243290776331,-0.9928717937671948,0.8671380862651715,-2.993581324314079,6.499350759091908,-6.24441685447953,-4.955188713768788,0.0018682622806288
8.58,-1.12737967,55.98928804,-0.0196764871615471,0.9771974221454826,-0.2386053641531696,0.3758496870495488,1.1801364676604549,-1.2186405353801482,0.8938656301419509,-2.88897751066623,6.4993956903727215,-6.499965914018439,-5.066026678567291,-0.0552284550733847
8.59,-1.62851877,55.59544069,-0.0284230144670282,0.970323489137728,-0.2268868287575811,0.3613847583024064,1.171853539558665,-1.4464928747140189,0.9180526670058824,-2.780064457698737,6.499067549914572,-6.499999986205149,-5.162924145090401,-0.0649182798965107
8.6,-2.12168994,55.0406808,-0.0370304751594409,0.9606411024992264,-0.2153090466346114,0.3446920366439505,1.157778212297203,-1.6692721658459189,0.9414952119974174,-2.6704762451926904,6.498170300790474,-6.499999999982892,-5.253476725527871,-0.0696724120449624
8.61,-2.63273958,54.34408953,-0.0459499740185726,0.9484832912970778,-0.2039616923812195,0.3258611727679731,1.134735425339012,-1.8830863875974435,0.9631552256103688,-2.56233370074238,6.4947204233048605,-6.499999999999944,-5.332397916385309,-0.0865952420601712
8.620000000000001,-3.22419117,53.42484446,-0.0562727516302282,0.932439438192852,-0.1930161703214648,0.3048725610466173,1.0945522059756891,-2.0988611721359973,0.9803641663681184,-2.452123686977699,6.46715989380326,-6.5,-5.3726322503053545,-0.1043589479467905
8.63,-3.76897129,52.42720376,-0.065780958423638,0.9150273232259508,-0.1824422657994798,0.2819317721378773,1.0573904521983382,-2.2940788908736485,0.9986617197603236,-2.348426461200466,6.313785389961709,-6.5,-5.30875687883086,-0.1170916038060404
8.64,-4.29711647,51.33176009,-0.0749988307431761,0.8959082244143208,-0.1722533125296069,0.2572129991692575,1.01889532698749,-2.471877296862466,1.0167919080015742,-2.2496792997100696,5.444378319997194,-6.5,-4.630512769047755,-0.1268635681698386
8.65,-4.78543934,50.16276171,-0.0835216726374643,0.8755053537328409,-0.1624251925344627,0.2309235412000814,0.9828119995142648,-2.628945796917204,1.0358394445366297,-2.156253340546036,2.93700609759945,-6.5,-2.52697892673419,-0.1348404109655472
8.66,-5.20717702,48.94843392,-0.0908823837331866,0.8543113355988746,-0.1528944503627142,0.2033053796142611,0.9530742171750436,-2.761816158582575,1.0570800957348558,-2.068144692064454,0.9477393681762556,-6.5,-0.8255188191726764,-0.1415912762505129
8.67,-5.53814539,47.7069479,-0.0966588715096454,0.8326433169323946,-0.1435657801272817,0.1746161148657476,0.9328670235430976,-2.868926474850901,1.0816558748606395,-1.9846445465904483,0.3424126271281377,-6.5,-0.3023040975683057,-0.1473692313304646
8.68,-5.74764927,46.4583969,-0.1003154040113485,0.8108519911033267,-0.1343059208642513,0.1451286728792033,0.9259859263028992,-2.948744198653974,1.110874355400222,-1.9049572602424545,0.2258449530615492,-6.5,-0.2024078792808508,-0.1522459911829498
8.69,-5.79175737,45.2425959,-0.1010852355831474,0.7896322606042872,-0.1249285736418857,0.1151566296942841,0.9377347222367473,-2.997204318492517,1.1462913531088792,-1.82854787772249,0.3816347158596531,-6.5,-0.3478165281769727,-0.1562034071767
8.700000000000001,-5.67161803,44.02449408,-0.0989884085389745,0.7683723732207518,-0.1152655784299598,0.0849405672277705,0.9662995211924362,-3.02160624665088,1.1871294705439046,-1.7534333335055703,1.3266616701928349,-6.5,-1.2303984063285955,-0.1592609858342132
8.71,-5.33632616,42.85309961,-0.0931364614523057,0.747927682879598,-0.1050910719686506,0.0547738386388164,1.0174506461311237,-3.01667285889601,1.2341020723241034,-1.6792181797218164,4.9133215490019015,-6.5,-4.638084123106695,-0.1613397231476047
8.72,-4.79133657,41.68843426,-0.0836245987177117,0.7276004378382058,-0.0942096817765038,0.0248676877659689,1.0881390192145088,-2.990615087284287,1.285332622553962,-1.6044297707718134,6.421951258705341,-6.5,-6.162757266748468,-0.1623874308896972
8.73,-4.028008,40.54865279,-0.0703020018966717,0.7077074984334848,-0.0824349190272811,-0.0045594751450283,1.177476274922505,-2.942716291100312,1.3393137791720902,-1.5284017998826236,6.498370290640032,-6.5,-6.325564251550048,-0.1623212391076636
8.74,-3.03306991,39.4065222,-0.052937056372668,0.6877735591502394,-0.0695830477845656,-0.0333496924962887,1.2851871242713493,-2.8790217351255887,1.39463625374274,-1.450479178887301,6.499978481451239,-6.5,-6.399716854937274,-0.1610741280463592
8.75,-1.83153355,38.24661291,-0.0319662908082401,0.6675293230152697,-0.0555296781033065,-0.0613844936278,1.4053369681261862,-2.803480113151686,1.449480618677033,-1.3704739406400854,6.49999974475849,-6.5,-6.45239495156768,-0.1586229186534845
8.76,-0.4303405,37.05479371,-0.0075108586296786,0.6467281538867848,-0.0401794938268511,-0.088580556452259,1.5350184276452996,-2.71960628244548,1.5029489538685916,-1.2885947416314756,6.499999996839197,-6.5,-6.485099929025068,-0.1550228876520025
8.77,1.13607724,35.81095947,0.0198282883949698,0.6250191510497435,-0.0235043678059284,-0.1148959780373212,1.6675126020920086,-2.6315421585058045,1.554395653727928,-1.205587529852603,6.499999999949032,-6.5,-6.499129084323593,-0.1504282554664364
8.78,2.84943507,34.5126984,0.0497320237932951,0.602360220827779,-0.0055145565338087,-0.1403015869128879,1.7989811272123353,-2.540560887557178,1.603763355152048,-1.122230548056468,6.499999999998848,-6.5,-6.496481255581827,-0.1450429223714816
8.790000000000001,4.67822457,33.15289058,0.0816504218941959,0.5786270971744125,0.0137253870651115,-0.164786870142617,1.9239943598917253,-2.4485283229725265,1.6512234745760097,-1.0395842020179442,6.49999999999996,-6.5,-6.479065082707166,-0.1390756120945467
8.8,6.62086795,31.7681527,0.1155559450672673,0.5544588618913264,0.0341449601390952,-0.1882953953282903,2.04195730739878,-2.3508525185677933,1.6970433218882206,-0.95723276338213,6.499999999999998,-6.5,-6.448450819805487,-0.1325397494629804
8.81,8.60140337,30.30780076,0.150122809098636,0.5289709123004397,0.0555608689828606,-0.2108549288914497,2.141590884376203,-2.255953356315588,1.7418569146494456,-0.8778927724901977,6.5,-6.5,-6.405447055595238,-0.1255750542259204
8.82,10.58946617,28.78002181,0.1848210506950535,0.5023061393802779,0.0777537752568939,-0.2324853360583509,2.219290627403771,-2.1630407166905536,1.7862112106794914,-0.8020838744117771,6.5,-6.5,-6.350237515288732,-0.1180503475693549
8.83,12.6340015,27.30635754,0.2205049238769023,0.4765858457997792,0.1005877462419275,-0.2530356225963952,2.283397098503002,-2.055028653804109,1.829904981167537,-0.7245868219002589,6.5,-6.499999999999999,-6.28363964036652,-0.1090422360228347
8.84,14.63924718,25.80151099,0.2555030633042949,0.4503213187650017,0.123794549055161,-0.2724974167298183,2.3206802813229905,-1.9461794133420096,1.8741198353187132,-0.6500770891708298,6.5,-6.499999999999987,-6.204025323027269,-0.0985378364680183
8.85,16.61220026,24.31231062,0.2899375905376581,0.424329869086584,0.1471354201644324,-0.29080268468772,2.334087110927597,-1.8305267957905305,1.9189326064511352,-0.5764886160566228,6.5,-6.499999999999741,-6.11093121773929,-0.0861104811008168
8.86,18.55918989,22.8780314,0.3239189700833442,0.3992969743046478,0.1703992998680646,-0.3078400425247662,2.3263879703628643,-1.703735783704358,1.9643507513343568,-0.5020073486913021,6.5,-6.499999999992166,-6.004013082299134,-0.0737940252221272
8.870000000000001,20.44887606,21.48455195,0.3569002155792455,0.3749761698432681,0.1933474136855087,-0.3235361011846727,2.294811381744867,-1.5696058659909542,2.0109460098327405,-0.4278912598652743,6.5,-6.499999999627087,-5.88139245835824,-0.0657477184686914
8.88,22.34821102,20.18600716,0.3900498642294803,0.3523122877731497,0.2158596404382518,-0.3377544399993146,2.2512226752739486,-1.4218338814639684,2.057525100630732,-0.3513470543991209,6.5,-6.49999996246298,-5.745977471448936,-0.0650137290061058
8.89,24.20598619,18.95373839,0.4224741577077777,0.3308051404671491,0.2377542928727314,-0.3504211178156889,2.1894652434484043,-1.2666677816376837,2.105066010802231,-0.2747053404107134,6.5,-6.499992430247746,-5.5948322050685455,-0.0602662007159001
8.9,26.06611443,17.81301789,0.4549395200051049,0.3108958118971531,0.2589322975836752,-0.3614422863959943,2.117800471094041,-1.1021168580303715,2.152556103947838,-0.1969206835094956,6.5,-6.496090181642401,-5.431146857630843,-0.0296281484561534
8.91,27.88250316,16.71244619,0.4866414838397233,0.2916872120778818,0.2792406272749331,-0.3708169893985881,2.0308329691261995,-0.9374703002595608,2.200993449473974,-0.1217825037762375,6.499999999999998,-3.900190466532814,-5.2515195629059015,0.0047754249915845
8.92,29.67946532,15.67005688,0.5180043900654724,0.27349408653079,0.2985798383271301,-0.3785294244890427,1.933921105219397,-0.77124350904534,2.2496614582173424,-0.0484507776365621,6.499999999999982,-0.0032778588309294,-5.058597739602608,-2.5180361973762887e-05
8.93,31.46943681,14.67280874,0.5492452860828012,0.2560888230284006,0.3168831052560696,-0.3845950663102567,1.830326692893666,-0.6065641821213048,2.29808664854921,0.0219811351643048,6.499999999999767,-4.223294071245157e-07,-4.85476391022614,6.195786185394754e-09
8.94,33.23771507,13.71876831,0.5801075638112375,0.2394376763277581,0.3340746628345954,-0.3890419725059225,1.719155757852917,-0.4446906195666674,2.346549546344588,0.0892852798608275,6.499999999995588,-2.4364944632703185e-11,-4.639459523121025,2.130459844079455e-12
8.950000000000001,35.00177667,12.80497471,0.6108962469392367,0.223488969324106,0.3501176915781829,-0.3919110368251198,1.6043028743584975,-0.2869064319196919,2.3943548449813723,0.1532757485996287,6.499999999889484,-1.3537919856586644e-15,-4.416567756585216,2.0977216465555671e-16
8.96,36.75776275,11.93140037,0.6415439856544253,0.2082422208301697,0.3649804371497154,-0.3932504278671667,1.4862745571535456,-0.13393910420471,2.4414685435614363,0.214034625251047,6.499999996265707,-5.4704894326399e-19,-4.187288462897855,1.159009159635096e-19
8.97,38.49478073,11.09775875,0.6718606685717663,0.1936924297795102,0.3786258283259311,-0.393115038559737,1.3645391176213582,0.0135389307429601,2.488105650597126,0.2716821633000364,6.499999818742188,-3.5625977014019237e-20,-3.951549682040735,9.502014662747191e-21
8.98,40.21533641,10.3114441,0.7018900301516563,0.1799686501803434,0.3910315964764464,-0.391554499632258,1.2405768150517775,0.1560538927479348,2.534021620045068,0.3267993346936098,6.499987314407922,-1.1301290221170834e-18,-3.711502177243575,3.613259715733414e-19
8.99,41.91560698,9.58171018,0.731565349772917,0.1672323906128585,0.4021800489765634,-0.3886106095828281,1.1148452500115236,0.2943890049429393,2.579210077726596,0.3800181874961038,6.498670201400945,-1.6325653515426722e-15,-3.4670909192072337,6.048414556278926e-16
9.0,43.56692075,8.89868428,0.7603862120429373,0.1553113397814609,0.4120218356111964,-0.3843452618207486,0.984178663463499,0.4265347762080445,2.624623760516412,0.4309128063437177,6.255011583029136,-5.812267696642328e-12,-3.094222233519321,2.428932717805969e-12
9.01,45.194666,8.28660109,0.7887957260391355,0.1446284728198509,0.4205572570446927,-0.3787892487916326,0.8535421433494947,0.5556013029115034,2.669098365607617,0.4808812518300001,0.5002387861529629,-1.568756339613946e-08,-0.227872382457918,7.2632853993555744e-09
9.02,46.76388666,7.7473562,0.816183793246454,0.1352168740147963,0.4277447488657249,-0.3719768209579246,0.7187491821031109,0.6812427833706937,2.7139311454275514,0.5300215643964702,0.0008581687483059,-2.0468693678767044e-05,-0.0003560652986412,1.035628438268123e-05
9.03,48.25785188,7.27043858,0.8422584052457355,0.1268930912850211,0.4335310785560514,-0.3639630607835923,0.5786329690327648,0.8013760174333957,2.759664664065216,0.577855786692545,5.89633719529109e-07,-0.0109681964304402,-2.195139972452829e-07,0.005993837100862
9.040000000000001,49.68363789,6.87124657,0.8671430655491082,0.119925876362867,0.4378872027812001,-0.3547844917247438,0.4356124225147957,0.9178569058847073,2.8058261818889365,0.6251906224892052,2.2406460102302978e-10,-2.008952665387976,-7.356645675609038e-11,1.1758644681876012
9.05,51.01630932,6.54577733,0.8904025698498694,0.1142453665109033,0.4407601179832144,-0.344488334781538,0.2872915202014897,1.0296156943207786,2.8533753192939115,0.6718621095773832,7.367105544237066e-14,-6.395278908689295,-2.081998719084493e-14,3.9802574711356127
9.06,52.24284978,6.28064841,0.9118097392857952,0.1096179939146467,0.4420925161840984,-0.3331448411031195,0.1332398200883836,1.1343493678416752,2.902742050914883,0.7173639738346247,1.0777653942498766e-16,-6.498496166225406,-2.5363116224836696e-17,4.271265849271378
9.07,53.35535666,6.07776013,0.9312266472928846,0.1060769254149385,0.4418309787816874,-0.3208229245249344,-0.0261537402411079,1.2321916578187606,2.9541347285029205,0.7619230565116426,1.2992670786780113e-17,-6.4999631160214735,-2.4306452865399573e-18,4.486086509337109
9.08,54.31915981,5.89349985,0.9480481856014776,0.1028609768482919,0.4398872833237174,-0.3076553831165823,-0.1943695457969659,1.3167541408349963,3.036287863761,0.8039896074689716,8.248621870302371e-16,-6.49999817787197,-8.723861405847688e-17,4.680029832306783
9.09,55.19180331,5.8060614,0.9632786878726046,0.1013348880029515,0.4362755021551166,-0.2936572861785378,-0.3611781168600271,1.399809693804236,3.106396276081573,0.8468438073840957,2.93965713561421e-12,-6.499999889882773,-7.813069522665718e-14,4.8691825246045015
9.1,55.89822779,5.71679339,0.9756081209652936,0.0997768673117482,0.4309113668364979,-0.2789903447954855,-0.5364135318619802,1.466694138305522,-3.1012460204007404,0.8868957938203613,4.9450652294665754e-08,-6.499999987116655,4.029034938078575e-10,5.037945242381608
9.11,56.45800107,5.6353706,0.9853780077659816,0.0983557715400883,0.4237581087596484,-0.2637936741518395,-0.7153258076848349,1.5196670643643615,-3.0219830474293423,0.9249110741446052,0.0006367032283136,-6.499999997469735,-7.614332306579285e-07,5.190669703758825
9.120000000000001,56.86295999,5.55243669,0.9924458742553018,0.0969083017490357,0.4147826292814345,-0.2482121245564033,-0.8975479478215651,1.55815495954393,-2.938964659160577,0.9609064729173208,2.3549093677664312,-6.499999999186605,0.0120605518344156,5.328358793046333
9.13,57.11542086,5.45456505,0.9968521476692512,0.0952001193867091,0.4039706252924232,-0.2324006784342355,-1.0812003989009642,1.5811446122165282,-2.852934215898083,0.9947651352514284,6.495005945413189,-6.499999999571185,0.0622977576403081,5.451552596127073
9.14,57.23534868,5.34397197,0.9989452829929903,0.0932699060107876,0.3913507030966474,-0.2165000137259214,-1.2619922195778357,1.5900664708317302,-2.7657732142856077,1.0268603473760198,6.499994203354102,-6.499999999651094,0.0647615218857975,5.562532180838189
9.15,57.1779182,5.1684282,0.9979429320259896,0.0902060892429239,0.3768968238358402,-0.200715132818313,-1.4453879260804896,1.5784880907605885,-2.6753004670199974,1.0558488957476384,6.499999987426299,-6.499999999467032,0.0691149009257849,5.657817852411445
9.16,57.00257396,4.96455934,0.9948825977135825,0.0866479063936366,0.3606840165761381,-0.1851806437324716,-1.621280725970537,1.553448908584452,-2.585878866811224,1.083105420498241,6.499999999937552,-6.499999998755868,0.0824955321976861,5.743047054461455
9.17,56.73685878,4.74750404,0.9902449929500532,0.0828595767497325,0.3428332790087556,-0.1699965858624693,-1.785073756737963,1.5184057869999947,-2.4992531880733324,1.1092325760893045,6.4999999999993125,-6.499999995942338,0.0973145649915898,5.820714609793637
9.18,56.34466659,4.4670698,0.983399947933946,0.0779650759264045,0.3234147938324881,-0.1553246782507435,-1.941848517626445,1.4671907611723471,-2.41343269370648,1.132870003341217,6.499999999999987,-6.499999976688114,0.1094951308374183,5.887537416465778
9.19,55.80209373,4.09187354,0.9739302650949836,0.0714166658482358,0.3024693556211542,-0.1413550005532788,-2.0945438211338154,1.3969677697467546,-2.327540695403003,1.1531557428666048,6.5,-6.499999722672601,0.1193099167012221,5.942247568016302
9.200000000000001,55.2020323,3.67661242,0.9634572174272582,0.0641689920487166,0.2801795919121496,-0.1281783611322383,-2.2289763709001056,1.3176639421038383,-2.2460135082229624,1.1716240391631745,6.5,-6.499994746825364,0.1271959647153871,5.989913906922148
9.21,54.54456692,3.26012964,0.9519822818283824,0.0568999962598574,0.2567225912696566,-0.1158167047166921,-2.345700064249773,1.2361656415548652,-2.16806165140405,1.189358302366902,6.5,-6.499869928365182,0.1338831902130383,6.033641608147216
9.22,53.80934544,2.78207662,0.9391502462709967,0.0485563970617551,0.2322395747522064,-0.1043714709297807,-2.4483016517446337,1.144523378690962,-2.0922542340074077,1.2044737786018331,6.5,-6.49381485241919,0.1398101707633201,6.063851415018797
9.23,53.02089278,2.28561587,0.9253891513578896,0.0398915223673346,0.2069028474589634,-0.0938672868581231,-2.5336727293248003,1.050418407165974,-2.01891345501292,1.2180583236443834,6.5,-6.07437424731959,0.1450736956303439,5.701193799774357
9.24,52.18064439,1.77342514,0.910724050417808,0.0309521077306413,0.1808786202980368,-0.0843164351760756,-2.602422716092252,0.9550851682045912,-1.9474329645525292,1.230019407532463,6.5,-0.7068251538266973,0.1497318387277099,0.6662718421487355
9.25,51.28423579,1.25565966,0.8950787689046152,0.0219153953514725,0.154317983633319,-0.075709030583291,-2.6560636664723063,0.860740459278638,-1.8771480130776936,1.2404877594419228,6.5,-0.0043642386717201,0.1537757106496618,0.0041288732177379
9.26,50.35177983,0.75981123,0.8788043422727707,0.0132612076571279,0.1273925333939212,-0.0679899800490718,-2.6925450239393616,0.7719050534217982,-1.807992872554348,1.2502418609621782,6.5,-1.8837142792714586e-05,0.1571282536174409,1.7879922080677447e-05
9.27,49.37317292,0.30254748,0.8617244296105029,0.0052804496696116,0.1002477780912228,-0.0610786943071221,-2.7144755302694143,0.6911285741948612,-1.7392757303820563,1.2598612253893369,6.5,-7.504546709199488e-08,0.1597333998829508,7.145585765715783e-08
9.28,48.32573158,-0.16760209,0.8434431295060015,-0.0029252083037238,0.072986117206669,-0.0549697954478864,-2.726166088455924,0.6108898859236913,-1.6704229954642582,1.2674621755915256,6.5,-1.5798570917446158e-10,0.1615189580259536,1.5079139702956936e-10
9.290000000000001,47.33310449,-0.35407979,0.8261185185410114,-0.00617985815027,0.0458813299248016,-0.0492262928286829,-2.7104787281863145,0.5743502619202615,-1.602094266606512,1.2843865225802555,6.5,-7.099361752808199e-12,0.162402510242699,6.8109357568799e-12
9.3,46.30064729,-0.43582606,0.8080987410150898,-0.0076065997129943,0.0190467808843747,-0.04370234233998,-2.6834549040432245,0.5523950488704004,-1.5330222163170568,1.3046058003416168,6.5,-9.84345209676009e-13,0.1623580400755064,9.497737140106645e-13
9.31,45.21565786,-0.40879836,0.7891621031122533,-0.007134877358753,-0.0074335399134891,-0.0382569607359949,-2.648032079785982,0.5445381603984274,-1.4631523104879902,1.3282023342734008,6.5,-4.653590061929645e-13,0.1613561644368621,4.517726135343008e-13
9.32,44.07326606,-0.27633522,0.7692236048544687,-0.0048229594282228,-0.0334918237418232,-0.0327652173209226,-2.6058283828339213,0.5491743415073375,-1.3926444930615307,1.3548008173183947,6.5,-6.870761773242708e-13,0.159414387129187,6.711605073193383e-13
9.33,42.90210631,0.00788894,0.748783011150135,0.0001376879774922,-0.0590271295664184,-0.0270463765057396,-2.5535305824591257,0.5718840815182107,-1.3213912838044448,1.3852847610463832,6.5,-5.041630254553804e-12,0.1565865844377496,4.955408323192082e-12
9.34,41.68174096,0.41800482,0.7274836177153821,0.0072955603982062,-0.0839797569193148,-0.0209735568105185,-2.49526273528925,0.6072819695220105,-1.2498209446259527,1.4181627085130917,6.5,-9.894082335275108e-11,0.1529833595273736,9.779446854226452e-11
9.35,40.37904198,0.91025658,0.7047472313520102,0.0158869743589431,-0.1083465573842365,-0.0144958493590187,-2.436680046492653,0.6477707451501091,-1.1790114636298972,1.4518504756038368,6.5,-2.4514081991755422e-09,0.1487871758923794,2.4341484399668842e-09
9.36,39.02848272,1.50669059,0.6811755255217121,0.0262967116043159,-0.1320785593321128,-0.0075378189892777,-2.373200194787257,0.6958030369739885,-1.1087045866164849,1.4863437197417246,6.5,-8.67967554865366e-08,0.1441067056805295,8.648853454511572e-08
9.370000000000001,37.62746817,2.18502689,0.6567232087558654,0.0381359134751119,-0.1551386677868867,-6.574999505956462e-05,-2.3060108454778496,0.7472068994219714,-1.0393754561658082,1.520956307130468,6.5,-3.054617982262826e-06,0.1390598039497378,3.05083890302275e-06
9.38,36.18498443,2.92954974,0.6315471180863836,0.0511302885639438,-0.1774841955858244,0.0079250042630882,-2.234552779893423,0.7990754258146562,-0.9711390424559204,1.555361669707895,6.5,-8.777364353464e-05,0.1336876646827669,8.776322759617524e-05
9.39,34.7102162,3.72771747,0.6058075567690746,0.0650609434356129,-0.199067331332758,0.0164169515794637,-2.1583135746937896,0.8491947316377231,-0.904020720152807,1.5894367585248788,6.5,-0.001850168827302,0.1279546206626161,0.0018498485985567
9.4,33.23268953,4.56588815,0.5800198515915469,0.0796897814952927,-0.2198065138251907,0.0253708295198346,-2.0739182492429458,0.8953877940369422,-0.8371393690143138,1.6231758357952577,6.5,-0.0263282957649503,0.1216584328696755,0.0262923199651228
9.41,31.75342785,5.43507713,0.5542018647769641,0.0948599910183438,-0.239630964325505,0.0347343603034245,-1.9824450500318256,0.936353078359182,-0.7707111006993094,1.6566532862888834,6.499999999999994,-0.2417493219047697,0.1145949314354949,0.2408620809414924
9.42,30.29526758,6.32945621,0.5287521670436947,0.1104698507253016,-0.25844878239934,0.0444482139451726,-1.8817818073831984,0.9713853641746568,-0.7039532295931079,1.6899641974473063,6.4999999999999245,-1.2865148373409303,0.1063436162924792,1.277422991589557
9.43,28.86565281,7.25145334,0.5038006822720532,0.1265617363377398,-0.2761715645795012,0.0544588458829382,-1.772278218015844,1.0010631937763994,-0.636783731188985,1.7231476516875488,6.499999999998664,-3.4561125035789813,0.0964192068078287,3.416216803068133
9.44,27.50689632,8.19183284,0.4800859077887117,0.1429744548309978,-0.2926643913392209,0.0647016392610438,-1.649282675972303,1.0242793378107682,-0.5673142418260534,1.7563337738351306,6.499999999959116,-5.106855366507625,0.0845078094771775,5.019493643455319
9.450000000000001,25.99413867,10.7758024,0.4536833060114797,0.188073231424307,-0.3081362981880817,0.0774478817692811,-1.547190684885832,1.2746242508235297,-0.5080780096551993,1.7707694952212976,6.49999999918079,-6.499968099943814,0.0746986948531155,6.37084937128403
9.46,24.62558527,12.1345322,0.4297975431921167,0.211787540079271,-0.3223552557801146,0.0906471426018029,-1.4218957592035728,1.3199260832524375,-0.442561363633239,1.8042593243583305,6.499999957795215,-6.499994575679455,0.0667894545832094,6.324186521020873
9.47,23.3238641,13.52599663,0.407078222832704,0.2360731758071572,-0.3352284865753516,0.1042198665305932,-1.287323079523499,1.3572723928788208,-0.3757312885097653,1.8377851820722853,6.499995867954352,-6.499998694628679,0.0647623697174265,6.270345802377952
9.48,22.07537499,14.94782358,0.3852879771879103,0.260888737478246,-0.34669951726352,0.1180868394547578,-1.1471030688170742,1.3866972924167398,-0.3088032168304635,1.8713924075704005,6.499235014140725,-6.499999568103433,0.0641532095634146,6.209289329233396
9.49,20.86818911,16.39288051,0.3642186088983251,0.2861097387855073,-0.3567431495194806,0.1321628657335975,-1.0043632255958983,1.4076026278837466,-0.2428672278278433,1.9052000703805376,6.242490697270221,-6.499999803386354,0.0501373529387573,6.140776290796489
9.5,19.7296422,17.8809795,0.3443472166304176,0.3120819657566094,-0.3653063922493854,0.14639648703066,-0.8563242729906534,1.4233621297065375,-0.1766002853276198,1.9387981238825192,0.1770678735895128,-6.499999892132657,0.0004236675950398,6.065711193600297
9.51,18.61019891,19.37375041,0.3248092454305599,0.3381357331141013,-0.3724220472000478,0.1606840919918789,-0.7115654950661296,1.4287604961216631,-0.1133774327622764,1.972972930020461,0.0001127967352203,-6.499999915184085,-1.1331907918941665e-07,5.982303302751649
9.52,17.58756438,20.95690799,0.3069609058374751,0.3657670454630069,-0.378017811214311,0.1750528797487648,-0.5595764014262274,1.436878775688369,-0.0486203401772954,2.0057073247856194,1.9390416973636928e-08,-6.49999993947373,1.4867244755731954e-10,5.8958244319514055
9.53,16.57646699,22.53224859,0.2893139273236539,0.3932619257733498,-0.3821606022413766,0.1893861233433919,-0.4142791027066431,1.433324359462986,0.0120756605500634,2.0393925922000573,2.3038370325323813e-12,-6.499999935765037,-1.650231480636781e-14,5.80020031060919
9.540000000000001,15.59076631,24.11117621,0.2721102050185069,0.4208194113930277,-0.3849015655736659,0.2035930017853016,-0.2740963332288919,1.4206878441907544,0.0696330245614638,2.0736373049585484,3.420285999973691e-16,-6.499999907260318,-2.1980482597755518e-17,5.696199875043072
9.55,14.6209497,25.67596688,0.2551837120334772,0.4481301606890158,-0.3863107457955202,0.2175653124554636,-0.1409180221854547,1.397231067016472,0.1235581421152864,2.108842489727654,3.2817891678732347e-19,-6.499999805287814,-4.113632159433098e-20,5.5822753411034585
9.56,13.65547515,27.20335192,0.2383330022917665,0.474788058582721,-0.3864779696347969,0.2311716865766317,-0.0167223839276671,1.3606374121166065,0.1733543919591152,2.145588627537713,1.546886329065237e-20,-6.499999344120566,-2.6908148745792005e-21,5.455941455357852
9.57,13.49774652,29.92192349,0.2355801183736066,0.5222360834303326,-0.3843353648300478,0.2460552668059794,0.2142604804749519,1.4883580229350648,0.2649161568148949,2.147543109517991,9.699235592220865e-18,-6.499999992330162,-2.5239879343647534e-18,5.449013406041362
9.58,11.8810746,30.97131387,0.2073638704450682,0.540551400700087,-0.3821879555335898,0.2596138989227061,0.2147409296457622,1.3558632116724552,0.2664060581733332,2.2036077269308287,8.048066190712905e-18,-6.499999352584758,-2.1058078417163077e-18,5.241468546671389
9.59,10.23893483,31.93545071,0.1787031246806258,0.5573787629978608,-0.3800825522688071,0.2717390471540764,0.2105403264782427,1.2125148231368337,0.2660692245278372,2.262522007426005,5.156875134703927e-18,-6.499875123310678,-1.347650881310973e-18,5.005501735762643
9.6,8.59363816,32.8125749,0.1499872806170272,0.5726874680622491,-0.3780293492478138,0.282338116190002,0.205320302099373,1.0599069035927775,0.2652991837554346,2.3245078864219004,3.1324254384548454e-18,-6.436763640378153,-8.162869865381084e-19,4.692647693727298
9.61,6.96058253,33.55638454,0.1214850830052969,0.5856693952883228,-0.3760148646740485,0.2912699270190168,0.2014484573764981,0.8931810829013389,0.2650258232633609,2.39172156051691,2.0550777048624306e-18,-0.2744156086657682,-5.349995614146083e-19,0.1869870836598441
9.620000000000001,5.36989219,34.23448063,0.0937222991926289,0.5975044047037227,-0.3739827716383546,0.2985129920094398,0.2032093035694253,0.7243064990424484,0.2669786997147185,2.461368730260274,1.83780496931215e-18,-3.253444675620097e-05,-4.818780409199225e-19,2.046030973036904e-05
9.63,3.83640982,34.80684821,0.066957982814843,0.6074941035063947,-0.371859881183404,0.3040015530637071,0.2122890454950289,0.5488561054266347,0.2718962617111382,2.5355011509319745,2.4815534199576824e-18,-4.908453687463473e-10,-6.623797702836631e-19,2.7967970416513244e-10
9.64,2.36604779,35.27411267,0.0412953241950353,0.615649406810948,-0.369570936516939,0.3076879531022904,0.2288944666465464,0.3686400038584126,0.2799351625490032,2.6142794844129478,5.28497022016106e-18,-7.635853129561616e-16,-1.4514821965228546e-18,3.8456058023733016e-16
9.65,0.97489573,35.64929232,0.0170151403521336,0.622197526989928,-0.3670246493556911,0.3095592613153763,0.2546287161247486,0.1871308213085605,0.2918103456703602,2.697004726172215,2.0597715639782396e-17,-5.393016302137434e-22,-5.892269137183792e-18,2.3210660836112315e-22
9.66,-0.321537,35.93170606,-0.005611879316985,0.6271265766057993,-0.3641165162268811,0.3096148881888917,0.2908133128810576,0.0055626873515413,0.3081300198385307,2.78366668685039,1.706358235106724e-16,-2.2777669496861338e-25,-5.149271764186508e-17,7.961175748608442e-26
9.67,-1.54640119,36.10142567,-0.0269897923222584,0.6300887426054999,-0.3607864030250628,0.3078380051684959,0.3330113201817787,-0.177688302039558,0.3272008946816977,2.695767349462799,2.323773823242697e-15,-2.2449628649085323e-22,-7.438554941063877e-16,9.687195911025026e-23
9.68,-2.67773576,36.16451921,-0.0467353055103926,0.6311899326152386,-0.3569502691180043,0.3042342893488909,0.3836133907057848,-0.3603715819604439,0.3500375776912579,2.774761157204201,6.01656106222677e-14,-3.1085720130116966e-16,-2.0575950680811822e-14,1.1128419250176378e-16
9.69,-3.7312758,36.11010862,-0.0651230480099854,0.6302402886717859,-0.3525571034740555,0.298805767036449,0.4393165643949689,-0.5428522312442922,0.3754035910047768,2.8591374271228225,2.236212433755636e-12,-2.632950707529405e-10,-8.187246979079422e-13,7.295008978750789e-11
9.700000000000001,-4.70738804,35.94377857,-0.0821594204670025,0.6273372816542792,-0.3475644079926919,0.2915747292608598,0.4992695481362882,-0.7231037775588125,0.4030313313748865,2.9485660683687587,1.0472313008414611e-10,-2.562265132838846e-05,-4.1061994504727547e-11,4.925935978756665e-06
9.71,-5.60714665,35.67709021,-0.0978631706846701,0.6226826916955353,-0.3419388266853426,0.282590509423352,0.5625581307350367,-0.8984219837509588,0.43263289217101,3.0420458445958527,5.432265674732404e-09,-0.3090887745836323,-2.278694904995733e-09,0.0306912282701644
9.72,-6.4281028,35.33514411,-0.1121915585166665,0.6167146063861815,-0.335650558165346,0.2719463608176797,0.628826851999566,-1.0644148605670647,0.4641399493981178,3.1371827685024067,2.892758256775213e-07,-6.441534065513104,-1.2960917707113704e-07,0.0150763463072344
9.73,-7.17090757,34.95239517,-0.1251559474526857,0.6100343771746632,-0.3286777529967292,0.2597886456726455,0.6972805168618146,-1.2157715145036585,0.4973182124947105,-3.0526609901524946,1.4513154774019232e-05,-6.499878228931515,-6.93029870821126e-06,-0.0098860696342727
9.74,-7.80271927,34.57809769,-0.1361831418703084,0.6035016537667456,-0.3209577380215441,0.2463327105604886,0.7720014975183945,-1.3455935112154822,0.5337573805122421,-2.965943269125056,0.0008409871884031,-6.499998978312747,-0.0004282034801655,-0.0148875984675561
9.75,-7.43080573,35.68998507,-0.1296920260645608,0.6229077494591189,-0.3111513003964197,0.2339036867324807,0.9806437625126349,-1.2429023828010342,0.6188131842713074,-3.026215719072784,5.235499056011271,-6.499948336172068,-3.037387430072122,0.0070478703027189
9.76,-8.02931271,35.222756,-0.1401379434617286,0.6147530638265878,-0.3008902567257275,0.2202340733388645,1.0261043670690535,-1.366961339361411,0.648215285034662,-2.934288037199792,6.279831698985402,-6.499999441695095,-3.791454764467991,-0.0360860127101183
9.77,-8.43832033,34.90836312,-0.1472764730964744,0.6092658729257604,-0.2900025990487455,0.2057342618056443,1.088765767698032,-1.449981153321787,0.6845734977979387,-2.863748965029505,6.483370579004744,-6.499999966241323,-4.099109325811866,-0.060801229569822
9.78,14.25555788,30.19460306,0.2488064217146227,0.5269952397297549,-0.2132913085444574,0.2132296055064546,0.0,0.0,0.3002430359808952,2.4762379787951643,1.8262965090386657e-33,-1.8000664109403435e-33,-5.372587693496789e-34,1.1111480601497199e-33
9.790000000000001,13.94333777,31.81853348,0.2433571528041838,0.5553381723820493,-0.1419013146272447,0.2209874387258537,7.138999391720155,0.7757833219397889,1.437320752156791,2.221728006178928,6.5,-0.0001402847677766,-6.4423862179473055,0.000111598112914
9.8,13.56782639,31.46936675,0.2368032428444762,0.5492440633051272,-0.0759768937058348,0.2260992146772017,6.5924420921422975,0.511177595134903,1.4806791978934148,2.307043371538556,6.5,-1.5188043112159572e-12,-6.4737196750567145,1.1252722162363354e-12
9.81,13.06015734,32.55566328,0.2279427464115045,0.5682035144066165,-0.0157129299066196,0.2307992282850177,6.026396379920582,0.4700013607815204,1.52658039607049,2.328824638002074,6.5,-5.799550691714177e-14,-6.493670644097827,4.2109033542854494e-14
9.82,13.17518229,33.59264972,0.2299503105109464,0.5863023420831512,0.0398390284996342,0.2350125241934704,5.55519584062649,0.4213295908453601,1.5767866614455648,2.3524948958595955,6.5,-9.663462610932185e-16,-6.499883811826338,6.857037615265147e-16
9.83,13.01414596,34.39908422,0.2271396963371182,0.6003772793098254,0.0902856773920703,0.2384139217395351,5.044664889242823,0.3401397546064106,1.6305845263013166,2.3865188769494057,6.5,-5.431531073876139e-19,-6.488428647339911,3.721678988329065e-19
9.84,12.84862496,35.10281361,0.2242508099059247,0.6126596742083766,0.1356930758634767,0.2408936953014908,4.540739847141538,0.2479773561956216,1.688992607334486,2.4244667813730394,6.5,-5.612532261664478e-23,-6.4548095300954085,3.687942340565331e-23
9.85,12.69736106,35.70155452,0.2216107568115173,0.6231096744542638,0.1761838621158193,0.242354139881436,4.049078625233626,0.1460444579944979,1.7527796891777476,2.466531830624428,6.5,-2.5056187614947272e-27,-6.39301545691646,1.5656821361216034e-27
9.86,12.56949547,36.1914244,0.2193790812660121,0.6316595167666134,0.2119178977599897,0.2427069658213455,3.573403564417752,0.035282593990961,1.8227337220334785,2.513093104105448,6.5,-1.9682524654969078e-30,-6.295396896270207,1.1572937868144412e-30
9.870000000000001,12.4740885,36.57532095,0.2177139155101607,0.6383597755511603,0.2430879253758692,0.241882844088351,3.117002761587466,-0.0824121732994408,1.899590344300659,2.564210483857438,6.5,-1.5331666016949937e-29,-6.152634233485332,8.372306308455977e-30
9.88,12.51429791,36.95250261,0.218415702104945,0.6449428373962982,0.2700511972490366,0.2399682815740192,2.6963271873163195,-0.1914562514331508,1.9825331550475729,2.699440537344471,6.5,-1.4751176955481068e-25,-5.957709157909796,6.315976363181094e-26
9.89,12.48729241,37.11558586,0.2179443672137977,0.6477891770636512,0.292871897130248,0.2367532127788472,2.282069988121592,-0.3215068795172583,2.0748944124696163,2.7545252705376035,6.5,-7.523134809914821e-20,-5.692253445632147,2.83722799153287e-20
9.9,12.48555265,37.16615812,0.2179140026736032,0.6486718295108258,0.3117708810502762,0.2321991800395081,1.8898983920025247,-0.4554032739338391,2.1756788036135872,2.8139956652449705,6.49999999999995,-1.7448414992240283e-14,-5.346968113452223,5.591991377641856e-15
9.91,12.51492074,37.1073112,0.2184265725391252,0.6476447570021681,0.3269861701225303,0.2262844799426325,1.5215289072257083,-0.5914700096876818,2.284416705161868,2.8778674114498366,6.499999998383061,-7.809884005652312e-10,-4.91347319644791,2.02341600299309e-10
9.92,12.56347192,36.94476538,0.2192739504858536,0.644807797257814,0.3387442132484893,0.2190067052628156,1.1758043125957178,-0.7277774679815746,2.400521441339768,2.9459568509942757,6.49973057371056,-7.145674709997404e-06,-4.386905614687589,1.391075651387394e-06
9.93,12.62938921,36.67486543,0.2204244242303455,0.6400971544793459,0.3472738292549945,0.2103677709031007,0.85296160065069,-0.8638934359716602,2.5224041724938124,3.018828226451493,0.1041407942799042,-0.0182035097656125,-0.0604492203312297,0.0022667286830476
9.94,12.70903332,36.30748091,0.2218144761796661,0.6336850849844871,0.3528017797915891,0.2003929092876583,0.5527950536593742,-0.997486161544089,2.6478694096465865,3.0959199862348736,4.476351665681017e-09,-4.571799252276789,-2.1233815226695003e-09,0.170277645796279
9.950000000000001,12.79931897,35.84294262,0.2233902580394693,0.6255773623224028,0.3555521591007693,0.18911494706422,0.2750379309180809,-1.1277962223440543,2.7742492921807265,-3.1057251020378667,2.818993583815824e-17,-6.492060875241288,-1.0105460778195632e-17,-0.053109533848004
9.96,12.90291621,35.29153029,0.2251983709734481,0.6159534016278092,0.3557533623991991,0.1765877010996985,0.0201203298429732,-1.252724596451955,2.898387763548854,-3.0204608500299552,2.5411947082443123e-22,-6.4999491251032175,-6.085512709562192e-23,0.007915999123415
9.97,13.02093576,34.66195755,0.2272582007026701,0.604965284434007,0.3536339032658747,0.1628816576691812,-0.2119459133324121,-1.3706043430515176,-2.7558675481528367,-2.932110496768568,3.7387955984666187e-19,-6.4999993468022375,3.721282304639898e-21,-0.0373300911285273
9.98,13.15421971,33.96347648,0.2295844444702336,0.592774489999654,0.349420443948646,0.1480829038532697,-0.4213459317229501,-1.4798753815914447,-2.7063122565760014,-2.8413868731516727,5.338736483881349e-13,-6.499999984387116,5.439860119131186e-15,-0.0635370913206957
9.99,13.30714329,33.20302534,0.2322534644451706,0.5795021138061097,0.3433414903361519,0.1322879625179458,-0.6078953612493159,-1.5794941335321415,-2.658628102097835,-2.7487388311803627,1.0244725051719323e-07,-6.499999999352681,1.1213648112288776e-09,-0.0646957287974887
10.0,13.48221297,32.39110456,0.2353090067815835,0.5653314229297492,0.3356229821187005,0.1156073819279411,-0.7718508217452883,-1.668058059000796,-2.612195109329951,-2.6549054887677084,0.001174207135071,-6.499999999955298,1.4101532611882957e-05,-0.0716398508717786
10.01,13.67593158,31.53276289,0.2386900343484703,0.5503505346811826,0.3264783064042035,0.0981560487342147,-0.9144675714495634,-1.7451333193723724,-2.5663342561116886,-2.5599274878604765,1.213652708019351,-6.499999999995134,0.016038005753186,-0.0870163373377686
10.02,13.89063485,30.63782455,0.2424373133247686,0.53473091404585,0.3161162998154503,0.0800588865559105,-1.0362006588755197,-1.809716217830782,-2.5206425333561224,-2.4641781283304955,6.383408245734812,-6.4999999999991855,0.092116442273012,-0.1026460579689902
10.03,14.12063786,29.71138076,0.2464516231387661,0.5185614195756951,0.304728641013709,0.0614424272795588,-1.1387658801739526,-1.8616459276348785,-2.4745427843885035,-2.3673406529598986,6.498261468026174,-6.4999999999997975,0.1010992109842886,-0.1149968592872519
10.040000000000001,14.35925295,28.76231576,0.2506162421042087,0.5019971105102552,0.2924885268787241,0.0424392481698375,-1.2240114134983022,-1.9003179109718296,-2.4274804335214437,-2.2692548842678337,6.499933821123606,-6.499999999999926,0.1076893465618118,-0.1250566989334214
10.05,14.59525881,27.79021091,0.2547353214152095,0.4850306802031495,0.279544491525348,0.023173290895688,-1.294403535337865,-1.9265957274153345,-2.378799474385921,-2.1686763509528,6.499994818077984,-6.499999999999963,0.1136843255772738,-0.133832995885447
10.06,14.82727637,26.80867752,0.2587847917596529,0.467899690829388,0.2660356390462508,0.0037797804632284,-1.350885247909511,-1.9393510432456555,-2.3281628910819427,-2.06537790429394,6.499999260619013,-6.499999999999973,0.1192451597901137,-0.1417925287358921
10.07,15.03797154,25.81563924,0.2624621161942021,0.4505679032450466,0.2520684684230609,-0.0156190232846252,-1.396717062319264,-1.939880374785751,-2.2747845116272933,-1.9575584278562204,6.499999838004875,-6.499999999999973,0.1245360955571383,-0.1491030685249965
10.08,13.76811791,22.94026725,0.2402989893323003,0.4003831947999252,0.2356390768854642,-0.0375824817581112,-1.6429391537594191,-2.196345847348262,-2.177333491749685,-1.7675179996449342,6.499999999935321,-6.5,0.1331221631404266,-0.1587570751297759
10.09,13.78736029,21.79389086,0.2406348322192202,0.3803751523272985,0.2189212784042271,-0.0592848056166415,-1.6717798481240438,-2.1702323858534576,-2.1103511580776937,-1.658184991702386,6.499999999970532,-6.5,0.1384409376104213,-0.1617438478637107
10.1,13.74577138,20.63485134,0.2399089688074046,0.3601460965425639,0.2019641399229271,-0.0806206660254822,-1.6957138481297331,-2.133586040883736,-2.0385462713824563,-1.543029023486011,6.499999999984428,-6.5,0.1437102607621929,-0.1624232523740547
10.11,13.68532212,19.52677227,0.2388539301900105,0.3408064683986271,0.1848749342939773,-0.1014047461220222,-1.7089205628953177,-2.07840800965442,-1.96294998694429,-1.420960000333174,6.499999999988767,-6.499999999999999,0.1487638786046741,-0.1603019905355486
10.120000000000001,13.6017084,18.46868555,0.2373945954761699,0.3223393713629998,0.1677468442668649,-0.121471785287819,-1.712809002710973,-2.0067039165793608,-1.883688196633984,-1.2894338046170188,6.499999999989436,-6.499999999999996,0.1534247166661996,-0.1550647980720545
10.13,13.5205946,17.49925094,0.2359788925973657,0.3054195455357126,0.1507027099930001,-0.1406194898249576,-1.7044134273862144,-1.914770453713562,-1.8016399780207093,-1.1442866069865114,6.499999999985888,-6.499999999999956,0.1574011055562294,-0.1465339353614201
10.14,13.61774213,16.66302338,0.2376744368560456,0.2908246213177942,0.1341082127890423,-0.1586045442018257,-1.6594497203961054,-1.79850543768717,-1.7198652911058057,-0.9784606236318132,6.499999999944533,-6.499999999999038,0.1603240689640337,-0.1342844122654467
10.15,13.56180921,15.9004205,0.2366982232417911,0.277514690176603,0.1178178456108332,-0.1752962587930367,-1.6290367178206568,-1.669171459120841,-1.6348906346407268,-0.7938177999253022,6.499999999855547,-6.499999999962951,0.1620921342513167,-0.1171622639741579
10.16,13.56370039,15.27566904,0.2367312305595389,0.2666107201929614,0.102000267744774,-0.1904915429368416,-1.581757786606233,-1.5195284143807828,-1.5497147327890362,-0.5843434547859718,6.499999999353068,-6.499999996384504,0.1624557498921925,-0.0874849506358101
10.17,13.67972928,14.82597144,0.2387563167174732,0.2587620164346449,0.0868881817202056,-0.2039608082684665,-1.5112086024566038,-1.3469265331622853,-1.4652236422662224,-0.3488801750592298,6.499999993530664,-6.499998742323084,0.1613993892217571,-0.0650287618945172
10.18,13.58373589,14.40407553,0.2370809160018222,0.2513985437044472,0.0722198578311073,-0.2157148639658611,-1.4668323889101225,-1.175405569739694,-1.382335902628241,-0.1248222602590495,6.499999970650466,-6.499121373385205,0.1590566963876243,0.008014689327093
10.19,13.79837663,14.14214073,0.2408271036237393,0.2468269190188944,0.0585058683618436,-0.2255865356871523,-1.3713989469261525,-0.9871671721289677,-1.3000792752028285,0.0955009216702412,6.499999139045332,-4.236440026384271,0.1555879724690338,0.4010423298805342
10.200000000000001,14.17640758,14.04884915,0.2474249883756814,0.2451986737835067,0.0459956346857021,-0.2334225610432681,-1.251023367614403,-0.7836025356117303,-1.2195383074860042,0.3005582196463442,6.499913906615839,-0.0002758920675242,0.1512567763259018,8.124544637741455e-05
10.21,14.70198538,14.08579757,0.2565980514610697,0.2458435453659164,0.0348867518940693,-0.2391506569876297,-1.1108882791631114,-0.5728095944360737,-1.141152337435973,0.4778151923103853,6.467153333838289,-2.870764610352165e-10,0.1455853787618015,1.321328321421728e-10
10.22,15.37632795,14.22744806,0.26836754959393,0.2483158128034797,0.0253524833267126,-0.2427550299383317,-0.9534268567355166,-0.3604372950701476,-1.0650891058409966,0.6255372415075747,0.5572273780066032,-5.194615359883956e-18,0.0120857752588655,3.0419250306717287e-18
10.23,16.18909761,14.43223987,0.2825530562212449,0.2518901041690984,0.0175258950549184,-0.2442946998493943,-0.7826588271795779,-0.1539669911062858,-0.9916424405106604,0.7456124165112169,3.140353615220287e-05,-6.921613588175784e-27,6.538989649190826e-07,4.6947847674260274e-27
10.24,17.11467855,14.66966245,0.298707491117949,0.256033909908678,0.0114802278185386,-0.2438812092513199,-0.6045667236378868,0.0413490598074291,-0.9214495711959804,0.8431332639070531,7.74532520148507e-11,-3.0167016562606357e-30,1.5430167800706424e-12,2.252385669201364e-30
10.25,18.1367019,14.91473123,0.3165451636077113,0.2603111670135236,0.007246665694266,-0.2416656806261288,-0.4233562124273375,0.2215528625191556,-0.8549141990312179,0.9231345532136286,1.4170687803049308e-18,-3.9528477830536315e-24,2.6902524007964622e-20,3.152364551968775e-24
10.26,19.23642696,15.14047363,0.3357389867714035,0.2642511151548777,0.0048141858757535,-0.2378373753663517,-0.243247981851217,0.3828305259776577,-0.7925159806621221,0.9894197763920448,1.3171267748423412e-30,-3.213972172587223e-17,2.3712536920217578e-32,2.6861477259022776e-17
10.27,20.38080153,15.3160884,0.3557120908939978,0.2673161711065103,0.0041125226337644,-0.2326247310358498,-0.0701663241989249,0.5212644330502846,-0.7353459843414711,1.0446487703762604,1.4341135815409943e-57,-4.342293877908773e-12,2.435647957525267e-59,3.755460099558365e-12
10.28,21.58214978,15.46401622,0.3766795733195698,0.2698979986208077,0.0050829368907919,-0.2262147418134107,0.0970414257027401,0.6409989222438153,-0.6826662672085572,1.0927707413740917,1.5506681183607038e-50,-2.6927858471149562e-08,2.4667400560804066e-52,2.3912939351941363e-08
10.290000000000001,22.78097356,15.53237983,0.3976029954317739,0.2710911687038571,0.0075742425513604,-0.218860960083317,0.2491305660568085,0.7353781730092562,-0.6372122290043327,1.133839309990597,4.4085440535037655e-30,-1.1479324460580344e-05,6.544229160369583e-32,1.0402400059563488e-05
10.3,23.96770033,15.52639008,0.4183152848898314,0.2709866278449858,0.0114234411054153,-0.2107949968093083,0.3849198554055708,0.8065963274010318,-0.5995902331454347,1.1697246404291446,1.233069291360206e-20,-0.0007294360474401,1.7100406228273825e-22,0.000671654662922
10.31,25.12274856,15.44257929,0.4384746795226642,0.2695238536107882,0.0164434407197451,-0.2022391141314312,0.5019999614328925,0.8555882677875765,-0.5713091276321739,1.201442032472695,7.240035038975021e-15,-0.0103693462974742,9.490564495234447e-17,0.0096714813055801
10.32,26.23258358,15.28035878,0.4578449547756013,0.2666925715970238,0.0224350752929645,-0.1934013893636794,0.599163457322066,0.8837724767753556,-0.5540063305606366,1.2297528191027918,5.074475930572965e-11,-0.0431449040362899,6.417373625060637e-13,0.0406656709997094
10.33,27.28957832,15.06228223,0.4762929931648627,0.2628864177781338,0.0291980017175972,-0.1844425332152326,0.6762926424631636,0.895885614844537,-0.5495092661813791,1.255752552071501,2.1870834559092208e-08,-0.0743454319893938,2.7399192642508056e-10,0.0706953804406977
10.34,28.28652866,14.78502364,0.4936930590767396,0.2580473425031968,0.0365328023939971,-0.1755155327282311,0.7334800676401391,0.8927000487003289,-0.5603192160287629,1.2796609660022435,1.285969086313287e-06,-0.0570374049971032,1.647855443551048e-08,0.0546435148240504
10.35,29.21966638,14.47186236,0.5099793846652926,0.2525816470774369,0.0442472346513458,-0.1667273983700873,0.7714432257347492,0.8788134358142422,-0.5894260177052376,1.302211556788381,1.6359508475469297e-05,-0.0245486246741699,2.2242236116940727e-07,0.0236709453332281
10.36,30.09182766,14.13577083,0.5252014706097008,0.2467157432908716,0.0521664591112942,-0.1581568917116499,0.7919224459949901,0.8570506658439099,-0.6398467391978981,1.32378762758702,6.223762511549219e-05,-0.0067045008961815,9.279586351159074e-07,0.0065016016937025
10.370000000000001,30.9033722,13.791234,0.5393655948592836,0.2407024412129876,0.0601292356241881,-0.1498541719996536,0.7962776512892703,0.8302719711994956,-0.714929375130243,1.3447407215786178,8.469719384883192e-05,-0.0013240175497603,1.4046342001324586e-06,0.0012904346257296
10.38,31.65404416,13.45202318,0.5524672921636827,0.2347820955455978,0.0679870146058214,-0.1418438322290857,0.7857778981632042,0.8010339770566668,-0.8168503302074707,1.3653621063998422,4.5590749086639406e-05,-0.0002141212118607,8.388706855951204e-07,0.0002096330125873
10.39,32.35870141,13.1387913,0.5647658812742316,0.229315167917386,0.075625613333184,-0.1341170599992681,0.7638598727364103,0.7726772229819168,-0.9429521674800978,1.3860351576906054,1.1735511072255456e-05,-3.428447424253565e-05,2.371301811187702e-07,3.370286386873692e-05
10.4,32.98650053,12.81889341,0.5757230429593546,0.2237318964667033,0.0828974882326992,-0.1267102163342709,0.7271874899514046,0.7406843664996062,-1.0885642559516049,1.4061880897978736,1.0849760651973128e-06,-4.052827074539191e-06,2.3816537876642965e-08,3.998227547257536e-06
10.41,33.58785254,12.58860856,0.5862186154973404,0.2197126676167421,0.0897422140689822,-0.1195176480539258,0.6844725836284414,0.7192568280346507,-1.2367483501088348,1.427353175460699,5.831370266818694e-08,-8.971001994903532e-07,1.365907857396958e-09,8.879184313054339e-07
10.42,34.13139187,12.38299176,0.5957051664199244,0.2161239774593274,0.0960622279350466,-0.1125331907880571,0.6320013866063412,0.6984457265867582,-1.3757623079641468,1.4485250596751746,1.2496815461319546e-09,-1.985188515246061e-07,3.053437521078652e-11,1.9704196610792278e-07
10.43,34.61657724,12.22006241,0.6041732486089313,0.2132803238536932,0.1017708363088123,-0.1057241653937652,0.5708608373766783,0.680902539429327,-1.4941418616292108,1.4699174519930434,9.530778306840895e-12,-5.3188198314201065e-08,2.374152236419538e-13,5.2918761871045874e-08
10.44,35.03312104,12.09032633,0.6114433093977001,0.2110160020990624,0.1067779173859393,-0.099072868142764,0.5007081077126269,0.6651297251000124,-1.5866326325239717,1.49138654877556,1.8836864647722438e-14,-1.5721321832568783e-08,4.708492433912811e-16,1.5671959634938392e-08
10.450000000000001,35.39285518,12.01253753,0.6177218545725303,0.2096583314178871,0.1110225649803333,-0.0925353497989061,0.4244647594394882,0.6537518343859193,-1.6535501733918734,1.5130834399308288,8.384465448378085e-18,-6.2941385725110134e-09,2.087364498171522e-19,6.283697885674457e-09
10.46,35.68373805,11.97406016,0.622798718391681,0.208986774623879,0.114436830396652,-0.0860884481595433,0.3414265416318154,0.6446901639361824,-1.6976822010490884,1.5348612948651792,4.302520061083049e-22,-2.9673082220034853e-09,1.0651460831338417e-23,2.9653996553312155e-09
10.47,35.89946204,11.97792923,0.6265638122927203,0.2090543026343691,0.1169550017005133,-0.0797059966716309,0.2518171303860848,0.6382451487911446,-1.722371403352824,1.5567041382393083,9.725508653222336e-28,-1.6994626054049626e-09,2.397735471613423e-29,1.6992944890343996e-09
10.48,36.03835085,12.01951419,0.6289878793213971,0.2097800971056793,0.1185205152836924,-0.0733701352718526,0.1565513583179418,0.6335861399779539,-1.7309221196346014,1.5785565297342226,2.917796800495974e-35,-1.1164156568951402e-09,7.182079650302016e-37,1.1163821666950563e-09
10.49,36.09309663,12.09571879,0.6299433734339696,0.2111101182808445,0.1190775157884194,-0.0670685778503583,0.0557000504726925,0.6301557421493298,-1.7259908275772142,1.600381030100744,5.658902464796709e-44,-8.083622198582627e-10,1.3942219950091665e-45,8.080097990221215e-10
10.5,36.05751943,12.20287849,0.6293224341553291,0.2129804078712939,0.1185728046759243,-0.0607950495416889,-0.0504711112495201,0.6273528308670631,-1.709748603764473,1.6221494156125436,2.0897310993669065e-44,-6.165841607810245e-10,5.1634108639028015e-46,6.157743313096459e-10
10.51,35.92669633,12.3238314,0.6270391403226632,0.2150914343906623,0.1169577950129777,-0.054567982251324,-0.1615009662946376,0.6227067290363907,-1.6839959944934682,1.6438594536400486,6.302802038354805e-35,-4.0751843330226237e-10,1.5634462502846866e-36,4.0643517900369965e-10
10.52,35.70593645,12.48675811,0.6231861535603557,0.2179350419196042,0.1142031358649977,-0.0483640700902562,-0.2754659147980516,0.620391216106908,-1.650446190500405,1.6654097724832768,3.454354603069186e-26,-3.2507208920069723e-10,8.602470532590023e-28,3.236234407713585e-10
10.53,35.38008479,12.65586528,0.6174989692202665,0.220886518824834,0.1102680077189336,-0.0422125519637813,-0.3935128146063458,0.615151812647396,-1.6102255037630326,1.6869499250279665,2.407488615115387e-19,-2.0560557806404714e-10,6.01299330473285e-21,2.042250647683813e-10
10.540000000000001,34.93960429,12.82196816,0.6098111342044357,0.2237855609778791,0.1051094125037605,-0.036152975980246,-0.5158595215172339,0.6059575983534367,-1.5644343892505734,1.7085192402753184,7.605702825903906e-14,-9.410324465278235e-11,1.901378538431352e-15,9.321528851204368e-11
10.55,34.40400209,13.01213368,0.6004631123335105,0.2271045754256462,0.0987242657842268,-0.0301827231322422,-0.6385146719534905,0.5970252848004941,-1.5143431473043585,1.7298638234361636,2.1279386836054155e-09,-4.3678097495613075e-11,5.3094807513356357e-11,4.3128545467434676e-11
10.56,33.77271386,13.21356234,0.5894450541909233,0.2306201687505264,0.0911173818831638,-0.0243169600520763,-0.7606883901061863,0.586576308016496,-1.460974489301913,1.7510927426097278,1.0664134058758352e-05,-1.7692225369604736e-11,2.64650738563896e-07,1.7406387617403e-11
10.57,33.05164469,13.42686354,0.5768600230398006,0.2343429769889813,0.0823100665590408,-0.0185680800958381,-0.8807315324124727,0.5748879956239334,-1.4052708257348137,1.7721708522003785,0.014078832363759,-6.359102980677872e-12,0.0003461824169044,6.231010898403184e-12
10.58,32.27971393,13.68363667,0.5633872896803784,0.2388245135381327,0.0723858933379976,-0.0129019868924998,-0.9924173221041668,0.5666093203337442,-1.3479671037259653,1.7926351643858984,2.8491667417948148,-3.0389748470510933e-12,0.0691411008916535,2.9647320332699894e-12
10.59,31.40734918,13.92949395,0.5481616525145412,0.2431155325641303,0.0613583131336477,-0.007363807716303,-1.102758020435208,0.5538179176197916,-1.2901782695435793,1.813326934608903,6.455091370858897,-9.620171948262728e-13,0.1540302996436343,9.33945227735711e-13
10.6,30.50638966,14.21649423,0.5324369424633535,0.248124632404276,0.0493501638459872,-0.0019205033136983,-1.2008149287658592,0.5443304402603801,-1.231926608964507,1.8332956850334123,6.499338175578592,-4.038123518216319e-13,0.151962071629961,3.900186142436316e-13
10.61,29.54959815,14.51170037,0.5157377803587253,0.2532769515193793,0.0364420079944101,0.0034122924474919,-1.2908155851579728,0.5332795761191423,-1.17421509102598,1.8531710284296203,6.499981758863564,-1.4491236331899853e-13,0.148482678601905,1.3918878571492765e-13
10.620000000000001,28.59852286,14.87435716,0.4991383851138653,0.259606506559593,0.0228021437444858,0.0087046604742621,-1.3639864249922125,0.5292368026769307,-1.1167678519244322,1.8717103451508488,6.499998826786585,-9.96212469058453e-14,0.1446667535756039,9.515635211578909e-14
10.63,27.64269739,15.27978873,0.482456083587943,0.2666826223476228,0.0085751817673667,0.0139862899712876,-1.422696197711689,0.5281629497024743,-1.0603428275814553,1.8895421745328504,6.49999985648068,-9.097477113840769e-14,0.140629216256429,8.640347240109828e-14
10.64,26.6830537,15.71574385,0.4657071415514552,0.2742914745825499,-0.0061006692713796,0.0192671527365668,-1.4675851038749337,0.5280862765280252,-1.0053820502703623,1.9069934036291625,6.499999969621873,-9.174883212497457e-14,0.1364355508330886,8.662423408532339e-14
10.65,25.75177856,16.22144628,0.4494533241164841,0.283117647021386,-0.0210492981424265,0.0246117205853135,-1.4948628871044514,0.5344567848745805,-0.9516787256208414,1.923137873859662,6.4999999879581605,-1.704287423325932e-13,0.1320758159159249,1.5998172783515534e-13
10.66,24.79417351,16.70152486,0.4327399630602592,0.2914965989106849,-0.0361852868867715,0.0299440897493735,-1.513598874434808,0.533236916406108,-0.9006306876703446,1.9405156983357408,6.499999993600147,-1.5599393933627805e-13,0.1276510745379864,1.4547486987706612e-13
10.67,23.85572089,17.22002628,0.416360874967292,0.3005461558659509,-0.0513637324005738,0.035284941802527,-1.517844551379987,0.5340852053152703,-0.8514268817405658,1.957265114420604,6.499999994515684,-1.7407127606435313e-13,0.123062645790129,1.612574392553755e-13
10.68,22.90524816,17.70818614,0.3997719963783729,0.3090661526990255,-0.0664957486480835,0.0405561310662336,-1.513201624751268,0.5271189263707643,-0.8048891783721601,1.9753167868018289,6.499999993732021,-9.3848237609825e-14,0.1183483206802748,8.628731037225116e-14
10.69,21.95333238,18.18381393,0.3831579318156829,0.3173674236485096,-0.0814847552695102,0.0457113849668356,-1.4989006621424428,0.5155253900601174,-0.7607945633252193,1.993979896537058,6.499999990177298,-3.2392625597768213e-14,0.1134519598023317,2.953979071293203e-14
10.700000000000001,20.99605022,18.63120206,0.3664502062530798,0.3251758195513501,-0.0962484953344755,0.0506867359223582,-1.4763740064968232,0.4975350955523626,-0.7192233382015691,2.0136251921088357,6.49999997972097,-5.837185589425869e-15,0.1083546174406269,5.274973743914526e-15
10.71,20.02160974,19.00071445,0.3494430115123658,0.3316250273837635,-0.1107296589492824,0.0553545692583535,-1.44811636148046,0.466783333599454,-0.680365866129274,2.035720394804164,6.499999948779482,-2.632105248412913e-16,0.1030707577294591,2.353081220061193e-16
10.72,19.0632358,19.3547873,0.3327162307940552,0.3378047644081835,-0.1248298711127315,0.0596875906694785,-1.4100212163446957,0.4333021411124331,-0.6433916175175821,2.0579350717183136,6.499999815129961,-7.186964417797165e-18,0.0974825459776311,6.3518717216278414e-18
10.73,18.09515879,19.62929095,0.3158200995566931,0.3425957569094257,-0.1384980528838094,0.0635724943371923,-1.3668181771080616,0.3884903667714499,-0.608849958436675,2.0825397689699727,6.499999174976779,-3.7054405235677295e-20,0.091741177952891,3.2311767325765754e-20
10.74,17.12917712,19.8483581,0.2989605389012799,0.3464191999598859,-0.1516731873127551,0.0669420592650312,-1.3175134428943571,0.3369564927838437,-0.5763584270481799,2.108483062776609,6.499995189225416,-4.091551333828431e-23,0.0860876409109925,3.5146262587031174e-23
10.75,16.19717341,20.0422038,0.2826940055209774,0.3498024456657191,-0.1642568547707982,0.0697803987413153,-1.2583667458045655,0.2838339476284669,-0.5451633571057793,2.13440854265389,6.499956437432304,-1.2685347510466503e-26,0.0806896660161289,1.0724332407427585e-26
10.76,15.31260299,20.22883698,0.2672553392262283,0.3530598091501863,-0.1761433089642044,0.0721016974686404,-1.188645419340434,0.2321298727324698,-0.5150240956053381,2.159405229439028,6.499332566842817,-1.2573739058977064e-30,0.0757570079746076,1.0458477437633385e-30
10.77,14.49804524,20.43283766,0.2530386245410915,0.3566202926924937,-0.1872077689467008,0.0739569251687174,-1.1064459982498618,0.1855227700077394,-0.4855327107199445,2.182180936226246,6.479649063283481,-6.824303629003587e-35,0.0712619711797011,5.588346328084789e-35
10.78,13.75573865,20.67145515,0.2400829304863398,0.3607849535458383,-0.1973378934275904,0.0754201928014922,-1.013012448088793,0.1463267632774594,-0.4567595808246312,2.2017754819646203,5.387593531621323,-4.3354712091915326e-39,0.056440116329293,3.500737482761793e-39
10.790000000000001,13.09062102,20.96590331,0.2284744379297784,0.3659240434142774,-0.2064296729989543,0.076591964963834,-0.9091779571362474,0.1171772162341583,-0.4286831443317756,2.2170657734405963,0.1897837912426517,-1.310866571271263e-42,0.0019210609336655,1.0465078215223476e-42
10.8,12.53739282,21.34568124,0.2188187843248968,0.3725524187191859,-0.2143449592794316,0.0776079143546452,-0.7915286280478904,0.1015949390811365,-0.4006304264173889,2.2266318780804863,0.0003195765423948,-1.4035168813996398e-44,3.1840060898862204e-06,1.1123219008127532e-44
10.81,12.09589396,21.82333108,0.2111131755740952,0.38088898109881,-0.2209650010921748,0.0786113053084921,-0.662004181274222,0.100339095384674,-0.372739419061856,2.230307587563052,1.0064931875284449e-07,-1.2097385622804797e-44,1.0032777302915744e-09,9.560246094781813e-45
10.82,11.77054009,22.40702496,0.2054346793084897,0.3910763611285507,-0.2261831375412638,0.0797452796800772,-0.5218136449089983,0.1133974371585359,-0.3449972007030218,2.2284910537071183,3.6143890761324137e-12,-8.049724318903854e-43,3.6167847650785396e-14,6.370451480195693e-43
10.83,11.53114902,23.07692227,0.2012565169371174,0.4027682748383038,-0.2299539334268886,0.0811125154956505,-0.3770795885624199,0.1367235815573098,-0.3181156292202611,2.223308243212802,1.168300446162352e-17,-7.570977648171708e-40,1.1615050629312454e-19,6.015527691331583e-40
10.84,11.47292113,23.91049684,0.2002402485401283,0.4173168956456998,-0.2321094994745443,0.0829146805498598,-0.2155566047656167,0.1802165054209656,-0.2899237243512296,2.2118041986724952,7.074705757809495e-25,-4.867583855174044e-35,6.802381785637299e-27,3.901350150620625e-35
10.85,11.48591838,24.81077066,0.2004670933463332,0.4330296379742065,-0.2326635054042087,0.085197754993483,-0.0554005929664255,0.2283074443622805,-0.2630249909263496,2.200630649776555,5.5989289026422635e-31,-1.4271083541084004e-30,4.9869515210908184e-33,1.1533036726111393e-30
10.86,11.58547212,25.78487931,0.2022046338920076,0.4500310411888636,-0.2316174025327284,0.0880107397482434,0.104610287148045,0.2812984754760971,-0.2369221474797377,2.189907036234896,1.1669016763742698e-29,-1.928630941592128e-26,8.992518211123056e-32,1.5707185897334332e-26
10.870000000000001,11.75285792,26.81329584,0.2051260672230923,0.4679802957192986,-0.2290100286632492,0.0913676062511821,0.2607373869478827,0.3356866502938235,-0.2119421544898701,2.180908850421297,6.780199712456635e-23,-7.683500819552853e-23,4.036002563957729e-25,6.297548754245196e-23
10.88,11.95757177,27.86336477,0.2086989979300261,0.4863074559206925,-0.2249310893555802,0.0952315997187134,0.4078939307668339,0.3863993467530614,-0.1886829802682164,2.1750423728563044,1.6710072192642775e-16,-6.382298257689685e-20,6.182349649620558e-19,5.252458358002156e-20
10.89,12.17229578,28.91054939,0.2124466388876113,0.5045842754159382,-0.2195118299793085,0.0995310135956789,0.5419259376272824,0.4299413876966399,-0.1676625295606916,2.172907982955474,1.4434829195082356e-11,-1.1224980622195732e-17,2.0941000860738065e-14,9.251469647638772e-18
10.9,12.36687778,29.92905107,0.2158427354527269,0.5223604831690318,-0.2129247774994716,0.1041607336818891,0.6587052479835818,0.4629720086209527,-0.1494964812849712,2.174932487910116,6.706615663656414e-08,-4.234121389448666e-16,-1.2764390921867492e-11,3.4848318502451263e-16
10.91,12.51815346,30.89864929,0.2184829941469203,0.5392831645295082,-0.2053692111073827,0.1089934847320225,0.7555566392090434,0.4832751050134272,-0.1346590501306512,2.181204786083654,3.163538614852327e-05,-3.641660786976442e-15,-3.2722256316344746e-08,2.9841582509540964e-15
10.92,12.59598932,31.79935977,0.2198414861800416,0.5550035280127267,-0.197077548130484,0.1138828051714111,0.829166297689741,0.4889320439387847,-0.1238716900554928,2.19181710810968,0.0021953788644679,-7.062424777324891e-15,-2.70964691434064e-06,5.743937754660745e-15
10.93,12.58459017,32.61774023,0.2196425334806129,0.5692869615737125,-0.1882905950437169,0.1186747584375095,0.8786953086768856,0.4791953266099417,-0.1175133768134833,2.206668942980468,0.0309169392632785,-3.0537250554126868e-15,-3.5557699737634655e-05,2.4569119317280578e-15
10.94,12.47939167,33.35241523,0.2178064732874536,0.5821094592558018,-0.1792392101975487,0.1232264939699928,0.9051384846166716,0.4551735532482527,-0.1156837966525866,2.2252936244933594,0.114438063733432,-3.088215087598322e-16,-0.0001253052286676,2.450009732953838e-16
10.950000000000001,12.27156992,33.99477755,0.2141792994926971,0.5933207967305513,-0.1701496265958511,0.1273961379521127,0.9089583601699456,0.4169643982120729,-0.1186336459333894,2.247680961068174,0.1274815310204324,-6.12128895908256e-18,-0.0001500268635542,4.771484092350828e-18
10.96,11.97522979,34.55412523,0.2090071885184091,0.6030832554099429,-0.1612096173915751,0.13106877401228,0.8940009204274558,0.3672636060166776,-0.1258968625250308,2.2731446962888344,0.0529282484966506,-2.308877078346274e-20,-6.499255236671192e-05,1.7622761520902562e-20
10.97,11.60107773,35.02931308,0.2024770031682897,0.6113768479579159,-0.152575231035217,0.1341403604994259,0.8634386356356726,0.3071586487145414,-0.1370733111741827,2.301576737602669,0.0090723230915139,-1.1920124294669319e-23,-8.505490021808892e-06,8.875229290120808e-24
10.98,11.17081422,35.42999592,0.1949674882676022,0.6183700827721575,-0.144356679981995,0.1365326849779322,0.8218551053223719,0.2392324478506795,-0.1513415859251166,2.3324035687009186,0.0007630151046482,-6.5334587911884735e-28,-3.712187821270752e-08,4.7276518336976695e-28
10.99,10.71476163,35.76481514,0.1870078690098544,0.6242137805601168,-0.1366090827883824,0.1381903658361624,0.7747597193611382,0.1657680858229889,-0.1675283699913555,2.365118709132648,4.014948631665382e-05,-3.287631151513605e-33,5.7695860430180046e-08,2.3034092639302933e-33
11.0,10.25378418,36.03383008,0.1789622947299069,0.6289089770001718,-0.1293500991832235,0.1390673358494541,0.7258983605160364,0.0876970013291852,-0.1847497187289264,2.3996912862293858,1.5707075602991766e-06,-4.0668719012783645e-39,5.1454580831887075e-09,2.7473694369625238e-39
11.01,9.80760563,36.23541031,0.1711750099806327,0.6324272157205991,-0.1225645181642516,0.1391240274981793,0.6785581018970734,0.0056691648725228,-0.2021515944896183,2.43621942678012,5.5059864120337416e-08,-1.002383538087728e-42,2.7949092304541323e-10,6.497428992952279e-43
11.02,9.41287386,36.37864748,0.1642856409319077,0.634927175948338,-0.116182957111345,0.1383421447466101,0.6381561052907929,-0.0781882751569362,-0.2182973845098355,2.474141137822228,2.590014183028949e-09,-7.418031793445847e-40,1.6736605173150005e-11,4.5912081271419216e-40
11.03,9.0720574,36.44891444,0.1583372715599162,0.6361535657557053,-0.1101354642060621,0.1366898232183651,0.6047492905281988,-0.1652321528244784,-0.2330715760094307,2.7279901587381823,1.7617441452635084e-10,-2.390564264737765e-33,1.317397903280125e-12,9.60851896479982e-34
11.040000000000001,8.81641905,36.45394795,0.1538755406580506,0.6362414170781372,-0.1043110298995567,0.1341542891651671,0.5824434306504483,-0.2535534053197555,-0.245331632241419,2.7855858464006005,2.6204249762402523e-11,-4.967694190533551e-27,2.1374867836885257e-13,1.727202296757796e-27
11.05,8.62824177,36.36648586,0.1505912275446033,0.6347149156369616,-0.0986314656365678,0.1306913661440159,0.5679564262989953,-0.3462923021151887,-0.2558737974192753,2.84945178363687,7.100011742094183e-12,-1.7014372048450807e-21,6.130400452309465e-14,4.872613900665282e-22
11.06,8.5145044,36.18176864,0.1486061359555442,0.6314909919628309,-0.093014076713975,0.1262598439602405,0.5617388922591958,-0.443152218377474,-0.2645372562063653,2.9206827196162157,3.83100173127816e-12,-9.726666247115556e-17,3.432445903665096e-14,2.1236999074314174e-17
11.07,8.46773896,35.88754475,0.1477899250514004,0.6263558163443054,-0.0873931705943522,0.1208110253350256,0.5620906119623938,-0.5448818625215958,-0.2717605903755447,3.0014680509228717,3.6523295328049545e-12,-1.4095160660206653e-12,3.3560021221485504e-14,2.0033788002918978e-13
11.08,8.46664206,35.47845552,0.1477707805348353,0.6192158623463568,-0.0817388222207728,0.114299317429197,0.5654348373578523,-0.6511707905827622,-0.2785418208620899,3.093407006935244,4.53517037323702e-12,-6.716280015246998e-09,4.2501314679650944e-14,2.6820555697203673e-10
11.09,8.52327543,34.94542369,0.1487592193078354,0.6099127018949262,-0.0760066391125863,0.106677084997235,0.5732183108187574,-0.7622232431963419,-0.2844737668660371,-3.084541836933408,8.28226665595861e-12,-1.3416334873323778e-05,7.874626101740583e-14,-9.032976374310489e-08
11.1,8.59019987,34.26745188,0.1499272711358888,0.5980798615747208,-0.0702239999523208,0.0978784500875848,0.5782639160264611,-0.8798634909648896,-0.2917096993672606,-2.9624008585946413,1.1972034214408347e-11,-0.0146633162173586,1.1549050677480812e-13,-3.919219581266582e-05
11.11,8.68569765,33.46768116,0.151594021825234,0.5841212292496751,-0.0643904095986947,0.0878830098636798,0.5833590353627288,-0.9995440223906948,-0.2994707275802977,-2.826898120580989,1.742571743150428e-11,-3.525126067124376,1.70165976351647e-13,-0.0349671376477418
11.120000000000001,8.79628126,32.54629657,0.1535240699184754,0.5680400344770372,-0.0585250396928593,0.0766801760699515,0.5865369905834499,-1.1202833793726577,-0.3084368940154898,-2.6796814466224883,2.1639485497866668e-11,-6.48030062436457,2.1352610546002694e-13,-0.0684238819915366
11.13,8.91401018,31.51119624,0.1555788271972923,0.5499741256300573,-0.0526571038582905,0.0642792643407567,0.5867935834567877,-1.2400911729192807,-0.3190186499500184,-2.5250074168248373,2.109902749639236e-11,-6.499870850856574,2.098741796023861e-13,-0.0930595067899812
11.14,9.02268758,30.36742709,0.1574756056497992,0.5300115880798204,-0.0468366137550912,0.0507038528986186,0.5820490103200494,-1.3575411442140848,-0.332005688293067,-2.3677363882336264,1.3519724881852624e-11,-6.499998554135202,1.3514749794330134e-13,-0.114952071925457
11.15,9.19184243,29.18182741,0.1604279147280164,0.5093189700532292,-0.0410102157838746,0.0360769669019254,0.5826397971215617,-1.4626885996690926,-0.3439619845451078,-2.218779669377885,1.3695523878470183e-11,-6.499999964623373,1.3704938949803393e-13,-0.1296111631348613
11.16,9.34204294,27.91873555,0.163049408165691,0.48727385834109,-0.0352422133203647,0.0204688454415014,0.576800246351108,-1.560812146042705,-0.3590710998869533,-2.0756556763792027,8.028638663524283e-12,-6.4999999986084,8.021823639198281e-14,-0.1410416662565392
11.17,9.56024627,26.65565018,0.1668577747130068,0.4652288599008191,-0.0294674670793573,0.0040590800236238,0.5774746241006513,-1.6409765417875064,-0.3727738313539666,-1.944514812844886,8.275477210042749e-12,-6.499999999885784,8.248993456158587e-14,-0.149911021418105
11.18,9.80110265,25.37984859,0.1710615115684414,0.4429619215531404,-0.0236909077236707,-0.0129995745684151,0.5776559355687699,-1.705865459204242,-0.3877346501380579,-1.822044070649378,8.215274195221763e-12,-6.499999999983593,8.176183356249433e-14,-0.1565028771533722
11.19,10.07301423,24.11510846,0.1758072639137413,0.4208880421025393,-0.0179052016942723,-0.0305289637755882,0.5785706029397494,-1.7529389207170367,-0.4036090862109969,-1.707048022596735,8.732227403556077e-12,-6.4999999999958185,8.706361165193256e-14,-0.1606771198003554
11.200000000000001,10.42844067,22.91169938,0.1820106255403834,0.3998845914081435,-0.0120290087730589,-0.0482916759394915,0.587619292121461,-1.7762712163906758,-0.4176050222281089,-1.5977930903838813,1.8718217223246608e-11,-6.499999999997865,1.8782595361914997e-13,-0.162427450382606
11.21,10.81552323,21.74963527,0.1887664906894319,0.3796027465693858,-0.0060622366403798,-0.066095613255524,0.596677213267815,-1.7803937316029783,-0.4331735999547254,-1.4909124904611526,3.990310503020528e-11,-6.499999999998129,4.0568934581527363e-13,-0.161867535925819
11.22,11.25492199,20.65731561,0.1964354457806123,0.3605381720181209,2.3927546785908197e-05,-0.0837239268614673,0.6086164187164804,-1.762831360594049,-0.4493442731808754,-1.3839653224027315,1.07175762774014e-10,-6.499999999996994,1.1109739197610846e-12,-0.1591144376943626
11.23,11.67288373,19.58701423,0.2037302542909768,0.3418578889484819,0.0061499016876699,-0.1010448691540131,0.6125974140885249,-1.7320942292549273,-0.4711879342877837,-1.2760207426577783,1.4885570942111128e-10,-6.499999999992962,1.595753212120974e-12,-0.1543832852157529
11.24,12.13219174,18.59607764,0.2117466913462598,0.3245627827744968,0.0123316920645219,-0.1178588895144586,0.6181790376851068,-1.6814020360442836,-0.4947671795026762,-1.164202915279626,2.3601889634628625e-10,-6.499999999970069,2.641652748707913e-12,-0.1478408359839391
11.25,12.56121365,17.64973374,0.2192345362389546,0.3080459658633327,0.0184813841159737,-0.134034180361611,0.6149692051453023,-1.6175290847155603,-0.5253706948579249,-1.048848651403715,1.8423971479269703e-10,-6.499999999802298,2.194061499229127e-12,-0.1397734799532139
11.26,12.95168533,16.75636453,0.2260495526907483,0.2924537317128921,0.0245065273977364,-0.1494417603991057,0.6025143281761776,-1.5407580037492352,-0.5635412921286143,-0.9292695596613396,6.748844295017106e-11,-6.499999997888805,8.706115588072166e-13,-0.1301705373769549
11.27,13.31394754,15.90618002,0.2323722210107994,0.2776152127639375,0.030337662551744,-0.1639814912519489,0.583113515400875,-1.4539730852846051,-0.6081679456084133,-0.8065343596251365,1.3487077920596657e-11,-6.499999964692781,1.901140180181509e-13,-0.1185222792079055
11.28,13.62317022,15.10181544,0.2377691748986402,0.2635764024565161,0.0358767809461933,-0.1775630454705551,0.553911839444844,-1.3581554218604115,-0.6602449288892653,-0.6814093330942551,1.0725030826139557e-12,-6.499999041861828,1.6517161174356087e-14,-0.1032200624974711
11.290000000000001,13.88872934,14.33795527,0.2424040559013389,0.2502445274651725,0.0410491016067554,-0.1901168206716726,0.5172320660561277,-1.2553775201115482,-0.7174946979765772,-0.5558757141738826,3.6758344776025294e-14,-6.499957538459592,6.114946913142581e-16,-0.0825229157092395
11.3,14.12572906,13.62212316,0.2465404813416436,0.2377509002541743,0.0458098706050626,-0.2015747868851496,0.4760768998308098,-1.145796621347928,-0.7769357142407006,-0.430787836493999,6.263751913410115e-16,-6.496639728810104,1.1110872150681723e-17,-0.065892869450784
11.31,14.34074866,12.95271479,0.2502932813179648,0.2260675201572659,0.0501300710787754,-0.2118835621905001,0.4320200473712119,-1.0308775305348932,-0.8362169934046506,-0.3080492913122755,5.411546835232199e-18,-6.031388467033236,1.0120969498749808e-19,-0.0594918924621387
11.32,14.56903123,12.35083193,0.2542775637893792,0.2155626825389458,0.0540362197971785,-0.2209718613366085,0.3906148718403924,-0.9088299146110206,-0.8916904965167087,-0.1866476741125473,4.0379932697642894e-20,-0.2216016096284051,7.879883061968661e-22,-0.0007714030050315
11.33,14.83050803,11.80536643,0.258841194866958,0.2060425136079086,0.0575838177893289,-0.2287974074074941,0.3547597992149848,-0.782554607088434,-0.9419177703963336,-0.0694714610091599,3.9083136570793594e-22,-0.0002394374803003,7.89194574888323e-24,-1.1554921498812086e-06
11.34,15.15119906,11.33618193,0.2644383092220699,0.1978536992835853,0.0608632840712519,-0.2353016139305169,0.3279466281923667,-0.6504206523024154,-0.9861415222946912,0.0447430134507634,9.348433873317576e-24,-6.426988240862864e-08,1.9402309736319013e-25,2.330569749520285e-09
11.35,15.56637107,10.94354563,0.2716844277586927,0.1910009030857371,0.0640096684041312,-0.240438660639227,0.3146384332878804,-0.5137046708709294,-1.024240513383324,0.1548846413947303,1.39254532944823e-24,-3.157178776359995e-12,2.95441863895676e-26,4.940846715937345e-13
11.36,16.10006889,10.63396973,0.2809992119284087,0.1855977843459124,0.0671820721651195,-0.2441660525538468,0.3172403760988894,-0.3727391914620507,-1.0576068425997502,0.2608398935089135,2.2837569771490653e-24,-1.8186380748755908e-17,4.9338474592451716e-26,4.661530100649296e-18
11.370000000000001,16.76064321,10.40914946,0.2925284087665314,0.1816739304091898,0.0705382061582346,-0.2464513682622388,0.3356133993114576,-0.2285315708391692,-1.0888247214893578,0.3621348873863095,3.751487720414613e-23,-1.369325745907745e-23,8.236045310684203e-25,4.8409141364676695e-24
11.38,17.56190801,10.27056646,0.3065131177068652,0.1792552007718985,0.074241209793265,-0.2472719716055342,0.3703003635029807,-0.0820603343295267,-1.1206123485110455,0.45853669108589,4.661210986708446e-21,-4.0367471811983727e-29,1.0393193792121382e-22,1.7883096914158784e-29
11.39,18.5000064,10.20821691,0.3228860233200231,0.1781669958372616,0.0784328781388945,-0.2466304246996444,0.4191668345630354,0.0641546905889928,-1.1571014624197742,0.549069584776146,2.0225456468144296e-18,-1.3369653790909664e-29,4.58586566052397e-20,6.98222986334552e-30
11.4,19.56021735,10.21070538,0.34139019516322,0.1782104278320987,0.0832189296147521,-0.2445544020932522,0.4786051475856868,0.20760226063919,-1.203694217604093,0.6332114201075655,1.3651303331296265e-15,-1.3300983502820703e-24,3.156892526657836e-17,7.8711126843655985e-25
11.41,20.71780264,10.25854849,0.3615938698463734,0.1790454476259926,0.0886569359332611,-0.2411057981049935,0.543800631851006,0.344860398825935,-1.267328896136686,0.7103398995105168,7.408203903198794e-13,-1.0374515217320545e-18,1.7543623045518402e-14,6.763836910852168e-19
11.42,21.94127071,10.32940108,0.3829474159608939,0.1802820586050582,0.0947502315648709,-0.236381581432691,0.6093295631608853,0.4724216672301756,-1.35618683821852,0.7801811825286891,2.0650613715080007e-10,-9.021818996757215e-14,5.021899396461917e-12,6.344775757955435e-14
11.43,23.18602424,10.38909903,0.4046724634352159,0.1813239843892491,0.101433644872311,-0.2305268578033216,0.6683413307441444,0.5854723629370644,-1.4776187286793825,0.8421656152030079,2.042113635618752e-08,-5.663874671158022e-10,5.078297995208141e-10,4.2252143853066885e-10
11.44,24.43668781,10.45110896,0.4265006605664624,0.1824062618366803,0.1086212343593958,-0.2236635717692113,0.718758948708366,0.6863286034109194,-1.632780813092683,0.898667500618908,7.713484690326111e-07,-5.437057593897085e-07,1.9238435453622383e-08,4.254310187394058e-07
11.450000000000001,25.62926765,10.44856498,0.4473151053673697,0.1823618610095754,0.116139266300826,-0.2160037302760024,0.7518031941431647,0.7659841493210388,-1.8085427140446724,0.9475289379480132,7.484828371227044e-06,-7.156111937575031e-05,1.8090754834617482e-07,5.810747840899552e-05
11.46,26.75246382,10.40861213,0.4669185766796596,0.18166455223152,0.1238097417284098,-0.2077095672678817,0.7670475427582681,0.8294163008119478,-1.979143114161112,0.9915520627684598,2.154148225030799e-05,-0.0025809774763335,4.895793350036657e-07,0.0021601310109802
11.47,27.76922404,10.2904812,0.4846643902219615,0.1796027785545771,0.1314152555286984,-0.1989913002958827,0.7605513800287419,0.8718266971997648,-2.118742443782183,1.0298889269237084,1.5443825959222025e-05,-0.0242208155617218,3.274009365959391e-07,0.0207654688540273
11.48,28.671971,10.11919281,0.5004202969863311,0.1766132321786369,0.1387457333167299,-0.1900100926491154,0.7330477788032906,0.8981207646769,-2.217747954692357,1.0644946760082654,2.8292873394363068e-06,-0.0889352235012185,5.64555444340768e-08,0.0777884085417203
11.49,29.44259576,9.88977875,0.5138702363457222,0.1726092014812691,0.1455842513389905,-0.1809228177775163,0.6838518022259529,0.908727487159774,-2.277722669922928,1.0957034167054542,1.1022009635417803e-07,-0.1403389118578593,2.107027734565089e-09,0.1248151121039837
11.5,30.0820752,9.61062709,0.5250312580725317,0.1677370859018614,0.1517362763734711,-0.1718627580774522,0.6152025034481814,0.9060059700065848,-2.306767578079928,1.1242259356318225,8.035233369655958e-10,-0.1111211876638992,1.5010751927016048e-11,0.1002395623407345
11.51,30.5949322,9.30061217,0.5339823013144323,0.1623263048175545,0.1570342034724448,-0.1629260081413114,0.5297927098972925,0.8936749936139456,-2.312885379948895,1.151006519399113,8.560672795436177e-13,-0.0528864240449723,1.5911331665379677e-14,0.048302126971996
11.52,30.98613761,8.9756345,0.5408101237705466,0.156654374480595,0.1613369241376081,-0.1541779945947829,0.4302720665164151,0.8748013546530173,-2.302150380876435,1.1767523066810062,8.479936198089092e-17,-0.0173516860002419,1.5901471359626833e-18,0.0160243950304505
11.53,31.26945411,8.66015932,0.5457549295207732,0.1511482938812732,0.1645411387141128,-0.1456435605426212,0.3204214576504215,0.8534434052160392,-2.279442613386856,1.2023976688946532,4.3658626145597055e-22,-0.0048195618509661,8.335028208061369e-24,0.0044968613157831
11.540000000000001,31.43448491,8.34289986,0.5486352603479734,0.1456110717211739,0.1665445443138688,-0.1373599714952799,0.2003405599755612,0.8283589047339983,-2.246456928456702,1.2275884645247086,4.030950952157429e-29,-0.0010429983846878,7.885523225708302e-31,0.0009823080137969
11.55,31.52240057,8.08253075,0.5501696780790373,0.1410667734811866,0.1673199074025401,-0.1292780107622348,0.0775363088671448,0.8081960733046731,-2.207418760834363,1.2542871454625522,1.265862617786161e-36,-0.0002904298427086,2.543258956986001e-38,0.0002760389463124
11.56,31.49834373,7.8419981,0.5497498070134118,0.1368686867801395,0.1668008154301021,-0.1214028686942425,-0.0519091972437853,0.7875142067991132,-2.161125078788012,1.281282398097349,8.442802265608497e-38,-7.600409577061786e-05,1.7463234263541628e-39,7.28493836947224e-05
11.57,31.36211656,7.62305609,0.5473721943662377,0.1330474278347052,0.1649347140107651,-0.1137355780419676,-0.1866101419337389,0.7667290652276405,2.909669847215276,1.3086256838827708,4.2403199803607945e-30,-1.911292608423061e-05,-9.69983724622257e-31,1.8461677944391257e-05
11.58,31.16517347,7.48123024,0.5439348890066862,0.1305720997877656,0.1617556895637062,-0.106198266098951,-0.3179024447058368,0.7537311943015352,3.031756985155166,1.337835255283386,2.6753722157836016e-22,-7.71196328218648e-06,-2.96288282140494e-23,7.50426709797476e-06
11.59,30.84930128,7.35941947,0.5384218792757011,0.128446100786876,0.1572209981829722,-0.0987982224921027,-0.4534691380734937,0.7400043606849803,-3.1173257134506964,1.3673020253760677,7.460124949294394e-16,-2.9272177364435103e-06,5.48416118656064e-18,2.867010227692531e-06
11.6,30.45702324,7.2983312,0.5315753358944312,0.1273799093410287,0.1513610894764807,-0.091484484227671,-0.5859908706490641,0.7313738264430611,-2.9795958339904285,1.3979324899610086,8.104054323966379e-11,-1.543291382819479e-06,7.199145037556819e-14,1.5203669221242063e-06
11.61,29.9834753,7.29517545,0.5233103651753945,0.1273248311131589,0.1442059557782186,-0.0842135618747435,-0.7155133698263518,0.727092235292891,-2.840274880375028,1.4295053526215646,9.464471216165124e-07,-1.08910554385105e-06,9.264926353012216e-09,1.0782901302623643e-06
11.620000000000001,29.42652577,7.34526705,0.5135897621094596,0.1281990944607509,0.1357888723688354,-0.076951775504966,-0.8417083409381843,0.7261786369776372,-2.701977825243401,1.4617707895762289,0.002237706083624,-9.69007606412952e-07,2.291206452922053e-05,9.632747301490437e-07
11.63,28.75632585,7.41270511,0.501892566858857,0.1293761106489084,0.1261064695112956,-0.0697182699049405,-0.9682402857538338,0.72335056000244,-2.5636605645825505,1.4940775999504885,1.5124363074741642,-7.598870207550105e-07,0.0200951702392519,7.576600119208113e-07
11.64,28.03261606,7.55400851,0.4892614481944403,0.131842320223171,0.1152492775672487,-0.0624516491450913,-1.0857191944049032,0.7266620759850645,-2.435445659565775,1.5270135765560915,6.42055949780788,-9.108320691593398e-07,0.1053342420013314,9.099624398743492e-07
11.65,27.18388371,7.68655455,0.4744482742187514,0.1341556850316511,0.1032066565024482,-0.0552110573876111,-1.204262106479863,0.7240591757479007,-2.3102773911739134,1.5597289407072434,6.499501831226526,-7.320866405864317e-07,0.1210662946215001,7.32041972597979e-07
11.66,26.31160107,7.90730889,0.4592240701427629,0.1380085751027181,0.0901213213708514,-0.0479154708015266,-1.308533513159941,0.7295586586085979,-2.1990022750849563,1.592712627005634,6.499991638354279,-1.0295720560256229e-06,0.1313095184122809,1.0293257220874976e-06
11.67,25.38080687,8.16019487,0.4429786466942964,0.1424222680858506,0.0760817151563474,-0.0405690669010231,-1.4039606214501716,0.7346403900502365,-2.096500842533119,1.6256410221866129,6.49999974098223,-1.4116056820163154e-06,0.1394913573371477,1.4094910268624994e-06
11.68,24.42134,8.45369895,0.426232790748992,0.1475448806498875,0.0612180636945096,-0.0331642671104751,-1.4863651461840788,0.7404799790549464,-2.003286931006184,1.658434379305984,6.499999984574625,-2.0433203770585064e-06,0.1461340721240875,2.035507016136827e-06
11.69,23.45082803,8.7878251,0.4092941614424755,0.1533764820843999,0.0456807204957046,-0.0256945706208185,-1.5537343198802616,0.7469696489655441,-1.9180835837814036,1.6910102641630729,6.499999998283299,-3.096708520390923e-06,0.1514911136959927,3.0744384650920456e-06
11.700000000000001,22.46086797,9.13164192,0.3920160989322349,0.1593772176171366,0.0296004892066255,-0.0181976799052564,-1.6080231289082283,0.7496890715563538,-1.838402303318585,1.7235524574482517,6.499999999687666,-3.659042811056657e-06,0.1557378695753876,3.616580190672141e-06
11.71,21.52467744,9.54637606,0.3756764917577442,0.1666156938805637,0.0132054531003998,-0.0106231314779941,-1.6395036106223144,0.7574548427261162,-1.7647681552822756,1.7553604126960618,6.499999999880713,-6.065765964200131e-06,0.1588580771112629,5.963083682913519e-06
11.72,20.57264015,9.92859944,0.3590603064454801,0.1732867503396651,-0.0033916689114092,-0.0030694142180895,-1.659712201180651,0.7553717259903392,-1.6930941843090903,1.7877877346628512,6.499999999935252,-5.261729540322905e-06,0.1610273347379311,5.138722215874695e-06
11.73,19.62240014,10.29134098,0.3424754895867962,0.1796177845464198,-0.0200607375178489,0.0043910768126087,-1.6669068606442967,0.7460491030699756,-1.6227483349253642,1.82065097188294,6.499999999948027,-2.829175669631015e-06,0.1622317404959417,2.7415804142227494e-06
11.74,18.70868307,10.64731539,0.3265281182836207,0.1858307100537641,-0.0366321943255537,0.0117099793361117,-1.6571456807702258,0.7318902523501862,-1.5528688604950622,1.8537006187079847,6.499999999930885,-1.0914163117926471e-06,0.16246799730957,1.0481479162800775e-06
11.75,17.80897255,10.96894723,0.3108252073947904,0.1914442446410117,-0.0529828240050984,0.0188051549222806,-1.6350629679547888,0.7095175586170308,-1.4820963207775664,1.8875581573717952,6.499999999866711,-2.33719531200844e-07,0.1617211223324979,2.221202874351896e-07
11.76,16.92640122,11.25145698,0.295421431802585,0.1963749699474977,-0.0689963222644051,0.0255957262390446,-1.6013498259304226,0.6790571316763014,-1.4095081094306146,1.9223652333260977,6.499999999629775,-2.652429820980421e-08,0.1599600053843822,2.490545940181593e-08
11.77,16.02474946,11.46019211,0.2796846398841833,0.2000180852305761,-0.0846194656154456,0.0319608466654153,-1.562314335104359,0.6365120426371871,-1.3350852452384534,1.9592040563314637,6.499999998762094,-1.0729629722461901e-09,0.1571926113712266,9.931936522664303e-10
11.78,15.12121172,11.60844239,0.2639149314051549,0.2026055407335796,-0.0997813682731866,0.037810549336285,-1.516190265773869,0.5849702670868874,-1.2583056346249102,1.997756357523533,6.499999994650588,-1.640096820335531e-11,0.153446404870653,1.4930980844256975e-11
11.790000000000001,14.21591532,11.71609663,0.2481145285187033,0.2044844616753118,-0.1144196621025878,0.0430930623829653,-1.4638293829398854,0.5282513046679399,-1.1789800540294726,2.0373621476521397,6.499999970334146,-1.0640358287887417e-13,0.1487851915819248,9.50454584038195e-14
11.8,13.3063551,11.79583063,0.2322397079345393,0.2058760825010969,-0.1284839592705439,0.047782030387886,-1.406429716795895,0.4688968004921637,-1.0972178924689986,2.0774996573275804,6.499999792615841,-3.012596009372361e-16,0.1432989547390586,2.6344205820174643e-16
11.81,12.39534494,11.8703503,0.2163395811234189,0.2071766961000966,-0.1419276480535915,0.0518886311386549,-1.344368878304545,0.4106600750768335,-1.0130505392366025,2.1170107172734274,6.499998152220841,-4.560477077574471e-19,0.1370362843444402,3.8973434173996457e-19
11.82,11.49453424,11.97331375,0.2006174684712241,0.2089737473118092,-0.1546953357240498,0.0554737560192401,-1.2767687670460812,0.3585124880585875,-0.9259459957600308,2.1538984046128893,6.499977660654578,-6.237567803834427e-22,0.1298827537164605,5.207255496472084e-22
11.83,10.6159814,12.13914305,0.1852838287604771,0.2118680145930866,-0.1667233547821838,0.0586446842613504,-1.2028019058132149,0.3170928242109777,-0.8351700016493979,2.185866911541931,6.499605039868354,-1.7274109027422567e-24,0.1214546611047314,1.410886521132063e-24
11.84,9.78239547,12.4081241,0.1707350096836782,0.2165626195410581,-0.1779257288744141,0.0615588253390895,-1.120237409223258,0.2914141077739709,-0.7388124281980667,2.210245198044372,6.488084367191734,-3.254111091482611e-26,0.1106183012962224,2.611194046162446e-26
11.85,9.00960008,12.81631071,0.1572471856839445,0.2236868198481121,-0.1882063598283566,0.0644127654389602,-1.0280630953940886,0.2853940099870262,-0.6353065936342716,2.225021742221874,5.856246613766896,-1.3322886461150494e-26,0.086653423995873,1.0571809865616784e-26
11.86,8.32296943,13.3899702,0.1452632200963357,0.2336990667339236,-0.1974469321242581,0.0674242033943326,-0.924057229590334,0.3011437955372927,-0.5218805595548193,2.2296485725310435,0.361204480515318,-1.917208752112368e-25,0.0042703393924656,1.5158949877651488e-25
11.870000000000001,7.71235203,14.13293178,0.1346059359963685,0.2466661925207428,-0.2055600141373881,0.0707975833734106,-0.811308201312864,0.3373379979077537,-0.4003122148594636,2.2259149585973765,0.0008865114120307,-4.832448288018029e-23,8.831917886537957e-06,3.8319506429131337e-23
11.88,7.28554211,15.12069142,0.1271566976121949,0.2639058504570568,-0.2123195326126588,0.0748236567299752,-0.6759518475269675,0.4026073356563986,-0.2570714507787806,2.2120688694217585,2.1394417039433445e-07,-2.664852466098984e-19,1.8576310202447387e-09,2.1354465895784816e-19
11.89,6.96652706,16.2785308,0.1215888346262805,0.2841139598473065,-0.2176348073704584,0.079661475071723,-0.5315274757800694,0.4837818341748739,-0.1053271064569195,2.196033314396882,5.915923585789245e-12,-2.167005650875362e-15,-2.9341594412377615e-15,1.7571047416764845e-15
11.9,6.7840078,17.60723395,0.1184032725909769,0.3073042045964266,-0.2213913414719317,0.0854530748370682,-0.3756534101472665,0.579159976534428,0.054606804319148,2.1797624091521004,6.153997661412647e-18,-1.5369830045491428e-11,-2.8917512490567983e-19,1.2607521592636163e-11
11.91,6.73061758,19.0698049,0.1174714374636128,0.332830883217948,-0.2235047991195948,0.0922713109818541,-0.2113457647663578,0.6818236144787212,0.2156469455266572,2.166290715317748,1.6317392161265544e-25,-4.938111480358887e-08,-3.481826535832614e-26,4.0883723469883936e-08
11.92,6.79733108,20.62967069,0.118635807694142,0.3600556771426704,-0.2239214861819074,0.100125496218176,-0.0416687062312533,0.7854185236320692,0.3706352779019938,2.1573193546266203,4.867526779464887e-32,-5.533425737659725e-05,-1.760109454516152e-32,4.608954837045822e-05
11.93,6.96071499,22.23663144,0.1214873948684241,0.3881024331804879,-0.2226366985353079,0.1089474098491427,0.1284787646599816,0.8821913630968521,0.5126623140536414,2.154150894673468,2.0590204865451779e-29,-0.0179552505283022,-1.0108487371046597e-29,0.0149869276202745
11.94,7.20232102,23.84973668,0.1257042155845963,0.4162564307996612,-0.2196836889198704,0.1186107628125742,0.2953009615437051,0.966335296342992,0.6387960896719302,2.1570630604087677,1.2837402657412125e-21,-1.3505434172262738,-7.654221786714036e-22,1.1250996382804643
11.950000000000001,7.48919776,25.42215101,0.130711159244984,0.4437002380637019,-0.2151509647795102,0.1289284048868274,0.453272414036103,1.0317642074255255,0.7475232537514945,2.1663256679713583,6.870210095272105e-15,-5.691013545673163,-4.6695532968793086e-15,4.711604941387731
11.96,7.79646795,26.91881773,0.1360740357537126,0.4698220001327259,-0.2091657269215023,0.1396747637649791,0.5985237858006955,1.0746358878150049,0.8401916279618635,2.1817665674682702,8.280415832278501e-10,-6.385126878438269,-6.16622601254491e-10,5.230230370212216
11.97,8.09535611,28.30662119,0.1412906182409402,0.4940437398802954,-0.2018954089892947,0.1505930707569693,0.7270317932206534,1.0918306991988491,0.9185930303200666,2.203334878126266,4.979066697253416e-06,-6.450203458194803,-3.957056881783761e-06,5.202356728755644
11.98,8.36245799,29.57702731,0.145952425485207,0.5162165095117816,-0.1935356545983223,0.1614337738212502,0.8359754390974053,1.0840703064283022,0.9849782715031548,2.2303793560727634,0.0030848864078594,-6.434310998741377,-0.0025706987021459,5.084583487518701
11.99,8.58015433,30.70045594,0.149751943387748,0.5358240380164507,-0.1842985010884356,0.1719263044704398,0.923715350988527,1.049253064918795,1.0415371256441222,2.2633159519241763,0.3107233356602812,-6.210625034928066,-0.2682435338968284,4.779600331760046
12.0,8.70262788,31.66795165,0.1518895100818539,0.5527100236548709,-0.1744497011672964,0.1818112795537043,0.9848799921141116,0.9884975083266464,1.088651482611587,2.302050548624836,3.2671114324564443,-3.659392611245991,-2.895095715491739,2.7234724647943738
12.01,8.74956956,32.47626692,0.1527087969542715,0.5668177865105178,-0.1642095145547568,0.19084928020968,1.0240186612537958,0.9038000655974296,1.1293612764915333,2.34652743707465,5.594831696365252,-0.1207899203791909,-5.059300071890717,0.0862172479786533
12.02,8.70694828,33.12205128,0.1519649152868571,0.5780888498504023,-0.1538028669956516,0.1988206978584973,1.0406647559107352,0.7971417648818927,1.1644477335338688,2.3969160894536907,6.02182774084264,-0.0003506839095921,-5.5323348285080165,0.0002376203490135
12.030000000000001,8.56973968,33.60509,0.1495701734548052,0.5865194659290212,-0.1434446821601808,0.2055299664432966,1.0358184835469149,0.6709268584798234,1.1947090666126312,2.4534354901759152,5.871485934188122,-1.3199056438097076e-07,-5.461942524659202,8.381616574698573e-08
12.040000000000001,8.34709254,33.92892971,0.1456842477916564,0.5921715351172249,-0.1333191249085548,0.2108101649605837,1.0125557251624422,0.5280198517286263,1.2211195724259665,2.516268006714645,4.819479181552657,-3.5582677919490813e-12,-4.52846494550203,2.0830824563068627e-12
12.05,8.05622978,34.109942,0.1406077349582184,0.5953307955642996,-0.12356939442948,0.2145396839527937,0.974973047907669,0.3729518992210766,1.2446318578881563,2.5849730339223598,1.920668616774771,-3.1569672088959808e-18,-1.819649038379424,1.6689126807043807e-18
12.06,7.7208785,34.14974947,0.134754750971441,0.5960255669826886,-0.1142908436751913,0.2166188601685808,0.9278550754287248,0.2079176215786801,1.2662139278279927,2.6598975189693315,0.2166201477700355,-4.869387006210071e-26,-0.2066749446315302,2.258027677463633e-26
12.07,7.35166742,34.05373385,0.1283108019905968,0.5943497782803449,-0.1055528299685602,0.216974113036156,0.8738013706632828,0.0355252867575249,1.286267454571497,2.7411565953557684,0.0109673499246007,-8.327932979797436e-33,-0.010527578449113,3.245199076527655e-33
12.08,6.97722281,33.83630108,0.1217755106797507,0.5905548605421133,-0.0973747752523181,0.2155689128230598,0.8178054716240819,-0.1405200213095983,1.305755371653669,2.8715210527183004,0.0003964919611556,-2.1724983595243997e-29,-0.0003826860590251,5.76081692854876e-30
12.09,6.62173944,33.51220532,0.1155711554371655,0.5848983224383599,-0.0897363879372876,0.2124015500228169,0.7638387315032074,-0.3167362800243564,1.3254925164067597,3.007455906389683,1.2936657953263484e-05,-7.581113647027732e-21,-1.2550516942802406e-05,1.0322299831069466e-21
12.1,6.30369286,33.08646539,0.1100201954414579,0.5774677589026498,-0.0825891582827129,0.2074888186608476,0.7147229654573574,-0.4912731361968551,1.3461142679389333,-3.1319868105801287,4.6112259398301225e-07,-1.449398067052897e-13,-4.495676884874086e-07,-5.740149873261599e-16
12.11,6.04038995,32.57182094,0.1054246927318756,0.5684855187730344,-0.0758606493767989,0.2008751924840955,0.6728508905915301,-0.6613626176753412,1.3682004973088755,-2.9848293910590407,2.2181864718408323e-08,-6.20814053699287e-08,-2.172963266891724e-08,-2.5146344400854828e-11
12.120000000000001,5.85124307,31.98279822,0.102123456906001,0.5582051329399818,-0.0694539542290108,0.1926328263263515,0.6406695147787187,-0.8242366157742669,1.3923220407699202,-2.839335156087877,1.8684100313473317e-09,-0.0015588740948351,-1.8388294736892934e-09,-1.5278136718445828e-05
12.13,5.73449971,31.3149004,0.1000859008941599,0.5465481169140893,-0.0632804253897981,0.1828324078182104,0.6173528839211676,-0.9800418508139612,1.4183091670603707,-2.6979163196775477,2.8383685110854445e-10,-3.0023070765019604,-2.8055453936797837e-10,-0.0308922667949511
12.14,5.68339938,30.57279519,0.0991940318868043,0.5335959376033854,-0.0572667231209902,0.1715555936433075,0.6013702268809127,-1.127681417490511,1.4457888188248085,-2.5633309032370017,7.379423574001633e-11,-6.49099317427468,-7.322042275544617e-11,-0.0863009830959812
12.15,5.72262024,29.75863717,0.0998785650292681,0.5193861995228676,-0.051309414446355,0.1588901235205402,0.5957308674634293,-1.2665470122765328,1.475016960667531,-2.437005448569479,4.4224454924689377e-11,-6.499967468633588,-4.402248937283072e-11,-0.1064281966133485
12.16,5.82940212,28.88228566,0.1017422604167375,0.5040909802685435,-0.045345514046144,0.1449395095100363,0.5963900400212135,-1.3950614010506623,1.5051737800432314,-2.320048686424606,4.4876485814575367e-11,-6.499999707126812,-4.478024866058432e-11,-0.1200833533090072
12.17,6.01649316,27.94605567,0.105007615065718,0.4877506843871299,-0.0392991856388951,0.1298106219635956,0.6046328407247925,-1.5128887546438397,1.5360857727530874,-2.211991108564731,8.575731205038053e-11,-6.499999994467486,-8.570584782240767e-11,-0.1301991692863069
12.18,6.25653604,26.95631612,0.1091971536676876,0.4704764705024228,-0.0331402591485173,0.1136183901102601,0.6158926490379029,-1.6192231853338652,1.567147559878416,-2.112204242272209,2.0871558483220048e-10,-6.499999999803098,-2.087142006470049e-10,-0.1382991570129365
12.19,6.53402413,25.91572367,0.1140402344732579,0.4523147060785283,-0.0268638807009297,0.096479264825476,0.6276378447586659,-1.7139125284781411,1.598120849549315,-2.0195526237913244,5.226869809436108e-10,-6.499999999988002,-5.224925918661212e-10,-0.1450298490929721
12.200000000000001,6.84587588,24.83750932,0.1194830742888642,0.4334963156287779,-0.0204708411093425,0.0785250778401982,0.6393039591588499,-1.7954186985281415,1.6289343931017175,-1.9333197498177743,1.2864992896355488e-09,-6.499999999998787,-1.284333698804688e-09,-0.1505898223793214
12.21,7.17897696,23.73455163,0.1252967848768132,0.4142460724280869,-0.0139813551351371,0.0599004857754955,0.648948597420436,-1.8624592064699768,1.659603191927093,-1.8525294592836183,2.682049353653349e-09,-6.499999999999802,-2.6715183538887123e-09,-0.1550462984420866
12.22,7.53446368,22.64077748,0.1315011985879284,0.3951561122373846,-0.0074131148506157,0.0407903181841591,0.6568240284520385,-1.911016759133345,1.690130550552637,-1.7766130683820398,4.86124927110453e-09,-6.499999999999944,-4.826798764195985e-09,-0.1584140817609673
12.23,7.83306156,21.48223978,0.1367127147334033,0.3749358148639023,-0.000895499138887,0.021265063651731,0.6517615711729946,-1.9525254532431997,1.7215217179914393,-1.702579590977895,3.291329517855402e-09,-6.4999999999999805,-3.2541413381168194e-09,-0.160793170888278
12.24,8.16983905,20.39361699,0.1425905907805056,0.3559357628661555,0.0055878260098245,0.0015798799599488,0.6483325148710635,-1.968518369177908,1.7524771368028556,-1.631697237900417,2.532852966385862e-09,-6.499999999999987,-2.4913025138388254e-09,-0.1621316509426568
12.25,8.42707695,19.26962946,0.1470802390964215,0.3363184797162969,0.0118849634052746,-0.018175703479472,0.6297137395451329,-1.9755583439424864,1.7853587537308506,-1.561415301357541,5.942082202176794e-10,-6.499999999999989,-5.806252265878029e-10,-0.1624912354883692
12.26,8.67101918,18.1911388,0.1513378341945788,0.3174952667472903,0.017951552369975,-0.0378061189153603,0.6066588964699464,-1.9630415435885245,1.8188563778754343,-1.491289551245527,9.324909847656368e-11,-6.499999999999986,-9.040311973553115e-11,-0.1618734634771625
12.27,8.92524289,17.17422554,0.155774874970714,0.2997467821531011,0.0237817543212583,-0.0571096214538931,0.5830201951284399,-1.9303502538536568,1.85231224222786,-1.4198809332951832,1.3035976107229164e-11,-6.499999999999967,-1.252420584128489e-11,-0.160270765025457
12.280000000000001,9.10384913,16.1717359,0.1588921419233213,0.2822500372179685,0.0292498605295619,-0.0759680697726446,0.5468106208302798,-1.8858448318748604,1.888740194118265,-1.34658807203486,5.442306186429716e-13,-6.499999999999895,-5.170205646740877e-13,-0.15767938245252
12.290000000000001,9.29832799,15.24042236,0.1622864383558463,0.2659955495765645,0.0343725200635771,-0.0941964441976852,0.5122659534014352,-1.8228374425037717,1.924760198822335,-1.2695084593365806,2.1700066599147165e-14,-6.499999999999442,-2.0357720657189385e-14,-0.1540436599648675
12.3,9.49418668,14.3683853,0.1657048173649892,0.2507756316801532,0.0391467018437484,-0.1116448974528876,0.4774181780172276,-1.7448453255205847,1.9608852539686896,-1.1876351182746376,6.770419479963526e-16,-6.499999999995207,-6.262755218748645e-16,-0.1493279178870368
12.31,9.71627733,13.56958915,0.1695810304453836,0.2368340088103987,0.0436071104279839,-0.1281609357827045,0.4460408584234795,-1.6516038329814324,1.995679476285008,-1.099231270753103,2.426202070380885e-17,-6.499999999928807,-2.210828430187173e-17,-0.1434413723505394
12.32,9.99334443,12.85611473,0.174416763589336,0.2243815310526418,0.0478283851102086,-0.1435932412285032,0.4221274682225558,-1.5432305445801753,2.027199912492025,-1.0022637812101438,1.6733604924694594e-18,-6.499999998014926,-1.502312902437605e-18,-0.1361897654758707
12.33,10.35616723,12.23681274,0.1807492160506409,0.2135726722629888,0.0519242149857858,-0.157797056759753,0.409582987557657,-1.420381553124764,2.05326715962128,-0.8945480176249934,4.0097328567105483e-19,-6.499999885321996,-3.5525503879342145e-19,-0.1271026478961359
12.34,10.82937489,11.72891007,0.1890082477632987,0.2047080983918185,0.0560346615607645,-0.1706229553845578,0.4110446574979511,-1.2825898624807373,2.072355369571568,-0.7730545495926223,5.096632387091888e-19,-6.499983478103625,-4.469523198059434e-19,-0.1148610016215195
12.35,11.44532086,11.33986982,0.1997585329541889,0.1979180651065367,0.0603340050913275,-0.1819317727464612,0.4299343530562279,-1.1308817361901544,2.0830685630827523,-0.6354192629260883,4.9517718949781726e-18,-6.4926862654949495,-4.316704321871749e-18,-0.096089005742761
12.36,12.2158702,11.07715971,0.2132071559862582,0.1933329087087602,0.0649977425094618,-0.1915946947826499,0.4663737418135317,-0.9662922036190632,2.086295264550041,-0.4801128683613706,2.8739837932998596e-16,-2.0847407152767827,-2.5008299133228107e-16,-0.0227010409979122
12.370000000000001,13.14676494,10.94056011,0.2294543341887547,0.190948795931853,0.0701926341223289,-0.1995039717725217,0.5194891612866244,-0.7909276989870607,2.08387971523488,-0.3085065810548208,6.140069836680314e-14,-0.0002451614796705,-5.3501565494626536e-14,-2.4192759158485583e-06
12.38,14.22714468,10.91856505,0.248310517823595,0.1905649097156793,0.0760527783135259,-0.2055876459897257,0.5860144191196056,-0.6083674217203009,2.078674594888501,-0.1267278481360649,2.4528647862816247e-11,-1.5677596893104267e-09,-2.1435515832607307e-11,1.9141743968064376e-12
12.39,15.44885508,11.0031346,0.269633386809452,0.1920409268101092,0.0826852125649427,-0.2098023515629226,0.6632434251418102,-0.4214705573197786,2.0727712347885663,0.0566424978092635,1.158802340417042e-08,-2.8498702531989223e-16,-1.0159868316109108e-08,1.4042973998242888e-17
12.4,16.76460096,11.16332826,0.2925974845350022,0.1948368336179296,0.0901159546886489,-0.2121631723764442,0.7430742123705041,-0.23608208135212,2.0694263670580435,0.229625741156486,3.3346052915074566e-06,-7.831049601893474e-25,-2.928990856809104e-06,1.7743256957354347e-25
12.41,18.14614904,11.37596168,0.3167100473056082,0.1985479868967055,0.0983234176607496,-0.2127280977051905,0.8207462972102365,-0.0564925328746414,2.06971973622678,0.3845968666430771,0.000476474413832,-8.791417032627275e-33,-0.000418450126706,3.295078138566273e-33
12.42,19.54824953,11.60864944,0.341181317299934,0.2026091544377959,0.1072183034711886,-0.2116070212181632,0.889488581043765,0.112107648702713,2.07490444396192,0.5174322163860771,0.0265932277804773,-5.962474679519774e-31,-0.0232883929245331,2.9519072045694825e-31
12.43,20.92710378,11.82994647,0.365246863867551,0.2064715162361806,0.116651731159332,-0.2089555803293234,0.9433427688145218,0.2651440888840284,2.0857016251802083,0.6280311064595283,0.4765289343122145,-1.7064302447419886e-23,-0.4147966548317943,1.0027035260494148e-23
12.44,22.24379604,12.01002315,0.3882274790400762,0.2096144472082408,0.1264279577173293,-0.2049682527084873,0.9776226557995772,0.3987327620835494,2.1025221485082035,0.7184436664906655,2.132450843153882,-2.47060888182838e-17,-1.838253079850572,1.6258640122359318e-17
12.450000000000001,23.46000824,12.1142027,0.4094543863330001,0.2114327233689868,0.1363103140201905,-0.1998807404961831,0.9882356302863212,0.5087512212305175,2.125906681194835,0.7908408831996953,3.0543657320193485,-4.973998247273595e-13,-2.5959953705471626,3.53557639811455e-13
12.46,24.5686555,12.14295609,0.4288039312632137,0.2119345646955968,0.1460703441979436,-0.1939162904108725,0.976003017775154,0.5964450085309669,2.155382761775833,0.8496003124373088,2.2137957149876137,-4.812791794771685e-10,-1.846309710518372,3.6140731404737453e-10
12.47,25.53752608,12.07899301,0.4457139129099208,0.2108181983498803,0.1554530822748425,-0.1873099518508956,0.9382738076897412,0.6606338559975883,2.1920116270273744,0.8966783460091347,0.4891385259256657,-4.47162006240914e-08,-0.3977655788262684,3.49333324754626e-08
12.48,26.38035713,11.91050705,0.4604240897704618,0.2078775636044968,0.1642460250671134,-0.1802985058339323,0.8792942792272719,0.7011446016964719,2.235091655188318,0.9336740299998671,0.0245670515906421,-6.287839886371633e-07,-0.0193423257421886,5.054279439319151e-07
12.49,27.08297485,11.64493981,0.4726870823673174,0.2032425408810629,0.1722375996105469,-0.1730920532218653,0.7991574543432189,0.7206452612065883,2.2856346533568064,0.9626144054052628,0.0002738299599069,-2.032190695831941e-06,-0.000206774448357,1.667872434887751e-06
12.5,27.66180999,11.29273181,0.4827896613865597,0.1970953516291987,0.1792618923020616,-0.1658706359346938,0.702429269151612,0.7221417287172898,2.343274655504996,0.9850032519278126,6.73120686234816e-07,-2.005655452895835e-06,-4.819910184493817e-07,1.671381304036865e-06
12.51,28.12371122,10.86765544,0.4908513586690713,0.189676369400273,0.1851825060424963,-0.1587808569296444,0.5920613740433779,0.7089779005048343,2.408268656164948,1.0020572074525993,2.7836503583737846e-10,-7.514553883146944e-07,-1.8628278976704554e-10,6.332187757828015e-07
12.52,28.4799777,10.38767947,0.4970693817595618,0.1812992083933195,0.1898974038948614,-0.1519317788747622,0.4714897852366084,0.6849078054883581,2.480576399753585,1.0149292341506242,1.3143114368199008e-14,-1.3063387142175053e-07,-8.068199827620341e-15,1.1097736218716729e-07
12.530000000000001,28.74484414,9.86788165,0.5016921732155979,0.1722270249896307,0.1933409775341598,-0.1454012403602498,0.3443573639297775,0.6530538514511331,2.559751976208151,1.024446191438906,4.3494456605776136e-20,-1.2180668747790408e-08,-2.3912903919004762e-20,1.0408631649263023e-08
12.540000000000001,28.9266239,9.32825746,0.5048648285410829,0.1628088061507232,0.1954731520129457,-0.1392310063585584,0.2132174478785581,0.6170234001690401,2.645518786106009,1.031680463944749,7.539517654556136e-27,-7.365675930717844e-10,-3.59201025527523e-27,6.321681132546443e-10
12.55,29.09093469,8.82380848,0.507732592823136,0.1540045105413962,0.196358769493119,-0.1333806960589569,0.0885617480173471,0.5850310299602727,2.7316568897690807,1.0399478067051733,2.9912386921588517e-33,-5.2727294424855366e-11,-1.1921021339708153e-33,4.5476384307339565e-11
12.56,29.04704442,8.22214102,0.5069665631020466,0.1435034323622849,0.1957954889380749,-0.1279951611921966,-0.0563280555043977,0.5385534866759403,2.8375339667264057,1.0408864008889342,1.8467059937904186e-34,-9.352632544966954e-13,-5.500444220449923e-35,8.070931118359436e-13
12.57,29.07334512,7.7357034,0.5074255969126259,0.1350134942877199,0.1940014329847443,-0.1229092785040115,-0.179405595333101,0.5085882688186104,2.863785197084675,1.048015787560357,8.182087119329254e-29,-5.5912499867212094e-14,-2.2304260444994602e-29,4.8450665465688017e-14
12.58,28.89446996,7.18222137,0.5043036364205943,0.1253534105135978,0.1907951218374418,-0.1182225827598566,-0.3206311147301992,0.4686695744154176,2.9787609329791667,1.0494881323897811,2.537740740367983e-21,-1.0617541661333874e-15,-4.163421797833517e-22,9.208376570279606e-16
12.59,28.69340603,6.67031219,0.5007944088350949,0.1164189098514135,0.1862784629791396,-0.1138730451103156,-0.4516658858303029,0.4349537649541926,3.092587317577927,1.0525436118181275,1.8167823157962185e-15,-2.850074783557312e-17,-7.416109467986282e-17,2.476142142755369e-17
12.6,28.41950427,6.17943726,0.4960139212960875,0.1078515261074169,0.180482097210053,-0.1098299427020164,-0.5796365769085692,0.4043102408298491,-3.072564628567267,1.0559416086864748,9.449154212694272e-11,-8.349476945838192e-19,4.630726414453698e-13,7.268046227105223e-19
12.61,28.06944196,5.70300799,0.4899041813994504,0.0995362666930438,0.1734380377735909,-0.1060721659836627,-0.7044059436463509,0.3757776718354489,-2.9511323538579526,1.059305269630634,6.967828097385867e-07,-2.4650336590070566e-20,2.710006549754475e-09,2.149835973568879e-20
12.620000000000001,27.65218332,5.25913945,0.4826216442990567,0.0917892992240237,0.1651967618115612,-0.1025532475948508,-0.8241275962028438,0.3518918388811317,-2.8289826573162045,1.0641267297465289,0.0010971839223317,-1.0434072880124164e-21,1.0866198766725634e-05,9.124439985717653e-22
12.63,27.13818279,4.80397234,0.4736506426935608,0.0838451345077364,0.1557708435056138,-0.0992898418178436,-0.9425918305945938,0.3263405777006737,-2.7037468379747462,1.0671007294915935,0.6017886417280455,-2.86875294589008e-23,0.0061492501031606,2.512814845573019e-23
12.64,26.5777475,4.4051533,0.4638692016386916,0.0768844291400935,0.1452510601611209,-0.0962015845211694,-1.0519783344494948,0.3088257296674838,-2.5835897449666225,1.0736693953709804,6.193416439060532,-2.0142777411075807e-24,0.0789810874979516,1.7707125496171574e-24
12.65,25.95911067,4.04373088,0.4530719520810912,0.0705764179205677,0.1337115301459104,-0.0932397354823783,-1.1539530015208743,0.2961849038790565,-2.467598877403862,1.0825248936702905,6.496382075194252,-2.612133209445211e-25,0.1020925275761409,2.3072274704342847e-25
12.66,25.29995331,3.73616156,0.4415674858603376,0.0652083206084476,0.121252288793552,-0.0903357638654591,-1.2459241352360868,0.2903971616919793,-2.35795610798526,1.0950928608302155,6.499913705866179,-9.234374442766208e-26,0.1160454034266494,8.210317765810233e-26
12.67,24.58275486,3.4516111,0.4290500115176377,0.0602419781933832,0.1079466764565171,-0.0874690913681197,-1.3305612337032815,0.2866672497338972,-2.2525620503213357,1.108885819558327,6.499996533092077,-4.449609761167497e-26,0.1266008218952764,3.9839135260193984e-26
12.68,23.87711349,3.26663941,0.4167342462728541,0.0570136131799049,0.0939663969934452,-0.0845141847356578,-1.398027946307464,0.2954906632462483,-2.1568161072059064,1.1298397647269456,6.499999692261883,-1.562466368704847e-25,0.1347950836135449,1.4132280304767423e-25
12.69,23.1284262,3.09472174,0.4036671879945205,0.0540130837960479,0.0793965160513496,-0.0814763301539638,-1.456988094209338,0.3037854581693572,-2.0645222706688253,1.1509477678080098,6.499999959456664,-4.959692413455323e-25,0.1418546339167988,4.529657946902863e-25
12.700000000000001,22.39812611,2.98948296,0.3909210468964096,0.0521763205842659,0.0644062458525732,-0.0782864586032094,-1.499027019877934,0.3189871550754948,-1.9787220432747892,1.1759638663528016,6.499999989944218,-4.331070796537272e-24,0.1477546165404038,3.998460158734433e-24
12.71,21.69282019,2.94397755,0.3786111363586019,0.0513821013522959,0.0491633562601205,-0.0748916741577366,-1.5242889592450324,0.3394784445472265,-1.8975536083152025,1.2038838710147226,6.499999995551031,-7.404111841192528e-23,0.1526626505391231,6.912311850642384e-23
12.72,21.02811295,2.95418856,0.3670098064587577,0.05156031709675,0.0338459148314544,-0.0712502384642052,-1.5317441428663745,0.3641435693530925,-1.8196288382817831,1.2339448720863555,6.499999996465711,-1.925124854438455e-21,0.1566124891671583,1.8171821438164687e-21
12.73,20.40767451,2.99982891,0.3561811128748204,0.0523568914760126,0.0186233656288862,-0.0673535414915821,-1.522254920257123,0.389669697262386,-1.7429475435937016,1.2645928984743209,6.499999995136834,-4.6491358718835983e-20,0.159614207082226,4.433427663414148e-20
12.74,19.81985678,3.04274972,0.3459217580847213,0.0531060009281355,0.0036344107337241,-0.0632483046960395,-1.498895489515974,0.4105236795541946,-1.6652324912463037,1.293818880758157,6.499999989424963,-5.426644872946248e-19,0.1616178375086596,5.220380420489193e-19
12.75,19.28034142,3.07590894,0.3365054386876389,0.0536847384945287,-0.0109727309669833,-0.0589886722834998,-1.4607141700710344,0.4259632412540564,-1.5849335721322817,1.3215920645759254,6.499999961625866,-3.0744374672148797e-18,0.1624800960161854,2.9797412973868105e-18
12.76,18.80090589,3.10341077,0.3281377101380948,0.0541647359783524,-0.0250476176633124,-0.0546198001946123,-1.4074886696326956,0.4368872088886786,-1.4997981755664307,1.3483568243579849,6.499999756089765,-9.994679006839334e-18,0.1619998899941343,9.749187398805964e-18
12.77,18.35450358,3.06381373,0.3203465200400864,0.0534736372563085,-0.0384937311847315,-0.0502692456051172,-1.34461135214218,0.4350554589495963,-1.407409327028124,1.3720444376950802,6.49999763310066,-7.658479361737509e-18,0.1598947501303909,7.508194747850966e-18
12.780000000000001,17.96025924,2.98289385,0.3134656582497344,0.0520613189199898,-0.0511993923556795,-0.0460185287505785,-1.2705661170945937,0.4250716854538061,-1.3048087101840462,1.3939476246768323,6.499960605893304,-2.3042760210336197e-18,0.1558143423989366,2.268454937987911e-18
12.790000000000001,17.61614094,2.84988078,0.3074596608983688,0.0497398029003041,-0.0630696882490562,-0.0419569942722169,-1.1870295893374925,0.4061534478360936,-1.1886143394845334,1.4138820711751907,6.498854086404668,-2.3050048208871414e-19,0.1493624908625973,2.2767820580932724e-19
12.8,17.32106412,2.70739123,0.3023095988430542,0.047252891103119,-0.074024408399596,-0.038106550986116,-1.0954720150541983,0.3850443286101647,-1.055148835933067,1.4332103243190768,6.439834551713982,-1.564133615042977e-20,0.1389457804874408,1.549403775651762e-20
12.81,17.06260256,2.54453867,0.2977985936312133,0.0444105777358174,-0.0840134403758011,-0.0345011356528769,-0.998903197620351,0.3605415333238512,-0.9024987604762827,1.4516234318490184,3.44695440049016,-5.74973096382152e-22,0.0677822515529919,5.709093989193166e-22
12.82,16.8332377,2.40121234,0.2937954216358375,0.0419090613725175,-0.0930077164351603,-0.0311151179267707,-0.8994276059360983,0.3386017726106909,-0.7311010888231929,1.4701331373529292,0.0420617723021246,-2.4472186826074622e-23,0.0007109401237156,2.4348746783031306e-23
12.83,16.63145017,2.30584235,0.2902735648478706,0.0402445410394234,-0.100989210630046,-0.0278841254036219,-0.7981494194884463,0.3230992523148271,-0.5444376165085849,1.489367065064504,0.0001229025685131,-2.2923316029718622e-24,1.5233713054477174e-06,2.284763516241828e-24
12.84,16.45271,2.29837273,0.2871539603757962,0.0401141715765506,-0.1079544227666931,-0.0246926024647208,-0.6965212136648509,0.3191522938901712,-0.3508290294535536,1.5100465538405858,1.649547016834411e-07,-1.1956675683629081e-24,1.6499842515161534e-09,1.1934700318610627e-24
12.85,16.29757152,2.41194979,0.2844462831032569,0.0420964652282858,-0.1139060298074692,-0.0213880809420786,-0.5951607040775159,0.3304521522641754,-0.160040258373121,1.5324711243810083,8.614092674210567e-11,-6.512245601612962e-24,6.056236931258345e-14,6.5074812594195065e-24
12.86,16.16885083,2.67495285,0.2821996832473179,0.046686734568106,-0.1188491688279627,-0.0177917300669216,-0.4943139020494451,0.3596350875157723,0.0195593547004269,1.5565107105284215,1.3280792785088407e-14,-4.290979923058748e-22,-1.6882924704953036e-16,4.290543712896226e-22
12.870000000000001,16.0321989,3.06279286,0.2798146571396131,0.0534558197135737,-0.1228437702159337,-0.0137750202971196,-0.399460138797042,0.4016709769801379,0.174217711454207,1.5813610389509325,7.373730133977046e-19,-1.0451961664937325e-19,-1.2886116257783356e-19,1.0451380556387412e-19
12.88,15.95074964,3.66096853,0.2783930993793002,0.0638959546603968,-0.1258618352738751,-0.0091040056273077,-0.3018065057940916,0.4671014669811154,0.3176002577425224,1.606781659332707,3.4692601696132e-24,-1.9390927981431783e-16,-1.0785233185997224e-24,1.937842083798692e-16
12.89,15.95897788,4.47594656,0.2785367092589445,0.0781200046153139,-0.1278353165950663,-0.0035587460686369,-0.1973481321191549,0.5545259558671847,0.4544659350667399,1.6321153799378034,2.3917483551109237e-31,-1.0220084232765186e-12,-1.0507790258631353e-31,1.0200946980101482e-12
12.9,15.9369314,5.3654476,0.2781519255944694,0.0936447264632277,-0.1288781953909395,0.0028603745050423,-0.1042878795873007,0.6419120573678319,0.5623916725710308,1.6575463928201963,6.173402277413892e-39,-1.5378203606794655e-09,-3.293605262867808e-39,1.5320584583425963e-09
12.91,15.92932105,6.33544301,0.2780190999297403,0.11057434009696,-0.1290380975690697,0.0101555693251908,-0.0159902178130254,0.7295194820149998,0.6548394786951668,1.6829905485785823,3.2678900656283853e-44,-9.265350913878696e-07,-1.9901466876912221e-44,9.207305145140396e-07
12.92,15.93396266,7.34121983,0.2781001113068337,0.1281284571461984,-0.1283676768413946,0.0182612343486088,0.0670420727675014,0.8105665023416683,0.7346379836878036,1.7088251916524984,7.151143588756296e-42,-0.0001810686101328,-4.7925421203134966e-42,0.0001793524612705
12.93,15.94697679,8.33060706,0.2783272507246163,0.1453965218868848,-0.1269262547788993,0.0270394469988782,0.1441422062495543,0.8778212650271169,0.8040039513067967,1.7356166403579958,9.65651164344468e-36,-0.0098368775871995,-6.952830849126497e-36,0.0097040145133121
12.94,15.96127825,9.25072369,0.2785768582894586,0.1614555865827392,-0.1247834174046226,0.0362856257005922,0.2142837374276394,0.924617870171254,0.86445661774175,1.76406362660219,3.4099416010070816e-30,-0.131480403344548,-2.5938481749529813e-30,0.1290403860354699
12.950000000000001,15.98063582,10.06194414,0.2789147116211439,0.1756140543947492,-0.1220023802650071,0.045753494359333,0.2781037139616039,0.9467868658742636,0.9183052575408092,1.7948440772902508,8.595633267776402e-26,-0.4187274380538783,-6.829777820580212e-26,0.4082938295777991
12.96,15.85550516,10.90507309,0.2767307696089503,0.1903294305911319,-0.1188567324098382,0.0554097164954357,0.3145647855168445,0.9656222136101243,0.9540407623351524,1.825483932463499,1.4039748351142806e-23,-1.032405736339191,-1.1453465274943865e-23,0.9991982009818026
12.97,15.8558972,11.43403687,0.2767376119977498,0.1995615901759268,-0.11521866832174,0.0647432865206542,0.3638064088097609,0.9333570025217,0.997386778459967,1.8634633912672176,7.838225305272577e-21,-0.2249686159136059,-6.585111555631154e-21,0.2154275611032615
12.98,5.72310262,39.10926363,0.0998869841485138,0.6825854183739694,-0.1036558440954777,0.1329810039133313,0.0,0.0,0.7933289961738094,2.5944753869722144,3.913839251222812e-49,-1.0055269592116971e-43,-2.7888479008360843e-49,5.234618470384129e-44
12.99,8.37615876,38.21246575,0.1461915490317654,0.6669333426430644,-0.0886059822407164,0.1937407217879599,1.5049861854753588,6.075971787459755,1.3673909396500197,1.7385432491019277,6.499999992080125,-6.5,-6.366423359730693,6.409067647598914
13.0,11.13859677,37.26668676,0.1944051876885055,0.6504263852713779,-0.0702999664510115,0.2471455368263704,1.8306015789708605,5.340481503842106,1.4373039966479866,1.80578469231262,6.499999999999536,-6.5,-6.442371770235118,6.321895959105026
13.01,14.02122039,36.40945615,0.2447164609532634,0.6354648886779983,-0.0489582206800448,0.2935500181636747,2.134174577097092,4.640448133731358,1.4966773363463135,1.8806984011919765,6.5,-6.5,-6.482219076465698,6.191137224445867
13.02,16.81990028,35.48609248,0.2935626397431161,0.6193491524432001,-0.0250956120938808,0.3331139014695846,2.386260858616871,3.956388330591769,1.548531791273796,1.9657916182513893,6.5,-6.5,-6.498395006810351,6.000416316481715
13.030000000000001,19.53667746,34.59306063,0.3409793465771628,0.6037628063355238,0.0007933843110819,0.3661632911940889,2.588899640494958,3.3049389724487424,1.5961265588689757,2.062040059762705,6.5,-6.5,-6.497922601276082,5.732179688248622
13.040000000000001,22.07013504,33.63311602,0.3851965228077704,0.587008612254251,0.0280980021211002,0.3929063654090595,2.730461781002377,2.6743074214975957,1.6414459140028974,2.172693679515088,6.5,-6.5,-6.483844153135065,5.357997948322799
13.05,24.40643135,32.59735607,0.4259725857194645,0.5689311908664592,0.0562521545702914,0.4135633202799491,2.8154152449196728,2.065695487089364,1.686001558044914,2.300401275691568,6.5,-6.5,-6.45706566313246,4.844733602319536
13.06,26.60290323,31.54630279,0.4643082519529343,0.5505868505165733,0.0848152449186505,0.4284599222093214,2.8563090348344504,1.489660192936469,1.7305948416766304,2.4451524570970697,6.5,-6.499999998024936,-6.417465797686166,4.168976623625493
13.07,28.67255675,30.47818192,0.5004305202524246,0.531944624525807,0.113392595627128,0.4379305731649606,2.8577350708483187,0.9470650955641088,1.7758440073489672,2.6061897469019115,6.5,-5.806488598059434,-6.36426407896473,2.964672715321748
13.08,30.62269588,29.38412401,0.5344668689429023,0.5128497117888192,0.1416283677932267,0.4423055547458156,2.82357721661043,0.4374981580855901,1.8222447780609443,2.780435269503031,6.5,-3.212011931810245e-10,-6.296186725141779,1.1325390700493768e-10
13.09,32.46396154,28.26296515,0.5666030171138088,0.493281798243913,0.1692109787258364,0.4419198643676055,2.758261093261521,-0.0385690378210145,1.8701602294100463,2.961692584648009,6.5,-1.4537105344153936e-17,-6.211652882960062,2.617467790365212e-18
13.1,34.24076487,27.15797088,0.5976140853827081,0.4739960100167418,0.1959196322475945,0.4371722251128478,2.670865352174447,-0.4747639254755256,1.9194550374726924,2.993763595510486,6.5,-2.012883755854906e-09,-6.109772930510939,3.01303940597943e-10
13.11,35.96109256,26.07136559,0.6276394677864364,0.455031170036654,0.2215676161302178,0.428460612967531,2.564798388262834,-0.8711612145318582,1.970243096049724,-2.980168173282092,6.5,-1.204812456453262,-5.9892252441014815,-0.0010043467011671
13.120000000000001,37.62724359,25.00633082,0.6567192890954313,0.4364428066519334,0.2459929527405922,0.4161811095241971,2.442533661037927,-1.2279503443336337,2.0226521101998816,-2.705993365528054,6.5,-6.49998509694186,-5.848557122284581,-0.066253829867599
13.13,39.24532994,23.97293959,0.6849602234845086,0.4184067272271994,0.2690628957694776,0.400735089928833,2.30699430288736,-1.5446019595356166,2.0766873004972366,-2.487026861056114,6.5,-6.499999999537814,-5.686609264001762,-0.0992348327061972
13.14,40.8181193,22.97746442,0.712410576256843,0.4010324078888492,0.2906677970929125,0.3825210008972641,2.1604901323439254,-1.821408903157253,2.132348740199954,-2.318578147473324,6.5,-6.4999999999997895,-5.502323924330636,-0.1202338601538228
13.15,42.34598739,22.02598145,0.7390769049635001,0.3844258972856947,0.310716637202052,0.3619318069924696,2.004884010914348,-2.0589193904798675,2.1896340961644056,-2.188194118790151,6.499999999999997,-6.499999999999998,-5.294771265570928,-0.1322198139388871
13.16,43.81967574,21.11748431,0.7647976188192827,0.3685696309477428,0.3291226336201705,0.3393431355426966,1.8405996418122128,-2.2588671449777493,2.248755277035229,-2.084318631838224,6.499999999999833,-6.5,-5.062300819178842,-0.1404018390307614
13.17,45.24007762,20.25758945,0.7895883083268,0.3535616344197672,0.3458177177485359,0.3151214578474033,1.669508412835686,-2.4221677695280874,2.3096379558629367,-1.9988417707411683,6.499999999983121,-6.5,-4.80445107194971,-0.1464315824741817
13.18,46.59973763,19.44398097,0.8133188522089991,0.3393614876216207,0.3607397832302824,0.2896115108761466,1.4922065481749485,-2.5509946971261765,2.372429442165304,-1.9259111033889376,6.499999996802706,-6.5,-4.520052015991158,-0.151031380033878
13.19,47.89580244,18.68349124,0.8359394504627338,0.326088437905518,0.3738390766000357,0.2631485128577917,1.3099293369755902,-2.6462998018360158,2.437116293666215,-1.861737147415542,6.499998739939075,-6.5,-4.2088513711583575,-0.1545806235610981
13.200000000000001,49.09813452,17.94950942,0.8569241039610858,0.3132780384967377,0.3850393087491665,0.2360104601073567,1.120023214912501,-2.713805275042108,2.504733258360858,-1.8029954246173092,6.49862391519866,-6.5,-3.864693013130798,-0.1573434144597206
13.21,50.23192028,17.27666105,0.8767123984853119,0.3015346190735607,0.3943178303440051,0.2085057323702727,0.9278521594840452,-2.7504727737089456,2.5741286634544576,-1.748340975603121,3.90173963234239,-6.5,-2.0982801966270834,-0.1594348888128915
13.22,51.25309392,16.62448126,0.8945352407378871,0.2901519344230955,0.4016044435888986,0.1808646888952959,0.7286613244894942,-2.764104347498231,2.6470834029964814,-1.6956259457487322,0.0006594530859633,-6.5,-0.0003132715924957,-0.160966461876048
13.23,52.16021208,16.00310414,0.91036743933452,0.2793068577825356,0.4068454273928435,0.1533144826516113,0.5240983803945986,-2.7550206243690103,2.723550303703116,-1.6438529239419502,8.020868353575926e-09,-6.5,-3.256842876300381e-09,-0.1619705976187815
13.24,52.95678115,15.41721413,0.9242701923255692,0.2690811480534931,0.4100095093312094,0.1260703102457308,0.3164081938364251,-2.7244172405866567,2.8031515799803515,-1.5920372218522203,3.3517448962595444e-14,-6.5,-1.1090620457156736e-14,-0.1624550788729009
13.25,53.60038074,14.83193528,0.9355031242355548,0.258866105078707,0.4110219585568967,0.0992801824095765,0.1012449225687585,-2.679012783615964,2.887935518888592,-1.539206114539884,1.398725309738704e-18,-6.5,-3.489088888411716e-19,-0.1624006823577294
13.26,54.16519094,14.31161749,0.9453609218744023,0.2497848464865066,0.4099318821608169,0.073166751214699,-0.1090076396080103,-2.611343119488266,-2.8206580699070125,-1.4845244905949844,1.5499246091329425e-18,-6.5,1.5433236215224152e-20,-0.1617629418273463
13.27,54.51857767,13.75095844,0.9515286838457586,0.2399995000829031,0.4066123550064515,0.0477849705841524,-0.3319527154366003,-2.538178063055164,-2.71998136435757,-1.427592368094538,6.561247407036194e-14,-6.5,6.60226778660863e-16,-0.1604893137714594
13.280000000000001,54.7068996,13.17444113,0.9548155215779688,0.2299373748286623,0.4010260763435231,0.0232148263121709,-0.5586278662925521,-2.457014427196892,-2.61973793301236,-1.3679275870833278,4.8067096563729166e-08,-6.5,5.682426635323486e-10,-0.1585267509248451
13.290000000000001,54.82351939,12.68017045,0.9568509208864532,0.221310724066591,0.3932842009116907,-0.0003392058868787,-0.7741875431833952,-2.3554032199054467,-2.525355936110039,-1.3034118952099976,0.0055896199461935,-6.5,7.997647064932355e-05,-0.1557484897813183
13.3,54.77519913,12.15353769,0.9560075732540334,0.2121192484557259,0.3833724726172591,-0.0228539406237984,-0.9911728294433626,-2.251473473692412,-2.431490274874452,-1.2351765610619443,6.203866986886273,-6.5,0.1022809066867622,-0.1521631081002442
13.31,54.66321703,11.70350948,0.954053116905736,0.2042647744643694,0.371433693939973,-0.0441636240495117,-1.193877867727999,-2.1309683425702377,-2.342972492492931,-1.1597990133439435,6.499908420560823,-6.5,0.1176784102908244,-0.1475551731320472
13.32,54.35343419,11.18128661,0.9486463863815572,0.1951502659536551,0.3574247084844958,-0.0643292416282352,-1.4008985455479916,-2.016561757872753,-2.2536450214217454,-1.0814127361118453,6.499999935752232,-6.4999999999999964,0.1265019109158033,-0.1421688639715548
13.33,53.95136503,10.66676745,0.9416289557188292,0.1861702125470596,0.3414670382162768,-0.0833034485957693,-1.5957670268222213,-1.8974206967537928,-2.1679614643304226,-0.9972985870202686,6.499999999849221,-6.499999999999924,0.1338913676923122,-0.1357966034656581
13.34,53.48052436,10.1819936,0.9334112357750332,0.1777093127369905,0.323718109097002,-0.1010195875952997,-1.7748929119278367,-1.7716138999533864,-2.086043938589238,-0.9060782769129404,6.499999999999002,-6.499999999997713,0.1402736548389334,-0.1281381345224297
13.35,52.9982707,9.76942894,0.92499432157824,0.1705087010426195,0.3044146943650085,-0.117365385630898,-1.9303414731983557,-1.6345798035589931,-2.008615662974414,-0.80460178791305,6.499999999999982,-6.499999999877884,0.1457749990996902,-0.1183178730007474
13.36,52.35341804,9.24334802,0.9137395194709964,0.1613268568566986,0.2835732883048336,-0.1325031448229468,-2.0841406060179075,-1.5137759192051805,-1.9313240370189249,-0.7067297033848589,6.499999999999999,-6.499999994667091,0.1507093749728544,-0.1067153053227629
13.370000000000001,51.64666479,8.70372027,0.9014043482593258,0.1519085758840698,0.261360066344648,-0.1464514331610408,-2.221322196019008,-1.394828833809683,-1.8564251368204792,-0.6072338265373904,6.5,-6.499999706350551,0.1548506925540573,-0.0914635092508742
13.38,50.85344478,8.10563074,0.8875600473921234,0.1414699443638644,0.2379025809135741,-0.1592969037983024,-2.3457485431061844,-1.2845470637255003,-1.783163740823313,-0.5119813189999487,6.5,-6.499983792653804,0.1581586428588135,-0.0752937327780989
13.39,50.03355156,7.4999376,0.8732502111883452,0.1308986048141214,0.2134100213579696,-0.1710557910582784,-2.449255955560941,-1.1758887259978292,-1.712038034110452,-0.4179251172945215,6.5,-6.498832747135403,0.160543211393713,-0.0652254227230734
13.4,49.14457361,6.85296037,0.8577346189832157,0.1196067219651888,0.1880223922369912,-0.1817963772295494,-2.538762912098341,-1.074058617127316,-1.6422986449628851,-0.3298925461632275,6.5,-6.411110517566523,0.1619927963171562,-0.0640557727052593
13.41,48.22159594,6.18822884,0.84162561971933,0.1080049681248693,0.1619235302112116,-0.1915552612121163,-2.6098862025784797,-0.9758883982568828,-1.5740224460090324,-0.2464790242611818,6.5,-2.8055696447699,0.162498963393311,-0.0230437401354809
13.42,47.23952898,5.5109928,0.8244853177922786,0.0961849694137013,0.1352522771451978,-0.2003649333009654,-2.66712530660002,-0.8809672088844579,-1.507002939236061,-0.1678621536889188,6.5,-0.0403441270125866,0.1620959431039544,-5.93520364220454e-05
13.43,46.27706748,4.90922593,0.8076871956935952,0.0856821562027806,0.1082502687167692,-0.2081394777038428,-2.700200842843389,-0.7774544402879022,-1.441102882652777,-0.0852326598501016,6.5,-0.0001253762789555,0.1608461883224025,-2.653697534154511e-07
13.44,45.18956123,4.26160294,0.7887066309950785,0.0743790027156703,0.0809399701312184,-0.2149740182043999,-2.73102985855563,-0.6834540500558484,-1.376740151923076,-0.0125773497193994,6.5,-3.738411235949173e-07,0.1588549978369319,-1.8280833612142054e-09
13.450000000000001,44.10366002,3.74207053,0.7697540795291882,0.0653114515903492,0.0535212918325409,-0.2207213722905592,-2.7418678298663406,-0.5747354086156344,-1.3133820666948937,0.0683479006519758,6.5,-1.9054721575249668e-10,0.1562190911366675,1.1958535588762691e-11
13.46,42.34695264,2.78831747,0.739093751754105,0.0486653204423782,0.0252396023959742,-0.2260303406001125,-2.8281689436572397,-0.5308968309554325,-1.257216122513683,0.0991440820318015,6.5,-7.449044426944586e-12,0.1533874562964037,7.362483257476204e-13
13.47,40.94694842,2.33943179,0.7146590685732899,0.0408307873613245,-0.0031576789306526,-0.2302023222892849,-2.8397281326632555,-0.4171981689173235,-1.1981189551495013,0.1785458321205534,6.5,-5.197897390703229e-16,0.1499747262810662,9.293504434456532e-17
13.48,39.5688653,2.14165347,0.6906069807631338,0.0373789044882616,-0.0314497696784599,-0.2329521680143539,-2.8292090747812924,-0.2749845725069553,-1.139752639916333,0.2739764247158883,6.5,-4.484769973718614e-22,0.1462311163003526,1.2060382151568208e-22
13.49,38.21368065,2.22918365,0.6669545466481469,0.0389065943241248,-0.0594326187112641,-0.2339790521375249,-2.7982849032789865,-0.1026884123170481,-1.0820984992748404,0.3834616492373904,6.5,-1.528495397638176e-29,0.1422183415285497,5.7125348111724055e-30
13.5,36.88430182,2.6192151,0.6437525090583368,0.0457139273129525,-0.0869161864857611,-0.2329931864162204,-2.7483567774502475,0.0985865721304714,-1.0251521547880216,0.5020143232597696,6.5,-9.295744208653449e-30,0.1379739319771614,4.477195362112419e-30
13.51,35.50767418,3.25359503,0.6197258241663778,0.0567859458000236,-0.1138306167176964,-0.2298209715943476,-2.691443023194058,0.3172214821873402,-0.9702787949199424,0.618871250249772,6.5,-2.8965688943754305e-20,0.1336172096535539,1.6805878197746607e-20
13.52,34.14297455,4.18081859,0.5959073223221293,0.0729690498240868,-0.1400323940759419,-0.2242495116324376,-2.6201777358250795,0.5571459961911105,-0.9164627236280772,0.733032881879332,6.5,-5.515082339857896e-11,0.1290562172786485,3.689518727632448e-11
13.530000000000001,32.75615451,5.37469816,0.5717027464914899,0.093806179192881,-0.1654413420148433,-0.2161343542942191,-2.540894793888833,0.8115157338214397,-0.8644914645290241,0.839342171964819,6.5,-0.0010513729029108,0.1243165894503072,0.0007823349325473
13.540000000000001,31.32727391,6.7813733,0.5467640754036177,0.1183572918918331,-0.1900163491542919,-0.205433254627837,-2.4575007139453544,1.0701099666384264,-0.8148661984131413,0.9342180282188228,6.5,-6.412368986890314,0.1193945237904494,5.156456430119718
13.55,29.8786935,8.39765654,0.5214815777692283,0.1465667560746349,-0.2136934492331001,-0.1921283497250547,-2.367710007881287,1.330490490278489,-0.7671358471556727,1.0185589895970564,6.5,-6.499997555168614,0.114185833544156,5.534373503173304
13.56,28.40807262,10.17526741,0.4958144013646519,0.1775919185753758,-0.2364225411440628,-0.1762866875383767,-2.272909191095107,1.5841662186669936,-0.7214007522236372,1.092411528186574,6.5,-6.499999999511065,0.1086349112626436,5.771166306514744
13.57,26.91339638,12.06187552,0.4697273797253229,0.2105194417897031,-0.2581661404076962,-0.1580587007539973,-2.174359926363769,1.8227986784382968,-0.677733998868511,1.1566823124775212,6.5,-6.499999999999505,0.1026922002158257,5.951508630286668
13.58,25.35601925,13.97872598,0.4425460211115632,0.243974793585071,-0.2789497092173106,-0.1377071865349115,-2.078356880961854,2.035151421908984,-0.6370585988737809,1.2121829910901234,6.5,-6.499999999999998,0.0964638242183956,6.087382931717217
13.59,23.82669065,15.95496859,0.4158542016966478,0.2784667339477772,-0.2986759189301316,-0.1154478068104246,-1.9726209712824945,2.225937972449137,-0.597084461430486,1.261745771213905,6.499999999999994,-6.5,0.0897079920799437,6.192820585797453
13.6,22.29537652,17.90873094,0.3891277282458354,0.312566319756779,-0.3173036278323574,-0.0916050247537117,-1.8627708902216285,2.384278205670068,-0.5586535085699817,1.305767619135546,6.499999999999901,-6.5,0.0830032948543419,6.273689959143189
13.61,20.77900624,19.82366587,0.3626620741804471,0.3459882392467261,-0.3347781328276324,-0.0665114383969256,-1.7474504995278508,2.509358635679113,-0.521363470307309,1.3455999386311963,6.499999999997999,-6.5,0.076763747313703,6.336377771550619
13.620000000000001,19.28696358,21.67418148,0.3366210171832327,0.3782858295007775,-0.3510431385593952,-0.0405190261269015,-1.6265005731765996,2.599241227002924,-0.485027907577913,1.3821625841137752,6.499999999942999,-6.5,0.0714188104593512,6.385073215485954
13.63,17.87996329,23.51059423,0.3120642295462177,0.4103372784138809,-0.3659696810306143,-0.0138934556265693,-1.492654247121147,2.662557050031854,-0.4481638388517607,1.4167825627326889,6.499999996972086,-6.5,0.0672712988308976,6.423323424039279
13.64,16.51096446,25.28009215,0.2881706925067676,0.4412208432250722,-0.3795130434856413,0.0130379551923678,-1.3543362455029655,2.6931410818942565,-0.4121711475484985,1.4496649808219786,6.499999745406934,-6.5,0.0650208114146048,6.452539636109408
13.65,15.22345186,27.01443972,0.2656993584758548,0.471490918695535,-0.3915800877751844,0.0400317810909294,-1.206704428954554,2.6993825898566968,-0.3759731005819196,1.481649178214013,6.499955758017348,-6.5,0.0647596976222878,6.474282058747133
13.66,14.00700119,28.70434415,0.2444682890962638,0.5009853150430731,-0.4021089008653298,0.0668666537966894,-1.0528813090147455,2.683487270576538,-0.3399818181039969,1.513132076602927,6.483609904036979,-6.5,0.0648768382557815,6.489235992390331
13.67,12.88952365,30.39433917,0.2249646267061772,0.5304812924843805,-0.4110132688413446,0.0933957518501591,-0.8904367976010238,2.6529098053456144,-0.3035455844682621,1.5445488427661782,1.7822320158939964,-6.5,0.0174943806888116,6.497769432043409
13.68,11.86426168,32.09169052,0.2070704296341939,0.5601056621050512,-0.4182335143373016,0.1194907455137159,-0.7220245495958504,2.6094993663562,-0.2669751742412792,1.5760947784656756,0.0007617576107567,-6.5,6.8871050858037904e-06,6.499909101242905
13.69,10.88728669,33.73846228,0.1900189993490552,0.588847251345913,-0.4237865616942403,0.1449542147359605,-0.5553047356939783,2.5463469222249624,-0.2315586730487283,1.607921553841943,1.0531331907517697e-07,-6.5,7.776403538963256e-10,6.495537712163253
13.700000000000001,10.00000901,35.39117022,0.1745330824535985,0.6176924464727659,-0.4276407846950505,0.1696844754511471,-0.3854223000808259,2.473026071517393,-0.1961394880862028,1.6402396712367462,6.6467627354947876e-12,-6.5,2.9787489318149865e-14,6.484390937363688
13.71,9.16569016,37.01517354,0.1599714715096458,0.6460366514700849,-0.4298289977754869,0.1935441433580657,-0.2188213080436754,2.385966790692337,-0.1617974268078834,1.6732777905238447,9.546054385251216e-16,-6.5,8.297668048221992e-19,6.466019110228356
13.72,8.38712452,38.61255496,0.146382937648749,0.6739162166592674,-0.4303880129144082,0.2164144031948227,-0.0559015138921481,2.2870259836761524,-0.1284252523767237,1.7072397013192062,4.870375392135653e-18,-6.5,-5.839593779777344e-21,6.439799040964674
13.73,7.66439452,40.17090674,0.1337689195458103,0.7011145861245817,-0.4293618708775592,0.2381745432650336,0.1026142036849235,2.176014007021529,-0.0959906631301643,1.742406317006192,1.14068847495757e-17,-6.5,5.735620725355426e-21,6.404839976808186
13.74,6.99582109,41.68363376,0.1221001119009585,0.7275166533074638,-0.426803443017793,0.2587108935074566,0.2558427859764923,2.053635024241239,-0.0645062161061902,1.7790768362486034,4.5437254924041295e-15,-6.499999999999999,2.5633460699439802e-17,6.359963434646597
13.75,6.38031552,43.14585884,0.1113575131400941,0.7530372953587013,-0.4227725724719669,0.2779193743865511,0.4030870545826873,1.9208480879098369,-0.033959858613473,1.817582395589885,1.3760758351731311e-11,-6.499999999999974,1.120062838519972e-13,6.30364253669921
13.76,5.81822669,44.54695274,0.1015472123679114,0.7774909970433095,-0.417333140278026,0.2956975389944107,0.5439432193942023,1.7778164607863174,-0.0042916232336582,1.858383842143079,4.133433506183727e-08,-6.499999999998948,8.088803475777254e-11,6.233760949889386
13.77,5.31172185,45.88013812,0.0927070352326243,0.8007594714637613,-0.4105498113667816,0.3119503824670705,0.6783328911245741,1.6252843472662994,0.0246160119168134,1.9020002977563424,5.939713505097767e-05,-6.499999999925242,-1.0029234974767874e-06,6.147563888573368
13.780000000000001,4.86114047,47.13821149,0.0848429066034446,0.8227169940019221,-0.4024901143297936,0.3265897827306601,0.8059697036983877,1.463940026358213,0.0528260772501471,1.9490820689255512,0.034988528958594,-6.49999998978106,-0.0015747733210248,6.0413563721165096
13.790000000000001,4.46442087,48.31186742,0.0779188433762497,0.8432011542659782,-0.393227135127377,0.339531646554817,0.9262979202418432,1.2941863824159483,0.0803304202167413,2.000499368861453,3.756733012058564,-6.499996907045487,-0.2888502161411523,5.910007709708234
13.8,4.12045966,49.3942035,0.071915587762606,0.862091482475107,-0.3828372827905961,0.3506994235925372,1.038985233678298,1.1167777037722373,0.1071552421000668,2.0573121976504343,6.460416485978641,-6.497526639288684,-0.696484510392942,5.744438508806384
13.81,3.82360535,50.37486059,0.0667345026543701,0.8792071775286333,-0.3714058798738349,0.3600192738122538,1.143140291675535,0.9319850219711828,0.1331841167334278,2.121011673090168,6.4993418316865625,-3.1772265742946,-0.8787013751751942,2.708595044339301
13.82,3.564562,51.2418331,0.0622133432914741,0.8943387023524128,-0.3590309910688343,0.3674180788712416,1.2374888805003057,0.7398805058989351,0.1581844760244051,2.1936564202877,6.499979659312479,-0.000461491361368,-1.0377124438476129,0.000374839898427
13.83,3.33745503,51.99030565,0.0582495789107461,0.9074020127107107,-0.3458170285749149,0.3728337010222603,1.3213962493922002,0.5415622151019728,0.1820361716309547,2.27764340727472,6.499998898462882,-5.098103606805272e-09,-1.183267552680119,3.876304149439231e-09
13.84,3.12815942,52.60718776,0.0545966814062761,0.9181686366268604,-0.331885078601712,0.3762031994420196,1.3931949973205622,0.3369498419759924,0.2043337971706342,2.376568057032784,6.4999998969541,-9.531129114396814e-15,-1.3180511227126357,6.599470336455584e-15
13.85,2.92599514,53.08063594,0.0510682490903524,0.9264318662054352,-0.3173660162591725,0.3774650135568233,1.4519062342532152,0.1261814114803104,0.2247762637851616,2.4950122738489235,6.499999983810441,-6.410640661925419e-20,-1.4429210169150883,3.862100476262831e-20
13.86,2.71890761,53.40881563,0.0474538898520299,0.9321596823341096,-0.3024008195375435,0.3765729539586102,1.496519672163197,-0.0892059598213323,0.2429915502577407,2.637459074855323,6.499999995790064,-1.5782066342562908e-20,-1.5552633576846702,7.630547368258975e-21
13.870000000000001,2.47751157,53.56172098,0.0432407341527539,0.9348283841355238,-0.2871630080649446,0.3734567619998759,1.5237811472601923,-0.3116191958734869,0.2579415937303271,-2.9515987979257834,6.499999998059678,-1.45278828686938e-15,-1.6480442867193317,-5.578307175829684e-18
13.88,2.21457191,53.56676861,0.0386515713516795,0.9349164818984462,-0.2717962771723455,0.3681030174628488,1.5366730892591185,-0.5353744537024344,0.2700973679509223,-2.8621385168171303,6.499999998589475,-2.811619749829986e-09,-1.7237666293303917,-2.6411926329918282e-11
13.89,1.9132045,53.41335905,0.0333917177889718,0.9322389799724105,-0.2564572544661007,0.3604987683187729,1.5339022706247871,-0.7604249144077438,0.2787731047636302,-2.7709175151729983,6.49999999832624,-0.0011663166089935,-1.7779228065429338,-1.1629893755722929e-05
13.9,1.57131746,53.10664494,0.0274246632710742,0.9268858088905864,-0.2412928874770383,0.3506531421254741,1.516436698906539,-0.984562619330072,0.2838023009452087,-2.67841903494311,6.499999996836064,-5.856058299277102,-1.8093473815586332,-0.0619559572311843
13.91,1.19800128,52.66512384,0.0209090667791064,0.9191798119785594,-0.2264247147926118,0.3386138222257364,1.4868172684429517,-1.2039319899740173,0.2854450286967958,-2.585724410249013,6.499999991064716,-6.499909590474299,-1.8196156855900252,-0.082521018596921
13.92,0.77776841,52.08018845,0.0135746195725011,0.9089707635116222,-0.2119843344847783,0.3244266767630998,1.4440380307826068,-1.418714546262935,0.2829012828579114,-2.492519536740856,6.49999995996042,-6.49999995378895,-1.803716059743256,-0.098380683269887
13.93,0.33203827,51.37892474,0.0057951610541259,0.8967314028473715,-0.1980603645565913,0.3081844394582285,1.3923969928189806,-1.6242237304874518,0.2769540566603638,-2.400094412611132,6.499999744570523,-6.499999999921187,-1.766561595923058,-0.1111503753218775
13.94,-0.13044254,50.57611128,-0.0022766518076644,0.8827196646910437,-0.1847189335825118,0.2900056397384889,1.3341430974082154,-1.8178799719743184,0.2678788341711708,-2.308933611990829,6.499997778590228,-6.499999999999636,-1.70993079771152,-0.1212106105334654
13.950000000000001,-0.59519898,49.68900695,-0.0103881819055118,0.8672367733238454,-0.1719970595102754,0.2700352463237381,1.2721874072229868,-1.9970393414740548,0.2562822717580479,-2.2194411559897778,6.49997552667037,-6.4999999999999964,-1.6377192953058777,-0.1295535805174629
13.96,-1.04215178,48.7378921,-0.0181889798665195,0.8506366876267335,-0.1598969190548826,0.2484458338978621,1.2100140455395223,-2.1589412425880328,0.2431510136947867,-2.131930076871999,6.499694215771012,-6.5,-1.5561773364754328,-0.1367715404938708
13.97,-1.45153819,47.74080691,-0.025334120633939,0.8332342681383602,-0.1483890485088904,0.2254312938463639,1.150787054599446,-2.3014540051502803,0.2295827798915292,-2.046458651384077,6.496164096624302,-6.5,-1.47160872548142,-0.1431511885909817
13.98,-1.80529395,46.71547978,-0.0315083233938338,0.8153389338098364,-0.137417424785331,0.2012035413042449,1.0971623723561577,-2.42277525421238,0.2167013112361396,-1.9629468179924796,6.457584288366729,-6.5,-1.384332765166973,-0.1487640788505337
13.99,-2.07729322,45.68012106,-0.0362556062183549,0.7972685152066021,-0.1268907318381283,0.1759904519237762,1.0526692947197325,-2.5213089380455838,0.2061965824360468,-1.881224837772518,6.1696049219215805,-6.5,-1.2617962110096257,-0.1535575647855803
14.0,-2.24934373,44.63913382,-0.0392584540975903,0.7790998603973538,-0.1166968275128468,0.1500143380401307,1.0193904325283514,-2.597611388365065,0.1994006499293294,-1.8008364232429357,5.092262538841448,-6.5,-1.009166037646203,-0.1574351718361107
14.01,-2.29586346,43.61609437,-0.0400703765532291,0.7612444536170618,-0.1066948628641616,0.1235172060016688,1.000196464868718,-2.649713203846718,0.1981725622934072,-1.7216386268947623,3.7222687960415857,-6.5,-0.733410347284561,-0.1602728867576734
14.02,-2.19437037,42.61907257,-0.0382989879647062,0.7438431404929015,-0.0967228223620069,0.0967365295686794,0.9972040502156692,-2.678067643299467,0.2042676873769071,-1.6432430873033077,3.402804990624386,-6.5,-0.6898007949658949,-0.1619793634831566
14.030000000000001,-1.93177472,41.64325807,-0.0337158292707915,0.7268119645791993,-0.0866133562193808,0.06988654478832,1.0109466142620973,-2.6849984780345637,0.218903153872429,-1.5652727134486657,4.382229527415153,-6.5,-0.9485173659919032,-0.1624969612640417
14.040000000000001,-1.50007512,40.68284829,-0.026181249871249,0.7100496517498449,-0.0762023885974971,0.0431573962261163,1.0410967621885776,-2.6729148562209013,0.243016569133212,-1.487541706273962,5.820214207019685,-6.5,-1.3927488204740557,-0.1618133252306192
14.05,-0.88256043,39.73906657,-0.0154035853513169,0.6935775533157097,-0.0653178134028849,0.0167254482352205,1.088457519461432,-2.643194799090108,0.2782477389303195,-1.4100183620175777,6.4153518241532375,-6.5,-1.7515304629862924,-0.1599757385912997
14.06,-0.09194623,38.79310346,-0.0016047644482959,0.6770673824438044,-0.053822208022629,-0.009274074120519,1.1495605380250085,-2.599952235572629,0.3241841111040027,-1.332906518848285,6.494216907711221,-6.5,-2.060021729930018,-0.1570981019827853
14.07,0.87149466,37.83235835,0.0152104512305485,0.6602992170018692,-0.0415936467555438,-0.0347362085983056,1.2228561267087563,-2.5462134477791696,0.3813418436611002,-1.2566084467941945,6.499729869712071,-6.5,-2.4161797580025137,-0.1533545118874243
14.08,1.98847738,36.83775493,0.0347054773824304,0.6429401125712733,-0.0285517076422257,-0.0595933610345193,1.304193911332073,-2.4857152436218684,0.4487604885121538,-1.1817758993983112,6.499989020012428,-6.5,-2.822111494625393,-0.1489613611276648
14.09,3.2449074,35.79898724,0.0566343180523286,0.6248101962174375,-0.0146474616895281,-0.0838008087645556,1.390424595270034,-2.4207447730041047,0.5257870148411838,-1.1090580759911617,6.499999548833948,-6.5,-3.265007139812869,-0.1441313796925033
14.1,4.61071021,34.69326907,0.0804720740198191,0.6055117735518111,0.0001164934078455,-0.1073522028372856,1.4763955097366193,-2.355139407271801,0.6104282674190209,-1.039372982703855,6.4999999774691535,-6.5,-3.7266702617250576,-0.1390596166143881
14.11,6.07837621,33.54346159,0.1060876780393942,0.5854438472617522,0.0157215418734926,-0.1302142932374545,1.5605048465650189,-2.286209040017344,0.7023497288812285,-0.9726219576595564,6.499999998592154,-6.5,-4.198325084880972,-0.1338089477030145
14.120000000000001,7.6148167,32.32037683,0.1329036233508493,0.5640969911687876,0.0320988652007423,-0.1524002566011408,1.6377323327252953,-2.2185963363690635,0.7992388441806806,-0.9097874677868932,6.49999999987509,-6.5,-4.658532591110194,-0.1284676014987289
14.13,9.19899862,31.02733288,0.1605528138054147,0.5415291168682946,0.0491506486096631,-0.1739216094399743,1.7051783408912016,-2.152135283882254,0.8998373240719963,-0.8509542305355792,6.499999999983579,-6.5,-5.090765696057876,-0.1230167552009214
14.14,10.82163057,29.69587407,0.1888730838809707,0.5182907767791091,0.0667693404288745,-0.1947497568104755,1.761869181921496,-2.082814737050537,1.0037850923861842,-0.7952989012037092,6.499999999996848,-6.499999999999998,-5.483317657601018,-0.1173225148775892
14.15,12.46890924,28.34048442,0.2176235203703438,0.4946347647391554,0.0848328343493784,-0.214842585643315,1.8063493920507476,-2.009282883284344,1.110478324268519,-0.7424129310426998,6.499999999999111,-6.4999999999999964,-5.82431835630994,-0.1112619004782572
14.16,14.12094903,26.95259007,0.2464570540797995,0.4704114386618289,0.1031979462526119,-0.2341772288748741,1.8365111903237188,-1.9334643231562936,1.2191896262914852,-0.692545354425512,6.499999999999621,-6.499999999999979,-6.1032055462362775,-0.1047870339569742
14.17,15.78999666,25.60157877,0.2755874305959076,0.44683184324518,0.1217476799639574,-0.2526423855088992,1.854973371133595,-1.8465156634015676,1.3306443339057392,-0.6435312715261439,6.499999999999776,-6.499999999999803,-6.314014972501331,-0.0975048064890909
14.18,17.47301527,24.29494889,0.304961646712746,0.4240268497342417,0.1403686297939144,-0.270130342805602,1.862094982996072,-1.7487957296706251,1.4444694799184397,-0.5952440949801506,6.4999999999998215,-6.49999999999737,-6.448385661602181,-0.0893878915874168
14.19,19.1529351,23.02694804,0.3342817789157894,0.4018960599836549,0.1589319013545191,-0.2865554295551357,1.8563271560608388,-1.642508674953696,1.5599153902524212,-0.5479776302895655,6.4999999999998,-6.499999999948479,-6.4996166549787215,-0.0811688071160812
14.200000000000001,20.80111157,21.79310281,0.3630478849711869,0.3803613982601282,0.1772790713795106,-0.301851075558287,1.834717002498209,-1.5295646003143484,1.67662476926422,-0.5019550785063017,6.499999999999659,-6.499999998521879,-6.463765035216731,-0.0737863527669137
14.21,22.43659405,20.64296137,0.3915924391058692,0.3602876432684994,0.1952918602529762,-0.3158950994705338,1.801278887346922,-1.4044023912249644,1.7943584883700836,-0.4556003963993087,6.499999999999193,-6.499999920116322,-6.338735577432263,-0.0679770880328112
14.22,24.24321663,19.65974235,0.4231239514677439,0.3431272341012674,0.2131187894794846,-0.328468957386909,1.7826929226511905,-1.2573857916377722,1.907169731150332,-0.4063006232895809,6.499999999998726,-6.499986733874477,-6.136567025007131,-0.0648611428237161
14.23,25.96059095,18.69043994,0.4530977878409426,0.3262097155992514,0.2305353554473174,-0.3395885710668155,1.7416565967836302,-1.1119613679908649,2.0199311974204166,-0.3595840408508295,6.499999999996231,-6.4965322851232825,-5.856261318119067,-0.064904764071911
14.24,27.67935231,17.79144818,0.4830958326289981,0.3105193494389527,0.2474632058111672,-0.3492005160841317,1.6927850363841173,-0.9611945017311296,2.1291689119206425,-0.3134218936614417,6.49999999998577,-4.901422196773326,-5.513319326859897,-0.0485731555356052
14.25,29.39673361,16.95472919,0.5130697908261787,0.2959158481494912,0.2638291476365237,-0.357275586114661,1.6365941825359756,-0.8075070030530925,2.234071894296789,-0.268139928221111,6.499999999931243,-0.0128951360761172,-5.121722841885741,-0.0001170680523248
14.26,31.10562367,16.17096581,0.5428955489277821,0.2822365966119317,0.2795591691480303,-0.3638088248420676,1.573002151150967,-0.6533238727407876,2.33436294117232,-0.2240716999079667,6.499999999564673,-3.175978424327973e-06,-4.694633823445159,-2.1870288180564117e-08
14.27,32.79868571,15.43223993,0.5724450559663141,0.2693433977362392,0.2945786734941814,-0.3688157567797821,1.5019504346154111,-0.5006931937715505,2.430078976333562,-0.1814644303512849,6.49999999628197,-3.1462535344154594e-10,-4.243557134032974,-9.18520923335646e-13
14.280000000000001,34.46531951,14.732033,0.6015333032013387,0.2571224813624578,0.3088084786722387,-0.3723287865870625,1.4229805178049997,-0.3513029807278557,2.5217129084100267,-0.1404857214900084,6.4999999549902014,-1.8715744487347972e-14,-3.7766099388155703,1.444515959825044e-17
14.290000000000001,36.09913827,14.06781961,0.6300488199441897,0.2455297707711246,0.3221715662434922,-0.3743902448505302,1.3363087571256198,-0.2061458263468173,2.60959023567822,-0.1011366371062773,6.49999919804281,-2.2607200673852586e-18,-3.2997928467161795,2.3478455077408523e-22
14.3,37.69348291,13.44147896,0.6578753833237134,0.2345980641895431,0.3345930450093283,-0.3750453588296945,1.2421478765838518,-0.0655113979164365,2.694132337611683,-0.063248284888643,6.499977933984467,-6.973103450215696e-21,-2.8144413705584608,-4.071401598691497e-23
14.31,39.23245145,12.84714528,0.6847354514313235,0.2242249846180488,0.3459876330664857,-0.3743523000438379,1.13945880571516,0.0693058785856216,2.776520928793659,-0.0269385680084081,6.498951973159823,-6.963710582832986e-21,-2.3156996049993857,-5.342283291516555e-23
14.32,40.71809711,12.29376196,0.7106648597162878,0.2145666236584314,0.3562860239938353,-0.3723606575092895,1.0298390927351682,0.1991642534548762,2.856479268806228,0.0082355048768114,6.4126780940105785,-1.238355331353991e-18,-1.7931254058632975,5.7360298946059356e-21
14.33,42.14024843,11.78449601,0.7354860827118712,0.2056782560626346,0.3654170842890845,-0.369119678240772,0.9131060295251,0.3240979268518164,2.934751136470237,0.0424831401391024,1.9718178068193588,-2.3787159404802562e-15,-0.4044620644318378,8.063931159382584e-17
14.34,43.49455698,11.32516676,0.7591232259972814,0.1976614482994184,0.3733165757972727,-0.3646743907655916,0.7899491508189767,0.4445287475181299,3.011579450057062,0.0761096479894059,0.0076031676442177,-6.2411105634039406e-12,-0.0010035064395004,4.4871854201039787e-13
14.35,44.77578734,10.92113017,0.7814849142557937,0.190609679505388,0.3799258071673964,-0.3590663004268605,0.6609231370120265,0.5608090338728184,3.08727964400129,0.109396816500471,8.324572659472168e-06,-9.631011272795355e-09,-3.884384654795822e-07,1.061987625006676e-09
14.36,45.97689833,10.57511887,0.8024482557131823,0.1845706430712822,0.3851890786659245,-0.352336992299759,0.5263271498529168,0.672930812710288,-3.120888770217454,0.1425240274695764,3.408930198604141e-09,-6.948320500259246e-06,2.3149355368805114e-11,1.004034503508578e-06
14.370000000000001,47.09333792,10.28993193,0.8219338024582981,0.1795931919845946,0.3890572821011753,-0.3445277912193192,0.3868203435251619,0.7809201080441363,-3.046329755550389,0.1756779503571448,5.982946486963884e-13,-0.002366055420025,3.582934562420217e-16,0.0004167103759467
14.38,48.11997706,10.06904425,0.8398520356811409,0.175737974691503,0.3914869071234248,-0.3356786214650765,0.2429625022248228,0.8849169754238186,-2.9719670662461377,0.2090784204916386,9.689330154586902e-17,-0.3897858982788938,1.601644543220455e-19,0.0807697372321129
14.39,49.04886899,9.90240806,0.8560642582548457,0.1728296245230242,0.3924359754182139,-0.3258462853112784,0.0949068294789268,0.983233615380004,-2.8973570407165887,0.2424163437201704,1.3136794621251221e-19,-5.545613777542815,1.064333080983664e-21,1.3238684700615089
14.4,49.8786223,9.78612495,0.8705461854936669,0.1708001013890654,0.3918733193547461,-0.3150944389871217,-0.0562656063467893,1.075184632415885,-2.8225668403360653,0.2756476490244032,4.9175921053003846e-20,-6.477986171307248,4.891599073777259e-22,1.7524489081480363
14.41,50.60157996,9.7160135,0.8831641770131806,0.1695764257432181,0.3897692273844995,-0.3034930640456428,-0.2104091970247054,1.1601374941481144,2.925523823160321,0.3087265630725436,1.3488081759173428e-17,-6.499260926512313,-2.883456661780537e-18,1.965010658953984
14.42,51.21244041,9.67936677,0.8938257031358947,0.1689368196446287,0.3860988112322221,-0.2911291566330261,-0.3670416152275489,1.23639074126104,2.994786589580197,0.3412625560926332,1.37376019116629e-13,-6.499958386289421,-2.04267537666943e-14,2.168347363378509
14.43,51.70469578,9.663066,0.9024171801030176,0.1686523175375184,0.3808401226990134,-0.2781054381296053,-0.5258688533209757,1.3023718503423414,3.067541696400627,0.3728506096603646,2.7217142008619878e-09,-6.499996091221963,-1.89065454044292e-10,2.364067657146524
14.44,52.07874497,9.65924506,0.9089455700329356,0.1685856295539972,0.3739836776190601,-0.2645313651012503,-0.685644507995462,1.3574073028357705,-3.1396652726677106,0.4033021350170532,2.790372822114108e-05,-6.499999407485751,2.5606325403777773e-08,2.550295944490023
14.450000000000001,52.33512388,9.64116322,0.9134202261451096,0.1682700419111784,0.3655317299237482,-0.2505476284513096,-0.8451947695307555,1.3983736649933527,-3.0607989835892155,0.4315901698423766,0.1036135898819084,-6.499999845586789,0.0002970636406771,2.720371077654491
14.46,52.46063488,9.60572109,0.9156108063425804,0.1676514600487585,0.3554782550559209,-0.2362907057764909,-1.0053474867829373,1.4256922674821486,-2.978480787592588,0.4576828629894982,6.248287006810437,-6.49999993432407,0.0062242289321965,2.8745476320732264
14.47,52.47794077,9.53815618,0.9159128511030682,0.1664722299104449,0.3438594958571265,-0.2219082422300955,-1.161875919879666,1.4382463546398274,-2.894747986463366,0.4809730731191929,6.4995601643726335,-6.4999999536754665,0.0535001306169833,3.010006669177548
14.48,52.36982876,9.42356866,0.9140259405676192,0.16447230040475,0.3306949697982874,-0.2075574825541566,-1.316452605884173,1.4350759675941818,-2.8088033511202672,0.5007575902662844,6.499998492434878,-6.499999944487122,0.0649862756904727,3.123495016056274
14.49,52.12698761,9.23589264,0.90978756294079,0.1611967359287113,0.3159996781760781,-0.1934187719519201,-1.469529162220182,1.4138710602229276,-2.7205461646019877,0.5156570605266368,6.499999990812,-6.499999876657949,0.0653789245623158,3.2080105255155305
14.5,51.78786178,8.98626924,0.9038687006287311,0.1568399857086885,0.2998507270656668,-0.1796420369515828,-1.614895111041453,1.3776735000339984,-2.633129018815158,0.5259459742244964,6.499999999890935,-6.499999529517831,0.0747570435003405,3.265898537324234
14.51,51.35873995,8.68907775,0.8963791118030479,0.1516530156992807,0.2823372221269881,-0.1663438346216414,-1.7513504938682187,1.3298202329944062,-2.5471579354803344,0.5320226718879395,6.499999999997679,-6.499997150963858,0.0892469777133282,3.299904933128354
14.52,50.82856453,8.30529266,0.8871258051109041,0.1449547022587179,0.2635346641038198,-0.1536819074693211,-1.880255802317196,1.2661927152322805,-2.4620441025548554,0.5312674996075646,6.499999999999922,-6.499966182428743,0.1029534972444988,3.2956703153193234
14.530000000000001,50.22068896,7.87159233,0.8765163749719668,0.137385203533232,0.2435533558704952,-0.1417479693279331,-1.9981308233314363,1.1933938141381912,-2.3792254779243462,0.525058614563866,6.499999999999996,-6.49933690694842,0.1136349583986612,3.2605888268618
14.540000000000001,49.54075799,7.38677357,0.8646493408591881,0.1289235198957958,0.2225103389214465,-0.1306238138942833,-2.104301694905294,1.1124155433652048,-2.2987661599176006,0.5126409799967991,6.5,-6.477644578816718,0.1222216534492978,3.179993245837459
14.55,48.79045193,6.85600976,0.851554029714522,0.1196599438608662,0.200522614690198,-0.1203728807621748,-2.198772423125288,1.0250933132110465,-2.2204114809248297,0.4935746063185156,6.5,-5.391255901476369,0.1294690189325311,2.5566653621636544
14.56,47.95854998,6.27568615,0.8370346016332607,0.1095313861393067,0.1776885016527151,-0.1110532293402533,-2.283411303747124,0.9319651421916798,-2.143320543636119,0.4667729137065734,6.5,-0.2618893412471021,0.1358738656292557,0.1179572705329694
14.57,47.09025143,5.71045574,0.8218799330454681,0.0996662544524092,0.1541668325488598,-0.1026246763814806,-2.352166910385996,0.8428552958774299,-2.069024906345035,0.4365532707111243,6.5,-0.0018206340974062,0.1415271144575022,0.0007702389999861
14.58,46.15197211,5.14697309,0.8055038696080946,0.0898316269320464,0.1300617583802756,-0.0950628446239254,-2.4105074168588945,0.7561831757556751,-1.9956176625381683,0.4018730969882531,6.5,-8.213183453114911e-06,0.1466462054846327,3.211511885045729e-06
14.59,45.16938353,4.62805146,0.7883544636945988,0.0807747359287306,0.1055087033269438,-0.0882816626724887,-2.4553055053336688,0.6781181951437998,-1.923580177338916,0.3667453087290027,6.5,-3.6362755741959824e-08,0.1511690181805778,1.3014574892272374e-08
14.6,44.13875565,4.17777578,0.7703666138257499,0.0729159427710742,0.0806302070577725,-0.0821642110067473,-2.4878496269158554,0.6117451665738315,-1.852279454752337,0.3342967204825214,6.5,-2.1654906884292628e-10,0.1550587799214645,7.0793664823344e-11
14.61,43.09240556,3.87320478,0.752104359626711,0.0676001760149826,0.0555861980327398,-0.0764938064307585,-2.504400902503773,0.5670404575989889,-1.7819257861771205,0.3135206316643685,6.5,-4.891274300329933e-12,0.1582074501518348,1.5014067712384896e-12
14.620000000000001,41.95553889,3.64434991,0.732262293079027,0.063605905024259,0.0304213780171896,-0.0711632100260726,-2.51648200155552,0.5330596404687032,-1.7107063855553697,0.2984169580027285,6.5,-2.205467308957129e-13,0.160579390025474,6.449269738088952e-14
14.63,40.69957454,3.49496067,0.7103415798838566,0.060998570919207,0.0051382677057923,-0.0660664354715427,-2.5283110311384327,0.5096774554527285,-1.6386629230878398,0.2900763558050269,6.5,-2.2834864798339385e-14,0.1620428867437015,6.494140941878837e-15
14.64,39.43865653,3.57725722,0.6883344090116619,0.0624349166797391,-0.0201014419595316,-0.0608973969551337,-2.523970966532905,0.5169038516410014,-1.5669246799004062,0.3067066994406968,6.5,-4.2959747794029234e-14,0.162498507057347,1.2905108764160743e-14
14.65,38.11656546,3.84334901,0.6652595668289469,0.0670790945277644,-0.0452269291022079,-0.0554396306916513,-2.512548714268133,0.5457766263483478,-1.494922347915413,0.3435054539944409,6.5,-5.958214597053417e-13,0.161929162561084,2.000420011130353e-13
14.66,36.78505301,4.36124576,0.6420202905451505,0.0761180980006424,-0.0701016852611168,-0.0494030341146364,-2.4874756158913853,0.6036596577016045,-1.4224235735031825,0.4087697408713166,6.5,-8.413902292009494e-11,0.1603440087203718,3.3440815195956846e-11
14.67,35.28818196,4.96550416,0.615894962244866,0.0866643966134753,-0.0948176340076109,-0.0427488300832356,-2.471594874648137,0.6654204031397419,-1.3510346797874877,0.4822230291941144,6.5,-1.0290521213901214e-08,0.1578619829427236,4.776732565329954e-09
14.68,33.81061124,5.84046467,0.5901064882498027,0.1019353383379041,-0.1192040220017877,-0.035194626174362,-2.4386387994181677,0.7554203908875162,-1.2788751898621755,0.5847456811278354,6.5,-5.570438245658383e-06,0.1545303645321015,3.076024145635068e-06
14.69,32.24342647,6.86552074,0.5627539540261927,0.1198259417769575,-0.1432564994177348,-0.0266497465630638,-2.405247741595194,0.8544879611299843,-1.2079375356508122,0.699213578921239,6.5,-0.0025620952093864,0.1505696885991248,0.0016487151631921
14.700000000000001,30.66886357,8.08286853,0.5352726471414424,0.141072668854334,-0.1668588630272766,-0.0169795171046274,-2.360236360952972,0.9670229458431449,-1.1365662414815472,0.8264279427961848,6.5,-1.030670586704453,0.1460171482078767,0.757963642868295
14.71,29.05999451,9.46170924,0.5071925848109762,0.1651379791043703,-0.1899440399777202,-0.0061087440441673,-2.3085176950448107,1.087077306046227,-1.0655976974825123,0.9582996371612044,6.5,-6.401615816163646,0.141016727103268,5.2381149287525925
14.72,27.46105021,10.98832276,0.4792857422199802,0.1917824114338306,-0.2123919629403735,0.0060056762613073,-2.2447922962657847,1.2114420305477127,-0.9936514061153277,1.089241060878969,6.5,-6.499555895690792,0.1355063861586328,5.761249170703691
14.73,25.88321365,12.63722542,0.4517472991896392,0.2205611918957232,-0.2340803646374386,0.0193610067637361,-2.168840169706938,1.3355330502431415,-0.9202959173216833,1.2144874639088818,6.5,-6.499996627906482,0.1293917736399399,6.092616960609441
14.74,24.3644618,14.3950291,0.4252400788863841,0.251240653715396,-0.2548486054792669,0.033928688629547,-2.076824084181764,1.456768186580347,-0.8438573017389644,1.3319664121278856,6.499999999999998,-6.49999995659867,0.1223231254126036,6.316048801008372
14.75,22.88885436,16.21989505,0.3994858705914594,0.2830905729504303,-0.2745764726072778,0.049617860641057,-1.972786712801487,1.5689172011513144,-0.7651239529552355,1.440378917295309,6.499999999999993,-6.499999998947898,0.1139541549778403,6.444992945772546
14.76,21.49138484,18.10674215,0.3750954262711947,0.3160222673271369,-0.2931111595801365,0.0663306941064556,-1.8534686972862395,1.6712833465401895,-0.6823988108227232,1.5407111394399484,6.49999999999986,-6.499999999956014,0.1033612704070846,6.497069518137515
14.77,20.1707547,20.01589497,0.3520460821271211,0.3493432699598716,-0.310321125856084,0.0839165112280511,-1.7209966275950932,1.7585817121598972,-0.5959623628333652,1.6338905907097294,6.499999999995252,-6.499999999996611,0.0895128750184439,6.48711392391575
14.780000000000001,18.9254969,21.92648074,0.33031223348098,0.3826892822881227,-0.3260954825301412,0.102202341567558,-1.5774356674049064,1.828583033949757,-0.506324157524847,1.7214092358394106,6.499999999710946,-6.499999999999528,0.0744346206232999,6.426666992448893
14.790000000000001,17.75813829,23.82300698,0.3099379821849756,0.4157899095265909,-0.3403375304330873,0.1210029990621455,-1.424204790294892,1.8800657494591249,-0.4139410387604457,1.804630588049758,6.499999966011095,-6.499999999999885,0.0650810255993903,6.323634362708055
14.8,16.64826986,25.65650959,0.2905671238175354,0.4477905669150004,-0.3529960211547943,0.140077665006736,-1.2658490721709568,1.907466594459428,-0.3210397174627142,1.885303052842359,6.499992401467211,-6.499999999999946,0.0647265556983011,6.1819563716023165
14.81,15.64870119,27.53752911,0.2731213594262547,0.4806205508332837,-0.3639604715807605,0.1593523924520003,-1.0964450425960612,1.9274727445254485,-0.2247497084339781,1.9619276690443528,6.49523199130903,-6.499999999999969,0.0450355297802825,6.01003345137387
14.82,14.72289779,29.38795893,0.2569630418700966,0.5129166437693697,-0.373190322696768,0.1786512545234025,-0.9229851116009328,1.929886207140597,-0.1288257908274599,2.0365032723166765,2.891259670681018,-6.4999999999999725,-0.003447361302784,5.808663675552831
14.83,13.84938574,31.19959395,0.2417173805417513,0.544535639712803,-0.3806887836078501,0.1978003186578542,-0.749846091108352,1.914906413445556,-0.0358262548941822,2.1095381734836964,0.0011253527724518,-6.499999999999961,9.205567495551556e-06,5.5799536335667295
14.84,13.01935618,32.98470913,0.2272306318308715,0.5756917771311343,-0.3864817971958411,0.2166563926697153,-0.5793013587992155,1.885607401186488,0.0529153176887046,2.180777330753601,9.026554520033421e-08,-6.499999999999921,-4.071621782223815e-09,5.328018800733444
14.85,12.2367293,34.74137034,0.2135712159602609,0.6063512990877019,-0.3905984490856357,0.2350862171250554,-0.4116651889792547,1.8429824455330623,0.1372859442983161,2.250312467808558,3.239685991574796e-12,-6.49999999999977,-4.513276020721281e-13,5.055934849214193
14.86,11.48676494,36.47591887,0.2004818686056489,0.6366248819718295,-0.3930963734852781,0.252977773336821,-0.2497924399642856,1.7891556211769113,0.2160809601519652,2.317874029900385,1.6613242317999663e-16,-6.499999999999076,-3.551737143441548e-17,4.768189607286826
14.870000000000001,10.76257227,38.18715907,0.1878423220953401,0.6664916577543157,-0.3940482551977775,0.2702290958819228,-0.0951881712499625,1.7251322545105243,0.2890077228147537,2.3834548051165534,1.6075070528738774e-19,-6.499999999994888,-4.555156911781468e-20,4.4682762432948495
14.88,10.06097711,39.8599078,0.1755971765372837,0.6956866306513695,-0.3935350321663636,0.2867291277304805,0.0513223031413671,1.6500031848549253,0.3562426127572478,2.447630405509391,5.561465988301212e-20,-6.499999999958728,-1.9348996765529072e-20,4.156628839507671
14.89,9.37534663,41.49054102,0.1636306672092545,0.7241465492327666,-0.3916495194886334,0.3023748426169311,0.1885512677730558,1.5645714886453723,0.4178702702189492,2.510473437146532,5.2609525422095104e-18,-6.499999999504549,-2.1353525286486928e-18,3.8355745665136616
14.9,8.70695387,43.08725744,0.1519650128507623,0.7520145079824231,-0.3884839410297686,0.3170873442825977,0.3165578458865467,1.4712501665669548,0.4745438312202189,2.5715267262900148,6.4612950147339665e-15,-6.499999991377641,-2.9551132965942987e-15,3.5097598963714853
14.91,8.05418784,44.62860949,0.1405720963820902,0.7789161761872874,-0.3841333926075281,0.3307702007328414,0.435054842224134,1.3682856450246474,0.5267185789912054,2.6317225382780274,9.95910920580692e-12,-6.4999997559752485,-5.010550489486101e-12,3.175281396212699
14.92,7.41953109,46.11297996,0.1294952464745837,0.804823328208163,-0.3786893563951996,0.3433383753297526,0.5444036212325688,1.2568174596904744,0.5750495781475208,2.691034188762877,7.831108219403133e-09,-6.499988309013938,-4.2611610836367315e-09,2.8327008756873955
14.93,6.80676264,47.53024581,0.1188004194697414,0.8295592836667391,-0.3722376274400786,0.3547063209874866,0.6451728955122311,1.1367945657736231,0.6201827880421449,2.749858016143892,2.609149615641275e-06,-6.498952797593742,-1.51660065392439e-06,2.4794989380789816
14.94,6.21833929,48.87435212,0.1085304946166265,0.8530183642730707,-0.3648600676288259,0.3647940934047016,0.7377559811254177,1.0087772417217042,0.6626153263582005,2.8083885503301147,0.0003838184203624,-6.311200794953876,-0.000236098421715,2.056626491664137
14.950000000000001,5.66312036,50.13683333,0.0988400962187265,0.8750528181321328,-0.3566255569252932,0.3735241473028277,0.8234510703528437,0.8730053898121622,0.7030865559713898,2.866948125508729,0.028793875979591,-0.4544540275495983,-0.0186140205916353,0.1225027388587248
14.96,5.13270215,51.31450966,0.0895825520416918,0.895607147613436,-0.3476144994398696,0.3808288263468209,0.9011057485425372,0.7304679043994687,0.7414381099252677,2.9255997134373937,0.9718748431014672,-0.000401288014711,-0.6562167743910589,8.575794846527317e-05
14.97,4.6367785,52.38870796,0.0809270515106839,0.9143554447677618,-0.3378923744289525,0.3866289703467442,0.972212501091906,0.5800143999924389,0.7783583522015586,2.985205640285557,5.256788291641704,-9.474493331795172e-08,-3.690121395926951,1.4963387011469955e-08
14.98,4.17785245,53.36242614,0.0729172809150117,0.9313500329952884,-0.3275204801909645,0.3908647651617055,1.0371894237990074,0.4235794814962123,0.8141292812034289,3.0455045786222112,6.404158466766865,-7.042639713006916e-12,-4.6558891129839886,6.714524959814918e-13
14.99,3.73656312,54.19910243,0.0652153291525919,0.9459527890291596,-0.3165861585483101,0.3934408655551872,1.0934321642648803,0.2576100393480455,0.8481056232680614,3.108293432987112,6.490031632625697,-2.694706491604872e-16,-4.867143704176417,6.670123607222769e-18
15.0,3.32862517,54.91613599,0.0580954687812559,0.9584673854984558,-0.3051516501401111,0.3943030923478047,1.143450840820126,0.0862226792617609,0.8811479347935894,-3.1106618082473885,6.498571154299201,-1.292882032764477e-19,-5.013112594082761,-1.034436226190893e-21
15.01,2.93389802,55.48178021,0.0512061803667424,0.9683397395323308,-0.2933053323500273,0.3933687992519758,1.1846317790086185,-0.0934293095829061,0.9126202601137056,-3.04342593512475,6.499692566316491,-1.4084300449504365e-19,-5.141859060676778,-3.240878138092956e-23
15.02,2.54793076,55.89556618,0.0444697808748414,0.9755616671073896,-0.2811373836099598,0.3905721175930706,1.2167948740069912,-0.2796681658905732,0.9425697829618062,2.925855193966985,6.499902863752459,-7.797711690853274e-16,-5.258993004173662,1.6645497230924886e-16
15.030000000000001,2.14118154,56.12076995,0.0373706677559226,0.9794922143817936,-0.2687738025332533,0.3858138231636706,1.2363581076700216,-0.4758294429397633,0.9701302885261026,3.025202749538627,6.499949377626681,-1.4838595403462996e-10,-5.362491846099752,1.7481191933304266e-11
15.040000000000001,1.72856935,56.18206985,0.0301692265065582,0.9805620994679368,-0.2563112335481203,0.3790479803114516,1.2462568985135465,-0.6765842852220274,0.9960935378947252,3.1319609819418623,6.499961740955315,-1.9623927972335704e-05,-5.456226706107755,1.0844329799162365e-07
15.05,1.28019601,56.05582032,0.0223436354453942,0.9783586294903416,-0.243880707467438,0.3702124486457097,1.2430526080684736,-0.8835531665743727,1.0195953522751835,-3.036274150881604,6.499952318398695,-0.6802942733681777,-5.537871103772114,0.0003369253029632
15.06,0.82465768,55.77452954,0.0143929917178577,0.9734491792238384,-0.2315631192383126,0.3593068185893328,1.2317588229119074,-1.0905630056371267,1.041811310681268,-2.9172251783310856,6.499918804641656,-6.4935276569353295,-5.612198641088315,-0.0448503157103899
15.07,0.30320538,55.29712575,0.0052919321907605,0.9651169112268388,-0.2195135658419756,0.3462876914295796,1.204955339633938,-1.301912715975582,1.060846959638026,-2.792994908842628,6.499743040293035,-6.499997803939809,-5.673540826106168,-0.0650302004508073
15.08,-0.22926068,54.676377,-0.0040013537113611,0.9542828017116995,-0.2077971789337761,0.3311997559457544,1.1716386908201897,-1.5087935483828143,1.0786712223654886,-2.6699571260018824,6.498911329242539,-6.499999997653265,-5.728512857180352,-0.0697339518655826
15.09,-0.82148749,53.89124474,-0.0143376614644439,0.9405796587110754,-0.1965392757541036,0.3140684402675637,1.1257903179674724,-1.7131315678194114,1.093653191237791,-2.54862836490929,6.491805471317178,-6.499999999994186,-5.767599747815229,-0.0889907784723433
15.1,-1.42758242,52.98118299,-0.0249160135725885,0.924696084777114,-0.1857888127712277,0.2949834152112063,1.0750462982870408,-1.9085025056347635,1.1073440583629777,-2.4331879620872923,6.417494390165401,-6.499999999999967,-5.741420351105172,-0.1069382166907913
15.11,-2.05584212,51.95705746,-0.0358812138951803,0.906821722324882,-0.1755991167220548,0.2740542367955483,1.0189696049174912,-2.092917841566222,1.1194274170149623,-2.324748771991928,5.4713055966390565,-6.499999999999999,-4.924123602323327,-0.1195994617140566
15.120000000000001,-2.69165227,50.84213011,-0.0469781944302793,0.8873625691468467,-0.1659954961149583,0.2514249701081797,0.960362060709843,-2.2629266687373035,1.1303648507429818,-2.224220618056897,1.4071342436018175,-6.5,-1.273047673012181,-0.1291359779257055
15.13,-3.30503725,49.66457026,-0.0576837819135589,0.8668102726250562,-0.156956059390813,0.2272772913605015,0.9039436724140604,-2.414767874766585,1.1412140446144992,-2.131818658939485,0.0864310395705964,-6.5,-0.078590249030764,-0.1367802643193384
15.14,-3.8697453,48.45256913,-0.0675397966985757,0.8456568623686644,-0.1484207687603491,0.2018264837389929,0.8535290630465603,-2.5450807621513705,1.1529936099994251,-2.047054563062632,0.0049766290320259,-6.5,-0.0045492669637914,-0.1431088628151718
15.15,-4.36488493,47.22503724,-0.0761816134991822,0.8242323892149356,-0.1403022846374092,0.1753049124602581,0.811848412294156,-2.6521571278740117,1.1665900720452314,-1.968766364510028,0.0004037880970836,-6.5,-0.000371306629309,-0.1483946098071366
15.16,-4.75715366,45.99602637,-0.0830279943902988,0.8027821029906356,-0.1324715475148722,0.1479526848142184,0.7830737122538515,-2.7352227646045115,1.1833559090251653,-1.8956272023710052,6.447550402455215e-05,-6.5,-5.970566304070119e-05,-0.152769964044482
15.17,-5.00192712,44.80978341,-0.0873000971887975,0.7820782576100322,-0.1247462872849173,0.1200565557129781,0.7725260229950975,-2.7896129101226,1.2049383196528154,-1.8269651498094868,3.07643566926568e-05,-6.5,-2.87325235121946e-05,-0.1562768589985243
15.18,-5.10217765,43.62879217,-0.0890497990141668,0.7614660720348215,-0.1169622513210665,0.0918335951337138,0.7784035963852376,-2.822296057926992,1.2309676318595293,-1.7605444891308633,4.126305439507959e-05,-6.5,-3.890867885417237e-05,-0.1590107471232503
15.19,-4.99843922,42.51521493,-0.0872392218498172,0.7420304827215505,-0.1088865201994688,0.0635705363223985,0.8075731121599313,-2.8263058811320896,1.2628002169792256,-1.696023547617297,0.0002331310936842,-6.5,-0.0002221882383713,-0.1609567940752872
15.200000000000001,-4.71092944,41.40235801,-0.0822212295571326,0.7226074653639474,-0.1003346255209302,0.0354417755802137,0.855189467853416,-2.8128760742170456,1.298698591940341,-1.631491609786309,0.0036662164687151,-6.5,-0.0035317062992923,-0.1621341271027051
15.21,-4.19603933,40.32344076,-0.0732347018516768,0.7037768069948845,-0.0910796708234192,0.0076526035064802,0.9254954697512844,-2.7789172073738992,1.3385187602782282,-1.5663771939877869,0.1678466287133263,-6.5,-0.1633526213110116,-0.1624980549793178
15.22,-3.46110953,39.24025707,-0.0604077570706534,0.684871685200483,-0.0809275814351168,-0.019661341726285,1.0152089388304442,-2.731394523277077,1.3805287651031302,-1.499828739579836,4.6385981594342,-6.5,-4.555159657037021,-0.1620003248902833
15.23,-2.50392421,38.14153613,-0.0437017216848979,0.6656953872368759,-0.0697025369885655,-0.0463929356783047,1.1225044446553574,-2.6731593952024952,1.423428271863774,-1.431463511083729,6.481781735801939,-6.5,-6.411766556612688,-0.1605949725697965
15.24,-1.33001312,37.0115024,-0.0232131080387224,0.6459725779897832,-0.0572573523696062,-0.0724681026337378,1.2445184618952865,-2.6075166955419826,1.4660965861643267,-1.3612068629106204,6.499890382135615,-6.5,-6.464424227385471,-0.1582678190544222
15.25,0.02938357,35.82150096,0.0005128400424902,0.6252031347583096,-0.0435076630498602,-0.0978611475899273,1.3749689319748772,-2.5393044956194544,1.5075987564274644,-1.2895505690469122,6.499999228380011,-6.5,-6.487070933345691,-0.1550706226221617
15.26,1.57419212,34.58243356,0.0274748355529496,0.6035773289741839,-0.0283844284136042,-0.1225374958567624,1.5123234636258986,-2.467634826684,1.5477076812452697,-1.2167150393241828,6.499999993287956,-6.5,-6.4982739896653525,-0.1510924827540946
15.27,3.2668061,33.26943599,0.0570165224692351,0.5806611983069992,-0.0118850003290789,-0.1465030775551717,1.6499428084528656,-2.396558169841403,1.5862564951944895,-1.143802382146942,6.499999999913123,-6.5,-6.499226104839933,-0.1465016867828178
15.280000000000001,5.08243015,31.88088074,0.0887051401201292,0.5564263373486462,0.0059498166034152,-0.1697696206078194,1.783481693248504,-2.326654305263576,1.6233951013568904,-1.0716217437763391,6.499999999998224,-6.5,-6.4910436969652405,-0.1414580838477729
15.290000000000001,7.02683434,30.47234096,0.1226413952252026,0.5318426805423297,0.0250816658069083,-0.1922765837451536,1.9131849203496845,-2.250696313733876,1.659329971123797,-0.9989122636652114,6.499999999999948,-6.5,-6.47463462655527,-0.1359246237913655
15.3,9.02351294,28.99637916,0.1574900108993135,0.5060822874986677,0.0453610779985397,-0.2140367731952377,2.0279412191635497,-2.17601894500884,1.694502373759442,-0.9279525463397434,6.499999999999997,-6.5,-6.450502786233409,-0.1300568276783056
15.31,11.0996819,27.54112433,0.19372599507902,0.4806832992596173,0.066680419125118,-0.2349468150102925,2.131934112656735,-2.091004181504415,1.729030895655265,-0.8554416333993027,6.5,-6.499999999999999,-6.419070597479856,-0.1234509435347661
15.32,13.18028381,26.07142058,0.2300393488318027,0.4550321297932097,0.0888300543060685,-0.2549639091191581,2.2149635180954967,-2.0017094108869524,1.7635558897530317,-0.7832868840439231,6.5,-6.4999999999999964,-6.38000412180122,-0.1160082048368694
15.33,15.30792495,24.69546226,0.2671736920256883,0.4310171267389999,0.1116701699822543,-0.2739071325778787,2.284011567619032,-1.8943223458724396,1.7979233937286283,-0.7061794054942527,6.5,-6.4999999999999485,-6.333570449113716,-0.1066418543231471
15.34,17.37160939,23.30791121,0.3031917802258637,0.4067997923769955,0.1349140985653709,-0.2917586235274926,2.3243928583121205,-1.7851490949617463,1.8332484185930784,-0.6301697990299888,6.5,-6.499999999999123,-6.278047485842066,-0.0953361832092448
15.35,19.46395841,22.06045037,0.3397101597257404,0.3850274934293013,0.1584227918447342,-0.3083027868287085,2.3508693279351283,-1.6544163301207366,1.868704718312544,-0.5466810483773991,6.5,-6.499999999967638,-6.214432166355133,-0.0809480125531288
15.36,21.4889554,20.8472421,0.3750530245442151,0.3638530146053769,0.1819336510615978,-0.3234918760503579,2.351085921686831,-1.5189089221652488,1.9054809047495456,-0.4627059408045897,6.5,-6.499999998202411,-6.140177753504216,-0.0687178133860401
15.370000000000001,23.49316409,19.73707678,0.4100330650817974,0.3444769745299205,0.2052687368642131,-0.3371966753736838,2.33350858026199,-1.3704799323328638,1.943059812692234,-0.3743461926748599,6.5,-6.499999785645183,-6.055696610449382,-0.0647758736367967
15.38,25.4689095,18.72619871,0.4445163276674627,0.3268338238722147,0.2282543345098499,-0.3493119046568825,2.2985597645625004,-1.211522928319244,1.9815972069994363,-0.2826026888589488,6.5,-6.499939840826485,-5.9601411496123164,-0.0615355123562323
15.39,27.39120339,17.75797501,0.4780666852389325,0.3099351324113729,0.2506978217431558,-0.3598266189148892,2.2443487233310377,-1.0514714258008857,2.0215349888185594,-0.1924085888841851,6.5,-6.467005831697228,-5.85172549828835,-0.0264828012841651
15.4,29.28680586,16.87654874,0.5111511896493695,0.2945513418863004,0.2724617892567891,-0.368680463634977,2.1763967513637628,-0.8853844720089529,2.0624346360071475,-0.1014483504128681,6.5,-0.7160230226655938,-5.73096826467344,9.751272126464728e-05
15.41,31.13088539,16.02627583,0.543336449116499,0.279711280066287,0.2933893478888447,-0.3759030227814466,2.092755863205981,-0.7222559146471013,2.104780544142209,-0.0146330486307049,6.5,-0.0002238861948083,-5.595778112476488,-1.221792729053366e-06
15.42,32.93404308,15.21187519,0.5748074877396543,0.265497307467938,0.3133555544992982,-0.3815249081174952,1.9966206610443291,-0.562188533604575,2.148355323982478,0.0679250976610226,6.4999999999999964,-2.630043801204956e-08,-5.446127974113359,1.6375760743896315e-09
15.43,34.69344898,14.42230387,0.6055149135736684,0.2517166882546202,0.332247144099676,-0.3855988391479748,1.889158960038149,-0.4073931030480404,2.1932018887671028,0.1452145045342494,6.499999999999953,-1.8146804882745825e-12,-5.281260157360049,2.6701041292901545e-13
15.44,36.41062842,13.65422302,0.6354853486492208,0.2383111485006035,0.3499683357691012,-0.3881871765764466,1.7721191669428733,-0.2588337428472269,2.239242608862741,0.2170611348008579,6.49999999999906,-1.813784080765648e-16,-5.100922794797483,3.8944081483186836e-17
15.450000000000001,38.08272795,12.9049102,0.6646689908687704,0.2252331726641999,0.3664340196285124,-0.3893599639438582,1.6465683859402849,-0.1172787367411065,2.2864934179227885,0.2835227585196593,6.49999999997122,-1.8766289077963764e-19,-4.90461271510177,5.21876121366809e-20
15.46,39.70992834,12.1804885,0.6930689952640062,0.2125896288263053,0.3815736466461528,-0.3891819363812691,1.5139627017643336,0.0178027562589146,2.3348702693207453,0.3453331720908816,6.499999998624409,-2.2041572290056223e-20,-4.6923505757920525,7.438823004709873e-21
15.47,41.29335576,11.48947441,0.7207050172093653,0.2005291577781329,0.3953318393882328,-0.3877093089016716,1.3758192742082749,0.147262747959777,2.3842364381586103,0.4033361568183649,6.499999894443461,-5.0283917885752695e-19,-4.464585357375025,1.9730655441411248e-19
15.48,42.82311281,10.83391368,0.7474043144874609,0.1890874645928553,0.4076523463276048,-0.3849988669222682,1.2320506939374485,0.2710441979403938,2.4348039731853803,0.4579222123515553,6.499985759465016,-2.861021473013347e-16,-4.220268478119935,1.2658699785283221e-16
15.49,44.30914936,10.23732224,0.7733405450899382,0.1786749796756411,0.4185058708008443,-0.3810785285988647,1.0853524473233898,0.3920338323401544,2.4860881675044806,0.510644797401998,6.49661824362687,-5.028914559315323e-13,-3.9598584828293695,2.460044406866342e-13
15.5,45.73508893,9.70165573,0.7982278855209105,0.169325835383474,0.4278518183742159,-0.3759786179361091,0.9345947573373452,0.5099910662756628,2.5385552492475263,0.5616517992136527,5.1878157234536895,-8.011646671572375e-10,-2.9430020825486154,4.269342901903342e-10
15.51,47.09212135,9.23346697,0.8219125693062169,0.1611544000006445,0.4356499113048992,-0.3697252895568258,0.7798092930684893,0.6253328379284518,2.5924157385145814,0.6113244752648599,0.0229087579523517,-7.470873916516765e-07,-0.011966065036034,4.288763865964588e-07
15.52,48.37460746,8.82435582,0.8442961745368112,0.154014063426524,0.4418648201616096,-0.3623609528021878,0.6214908856711681,0.7364336754639456,2.6477634616069783,0.6592798063584034,8.444435689760936e-06,-0.0003338781708109,-4.006451613495889e-06,0.0002045021378211
15.530000000000001,49.57321316,8.49530221,0.8652157904349825,0.1482709945164507,0.4464609251637669,-0.3539030077901984,0.4596105002154884,0.845794501198505,2.704865490373752,0.7065820764462959,1.4046616120053544e-09,-0.0836042341835191,-5.944805078708201e-10,0.054268894220521
15.540000000000001,50.67583785,8.23329043,0.8844602216892643,0.1436980262764397,0.449398775996441,-0.3443917187335914,0.2937850832674756,0.9511289056608924,2.764140656659562,0.7526171441997326,2.0316993787210298e-13,-4.158917112457882,-7.47786268012344e-14,2.8422365756744035
15.55,51.67060681,8.03097003,0.9018222153379042,0.1401668691524878,0.4506359857292212,-0.3338805511520857,0.1237209732780377,1.0511167581507757,2.8260247402436685,0.7971649483340421,1.964348475056523e-16,-6.451754382647339,-6.068371388512453e-17,4.614607502416318
15.56,52.54752174,7.87765681,0.9171272681262996,0.1374910486766533,0.4501303501152698,-0.3224393592958577,-0.0505635613951079,1.1441191856222142,2.890876989592105,0.8399575348145466,4.1302068263009315e-17,-6.498853251338422,-1.01866439647372e-17,4.838522505405264
15.57,53.29601039,7.73991748,0.9301908594826072,0.1350870438586623,0.4478393373982304,-0.3101835049620085,-0.229101271703992,1.2255854333851677,3.075795408394541,0.8799870220057207,7.815614369454879e-15,-6.499947321593239,-4.672287321111191e-16,5.009361237316061
15.58,53.90999385,7.62006659,0.940906892412394,0.1329952512167168,0.4437266114738041,-0.2972212598135426,-0.4112725924427115,1.2962245148468468,-3.1222516646257485,0.9177454757361362,7.963079990172563e-11,-6.499995806754447,5.203199515521845e-13,5.162446303977266
15.59,54.38454693,7.49188629,0.949189406133874,0.1307580829455227,0.4377633902941631,-0.2836923353879977,-0.5963221179642119,1.3528924425547622,-3.033870497377601,0.9526970969736308,1.8505323268397784e-06,-6.499999393910912,-1.2582326125041987e-09,5.297559152629583
15.6,54.72054142,7.336698,0.9550536162529334,0.1280495363244829,0.4299360535896675,-0.2697544027902059,-0.7827336704491642,1.3937932597784672,-2.943088513941548,0.9846584634083214,0.02264106333817,-6.49999984014138,0.0001068672808508,5.415430765804524
15.610000000000001,54.93727447,7.15530427,0.9588363215733228,0.1248836184935093,0.4202704714339848,-0.2555543784223128,-0.9665582155684618,1.4200024367895907,-2.852001848668641,1.0140673850034911,6.062339865840306,-6.499999928816102,0.0582529748478981,5.518980779285961
15.620000000000001,54.99504882,6.89803091,0.9598446742040224,0.1203933512838406,0.4087473501804433,-0.2412966907642737,-1.1523121253543838,1.4257687658041895,-2.7588286070479677,1.0397515801271362,6.4997197095564,-6.4999999363422365,0.0647058061443686,5.605491428614378
15.63,54.94716803,6.59659701,0.9590089967700663,0.1151323372517133,0.3954342481039254,-0.2271273950930536,-1.331310207651106,1.4169295671212856,-2.6678257572907795,1.0630065758367715,6.499999520281946,-6.49999990666424,0.0699896838240757,5.680611590610554
15.64,54.77172644,6.22033619,0.9559469633796324,0.1085653470964595,0.3803745418421365,-0.2132222465435638,-1.5059706261791923,1.3905148549492614,-2.578111995521595,1.083127016078273,6.49999999821912,-6.499999747771397,0.0838404856576773,5.74311266617834
15.65,54.49735337,5.79057651,0.9511582499293276,0.1010646256881423,0.3636587922693559,-0.1997129333673606,-1.6715749572783871,1.3509313176205815,-2.491710064279716,1.1008720065101052,6.499999999985727,-6.499998886934823,0.0985074274246403,5.796292925883453
15.66,54.13040138,5.31429143,0.9447537295070824,0.0927518828640177,0.3453897246223495,-0.1867091100205073,-1.826906764701005,1.3003823346855936,-2.408914185227072,1.1164914962355488,6.499999999999779,-6.499992276603911,0.1100620330975258,5.8415785082903104
15.67,53.68445535,4.82226396,0.9369705029973848,0.0841643835022601,0.3256906055394991,-0.174267203277926,-1.9699119082840304,1.2441906742574884,-2.3301310086046296,1.1308888226284357,6.499999999999994,-6.499927951854627,0.1190398535654699,5.881998019922714
15.68,53.12819926,4.26828097,0.9272620027426148,0.0744955563267173,0.3046409309571192,-0.1624983978124037,-2.1049674582384075,1.1768805465524703,-2.2536152190222163,1.1426549062568407,6.5,-6.49882193330833,0.126504638109354,5.9131609410188775
15.69,52.48628684,3.71983409,0.9160585175041702,0.064923352498427,0.2823565902561694,-0.1514098188633756,-2.22843407009543,1.10885789490303,-2.1802212647724866,1.153728909111036,6.5,-6.476719527681319,0.132883399763065,5.922469792961664
15.700000000000001,51.74676964,3.15812637,0.9031515074890408,0.0551197033505566,0.2589357951399857,-0.1410293416723064,-2.3420795116171687,1.0380477191063904,-2.109145399534621,1.1634994049331209,6.5,-5.920668834577388,0.1385330331369324,5.437177265414344
15.71,50.63838582,2.62725806,0.8838065604542087,0.0458543034465587,0.2341023559050911,-0.1313187051012544,-2.4833439234899477,0.971063657105391,-2.0322514958988607,1.1733166787533305,6.5,-1.7288869534158746,0.1441511312126677,1.594349049744899
15.72,49.69544316,2.11919441,0.8673491063796953,0.0369869199443586,0.2083477295636817,-0.1222494325555509,-2.575462634141456,0.9069272545705332,-1.965753663266241,1.1829649734071694,6.5,-0.0761938245654262,0.1485863107999548,0.0705458170149449
15.73,48.68614574,1.68977369,0.8497335432688111,0.0294921145040739,0.1818109565566616,-0.1137158475605533,-2.653677300702537,0.8533584994999279,-1.901443426390502,1.1943587045872497,6.5,-0.0036337325295806,0.1524445732955055,0.0033798076184395
15.74,47.55285352,1.26616431,0.8299538626425752,0.0220987360807421,0.1545457934680934,-0.1057157819182332,-2.7265163088554267,0.8000065642315952,-1.837821704380266,1.205185768491015,6.5,-0.0001430657459836,0.1557656868093937,0.0001336296156949
15.75,46.40163315,1.12668053,0.8098612767700479,0.0196642848666147,0.1267527882293311,-0.0978676367971426,-2.77930052387678,0.7848145121092227,-1.7765059488404862,1.224876574342147,6.5,-5.233583308447628e-05,0.158418200693344,4.924259918640694e-05
15.76,45.21066608,1.14045007,0.7890749801157181,0.0199046086760998,0.0985901347103996,-0.0899956469476924,-2.8162653518937137,0.7871989849451753,-1.7164801167229888,1.248939691649927,6.5,-5.729564901529919e-05,0.1604202025002178,5.436061056229521e-05
15.77,43.95572364,1.28849163,0.7671721026147067,0.0224884213278885,0.0701727188890874,-0.0819636370684839,-2.8417415821317897,0.8032009879210088,-1.6570873920046767,1.2763521579636294,6.5,-0.0001467550469777,0.1617626151068609,0.0001404557328246
15.780000000000001,42.67053976,1.60492104,0.7447414124151509,0.0280111563825316,0.0416547065917069,-0.0736009982654668,-2.851801229736582,0.8362638803012796,-1.5982706675699705,1.3074740503611926,6.5,-0.001032259863118,0.1624248623616899,0.000996778790542
15.790000000000001,41.26847382,1.994959,0.7202707454320817,0.0348186029922935,0.0130596095042275,-0.0648806571360469,-2.8595097087485173,0.8720341129421633,-1.539552288066974,1.3392403503750925,6.5,-0.007924892258324,0.1624028454925367,0.0077140186326163
15.8,39.83534006,2.53983381,0.6952578426985955,0.044328462437972,-0.0154718997194115,-0.055670176471822,-2.853150922364477,0.9210480664226736,-1.481034120447072,1.3730904717840309,6.5,-0.1145250410831767,0.1617024723071413,0.1123012108321511
15.81,38.34344551,3.19890879,0.6692193707085364,0.0558314908564878,-0.0438485190462295,-0.0459054737618706,-2.8376619326803394,0.976470270994638,-1.4226040929137402,1.4075990343048383,6.5,-1.5806296355923046,0.1603491646399632,1.5596982601802043
15.82,36.79761318,3.96230145,0.6422395068662609,0.0691552062590454,-0.0719801810775704,-0.0355443387055943,-2.813166203134652,1.036113505627836,-1.364208324418322,1.4422498640410868,6.5,-5.580528139363711,0.1583843700322805,5.534645950846049
15.83,35.20758734,4.82265768,0.6144883207664723,0.084171255212591,-0.0997717358872439,-0.0245615797270299,-2.7791554809679004,1.0982758978566656,-1.3057422008909274,1.476715809765698,6.5,-6.44138914308983,0.1558597707505964,6.413006060301416
15.84,33.5761037,5.76932066,0.5860135595560504,0.1006936411203323,-0.1271335980385412,-0.0129523225555269,-2.736186215130278,1.160925717150528,-1.2471719541042847,1.510762946631414,6.5,-6.496275298910396,0.1528369405876633,6.484615556592356
15.85,31.93212746,6.78410255,0.557320761343494,0.1184049262904432,-0.1539457427673561,-0.0007406387887109,-2.681214472880113,1.2211683766809776,-1.1880234189152703,1.544238640541377,6.5,-6.499702071540298,0.149352083019628,6.497418575982316
15.860000000000001,30.26726848,7.85940071,0.5282634905610994,0.13717241962308,-0.1801123069920766,0.012037141514989,-2.6166564224725786,1.2777780303702462,-1.1284305763027298,1.5771626779859145,6.5,-6.499969155553494,0.1454665709823301,6.499837923858286
15.870000000000001,28.6106527,8.97611524,0.4993500907596054,0.156662764976441,-0.2055086207891277,0.025318070848594,-2.539631379705609,1.328092933360773,-1.0677520339093758,1.6095875566605171,6.5,-6.499995558345823,0.1411749190118148,6.49512383815207
15.88,26.97148815,10.11919111,0.4707412723801342,0.1766132025080397,-0.2300116948579122,0.0390204923359858,-2.4503074068772013,1.3702421487384768,-1.005725524726312,1.641646476192003,6.5,-6.49999907902883,0.1364625715842776,6.483751408867352
15.89,25.35887476,11.26908234,0.4425958591628868,0.1966825905113471,-0.2535010110284812,0.0530399216945698,-2.3489316170573686,1.401942935858677,-0.9420933284626304,1.6735321070898723,6.5,-6.499999711020551,0.1312675324758468,6.465850084520811
15.9,23.78580285,12.40188958,0.4151405749627509,0.2164538066397767,-0.2758537318823195,0.0672455753281933,-2.235272085384266,1.420565363362627,-0.8764700967891318,1.7055141495268489,6.5,-6.49999985359692,0.1254427348950534,6.441310031883239
15.91,22.2549412,13.51711703,0.3884219987777378,0.2359181975508971,-0.2969598675596414,0.0815147965282911,-2.1106135677326145,1.426922120010072,-0.8088341335624418,1.73775675168861,6.5,-6.499999885836983,0.118764489148156,6.409916564710393
15.92,20.77592962,14.60153314,0.3626083770316143,0.2548448291320661,-0.3167123608665684,0.0957159767810693,-1.975249330691692,1.420118025277093,-0.7389463654157938,1.770513937022123,6.499999999999995,-6.499999859563294,0.1108379104343263,6.371209382689735
15.93,19.36603165,15.66588899,0.3380010153379301,0.273421343127429,-0.3349970427153859,0.1097424152147476,-1.8284681848821067,1.402643843368104,-0.666249030681696,1.8037976296323248,6.499999999999776,-6.49999974922591,0.1010069555057706,6.324883552324347
15.94,18.03738651,16.70387116,0.3148117830543091,0.2915375495709245,-0.3517009727792717,0.1234880028700535,-1.67039300638892,1.3745587655308673,-0.5903981029535331,1.837784670560617,6.499999999984114,-6.4999993431433705,0.0885431255621098,6.27034730347505
15.950000000000001,17.28452554,19.71920666,0.3016718803180508,0.344165082098194,-0.3660492992688814,0.1395599608128702,-1.4348326489602312,1.6071957942808448,-0.4863844934768628,1.8443056803938596,6.499999980579937,-6.499999999732136,0.0715993391599777,6.259053268704177
15.96,16.24876686,21.21626425,0.2835944810959405,0.3702936661356653,-0.3785244556463815,0.1556325717558542,-1.2475156377502556,1.6072610942987182,-0.3996292476516568,1.876140846717696,6.499988665622707,-6.499999999744574,0.064747909197207,6.200094568997427
15.97,15.36185322,22.80238529,0.2681149178970928,0.397976700618822,-0.3889882527823642,0.1717285764545991,-1.046379713598486,1.6096004698748123,-0.3073045273179994,1.9070853441332567,6.473620975119858,-6.499999999773994,0.0638066283318319,6.13674786206854
15.98,14.57534939,24.42943923,0.254387836484047,0.4263741489793683,-0.3973924509126456,0.1878035946788752,-0.8404198130282987,1.607501822427932,-0.2130466216206683,1.9379194723821105,0.1649809912246067,-6.499999999771888,0.0009972163764601,6.0677623135102365
15.99,13.12480329,25.26403072,0.2290710310870841,0.4409405183889936,-0.4047569345268872,0.2026923072601116,-0.7364483614237922,1.4888712581228774,-0.1641364527425961,1.984726430263972,0.0010859085376333,-6.499999990653009,1.190740428269377e-06,5.951989532570214
16.0,12.29817705,26.67334481,0.2146436815157033,0.4655376894542413,-0.4102555412007636,0.2171707607839191,-0.5498606673877454,1.4478453523810408,-0.0800467234838065,2.019356862170499,4.2708243184463264e-08,-6.499999965704676,1.279468175554558e-10,5.857881928842791
16.01,11.5149842,28.03694416,0.2009743876051252,0.4893369877897959,-0.413937328111132,0.2311202698964666,-0.3681786910369145,1.3949509112550271,0.0009149879595899,2.055507792463823,9.723520718976902e-13,-6.4999998045934655,-4.455838901290645e-16,5.752104132762794
16.02,10.38190831,29.35963905,0.1811984826496601,0.5124223686196,-0.4163996438668403,0.2444407504149129,-0.2462315755708756,1.3320480518448905,0.0545658996983849,2.093079708951465,1.1070703041081434e-15,-6.499998312209728,-5.1970405616903154e-17,5.634152130075534
16.03,9.30337687,30.505179,0.1623745579353844,0.5324158124602313,-0.4176438120168674,0.2568596366592655,-0.124416815002651,1.241888624434626,0.1075533034562216,2.136016234977446,5.9755056061288325e-18,-6.499954920894844,-6.468264123003955e-19,5.489534684614445
16.04,8.25346084,31.58818666,0.1440500663424169,0.5513178619515506,-0.417714117142652,0.2682852441436253,-0.0070305125784556,1.1425607484362053,0.1581696499842436,2.1811355177950515,7.243462954700244e-19,-6.497831832636245,-1.1563061649583736e-19,5.324905529569624
16.05,7.22346681,32.56603122,0.1260732792430316,0.5683844690962658,-0.4166704421327902,0.2785812539778287,0.1043675009862007,1.0296009834205473,0.205948211458231,2.2300482202400524,2.9055255144407232e-18,-6.251444765127488,-5.935578827607406e-19,4.9413477578092815
16.06,6.22067333,33.44194192,0.1085712312994997,0.5836719947647141,-0.414564709016476,0.2876328514287122,0.2105733116313101,0.9051597450878888,0.2514382270926464,2.282957747297915,1.5295284869595021e-16,-0.459022751555717,-3.7829474265037146e-17,0.3474226946540472
16.07,5.26404159,34.22369242,0.0918748577074174,0.5973161149188261,-0.4114251320614747,0.2953518989927212,0.3139576955001902,0.7719047564010465,0.2958163083910787,2.339880832967073,3.234463527723255e-14,-0.000472614737712,-9.377326775205386e-15,0.0003395363507325
16.080000000000002,4.32782602,34.88955715,0.0755348135024819,0.6089376468302291,-0.4073194161293217,0.301635638999813,0.4105715932153792,0.6283740007093115,0.3376276831547153,2.402197960983067,8.358086101880879e-12,-9.44493763993899e-08,-2.759099211178241e-12,6.363046544430048e-08
16.09,3.43848775,35.45495022,0.0600129325269916,0.6188056174696879,-0.4022794386341162,0.3064185485161907,0.5039977495206575,0.4782909516378616,0.3785023264970296,2.469619520844336,1.9325672544565315e-09,-3.399058051554945e-12,-7.132191859048216e-10,2.115781094892133e-12
16.1,2.57506556,35.90873927,0.0449433724767115,0.626725730501685,-0.3963691179847047,0.3096340746410302,0.591032064940847,0.3215526124837851,0.4173127145192505,2.5432175264742485,2.665893355062156e-07,-1.9903321911071562e-17,-1.0806768717010474e-07,1.1214798696918719e-17
16.11,1.72373466,36.2464631,0.030084845247745,0.6326201232976306,-0.3896716933252451,0.3112241328973903,0.6697424659460882,0.1590058256360421,0.4534694744841845,2.623793104836308,1.8789321334057262e-05,-9.652855141898232e-23,-8.237890078494002e-06,4.782019535942732e-23
16.12,0.9080829,36.48031033,0.0158490364860584,0.6367015274077992,-0.3822362465673668,0.3111612771765871,0.7435446757879807,-0.0062855720803235,0.4884339263616736,2.7109578640239387,0.0008398766860047,-2.9283307113389458e-25,-0.0003944802080319,1.2229957197709536e-25
16.13,0.08974763,36.59242606,0.0015663916393616,0.6386583160395761,-0.3741653084542553,0.309406003369004,0.8070938113107419,-0.1755273807582215,0.5203006230244711,2.871929744742082,0.0186881115458574,-2.3376271783791e-22,-0.0092985844774938,6.189521677381171e-23
16.14,-0.72695955,36.58313562,-0.0126878376763163,0.6384961672726172,-0.3655513261454251,0.3059324602535163,0.8613982308831862,-0.3473543115488389,0.5495586685788016,2.9517445863584277,0.2267596723141879,-1.2187603306747187e-16,-0.1185182455645424,2.30708260521893e-17
16.15,-1.58258148,36.42898225,-0.0276212575070847,0.6358056834130721,-0.3565385769971813,0.3006955037059381,0.901274914824564,-0.523695654757915,0.5743605308165083,3.037524412742496,1.12645180151654,-7.253722001494339e-11,-0.6122906677735177,7.571835177750624e-12
16.16,-2.43547419,36.14810126,-0.0425070434628419,0.6309033853313107,-0.3472051509710286,0.293688574479361,0.9333426026154528,-0.7006929226578591,0.5971420893379478,3.1278815312977963,2.911807812328357,-7.02285878717585e-06,-1.6377444748945142,5.83459885659257e-08
16.17,-3.29327595,35.73797275,-0.0574785085042441,0.6237452924755122,-0.3376354622040426,0.2849129246389466,0.9569688766981044,-0.8775649840409911,0.6176563859716152,-3.06047102559396,4.391655082488863,-0.1140863605420767,-2.543708349472945,-0.0003206575714481
16.18,-4.19595482,35.19346699,-0.073233226873926,0.6142418741674383,-0.3279636813818932,0.2743735107815688,0.9671780822151348,-1.0539413857379818,0.6340102175216983,-2.961225071965235,4.818001383492045,-6.41003523042583,-2.8542337055051825,-0.0179502289628094
16.19,-5.12205148,34.54651279,-0.0893966627826484,0.6029503932678324,-0.3182844888665005,0.2621286764088257,0.9679192515394602,-1.2244834372745588,0.6474752159925727,-2.860541935027044,4.669619278680013,-6.499915128143477,-2.816541487692392,-0.061305487720693
16.2,-6.02143616,33.84241099,-0.105093886690644,0.5906614985886137,-0.3086161712346362,0.2483037279418984,0.966831763185943,-1.3824948466920206,0.6607436590573934,-2.7622475691026147,4.39927112805021,-6.499999727711509,-2.69964878616016,-0.0647312922661157
16.21,-6.91116771,33.10929129,-0.1206226316970166,0.5778661460123807,-0.2989989292035326,0.2330618670471781,0.9617242031105504,-1.5241860894723271,0.6729583552942314,-2.6684227511630083,3.821377328067508,-6.499999997429143,-2.381596194727171,-0.0699175630603169
16.22,-7.74579595,32.39807312,-0.135189642515142,0.565453047245872,-0.2894069513669286,0.2166310309958528,0.959197783660589,-1.643083605132866,0.6865714058042159,-2.58219509631813,3.4046443225136667,-6.499999999930366,-2.1578400411324083,-0.0831320776628535
16.23,-8.49853888,31.75137724,-0.1483274850647512,0.5541660748807898,-0.2797794695460706,0.1992863414841693,0.9627481820859956,-1.7344689511686922,0.7030163185171374,-2.505379996707657,3.458822737368438,-6.499999999994845,-2.235797254663564,-0.0963264049538807
16.240000000000002,-9.14452723,31.20097969,-0.1596021087017767,0.5445598254383797,-0.270026548498653,0.1813301869598215,0.9752921047412606,-1.795615452433863,0.7235670630982626,-2.43864093549928,4.190181056670925,-6.499999999999018,-2.7735954804324807,-0.1062088668606351
16.25,-9.66561764,30.76047903,-0.1686968520568439,0.5368716385641715,-0.2600412210957555,0.1630637820830864,0.9985327402899468,-1.8266404876738749,0.749025640904199,-2.381429377217416,5.37787591335254,-6.49999999999956,-3.66116214326194,-0.1133783118160276
16.26,-9.95356908,30.36319308,-0.1737225527707028,0.529937690664758,-0.2495776936558796,0.1446771635001443,1.046352743987794,-1.8386618582945704,0.7846453608263964,-2.3283197993968,6.335153220737651,-6.499999999999668,-4.475393515294701,-0.1192288335184239
16.27,14.44407199,27.19826694,0.2520966136205894,0.474699308939323,-0.1738936975020736,0.151646768433576,0.0,0.0,0.3443636640171449,2.5541061045693594,6.715919095961067e-38,-7.154369345072026e-41,-2.2603291903626787e-38,3.966936562601567e-41
16.28,14.66412576,28.72373869,0.2559372764385157,0.5013238136229828,-0.1027810562383896,0.1592196866103962,7.111264126369819,0.7572918176821688,1.481581118929564,2.2235936554273894,6.5,-1.7608199960454924e-05,-6.474242796829165,1.398755478202189e-05
16.29,14.58323767,29.88160263,0.2545255129423663,0.5215323516660969,-0.0367400257870599,0.1668025098909576,6.604103045134286,0.7582823280562877,1.5232207651595364,2.241467558349751,6.5,-2.077381337335212e-05,-6.492672420588713,1.627366392112258e-05
16.3,14.46730301,30.96910834,0.2525020714081861,0.5405129069398354,0.024165118934699,0.1742485972737376,6.090514472177107,0.7446087382781529,1.5675305818636518,2.263379929793917,6.5,-9.73161531298869e-06,-6.499965467737219,7.488901403370995e-06
16.31,14.55642744,32.19566952,0.2540575861556493,0.5619204380079824,0.0802373600138033,0.181705706086702,5.6072241079075615,0.7457108812960593,1.6151314311383618,2.279950051517241,6.5,-1.1686087832944576e-05,-6.493636484201842,8.867869269747534e-06
16.32,14.54784559,33.39670813,0.253907804617237,0.5828825161960585,0.13136991640395,0.1890881629469991,5.113255639015687,0.7382456860298534,1.6664730256822449,2.2987710515915287,6.5,-8.181810400313035e-06,-6.470379170926668,6.107156004807529e-06
16.330000000000002,14.40377915,34.1458406,0.2513933708976102,0.5959573443311561,0.177443532354351,0.1957428778134944,4.607361595041013,0.665471486649665,1.722601597325074,2.3385015017955446,6.5,-7.418603452571014e-08,-6.425503159572333,5.3367987718887627e-08
16.34,14.26341858,34.78784151,0.2489436168111342,0.6071623740114559,0.2185716918547156,0.2015363400022856,4.112815950034354,0.5793462188788212,1.7841950380816354,2.382602793547924,6.5,-1.5851996982046986e-10,-6.353018832389066,1.0906896636209604e-10
16.35,14.14512903,35.32443572,0.2468790746929317,0.6165277097230937,0.2549154468413632,0.2063528956681237,3.634375498665484,0.4816555665839065,1.8520605261759264,2.4311145753688868,6.5,-6.017039987890652e-14,-6.245274600247219,3.9235383608299154e-14
16.36,14.04798546,35.73660922,0.2451835995492901,0.6237214943875625,0.2866520761449131,0.2100661357878261,3.173662930355624,0.3713240119703132,1.9271155312430863,2.485316644848225,6.5,-2.0665838753796884e-18,-6.092596691474321,1.2608963936445777e-18
16.37,13.98076112,36.02659669,0.24401031347881,0.6287827305285909,0.3139859670301226,0.2125691159622908,2.7333890885214926,0.2502980174465234,2.010134549512823,2.545471343235328,6.5,-4.284295284668485e-24,-5.883638584655475,2.4060989680943555e-24
16.38,13.96291369,36.23443997,0.2436988170622908,0.6324102800927354,0.3371598258042982,0.2138243924747706,2.317385877416375,0.1255276512479166,2.101408505076164,2.6093862907474863,6.5,-3.395608243770523e-30,-5.606916777374339,1.7244112151830976e-30
16.39,13.98347437,36.32959484,0.2440576686247398,0.6340710458735426,0.3564082226760379,0.2137638426613615,1.9248396871743567,-0.0060549813409178,2.2013181505633352,2.679472121146965,6.499999999999983,-2.081294442943574e-33,-5.250273217409785,9.287420700316269e-34
16.4,14.36604629,35.94049642,0.2507348082544161,0.6272799973302349,0.3724168581895939,0.2118325360306515,1.6008635513559208,-0.1931306630710334,2.2988123383585064,2.87979735354249,6.499999999894572,-4.7981379711710456e-27,-4.851621949672165,1.2342485439905002e-27
16.41,14.39374001,35.79897421,0.2512181548505415,0.6248099688010359,0.3848515732975185,0.2085146874697613,1.2434715107927017,-0.331784856089084,2.4163173404421228,2.9436666149130564,6.499987755279831,-2.950089760764042e-20,-4.310828613288274,5.805887324177554e-21
16.42,14.42433926,35.57608871,0.2517522125116824,0.6209198829710821,0.3939189220582338,0.2038227905418284,0.906734876071066,-0.4691896927930525,2.541636386077779,3.0094700135830466,2.343525795701457,-1.8083753021357797e-14,-1.323536810634908,2.4255051619921435e-15
16.43,14.46417816,35.27029938,0.2524475324870551,0.6155828523451146,0.3998388684665181,0.1977746411431418,0.5919946408285538,-0.604814939868779,2.672158396596476,3.0774153605605177,3.2297192062312933e-07,-9.93195322270344e-10,-1.462391089785939e-07,5.750596744510741e-11
16.44,14.50510797,34.87823722,0.2531618924337708,0.6087400767806339,0.4028224172459287,0.1903903729656849,0.2983548779411187,-0.7384268177458378,2.805228446816523,-3.135309604684963,6.560360130249536e-15,-8.454323045025123e-06,-2.1577032881675133e-15,-2.3338214436666656e-08
16.45,14.55030121,34.40231462,0.2539506632714149,0.6004336604259819,0.4030865591217733,0.1816999441402014,0.0264141875844423,-0.8690428825479041,2.9371965983045727,-3.062359554907494,1.3469534792736521e-19,-0.0169194574118787,-2.732096530945468e-20,-5.307077824069417e-05
16.46,14.39343842,33.64023058,0.2512128911120505,0.5871327847510818,0.4005643573069052,0.1714669264524656,-0.2522201814868621,-1.023301768773786,-2.7453469954342795,-2.9712148696758627,3.7355308721035726e-16,-5.612219558810639,3.7191382117956435e-18,-0.0097166008891934
16.47,14.50026652,33.03911079,0.2530773931907002,0.5766412652166849,0.3958519712007814,0.1600838127193861,-0.4712386106124671,-1.1383113733081722,-2.697108703223277,-2.8968480177990164,1.8713207635603571e-10,-6.49387911559832,1.927455130591396e-12,-0.0527799520536785
16.48,14.59240232,32.34128098,0.2546854662596592,0.5644618374136183,0.3891293116225188,0.1475733422222377,-0.6722659578263962,-1.2510470497150974,-2.649024536154217,-2.8182606948321904,2.1251094513998472e-05,-6.499937021353046,2.3684630289858717e-07,-0.0647960368432734
16.490000000000002,14.66221765,31.55387154,0.2559039736365255,0.5507189501243336,0.3805640857898009,0.1339730116801151,-0.8565225832713522,-1.3600330542115604,-2.600221819285193,-2.735843404407201,0.2450599935878225,-6.49999892701955,0.0030179785880694,-0.0648492986604453
16.5,14.71227759,30.68311894,0.2567776844128763,0.5355214502840324,0.3703257447900551,0.1193325178352067,-1.0238340999747837,-1.4640493844911282,-2.550168582639581,-2.649934608952025,6.408724269407635,-6.499999970944177,0.0874762996423148,-0.0723170353137903
16.51,14.75906019,29.75142088,0.2575941948155199,0.5192602515025888,0.3586034376510511,0.1037342455051176,-1.172230713900635,-1.559827233009225,-2.4987405436351127,-2.562135814664288,6.499753999457535,-6.499999998708261,0.0973927910129462,-0.0866298728562802
16.52,14.80730467,28.76988351,0.2584362198374324,0.502129192664723,0.3455871539376533,0.0872750778371627,-1.3016283713391144,-1.645916766794649,-2.445533245764696,-2.473018776894055,6.499997766556129,-6.49999999990837,0.1052716087885614,-0.1013525424042799
16.53,14.855773,27.74681504,0.2592821517788755,0.4842732793898821,0.3314582722661497,0.0700609420662417,-1.4128881671506368,-1.7214135770924437,-2.3900203596147307,-2.3828344170076767,6.499999946807779,-6.499999999989984,0.1123651578198157,-0.1132140061498043
16.54,14.89587059,26.68641789,0.2599819867464903,0.4657658577436179,0.3163790113626146,0.0521999661797981,-1.507926090353812,-1.786097588644714,-2.3315185562072256,-2.291451994941812,6.499999997332007,-6.499999999998384,0.118894617724812,-0.1229376756903518
16.55,14.95876106,25.63208148,0.261079632516117,0.447364215965461,0.3005476220401736,0.0338543073725558,-1.5831389322444196,-1.8345658807245937,-2.2704005397468103,-2.201167457175463,6.499999999716505,-6.499999999999571,0.1249492207484594,-0.1311258621613779
16.56,14.99997656,24.55642441,0.2617989786939728,0.428590458471606,0.2840903179695938,0.0151399445021485,-1.645730407057135,-1.8714362870397725,-2.2052100464217737,-2.1093494436165394,6.499999999952557,-6.49999999999984,0.1307812722164948,-0.1385174570387831
16.57,15.05484728,23.50400398,0.2627566534209127,0.4102222568528514,0.2671759175409265,-0.0037738242791073,-1.691440042867063,-1.8913768781259648,-2.13651133163031,-2.017700756285924,6.499999999986432,-6.499999999999906,0.1364118854529799,-0.1451567844768886
16.580000000000002,15.10560289,22.47443877,0.2636425059292708,0.3922529540743645,0.2499384153286173,-0.022729868366621,-1.7237502212312643,-1.8956044087517456,-2.063733527533524,-1.9248842453641548,6.499999999994202,-6.4999999999999165,0.1419118305107792,-0.1510920910934865
16.59,15.13217514,21.45293826,0.2641062791814338,0.3744244068640633,0.2324757327090745,-0.0416025723586555,-1.7462682619533851,-1.8872703992024824,-1.9864432427328271,-1.829079965626796,6.499999999996715,-6.499999999999896,0.1472515092663114,-0.1561786312810181
16.6,15.13434389,20.45545178,0.2641441310095865,0.3570149835439348,0.2148792473233,-0.0602548802191967,-1.759648538577802,-1.8652307860544928,-1.9048532089391423,-1.729797263322585,6.499999999997597,-6.499999999999816,0.1522518930336528,-0.1600301724945172
16.61,15.11465545,19.49282847,0.2638005029070052,0.3402140373279887,0.1972375428061967,-0.0785468495678965,-1.7641704517106795,-1.8291969348703407,-1.8194769530302484,-1.6260040502129898,6.4999999999977565,-6.499999999999521,0.1566193532363958,-0.1621971461124699
16.62,14.76975858,18.47036969,0.2577809169456823,0.3223687651510643,0.1792154006517358,-0.0964783876820334,-1.802214215446452,-1.7931538114140528,-1.727017259328372,-1.5161685954370208,6.499999999999177,-6.49999999999874,0.160114207080379,-0.1622034614505431
16.63,14.71553356,17.61899723,0.2568345118097225,0.3075095125632606,0.1613534663897029,-0.1137414140096646,-1.7861934262023782,-1.72630263276223,-1.6357372467732942,-1.3993124557645376,6.499999999998656,-6.499999999991871,0.1620813234786575,-0.1596360446772808
16.64,14.69429982,16.85356518,0.2564639131342101,0.2941502030904708,0.1437944791495254,-0.1301696898611962,-1.7558987240181008,-1.6428275851534897,-1.5439642289885571,-1.271816969871182,6.499999999996724,-6.499999999907666,0.1624283322195667,-0.1541646959394775
16.65,14.69228539,16.15657061,0.2564287546981592,0.2819853529754487,0.1266491427949528,-0.1456380937930427,-1.7145336354576015,-1.5468403931849612,-1.4527786911383012,-1.1316621957787976,6.499999999988869,-6.499999998242821,0.1611275363014749,-0.1456859986256995
16.66,14.72980583,15.5354114,0.2570836099129561,0.2711440795818617,0.1100448208521783,-0.1600267929916883,-1.660432194277771,-1.438869919864844,-1.3633269716388767,-0.9768331039806252,6.49999999994321,-6.49999993997069,0.1583502981614705,-0.1341522045788097
16.67,14.82008069,14.98879926,0.258659203451733,0.2616038980074896,0.0941136534792922,-0.1732332150260976,-1.5931167372878,-1.3206422034402547,-1.2765481986404073,-0.8070353383791717,6.499999999540052,-6.49999612361795,0.1544105455077436,-0.1185750671209673
16.68,14.98278581,14.5280039,0.2614989435055855,0.253561501797577,0.0790002133983806,-0.185154493983198,-1.5113440080914609,-1.192127895710275,-1.1930880633127134,-0.6228016161948265,6.499999993466863,-6.4994530642676,0.1496658080388662,-0.094102077254375
16.69,15.23552424,14.16157559,0.2659100612554068,0.2471661213155585,0.0648567496000214,-0.1956917691767101,-1.414346379836202,-1.0537275193514175,-1.1133250774719727,-0.4272631759234956,6.499999817056387,-6.302774896372154,0.1444283466039533,-0.0637168290338657
16.7,15.62030707,13.90346967,0.2726257885440484,0.2426613231926694,0.0518751573866832,-0.2047432337043941,-1.2981592213331503,-0.905146452767944,-1.0370260383525658,-0.2252786417993395,6.499986535487888,-0.1514944597836544,0.1388813414225787,-0.0010559661034847
16.71,16.13384543,13.75199509,0.2815887237613403,0.2400175930385939,0.0402203453809289,-0.2122259681251957,-1.1654812005756667,-0.7482734420803068,-0.9644211068113872,-0.0259198637031785,6.497017860761954,-2.2696182293592027e-05,0.1330744468659083,-1.7156587813491908e-07
16.72,16.79067102,13.71225446,0.2930524929181947,0.2393239881982771,0.0300557994264667,-0.2180658857102068,-1.0164545954464217,-0.5839917585012285,-0.8952646984704008,0.1632989748859339,4.537124895268315,-3.5518796619762877e-10,0.0887653746325164,5.842914692174113e-11
16.73,17.58266741,13.76964186,0.3068754375876037,0.240325587277436,0.0215115158406096,-0.2222239306882957,-0.8544283585858792,-0.4158044978089659,-0.8296561838164372,0.3346344271901039,0.0025316677414441,-3.056817261249227e-16,4.70922868113108e-05,1.000316988159296e-16
16.740000000000002,18.55259367,13.94838645,0.3238038443261583,0.2434452688930634,0.0147557148904808,-0.2246415687859036,-0.6755800950125357,-0.2417638097606684,-0.7663470609062872,0.4894791511164438,2.004167065807216e-08,-5.494948312059571e-24,3.5179338209629875e-10,2.585987420440322e-24
16.75,19.62456113,14.18794098,0.3425132059773989,0.2476262841796309,0.0098277175222381,-0.2253562765656902,-0.4927997368243635,-0.0714707779786719,-0.7071135805592283,0.6213924336688672,2.8232797936851503e-15,-3.140151198328432e-31,4.637409934167751e-17,1.8283277163186062e-31
16.76,20.79476356,14.48543865,0.3629370912957374,0.2528185980381425,0.0067469146747542,-0.2244166136173424,-0.3080802847484536,0.0939662948348011,-0.6516842027938711,0.734432390658113,1.7836707540050554e-25,-1.3169732326753291e-30,2.7108622698893627e-27,8.824061974807274e-31
16.77,22.03209256,14.81049511,0.3845325562761463,0.2584919035200198,0.00547671723899,-0.2219179524061276,-0.1270197435763576,0.2498661211213502,-0.6006259870170862,0.8304584628895372,1.0632635099735999e-44,-1.028874188055397e-23,1.4774882570892911e-46,7.594496209873906e-24
16.78,23.30218245,15.13751793,0.4066998066529389,0.2641995284581765,0.0059247525120943,-0.2179918728767659,0.0448035273104432,0.3926079529362473,-0.5546807658074411,0.9121880927690306,3.687616253589201e-67,-2.6821688018828642e-17,4.670084227297065e-69,2.121133510647766e-17
16.79,24.56919732,15.43541332,0.4288133878061668,0.2693987838401891,0.0079458615925924,-0.2128099435204861,0.2021109080498502,0.5181929356280844,-0.5147682462050925,0.9817747620345229,1.2857881298216961e-34,-1.6968822237885433e-12,1.4979426148518298e-36,1.4110286571600642e-12
16.8,25.80270077,15.68109341,0.4503420843433761,0.2736867103172851,0.0113546308140677,-0.2065688763766459,0.3408769221475918,0.6241067143841392,-0.4817774437421089,1.041451442852524,2.849925895881132e-23,-5.064391401178171e-09,3.112704169503431e-25,4.371805785061761e-09
16.81,26.97686106,15.85506983,0.4708350473500475,0.2767231716671176,0.0159360947869274,-0.1994825786731145,0.4581463972857399,0.7086297703527794,-0.4566230508461648,1.0930395026995885,7.520655605004225e-17,-1.451719696032344e-06,7.876996699430361e-19,1.2893606378046202e-06
16.82,28.07239589,15.93846487,0.4899557372038239,0.27817868969495,0.0214584443453303,-0.1917787161194369,0.5522349558403984,0.770386255367917,-0.4401674432883869,1.137849900409896,8.619641794671575e-13,-6.326229407512416e-05,8.83145126397762e-15,5.743432560922996e-05
16.830000000000002,29.08462509,15.93874833,0.5076224695286521,0.2781836370052477,0.0276958734184154,-0.1836610123939887,0.6237429073086371,0.8117703725449821,-0.4328035443750218,1.1777011513172233,3.8421973834924944e-10,-0.000670714195858,3.904828854286675e-12,0.0006196529150996
16.84,30.00531407,15.85053483,0.5236915236164803,0.2766440209855397,0.0344246614822957,-0.1753270797842663,0.6728788063876813,0.8333932609718137,-0.4352735488782772,1.2134178288615718,1.7303600434329933e-08,-0.0021157925224265,1.7631226644736103e-10,0.0019823977562472
16.85,30.83830779,15.67972689,0.5382300066789161,0.2736628600439907,0.0414409873568455,-0.166952601319071,0.7016325874551221,0.8374478465196956,-0.4477831053325585,1.245886883984482,1.432884215610773e-07,-0.0024199144798393,1.48220110713672e-09,0.0022936067027518
16.86,31.5886624,15.43770964,0.551326165180934,0.2694388621848685,0.0485622932344144,-0.1586846399330231,0.712130587757036,0.8267961386049552,-0.4704467136774931,1.2758842874943304,3.0993318876123856e-07,-0.0011898930227881,3.3183573717370662e-09,0.0011386566176014
16.87,32.26218437,15.1358056,0.5630813411419525,0.2641696426617958,0.0556277704258068,-0.1506430571049659,0.7065477191393732,0.804158282805877,-0.5031671262625752,1.303978152410828,2.1731115965900317e-07,-0.0002847417017875,2.472826769082105e-09,0.0002746942230928
16.88,32.87209049,14.79773025,0.5737262110640161,0.2582691146844636,0.0625077922550224,-0.1429053318678827,0.6880021829212142,0.7737725237079256,-0.5450702158596946,1.3309221103509048,6.048643111135715e-08,-4.0526103273849146e-05,7.507241608494804e-10,3.936919660489043e-05
16.89,33.41726598,14.43721039,0.5832413183656896,0.2519768561086346,0.0690826132170421,-0.1355227363610111,0.6574820962021017,0.7382595506873089,-0.5956820279037796,1.3571039322384275,6.703760968014965e-09,-3.830102294749887e-06,9.226860918018131e-11,3.743256375947608e-06
16.9,33.91861562,14.07153201,0.5919915202873778,0.2455945643742756,0.0752724896983338,-0.1285173053532594,0.6189876481292902,0.7005431007753005,-0.6525493541453588,1.3829329890947035,3.600769010990841e-10,-2.780031890576743e-07,5.479974671232237e-12,2.7312777133020285e-07
16.91,34.35531596,13.70584169,0.5996133790649565,0.2392120642476039,0.0809778603437008,-0.1219001956179386,0.5705370645368091,0.6617109735322116,-0.715186893781349,1.4085026196390624,6.9767469005107775e-12,-1.6168921197771664e-08,1.1573975172465918e-13,1.5957165503930825e-08
16.92,34.72729926,13.34501076,0.6061057124123904,0.2329143764760707,0.0861099566628564,-0.1156728336246325,0.5132096319152996,0.6227361993302974,-0.7808682888896291,1.4338786508591,4.2568838949172887e-14,-7.877907204576796e-10,7.579836151172074e-16,7.80443702231832e-10
16.93,34.99886974,12.97766143,0.6108455114396119,0.2265029211625756,0.0905417358394371,-0.1098493700639086,0.4431779176581586,0.5823463560724988,-0.8480188684209171,1.458814170229913,3.852932798269196e-17,-2.828756536542327e-11,7.274983777198606e-19,2.8111017538615036e-11
16.94,35.23555683,12.66472462,0.6149764804570759,0.2210411434773876,0.0942502356502295,-0.1043590428760564,0.3708499810793161,0.5490327187853371,-0.9095748497635416,1.484238257821246,8.961705165027707e-21,-1.5072218744804976e-12,1.7709537518628024e-22,1.5015995750765761e-12
16.95,35.41687471,12.3811684,0.6181410744558119,0.2160921538238783,0.0971907793597269,-0.0991679635132316,0.2940543709495891,0.5191079362822143,-0.9644384708771052,1.5097174995699594,2.2906871315075617e-25,-9.225116574347445e-14,4.6919249763567046e-27,9.207977460499737e-14
16.96,35.41827729,12.07499075,0.6181655540948344,0.2107483457353594,0.0991566316093162,-0.0943124752319518,0.1965852249589702,0.4855488281280748,-1.0147782151081537,1.5345949047089966,8.943001301289184e-33,-3.362444606098273e-15,1.887261654576016e-34,3.360249707669386e-15
16.97,35.3807229,11.83475686,0.6175101063407565,0.2065554733799856,0.1001562602055273,-0.0897058809823551,0.0999628596211226,0.4606594249597557,-1.0525874968176607,1.5596153798731758,2.2469986405696878e-42,-2.432320677776158e-16,4.841523651750555e-44,2.432169209487173e-16
16.98,35.24220372,11.62276893,0.6150924905725937,0.2028555860269983,0.1001187027303437,-0.0853169830441867,-0.0037557475183574,0.4388897938169335,-1.0802060656750123,1.584440154764981,7.144009278626149e-50,-2.154810660630597e-17,1.5615892685882772e-51,2.1546108477590048e-17
16.990000000000002,35.01605639,11.46467048,0.6111454750694997,0.2000962475321987,0.0990033146763927,-0.0810814684185061,-0.1115388053950406,0.4235514625678378,-1.097336075083552,1.6090863286859654,3.108374387430953e-41,-3.539878182309622e-18,6.853120452202176e-43,3.53729317107579e-18
17.0,34.67717258,11.30861057,0.6052308368032967,0.1973724882723327,0.0967450796652198,-0.0770082345898902,-0.225823501117337,0.4073233828616718,-1.105280762254023,1.6334520780001875,2.1423980073679933e-30,-4.911166265924059e-19,4.7418568304328966e-32,4.9015648394530465e-19
17.01,34.26743995,11.23085381,0.5980796533569411,0.1960153767946496,0.0933485176176907,-0.073002808846755,-0.3396562047529731,0.4005425743136052,-1.1039893607235407,1.657319680740113,1.430483177402733e-22,-1.9959669473998561e-19,3.1641523333005983e-24,1.9885274793867185e-19
17.02,33.75286878,11.15778002,0.5890986922046015,0.1947399985622387,0.0887784826037407,-0.0690757745106432,-0.4570035013947739,0.3927034336109736,-1.0955485251191168,1.6810195781037147,1.6258499440025835e-16,-7.030470803027167e-20,3.581387557797596e-18,6.987958775811118e-20
17.03,33.18612004,11.16556798,0.5792070606600723,0.1948759241062523,0.0830819181780088,-0.0651348800566541,-0.5696564425732973,0.3940894453989894,-1.0800484889794906,1.7039172072619393,6.638784229016719e-12,-7.678360263227807e-20,1.4510371777222908e-13,7.610662683287971e-20
17.04,32.52709369,11.17800419,0.5677048809951718,0.1950929769172218,0.0762543730525935,-0.0611966719587249,-0.6827545125416637,0.3938208097930044,-1.0596972112350356,1.7268300820508782,4.5786520570390495e-08,-6.869117480554578e-20,9.902669860464846e-10,6.785950808438073e-20
17.05,31.81979324,11.24931461,0.5553601593418342,0.1963375785372018,0.0683589744743056,-0.05720416117413,-0.78953985782895,0.3992510784595632,-1.034660074206828,1.7490146082305744,5.790261746463094e-05,-1.246951684208603e-19,1.2355681394394172e-06,1.2272664869229011e-19
17.06,31.06341054,11.35546054,0.5421587908217097,0.1981901745032932,0.0594595155342407,-0.0531371306003191,-0.8899458940060312,0.4067030573808862,-1.006149418832765,1.7708854908764406,0.0212827456154207,-2.8877500466842923e-19,0.0004469242452628,2.8303199058422016e-19
17.07,30.26579298,11.49222208,0.5282377382279864,0.2005771136663911,0.0496318364579204,-0.0489830190260528,-0.9827679076322308,0.4154111574267095,-0.9750123410589486,1.7925290010213548,2.0076177878866805,-7.704428154384119e-19,0.0413890488002657,7.516386787458633e-19
17.080000000000002,29.44802461,11.69615636,0.5139649876528191,0.2041364383100752,0.0389804863011294,-0.0446821056738165,-1.0651350156793071,0.4300913352237113,-0.9417359801939904,1.8132306912681515,6.242604508023269,-4.05046277267932e-18,0.1260403067435585,3.9323623796248454e-18
17.09,28.58208078,11.89032124,0.498851416681989,0.2075252547578149,0.0275687804654299,-0.0402826380668521,-1.1411705835693655,0.4399467606962239,-0.907686917948107,1.8347709424892031,6.491320995815398,-1.1845815452206994e-17,0.1281099491335141,1.1436638502341324e-17
17.1,27.67737352,12.06920301,0.4830612962282926,0.2106473306161101,0.0154727654724423,-0.0358371125811636,-1.2096014992990058,0.4445525485689338,-0.8731971240444656,1.8571578062419791,6.499522482568287,-1.9028210787180986e-17,0.1251279953436811,1.8255410380971928e-17
17.11,26.78166194,12.31928245,0.467428180009052,0.2150120402356537,0.0028320883009675,-0.0312792135554497,-1.2640677171477304,0.45578990257148,-0.837832372377014,1.8780335437270523,6.499946992379305,-6.34106104801467e-17,0.1217263811643867,6.044875313777654e-17
17.12,25.83321326,12.51311147,0.450874627756858,0.2183949948205676,-0.0103052838301292,-0.0267180114058919,-1.3137372131099363,0.4561202149558677,-0.803402669015372,1.9010730640081184,6.499992294165354,-6.368977187154378e-17,0.1181904992001711,6.02556091228703e-17
17.13,24.8830379,12.75078045,0.4342909392535355,0.2225431010514242,-0.0238223058628885,-0.0221211038342294,-1.3517022032752404,0.4596907571660178,-0.7690938395913883,1.923031994728584,6.499998157148485,-9.14777030308232e-17,0.1144102548064085,8.587360259958798e-17
17.14,23.91372541,12.98147203,0.4173732448223309,0.2265694286790521,-0.0376323545901416,-0.017526409537396,-1.381004872725588,0.4594694296834281,-0.7356201085348391,1.9455887267013396,6.499999376130862,-8.740388885661029e-17,0.1104276580544826,8.134883773740222e-17
17.150000000000002,22.94050276,13.2198778,0.4003873052248465,0.2307303943213044,-0.0516328458516341,-0.012949415914498,-1.4000491261495305,0.4576993622898989,-0.7028907931262934,1.9681420089307853,6.499999690263271,-7.089508585069115e-17,0.106200652947857,6.538187259494094e-17
17.16,21.91947953,13.40668296,0.3825670881219992,0.2339907594230192,-0.0657877523850122,-0.0084831436709332,-1.4154906533380938,0.4466272243565696,-0.6719464389075409,1.9927651149129864,6.499999824557329,-2.06105320870928e-17,0.1018498177669693,1.88056213253095e-17
17.17,20.92142261,13.62207302,0.3651477087456855,0.2377500251460873,-0.0799662211521052,-0.0041062948261444,-1.417846876708569,0.4376848844786531,-0.6414033681336955,2.016181078038024,6.499999842614369,-7.446400526003371e-18,0.0971646754902049,6.72101592353436e-18
17.18,19.87839072,13.77677505,0.3469433680618862,0.2404500849291064,-0.0941399790127489,8.27649079232955e-05,-1.417375786064654,0.4189059734068561,-0.6127825389615161,2.0420243431612737,6.499999844807094,-8.293568628014181e-19,0.0924142914346656,7.390780651988515e-19
17.19,18.83934169,13.91932385,0.3288085413987329,0.2429380308338733,-0.1082160535167442,0.0040587717744988,-1.407607450399814,0.3976006866576355,-0.585070066434387,2.068001046816045,6.499999788722843,-6.115063815700589e-20,0.0876120436695592,5.375407068158386e-20
17.2,17.84600492,14.09755016,0.3114715441811072,0.2460486667570534,-0.1220522848757264,0.0078630945648795,-1.3836231358975104,0.3804322790378694,-0.5576124401449698,2.091832967766244,6.499999523717757,-6.782949621929085e-21,0.0828232724519137,5.8836316019852434e-21
17.21,16.81317742,14.1989624,0.2934453037009655,0.247818644246876,-0.1356350967685971,0.0113856854840961,-1.358281189287337,0.3522590919217321,-0.5321768289781168,2.1189957449402077,6.499998863158447,-1.4701469380030814e-22,0.0785172579457093,1.2548539779575464e-22
17.22,15.82899992,14.31271699,0.276268165901919,0.2498040363816323,-0.148833211122699,0.0146448048759702,-1.319811435410455,0.3259119391874768,-0.5070326886930522,2.144706314402525,6.499995531940518,-3.089066910838036e-24,0.0745409931694644,2.5943708672318924e-24
17.23,14.87234105,14.41477651,0.2595713188020106,0.2515853110386373,-0.1615566258769777,0.0176269392202084,-1.272341475428116,0.2982134344238824,-0.4827400152169848,2.170235507987387,6.499974350917436,-3.776948251209269e-26,0.0711180005065569,3.1186231088827984e-26
17.240000000000002,13.98317665,14.55662182,0.2440524724304907,0.2540609787266493,-0.1736706623523613,0.0203894025593806,-1.211403647537742,0.2762463339170735,-0.4586619791537737,2.192570664509665,6.49973235288932,-8.644243971310357e-28,0.0682857447125846,7.026647259370944e-28
17.25,13.15203778,14.71029182,0.2295463626076856,0.256743026188189,-0.185067681509486,0.0229492913650194,-1.139701915712695,0.2559888805639311,-0.4351333037262576,2.2134526784783195,6.495097210484491,-2.045882662347197e-29,0.0661707909832784,1.637744442456712e-29
17.26,12.3952111,14.90889775,0.2163372451747481,0.2602093535806744,-0.1956305432630651,0.0253673742484922,-1.0562861753581252,0.2418082883473347,-0.4119657815452492,2.2308813492442434,6.323912048697425,-1.2744128849524042e-30,0.0632529325490336,1.0066859982148809e-30
17.27,11.72717938,15.17685521,0.2046778921529872,0.2648860935129554,-0.2052365415217374,0.0277328599139967,-0.9605998258667396,0.2365485665503233,-0.3890204370022188,2.24358690930375,1.8869302005863104,-4.540972275454455e-31,0.0187791723912952,3.5512790384402423e-31
17.28,11.1650064,15.53371637,0.194866122686239,0.2711144957274417,-0.2137550940073499,0.0301542496030607,-0.8518552485614175,0.2421389689064471,-0.3661192948666382,2.250895685910047,0.0098519468622394,-1.5248813601899564e-30,9.831657678508154e-05,1.1855477365761971e-30
17.29,10.71591461,15.99755325,0.187027992307064,0.2792099764756195,-0.2210625838616839,0.0327552583981741,-0.7307489854335503,0.2601008795113987,-0.343259764484411,2.25258817587578,8.955095123580794e-06,-5.506063681392943e-29,8.96132092262639e-08,4.27491587533306e-29
17.3,10.38097584,16.57925433,0.181182207977984,0.2893625755840265,-0.2270509679144923,0.0356634114315797,-0.5988384052809546,0.2908153033406103,-0.3205215060533004,2.24926669793636,1.37004486049938e-09,-1.4316654571855418e-26,1.3639188425572e-11,1.1145430619712212e-26
17.31,10.16828482,17.29886533,0.1774700493895589,0.3019221568675954,-0.2316176753012122,0.0390211109796255,-0.4566707386717545,0.3357699548044084,-0.2978268217836877,2.2412794613564477,1.8989774713946104e-14,-1.822465666460381e-23,1.8500929896389776e-16,1.4278855182912073e-23
17.32,10.09349644,18.1778486,0.1761647459163262,0.3172633089990417,-0.2346555361756117,0.0429855217415864,-0.3037860874400077,0.3964410761961687,-0.2749476125852391,2.229277282140245,1.0510139304268405e-20,-7.059084658714596e-20,9.751636859797556e-23,5.583070869359649e-20
17.330000000000002,10.12851726,19.18191314,0.1767759745320745,0.334787541124564,-0.236113384573647,0.0476527775253429,-0.1457848398035684,0.4667255783757497,-0.2524257885466108,2.2169262559081235,9.452990613299254e-28,-2.3910555821656083e-16,8.024139025795682e-30,1.9090594235343403e-16
17.34,10.26382188,20.31187817,0.1791374856442343,0.3545091513304605,-0.2359667227695572,0.0531085143610272,0.0146661804089795,0.5455736835681427,-0.230397130950559,2.2052089108847364,3.1427753528789608e-31,-5.727737987698972e-13,2.2975426683958534e-33,4.613292567164797e-13
17.35,10.50098315,21.56199104,0.1832767306639456,0.3763277369335163,-0.234200691529,0.0594194828732985,0.1766031240557565,0.6310968512272565,-0.208766933653246,2.195115812205869,1.5144334113802643e-26,-8.194784724696191e-10,8.60325949487948e-29,6.649102569335263e-10
17.36,10.7976944,22.88343042,0.1884553189041536,0.3993912049800288,-0.230869142116623,0.0665776950846782,0.3331549412377618,0.7158212211381169,-0.1882557467188189,2.188954509532932,1.5972578410036817e-19,-4.432625396109842e-07,5.836367302870784e-22,3.6124786601132125e-07
17.37,11.12413739,24.24792518,0.1941528238997085,0.4232061311682387,-0.2260719301863144,0.0745333624769296,0.4797211930309558,0.7955667392252966,-0.1693137388421149,2.1872904627537486,1.0961674521981173e-13,-8.742148239501021e-05,1.7765055514948915e-16,7.133068073191188e-05
17.38,11.48557096,25.6418529,0.2004610297234459,0.4475347594170563,-0.2199029696646755,0.0832177445125182,0.6168960521635743,0.8684382035584205,-0.1517019917382492,2.1898340608437645,4.190555154178585e-09,-0.0070571410853346,-8.456292758448613e-14,0.0057477871327662
17.39,11.81123489,27.01034668,0.2061449375569302,0.4714194816711192,-0.2125535526530809,0.0924905415227104,0.7349417011596101,0.927279701019401,-0.1367457280946076,2.197703736109597,9.94753712306051e-06,-0.1855071501357496,-9.466866617256674e-09,0.1502355511012883
17.400000000000002,12.08206143,28.32365676,0.2108717523817143,0.4943410666667493,-0.2042332060308464,0.1021793562977852,0.832034662223612,0.9688814775076686,-0.1247217330474402,2.2108385473484176,0.0028511431215172,-1.3875567445740888,-3.516794211303264e-06,1.1129237480825689
17.41,12.30424865,29.57840605,0.2147496509265674,0.5162405730643106,-0.1951325986748415,0.1121179554444607,0.9100607356006686,0.9938599146677476,-0.1154094503526496,2.2283588743831984,0.174831803032065,-3.263321356382685,-0.0001897704632546,2.5828159858429536
17.42,12.41448013,30.72974993,0.2166735531919136,0.536335314592997,-0.1855183849062814,0.1220920331328921,0.9614213768555224,0.9974077688426304,-0.1101658032038429,2.2510505865657966,1.6810072221014938,-3.64141014730608,-0.0014098766761955,2.8307275208772253
17.43,12.4354796,31.78047637,0.2170400630845874,0.5546739505087557,-0.17560858467795,0.1319069672996391,0.9909800228333322,0.9814934166748996,-0.1084381120350399,2.2780834308414755,3.765510283134212,-2.474695206989847,-0.0027466801054195,1.880907069108117
17.44,12.34912413,32.71559741,0.2155328758059802,0.5709948915614292,-0.1656305909629557,0.1413639861828663,0.9977993714996344,0.9457018883229024,-0.1106448565958835,2.30949896838166,4.151050574927722,-0.6260041357739298,-0.0035968746606597,0.4627673201915922
17.45,12.16423066,33.53249386,0.2123058759890428,0.5852524242617825,-0.1557824012701851,0.150277944813146,0.9848189692765504,0.8913958630275156,-0.1165567464544657,2.345023747457285,3.011525995966168,-0.0414899870701035,-0.0033821370982939,0.0296583503668629
17.46,11.88225211,34.24171527,0.2073844218715434,0.5976306729919191,-0.1462437118979763,0.1584947182390005,0.9538689372210734,0.8216773425856163,-0.1261008962354859,2.383999993682224,0.9374868494355876,-0.0008801530091862,-0.0011497877102207,0.0006046924946983
17.47,11.52899744,34.83961241,0.2012189647819973,0.6080659466731766,-0.1371431398538604,0.165871009291455,0.910057204411769,0.7376291052455932,-0.1385342388766279,2.426445244259073,0.1007791621083128,-5.500552597613564e-06,-8.773748096979927e-05,3.606160603611132e-06
17.48,11.11968884,35.33607991,0.1940751820552689,0.6167309391773216,-0.1285758278120786,0.1722922098953662,0.8567312041783526,0.6421200603912548,-0.1533355331330763,2.4718568788701387,0.0049732367565393,-8.88256343519213e-09,5.570382937746229e-07,5.513522881737203e-09
17.490000000000002,10.67747173,35.73785401,0.186357037477115,0.6237432200715585,-0.1205947192933601,0.177666721867978,0.798110851871436,0.5374511972608962,-0.1697194941281694,2.519897828708969,0.0001449320497051,-2.856790964620936e-12,2.4098630576027664e-07,1.664042652649219e-12
17.5,10.22894512,36.05413786,0.1785287713498065,0.6292634146249423,-0.1132088520063459,0.1819279935686627,0.7385867287015734,0.4261271700685563,-0.1867758106780804,2.5701143274685005,3.055773295119559e-06,-1.2817763623348438e-16,1.0679469190606696e-08,6.936283235044006e-17
17.51,9.79231569,36.2857534,0.1709081501852004,0.633305868396727,-0.1063981502810361,0.1850219656948196,0.6810701725311141,0.3093972126157562,-0.2038293083256631,2.6224734086099133,5.4237789182880185e-08,-4.551306890113047e-22,2.8390779348525167e-10,2.2599219979252022e-22
17.52,9.39219192,36.4431487,0.1639246729832078,0.6360529346088912,-0.1001071339677359,0.1869191254896194,0.629101631329697,0.1897159794798848,-0.2200464919957614,2.6764214208720607,1.0482259689140668e-09,-1.212835794398737e-28,6.912282432422009e-12,5.445300173932173e-29
17.53,9.04078741,36.51915655,0.1577915072773505,0.6373795218487531,-0.0942648737856438,0.1875896197084556,0.5842260182093227,0.0670494218836326,-0.2350049127298893,2.7323991753600114,2.636331559689148e-11,-6.00768480143598e-35,2.0021172775794946e-13,2.390104621322712e-35
17.54,8.755745,36.52295904,0.1528165787150309,0.6374458878190274,-0.0887792614231522,0.1870249977276842,0.5485612362492727,-0.0564621980771563,-0.2481764392850139,2.789895750053517,1.134716549653291e-12,-2.264244206555841e-35,9.412603139442956e-15,7.779346176715406e-36
17.55,8.54405376,36.45217148,0.1491218695794014,0.6362104118275743,-0.0835537071937365,0.1852214143724623,0.5225554229416769,-0.1803583355222236,-0.2594133929600637,2.689631444999628,9.8542626210545e-14,-2.742780855268844e-29,8.646351703142404e-16,1.1987890805144468e-29
17.56,8.41032789,36.29003298,0.1467879128528074,0.6333805611583295,-0.0784913129793548,0.1821603870672553,0.5062394214379129,-0.3061027305205426,-0.2686827841279948,2.7772384888962027,1.943714884656796e-14,-2.4994982861202733e-22,1.7679189075116234e-16,8.889132247154698e-23
17.57,8.35000508,36.04834935,0.1457350812042525,0.6291623860666578,-0.0735079638016584,0.1778476363782545,0.4983349177697333,-0.4312750689001691,-0.2762609495986214,2.8719904423043587,8.369206510041082e-15,-1.802108661882293e-16,7.794508579921956e-17,4.7705370665270497e-17
17.580000000000002,8.3655861,35.71578903,0.1460070213040716,0.6233581135211719,-0.0685222560347127,0.1722807713769125,0.4985707766946741,-0.5566865001343122,-0.2822120402394973,2.975696660855222,7.98778702834695e-15,-1.2203452022573028e-11,7.555109706777113e-17,2.0374018379824184e-12
17.59,8.43939172,35.2977816,0.1472951723795473,0.6160625075698721,-0.0634832127113911,0.1654719941513334,0.5039043323318979,-0.6808777225575616,-0.2872470154041913,3.088112419380685,1.2626669135133152e-14,-1.228592490887109e-07,1.2076733898628886e-16,5.618861787213947e-09
17.6,8.5838588,34.77954186,0.1498165985862894,0.6070175177921928,-0.058327309960128,0.1574203322426605,0.5155902751264109,-0.8051661908674477,-0.2910839648166383,-3.0720013537605806,3.683135365532368e-14,-0.0003269323835738,3.5489976283220363e-16,-1.5711026880749117e-06
17.61,8.77814486,34.16867213,0.1532075300240166,0.5963558297029239,-0.0530250733650583,0.1481421181046106,0.5302236595070814,-0.9278214138051786,-0.2945567751604499,-2.939865511280298,1.3928803770125249e-13,-0.2758188197317593,1.350209848427753e-15,-0.001388888997161
17.62,9.05515889,33.49434906,0.158042336921735,0.5845866719092677,-0.0475055663348275,0.1376979822669439,0.5519507030231874,-1.0444135837668729,-0.2966616600928815,-2.804086060256471,9.728826853306265e-13,-6.0521059791317,9.462007045424138e-15,-0.0605485769062072
17.63,9.33441957,32.70014985,0.1629163552590933,0.5707252807780299,-0.041814163633089,0.1260765423726882,0.5691402701735538,-1.1621439894249708,-0.300361265340394,-2.658984341937497,4.288705777342599e-12,-6.497353312976013,4.193050688679468e-14,-0.0710721825019498
17.64,9.68938789,31.87623823,0.1691117211833661,0.5563453102635895,-0.0358940047877885,0.1133927738492952,0.5920158845301738,-1.2683768523395589,-0.3030562887872611,-2.519236648126142,2.947270288440805e-11,-6.499963350783606,2.891357746938351e-13,-0.0940347024547718
17.650000000000002,10.04629642,30.95540562,0.1753409501603191,0.5402737493593567,-0.0297944135600359,0.0996707835779068,0.6099591227753792,-1.3721990271391118,-0.3076247975946032,-2.378239020788464,1.2700610348074407e-10,-6.499999232770098,1.25222627942559e-12,-0.1137493958601182
17.66,10.47471969,30.03178714,0.1828183468139797,0.5241535658510912,-0.0234674990941935,0.0850627703777323,0.6326914465843629,-1.4608013200177423,-0.3114711160263513,-2.248024426221388,7.716824402640826e-10,-6.499999964795084,7.635391959820193e-12,-0.1270138483002086
17.67,10.92259347,29.06318196,0.1906352189083325,0.5072482163082189,-0.0169413669153287,0.0696591614206945,0.6526132178861505,-1.5403608957029928,-0.3168158672082433,-2.1236004839466105,3.5728993119311234e-09,-6.499999997431926,3.549240161568009e-11,-0.1374207281804781
17.68,11.39315242,28.0643417,0.1988480219105598,0.4898151650697427,-0.0102388772264178,0.0535676699931045,0.6702489688912163,-1.6091491427593123,-0.3236375706985092,-2.0059233212893544,1.340461965550089e-08,-6.499999999704149,1.3364454494955943e-10,-0.1459567499531402
17.69,11.8977915,27.07272748,0.2076556353907949,0.4725082320211473,-0.0033668222666016,0.0369412342926524,0.6872054959817635,-1.6626435700455438,-0.3315906215485329,-1.8960444885124024,4.650559099274095e-08,-6.499999999941441,4.648434257025279e-10,-0.1527467573312736
17.7,12.43568857,26.08981916,0.2170437102991253,0.4553532455919012,0.0036662468782981,0.0199264147416354,0.7033069144896142,-1.701481955100832,-0.3408889580455159,-1.7918020081493202,1.480651116814089e-07,-6.499999999981377,1.4816351767939366e-09,-0.1578112125362729
17.71,13.00469775,25.13098656,0.2269747939641984,0.4386184597464435,0.0108483963204237,0.0026812973558373,0.7182149442127069,-1.7245117385801505,-0.3518406633099157,-1.691662675783964,4.247291170049511e-07,-6.499999999990459,4.247960090578235e-09,-0.1610612265746001
17.72,13.55425234,24.15254429,0.2365663309791459,0.4215414205942562,0.0180987555143228,-0.014703910938471,0.7250359193900507,-1.7385208294311856,-0.3671007135905805,-1.5931563623137597,6.881020998996153e-07,-6.499999999993644,6.865657942918617e-09,-0.1624502224406575
17.73,14.10959039,23.18682116,0.2462588084132508,0.4046863723130909,0.02537647308693,-0.0321023519301379,0.7277717572608663,-1.739844099167032,-0.3856183536434766,-1.495928214754277,8.43074316102815e-07,-6.499999999993923,8.391297457278066e-09,-0.1619441326327206
17.740000000000002,14.63840223,22.21681626,0.2554883161447803,0.3877565930476126,0.0325995641484887,-0.0494188461328587,0.7223091061555064,-1.7316494202712038,-0.4093002062397857,-1.3991933325669803,5.904200249134154e-07,-6.499999999992395,5.898319460415244e-09,-0.1596321522945185
17.75,15.14587958,21.25615441,0.2643454667815759,0.3709898807668127,0.039699643604876,-0.0665477955747501,0.7100079456388697,-1.712894944189474,-0.4380061085512493,-1.3023235112536309,2.570191395276844e-07,-6.499999999987117,2.626772512742669e-09,-0.1556962483835243
17.76,15.61987113,20.30436247,0.2726181799557072,0.3543779776198684,0.0465977092591914,-0.0833931017122946,0.6898065654316767,-1.6845306137547915,-0.4724434804588068,-1.2049529806212556,6.290884533335502e-08,-6.499999999971001,6.758376376060898e-10,-0.1503899606799514
17.77,16.05352589,19.37059581,0.280186883334653,0.338080674957518,0.0532126908669941,-0.0998553477159395,0.6614981607799326,-1.646224600363644,-0.5127898617955612,-1.106512624516524,8.11665966051408e-09,-6.499999999911164,9.4176315703593e-11,-0.1439534582537688
17.78,16.44233398,18.45784869,0.2869728646635435,0.3221502324754221,0.0594653240799047,-0.1158407148979277,0.6252633212911795,-1.598536718199137,-0.5587415038593946,-1.0067621856414006,5.173957279965365e-10,-6.499999999628537,6.6082196340605625e-12,-0.1365440590470238
17.79,16.78285701,17.56919266,0.2929161127159109,0.3066402588342206,0.0652799816971598,-0.1312609977279699,0.5814657617256287,-1.5420282830045304,-0.6094877614347199,-0.9056401526797648,1.4966241067147203e-11,-6.499999997862482,2.1148590400299471e-13,-0.1280991033917127
17.8,17.09590867,16.7225409,0.2983798949117447,0.2918633980044158,0.070617895913063,-0.1460141928791349,0.5337914215904231,-1.4753195151167902,-0.6624549374943026,-0.8020264096845423,2.3435492517270725e-13,-6.499999981686333,3.621252340673544e-15,-0.1180442256026412
17.81,17.37995583,15.92445939,0.3033374530846838,0.2779342479556277,0.0754441111860841,-0.1600010351585405,0.4826215273018673,-1.3986842279398397,-0.7162823758490895,-0.6956651795158645,1.8004162574124262e-15,-6.499999756907346,2.9907275349945846e-17,-0.1052175045707961
17.82,17.65153791,15.18788236,0.3080774545700985,0.2650785535875667,0.0797520140504884,-0.1731170021250643,0.4307902864405171,-1.3115966966526478,-0.7685927469493875,-0.5858450974757285,7.799875106813624e-18,-6.499994562773904,1.3722133043723386e-19,-0.0877475138586942
17.830000000000002,17.92564404,14.52449054,0.3128615090384981,0.2535001820977691,0.08355905285067,-0.1852549644175958,0.3807038800182329,-1.2137962292533888,-0.8175356847127476,-0.4721124803065216,2.254824458389945e-20,-6.499773224571476,4.151338692158295e-22,-0.0697883178819571
17.84,18.22519943,13.95115008,0.3180897368860938,0.2434935033358703,0.0869155547294772,-0.1962991977116665,0.335650187880546,-1.1044233294065076,-0.8615065857401468,-0.3536757685624846,6.485039047469112e-23,-6.4792482145044525,1.2374704136196714e-24,-0.0647884896109226
17.85,18.5724659,13.47659713,0.3241506801693719,0.2352109918833183,0.0899009385682536,-0.2061373821172255,0.2985383838777011,-0.983818440556096,-0.8997342240305579,-0.2310325946968026,3.201772274947827e-25,-3.6676480192974417,6.283874854753707e-27,-0.0269606500409007
17.86,18.98398316,13.10819865,0.3313330112851575,0.2287812254479758,0.0926131532596701,-0.2146628001750543,0.2712214691416996,-0.8525418057830417,-0.93235553540174,-0.1053062258323818,4.748469591799797e-27,-0.0103612140957627,9.52880529012581e-29,5.120996130540994e-06
17.87,19.45230334,12.82169509,0.33950674037969,0.2237807950072906,0.0951339561423808,-0.2218160573567184,0.2520802882711255,-0.7153257181665575,-0.9607731774912976,0.0183311494983662,2.1655704857805276e-28,-3.427033871768965e-06,4.425554331653993e-30,4.0262470573906814e-08
17.88,20.08875613,12.71953988,0.350614937098694,0.2219978502447244,0.0976913820460494,-0.2274155340574085,0.2557425903667236,-0.5599476700687245,-0.9822234889589536,0.1492993903164043,4.807253017155064e-28,-7.549931153488498e-11,9.953906504065253e-30,1.1409042516603879e-11
17.89,20.79764357,12.69239331,0.3629873569527278,0.2215240532176013,0.1003650158034423,-0.2314456678443625,0.2673633757393466,-0.4030133786954795,-1.0028497746503218,0.272023553051953,3.975142487516331e-27,-1.4914120919285216e-16,8.331655284718959e-29,3.9827208006451637e-17
17.900000000000002,21.62593909,12.76780243,0.3774438409562463,0.2228401906476328,0.1032913347882234,-0.2338648583680427,0.2926318984781725,-0.2419190523680679,-1.0223112237845735,0.3883578112472639,2.5342854714585377e-25,-1.4479779735321735e-23,5.370929258133772e-27,5.478400302982034e-24
17.91,22.55916825,12.93336022,0.3937317624738672,0.2257297191854582,0.106574746789349,-0.2346601194650532,0.3283412001126238,-0.079526109701066,-1.04318058601372,0.4963284046795264,5.208748233318976e-23,-3.275775904920181e-30,1.1166545103598332e-24,1.5613929078896051e-30
17.92,23.58986086,13.16749192,0.4117207420943411,0.2298160882337497,0.1102989758254408,-0.2338570344301541,0.3724229036089914,0.0803085034898709,-1.0677748207872328,0.5943422412464896,1.894972818669534e-20,-2.956616298759233e-30,4.115781553155561e-22,1.656128159732469e-30
17.93,24.69613979,13.44602231,0.431028951868281,0.2346773606061136,0.1145085435824672,-0.231520116836793,0.4209567757027221,0.2336917593361541,-1.0991180796743534,0.68179552758442,6.3072827611248646e-18,-4.676702122579613e-24,1.391807469893337e-19,2.946789051566674e-24
17.94,25.85367549,13.74416873,0.4512317610426583,0.2398809972881475,0.119208222216739,-0.2277503022410032,0.4699678634272707,0.3769814595790566,-1.140361969071483,0.7588886622609196,1.2397198470846276e-15,-1.0165516676548997e-17,2.789787824025946e-17,6.993592436021503e-18
17.95,27.02912365,14.03184297,0.4717472016211674,0.2449018599493199,0.1243538524105521,-0.2226885799644121,0.514563019381047,0.5061722276588513,-1.19470830246939,0.8259853996427806,1.0025983958408896e-13,-8.889331852692529e-13,2.3100730057823547e-15,6.534618589983672e-13
17.96,28.19809291,14.28915692,0.492149564062769,0.2493928355881319,0.1298686408116479,-0.2164987781689052,0.5514788401096844,0.6189801795508081,-1.2640674544950543,0.8842411572723009,2.987875077242733e-12,-4.465101933162407e-09,7.067731993259125e-14,3.4532452641929734e-09
17.97,29.32473757,14.48911972,0.5118132228797811,0.2528828448296389,0.1356306175447509,-0.2093742120773335,0.5761976733104227,0.7124566091573195,-1.3485060612417916,0.9343307209515468,2.672993605320986e-11,-2.239813966829493e-06,6.4875006140184e-13,1.8012792178168838e-06
17.98,30.38461074,14.61857549,0.5303114993498307,0.2551422742518434,0.1414924513575975,-0.2015161995327671,0.5861833812847717,0.785801254456798,-1.4441437947234042,0.977417458046869,6.752085953901238e-11,-0.0001862398593865,1.6716284287138969e-12,0.0001544131623051
17.990000000000002,31.34967253,14.65790582,0.5471550050705208,0.2558287180062393,0.1472794722149425,-0.1931407726708105,0.5787020857342099,0.8375426861952296,-1.5432586151746426,1.0140664956534238,4.1405837684349136e-11,-0.0033541597316249,1.0346650964253189e-12,0.0028479281585889
18.0,32.21720697,14.63277939,0.562296337422966,0.2553901790734674,0.1528273462272656,-0.1844169436424232,0.5547874012324115,0.8723829028388989,-1.6364332360135116,1.0463571798784106,6.506941097914737e-12,-0.0209666396818123,1.6224540197048236e-13,0.0181511150156753
18.01,32.96557292,14.51743885,0.5753577872602813,0.2533771068894392,0.1579565496776045,-0.17553671352816,0.5129203450340007,0.8880230114264965,-1.715442598377935,1.0739597420933729,1.9913203652170905e-13,-0.0443925092843072,4.91547483859389e-15,0.0390307464602063
18.02,33.59314186,14.32947206,0.586310931546532,0.2500964675195344,0.1625018876891144,-0.1666554102134637,0.4545338011507561,0.8881303314691815,-1.7756169463753797,1.098018520335583,9.935201973350904e-16,-0.0407143562762742,2.4219318793097805e-17,0.0362537267690047
18.03,34.09909945,14.08433831,0.5951415573674875,0.2458180764742737,0.1663135022653615,-0.1578963615460143,0.3811614576247855,0.8759048667451108,-1.8159112261164787,1.1193531580210017,5.761900760597949e-19,-0.0191289072292079,1.389766035347851e-20,0.0172152167240444
18.04,34.49295803,13.80633485,0.602015686375717,0.2409660007653374,0.1692706375888577,-0.149341024603007,0.2957135323496734,0.855533694300901,-1.837958112242632,1.1389468242360152,2.714121321788899e-23,-0.0056271113407655,6.503834546092354e-25,0.0051113071617318
18.05,34.78576504,13.50530299,0.607126132773137,0.2357120036549348,0.1712821952844108,-0.1410506343780893,0.2011557695553568,0.8290390224919382,-1.8444184589870445,1.1571927959098725,8.118781922167404e-29,-0.0011256659251883,1.9415979241920258e-30,0.0010309096191261
18.06,34.9530814,13.17304386,0.6100463541475891,0.2299129878666229,0.1722367524055083,-0.1330910332717908,0.0954557121096944,0.7959601106294381,-1.8366700187703888,1.17382446086426,3.3678306124843867e-35,-0.0001435024329947,8.07350459698744e-37,0.0001323635958042
18.07,35.01568669,12.83981809,0.611139022587255,0.2240971010276296,0.1720662979809963,-0.1254815455439541,-0.0170454424511973,0.7609487727838192,-1.8174116682993189,1.1898650045755612,5.055145452596767e-38,-1.4858645918037842e-05,1.2187749136760322e-39,1.3795651737776194e-05
18.080000000000002,34.97647303,12.51327281,0.6104546151084974,0.2183978107347828,0.1707189558748575,-0.1182280190289124,-0.1347342106139089,0.7253526515043115,2.973042967132135,1.2055709425629846,4.8310843758908565e-33,-1.3336928887809007e-06,-8.186225952835121e-34,1.2459104877104252e-06
18.09,34.89127345,12.26075467,0.608967601916181,0.2139905377707708,0.1682299728738102,-0.1112455609574947,-0.2488983001046028,0.6982458071414144,3.0847428518294437,1.2232289859195449,5.003761934990167e-26,-1.9296855982352437e-07,-2.4773529709208665e-27,1.814554829717145e-07
18.1,34.6637607,11.97561001,0.6049967553384143,0.209013824609291,0.1645079965738857,-0.1045939334287304,-0.372197629992523,0.6651627528765655,-3.072730006448455,1.2393203889899158,1.9454740380907667e-19,-1.676892900212465e-08,9.588265729858225e-22,1.5858219929525492e-08
18.11,34.39887806,11.77840817,0.6003736811390396,0.2055720032103,0.1596189397750836,-0.0981684971119596,-0.4889056798803083,0.6425436316772088,-2.949999023202948,1.2577828692240904,2.3650556326277562e-14,-2.874518191620421e-09,9.4821820022386e-17,2.7351916622734553e-09
18.12,34.02794583,11.59479285,0.5938996924237746,0.202367311319197,0.1535374774819734,-0.0919686862092882,-0.608146229311145,0.6199810902672616,-2.822505945885096,1.2762516075788952,4.832841938968978e-10,-4.657597581891717e-10,4.807463838387131e-12,4.4575391280108086e-10
18.13,33.58602496,11.45857417,0.5861867182089969,0.1999898468504764,0.1462952332618138,-0.0859484057241469,-0.7242244220155833,0.6020280485138239,-2.697705559644343,1.295768373427398,1.7410306014442703e-06,-1.0299521735348208e-10,1.7919080346441424e-08,9.913503120450552e-11
18.14,33.04528619,11.33898244,0.5767490462793124,0.1979025774038204,0.1378907490417072,-0.0801043790264025,-0.8404484220108317,0.5844026697745555,-2.574054626230712,1.3154008792736418,0.0021218883270519,-2.241929436076112e-11,2.7599832217502168e-05,2.169417798125316e-11
18.150000000000002,32.44331355,11.27840053,0.56624264170439,0.1968452236071735,0.1283809055937095,-0.0743770508058627,-0.9509843447999576,0.572732822054091,-2.457905331787921,1.3363330154348576,0.7339023408233754,-7.799993458353559e-12,0.0116910136762515,7.587219095060016e-12
18.16,31.76195605,11.25589519,0.5543507099462327,0.1964524313248927,0.1178003613779029,-0.0687381655064907,-1.0580544215808754,0.5638885299373159,-2.3477747004344285,1.3579427780927136,6.22762758338157,-3.409779657601849e-12,0.1122527769645876,3.333068245947944e-12
18.17,31.00698539,11.27318226,0.541173986173278,0.1967541476144154,0.1061955637155543,-0.0631588882980585,-1.1604797662342656,0.5579277208429327,-2.244602063591422,1.3802218328872526,6.496907667985813,-1.905731552621232e-12,0.127262893226583,1.871341095318096e-12
18.18,30.18020814,11.32448323,0.5267440009801938,0.1976495184503822,0.09361817368708,-0.0576198422762661,-1.2577390028476718,0.5539046021793509,-2.1483412840404954,1.4029800750963517,6.499940653500537,-1.2633400013093818e-12,0.1354732433909989,1.2456518061689768e-12
18.19,29.30009745,11.4241689,0.5113831716576946,0.1993893616089388,0.0801469734341319,-0.0520840932139469,-1.3471200252950846,0.5535749062320328,-2.059595772931502,1.4264537989179529,6.499997985185379,-1.167946934192566e-12,0.1422109682335125,1.1558429149089165e-12
18.2,28.36189941,11.55592635,0.4950085268239371,0.2016889629254706,0.0658537565796139,-0.0465389135251291,-1.4293216854510684,0.5545179688814913,-1.976978487053212,1.4502591945552952,6.499999892008133,-1.2159130965260096e-12,0.1478674118597094,1.2071217942397604e-12
18.21,27.38867314,11.72878801,0.4780225240455338,0.2047059680429336,0.0508411848703631,-0.0409608088515358,-1.5012571709253786,0.5578104673594388,-1.9004906302417413,1.4744834854106714,6.49999999050022,-1.5690392998052298e-12,0.1524981613474636,1.56179377226087e-12
18.22,26.36702747,11.91222581,0.4601914433152904,0.2079075616255484,0.0351903041141146,-0.0353683333004346,-1.5650880756251615,0.559247555110238,-1.8283817622306189,1.4986569604920814,6.499999998796388,-1.72368142226858e-12,0.1562111335723167,1.7192146650699429e-12
18.23,25.32362947,12.12019773,0.4419807128065666,0.2115373563812426,0.0190160906840249,-0.0297604992626833,-1.6174213430092848,0.5607834037752378,-1.7604878402222386,1.522931321336148,6.49999999976544,-1.919580684873047e-12,0.1590127743851279,1.9173902966584104e-12
18.240000000000002,24.28613191,12.36616066,0.4238729644031592,0.215830219347595,0.0024654441682855,-0.0241189099382391,-1.6550646515730931,0.5641589324441362,-1.6961701629192891,1.547383693335368,6.499999999925502,-2.528209316415673e-12,0.1609532216922194,2.527519005820262e-12
18.25,23.19812657,12.56886396,0.4048836889408788,0.2193680593372528,-0.0144002195538325,-0.0185333418808714,-1.6865663722121471,0.5585568057368732,-1.6335187564355158,1.5715008891507674,6.499999999971029,-1.5073972852716492e-12,0.162109354962512,1.5073969125247292e-12
18.26,22.12708895,12.78946526,0.386190556059155,0.2232182783564326,-0.0314306407918698,-0.0130063981677837,-1.7030421238040736,0.5526943713088875,-1.5726337601234377,1.595576593550326,6.499999999982301,-8.773572335813305e-13,0.1624996637368334,8.770888738111265e-13
18.27,21.05377827,12.99046264,0.3674577507963357,0.2267263444253148,-0.048512167241397,-0.0075893853141509,-1.7081526449518447,0.5417012853629972,-1.5125053832090252,1.6195578637478043,6.49999999998494,-3.184473364483524e-13,0.1621624653422294,3.180702262473433e-13
18.28,19.98869838,13.17997663,0.3488685999190566,0.2300339875294064,-0.0655252533600989,-0.0023185480095819,-1.7013086118705292,0.5270837304570092,-1.4524680440291613,1.643460407304877,6.499999999981901,-8.074283449745277e-14,0.1611203788636058,8.053054331119237e-14
18.29,18.92118941,13.33234519,0.3302370535979833,0.2326933205779289,-0.0823743461059318,0.0027397247346267,-1.6849092745836216,0.5058272744209702,-1.392058650596956,1.6674000263996178,6.499999999971282,-1.0312026463678273e-14,0.1593945460055029,1.026411961090192e-14
18.3,17.86754891,13.4626256,0.311847557740624,0.2349671426832771,-0.0989500440298777,0.00754492735336,-1.6575697923949175,0.4805202618734188,-1.3306157227271531,1.6913054853435048,6.4999999999368026,-7.964803224698044e-16,0.1569979463391255,7.907242754813853e-16
18.31,16.80081004,13.53763928,0.2932294522001202,0.2362763783833145,-0.115189501670314,0.0120175040803097,-1.6239457640427992,0.4472576726947457,-1.2683423113109018,1.7154974203334328,6.499999999830235,-2.2317168221581048e-17,0.1539822514351117,2.2084735401770838e-17
18.32,15.75745109,13.59927611,0.2750194032424693,0.2373521440073065,-0.1309871690178241,0.0161406394403993,-1.5797667347513318,0.4123135360090424,-1.2040594773279223,1.739488191438171,6.499999999356014,-3.898689223909536e-19,0.1503359627006521,3.843533172280725e-19
18.330000000000002,14.729268,13.64632345,0.2570742230086401,0.2381732749946118,-0.1462593358942665,0.0198991475195451,-1.5272166876445403,0.3758508079146508,-1.1376685354522598,1.763256103851249,6.49999999669817,-3.927167411690798e-21,0.1460912747078097,3.854893093424704e-21
18.34,13.75981951,13.73836658,0.2401541549296528,0.2397797306669529,-0.1608727762684981,0.0233591093080716,-1.461344037422412,0.3459961788524784,-1.066999607611572,1.7856284859823082,6.499999972170699,-6.544152357604521e-23,0.1411197126964155,6.394184586792465e-23
18.35,12.83346938,13.87865972,0.2239862951348753,0.2422283078779143,-0.1747296585919864,0.0265875522255178,-1.3856882323491035,0.3228442917446825,-0.9921477882246652,1.8064226691073944,6.499999638289682,-2.1674902516643185e-24,0.1353863781762233,2.1077780202249223e-24
18.36,11.99848358,14.10662499,0.2094130437174764,0.2462070524196121,-0.1876787807954446,0.0296993737606811,-1.294912220346078,0.3111821535163898,-0.909719051542642,1.8246410388130312,6.499990555354872,-3.6483643852162287e-25,0.1284613534567124,3.531785932578251e-25
18.37,11.22895523,14.43843356,0.1959822403225371,0.2519982044524462,-0.1996211835373042,0.0328226033875401,-1.1942402741862024,0.3123229626859649,-0.8204103310835844,1.8399843533601303,6.499543857281318,-4.595828096277158e-25,0.1199586283784714,4.430779756143819e-25
18.38,10.58048996,14.91208306,0.1846643862762031,0.2602649477278711,-0.2103962295861497,0.0361252627020553,-1.077504604884001,0.3302659314513453,-0.7191096992754422,1.851790523770372,6.439517486711366,-7.677752236784652e-24,0.1073318426774352,7.377446598408669e-24
18.39,10.05759475,15.54425911,0.1755381432187959,0.2712985012526234,-0.2198566465188193,0.0397834677179999,-0.9460416932671462,0.3658205015945339,-0.6039072726042843,1.8603788212855528,1.2265999466076856,-1.2704875800711853e-21,0.0171516801149268,1.2177284524200877e-21
18.400000000000002,9.67388406,16.33996009,0.1688411283031967,0.285186103214969,-0.2278560612682597,0.0439645041139106,-0.7999414749441944,0.4181036395911565,-0.4722937397813799,1.866651678081462,0.0006497888849374,-9.919768533003154e-19,6.978972961067941e-06,9.489906796427905e-19
18.41,9.43806042,17.30706821,0.1647252293311588,0.3020653241317414,-0.2342564986380921,0.0488303178780296,-0.6400437369833641,0.4865813764119983,-0.323075251776714,1.871470821442884,3.0782679769751764e-08,-1.903197822035035e-15,3.068290973105054e-10,1.8180338290580084e-15
18.42,9.35425264,18.42984061,0.1632625076313718,0.3216613992622602,-0.2389347878583036,0.0545060545643008,-0.4678289220209152,0.5675736686268325,-0.1576094303380854,1.876191146655713,6.820562565404992e-14,-4.108635216938845e-12,3.276799065203191e-17,3.919003633055283e-12
18.43,9.41092532,19.68274541,0.1642516324933009,0.3435287132363012,-0.2418034058685879,0.0610692832458203,-0.2868618010284917,0.656322868152079,0.0176902645522963,1.88197707262569,3.3479986828672877e-21,-5.786115731977242e-09,-3.7677027565051943e-23,5.5089171472257834e-09
18.44,9.59328981,21.03544755,0.1674344932825212,0.3671378193780745,-0.2428126634004389,0.0685468081393081,-0.1009257531851166,0.7477524893489236,0.1935336061526874,1.8896407301931584,6.408780702962262e-29,-3.905393288112035e-06,-1.2351019313104959e-29,3.709034670013898e-06
18.45,9.87576674,22.44612277,0.1723646457719467,0.3917587466433698,-0.2419626976578842,0.0769032269958125,0.084996574255423,0.835641885650018,0.3595312548994754,1.8998795537416893,1.835141712435691e-29,-0.0010125652487245,-6.442197230545797e-30,0.0009583583708501
18.46,10.22272855,23.86751862,0.1784202717351257,0.4165667842000533,-0.239313216142103,0.0860386284822045,0.2649481515781787,0.9135401486393816,0.5076073638412244,1.9132223638114991,2.805249390199528e-22,-0.0869616438556841,-1.36484046843453e-22,0.0819243201643933
18.47,10.61848415,25.28523415,0.1853275099883314,0.4413105880552098,-0.2349514968946615,0.0958369907340448,0.4361719247442338,0.9798362251842252,0.6362936627493865,1.9293551783995389,3.646763528239312e-15,-2.042431080422177,-2.1670562531449703e-15,1.912817501651892
18.48,11.01751111,26.65037958,0.1922918442445551,0.4651368705772635,-0.2290301213262446,0.1061228592996691,0.5921375568418054,1.0285868565626362,0.7443440729164766,1.948828333749832,8.866249101636313e-10,-5.473710145994473,-6.005525338734833e-10,5.087994653225699
18.490000000000002,11.3832455,27.93264587,0.1986751135378281,0.487516639225096,-0.2217488269963525,0.1166911688409572,0.728129432988841,1.056830954128266,0.8335993752579292,1.9717961610218189,7.697410957104065e-06,-6.210734133045332,-5.698042325418689e-06,5.718932598893844
18.5,11.68448492,29.11461897,0.2039327332536262,0.5081459614901002,-0.2133423567414029,0.1273275782283007,0.8406470254951288,1.0636409387345591,0.906793176525477,1.9982565829824408,0.0052593180404669,-6.298173782385133,-0.0041417568822582,5.732374952314584
18.51,11.88595224,30.18197085,0.2074490013227952,0.5267747660734515,-0.2040818220229839,0.1378144894569773,0.9260534718420848,1.0486911228678737,0.9660825094778144,2.0283103026628506,0.4267040716684747,-6.129218030409351,-0.3510522347002383,5.499697034885507
18.52,12.00067015,31.14650614,0.2094512065633017,0.5436090826356299,-0.1942048092274539,0.1479668244663635,0.9877012795524884,1.0152335009380948,1.0155376536376333,2.061513183325322,3.780726566050945,-5.087496116640156,-3.2130548095001457,4.487794517471812
18.53,11.99399919,31.99043994,0.2093347763470329,0.5583385061144973,-0.1839810973001111,0.157591906205984,1.0223711927344872,0.9625081739622454,1.0556803221352655,2.0984042465537622,5.656496804602416,-1.4483722449604808,-4.923134173475551,1.2515688797381963
18.54,11.86727331,32.73339607,0.2071229924935457,0.5713055367808723,-0.1736598039370404,0.1665401704205922,1.032129336307272,0.8948264214609929,1.0882805203422223,2.138471377478649,5.896353785205368,-0.0582985206832454,-5.223939075998595,0.0491590633469671
18.55,11.62941582,33.37930858,0.2029715961425162,0.5825788367601931,-0.1634592105997195,0.1746822379386368,1.0200593337323014,0.814206751804623,1.114749600748071,2.181750005690692,5.432335796256173,-0.0006889562289606,-4.877907725666352,0.000564349265313
18.56,11.29809743,33.93972716,0.1971889993646095,0.5923599861705443,-0.1535559968725734,0.1819181233206194,0.9903213727140938,0.723588538197888,1.136355310478301,2.228006918031058,3.424785958110601,-2.8375782472238167e-06,-3.1071298349892498,2.2464651252492467e-06
18.57,10.89147238,34.41576642,0.190092053421023,0.6006684386263016,-0.1440867518593458,0.1881619309165702,0.9469245013229513,0.6243807595952049,1.1540254233060252,2.2774206334544096,0.6753902749743736,-3.3820565345756007e-09,-0.6176743854394515,2.5720109125520203e-09
18.580000000000002,10.46279628,34.84766091,0.1826102440514145,0.6082064194980235,-0.1351027150610636,0.1933925364524452,0.8984036798284034,0.5230605535876106,1.1700666580716126,2.328285450554349,0.0531764706048702,-1.3541889193521345e-12,-0.0489712578333158,9.837438472930296e-13
18.59,9.95279975,35.15543221,0.1737091254291685,0.6135780420261666,-0.1267285020631507,0.1974913687483848,0.8374212997908571,0.4098832295937423,1.1816691703154971,2.3849118197256334,0.0016063851610641,-5.1587505360684656e-17,-0.0014865207132954,3.540803021306467e-17
18.6,9.47247588,35.42252302,0.1653258924217472,0.6182396560624852,-0.11892501399551,0.2004644904009895,0.7803488067642248,0.2973121652605363,1.1936933656366022,2.443009511031632,4.749356221959136e-05,-3.485732952634152e-22,-4.416309599087296e-05,2.241398847057909e-22
18.61,9.00373535,35.61737176,0.157144826835704,0.6216404081188476,-0.1116772173700463,0.2022825528934283,0.7247796625465109,0.1818062492439127,1.205344352951172,2.5046059990581657,1.196674811024574e-06,-3.463855198434064e-28,-1.1178139984802898e-06,2.060287055831681e-28
18.62,8.57788621,35.74033358,0.1497123572259177,0.6237864967320922,-0.1049254484419257,0.2029254413933732,0.6751768928121956,0.0642888499944999,1.2182155253898197,2.569949602699065,3.490492067239452e-08,-1.6527001585817958e-33,-3.27624232716686e-08,8.94580220210542e-34
18.63,8.20500427,35.78467857,0.1432043396516938,0.6245604628143561,-0.0985980002833735,0.2023724251619799,0.6327448158548975,-0.0553016231393027,1.2330046168169633,2.6398581163890853,1.364044184662132e-09,-7.987393608669715e-34,-1.2871375066529287e-09,3.845084134824969e-34
18.64,7.89900806,35.75251931,0.1378636982885697,0.6239991778423511,-0.0926072944729159,0.2006139117628943,0.5990705810458836,-0.1758513399085909,1.2506193746179477,2.764774428071079,8.774341405657875e-11,-1.3191126083053475e-28,-8.329509815044602e-11,4.8472108647252965e-29
18.650000000000002,7.66313245,35.63830006,0.1337468922689197,0.6220056758606927,-0.0868661291330285,0.1976406326687986,0.5741165339888531,-0.2973279094096318,1.2713583107590556,2.858790600503102,1.0201644501221838e-11,-2.803801083597599e-22,-9.748865715633329e-12,7.77772662497089e-23
18.66,7.49571633,35.43614753,0.1308249297540058,0.6184774486209561,-0.0812948247432812,0.1934432676510438,0.5571304389748384,-0.4197365017755613,1.295133330839501,2.9609016802719403,2.1852626423242517e-12,-1.1295233026310756e-16,-2.102983971547543e-12,2.042066935668877e-17
18.67,7.39865714,35.13859978,0.129130927319187,0.6132842607015552,-0.0758163172908672,0.1880104343414327,0.5478507452411172,-0.5432833309608306,1.3218735736934788,3.072007000984606,8.953523633720579e-13,-6.199467521809497e-12,-8.67836489183496e-13,3.9806446954102133e-13
18.68,7.36595095,34.74997813,0.1285600966179042,0.6065015333645222,-0.0703671372417121,0.1813443468045809,0.5449180049156234,-0.6666087536853155,1.3510187496948065,-3.09206453784014,6.442132020391824e-13,-6.048254926876828e-08,-6.287650528502674e-13,-4.588131165573796e-10
18.69,7.40357586,34.26596901,0.1292167751781707,0.5980539806108418,-0.0648805225685862,0.1734484884692139,0.5486614673127023,-0.7895858335368588,1.382413888283042,-2.9654572538142823,8.490043631029493e-13,-0.000156510644566,-8.340329505580355e-13,-3.666477674161465e-07
18.7,7.47489348,33.68437924,0.1304615024618569,0.5879033242284252,-0.0593447989014975,0.1643302853465451,0.5535723667085773,-0.9118203122664118,1.4143959974396711,-2.832860368614361,1.2465242765331254e-12,-0.1399476287754396,-1.2313613215413233e-12,-0.0013813140465445
18.71,7.60588552,33.01691756,0.132747744853761,0.5762539202815326,-0.0537143787397236,0.1540189753863123,0.56304201617751,-1.031130996023488,1.4475126292929477,-2.698220391189596,2.743606641013788e-12,-5.7809923685518525,-2.7228564621877752e-12,-0.0594610170035598
18.72,7.76593274,32.2639751,0.1355410958014247,0.5631125952764668,-0.0479893185621538,0.1425490008371377,0.5725060177570893,-1.146997454917679,1.4807084063271585,-2.56409836202895,5.997039285906006e-12,-6.495343459718495,-5.972808201111298e-12,-0.0862246245229461
18.73,7.98518772,31.44459731,0.139367817103819,0.5488117550232521,-0.0421294970587933,0.1299838451265746,0.5859821503361687,-1.2565155710565683,1.5143932749162907,-2.434867481081822,1.8327765285619344e-11,-6.49994517941939,-1.8298727305895025e-11,-0.1067138010636907
18.740000000000002,8.24758321,30.58556758,0.1439474823467029,0.5338188578622342,-0.036120560995435,0.1164236231864696,0.6008936063355216,-1.3560221940097985,1.548048641949617,-2.3141684074619557,6.193748820364241e-11,-6.49999868224943,-6.1921523535382e-11,-0.1206826299850901
18.75,8.51751362,29.64373737,0.1486586567524611,0.5173808197029846,-0.0299984550996247,0.1019102608581536,0.6122105895811494,-1.4513362328318955,1.5813125300107371,-2.198058158508154,1.5275405432443972e-10,-6.499999953106817,-1.527456393105761e-10,-0.1313896834962352
18.76,8.82847444,28.69497569,0.1540859469061626,0.5008218045702317,-0.0237517667852151,0.0865873681310286,0.6246688314410824,-1.5322892727128024,1.6143523363012922,-2.092472174502775,4.084048190497644e-10,-6.4999999967546565,-4.080189167308016e-10,-0.1397938462644943
18.77,9.19511127,27.75602146,0.1604849667487373,0.4844339617312035,-0.0173509982966414,0.0706144211583082,0.6400768488570453,-1.597294697271222,1.646994038035713,-1.9960792862460828,1.3567338766628127e-09,-6.499999999580761,-1.3528114840286243e-09,-0.1466155363436958
18.78,9.5832696,26.81840995,0.1672596076262799,0.4680695537771078,-0.0108161931156024,0.0541316945704258,0.6534805181040276,-1.648272658788567,1.6793416428073464,-1.9060194188742747,3.7802423430974095e-09,-6.4999999999109255,-3.758073966653939e-09,-0.1521856703214988
18.79,10.00133469,25.90604318,0.1745562199344264,0.452145749654822,-0.0041554024853806,0.0373032524843632,0.6660790630223132,-1.6828442086065911,1.7113237044491236,-1.8213169367239312,9.763938807784846e-09,-6.499999999967983,-9.668021322528166e-09,-0.1565359687188451
18.8,10.4458981,25.03292871,0.1823153151728199,0.4369070274065167,0.002618470851956,0.0203012859364612,0.6773873337338064,-1.7001966547905412,1.7429843869081003,-1.7402493186449508,2.264274999049215e-08,-6.499999999980662,-2.2309027683612872e-08,-0.1597020244712878
18.81,10.87271108,24.1581131,0.1897646069640686,0.4216386146641742,0.0094328800097377,0.0032326317780083,0.6814409157778277,-1.7068654158444156,1.7752368343657423,-1.6600788260709447,3.0648125704944574e-08,-6.499999999984045,-3.00118913123446e-08,-0.1617109217844806
18.82,11.31285063,23.33934601,0.1974464912798147,0.4073484331367014,0.016262605609803,-0.0137278252417228,0.6829725600066622,-1.6960457019734565,1.807457721720815,-1.5803952396359455,3.46122924655954e-08,-6.499999999978106,-3.365039531441492e-08,-0.1624908236530277
18.830000000000002,11.71344051,22.51776843,0.2044381036359837,0.3930091993051343,0.0230126783492826,-0.0304957718362753,0.6750072739480935,-1.6767946594555896,1.8411899907251696,-1.4993401223798235,1.9541061814170943e-08,-6.499999999961512,-1.8833023177183323e-08,-0.161993447751771
18.84,12.05566027,21.695643,0.2104109652133685,0.3786604036872601,0.0295704446951456,-0.0469912068740767,0.6557766345859608,-1.649543503779289,1.8772864966681748,-1.416428077561738,4.707217539676924e-09,-6.499999999913719,-4.488408013418037e-09,-0.1601694475655689
18.85,12.3709145,20.89562907,0.215913189507708,0.3646975265469406,0.0358755506421584,-0.0631118986570788,0.6305105947014124,-1.6120691783005383,1.9148603132132709,-1.3307575142372212,6.801848070145938e-10,-6.499999999732637,-6.404099569981248e-10,-0.1570041688688258
18.86,12.6174437,20.0954815,0.2202159357500156,0.3507323169486089,0.0418173172299201,-0.0787943557703277,0.5941766587762836,-1.568245711325193,1.9559914079924516,-1.2423521272426004,3.650380002147041e-11,-6.4999999989652535,-3.3834151886489714e-11,-0.1525683032728335
18.87,12.8060656,19.29878169,0.2235080089463831,0.3368272821140956,0.0473104223153653,-0.0939775080694577,0.5493105085446305,-1.518315229913308,2.0007078345372857,-1.1510585356370977,7.65684271866099e-13,-6.499999994949903,-6.961184130480394e-13,-0.146982601554751
18.88,12.93698053,18.49655097,0.225792905514901,0.3228257146894509,0.0522791021683428,-0.1086192930835267,0.4968679852974928,-1.4641785014061524,2.0496191053869173,-1.0575689873884244,5.552671516153485e-15,-6.499999970240599,-4.928939217649687e-15,-0.1404237281347764
18.89,13.04820438,17.72603313,0.2277341279041453,0.3093776414360961,0.0567079931074962,-0.1226350358983062,0.4428890939154287,-1.4015742814782297,2.1007368713794325,-0.9598216909873885,2.014746811189704e-17,-6.499999749215361,-1.738611095986126e-17,-0.1327549189045927
18.900000000000002,13.15365111,16.99169128,0.2295745205281068,0.2965609583184097,0.0606049519314359,-0.1359439879717995,0.3896958823940448,-1.3308952073495883,2.153055812973088,-0.85738702872217,4.061396580962569e-20,-6.499996888096684,-3.39242729402959e-20,-0.1236380820956036
18.91,13.2789966,16.30310643,0.2317622120311324,0.2845428855065584,0.0640150966032655,-0.1484628048651962,0.3410144671830364,-1.251881689339917,2.2040350474424524,-0.7495387527292356,6.723036101540356e-23,-6.499939310879208,-5.419618165396723e-23,-0.1121212625419682
18.92,13.4642326,15.69151322,0.2349951901243566,0.2738685703092173,0.0670369722110835,-0.1600779161726753,0.3021875607816424,-1.1615111307473225,2.24894582554855,-0.6332730238671788,2.2301246205171835e-25,-6.497723320465952,-1.7365886046579673e-25,-0.0958129699754544
18.93,13.72956025,15.17156388,0.2396260312134358,0.2647937423826459,0.069791043797738,-0.170670124871554,0.2754071586655006,-1.0592208698880776,2.284626491468692,-0.5071455661812195,3.0720464175758217e-27,-6.312672093974283,-2.321795533753429e-27,-0.07240929304636
18.94,14.12151103,14.76165572,0.2464668628301957,0.2576394953598541,0.0724528186678838,-0.1801108249359497,0.2661774870146324,-0.9440700064397558,2.3053933284911183,-0.3697165974812256,7.038993922389082e-28,-0.7858191685856053,-5.222947795125997e-28,-0.0078370598729174
18.95,14.65312741,14.4730746,0.255745319018729,0.2526028046567613,0.0752022442970654,-0.1882727481814342,0.2749425629180189,-0.8161923245480334,2.310753660696313,-0.2214481109629379,3.616895538372586e-27,-0.0009233090687737,-2.6706921502741182e-27,-6.1842108982986735e-06
18.96,15.33142918,14.30515707,0.2675839182273344,0.2496720908864449,0.0782141257826422,-0.1950462200548422,0.3011881485577463,-0.6773471873409364,2.30253194449109,-0.0660291879938734,2.9064168947767525e-25,-1.653393123339576e-07,-2.162140625907623e-25,-8.923502105332953e-10
18.97,16.16553319,14.25125856,0.2821417795059221,0.2487313844250258,0.0816602917825539,-0.2003462947796892,0.344616599991234,-0.5300074724848031,2.283503317414076,0.0906567571144774,1.8744019148324678e-22,-2.9999487411872364e-12,-1.4180178008171942e-22,2.6712515978795733e-13
18.98,17.14860788,14.30177442,0.2992996696394446,0.2496130525065023,0.0856872438280026,-0.2041152648759374,0.4026952045449474,-0.3768970096248992,2.258487510456622,0.2422194507170813,3.487570919015264e-19,-2.609114635126237e-18,-2.6947193685930543e-19,6.223679087237145e-19
18.990000000000002,18.25894839,14.43174712,0.3186787673572177,0.2518815040592092,0.0903971512923904,-0.2063410171473475,0.4709907464385395,-0.2225752271408947,2.2327125621036403,0.3818494461789828,7.182815140984681e-16,-8.343169081353273e-26,-5.665769516168696e-16,3.105449401466765e-26
19.0,19.46799497,14.6136208,0.3397806109881947,0.2550557985979277,0.0958414151210423,-0.2070570810762322,0.5444263828653069,-0.0716063928884795,2.2101308168630367,0.5054758511743801,8.73449367438194e-13,-6.981829618372179e-33,-7.009410798579195e-13,3.3838747518753775e-33
19.01,20.74007397,14.81430907,0.3619825778836716,0.2585584696795591,0.1020146789294157,-0.2063462398302214,0.6173263808374636,0.0710841246010926,2.193392649991994,0.6114010580833092,4.2773596461178814e-10,-5.758650936090685e-33,-3.4748847622493303e-10,3.306196782913856e-33
19.02,22.03063935,14.99417284,0.3845071929769234,0.2616976846711089,0.1088472613366259,-0.2043449199067222,0.6832582407206691,0.2001319923498171,2.18428560785238,0.6995021492072808,6.520216504600745e-08,-4.295642563422869e-27,-5.33142962619768e-08,2.7652046875386582e-27
19.03,23.30732298,15.12575714,0.4067895258267364,0.2639942639500409,0.1162269790609943,-0.2012224661223882,0.7379717724369874,0.3122453784334577,2.182973981506968,0.7717597076779478,3.026416084465407e-06,-2.0366639981279807e-21,-2.4769175301545283e-06,1.420077245107819e-21
19.04,24.54074414,15.19634315,0.4283167861325043,0.2652262222303865,0.1240071284438896,-0.1971584529923455,0.7780149382896777,0.4064013130043513,2.1893405086547437,0.831061027700153,4.312130909447356e-05,-3.592935573011088e-17,-3.513312016804649e-05,2.6535388138136898e-17
19.05,25.69632772,15.18646307,0.4484855243854875,0.2650537823040261,0.1320030198892124,-0.1923497067085088,0.7995891445324402,0.4808746283837663,2.203713494112704,0.8791465352348475,0.0001770901781595,-3.3570207045634653e-14,-0.0001427908537193,2.5853775170649897e-14
19.06,26.73517259,15.06040389,0.46661678778444,0.2628536345606619,0.1399901991264659,-0.1870291046986265,0.7987179237249448,0.5320602009879575,2.2269356217860845,0.9162724723548228,0.0001824234735764,-2.376352587176966e-12,-0.000144541262752,1.8852210540740213e-12
19.07,27.65094759,14.82648488,0.4826000767418911,0.2587709776531564,0.147752890805639,-0.1814040372127591,0.7762691679174667,0.5625067485868532,2.258451359547883,0.9448011042779378,5.010862808594485e-05,-2.4747938123317094e-11,-3.871826864468275e-05,2.0055722084297574e-11
19.080000000000002,28.43509201,14.49435605,0.4962859786820324,0.2529742360288599,0.1550816592160406,-0.1756554069306387,0.7328768410403045,0.5748630282121503,2.298413362622547,0.9663591361332448,3.4678258837150064e-06,-5.758153065800163e-11,-2.5893187125783253e-06,4.738177267493269e-11
19.09,29.08117827,14.07980826,0.5075623111709285,0.2457390121864938,0.1617771055820535,-0.1699305750114988,0.66954463660094,0.5724831919137016,2.347345370625572,0.9823705988592636,5.223310618238019e-08,-4.148154954718837e-11,-3.7252914621472185e-08,3.450739484213996e-11
19.1,29.59857531,13.61017754,0.5165925930590013,0.2375424098539822,0.167671667609642,-0.1643299704608017,0.5894562027589707,0.5600604550698195,2.40512064511839,0.9945400508642228,1.5144508425788786e-10,-1.32228793267408e-11,-1.017010752526096e-10,1.108841003609245e-11
19.11,29.97680998,13.08024441,0.5231940333956955,0.2282933319200831,0.1726014033529286,-0.1589525608582437,0.492973574328757,0.5377409602559073,2.473364908263673,1.002600608071902,5.1237416864935504e-14,-1.7826092332271284e-12,-3.1743280627993545e-14,1.5026495917587701e-12
19.12,30.22964233,12.52599745,0.5276067903587502,0.2186198975989138,0.1764394544423831,-0.1538415924270813,0.3838051089455327,0.511096843116345,2.552072596248039,1.008473241937085,1.259073116665385e-18,-1.512646635156051e-13,-7.002469955809176e-19,1.279850462478696e-13
19.13,30.38218845,11.98744984,0.5302692224138926,0.2092204686256674,0.1791092946856468,-0.148983267851175,0.26698402432623,0.4858324575903807,2.6399546312572584,1.0143878106299822,1.4852166589779339e-24,-1.2973188271403804e-14,-7.148489106991925e-25,1.1017395905777564e-14
19.14,30.50424024,11.52179563,0.5323994280073453,0.2010932694853943,0.1806416313459584,-0.1442886639138902,0.1532336660311938,0.4694603937285675,2.730241386583199,1.0237189464668073,3.4617718055359223e-31,-2.3599276683039693e-15,-1.3841764938349963e-31,2.0157131249674524e-15
19.150000000000002,30.44759668,11.0209377,0.5314108113852943,0.192351649522171,0.1808715540407262,-0.1398157314147771,0.0229922694767754,0.447293249911407,2.8391910793908144,1.0302670263863392,7.169221556802845e-37,-2.263055576888125e-16,-2.123930771094797e-37,1.9406486576683722e-16
19.16,30.20953224,10.49299454,0.5272558030753779,0.1831373031167878,0.1796511561582392,-0.1356061977371724,-0.1220397882487227,0.4209533677605492,2.828580029336297,1.0344233669551888,4.509796529823679e-33,-1.2491734631948693e-17,-1.3821059159876145e-33,1.0738757521922186e-17
19.17,29.9858064,10.08765332,0.5233510505455878,0.1760627642337371,0.1771171247985715,-0.1315016577936018,-0.2534031359666325,0.4104539943568556,2.929721466237671,1.0451954065003044,2.1013616780557227e-25,-3.4436614048537586e-18,-4.409376533244407e-26,2.9792182955602015e-18
19.18,29.64325778,9.6834588,0.5173724492784249,0.1690082390412191,0.1732237456944222,-0.1275135743607834,-0.3893379104150077,0.3988083432819133,3.0413557597971934,1.055400060574005,1.9509221812866226e-18,-8.089929546890748e-19,-1.9524578495441748e-19,7.03995475667865e-19
19.19,29.23900898,9.33587299,0.5103169767211889,0.1629417222235076,0.1680142463940927,-0.1235794480835131,-0.5209499300330582,0.393412627727111,-3.126943414037696,1.068377891588213,5.334540056353595e-13,-3.776017541858378e-19,2.9134226758238546e-15,3.3098388021885e-19
19.2,28.76273912,9.02405053,0.5020044995361764,0.1574993936148393,0.1615225938087712,-0.1196683725148624,-0.649165258531818,0.3911075568648667,-3.008557733620336,1.0828673253082255,1.2102152681710767e-08,-2.5083026604818293e-19,-1.3184653633816387e-11,2.2159198721774085e-19
19.21,28.21616366,8.73421623,0.4924649581485738,0.1524408307946263,0.1537902675570313,-0.1157696146073268,-0.7732326251741457,0.3898757907536339,-2.888101803791642,1.0980339248751962,4.463133623576788e-05,-1.890938922750924e-19,3.809089812203644e-07,1.6837825705685298e-19
19.22,27.60616174,8.4749076,0.4818184162010868,0.1479150414222906,0.1448724088426198,-0.1118620299837088,-0.8917858714413305,0.3907584623618801,-2.767736569806481,1.1143460007846826,0.0403695855684755,-1.8344761737486173e-19,0.0004023345281486,1.6469218471810117e-19
19.23,26.93676593,8.2313427,0.4701352553175324,0.1436640319749998,0.134832596456542,-0.1079454180140015,-1.0039812386079787,0.3916611969708094,-2.649106153433321,1.1309397458389705,4.264041007759218,-1.7920414357448458e-19,0.0475158580375012,1.6217159520836562e-19
19.240000000000002,26.21677967,8.00636567,0.4575691245114124,0.1397374420601417,0.1237482594429374,-0.1040159395733766,-1.108433701359889,0.3929478440622874,-2.53406488192204,1.1479632834363178,6.4723886056448166,-1.840602783949814e-19,0.0911253177291184,1.6787648480734928e-19
19.25,25.49163171,7.85815284,0.4449129050452923,0.1371506401829431,0.1117585841720315,-0.0999941724402569,-1.198967527090823,0.4021767133120491,-2.4275658674034344,1.1684324389260945,6.499399414296614,-4.841861110271399e-19,0.1076693166231681,4.4558730465605085e-19
19.26,24.68643056,7.65723272,0.4308594938369476,0.133643922555441,0.0988964886070771,-0.0959762251644481,-1.286209556495698,0.4017947275809613,-2.321506632477605,1.1856103076008786,6.499980798941196,-4.126659131067461e-19,0.1199333718040518,3.8248764364058473e-19
19.27,23.88309818,7.51838551,0.4168386988180653,0.131220581583733,0.0853083250510662,-0.0919011514871159,-1.3588163556003938,0.4075073677330173,-2.223474651073841,1.2052928642206393,6.499998705312866,-7.216084992845971e-19,0.1292013105035877,6.740412634921573e-19
19.28,23.08883389,7.42789982,0.4029761718265502,0.1296413083672941,0.0711433632693113,-0.087730824006902,-1.4164961781757788,0.4170327480214644,-2.1322617082587483,1.2266501359184996,6.499999832201006,-1.9569840653785518e-18,0.1367455643355699,1.8424921994316963e-18
19.29,22.3150744,7.39507495,0.3894715211074981,0.129068406309255,0.0565583859032688,-0.0834184092672278,-1.4584977366045402,0.4312414739675069,-2.046821793087908,1.2499143021576875,6.499999960068959,-8.86718766408912e-18,0.1431253985254802,8.415681692432034e-18
19.3,21.5035303,7.33091993,0.375307404537364,0.1279486899785722,0.0416220565603088,-0.0790375708178728,-1.493632934296295,0.4380838449355867,-1.9620999894221771,1.2712526099211243,6.499999987632227,-1.73202389207367e-17,0.1488175524781149,1.6550976800706086e-17
19.31,20.79482024,7.39292349,0.3629380805483574,0.12903085624853,0.0265897758706728,-0.0744513489427619,-1.5032280689628337,0.4586221875108638,-1.8843188404272744,1.2968737625948024,6.499999990916086,-1.4726126071225962e-16,0.1533905812662328,1.4178605499326426e-16
19.32,20.05810771,7.41488879,0.35008002125916,0.1294142230547184,0.0115213351896823,-0.0697511342964897,-1.5068440680993478,0.470021464627309,-1.8051578234912868,1.3203871237556322,6.499999991892947,-4.521782292848099e-16,0.1572507873486475,4.3811621671969404e-16
19.330000000000002,19.39593902,7.49271088,0.3385229974150422,0.1307724747560017,-0.0033893532718506,-0.0648970335533212,-1.4910688461535897,0.4854100743169451,-1.7273231269135811,1.345166681371635,6.499999986260452,-2.0450678109256947e-15,0.1601050280974239,1.993390471612901e-15
19.34,18.78710284,7.59223944,0.3278968014687774,0.1325095758277704,-0.0179928223094673,-0.0598976214900983,-1.4603469037609316,0.4999412063220357,-1.64786335514113,1.3700297534693364,6.499999961232877,-8.195994379438982e-15,0.161911151348369,8.031894105262107e-15
19.35,18.25281435,7.71560206,0.3185717081627686,0.134662659720657,-0.0321242719957669,-0.0547589305519817,-1.4131449686302353,0.5138690938117602,-1.5648195413014294,1.3950208816857932,6.499999801405024,-3.0070033100424674e-14,0.1624964372476862,2.960822419288257e-14
19.36,17.80452564,7.85490413,0.3107475941737506,0.1370939394970007,-0.0456189391886206,-0.0494976824466484,-1.3494667192856378,0.5261248105334403,-1.4751065449101626,1.4199409746012204,6.499998039333551,-9.183921366520072e-14,0.1615943781594575,9.079975043819178e-14
19.37,17.45766179,8.02482923,0.3046936779351069,0.1400596919737813,-0.0583077459222696,-0.0441109476288433,-1.268880673365158,0.5386734817806101,-1.3741801059125591,1.4450983076893087,6.4999584118834735,-2.829801284196841e-13,0.1587599558553792,2.807553677333423e-13
19.38,17.2115296,8.20953582,0.3003978608244625,0.1432834301194125,-0.0700404222356613,-0.0386174466214013,-1.1732676313385677,0.5493501007439228,-1.2556143580096697,1.4701763378952195,6.497984882217683,-7.225942933653796e-13,0.1532529913462673,7.189525844265237e-13
19.39,17.06098602,8.41148107,0.2977703796857232,0.1468080396406756,-0.080690981719267,-0.0330319605343609,-1.065055948360782,0.5585486087041466,-1.1107141102704587,1.4952289050360863,6.267547405292672,-1.59907373738586e-12,0.1390882801630275,1.5945268611988149e-12
19.400000000000002,15.76358962,7.93336281,0.2751265408022018,0.1384633017897693,-0.0918258055354032,-0.0282777973392507,-1.1134823816138404,0.4754163195111136,-1.0613190005498745,1.511792006101893,6.474680124670003,-5.069462103066201e-16,0.1401532979916785,5.060672441778e-16
19.41,15.3968985,7.98835004,0.2687265734203761,0.1394230099998207,-0.1020842603264142,-0.0236228747254888,-1.025845479101302,0.465492261376291,-0.9190611635413912,1.5333363929221442,5.335610390457819,-1.723703116805932e-16,0.1061243681104955,1.7224983535449143e-16
19.42,15.06106251,8.04834082,0.2628651296481814,0.1404700466316603,-0.1114300657793556,-0.0190778494123595,-0.9345805452936652,0.4545025313126917,-0.7625630767504623,1.5547721227250704,0.2995828975982826,-5.1149529737027653e-17,0.005238446999749,5.1142987378656345e-17
19.43,14.74959703,8.10088076,0.2574290315158768,0.1413870415734605,-0.1198439256027711,-0.0146682387652092,-0.8413859823417158,0.4409610647151187,-0.5953245659324183,1.5760227038082393,0.0019081831554716,-1.1090030054605104e-17,2.624541454500371e-05,1.1089879157520284e-17
19.44,14.49280591,8.17225981,0.252947180981993,0.1426328410129062,-0.1272727121684399,-0.0103826747280226,-0.7428786565670275,0.4285564037187452,-0.4163157285769414,1.5971798743773595,4.7087199885140325e-06,-2.6283529472681757e-18,4.72108436940723e-08,2.627441615325481e-18
19.45,14.2542014,8.23397022,0.2487827466723852,0.1437098908501618,-0.1337224966972462,-0.0062471351265862,-0.6449784528803019,0.4135539601434275,-0.2394363657689853,1.6181940181962209,5.586333862895131e-09,-4.385305128200336e-19,4.384096868538647e-11,4.3803983770494285e-19
19.46,14.04655245,8.29208724,0.2451585888065761,0.1447242242006092,-0.1391874991901054,-0.0022769383142296,-0.5465002492860254,0.3970196812357389,-0.0690809328400706,1.6390540289415312,2.3703341827136737e-12,-5.673777205424045e-20,1.159512567664761e-14,5.660613361083887e-20
19.47,13.85592766,8.33236547,0.2418315585851534,0.1454272119309848,-0.1436870509231422,0.0014960758763543,-0.4499551733037739,0.3773014190584738,0.0863746856273048,1.6598167605727516,3.3548756937449754e-16,-4.441257915249317e-21,-2.818855073227247e-17,4.4237354979656825e-21
19.48,13.71310275,8.38969404,0.2393387936517888,0.1464277842329448,-0.1472032481989815,0.0050889566204083,-0.3516197275839966,0.3592880744054731,0.2309032606947839,1.6802085005098235,7.412154198256303e-21,-3.8657293192780673e-22,-1.6883853593412197e-21,3.842696394371608e-22
19.490000000000002,13.59343193,8.41853733,0.2372501438242273,0.1469311946105524,-0.1497586807609353,0.008459148924688,-0.2555432561952506,0.3370192304277941,0.3583388730398242,1.700665405497707,2.4638760113887284e-26,-1.5939897454238514e-23,-8.621353872692066e-27,1.5806134685265138e-23
19.5,13.51845617,8.51857584,0.2359415699530423,0.1486771959888417,-0.1513508870134556,0.0116982731270216,-0.1592206252520639,0.3239124202334318,0.4735773739326053,1.7198314661989866,7.983870666584878e-33,-2.2307237643714064e-24,-3.6445894086962755e-33,2.206080442460648e-24
19.51,13.44939057,8.57938475,0.2347361478331769,0.1497385116828905,-0.1520356482364442,0.0147480192228178,-0.0684761222988742,0.3049746095796756,0.571763689867546,1.7394443068709018,8.232356120419765e-39,-1.12579162004671e-25,-4.456874361314024e-39,1.1098729410836007e-25
19.52,53.27710651,12.5823645,0.9298609245352052,0.21960368821105,-0.0756425076709304,0.0460524166035727,0.0,0.0,1.1116954981605975,2.047022782615245,5.639092977367962e-56,-9.452236834640018e-67,-5.0559506014993e-56,8.401753273157911e-67
19.53,53.53980478,12.44159215,0.9344458742859982,0.2171467472077802,-0.0044558177186039,0.0745841145360859,7.118668995234062,2.8531697932518902,1.5904316532312242,1.7039471415076686,6.5,-6.5,-6.49875168128168,6.44266589106874
19.54,54.21450464,12.32262081,0.9462216083057432,0.2150703056092706,0.0620023176625633,0.1004152689385616,6.645813538118055,2.583115440248077,1.6437157849523645,1.7554550395151882,6.5,-6.5,-6.482789736927497,6.389854346155221
19.55,54.40777009,12.15557195,0.9495947267385916,0.2121547529905675,0.1231177125710604,0.1235371484092828,6.111539490850922,2.31218794707258,1.700799832200414,1.810768836492464,6.5,-6.5,-6.445341132165776,6.314291735278742
19.56,54.59032806,12.02175737,0.9527809643908486,0.2098192479823941,0.1789671616610855,0.1440630498288302,5.584944908999653,2.0525901419536963,1.7619051537543888,1.86962653729805,6.5,-6.499999999999998,-6.382045286235882,6.212673494323701
19.57,53.61713971,11.6619226,0.9357956234412976,0.2035389464827376,0.2280873949342514,0.1617750849359531,4.912023327317566,1.771203510712635,1.832970797378028,1.9361507841331191,6.5,-6.499999999997962,-6.278514504111888,6.07187665973089
19.580000000000002,53.70323786,11.57214598,0.9372983196386736,0.2019720488724258,0.2721261862726117,0.1771336447218713,4.403879133836904,1.5358559785921269,1.9042937305349532,2.002820688245266,6.5,-6.4999999977513525,-6.142705426802249,5.903707335612112
19.59,53.71356237,11.47405101,0.9374785163318288,0.2002599686662808,0.3111086030360937,0.1902156885040543,3.898241676346208,1.3082043782176362,1.9818351003551116,2.0740886052540857,6.5,-6.499994350864864,-5.959523498852352,5.694779255951905
19.6,53.71698957,11.44316317,0.9375383322559532,0.1997208741594516,0.3451783313511334,0.201203674890822,3.406972831504646,1.0987986386769892,2.065500021300364,2.147710933072553,6.5,-6.47446010609517,-5.721526376669305,5.427009505069776
19.61,53.66382648,11.43046582,0.9366104612949188,0.1994992635956735,0.3744296862535359,0.2102144310097813,2.925135490240831,0.9010756118961004,2.15629184565958,2.224531585550738,6.5,-0.1310766992933358,-5.417743252600358,0.1040494974267974
19.62,53.5772461,11.44474974,0.9350993485962912,0.1997485650297649,0.399008851303525,0.2173786388935602,2.4579165049994027,0.7164207883780342,2.254100454511871,2.303565167026821,6.5,-3.369304315382931e-06,-5.040398052070359,2.504160994404843e-06
19.63,53.41702139,11.4878473,0.932302899863738,0.2005007593513408,0.419024324390698,0.2228299799373255,2.0015473087162703,0.5451341043762506,2.3597699190384094,2.3837920892226685,6.499999999999998,-2.0684936304037158e-11,-4.578838149152282,1.4214318888711619e-11
19.64,53.23226603,11.5606977,0.9290783105210304,0.2017722386927356,0.4346689131711894,0.226702977272084,1.5644588780494522,0.3872997334759314,2.471638020953387,2.464039864384975,6.499999999806202,-2.5950629615689948e-17,-4.035746965879931,1.62660442234139e-17
19.650000000000002,53.03386953,11.6596251,0.9256156383715975,0.2034988475431731,0.4461609884611277,0.2291261532734692,1.1492075289940629,0.2423176001385706,2.5880810301007737,2.543337943177154,6.499814353854278,-9.27160718149489e-24,-3.418991403727229,5.2232957100963596e-24
19.66,52.80270039,11.78845651,0.921580975749594,0.2057473798276598,0.4537010884978111,0.2302315179914074,0.7540100036679516,0.1105364717937585,2.7080079430112494,2.620223217584348,0.0108637731154602,-1.4901940487493998e-29,-0.0045665410032971,7.428497446860588e-30
19.67,52.57234692,11.9224439,0.9175605492547,0.2080859009393135,0.4575427019839914,0.2301163501694283,0.3841613486181048,-0.0115167821979145,2.827948053711582,2.695569782405277,4.239802730241693e-11,-8.658613923850664e-32,-1.3019391653423555e-11,3.737815546209293e-32
19.68,52.72252817,12.39265768,0.9201817065419606,0.2162926795885618,0.4584498900954095,0.2293086127864128,0.090718811141828,-0.0807737383015671,2.928043178549238,2.7398892335653864,1.9703239882025352e-16,-1.2701537283859862e-30,-4.1654607769866517e-17,4.964531153963892e-31
19.69,52.5369356,12.55699687,0.9169425051282226,0.2191609395441223,0.4561868228544088,0.2274644609899787,-0.2263067241001121,-0.1844151796434412,-2.538200274043857,2.7073297826524696,1.441656713670789e-14,-1.3920183434171032e-26,2.013911688551039e-16,5.859930497960895e-27
19.7,52.3694574,12.69796055,0.914019459112909,0.22162121988585,0.4510281838252731,0.2246394040362351,-0.5158639029133075,-0.2825056953742131,-2.480586032067118,2.7846706433181136,4.0250773931888177e-08,-4.833011827102981e-22,6.205998842647686e-10,1.6845928769641244e-22
19.71,52.25073996,12.83223988,0.9119474489053702,0.223964836311722,0.4432857554888778,0.2209120261241057,-0.7742428336396808,-0.3727377912130145,-2.4240721847170272,2.860562943872977,0.0215611881885903,-4.4830989295785574e-18,0.0003586929616264,1.235970147319718e-18
19.72,52.18659948,12.95738482,0.9108279863455606,0.2261490275569328,0.43327050397961,0.2163569030953374,-1.0015251509269845,-0.4555123028769249,-2.367895005671953,2.934714418867858,6.418402748584388,-8.843981555332646e-15,0.1134913281172315,1.814393849218328e-15
19.73,52.17480088,13.06384016,0.9106220619284348,0.2280070237462628,0.421280033669056,0.2110352387479507,-1.1990470310547867,-0.5321664347383984,-2.311320525141135,3.00793193084516,6.499959512975765,-5.024001394899085e-12,0.1209697634620459,6.816511008763674e-13
19.740000000000002,52.20737412,13.14111405,0.9111905722144772,0.2293557075525867,0.4075901841479157,0.2049943093725345,-1.3689849521142945,-0.6040929375417401,-2.2536629288594843,3.0814048028337697,6.499999882285207,-1.125809384236149e-09,0.1265002718720197,6.001098879707465e-11
19.75,52.27453677,13.18698184,0.9123627815913418,0.2301562515087,0.3924526487541503,0.1982790143018476,-1.51375353937684,-0.6715295070688246,-2.194339098910879,-3.1278631333226943,6.499999998729836,-1.1849980403505773e-07,0.1317038784356382,-6.180224782811357e-10
19.76,52.31054137,13.14173808,0.9129911804072054,0.2293665989307179,0.3760205066275656,0.1908569565066572,-1.6432142126587994,-0.7422057795191844,-2.1318624973091578,-3.04446826676505,6.499999999970211,-1.0822683394158334e-05,0.13677683198319,-3.874016689787162e-09
19.77,52.38531919,13.09928066,0.9142962995736688,0.2286255771598158,0.3585363309838538,0.1828244408714825,-1.7484175643702908,-0.8032515635170572,-2.067288328468482,-2.9662258841086717,6.4999999999982885,-0.0004016414076116,0.1416536364272205,-9.077362557275988e-07
19.78,52.37041989,12.93681126,0.9140362577324266,0.2257899511960762,0.340058632244157,0.1741141380902817,-1.8477698739700468,-0.871030278120259,-1.9984911434863064,-2.8735508881742065,6.4999999999998685,-0.0173304323562631,0.1464549706601622,-0.000157279762926
19.79,52.30406894,12.71855594,0.9128782151931004,0.2219806772520823,0.3206985154128839,0.1647512457839117,-1.936011683127694,-0.9362892306371804,-1.9261886643974548,-2.777274509858814,6.499999999999985,-0.4799277158768039,0.151014949143099,-0.0047909190632589
19.8,52.13347722,12.40186253,0.9099008280024602,0.216453334528214,0.3004933243638018,0.1547072706659165,-2.020519104908616,-1.0043975117997206,-1.8500121079373535,-2.671131613616978,6.499999999999998,-4.492608322271273,0.1551715813846255,-0.048102110969725
19.81,51.84014629,11.99365331,0.9047812374760232,0.2093287396022161,0.2794579481161398,0.143968765922085,-2.103537624765118,-1.0738504743826012,-1.770344861050238,-2.5578134570453908,6.5,-6.383993383145477,0.1586519324071603,-0.085826642593132
19.82,51.39899443,11.48392319,0.8970816850177261,0.2004322707116303,0.2575776829431231,0.132514253672006,-2.188026517302102,-1.145451225008132,-1.6878088329917789,-2.438109037018928,6.5,-6.49475933333055,0.1611505714035936,-0.1061947872608021
19.830000000000002,50.87405531,10.93693924,0.8879197690012045,0.1908855998285663,0.2349296973396301,0.1204116650556755,-2.2647985603497576,-1.2102588616332837,-1.6038503867378398,-2.3230603066621303,6.5,-6.499635221277241,0.1623912725630638,-0.1197670829960899
19.84,50.13528925,10.25637989,0.8750258688522186,0.1790075984158338,0.2114162178112389,0.1076021951188444,-2.351347952837908,-1.2809469936824605,-1.5190572933600006,-2.202359537385236,6.5,-6.4999770908164844,0.1622339308856957,-0.1310239741712385
19.85,49.33185142,9.57880965,0.86100323338364,0.1671817668143056,0.1871515896597783,0.0942133293085301,-2.4264628151465515,-1.3388865810316952,-1.4349725557397108,-2.093036138702195,6.5,-6.499997357006316,0.1606883918698975,-0.1397515281745281
19.86,48.4013592,8.87046581,0.8447630804804487,0.1548188345700857,0.1621627119963011,0.0803224577970223,-2.4988877663482127,-1.3890871511510572,-1.3526529139079475,-1.9899167531494533,6.5,-6.499999563286675,0.1579276559521675,-0.1470232766648472
19.87,47.38931966,8.17867055,0.8270996583470798,0.1427447295333955,0.1365397278573922,0.0660657513995844,-2.5622984138914,-1.4256706397440733,-1.2729318771712004,-1.8948284089611749,6.5,-6.49999987735132,0.1542228984004088,-0.1528143247180845
19.88,46.36750909,7.5867111,0.8092656995688997,0.1324130880926007,0.110465714621594,0.0516798272563615,-2.6074013235784856,-1.4385924143215567,-1.196200543452966,-1.80879823599934,6.5,-6.499999920196418,0.1498572493763031,-0.1570932175777331
19.89,45.17837902,6.96025299,0.7885114646129291,0.1214793314472799,0.0839022334158059,0.0372096052452836,-2.656348120579342,-1.4470222011080702,-1.1239782901510602,-1.7223582424792991,6.5,-6.499999939469164,0.145162698663136,-0.1602519548180517
19.900000000000002,44.01766642,6.49925233,0.7682532080735451,0.113433352076413,0.0570783152013659,0.0229575387376867,-2.682391821444526,-1.425206650759976,-1.0551095908471133,-1.63936940325491,6.5,-6.499999869321396,0.1402409893408668,-0.1620333516626795
19.91,42.83882423,6.16959924,0.7476785304966246,0.1076798202665398,0.0301450726450602,0.0091579738351608,-2.693324255629191,-1.37995649025188,-0.9902588731710928,-1.5528203923149968,6.5,-6.499999340574903,0.1352353417797731,-0.1624678075952623
19.92,41.66370453,6.02033636,0.7271688226265766,0.1050746915595306,0.0032721072013844,-0.0039108717812184,-2.687296544368122,-1.3068845616381894,-0.929312360717472,-1.455427313509231,6.5,-6.499989978007422,0.1301742294906,-0.1611875807883913
19.93,40.44103815,5.99797134,0.7058292686421364,0.1046843483232562,-0.0234525086181969,-0.0160652432778228,-2.6724615819586672,-1.2154371496606815,-0.8727910876544615,-1.3364114997762853,6.5,-6.499624710620187,0.1250991717901357,-0.1572407051357284
19.94,39.24357616,6.18795278,0.6849296142491531,0.1080001499689363,-0.0498509662946232,-0.0270290237660951,-2.639845767643153,-1.0963780488274557,-0.8197744153858246,-1.1706175512625114,6.5,-6.436316921673575,0.1199016906633581,-0.1468009827653189
19.95,38.01241409,6.54050132,0.6634417825019842,0.1141532827650352,-0.0758393535223938,-0.0366182241916383,-2.598838722775729,-0.9589200425538242,-0.7708200017969913,-0.9151305596779616,6.5,-0.7341791971443803,0.1146073405484983,-0.0145637642128518
19.96,36.75485254,7.06432052,0.6414931929080009,0.1232956524901979,-0.1013325923137305,-0.0446590650112918,-2.549323879134185,-0.8040840819655105,-0.7255968053434165,-0.4941694275764887,6.5,-0.0001292463750495,0.1091706680560895,-1.4449224791328491e-06
19.97,35.48815571,7.76697111,0.6193851625999259,0.1355592187767786,-0.1262317363004327,-0.0509897177995014,-2.4899143986707077,-0.6330652788210895,-0.6836642581533692,0.0878513306770307,6.5,-9.027058617863187e-10,0.1035412768592866,7.741446183019568e-11
19.98,34.20475751,8.63018238,0.5969856383957572,0.1506250975786004,-0.1504587412771454,-0.0554939701997055,-2.422700497670034,-0.4504252400201802,-0.6448931357775394,0.5783474684305051,6.5,-4.545859851351936e-17,0.097721375841805,2.4860585080892094e-17
19.990000000000002,32.89744395,9.64146548,0.5741687124177889,0.1682753173433755,-0.173954847243882,-0.0580909775652748,-2.3496105966741325,-0.2597007365569826,-0.6091304708244256,0.8770176308884425,6.5,-1.165905515085023e-28,0.0917893256085925,8.96323137129224e-29
20.0,31.58499919,10.78909635,0.5512622301052421,0.1883052546224025,-0.196644770311016,-0.0587321039943616,-2.2689923067138427,-0.0641126429086871,-0.5759245261565585,1.057613097639664,6.5,-5.967627834296582e-53,0.0860117979535981,5.199606194812434e-53
20.01,30.26818969,12.05604286,0.5282795687087017,0.2104176426685537,-0.2184624422847994,-0.0574057105681019,-2.181767197378782,0.1326393426259953,-0.5450832251520266,1.1769198650978143,6.5,-6.466247435394165e-42,0.0806766148324693,5.972037399997545e-42
20.02,28.95600015,13.42343693,0.5053775408254719,0.2342831713622996,-0.2393397358347622,-0.0541368518518902,-2.087729354995211,0.3268858716210035,-0.5163345120616405,1.2629117215352907,6.499999999999999,-6.706647828772442e-24,0.0759693444600797,6.392073277499138e-24
20.03,27.6614534,14.87462963,0.48278343771698,0.2596112620582059,-0.2592016436227135,-0.0489815069557,-1.9861907787955169,0.5155344896191182,-0.4893930375844893,1.3294975928092352,6.499999999999995,-3.3371098929433185e-14,0.0720057367184163,3.2407145968345354e-14
20.04,26.39775588,16.39223255,0.4607277552436931,0.286098429750086,-0.2779670087468739,-0.0420249054624192,-1.876536512416417,0.6956601493282231,-0.4640080441180556,1.3840070432798377,6.499999999999919,-9.382534344898316e-08,0.0688602360842249,9.219861771154839e-08
20.05,25.16436289,17.96346645,0.4392009865971756,0.3135216346240373,-0.2955678083848899,-0.0333728519713534,-1.7600799638019475,0.8652053491067506,-0.4401096401485574,1.4307035572818996,6.499999999998285,-0.0048382852984738,0.0665926998699019,0.0047910488251813
20.06,23.03470261,18.84481131,0.4020314027622313,0.3289040042765658,-0.3131825429165695,-0.0240986702807818,-1.76147345316706,0.927418169056684,-0.427561171287135,1.4634863614983935,6.499999999998482,-0.149256424164823,0.0657281531782138,0.1484009374413998
20.07,21.91169194,20.51166941,0.3824311690357038,0.3579961662851027,-0.3293633544231411,-0.0132825881649431,-1.61808115065748,1.0816082115840813,-0.40421673302454,1.5022329190561483,6.499999999916418,-6.374311019554558,0.0648186113888826,6.359389126928408
20.080000000000002,20.7740685,22.15164821,0.3625758943598396,0.3866191960080083,-0.344142220470401,-0.0011376163938979,-1.4778866047262915,1.214497177104768,-0.3828815199653867,1.537795252295758,6.499999994278203,-6.499608211063978,0.0647079533499514,6.496082408126677
20.09,19.63986226,23.7692614,0.3427802610751746,0.4148518721971969,-0.3575326500548931,0.012137536205444,-1.3390429584485253,1.3275152599335178,-0.3631823282879928,1.5713999701817496,6.49999946851793,-6.499995428809061,0.064899727195193,6.499994248973688
20.1,18.54288734,25.38644219,0.3236344369093732,0.4430770015826999,-0.3695100013114537,0.02638115664513,-1.1977351256562905,1.424362043968879,-0.344633424094343,1.6038314454799043,6.49991913448368,-6.499999865670979,0.0650429506938528,6.496466572139186
20.11,17.49618569,27.00269341,0.3053660468308159,0.4712859069110751,-0.3800422281277299,0.0414375928281099,-1.0532226816278345,1.505643618298296,-0.3270363379630892,1.6355480227857289,6.4772770740063965,-6.4999999917094495,0.0646621618837681,6.48642821070479
20.12,16.47262761,28.59905892,0.2875015882494244,0.4991477411258536,-0.3891441409067558,0.0571337696028858,-0.91019127790277,1.569617677477897,-0.3106374547845763,1.666931507585347,2.4416609019057147,-6.499999998979429,0.0241416747980754,6.470094787122077
20.13,15.54403432,30.27966229,0.2712945779269978,0.5284798033524661,-0.3967419754103984,0.0734409734148912,-0.7597834503638711,1.6307203811997044,-0.294606831057345,1.697794682977916,0.0029181066496702,-6.499999999851427,2.828941365199661e-05,6.447836094309043
20.14,14.64264935,31.93197167,0.2555624423725075,0.5573180422950522,-0.4028664682191204,0.0901834001053762,-0.6124492808723234,1.674242669048838,-0.2796864601753014,1.728852224488013,1.1756124430382708e-06,-6.499999999961047,1.1050119366700789e-08,6.419252938430985
20.150000000000002,13.83699112,33.64753507,0.2415010536132178,0.5872602721517608,-0.4074632525237245,0.1073145293511835,-0.4596784304604999,1.7131129245810737,-0.2650855798752931,1.7595956843004832,1.702013128309667e-10,-6.499999999987947,1.5281257817317962e-12,6.384871827917086
20.16,13.05748426,35.34611094,0.2278960923643353,0.616906013678188,-0.410583535820656,0.1246851707361787,-0.3120283296929884,1.737064138498628,-0.2515654684931265,1.7907762866036188,2.7072360980167654e-14,-6.499999999994161,2.28776218014834e-16,6.3438446255189245
20.17,12.32348105,37.03443222,0.2150853196296279,0.646372778845673,-0.4122573490523754,0.1421645852654752,-0.1673813231719723,1.74794145293,-0.23885500899864,1.822427459166692,1.69060491360593e-17,-6.49999999999588,1.3213239351607426e-19,6.29589180253702
20.18,11.62148907,38.72249812,0.2028332482560337,0.6758350867913143,-0.4125387131822745,0.1596440131230308,-0.0281364129899209,1.7479427857559051,-0.2270638476088517,1.8545032431625117,4.3304845988048667e-19,-6.499999999996052,3.0711977229795466e-21,6.240856470068501
20.19,10.95553315,40.36639266,0.1912101247788858,0.704526459069872,-0.41148017995483,0.1769658553917559,0.1058533227444746,1.7321842268728576,-0.2161025038385189,1.887648609278022,1.6830556221066828e-18,-6.499999999994105,1.0588432533036924e-20,6.177229209476163
20.2,10.31583564,41.9772773,0.1800452970125764,0.7326416999076755,-0.4091510085945651,0.1939994371166735,0.23291713602637,1.7033581724908875,-0.206041955801409,1.9217826686923347,2.8500254058461923e-16,-6.499999999987185,1.5498814501338466e-18,6.104591975601544
20.21,9.70511304,43.54373127,0.1693861768262361,0.7599814792651121,-0.4056188630988407,0.2106104973419066,0.3532145495725095,1.661106022523637,-0.1968114775840704,1.957167094464268,2.2189272338515446e-13,-6.499999999958323,1.009579220955224e-15,6.021758220252089
20.22,9.12138412,45.02690924,0.1591981852331255,0.7858678182346577,-0.4009557943401998,0.2266267475640627,0.4663068758641848,1.6016250222159296,-0.188400766402476,1.9946237772657367,1.8037283283888982e-10,-6.499999999765773,6.618855032763256e-13,5.925821555957973
20.23,8.56666721,46.44542956,0.1495165487371365,0.8106256683251012,-0.395232168727517,0.2419159468859288,0.5723625612679876,1.5289199321858329,-0.1807575132352524,2.033924549792862,8.505998825101099e-08,-6.49999999788553,2.4179638843774407e-10,5.816175976695513
20.240000000000002,8.04192557,47.76792545,0.1403580793968217,0.833707575949694,-0.3885177960356255,0.2563190453770425,0.6714372691892793,1.440309849111652,-0.1738475043197261,2.0759476206226264,1.989523368762e-05,-6.499999964388081,4.173223881396062e-08,5.688940045873722
20.25,7.55016913,48.99394861,0.1317753104009357,0.8551057167973992,-0.3808788493718829,0.269693025547426,0.7638946663744172,1.3373980170386153,-0.1676171506254072,2.120958706846252,0.0023715924657575,-6.499998832898966,3.429538740426701e-06,5.541448487591703
20.26,7.09316476,50.11659193,0.1237990794484333,0.8746995390569196,-0.3723794182075661,0.2819021601855309,0.8499431164318475,1.2209134638107342,-0.1620328740331487,2.16945516965658,0.1508935566217516,-6.499917825834607,0.0001345669217459,5.3698419042140255
20.27,6.67186651,51.13164372,0.1164460378530431,0.8924155348706816,-0.3630823831483445,0.2928217110127408,0.9297035059216824,1.0919550827204323,-0.1570748817710175,2.221945659433466,3.0945291160621635,-6.485947172869996,0.0013389406077183,5.158786937212421
20.28,6.28694716,52.03528892,0.1097279278409067,0.9081871188805244,-0.3530495246781691,0.3023383229423444,1.0032858470177373,0.9516611929605462,-0.1527300577721677,2.279017042839812,6.215089449595027,-3.130745232015886,0.0003879587059416,2.377638484755196
20.29,5.93513751,52.82609831,0.1035876911081178,0.9219893464917122,-0.3423464982255709,0.3103528956915456,1.0703026452600315,0.8014572749202793,-0.1490378942238922,2.341256424530623,6.481001585823322,-0.0033396208285115,-0.0014546260925694,0.002396053500681
20.3,5.61318851,53.50276807,0.0979686210346146,0.933799461752392,-0.3310421385601163,0.31678024500287,1.130435966545693,0.6427349311325661,-0.1460391970485493,2.409317215412504,6.498192125424888,-3.763003841322226e-07,-0.0028346588585248,2.5152831368266244e-07
20.31,5.31730548,54.06839547,0.0928044879603375,0.943671522221887,-0.3192085520576839,0.3215542317502118,1.1833586502426272,0.4773986747339365,-0.1437839024838642,2.4836776414949924,6.499751987799672,-6.586673802906976e-12,-0.0037816004028388,4.027284946546488e-12
20.32,5.038269,54.52230966,0.0879343826511621,0.95159381935891,-0.3069276708816499,0.3246218608156233,1.2280881176036484,0.306762906541208,-0.1423972266285767,2.5649854189199086,6.499950614138107,-2.0443326210106368e-17,-0.004323210154619,1.1150463349461323e-17
20.330000000000002,4.79196145,54.89099776,0.0836355049311416,0.958028640616832,-0.294256665135744,0.3259776520309638,1.2671005745908426,0.1355791215340843,-0.1416587530897919,2.652056764787001,6.49998735077492,-1.601849924465441e-22,-0.0045985809041425,7.539297240195228e-23
20.34,4.51367006,55.1258242,0.07877840389569,0.962127135165569,-0.2813366670063709,0.3255632282328858,1.2919998129366446,-0.0414423798077833,-0.1424953090397715,2.7484818769807906,6.499994417777879,-4.1610386771525914e-24,-0.0042859796380353,1.5929077082264871e-24
20.35,4.22728293,55.26287685,0.0737800055418529,0.9645191551566524,-0.268267759379873,0.3233808870888104,1.3068907626500472,-0.2182341144075829,-0.1445410185641677,-2.9678503394665485,6.499996428640241,-2.362513602639399e-20,-0.0034729501855201,-4.929129416256157e-23
20.36,3.96819568,55.34467542,0.0692580799794153,0.9659468095265756,-0.2550962380239556,0.3194973784761792,1.3171521355920102,-0.388350861263192,-0.1472606453644436,-2.838650141599849,6.499997300280338,-7.698710413326538e-15,-0.0022905029961863,-7.551625673086402e-17
20.37,3.667357,55.33175216,0.0640074544960616,0.9657212560894844,-0.2419573273167894,0.3139330194141069,1.3138910707168805,-0.5564359062073473,-0.1517201075002773,-2.7120290316199083,6.499996666877896,-1.2135833948110715e-09,-0.0001218199140694,-1.2294450426816682e-11
20.38,3.3023605,55.1830509,0.0576370638128062,0.96312592950062,-0.2290056090701066,0.3066630090733609,1.295171824667616,-0.7270010340742261,-0.1582440101137761,-2.585830554160208,6.499992717132768,-4.652240421289654e-05,0.0034950099023446,-5.905043145802637e-07
20.39,2.90491843,54.96644248,0.0507003911053644,0.9593453993840774,-0.2163406935368391,0.2977613771409761,1.266491553326995,-0.8901631932386517,-0.1662709143196795,-2.4670059443865777,6.499976529465148,-0.2630365071164906,0.0085112781958856,-0.0041371926976022
20.400000000000002,2.49744148,54.69758514,0.0435885767018801,0.9546529535829236,-0.2040231934219913,0.2873259264511662,1.2317500114850313,-1.043545068981202,-0.1753832681802629,-2.3563412801962653,6.4999016185666685,-6.378172572901772,0.0147017138662926,-0.1140470945136453
20.41,2.12835978,54.43017348,0.0371468858280221,0.9499857396577,-0.1920427401959259,0.2755249617616154,1.1980453226059262,-1.1800964689544793,-0.1847196623072487,-2.256032031061894,6.49958907068665,-6.499562752627488,0.021270750318348,-0.1262746815342829
20.42,1.66292068,54.02858752,0.029023441065503,0.9429767424259176,-0.1805670310153344,0.2623471441587918,1.1475709180593825,-1.3177817602826172,-0.1965838746365997,-2.157205036755251,6.496384563644644,-6.499997495455023,0.0294075094744366,-0.1347636993321207
20.43,1.10588448,53.49907708,0.0193013253227053,0.9337350418242338,-0.1697417524683854,0.2477977466211323,1.0825278546951105,-1.4549397537662443,-0.2107372788315867,-2.061173640262623,6.433506906308209,-6.499999977080598,0.0376416775576122,-0.1420970955919513
20.44,0.57707034,52.96046889,0.0100717774486031,0.9243345555305268,-0.1595383817377824,0.2320424546420158,1.020337073060507,-1.5755291979119594,-0.224844511399553,-1.972612067657644,5.417624866541567,-6.4999999994887885,0.0375995539688465,-0.1481485684911307
20.45,0.05081307,52.38373268,0.0008868553745463,0.9142686097505532,-0.149961073244743,0.2152040525469545,0.957730849303444,-1.6838402095052651,-0.2392959394394097,-1.8890010301370344,1.1344146837019686,-6.499999999979012,0.0088939756943016,-0.1531355663439442
20.46,-0.41610545,51.82778334,-0.0072624101379926,0.9045654632932638,-0.1409345113114968,0.1974782277617989,0.9026561933248016,-1.772582478515919,-0.2529387677874786,-1.8106972945601087,0.0701168899606416,-6.499999999998227,0.0005967497889632,-0.1570102152666405
20.47,-0.9582335,51.15363538,-0.016724329577909,0.8927993617456607,-0.1325648108318588,0.1788721896149447,0.8369700479639669,-1.8606038146857835,-0.2682592772318721,-1.7340249164983863,0.0016493382941536,-6.4999999999998295,1.497969176800838e-05,-0.1598997563126188
20.48,-1.48812928,50.45205146,-0.0259727556313326,0.8805544123626122,-0.1248298882109589,0.1595145201916201,0.7734922620895908,-1.9357669423314745,-0.2833592367737252,-1.6604639255553726,3.272431716806301e-05,-6.499999999999975,3.103509983477294e-07,-0.161704142204812
20.490000000000002,-2.07869771,49.65297474,-0.0362801191931662,0.8666078926225753,-0.1178025498393971,0.1394383772863835,0.7027338371563229,-2.007614290524054,-0.299515168547352,-1.5890646074568564,2.8402408802245445e-07,-6.499999999999996,2.7737267735201787e-09,-0.1624667692730829
20.5,-2.56738462,48.9239837,-0.0448093147840634,0.8538845987570377,-0.1113298042622913,0.1188943645568858,0.6472745577107042,-2.0544012729501784,-0.3133669233551027,-1.5202505264289974,4.82921848016505e-09,-6.499999999999998,4.78555939931546e-11,-0.162246037891193
20.51,-3.03357489,48.19374998,-0.0529458699363248,0.8411396160339514,-0.1053726306034568,0.0980254457889172,0.5957173658835696,-2.0868918767972784,-0.3265577931786263,-1.4530873227475525,7.932744342268963e-11,-6.5,7.91791094814864e-13,-0.1611346294586148
20.52,-3.45833851,47.48215053,-0.0603593936480148,0.8287198626760706,-0.0998668295102733,0.0769915497276596,0.5505801093180704,-2.1033896061246877,-0.3386803626137153,-1.387104844172097,1.604725038866638e-12,-6.499999999999999,1.6056093171748925e-14,-0.1592244215311658
20.53,-3.76192502,46.86321961,-0.0656579778121535,0.817917480279673,-0.0946445142100635,0.0560371297305108,0.5222315300210846,-2.095441999715295,-0.3482084397036211,-1.3211746990936506,1.1401000813993626e-13,-6.499999999999998,1.140663462305524e-15,-0.156576772050057
20.54,-4.15687236,46.13692162,-0.072551109267147,0.8052411890035561,-0.0898314310089016,0.0351308488038751,0.4813083201162901,-2.090628092663985,-0.3595351751719246,-1.2574925251197708,2.022341797400384e-15,-6.5,2.020472782577627e-17,-0.1534024255636085
20.55,-4.4262507,45.49994284,-0.0772526482337037,0.7941238120272196,-0.0852531369431286,0.0144966934925918,0.4578294065773864,-2.0634155311287428,-0.3680971903934874,-1.193162009213432,1.6526993579334815e-16,-6.499999999999998,1.6487199551988433e-18,-0.1496703684756981
20.56,-4.62540652,44.90022487,-0.0807285730172129,0.783656758867343,-0.0808207370858469,-0.0057262358451508,0.443239985727944,-2.022292933773236,-0.3752737648992675,-1.1288689312233795,3.1621035607827917e-17,-6.4999999999999964,3.1507577509187944e-19,-0.1454963914350079
20.57,-4.74444037,44.30531289,-0.082806105621038,0.7732735860567843,-0.0764381999813518,-0.0254529764726023,0.4382537104496012,-1.9726740627455357,-0.3810128275137228,-1.0653409623951595,1.6770969659964884e-17,-6.4999999999999885,1.6698544412540084e-19,-0.140997849000395
20.580000000000002,-4.77972689,43.72206926,-0.0834219715766088,0.7630940643720007,-0.0720118113730228,-0.0445985837052874,0.4426388608329812,-1.9145607232688928,-0.385416366819427,-1.002522982422682,2.5062102077362357e-17,-6.499999999999949,2.494510827085878e-19,-0.1362102291830686
20.59,-4.72399258,43.12461993,-0.0824492243607816,0.7526666064496665,-0.0674457125550345,-0.063120697196194,0.4566098817985943,-1.8522113490897123,-0.3885201910196815,-0.9413163874617408,1.058081353696017e-16,-6.49999999999974,1.0530319153727611e-18,-0.1312015864253783
20.6,-4.55577779,42.51382417,-0.0795133224247307,0.7420062093804455,-0.0626238029103686,-0.0809822367393854,0.4821909644666904,-1.7861539543194915,-0.3900794854090623,-0.8818935497280153,1.4304470955199192e-15,-6.499999999998435,1.4236191672980056e-17,-0.125945576020501
20.61,-4.27681543,41.86136797,-0.074644510753597,0.7306187004653949,-0.0574427716502138,-0.0981887193495708,0.5181031260155785,-1.7206482610188862,-0.3903726924757316,-0.825398987984064,4.638460917186199e-14,-6.49999999999016,4.616338396792922e-16,-0.1204770027429382
20.62,-3.86787373,41.16747348,-0.0675071316398941,0.7185079569534479,-0.0517839074661426,-0.1147483796735551,0.5658864184072356,-1.6559660323987624,-0.3892124014460774,-0.7719670265974012,3.46670980692498e-12,-6.499999999935682,3.4501487046683774e-14,-0.114737857528398
20.63,-3.32894564,40.41962186,-0.0581010620379098,0.7054554838680746,-0.0455404993423699,-0.1306882941162299,0.6243408123769485,-1.593991444266663,-0.386849156693606,-0.7221375506667622,4.3814013273863635e-10,-6.499999999587072,4.36066724280077e-12,-0.1087294030509524
20.64,-2.6647073,39.60171228,-0.0465079159869282,0.6911802687134706,-0.0386237674728134,-0.1460574308951868,0.6916731869557903,-1.536913677895999,-0.3836213838234331,-0.6765132462809272,6.946457582181029e-08,-6.499999997585517,6.914838446978076e-10,-0.1025156609255096
20.650000000000002,-1.84436402,38.74049577,-0.0321902247543185,0.6761492050414359,-0.0309149585992456,-0.1608696862839521,0.770880887356936,-1.4812255388768214,-0.3790160419736976,-0.633923625154534,1.5125995061402232e-05,-6.499999985726246,1.5064060636488986e-07,-0.0959530517948857
20.66,-0.90100215,37.81007877,-0.0157254540850478,0.6599103649749077,-0.022353092284461,-0.1751740421872999,0.8561866314780167,-1.4304355903340458,-0.3740710642142179,-0.5953024619711172,0.0028089613661123,-6.499999924511711,2.799395131783231e-05,-0.0893980492364474
20.67,0.16149662,36.81905756,0.0028186477498421,0.6426137819033096,-0.0128921677050441,-0.1890073818268209,0.946092457941878,-1.3833339639523716,-0.3690683913313901,-0.5600875225584426,0.3846920822930832,-6.499999632089528,0.003837006673107,-0.0832515846673599
20.68,1.32817908,35.77414799,0.0231810980021091,0.6243766695212115,-0.0025149807611284,-0.2023975941316854,1.0377186943917849,-1.33902123048672,-0.364591766631052,-0.5278047227612307,5.61788177593989,-6.499998308509634,0.0560782745727352,-0.0778013439330716
20.69,2.57776022,34.66965308,0.0449904031659333,0.6050995967701931,0.0087605706844317,-0.2153800239664096,1.1275551445562408,-1.2982429834726807,-0.3614422740688803,-0.4984957905147944,6.483993453656137,-6.4999929152781455,0.0647593645557246,-0.073283155076596
20.7,3.89762858,33.52455809,0.0680264517408312,0.5851139189466015,0.0208957659674292,-0.2279650267099166,1.2135195282991271,-1.258500274350058,-0.3602513153538422,-0.4711954979949603,6.499595117403364,-6.499970507195897,0.0649282120288542,-0.0696814525931377
20.71,5.25986892,32.33823904,0.0918020308773182,0.5644087455449702,0.0338125780846271,-0.2401649374107894,1.2916812117200478,-1.2199910700875212,-0.3622596322718957,-0.4458150660475169,6.499982310822412,-6.499879144928754,0.0649099536581667,-0.0670626744587792
20.72,6.64373643,31.11308289,0.1159550753381937,0.5430257368764128,0.0474066280892484,-0.2519899884692829,1.3594050004623977,-1.1825051058495788,-0.3687015913083317,-0.4221476070930854,6.499998643954827,-6.4995095967850105,0.0648366152210554,-0.0654280072804724
20.73,8.0433078,29.88429036,0.1403822038613415,0.5215792614040016,0.0615694458991487,-0.2634062893865262,1.416281780989309,-1.1416300917237543,-0.3805739217939177,-0.3987337947690941,6.499999828236721,-6.497637631070492,0.0647222910779442,-0.0647142174392169
20.740000000000002,9.4268773,28.6170709,0.1645300470665132,0.499462109481657,0.0761552321189481,-0.27442910819489,1.458578621980228,-1.1022818808365948,-0.4002284184244818,-0.3769936302325691,6.499999961375462,-6.488918558801717,0.064755513465572,-0.0646404380355256
20.75,10.79026606,27.34177938,0.188325669913196,0.4772040735348938,0.0910210355093427,-0.2850355490577611,1.4865803390397587,-1.0606440862873212,-0.4294427019754971,-0.3556712762878889,6.499999985449873,-6.440660076335295,0.0658420413686168,-0.0643852939788615
20.76,12.13475104,26.07512192,0.2117913595578061,0.4550967303629454,0.1060345972227566,-0.2951850176322925,1.5013561713416907,-1.014946857453338,-0.470298976513691,-0.3341873831098148,6.499999991395916,-6.117358525074265,0.0695761092884329,-0.0611757410216617
20.77,13.45656993,24.8216192,0.2348614513033629,0.4332189807162409,0.1210676262943744,-0.3048363894569207,1.5033029071610038,-0.9651371824623282,-0.5257416841167973,-0.3124925669533688,6.499999992230425,-4.201289336492735,0.0774667152594042,-0.0416044695016867
20.78,14.76350919,23.60004074,0.2576718445139411,0.411898414517799,0.1360115487448675,-0.313930000720363,1.4943922450496128,-0.909361126344408,-0.5987627547815552,-0.2900082068398499,6.499999989997355,-0.819710098324531,0.0899994928727579,-0.0078828303961674
20.79,16.06217139,22.41161297,0.2803377757751342,0.3911564370091651,0.1507750692537562,-0.3224118528083353,1.4763520508891648,-0.8481852087973996,-0.6928116511804939,-0.2668734595881569,6.499999982591462,-0.0500495373987265,0.1048239203528879,-0.0004523357216985
20.8,17.37054248,21.29046532,0.3031731591335412,0.3715887191156681,0.1652984710980602,-0.3301912993671418,1.4523401844306896,-0.7779446558808127,-0.8105257624743477,-0.2419836670682639,6.499999962867559,-0.0014410558654548,0.1189419373172415,-1.150731919134426e-05
20.81,18.69016276,20.21769894,0.3262048778956307,0.3528654136799675,0.1795297667773929,-0.3372122591904521,1.4231295679325398,-0.702095982330671,-0.9539832803598844,-0.2163092442988211,6.499999904662056,-2.434346860522197e-05,0.132268702206199,-1.5354668075128706e-07
20.82,20.04263774,19.21939906,0.3498100193474752,0.3354417938517032,0.1934509965920355,-0.3433932993185538,1.392122981464538,-0.6181040128102897,-1.1207720339744218,-0.1890454573404626,6.499999736139759,-1.934395117858777e-07,0.1449427505427763,-7.231841732924436e-10
20.830000000000002,21.43602442,18.29712539,0.3741292046669078,0.3193450817057516,0.2070577883910425,-0.3486614069233212,1.3606791799009714,-0.5268107604768417,-1.3042400162157175,-0.1603612591203498,6.499999247380707,-6.915171474573759e-10,0.1557881070496959,-5.069529843274652e-13
20.84,22.87963624,17.47138212,0.3993249840466155,0.304933142868067,0.2203600079241474,-0.3529274935088131,1.3302219533098036,-0.4266086585489697,-1.4929759231500557,-0.1296906708593282,6.499997897317292,-9.452446661528253e-13,0.161899584914978,1.111659768915674e-15
20.85,24.36003269,16.69712963,0.4251627763339511,0.2914198876758025,0.2333504629076424,-0.3561720909040892,1.2990454983497577,-0.3244597395276751,-1.67385866770797,-0.0989455157067973,6.49999387810455,-9.04316665994313e-16,0.1614505357843462,-1.2486738960851597e-19
20.86,25.89924983,16.02240565,0.4520271833300816,0.2796437326826422,0.2460532394979857,-0.3583210368694591,1.2702776590345883,-0.2148945965370335,-1.837133678418076,-0.0663915499867939,6.499983477753147,-7.284183121510337e-19,0.1557981923661339,-3.8883684405398646e-21
20.87,27.4576407,15.41072119,0.4792262350446005,0.2689678248723586,0.2584394502576155,-0.3593582512658206,1.2386210759632248,-0.1037214396361769,-1.976723902387794,-0.0335839520586091,6.499949497953131,-2.871334540591225e-21,0.1478827102046908,-2.333625542033174e-23
20.88,29.04369794,14.84956433,0.5069081560076946,0.2591737900452057,0.270495206040286,-0.3592908213722404,1.2055755782664317,0.0067429893580238,-2.0923921184973584,-0.0010526028132774,6.499834074884772,-3.8818878453041663e-22,0.1397962745853395,-1.976355444738172e-25
20.89,30.62256646,14.34126319,0.5344646101377845,0.2503022615605651,0.2821631218939968,-0.358128248206398,1.1667915853713118,0.1162573165842626,-2.184866712727674,0.0312795454473257,6.499298340231158,-4.005390107094041e-21,0.1324832429922064,9.152054618806372e-23
20.900000000000002,32.19326689,13.86733205,0.561878504203775,0.2420306027398349,0.2933908445953286,-0.3559088896269759,1.1227722701334,0.2219358579422512,-2.257617629700534,0.0627024924119893,6.496190031233816,-8.834967719571542e-19,0.1260635009239435,4.964761244903746e-20
20.91,33.73648701,13.42127236,0.5888127763807971,0.2342453924889097,0.3041066937170089,-0.3526822727867461,1.0715849121674794,0.3226616840228139,-2.3133793227176875,0.0930138234042081,6.4705817693241725,-6.093227802476325e-16,0.1202160115459991,5.592836066016344e-17
20.92,35.22527774,12.99458341,0.6147970764924672,0.2267982654295322,0.3142114426040837,-0.3485105706516311,1.0104748887076864,0.4171702135115804,-2.3541681307901112,0.1219504003883991,6.137275273933901,-3.771423331941005e-13,0.1099655683011338,4.66421015762648e-14
20.93,36.66865425,12.58328707,0.639988748937912,0.2196197900951302,0.3236286631918342,-0.3434615434403023,0.9417220587752392,0.5049027211329887,-2.3833271234576863,0.1494393597504937,2.90759859084974,-1.2662141954886347e-10,0.0506173824660251,1.9151504702247174e-11
20.94,38.05310598,12.18433392,0.6641519899613435,0.2126567440664273,0.3322736134080418,-0.3376065734953746,0.8644950216209256,0.5854969944928844,-2.4025737126450464,0.1754470706569807,0.1373255961527454,-2.021657209296226e-08,0.0023418624908732,3.5561932241379613e-09
20.95,39.35300684,11.79446493,0.6868395399178493,0.2058522465395025,0.3400383325292477,-0.3310202834127358,0.7764719121201937,0.6586290082635354,-2.412679519427153,0.1999311201031447,0.001674923813566,-1.5496610224362516e-06,2.8239234529294868e-05,3.078717734072612e-07
20.96,40.57025846,11.41539463,0.7080845885120841,0.1992362217079798,0.346830535735796,-0.3237735280844478,0.6792203206549682,0.7246755328289499,-2.415259275664453,0.2230422776965278,8.494030874714866e-06,-6.253827274969817e-05,1.4278351525602426e-07,1.3780309942289545e-05
20.97,41.69367247,11.04761061,0.7276918618496168,0.1928171796227591,0.3525556406184098,-0.3159348642650609,0.5725104882614935,0.7838663819388475,-2.411060865223944,0.2448731245784269,1.559212011594218e-08,-0.0014429310892912,2.63371317908689e-10,0.0003478385769841
20.98,42.73699094,10.69656433,0.7459012042979863,0.1866902662098812,0.3571505486332391,-0.3075639986419468,0.4594908014826962,0.8370865623109783,-2.401501915900273,0.2657075206633169,1.1426640527261647e-11,-0.0211302123250344,1.950936702338865e-13,0.0055146496732899
20.990000000000002,43.69103839,10.36315242,0.7625524735207424,0.1808711306150182,0.3605512738501105,-0.2987179548876024,0.340072521687208,0.884604375434615,-2.386904807854549,0.2856352474553366,3.721171519173433e-15,-0.2036929228801165,6.453939976939976e-17,0.0570592389574447
21.0,44.56238594,10.05211694,0.7777603571974283,0.1754425373984972,0.3627142648771799,-0.2894460473692479,0.2162991027069835,0.9271907518356396,-2.3679657324106524,0.3048988197967494,1.2432397879489097e-18,-1.2300285239638824,2.1981653480508047e-20,0.3673605460150647
21.01,45.3438649,9.76207233,0.7913997380844894,0.1703803039763344,0.3635969177440994,-0.2797980358312427,0.088265286691964,0.9648011538007129,-2.344778499366916,0.3234825234284329,2.921517886757301e-21,-3.6175717367158926,5.280573807797954e-23,1.14508623161863
21.02,46.03325116,9.49235775,0.803431798139499,0.1656728965147007,0.3631643194050865,-0.2698229060608964,-0.0432598339012713,0.997512977034121,-2.317497511799295,0.3413995782551973,9.355100116106997e-22,-5.44474361220227,1.7320491170481486e-23,1.817048502591137
21.03,46.64620267,9.24396321,0.81412982014407,0.161337593947724,0.3614125696867538,-0.2595665598128644,-0.1751749718332989,1.0256346248033996,2.835718950758298,0.3587314099305947,1.0095559276526785e-19,-6.133531592063905,-3.0246132357979513e-20,2.148479656425572
21.04,47.18311147,9.03169957,0.8235006464870017,0.157632894547456,0.3583462342677599,-0.2490541119410969,-0.3066335418994481,1.0512447871769537,2.8982566984720197,0.3761545052577564,3.112058297651158e-16,-6.366405852601746,-7.456470312484163e-17,2.3354009686870167
21.05,47.63107999,8.80291156,0.8313191721062878,0.1536397904838703,0.3539600842442745,-0.2383776676315326,-0.4386150023486286,1.0676444309566506,2.9635185385434304,0.3913919499789441,2.3032860510575832e-12,-6.42780052187415,-4.108006607465538e-13,2.45028359449605
21.06,48.01480705,8.601358,0.8380164727322856,0.1501220172427544,0.3482896812326338,-0.2275674826384182,-0.5670403011637833,1.0810184993108838,3.029633512203087,0.4064311798682394,9.31310164268885e-09,-6.455589253302271,-1.0528777915772414e-09,2.5517040522983865
21.07,48.3249633,8.40586909,0.8434297204904243,0.1467100921121195,0.3413630085080021,-0.2166794779099859,-0.6926672724633033,1.088800472843446,3.097124951655415,0.4203397005775039,1.584293936910254e-05,-6.4652088279534565,-5.699082534563476e-07,2.638896378202632
21.080000000000002,48.56812681,8.21532751,0.8476737243606305,0.1433845141791673,0.3332219632152727,-0.2057673912791509,-0.814104529273103,1.0912086630837154,-3.117838815295727,0.4330866600425946,0.0106650103870822,-6.465655165017645,7.76430555012843e-05,2.7148622371080675
21.09,48.76040814,8.03987467,0.8510296666592442,0.1403222844391925,0.3239336857187949,-0.1948682396693616,-0.9288277496473064,1.0899151609783695,-3.0502697492734177,0.4451686919944576,1.984682172683836,-6.460283076486557,0.0022944626933933,2.7838103533954754
21.1,48.8995242,7.86489964,0.8534576999486462,0.1372683940569167,0.3135639001781748,-0.1840350432346323,-1.0369785540622187,1.0833196434731454,-2.983258544510032,0.4558929627177767,6.3834217097218025,-6.442150600347134,0.00348455149629,2.83856367321652
21.11,48.93248878,7.63418772,0.8540330404061832,0.1332417114293189,0.3021095221255957,-0.1733886360237388,-1.145437805258137,1.0646407210895668,-2.912637096351524,0.4624398008984049,6.498638319370071,-6.355856439419438,0.0469035092990215,2.8380162313977157
21.12,48.91121743,7.399096,0.8536617853123392,0.1291385868711423,0.2896428073783024,-0.1629742939592567,-1.2466714747295808,1.041434206448418,-2.842754022453724,0.4673294707498904,6.4999715215913945,-6.06493919117585,0.0634180377099974,2.7347268758354675
21.13,48.89675651,7.21184808,0.8534093946454717,0.1258704941496314,0.2763172844712512,-0.1527659153255428,-1.3325522907044374,1.0208378633708657,-2.778453644590956,0.4733052456869813,6.499998676834832,-5.394304727912208,0.0649002099350783,2.4611579492303277
21.14,48.73535155,6.93193061,0.8505923466644219,0.1209850126642789,0.2620763624452514,-0.1429181831505794,-1.424092202600258,0.9847732174965418,-2.707083355345486,0.4727345781922192,6.499999940517552,-2.8520777214574915,0.0661767460152043,1.299810957316922
21.150000000000002,48.59417874,6.71693843,0.8481284163156294,0.1172326912572386,0.2470944339894393,-0.1333707419690677,-1.4981928455815068,0.95474411815135,-2.6422791587936527,0.4742664707540631,6.499999994464742,-0.8966582371542243,0.0734013240130443,0.4098703915263539
21.16,48.38163597,6.45396327,0.8444188451778204,0.1126429088642797,0.2314158055171607,-0.1242106581032052,-1.5678628472270613,0.9160083865857862,-2.576232764798682,0.4714162618750699,6.499999999349098,-0.125103763107625,0.0841673748775552,0.0568676971095826
21.17,48.14838197,6.19652024,0.8403477948843737,0.1081496803544692,0.2151526053742051,-0.1154480308544907,-1.6263200142958834,0.8762627248716232,-2.512743860733416,0.4672365080528492,6.49999999988406,-0.0135074673647955,0.0951177975876659,0.0060894939803663
21.18,47.80708904,5.87339991,0.8343911095420952,0.1025101667158386,0.1982964017141385,-0.1071812684015555,-1.685620366006998,0.8266762452936803,-2.444806665288341,0.457148335021311,6.499999999978831,-0.0007254920576924,0.1053712694588646,0.0003204905793901
21.19,47.48553492,5.59071169,0.8287789314247421,0.0975763265202365,0.1810120251715726,-0.0993630431796226,-1.7284376542569335,0.7818225221934456,-2.381909940029896,0.4478811575861436,6.499999999993516,-4.38822626574173e-05,0.113322175176905,1.901744350576841e-05
21.2,47.14433634,5.29861607,0.822823892800613,0.0924782962205823,0.1634022848364711,-0.0920109041553655,-1.760974033509248,0.735213902425337,-2.320348623686195,0.4361611013774387,6.499999999997295,-2.00599748074121e-06,0.1200526096873194,8.479400646639162e-07
21.21,46.78943087,4.99527116,0.8166296238157749,0.0871839287719164,0.1455720453736061,-0.0851409673208036,-1.7830239462868542,0.6869936834563279,-2.2599419501747877,0.4217967738515241,6.499999999998476,-6.699531295038475e-08,0.1259231512970644,2.7435478836541892e-08
21.22,46.43336078,4.68596877,0.8104150283774024,0.0817855836821288,0.1276361986472119,-0.0787588004245491,-1.7935846726397795,0.6382166896255808,-2.2008626612862217,0.4051434461334364,6.49999999999882,-1.6804206485767939e-09,0.1311517703152736,6.622043789086259e-10
21.23,46.07799847,4.36479507,0.8042127860304096,0.0761800451463163,0.1097041237571897,-0.0728745090273364,-1.7932074890012943,0.5884291397209613,-2.142453171980854,0.3857458160425243,6.499999999998767,-2.9032587741005446e-11,0.1359426311450325,1.091303165162714e-11
21.240000000000002,45.73790648,4.04569199,0.79827706104525,0.0706106457470615,0.0918962514577606,-0.0674769376380172,-1.7807872299432708,0.5397571389320266,-2.084778198765684,0.3647719526056367,6.499999999998208,-3.901250187413384e-13,0.1403677193897791,1.3889774084144364e-13
21.25,45.41134986,3.7201017,0.7925775728320661,0.0649280231740383,0.0743209749373694,-0.0625640869639036,-1.7575276520394685,0.4912850674114628,-2.026740646030384,0.3416256499586736,6.499999999996465,-3.583092077691633e-15,0.1445342283376621,1.1965440929688188e-15
21.26,45.09836677,3.38599228,0.7871149874085003,0.0590967137331097,0.0570772803836991,-0.0581341005551019,-1.7243694553673696,0.4429986408802537,-1.9672577812029857,0.3162587205367136,6.499999999990678,-2.0816871295115098e-17,0.1484907178085259,6.444690936192818e-18
21.27,44.79472737,3.04216943,0.7818154801397201,0.0530958729570191,0.0402492466925505,-0.0541841924136666,-1.6828033691139987,0.394990814143331,-1.9048526623103867,0.2887368234980964,6.499999999968009,-6.993222456621403e-20,0.1522519240346153,1.9798313724400896e-20
21.28,44.49805082,2.69440787,0.7766374975287627,0.0470262887231473,0.0239091362602943,-0.0507018170195752,-1.6340110432259458,0.3482375394092066,-1.837936802645129,0.2598429868088134,6.499999999859448,-1.3628310951814391e-22,0.1557601761440343,3.4801970912736614e-23
21.29,44.18913069,2.3327632,0.7712458241345737,0.0407143985093589,0.0080956423824393,-0.047685559822978,-1.5813493877858131,0.3016257196597874,-1.7639572411067532,0.228902178122706,6.499999999273498,-1.1333544704489857e-25,0.1588876208166688,2.560140332176021e-26
21.3,43.86088292,1.96639192,0.7655168197857447,0.0343200133886129,-0.0071677582074386,-0.0451198993782014,-1.526340058988108,0.2565660444777071,-1.680903252899807,0.1971718773577977,6.499999995733137,-4.0139338217489474e-29,0.1613037140550619,7.871410240320159e-30
21.31,43.50104437,1.59813039,0.7592364523126425,0.027892637181681,-0.0218786205317768,-0.0429844136908319,-1.4710862324330665,0.2135485687368457,-1.586799283631333,0.1653353142011445,6.499999973170935,-5.2356154588584095e-33,0.162474497516515,8.713346390507572e-34
21.32,43.13671878,1.28433885,0.7528777712178715,0.0224159416437775,-0.0360019393492587,-0.0411858408207523,-1.412331881748471,0.1798572870079878,-1.480244985523727,0.1397095935732703,6.499999796285286,-1.300829583961468e-36,0.1616884714992009,1.843553480566613e-37
21.330000000000002,42.59701275,0.85174102,0.7434581240015041,0.0148656851732948,-0.0497343263307698,-0.0398574472319078,-1.3732386981513791,0.1328393588844838,-1.3649203248162212,0.1020473813265983,6.499999184582885,-8.225609609542985e-43,0.158411782416616,8.400173529389906e-44
21.34,42.05598043,0.52866157,0.7340153286578006,0.0092268850252624,-0.0630296857019971,-0.0388283938053292,-1.3295359371220563,0.1029053426578011,-1.2410042031740696,0.0776887245488695,6.499995986391124,-7.585659304214034e-48,0.1524925707910905,5.595503646775596e-49
21.35,41.44105509,0.25260968,0.723282856820855,0.0044088706384092,-0.0759436008455965,-0.038018688882542,-1.2913915143601935,0.0809704922787356,-1.1155618933040723,0.0596123641603595,6.49998330708226,-2.4682568977484978e-52,0.1445830099997732,1.2994627009516602e-53
21.36,40.77211791,0.07234413,0.7116077005408491,0.0012626432629908,-0.0885032093001268,-0.0372908127307374,-1.255960845453279,0.0727876151804743,-0.9924380987660678,0.0529455344595189,6.499935386265845,-2.794869654064227e-54,0.1354082248268127,1.2616221580666384e-55
21.37,39.97909107,-0.07164141,0.6977667711261628,-0.0012503784852711,-0.1008279495499006,-0.0365929935213999,-1.2324740249776238,0.0697819209337632,-0.8854263955952124,0.0506083436765418,6.499840929309459,-4.3420200800261794e-55,0.1262677625861252,1.8482318943307549e-56
21.38,39.15735317,-0.05309994,0.6834247391827389,-0.0009267687856114,-0.1129034560115567,-0.0357159706634371,-1.2075506461649963,0.0877022857962403,-0.785118378678435,0.066159318288374,6.499580128393037,-4.260708898448933e-51,0.1162032850693245,2.56507653163257e-52
21.39,38.2722347,0.09869289,0.6679765076110242,0.0017225158788085,-0.1247634451860395,-0.0345043345113243,-1.1859989174485108,0.1211636152113023,-0.6974573084235222,0.09529700921791,6.499024692265312,-6.731896931497263e-45,0.1054473185148654,6.356919695720703e-46
21.400000000000002,37.25808863,0.34069773,0.6502763195933634,0.0059462971425706,-0.1365267233060205,-0.032870968417922,-1.176327811998338,0.1633366093402594,-0.6323275948614818,0.1324638372223414,6.498616030493591,-7.909428284877047e-39,0.095671084165189,1.0635906626699339e-39
21.41,36.2581733,0.81042994,0.6328245048436978,0.01414467080974,-0.1481144097551368,-0.0305620560012744,-1.1587686449110357,0.2308912416646482,-0.5659831488558257,0.1923531974753488,6.497265116518661,-1.4854810423776847e-31,0.0842404333812523,2.846535236987413e-32
21.42,35.19581338,1.43048994,0.6142828263984741,0.0249667593696561,-0.1595555549306855,-0.0274450140764744,-1.1441145175551004,0.3117041924800555,-0.5101597448845108,0.2648781850365788,6.495213842888082,-3.836123820410692e-25,0.0749596438682936,9.981174103933659e-26
21.43,34.07204308,2.22085038,0.5946693346273497,0.0387611513251672,-0.1708762594611262,-0.0233760409990482,-1.1320704530442902,0.4068973077427021,-0.4633741666895184,0.3509891882605524,6.492515727777247,-2.1034358789412757e-19,0.0687114437873388,7.212632955654131e-20
21.44,32.93805323,3.18924601,0.5748774780606531,0.055662843530592,-0.1820336008621095,-0.0182173420790662,-1.1157341400985563,0.5158698919982995,-0.4172287235128997,0.4496073311644735,6.485916541181271,-2.8408863318257102e-14,0.0650665358503685,1.2356131374338343e-14
21.45,31.77822932,4.32472726,0.5546347320877988,0.0754807299377528,-0.1930092197284989,-0.011861270886718,-1.0975618866383785,0.6356071192344953,-0.3740253131802329,0.5570586527416264,6.471234745832555,-9.465234298366355e-10,0.0644924216402653,5.007255157617867e-10
21.46,30.59791722,5.60391396,0.5340343997416701,0.0978067496004738,-0.2037799219524363,-0.0042445499668616,-1.0770702223939477,0.761672091985796,-0.3328476263147109,0.668395835080186,6.434765726446993,-7.973557813515777e-06,0.0643348020906184,4.940932872369568e-06
21.47,29.41069917,7.02546241,0.5133135358300634,0.1226174505295958,-0.2143073224574747,0.004682744801027,-1.0527400505040487,0.8927294767890455,-0.2919028879228388,0.7810617792512214,6.324569376470401,-0.0222697495263803,0.0610321536089267,0.015675590327275
21.48,28.25141864,8.58418113,0.4930802736272986,0.1498222243060673,-0.2245111997446963,0.0149529820541289,-1.0203877287216416,1.027023725309668,-0.2471095514076396,0.8924160469775547,5.846367300382323,-5.149634610573807,0.0481983404888496,4.009251659330892
21.490000000000002,27.05910275,10.19048214,0.472270435622952,0.1778574657086777,-0.2343994182591841,0.0264744889442921,-0.9888218514489756,1.1521506890165485,-0.206794770707989,0.9956505989077048,4.491366732537815,-6.49461286493101,0.0247297751622689,5.450169872915381
21.5,25.87139422,11.84863974,0.4515410112204301,0.2067977753456448,-0.2439312373081398,0.0391607948859557,-0.9531819048957594,1.2686305941666145,-0.1660923367902415,1.09214948610659,1.999104653124392,-6.499956767461773,0.0025817180241539,5.770343014952009
21.51,24.66569845,13.50796816,0.4304976502565619,0.2357585196465602,-0.2531006087209843,0.0528606497218374,-0.9169371412846342,1.3699854835884344,-0.1279471843807952,1.1809277955362596,0.493030596833353,-6.499999085965204,-0.0005947040634419,6.013156119784068
21.52,23.49858655,15.19967233,0.4101277048623551,0.2652843273827781,-0.2618292807652425,0.0674679511401249,-0.8728672044253736,1.4607301418280068,-0.0859139962643168,1.2648030718494314,0.0618896822135255,-6.499999963585337,0.0001240546523341,6.198827397965002
21.53,22.33132827,16.85384527,0.3897552046551892,0.2941550915831727,-0.2700982779193024,0.0827901311519103,-0.8268997154061521,1.5322180011788418,-0.0450985436342756,1.342999338554356,0.0061070459587185,-6.499999996724838,4.84429540151686e-05,6.33259082223539
21.54,21.1785819,18.46989888,0.3696359850582765,0.322360547966413,-0.2778731901561454,0.0986438561491343,-0.7774912236844559,1.5853724997227192,-0.0040478700789577,1.417256372966568,0.0004495862524034,-6.499999999418708,8.335761381116602e-07,6.4237936990189
21.55,20.05686883,20.04993751,0.3500583987241228,0.3499374243686134,-0.285103092261431,0.1148587616629955,-0.7229902105287063,1.621490551386439,0.0386217720777587,1.4889203095024073,2.1817777937479285e-05,-6.499999999816832,-6.536913085096011e-07,6.4783043712392985
21.56,18.97431293,21.59354211,0.3311642339322324,0.3768784069875436,-0.2917331540216619,0.1312741995342942,-0.6630061760227451,1.6415437871290348,0.0831900888091132,1.5589700583677182,6.46231719727629e-07,-6.499999999904263,-5.1871926708890594e-08,6.499547152283547
21.57,17.92972476,23.11088537,0.31293273103835,0.4033610427574879,-0.2977175215605829,0.1477528856095013,-0.59843675389222,1.647868607521039,0.1289551194465457,1.6281743179668993,1.1609823156952984e-08,-6.499999999924169,-1.5197995511934615e-09,6.489342572872861
21.580000000000002,16.93649467,24.60797091,0.2955975957379704,0.4294901146144851,-0.3029997096410496,0.1641746159242919,-0.5282188080467761,1.642173031479379,0.1766905143063636,1.6969874208251088,1.1018113891195856e-10,-6.499999999914101,-1.950919155890409e-11,6.448496409983885
21.59,15.99842449,26.09729559,0.2792251824821946,0.4554837339116961,-0.3075263640356728,0.1804439379532287,-0.452665439462087,1.6269322028928532,0.2261184354953563,1.7655838480632788,5.272945779777609e-13,-6.499999999870671,-1.17721969101693e-13,6.377472738985396
21.6,15.07798408,27.53563048,0.2631604667592881,0.4805874134885066,-0.3113017509764818,0.1964178444237893,-0.3775386940809729,1.597390647056378,0.2733452014795214,1.8346920621899976,1.963466386281428e-15,-6.499999999698404,-5.268225879414026e-16,6.2756111597962665
21.61,14.25892301,29.04123079,0.2488651543128803,0.5068650961170539,-0.3142237217308137,0.2121157931440964,-0.2921970754332507,1.5697948720310204,0.3255095092930598,1.9023148830203915,2.7553873271978697e-18,-6.499999999332703,-8.775413371089894e-19,6.146899382508427
21.62,13.52667199,30.60407906,0.2360849630627935,0.5341419441376513,-0.3162217902907861,0.2275442803981405,-0.1998068559972818,1.5428487254047152,0.3802409611738251,1.968021940297064,2.882907440365576e-21,-6.499999998544152,-1.0686815231876196e-21,5.994824182449135
21.63,12.80662539,32.12513735,0.2235177791250029,0.5606894194129061,-0.3173341736157599,0.2425843032205636,-0.1112383324973251,1.504002282241539,0.4309402842603445,2.0342049528487065,1.403049278262204e-23,-6.499999995304921,-5.863662796731903e-24,5.815360992801239
21.64,12.12756812,33.64916647,0.2116659939538987,0.5872887454531777,-0.3175632704607283,0.2571844071291279,-0.0229096844968402,1.4600103908567188,0.4801250426167953,2.0994749529834897,9.136652013171034e-25,-6.499999981662642,-4.224098913978458e-25,5.613274819248959
21.650000000000002,11.48654262,35.16980354,0.2004779883896558,0.6138288690525572,-0.3169201424393147,0.2712908892638579,0.0643128021413713,1.4106482134732845,0.5275626477689701,2.163879458781082,1.988655917224922e-24,-6.499999911354074,-1.0019642340262999e-24,5.390285598202321
21.66,10.87886026,36.6798138,0.1898719304013663,0.6401835198284528,-0.3154260819147453,0.2848471459312121,0.1494060524568642,1.3556256667347226,0.572987393716076,2.227548609986191,9.026144141166244e-23,-6.499999454446166,-4.895861378673799e-23,5.147767913961355
21.67,10.30192832,38.16668688,0.179802568488448,0.666134350633722,-0.3131089668152504,0.2977874748986185,0.2317115099495298,1.2940328967409065,0.61636205927892,2.2908959148623267,2.1853311404948296e-20,-6.4999954774565225,-1.2634781510631208e-20,4.885756156672572
21.68,9.75656612,39.62585286,0.1702842024825281,0.6916016013178117,-0.3099981223879678,0.3100482255776526,0.3110844427283274,1.2260750679036534,0.6579013149825711,2.3540159118202157,8.803666469094609e-18,-6.499948233278105,-5.382723964726806e-18,4.605283495389642
21.69,9.24321233,41.04515359,0.1613244886194366,0.7163730721322706,-0.3061245554794899,0.3215583371044551,0.3873566908478614,1.151011152680477,0.6977830913701277,2.4174074991002223,3.0680383235373244e-15,-6.499123144427866,-1.970935253321385e-15,4.304954802240987
21.7,8.76421284,42.41828036,0.152964370403563,0.7403386553160456,-0.3015181521214484,0.3322477352089564,0.4606403358039165,1.0689398104495844,0.736281220456395,2.4812940837306168,7.122935645357094e-13,-6.476963643324339,-4.782313002735567e-13,3.9723721633993216
21.71,8.32359865,43.73832842,0.1452742020570551,0.7633778402476092,-0.2962053869912882,0.3420468976622108,0.531276513016127,0.9799162453256356,0.7737249249457452,2.5459470401063173,1.0416753809024167e-10,-5.62433017660545,-7.277812866877631e-11,3.156471045632009
21.72,7.92350886,44.99730592,0.1382913179179424,0.7853511428311362,-0.29021193387378,0.3508858232798827,0.59934531175094,0.883892561767367,0.8102989192953545,2.6117195700789786,9.632308368882351e-09,-0.4874349061827127,-6.977379572497179e-09,0.2465589602317027
21.73,7.5643456,46.18654582,0.132022736478746,0.8061072946822243,-0.2835648806943254,0.3586936040897079,0.6647053179451176,0.7807780809821199,0.8460829281764114,2.6790263452383707,5.750589948329342e-07,-0.0032972706873176,-4.3048920623787524e-07,0.0014726717758078
21.740000000000002,7.24285209,47.29828232,0.1264116162054526,0.8255107570218222,-0.2762972988254507,0.3654000426813066,0.7267581868876218,0.670643859160003,0.8809884810126988,2.748240245602139,2.2291365551278064e-05,-9.116893806337065e-06,-1.7193687443834245e-05,3.4921504939369325e-06
21.75,6.97122327,48.33811316,0.1216707989531456,0.8436592288436006,-0.2684272843837739,0.3709530281719567,0.7870014441678297,0.5552985490651136,0.9156318080228408,2.818826430346346,0.0006404560881573,-1.1101329663628708e-08,-0.0005078397705966,3.506312096379021e-09
21.76,6.75532314,49.30837196,0.1179026308291618,0.8605934395000497,-0.2599673322394084,0.3753133514572137,0.8459952144367251,0.4360323285257851,0.9502491125502116,2.890463708708792,0.0144551872886015,-6.428332178578943e-12,-0.0117605315213531,1.5880056605949796e-12
21.77,6.56498528,50.18390731,0.1145806084809618,0.8758744140751507,-0.2509721180041009,0.378418964897426,0.8995214235302867,0.3105613440210785,0.983627829510943,2.9648231495885806,0.2057878266277004,-2.005929785760145e-15,-0.1713331211045137,3.553271070076202e-16
21.78,6.39928508,50.96816813,0.1116885944197487,0.8895623475785412,-0.2414965325042428,0.3802234501051291,0.9475585499859964,0.1804485207703402,1.0159069848961608,3.041448601811213,1.599044354946986,-1.0478783273168966e-18,-1.359261389388082,1.0476008135009761e-19
21.79,6.27086882,51.66540121,0.1094473078696516,0.9017313604783622,-0.2315775012484023,0.3806961567487013,0.9919031255842484,0.0472706643572334,1.0476888345793536,3.119812227042812,4.648234702001127,-1.0184947906781118e-20,-4.027141938786869,1.4773631547094472e-22
21.8,6.15428896,52.26797868,0.1074126054711376,0.9122483213281996,-0.2212852674269923,0.3798060985611204,1.0292233821412056,-0.0890058187581043,1.0782009408738091,-3.082901703525347,6.037869660992432,-2.3522057291952094e-20,-5.320780795914788,-1.5313803746826042e-22
21.81,6.04224668,52.77387205,0.1054570987836962,0.9210778262987096,-0.2106965960477893,0.3775292943433437,1.0588671379197552,-0.2276804217775597,1.1074087618046256,2.912943069352893,6.361986198351685,-1.0677320102784042e-17,-5.691943990895496,2.4093519723658373e-18
21.82,5.93222317,53.19821624,0.1035368262795953,0.928484029575918,-0.199887552202162,0.3738702645140907,1.080904384562949,-0.3659029829253707,1.1354366438871997,3.003793113323757,6.443161077435453,-5.5380112581149725e-14,-5.843049787837676,7.743467236947631e-15
21.830000000000002,5.795362,53.51198864,0.1011481482449636,0.9339603910578026,-0.1889677744358511,0.3688036801886882,1.0919777766313068,-0.5066584325403531,1.1616382706106396,3.10051360178122,6.462041263191919,-4.6233739844705326e-10,-5.929566290166581,1.5004452022325024e-11
21.84,5.65885047,53.75883616,0.0987655725795286,0.9382686930321852,-0.1780035578138728,0.3623692693622199,1.096421662197269,-0.6434410826464937,1.1870010516836542,-3.085012292792112,6.466170033240608,-1.6957290716432218e-06,-5.996670602836959,-1.1521595213386436e-08
21.85,5.48518635,53.90640387,0.09573456189295,0.9408442354413132,-0.1671058632115218,0.3545700415624163,1.0897694602353127,-0.7799227799805184,1.2106623702535466,-2.984471177182155,6.450959476400285,-0.0028517814633657,-6.038008114558252,-1.2457266334286056e-06
21.86,5.27546478,53.96041984,0.0920742299839983,0.9417869919664718,-0.1563755112565404,0.3454234808961106,1.0730351954983532,-0.9146560666307524,1.232832202747291,-2.882851242439015,6.388688177685855,-1.590400252427308,-6.028120433051667,-0.0139134975246766
21.87,5.03432511,53.93706385,0.0878655487853257,0.9413793530409088,-0.1458986963923411,0.3349737150368426,1.0476814864201354,-1.0449765859270068,1.2537567757548065,-2.782865932780638,6.130598575842773,-6.43813518825707,-5.825813815967909,-0.0643302618494324
21.88,4.77856518,53.86752654,0.0834016959121554,0.940165698028429,-0.1357315925871216,0.3233084513498456,1.0167103805214366,-1.1665263686991083,1.2739257100374473,-2.688101725982402,5.075108451392395,-6.499538013891655,-4.853682038637544,-0.0677646428453396
21.89,4.43467927,53.64439661,0.0773997545314386,0.9362713460901844,-0.1260210906826409,0.3103788335256595,0.9710501904482572,-1.2929617824188684,1.2916772436925277,-2.5900867147278515,1.6833367064724285,-6.499995779796356,-1.6183660414467536,-0.0817719752651637
21.900000000000002,4.11633744,53.40702089,0.0718436414511145,0.9321283582118924,-0.1167508613016647,0.2963239125640714,0.9270229380978086,-1.405492096159085,1.309633263675687,-2.501207706241928,0.2108513800125592,-6.499999911019163,-0.2037217426060806,-0.0970011518583793
21.91,3.78162815,53.10611804,0.066001862303602,0.9268766127507576,-0.1079584389360506,0.281215983150601,0.8792422365609562,-1.5107929413462715,1.326866797365361,-2.4170012471729043,0.0151285110230813,-6.499999996960114,-0.0146819704847116,-0.1090428196968663
21.92,3.43336144,52.751361,0.0599234615390137,0.9206849343581284,-0.0996721092673542,0.2651401467615247,0.8286329668698034,-1.6075836389079423,1.3434323109318644,-2.337868543101272,0.000770790172275,-6.499999999836756,-0.0007510133903403,-0.1182247766529506
21.93,3.10102378,52.35154481,0.0541230751436402,0.9137068254398492,-0.0918763648118341,0.2481918058242976,0.7795744455521721,-1.6948340937230535,1.3599400168875924,-2.263813865861312,3.5938364208008974e-05,-6.4999999999866285,-3.5144896434978515e-05,-0.125564463740785
21.94,2.75397843,51.90461227,0.0480659911324041,0.905906381082548,-0.0845943696049246,0.2304615899795623,0.7281995206910924,-1.773021584473883,1.3757468298397542,-2.194033412052392,1.1775410509039874e-06,-6.499999999998432,-1.1552844052098052e-06,-0.1317296379752552
21.95,2.42706433,51.43121465,0.0423602637162101,0.8976440339424431,-0.0777988120049844,0.2120641256898437,0.6795557599936753,-1.839746428970909,1.391520494908119,-2.128875700273064,3.6774663513746505e-08,-6.49999999999973,-3.6187219716091466e-08,-0.1370102969977327
21.96,2.11622487,50.93631761,0.0369350916940889,0.889006451136069,-0.0714670225440456,0.193115704689864,0.6331789460940037,-1.8948420999983475,1.407169057952636,-2.067654262161236,1.0633647874559148e-09,-6.499999999999933,-1.04920909520612e-09,-0.1416269968416771
21.97,1.83510877,50.43857808,0.0320286901687233,0.8803192575202399,-0.0655574845522101,0.1737509611636103,0.5909537991836712,-1.9364743526257608,1.4229291707863911,-2.010233329406238,3.337269970658865e-11,-6.499999999999976,-3.300977092801132e-11,-0.1456654742942161
21.98,1.56983286,49.93402232,0.0273987521129991,0.8715130982483376,-0.0600476901178759,0.1540920115552994,0.550979443433136,-1.9658949608300824,1.4385421853276776,-1.9555054167776007,9.951319940778733e-13,-6.4999999999999885,-9.864719816246212e-13,-0.1492314307291645
21.990000000000002,1.3802399,49.48571765,0.0240897307223972,0.8636887057047709,-0.0548359541099935,0.1343340042076715,0.5211736007883393,-1.9758007347631847,1.4549842927345429,-1.904630084766884,6.04741050711181e-14,-6.49999999999999,-6.007044146949725e-14,-0.1522645443651662
22.0,1.16337914,48.99986512,0.02030479644202,0.8552089793771265,-0.0499618984127163,0.1145391707633399,0.487405569727818,-1.979483344433551,1.4706597632863003,-1.853722796342992,2.0937538291639706e-15,-6.499999999999991,-2.0833028714167118e-15,-0.1549866019860701
22.01,0.97875915,48.53966697,0.017082569751521,0.8471770064480396,-0.0453820882964886,0.094845928419613,0.457981011622865,-1.9693242343730852,1.486380899119727,-1.804003176521024,9.149072004002418e-17,-6.4999999999999885,-9.116611637807607e-17,-0.1573003372397696
22.02,0.80663692,48.08632713,0.014078470122146,0.8392647336095753,-0.0410806800059763,0.0753582660611547,0.4301408290510101,-1.9487662358448323,1.5018761229327298,-1.754232372672887,3.908682885495307e-18,-6.49999999999998,-3.89943743801215e-18,-0.1592332962779534
22.03,0.62289773,47.62396157,0.0108716162916986,0.8311949322397479,-0.0370731607969062,0.0561514106597675,0.4007519209070865,-1.9206855401391043,1.5168465519526089,-1.703506812854141,1.1199923342744805e-19,-6.499999999999957,-1.1183688273076904e-19,-0.1607693907080683
22.04,0.5061389,47.20527523,0.0088337902774223,0.8238874770736235,-0.0332690177209367,0.0373607419347463,0.3804143075970233,-1.879066872502493,1.53204768884891,-1.6519512778742844,8.099909361106367e-21,-6.499999999999871,-8.093851834646956e-21,-0.1618473509564768
22.05,0.40415061,46.77805972,0.0070537588184435,0.8164311598085368,-0.0296520349349886,0.0190432696985758,0.361698278594885,-1.8317472236174115,1.54703737939889,-1.5981389661436425,6.352734180405039e-22,-6.499999999999534,-6.350947916742716e-22,-0.1624255805813714
22.06,0.32442739,46.3335094,0.0056623261391517,0.8086722930337423,-0.0261963820594487,0.001238245909953,0.3455652875538144,-1.7805023788613723,1.561852509108087,-1.5415440208010756,6.333369816677177e-23,-6.499999999998069,-6.33311745361133e-23,-0.1624148294776363
22.07,0.2780008,45.86226171,0.0048520292831782,0.8004474692508248,-0.022862852222947,-0.0160324500237296,0.3333529836502342,-1.7270695933686135,1.5765413952857306,-1.4818207774457317,1.0211327179024832e-23,-6.499999999991159,-1.021115929124039e-23,-0.1617163051738943
22.080000000000002,0.26009498,45.3450542,0.0045395137689088,0.7914204952852834,-0.0196208474360502,-0.0327757332318447,0.32420047868974,-1.6743283208118336,1.5910885977197984,-1.419005047479699,2.473381914632825e-24,-6.499999999958627,-2.4728745881073754e-24,-0.1602452656436893
22.09,0.2819699,44.7713864,0.0049213031465191,0.7814081033626109,-0.01642686511396,-0.0490140253032501,0.3193982322088607,-1.6238292071397131,1.6055166917418573,-1.3535445804250643,1.1434569125645022e-24,-6.499999999811197,-1.1427703192710851e-24,-0.1579636638744096
22.1,0.35304975,44.13314456,0.0061618805608428,0.7702686818306241,-0.0132281382826572,-0.064780957338148,0.3198726831303391,-1.576693203490108,1.6198412792418198,-1.286261182564977,1.2031596555199364e-24,-6.499999999192317,-1.201718247451006e-24,-0.1549058174615865
22.11,0.47701273,43.41592536,0.0083254427124267,0.7577508453321045,-0.0099711813095745,-0.080128349793122,0.3256956973083441,-1.534739245497703,1.6340847573981567,-1.2185936273590652,2.9086136427991708e-24,-6.499999996968706,-2.9028118591692437e-24,-0.1512032375641637
22.12,0.6759455,42.6344366,0.0117974745390393,0.7441112934027767,-0.0065780162509091,-0.0950876133953251,0.3393165058665994,-1.495926360220604,1.6482097377110596,-1.1510994657909432,2.2245507242280982e-23,-6.4999999894410045,-2.2179126572697562e-23,-0.1469852998957411
22.13,0.94470489,41.7688878,0.0164882107901908,0.7290046170060908,-0.0029841843609153,-0.1097148844430752,0.3593831889992027,-1.4627271047742652,1.6623092398919797,-1.0858190690150853,3.9043599861469497e-22,-6.499999968822958,-3.888081663960572e-22,-0.1424860785999744
22.14,1.2870993,40.82349572,0.0224641205851142,0.712504412487813,0.0008736386037057,-0.124058414990741,0.3857822964621835,-1.434353054766862,1.6764184856759818,-1.0236361684433366,1.3492230041279623e-20,-6.499999920714788,-1.341730882589888e-20,-0.1378571701491682
22.150000000000002,1.72275919,39.81978555,0.0300678200844905,0.6949863652855611,0.005078097588102,-0.1381369058745684,0.4204458984397182,-1.4078490883830228,1.6904478527504745,-0.963961131304666,1.0000070721166826e-18,-6.4999998089793305,-9.928825627732516e-19,-0.1330975564162873
22.16,2.2539119,38.76309478,0.0393381837048811,0.676543632173627,0.0097064077013146,-0.1519621176305546,0.4628310113210187,-1.382521175597915,1.7044746491119849,-0.9068790887233028,1.226902601062698e-16,-6.499999554410746,-1.2159947336891719e-16,-0.1282094044554443
22.17,2.90480573,37.67346943,0.0506984241192974,0.6575260822029314,0.0148591699489348,-0.1655206395020543,0.5152762247621188,-1.3558521871502394,1.7183484805443838,-0.8511874522640992,2.6542613484650644e-14,-6.499998899271013,-2.6255188683128362e-14,-0.1230393830434009
22.18,3.56206134,36.48622179,0.0621696985410011,0.6368047018483991,0.0204777158417871,-0.1788833524348674,0.5618545892853426,-1.336271293281576,1.733446776817466,-0.8022083458118605,2.034805389851903e-12,-6.499997884882182,-2.0080395679358398e-12,-0.1180635664392378
22.19,4.33813911,35.29213752,0.0757148108790364,0.6159639997906261,0.0266523192459967,-0.192001553259624,0.6174603404210819,-1.3118200824759148,1.7482376774581745,-0.7526031034468559,2.3098140517588524e-10,-6.49999511270452,-2.2736663450520942e-10,-0.1124877267868731
22.2,5.18263731,34.06056678,0.090454084996202,0.5944690354064032,0.0333971028241929,-0.2048700688311185,0.6744783578192785,-1.2868515571487988,1.7635023875128106,-0.7050888579290535,1.9404461135410016e-08,-6.499988392607355,-1.90464355448279e-08,-0.1064957855980136
22.21,6.0858029,32.79691341,0.1062172982324192,0.572414123495981,0.0407089420645434,-0.2174783490095185,0.7311839240352,-1.2608280178402442,1.779342514161134,-0.6592702116366572,1.1164724986164937e-06,-6.499971039921039,-1.0923579031578024e-06,-0.0999551610257589
22.22,7.04125232,31.50422483,0.1228930364476893,0.5498524515720508,0.0485731936098452,-0.2298139039812342,0.7864251545303316,-1.2335554971718132,1.7957923575587975,-0.6149512369734467,4.336314587380878e-05,-6.499923347964115,-4.227351508057216e-05,-0.0927827081170473
22.23,8.04210901,30.18532895,0.1403612810288016,0.5268333759750627,0.0569639987817211,-0.2418627896511579,0.8390805171871576,-1.2048885669917628,1.8128878268552853,-0.5719550365154155,0.001129652457883,-6.499782905661998,-0.0010968076000669,-0.0853149233810623
22.240000000000002,9.08735611,28.85361997,0.158604284420724,0.5035906695956875,0.0658529435302153,-0.2535963850395546,0.8888944748495996,-1.1733595388398967,1.8305679998414943,-0.5291725882972862,0.0205813363805586,-6.499299132176232,-0.0198927680728524,-0.0780159761207891
22.25,10.17339423,27.50738683,0.1775592254168932,0.4800944688032257,0.0752060281919269,-0.2649917757553771,0.9353084661713474,-1.1395390715824785,1.8488240618666931,-0.4869221136160172,0.258810508879249,-6.4974620544361645,-0.2488988976740603,-0.07164337185038
22.26,11.30646078,26.1599562,0.1973349673586062,0.4565773678675042,0.0849971508625389,-0.2760123893999127,0.9791122670613917,-1.102061364453774,1.867477591983185,-0.4441540682697403,1.922192782769046,-6.489000846599179,-1.838434001015682,-0.0668086833518107
22.27,12.49207839,24.8242365,0.2180278983227322,0.4332646612187533,0.0952067193033611,-0.2866097206762621,1.0209568440817005,-1.0597331276344009,1.886381612709448,-0.3999435029421309,5.056354363683661,-6.43938894266439,-4.807260385706705,-0.0641480921507579
22.28,13.73175276,23.52438324,0.2396642977318187,0.4105779420389714,0.105816009977455,-0.2967102049316511,1.0609290674095968,-1.0100484255391018,1.905478990249527,-0.3524248742665792,6.246574353831958,-6.0375483309501705,-5.900784982975528,-0.0603809751477888
22.29,15.03534696,22.24474138,0.2624163086317201,0.3882439783356271,0.1168181365037511,-0.3062679165101154,1.1002126526298297,-0.9557711578466204,1.9245520553165067,-0.3035185088218679,6.458827815677204,-3.544615506236262,-6.059756210064208,-0.0347928191051344
22.3,16.38958501,21.03300938,0.2860522214600078,0.3670952652838511,0.1281869213369899,-0.3151824888918225,1.1368784833241097,-0.8914572381708893,1.9438737522725964,-0.2492189097717055,6.492245934922706,-0.3725261334268145,-6.046549592138136,-0.0031083444010554
22.31,17.81064337,19.85767409,0.3108543687049986,0.3465817946584688,0.1399170154349583,-0.3234040375764588,1.1730094097962434,-0.8221548684632054,1.9630707405905985,-0.1931384767806197,6.4984356059814425,-0.0132358368849819,-6.00575201423687,-5.521339950789e-05
22.32,19.28349963,18.76029509,0.3365605598506083,0.3274289179662259,0.1519815477365193,-0.3308371311646897,1.2064532301563389,-0.7433093588232444,1.9824770961383409,-0.1319349007411525,6.499631517261402,-0.0002156381528176,-5.957517221871743,2.419451268479593e-07
22.330000000000002,20.80516323,17.72816729,0.3631185997783583,0.3094148895548603,0.164349625571075,-0.3374134064045038,1.236807783455814,-0.657627523981533,2.0021253632159075,-0.067606870260561,6.499898198663428,-1.7747036800002166e-06,-5.905506251970483,-9.118713711582456e-09
22.34,22.36397891,16.76084478,0.3903250658260726,0.2925319268267046,0.1769754737259209,-0.3430744315919987,1.2625848154839423,-0.5661025187491998,2.0222392018141293,-0.0009477857246172,6.499965435317981,-7.1454907103927375e-09,-5.849697960730888,-3.2818270191156228e-12
22.35,23.97503939,15.88608353,0.4184433756508328,0.2772644628453434,0.1898347828208064,-0.3477355655493439,1.285930909488806,-0.466113395734617,2.0423983364939646,0.0697681238535496,6.499986879269701,-1.1006940330149826e-11,-5.791332627405926,7.091064987804523e-13
22.36,25.60683651,15.05196169,0.4469236081193939,0.26270629037455,0.2028622893017403,-0.3513892944990596,1.3027506480936517,-0.3653728949716444,2.0633281551515705,0.1389035473424559,6.499993547656578,-1.1482846074455304e-14,-5.728215986639496,1.6181835416293744e-15
22.37,27.25466177,14.27994929,0.4756835844039255,0.2492321321283265,0.2159902554648434,-0.3540066659278146,1.3127966163105718,-0.2617371428755531,2.085039314250648,0.2078878875134405,6.499995897493044,-9.960315346509716e-18,-5.660070562753959,2.052827884723159e-18
22.38,28.93166663,13.59983132,0.5049528407828721,0.2373618342498465,0.229172384069067,-0.3555284795772258,1.3182128604216805,-0.1521813649410396,2.1070948371174736,0.2785612624876115,6.499996907261251,-1.5250203530308142e-20,-5.588093720034348,4.168231529973188e-21
22.39,30.61876284,12.94341149,0.5343982244452897,0.2259051469409651,0.2423403096463283,-0.3559919591198132,1.3167925577263997,-0.0463479542587445,2.1299213474700065,0.3445830294022023,6.499997011897356,-3.6933240129753865e-22,-5.510720036676303,1.243811141842052e-22
22.400000000000002,32.284592,12.33037545,0.5634724280630212,0.2152056496095774,0.2553895909689756,-0.3554122000267593,1.3049281322649835,0.0579759093054026,2.154252487091421,0.4076218619294441,6.499995778368898,-4.311792557769377e-22,-5.425066250260283,1.7091046429775536e-22
22.41,33.95917753,11.75472836,0.5926994591677754,0.2051587125595533,0.268263262684375,-0.3538162445781802,1.2873671715392851,0.1595955448578284,2.179106194392144,0.4672166930665302,6.499992650063489,-1.8307230954370834e-20,-5.334239100861244,8.253018822193833e-21
22.42,35.63988838,11.21318805,0.622033397274268,0.1957070511177825,0.2809059018082368,-0.3512386424581105,1.264263912386428,0.2577602120070146,2.204469602741808,0.5232741370819698,6.499984230098436,-5.899677679355072e-18,-5.238135034216461,2.9506588755165227e-18
22.43,37.27510646,10.69518945,0.6505733367584081,0.1866662700270614,0.2931997749030605,-0.3477299583929147,1.2293873094826109,0.3508684065196475,2.2317804736937124,0.5753316817132117,6.499946562681028,-3.1532676311549496e-15,-5.13085451296684,1.716538561979813e-15
22.44,38.89895566,10.20089123,0.6789148518542839,0.1780391386013141,0.3050822946191691,-0.3433417644795242,1.1882519716111015,0.4388193913391388,2.259838844708549,0.6237791673558488,6.499763214278276,-1.295883494897448e-12,-5.016541278157956,7.570190889415656e-13
22.45,40.50148888,9.7295772,0.7068843329158705,0.1698131569669708,0.3164846277048944,-0.3381274134743403,1.1402333085719414,0.5214351005181302,2.2888620026554216,0.6689377495514821,6.498563410626978,-3.047297118144362e-10,-4.893399512286967,1.8895949596370128e-10
22.46,42.04195968,9.27147681,0.7337706204067016,0.1618177968568007,0.327292294777066,-0.3321531094627609,1.0807667072173828,0.5974304011580523,2.320098246303629,0.7106114495917615,6.485118154612279,-3.5613739608447724e-08,-4.747447602268718,2.3226289328000613e-08
22.47,43.51031808,8.82497003,0.7593983090860175,0.1540247834133227,0.3373894000019871,-0.3254863095666226,1.0097105224923086,0.6666799896139602,2.353777501753847,0.749132301889337,6.227574978641123,-2.1376854391069524e-06,-4.413352274847383,1.4554651295316946e-06
22.48,44.92370602,8.39698606,0.7840665822469975,0.1465550539910661,0.3466949752339032,-0.3181844567938934,0.9305575231911292,0.7301852772725476,2.389175072620812,0.7852362727433125,2.6884710174134985,-7.450598914618693e-05,-1.8369305502312243,5.266503424298344e-05
22.490000000000002,46.266346,7.98851511,0.8075000705669084,0.1394258910148169,0.3551177989416069,-0.3103029395288145,0.8422823707705372,0.7881517265080475,2.426805353402116,0.8192499969013712,0.0720051863131211,-0.001614043279066,-0.0471870188375218,0.0011790911863108
22.5,47.50555158,7.59083887,0.8291282880469945,0.1324851312698658,0.3625355976988208,-0.3019072584905487,0.7417798757215409,0.8395681038267494,2.467915389054801,0.8510062951859829,0.0004489821011691,-0.0216073809795777,-0.0002800707269792,0.0162457197291014
22.51,48.65490247,7.21892463,0.8491882453382217,0.1259940032468134,0.368858591679655,-0.293041947826486,0.6322993980835449,0.8865310664064473,2.511910387079039,0.8814513613892647,1.0944107610711252e-06,-0.2039964064268772,-6.445341327944791e-07,0.1574058770480771
22.52,49.69964898,6.86432341,0.8674225117864415,0.1198050444262246,0.3739905486120062,-0.2837615372618504,0.5131956932348564,0.9280410564630884,2.559436044026031,0.9103641394184512,8.953026125938151e-10,-1.1861848965730994,-4.924653657913212e-10,0.9367397889458008
22.53,50.64415901,6.53875017,0.8839073216280519,0.1141227194318389,0.3778548334727163,-0.2741039987093727,0.3864284860710879,0.9657538552479618,2.610306087801048,0.9384134807477686,2.826498402678013e-13,-3.565196370984071,-1.4331625367363324e-13,2.875807563284285
22.54,51.4881882,6.23826485,0.8986384099764927,0.1088782612439301,0.3803873626038487,-0.2641115874737367,0.2532529131132892,0.9992411235637922,2.664548378862799,0.965538651068406,6.424182994249414e-17,-5.453018712858351,-2.9524535892876203e-17,4.484544461390053
22.55,52.23586332,5.96987069,0.9116878025557364,0.1041938994588057,0.381541758595177,-0.2538164482818885,0.1154395991328557,1.0295139191850315,2.721951935291303,0.9921207969557164,6.934882637389603e-20,-6.170355832635284,-2.8261261949316407e-20,5.16615940532364
22.56,52.89415064,5.73442414,0.923177083713866,0.1000845819488442,0.3812920126871428,-0.243248971115967,-0.0249745908034099,1.0567477165916028,2.78210434909843,1.018258803311403,8.361414852926904e-21,-6.388753212142082,-2.9349017098933957e-21,5.438647528157834
22.57,53.4704205,5.53232284,0.9332348901508728,0.0965572488412834,0.3796316454802541,-0.2324383426655939,-0.1660367206889054,1.0810628450375268,2.739856724781699,1.0440262524444457,4.802151468655115e-19,-6.45764940884851,-1.8771178754327853e-19,5.582916062367371
22.580000000000002,53.97042836,5.35065088,0.9419616735937236,0.093386474980732,0.3765701789383728,-0.2214293470511571,-0.3061466541881883,1.100899561443899,2.86852905406404,1.0690340117193748,1.3004972148743116e-15,-6.480338008474848,-3.4858803257770864e-16,5.682338262632801
22.59,54.40076652,5.18578555,0.9494724913826976,0.090509032149845,0.3721329862337397,-0.2102692227570233,-0.4437192704630783,1.1160124294128084,3.0064783109463864,1.0932684383024036,8.933271815187881e-12,-6.488780544422255,-1.2251101134405777e-12,5.763764419244468
22.6,54.77475004,5.04654078,0.9559997351548958,0.0880787524471628,0.3663687546001539,-0.1989914804959338,-0.576423163358695,1.1277742261091706,-3.1348791035672585,1.1171201836150966,3.4195225587044216e-08,-6.492613454551579,1.0004787787557584e-10,5.836738125058231
22.61,55.10150914,4.92760716,0.9617027573107492,0.086002969186847,0.3593419968071898,-0.1876346136019153,-0.7026757792965531,1.1356866894020752,-2.9948815844407704,1.140493694170435,4.709973898144856e-05,-6.49428247690081,-1.8393808883695644e-08,5.90318836572076
22.62,55.3715744,4.79678881,0.9664162852930036,0.0837197582573207,0.3511071972374289,-0.1762755825155814,-0.8234799569762503,1.135903108633622,-2.859424038599778,1.162517523558552,0.0255490923311105,-6.493875567703027,0.0002416266236881,5.961046524849439
22.63,55.60337545,4.68012179,0.9704619768250836,0.0816835346298306,0.3417457235894514,-0.1649528556779662,-0.9361473647972725,1.1322726837609411,-2.734169558846625,1.1841008497236991,2.971934774210204,-6.492294046907011,0.0296677640289391,6.013824812519686
22.64,55.80758328,4.56666974,0.9740260758169366,0.0797034228141933,0.3313532130146857,-0.1537158264450372,-1.0392510574767824,1.12370292329312,-2.621709486759514,1.2050164821150864,6.416799635046336,-6.488025839187714,0.0755488406852502,6.059705198471796
22.650000000000002,55.93772595,4.42138285,0.976297493905773,0.0771676882237105,0.319963303098661,-0.1426542853210772,-1.1389909916026888,1.106154112396219,-2.5165045946864395,1.2244183503361303,6.498547484797326,-6.472382119700418,0.094471442828048,6.088835992672702
22.66,56.02568731,4.26734347,0.977832709252305,0.0744791938649798,0.3076544820028525,-0.1318213913839571,-1.23088210958022,1.08328939371146,-2.422383392531943,1.2430468569019122,6.499955930502444,-6.4186001367835495,0.108352065918233,6.077743577123641
22.67,56.06604567,4.0987219,0.9785370955150102,0.0715361922785977,0.2944975442549043,-0.1212726580933232,-1.3156937747950856,1.0548733290635968,-2.3377178261021885,1.2608300782509028,6.499997889493519,-6.191523051049971,0.1182407368314347,5.897197264298115
22.68,56.09409982,3.96426527,0.9790267328013584,0.0691894813839619,0.2806089648226192,-0.1109963973955469,-1.388857943228787,1.0276260697778377,-2.264222154863184,1.2790471487757442,6.499999823957663,-5.45502713008905,0.1255265100222603,5.22511619646914
22.69,55.99318625,3.74350236,0.9772654587449168,0.065336441738178,0.2659483320744288,-0.101132867960263,-1.4660632748193267,0.9863529435285808,-2.1912935618643696,1.294795008781151,6.499999985752244,-2.5686496627830104,0.1319600777268158,2.471699601832209
22.7,55.88054333,3.56509205,0.9752994689118564,0.0622225944091743,0.2506358603878083,-0.0916471411054681,-1.5312471686612754,0.9485726854790062,-2.127628681950298,1.3112092772385957,6.499999998122445,-0.5368871456897699,0.1371075391373673,0.5189504727961941
22.71,55.71615907,3.39494263,0.972430422336402,0.0592529268098156,0.2347342876437585,-0.0825480213979823,-1.5901572744052903,0.909911970748766,-2.068934066377444,1.3275063780061422,6.499999999678737,-0.0703316660404595,0.1415337391223463,0.0682665484621504
22.72,55.51464297,3.23108995,0.9689133028956236,0.0563931580555989,0.2183241702958872,-0.0738441603950469,-1.641011734787455,0.8703861002937086,-2.0151279797745105,1.3436616557708516,6.499999999926408,-0.0075141370954045,0.1453326187390169,0.0073217281884498
22.73,55.23890405,3.06100388,0.9641007508657304,0.0534245961223214,0.2014345950454614,-0.065557390035241,-1.6889575250417168,0.8286770359801638,-1.9635962438927672,1.3594157656965808,6.499999999981005,-0.0006307769829889,0.1487230201402302,0.0006167812085149
22.740000000000002,54.88888472,2.88133876,0.957991761111606,0.0502888482273306,0.1840952406603695,-0.0577100257835894,-1.7339354385095382,0.7847364251653207,-1.914145575284926,1.3747099384477677,6.49999999999451,-4.051931576053883e-05,0.1517197204416968,3.974531997358504e-05
22.75,54.54269838,2.73388401,0.9519496696531772,0.0477152773421255,0.1664382100660492,-0.0502676256384717,-1.7657030594323764,0.7442400145119137,-1.8691731208674487,1.3904180899170666,6.49999999999765,-2.8053181303822698e-06,0.1541961725202078,2.759954016434807e-06
22.76,54.14249072,2.57715982,0.9449647282944752,0.0449799242091044,0.148512122972042,-0.0432486247386887,-1.7926087094010736,0.7019000899784386,-1.8257504450534796,1.4057115466621402,6.49999999999884,-1.471706406343237e-07,0.1563329815002613,1.451764891098287e-07
22.77,53.71445984,2.42079655,0.9374941801382666,0.0422508703184195,0.1303978153686488,-0.0366557502567973,-1.8114307603383952,0.6592874481888056,-1.7842008389443362,1.4207739814500857,6.499999999999282,-6.311968477361264e-09,0.1581175638107265,6.241313321375459e-09
22.78,53.23801285,2.22027951,0.92917861145155,0.0387511877640663,0.1121444087498055,-0.0305456064023827,-1.8253406618846983,0.6110143854415798,-1.743530387318669,1.4347730981726456,6.499999999999494,-1.3886269406080495e-10,0.1595950716345014,1.375844894953187e-10
22.79,52.77193491,2.02773723,0.9210440168276376,0.0353906910287695,0.0938749875692818,-0.0249022702554152,-1.8269421180527337,0.5643336146968685,-1.7044316802887942,1.4485937033034495,6.499999999999502,-2.5753130695092567e-12,0.1607455137150292,2.556175454160312e-12
22.8,52.2924844,1.80629684,0.9126760268277716,0.0315258271263692,0.0756726805724126,-0.0197551601706784,-1.8202306996872768,0.5147110084737776,-1.6657874214871318,1.461577978122175,6.499999999999386,-2.553103877667912e-14,0.1616075116720662,2.5379456880242788e-14
22.81,51.80752882,1.5562185,0.9042119552308528,0.0271611367054473,0.057624428214247,-0.0151286397840164,-1.804825235815637,0.4626520386659676,-1.6271668288526309,1.473652199862614,6.499999999999044,-1.2224770310624072e-16,0.1621842860319508,1.216734058404327e-16
22.82,51.35599707,1.32064389,0.8963312395160609,0.0230495841268458,0.0398607159548271,-0.0109880744456575,-1.776371225942343,0.4140565338359736,-1.5882212044554131,1.4853991807683002,6.499999999997858,-4.71562239908696e-19,0.1624697661060317,4.698500441245909e-19
22.830000000000002,50.80276877,0.93983369,0.8866755841658499,0.0164031923116677,0.0223245886752422,-0.0075006187009648,-1.7536127279588367,0.348745574469337,-1.547978103811966,1.4942771071922751,6.499999999995884,-8.777477734225665e-23,0.1624481623502168,8.751887052113817e-23
22.84,50.28547836,0.59173135,0.8776471633223585,0.0103276603447709,0.0051417247773911,-0.0045930548233603,-1.7182863897842378,0.290756387760295,-1.5063710335007163,1.502441256385879,6.49999999998857,-9.819415318848434e-27,0.1620879244233871,9.796568074298515e-27
22.85,49.75235416,0.22744532,0.8683423907102977,0.0039696697022521,-0.011640947056049,-0.0022562042927124,-1.678267183344346,0.2336850530648422,-1.4628908475794586,1.5090626485767151,6.499999999962904,-1.7598358044051456e-31,0.1613506505794397,1.7564957837335463e-31
22.86,49.17495066,-0.15199241,0.8582647985227586,-0.0026527679925411,-0.0280191814969345,-0.0004772611284343,-1.6378234440888777,0.1778943164278446,-1.4175614224618562,1.5138495349432246,6.499999999875151,-2.094571315285345e-37,0.1602029382944148,2.09118845940483e-37
22.87,48.57133106,-0.51058102,0.8477296490731875,-0.008911319897191,-0.0439676062598488,0.0008040214227715,-1.5948424762917546,0.1281282551206106,-1.3699858890234562,1.5170383325194976,6.499999999533582,-1.5688682522014801e-44,0.158604569370467,1.566610204855296e-44
22.88,47.89697428,-0.8531243,0.8359599029290404,-0.0148898279637718,-0.0595230115503548,0.0016400388090375,-1.5555405290497948,0.0836017386265579,-1.321201010221827,1.5184245174961142,6.499999998404265,-8.469472124885272e-54,0.1565779644133913,8.457902577029781e-54
22.89,47.185265,-1.11976289,0.8235382326760422,-0.019543549272147,-0.0746779448674912,0.0021572296484042,-1.515493331713946,0.0517190839366858,-1.2705374730100027,1.5190206862567213,6.499999994260415,-3.268341450054804e-64,0.1540976982800641,3.263977847960734e-64
22.900000000000002,46.36980579,-1.3485579,0.8093057845458304,-0.0235367755087804,-0.0895140783202945,0.0024264371732103,-1.4836133452806248,0.0269207524806107,-1.2208984540152743,1.5186442601968262,6.499999983877807,-2.541679024002532e-78,0.1513385683733626,2.53823608498648e-78
22.91,45.4984304,-1.46377181,0.7940974149694806,-0.0255476375823768,-0.1040462263076778,0.0026101462905287,-1.453214798737589,0.0183709117318362,-1.171002159415516,1.5191201372308465,6.4999999562570325,-1.7236209906892853e-86,0.1482780901687077,1.7213285938102093e-86
22.92,44.54094269,-1.47286801,0.7773861018826,-0.0257063962217967,-0.1183289178172573,0.0028499770205659,-1.4282691509582373,0.0239830730037242,-1.1229312884143448,1.5212143645692195,6.499999900426705,-9.128551616158978e-81,0.145090976453248,9.117374680445432e-81
22.93,43.56460879,-1.2854159,0.760345860728763,-0.0224347397124861,-0.1323261645770059,0.0033908934096499,-1.3997246759751332,0.0540916389084116,-1.073209742021645,1.5270629872576558,6.499999740475735,-3.2509012010760003e-63,0.1415739124570152,3.2478043597692735e-63
22.94,42.41460094,-1.08135424,0.7402744373224819,-0.0188731918684009,-0.1462076711133575,0.0042314644827073,-1.388150653635438,0.0840571073057519,-1.0323342524446533,1.5341819867456283,6.499999627350384,-1.1725051734067904e-53,0.1385243994391251,1.171722240925892e-53
22.95,41.15318601,-0.76618105,0.7182585935601681,-0.0133723819888873,-0.1600497435679085,0.0054878127634243,-1.3842072454543854,0.1256348280716417,-0.996667578528428,1.5435552428799677,6.499999593870861,-6.153354827915212e-45,0.1357464701441647,6.151080328291537e-45
22.96,39.8570946,-0.29236446,0.6956375310488524,-0.0051027224428152,-0.1738230372310691,0.0073252112555454,-1.3773293663163426,0.1837398492121434,-0.9607023200387788,1.5553463125829978,6.499999510831585,-1.0972968828438105e-36,0.1328279511920758,1.0971664093757533e-36
22.97,38.4597477,0.2625979,0.6712492268513164,0.0045831979638228,-0.1875871978616682,0.0097960615311339,-1.376416063060181,0.2470850275588975,-0.9294682205039952,1.568553998284438,6.499999526182194,-2.966795031609793e-30,0.1301876628867298,2.9667876008478534e-30
22.98,36.9969074,0.90469513,0.6457178471854547,0.0157899087452581,-0.2013506349428763,0.0129530307751382,-1.3763437081201044,0.3156969244002715,-0.9000692024279705,1.5828695307324967,6.499999556746916,-6.232947071681455e-25,0.127600645997024,6.232494506014399e-25
22.990000000000002,35.47053919,1.60541349,0.6190776963231824,0.028019751256433,-0.215118297098015,0.0168052861776242,-1.3767662155141434,0.3852255402486747,-0.8722691951329103,1.5979727275371436,6.499999594474235,-1.3161640192663339e-20,0.1250502635032866,1.3156798255620507e-20
23.0,33.89757684,2.3479731,0.591624324305775,0.040979861343258,-0.2288724219251205,0.0213363919200139,-1.375412482710821,0.4531105742390583,-0.8446679547497349,1.6136968925771185,6.49999960670964,-4.437834584007661e-17,0.1224027875908289,4.43376650649736e-17
23.01,32.28209936,3.09124417,0.5634289232879541,0.0539523887495793,-0.2425910611169364,0.0264755951099778,-1.3718639191818711,0.5139203189964927,-0.8169697317149524,1.6300243025272636,6.499999589746499,-2.4348936563493594e-14,0.1196124686256815,2.430639870617196e-14
23.02,30.6476555,3.82987128,0.534902496491949,0.0668438637635696,-0.2562231861262391,0.0321471965568824,-1.3632125009295664,0.5671601446901701,-0.7873548569186732,1.6469188849352334,6.499999489736759,-3.4121215518347717e-12,0.1164570817474743,3.4022763611827333e-12
23.03,29.01520974,4.55180349,0.5064109431197279,0.0794439578042687,-0.2696945161256933,0.0382628804348624,-1.3471329999456898,0.6115683877981228,-0.7543059311739472,1.6644170070546485,6.499999176383208,-1.5051572667084626e-10,0.1126897551979304,1.498589636265884e-10
23.04,27.4019116,5.24122948,0.4782535787604274,0.0914767112785902,-0.2829146411236495,0.0447183652545817,-1.3220124997958849,0.6455484819720546,-0.7166379602034498,1.6826230110115543,6.499998159450851,-2.2979048738706768e-09,0.1080197258251343,2.2836029933403664e-09
23.05,25.8334654,5.90837766,0.4508790284300339,0.103120643618278,-0.2957676152272295,0.0514278879390048,-1.2852974103582553,0.6709522684424495,-0.6723685323988049,1.701448900234036,6.499993653966372,-1.6259077639529994e-08,0.1019116233381184,1.6120987119328862e-08
23.06,24.62341842,8.02373396,0.42975972452522,0.140040575906083,-0.3077402161027083,0.0601607815923954,-1.1972600875472676,0.8732893653386116,-0.5927228089509118,1.7068148718249594,6.499838246348098,-0.0083496604953094,0.0889464682628308,0.0082728087516729
23.07,23.34756211,9.18579705,0.4074918311333744,0.1603224029424821,-0.3189139093650615,0.0695256705208342,-1.1173693262355402,0.936488892844062,-0.5173015059792421,1.7252608265041565,6.496430897235884,-0.2687715884397235,0.0760791586754217,0.2655824983869708
23.080000000000002,22.19603913,10.40705342,0.3873939637199977,0.1816373476099363,-0.3291210966510736,0.0795022596294781,-1.0207187286014086,0.997658910864592,-0.4271957523440792,1.7438407409844876,6.309122970131459,-3.3167197047477406,0.0637771777758548,3.267349498800545
23.09,21.21455602,11.7141269,0.370263851897784,0.2044500834014365,-0.3381524921682711,0.0901018091273788,-0.9031395517192884,1.0599549497895229,-0.3171213161065366,1.7622435012046531,0.9109723780904592,-6.21746589342226,0.0090511711732927,6.104239458513316
23.1,20.38486574,13.0872466,0.3557830247399903,0.2284155431904333,-0.3458445763698702,0.1013064267897408,-0.76920842016007,1.1204617662364282,-0.1898378190798433,1.7807409731185826,0.0013001547315567,-6.482074740654761,4.970635249982033e-06,6.340190823170778
23.11,19.83046158,14.64982589,0.3461068467612369,0.2556876966244086,-0.3518928655909297,0.1132513338708448,-0.6048289221060636,1.194490708110638,-0.0328355151171494,1.797716357865199,1.1481066611377104e-07,-6.499281273610577,9.298347135247663e-10,6.333172264835873
23.12,20.83290354,18.08687653,0.3636027595233822,0.3156755468501869,-0.3543589719132136,0.1281766621400929,-0.2466106322284436,1.492532826925104,0.296727118687051,1.793119442178432,3.7437665274790585e-18,-6.499999989112252,-1.0886708835454257e-18,6.340511937363563
23.13,19.37662946,18.91353631,0.3381859820159309,0.3301034818049989,-0.3566885274129826,0.1425055396181117,-0.2329555499767795,1.432887747801145,0.3067467926421022,1.8261937751833464,1.9254383525540936e-18,-6.49999992139637,-5.784759936565764e-19,6.289764494582895
23.14,14.59362191,19.17011127,0.2547067521206835,0.3345815596351716,-0.3631982495148523,0.1554877365234714,-0.6509722101870971,1.2982196905362289,-0.0743854538055878,1.869080005902627,2.713245445647408e-06,-6.499990208202322,1.0800801191033402e-08,6.213707460350904
23.150000000000002,13.56274033,20.3391781,0.2367144743515222,0.3549856249945245,-0.3686592372505799,0.1682980533911484,-0.5460987735728705,1.281031686767958,0.0220233345715241,1.896464605450608,5.668862691542049e-09,-6.499982253187634,-8.336229102754568e-11,6.159140309525876
23.16,12.7009586,21.50160319,0.2216735457294894,0.3752737701228159,-0.3728947138841096,0.1808717285945826,-0.4235476633527578,1.2573675203427788,0.1315040524424872,1.924554518995542,2.4474234601485118e-12,-6.49995855963074,-3.2673047986643873e-13,6.098340065537788
23.17,11.98858707,22.61445923,0.2092403170335199,0.3946967721215216,-0.3757733848044358,0.1930957750645563,-0.2878670920326749,1.2224046469976146,0.2475906708839612,1.954311431297716,3.738147138700687e-16,-6.4998470465984735,-9.108183881285511e-17,6.028583749897077
23.18,11.3180132,23.50029677,0.1975365951241794,0.4101575538322886,-0.3773210483842295,0.2046439850466668,-0.1547663579793997,1.1548209982112778,0.3548243801587415,1.9901846491206523,2.171567173473646e-19,-6.497754454558763,-7.52576133833624e-20,5.935579428473299
23.19,10.83801823,24.34023729,0.189159102504668,0.4248172814272019,-0.3773755850852194,0.2154447313606093,-0.0054536700989937,1.0800746313944605,0.4665058220229972,2.028021163855944,4.50682428085905e-21,-6.448343111429633,-2.02883448948689e-21,5.786869126487715
23.2,10.43298937,24.96999212,0.1820900153320689,0.435808576691039,-0.3759454579494427,0.2252288658183971,0.1430127135775994,0.9784134457782774,0.5680164263407597,2.073189777869913,1.0877917373178854e-19,-3.573475175429831,-5.854977606029235e-20,3.132344903120682
23.21,10.12187684,25.40577839,0.1766600773393593,0.443414481937524,-0.3730221138409921,0.2337722630469154,0.2923344108451158,0.8543397228520079,0.6607689945723461,2.1266536810945507,3.9663795734525694e-16,-0.0150440591173751,-2.4340804383293453e-16,0.0127804534422875
23.22,12.49857916,31.44266275,0.2181413581631471,0.5487779905816746,-0.3326120152365471,0.2740186520207805,0.0,0.0,0.5186946046419678,2.644207481615902,8.124750533869472e-24,-5.0340744629863845e-28,-4.031302318582059e-24,2.404159502760346e-28
23.23,12.77740573,30.52134333,0.2230077998516896,0.5326979332401102,-0.2930091963831728,0.3087834326254743,3.960281885338218,3.476478060470076,1.3766996528086626,1.854292743513242,6.5,-6.5,-6.378338027200448,6.241238668991259
23.240000000000002,12.17921549,29.99733319,0.2125674106103945,0.5235522309832737,-0.255514257174604,0.3387725295771511,3.74949392085496,2.9989096951661387,1.3903867220578667,1.919514212495378,6.5,-6.5,-6.3948536114195536,6.109641627406995
23.25,11.31383501,27.87534268,0.1974636719519056,0.4865165098877,-0.2205265340782679,0.3621591108996507,3.4987723096343064,2.3386581322504307,1.4023251656117908,2.0167082339824542,6.5,-6.5,-6.408282325681351,5.8653306123850255
23.26,11.57699284,27.2816014,0.2020566425378091,0.4761537696466945,-0.1865878764076307,0.381212462338607,3.3938657670643977,1.905335143896005,1.4207934562267277,2.1055371401817013,6.5,-6.499999999999975,-6.427258908874272,5.593270091938808
23.27,11.86996013,26.70444111,0.2071698863489541,0.4660804222744292,-0.1537702860959075,0.3961616267060096,3.2817590311706364,1.4949164367394976,1.439353416972803,2.207189096480932,6.5,-6.499999997786096,-6.444125527757521,5.227642334320069
23.28,12.15685711,26.11507895,0.2121771832639825,0.4557941120957636,-0.122180519383636,0.4072046880643333,3.15897667122778,1.1043061358325863,1.457918394793573,2.3242033658592947,6.5,-6.498120113914931,-6.4587812796546045,4.738734473637126
23.29,12.4553581,25.53594907,0.2173870083599451,0.445686388893084,-0.0918872817037765,0.4145742762256115,3.0293237679865475,0.7369588161279662,1.4766796084485458,2.4569772917234656,6.5,-0.0014796661946711,-6.471336624134158,0.0009355664464482
23.3,12.72172844,24.91194231,0.2220360478226019,0.4347954163763819,-0.0630035776786316,0.4184363451531526,2.888370402515067,0.3862068927541919,1.495566429886804,2.6080218085370523,6.5,-3.843587837757108e-12,-6.4816822868880966,1.956415217095745e-12
23.31,12.99296149,24.29046517,0.2267699575853283,0.4239485940575042,-0.0355782139104011,0.4190229435997465,2.742536376821651,0.0586598446593566,1.5148363687735096,2.77259864542432,6.5,-1.3662344631402649e-18,-6.489862723483745,4.919058578343421e-19
23.32,13.28976975,23.67168136,0.2319502389694436,0.4131487792149692,-0.0096222943581119,0.4165668358454596,2.595591955229432,-0.2456107754287384,1.5346463836302895,2.6033157240638625,6.5,-1.08759594256051e-15,-6.495769061295681,5.579814239179017e-16
23.330000000000002,13.58048307,23.04311739,0.2370241435828475,0.4021782683790622,0.0148187275719709,0.4112843378779021,2.4441021930087747,-0.5282497967558583,1.555019339420686,2.853398396094651,6.5,-1.258270343406658e-08,-6.499194062247953,3.555686078911712e-09
23.34,13.99664802,22.43328972,0.2442875921917451,0.3915347676677968,0.0378802254872322,0.4034268923959959,2.306149791524955,-0.785744548190218,1.5762177089100182,3.126274886023772,6.5,-0.0130755625197555,-6.49990483440044,0.0001238328831518
23.35,14.34328136,21.83081827,0.2503374852719301,0.3810196572160325,0.0594399953835946,0.3932270740521298,2.1559769896366663,-1.0199818343868048,1.5981669321225156,-2.893771682577376,6.5,-6.42522145394016,-6.497574467542051,-0.0531895487001507
23.36,14.70280099,21.23968959,0.2566122865409819,0.3707025154470645,0.0795008238893243,0.3809180545758925,2.006082850573366,-1.2309019476239809,1.6210483408444736,-2.668048960414736,6.499999999999995,-6.499979639757912,-6.491824925037738,-0.0699624588156475
23.37,15.09662671,20.68734826,0.2634858420340191,0.3610623406437199,0.0981024240441434,0.3667618347451594,1.8601600154822853,-1.415621983073588,1.644934335901286,-2.4900449458355465,6.4999999999997975,-6.49999996367691,-6.482209953740405,-0.0987671991459614
23.38,15.60901466,20.30190868,0.2724286988090632,0.3543351509052159,0.1154004540686527,0.3511723429583275,1.7298030024500384,-1.5589491786823912,1.669553572957558,-2.36336220891815,6.499999999992674,-6.499999999569571,-6.468442347151261,-0.1154446801361805
23.39,16.08546846,19.85311561,0.2807443863527018,0.3465022341735824,0.1313452517245905,0.3342518565201178,1.594479765594096,-1.6920486438213125,1.695589155412022,-2.2561840576640115,6.49999999959399,-6.499999999990523,-6.449630228756056,-0.1262692183150817
23.400000000000002,15.52979686,18.75211278,0.2710460873728769,0.3272861097163071,0.1445987910720413,0.3153621828814693,1.3253539347453465,-1.8889673638652225,1.7317922642769925,-2.131670412184031,6.49999630304006,-6.499999999999949,-6.416222854937105,-0.1367918700783893
23.41,16.07140782,18.44392639,0.2804989818897642,0.3219072425009717,0.1567174455022438,0.2957379738862474,1.2118654430204958,-1.9624208995225785,1.7598762962270345,-2.0720562734236894,6.499711528446359,-6.499999999999991,-6.384246857628052,-0.141305645493474
23.42,16.68059839,18.26697807,0.2911313631083652,0.3188189117110992,0.1678040407753062,0.2756973136950649,1.1086595273056656,-2.004066019117225,1.7885035990690823,-2.025617473371361,6.47883292638952,-6.4999999999999964,-6.326374830357097,-0.1446119768895118
23.43,17.32400892,18.18748964,0.3023609952988669,0.3174315768903581,0.177915986737289,0.255495195938603,1.0111945961984825,-2.0202117756465934,1.8179921772990584,-1.9876274615742997,5.128393979620316,-6.499999999999998,-4.972958458242568,-0.1471738325444871
23.44,17.98423729,18.19529284,0.3138841541704423,0.3175677684225498,0.1870891421571744,0.2353563949044411,0.9173155419887246,-2.013880103416586,1.8485928917157368,-1.9558060506267676,0.2320356800193491,-6.499999999999997,-0.2231641484160365,-0.1492126615268403
23.45,18.64468833,18.28121395,0.3254111993666631,0.3190673746890181,0.195340260970696,0.2154776975176543,0.8251118813517392,-1.9878697386776685,1.8806871670022347,-1.9286058602300744,0.0017003182697765,-6.499999999999995,-0.0016195294684998,-0.150871487802023
23.46,19.29389206,18.43678448,0.3367419419713913,0.3217825926565906,0.2026750090494173,0.1960297563114661,0.7334748078722796,-1.9447941206192016,1.9146871164370485,-1.9049388882609488,7.604103049912352e-06,-6.499999999999982,-7.159885184514666e-06,-0.1522470333473755
23.47,19.92427478,18.65154898,0.3477441959830689,0.32553094029799,0.2090938453500661,0.1771555624654615,0.6418836300650071,-1.8874193846008367,1.9510286056650965,-1.883921547442052,1.9086175087061503e-08,-6.4999999999999165,-1.7725695435948106e-08,-0.1534120918798291
23.48,20.52655478,18.92227313,0.3582559650019803,0.330255968080153,0.2145901818707297,0.1589807492629187,0.549633652066468,-1.8174813202546416,1.9903567844085248,-1.8651094893496605,2.2748441332500518e-11,-6.499999999999429,-2.077868866812717e-11,-0.1544071863860279
23.490000000000002,21.10292461,19.23663006,0.3683155162446402,0.3357425315351143,0.2191659255370088,0.141602742538409,0.4575743666276712,-1.737800672450084,2.0329923959413008,-1.8478332008184568,1.1980212673118124e-14,-6.499999999994491,-1.0724837414190258e-14,-0.1552793084163855
23.5,21.64761538,19.58628105,0.3778221635863634,0.3418450925434721,0.2228204460673771,0.1250972851993069,0.3654520530369082,-1.6505457339105365,2.0797065516734725,-1.8316118713168204,2.433863901337052e-18,-6.499999999925981,-2.1257228033250653e-18,-0.1560601696348879
23.51,22.16569002,19.95343329,0.3868642718254477,0.3482531079875445,0.2255649081708354,0.1095077168345171,0.2744462103458819,-1.5589568364792896,2.130785491731749,-1.815541661979826,2.184835542994692e-22,-6.4999999986885015,-1.851307429383075e-22,-0.1567959891682812
23.52,22.6463321,20.32292875,0.3952530586450817,0.3547020203357155,0.2274006108646546,0.0948503940105516,0.1835702693818307,-1.4657322823958037,2.1876566228541203,-1.7986017631274156,1.2604181781414448e-26,-6.499999970838561,-1.0281581610663095e-26,-0.1575293785614544
23.53,23.13305174,20.70660851,0.4037479188972032,0.3613984954209772,0.2283906020931506,0.0811504758398853,0.0989991228496164,-1.3699918170669003,2.2472688865345023,-1.7806851455890436,4.1327643352966e-30,-6.499999131067391,-3.222517212309667e-30,-0.1582560931122166
23.54,23.59516187,21.05755535,0.4118132621725222,0.3675236732784469,0.2285578964276047,0.0683673400092889,0.0167294334454148,-1.2783135830598968,2.3124592271726323,-1.758227173712668,6.618185973965044e-32,-6.4999718142545895,-4.879197449689197e-32,-0.1590925438695616
23.55,24.05093803,21.37221792,0.4197680568166188,0.3730155711577341,0.2279522246033008,0.0564540354005438,-0.0605671824304053,-1.1913304608747453,2.3814449299395206,-1.7281788913944929,2.790981858453625e-31,-6.499029752261921,-1.9226663887412788e-31,-0.1600553649969419
23.56,24.49794526,21.62572803,0.4275698047603383,0.377440157264327,0.2266207360650314,0.045331222724607,-0.1331488538268739,-1.112281267593114,-2.8950521900102717,-1.6836616794736865,6.274770075541067e-29,-6.469651948746246,5.155705228782393e-31,-0.1604907794850671
23.57,24.95584528,21.8198857,0.4355616677542862,0.3808288478738277,0.2246367493454843,0.0349234391233332,-0.1983986719547476,-1.0407783601275875,-2.863337480470051,-1.614052133243182,4.4431106919464687e-26,-5.743135017901054,4.160689524394544e-28,-0.1434139561960904
23.580000000000002,25.44722175,21.96441092,0.4441378050226133,0.3833512888149968,0.222101184112226,0.025169170254662,-0.2535565233258823,-0.9754268868673132,-2.8356260370193307,-1.4970669262752392,1.5822252554043926e-23,-1.4731803734964768,1.5573373345457564e-25,-0.0367073130640072
23.59,25.96821918,22.04299458,0.453230925570542,0.3847228324202645,0.2191054382836474,0.0159874930818368,-0.2995745828577028,-0.9181677172820442,-2.811384375584568,-1.2835748037939172,1.9515107067886907e-21,-0.0904112493381937,1.9499840433010302e-23,-0.0021527630724754
23.6,26.47250246,22.00191738,0.4620323291692985,0.3840059000327643,0.2156761947528944,0.0072329562737093,-0.342924353075365,-0.8754536808129321,-2.7875955065941147,-0.9348062696461024,1.554211055647514e-19,-0.0084091265717827,1.5540510841171998e-21,-0.0001690188073167
23.61,27.0392388,21.93622927,0.4719237442930005,0.3828594262338521,0.2119437659964564,-0.0011122352077338,-0.3732428756438831,-0.8345191481444821,-2.7689733313081795,-0.4313227938086751,2.7986331755384094e-18,-0.0007668257854187,2.7897467226219e-20,-7.781691496769696e-06
23.62,27.62787097,21.79529395,0.4821973137426595,0.3803996408675004,0.2079774842742325,-0.0091302064586589,-0.3966281722224614,-0.801797125092671,-2.752826262125611,-0.0243753733117276,2.3414437973992267e-17,-0.0001041211353268,2.3302638424199807e-19,-7.669488375483434e-07
23.63,28.21696253,21.57065222,0.4924789010603692,0.3764789030416242,0.2038148149512905,-0.016909386111916,-0.4162669322939885,-0.7779179653253058,-2.737750964694224,0.1866635460318984,1.3023038079999696e-16,-2.3159575862565755e-05,1.2985303553589578e-18,4.315567447375796e-06
23.64,28.83524586,21.30869053,0.5032699808790639,0.3719068090370355,0.1995289312937296,-0.0244747650800461,-0.4285883657561737,-0.7565378968131613,-2.7254687914921347,0.3137902475612524,3.506234331459651e-16,-5.83182651745316e-06,3.515030266526569e-18,1.7916275931882829e-06
23.650000000000002,29.45117572,20.98383503,0.5140199848974115,0.3662370109688231,0.1951470578232843,-0.0318826284345247,-0.4381873470446229,-0.7407863354480066,-2.7139549706940778,0.3726918123309885,7.250730211070746e-16,-2.07804214679718e-06,7.332459599775419e-18,7.554772774585184e-07
23.66,30.07224296,20.62845676,0.5248596531116855,0.3600344900672816,0.1907046404110532,-0.0391453079464663,-0.4442417412231915,-0.7262679511943074,-2.703656053484945,0.4118954900736226,1.0721686978648833e-15,-7.929642915782121e-07,1.0956854896234509e-17,3.174644592706447e-07
23.67,30.69364634,20.24552675,0.5357051880757069,0.3533511005880869,0.1862285131261735,-0.0462711692185034,-0.447612728487741,-0.7125861272033508,-2.694242508511001,0.4397373824359635,1.2341709126064796e-15,-3.165663122376685e-07,1.2759160954096079e-17,1.348469144217223e-07
23.68,31.30554757,19.8351734,0.54638487923621,0.3461890835339982,0.1817308335660111,-0.0532684170674063,-0.4497679560163343,-0.6997247848904227,-2.685063040268426,0.4596616632428908,1.271335697412021e-15,-1.3243951340845805e-07,1.3313890373879917e-17,5.880590223045587e-08
23.69,31.90494123,19.40028938,0.5568462721187895,0.3385989255206894,0.1772190214007366,-0.0601415962064969,-0.451181216527539,-0.6873179139091995,-2.6759070982747613,0.4751258776116128,1.2253870852170508e-15,-5.670353041900887e-08,1.3016753935481583e-17,2.59631382746212e-08
23.7,32.49516858,18.96524021,0.5671476827116103,0.3310058850961208,0.1727043425358337,-0.0668649136999893,-0.4514678864900639,-0.6723317493488918,-2.666980672905427,0.4974016248492897,1.0642899565103848e-15,-1.99046367736222e-08,1.1476719747494327e-17,9.506289740365169e-09
23.71,33.07006627,18.51418428,0.5771815402642201,0.3231334740069757,0.168189181580586,-0.0734349654515278,-0.4515160955248603,-0.657005175153984,-2.6578560474758564,0.518034329744468,9.06432879605336e-16,-6.701222931989238e-09,9.935700316679584e-18,3.3211468229718756e-09
23.72,33.63007608,18.06299315,0.586955555292188,0.315258703232682,0.16367630061516,-0.0798293898501695,-0.4512880965426883,-0.6394424398642998,-2.648547069408585,0.5427233772418599,7.540020188489531e-16,-1.8659467873332794e-09,8.411175530521989e-18,9.643973157433298e-10
23.73,34.16704069,17.60518579,0.5963273557033753,0.307268457460819,0.159157603416102,-0.086036365694734,-0.4518697199058852,-0.6206975844565726,-2.6384760156933087,0.5678379512516972,6.812446518846637e-16,-4.6083360072326316e-10,7.751236654598312e-18,2.4797206004846565e-10
23.740000000000002,34.69410111,17.15879071,0.6055262953893193,0.2994773935501155,0.1546427273910301,-0.0920232054330004,-0.451487602506958,-0.5986839738263338,-2.628539750550446,0.5981931055433684,5.61864737368202e-16,-8.439817132980826e-11,6.5227378219833485e-18,4.754267041860359e-11
23.75,35.19331814,16.71111129,0.6142392762448468,0.291663913677697,0.1501172057485733,-0.0977765257548384,-0.452552164245777,-0.5753320321839152,-2.617454762525486,0.6283865085162517,5.367161271258909e-16,-1.3121506692756167e-11,6.375200149730135e-18,7.713993470156191e-12
23.76,35.66223688,16.27226133,0.62242345218215,0.2840045369534515,0.1455645174473209,-0.1032723525256545,-0.4552688301253289,-0.5495826770817125,-2.60502425358498,0.6604717323879977,6.068866966303695e-16,-1.5535636517266313e-12,7.398867634226602e-18,9.530244884366416e-13
23.77,36.09585581,15.83821789,0.6299915302096248,0.2764290498287691,0.1409630263624005,-0.1084947174798955,-0.4601491084917979,-0.5222364954238369,-2.5908666575192205,0.6924783160163559,8.545585111004407e-16,-1.4623413942605513e-13,1.0733044237117003e-17,9.334738416742417e-14
23.78,36.48423696,15.41254219,0.6367700600298066,0.2689996073180374,0.1362800711751461,-0.1134256680776258,-0.4682955187255326,-0.4930950597731238,-2.574240510282047,0.7246425087742803,1.6654816428637924e-15,-1.0453383231436972e-14,2.165495514794417e-17,6.927795115244792e-15
23.79,36.83161581,15.01480206,0.6428329647140982,0.2620577324822272,0.1314914217456363,-0.1180254682029902,-0.478864942951083,-0.4599800125365343,-2.555447323790465,0.7600991213550368,4.100264021077046e-15,-4.386686770470239e-16,5.538515877316668e-17,3.021769512664354e-16
23.8,37.12334747,14.63180836,0.6479246427134069,0.2553732314028318,0.12655623196456,-0.1222753885275516,-0.493518978107722,-0.4249920324562241,-2.533403628014904,0.7950329518542931,1.4777054866263967e-14,-1.2457801236964623e-17,2.0830578156292662e-16,8.891828963016388e-18
23.81,37.35349938,14.27147271,0.6519415513226605,0.2490841878980178,0.121429855827223,-0.1261498794384127,-0.5126376137334424,-0.3874490910859162,-2.507694477188793,0.830227875575359,7.873213746531774e-14,-2.0778593839125576e-19,1.1621940180960952e-15,1.5334202510871737e-19
23.82,37.53891669,13.95925584,0.6551776938723516,0.2436349755362467,0.116094008074797,-0.1295952412495196,-0.5335847752427063,-0.3445361811107514,-2.479598385710531,0.8685681827934887,4.734341363422142e-13,-1.2924218225652749e-21,7.310441926209004e-15,9.865558941498288e-22
23.830000000000002,37.62655217,13.64380081,0.6567072215399171,0.2381292466207692,0.1104640315087472,-0.1326280601417027,-0.5629976566050877,-0.3032818892183784,-2.445292575497876,0.9019081538199456,5.602417417650676e-12,-6.385802276369948e-24,9.076318383410784e-14,5.0095527211958185e-24
23.84,37.66371667,13.3814979,0.6573558644297746,0.2335511972037069,0.104524818288026,-0.135195248836209,-0.5939213220718151,-0.256718869450497,-2.40837731955132,0.937614042993062,6.769238214089615e-11,-8.778843848982879e-27,1.146906445275653e-12,7.077153174841768e-27
23.85,37.64284611,13.16110558,0.6569916044410395,0.2297046255735979,0.0982543601055632,-0.1372639637597351,-0.6270458182464105,-0.2068714923526472,-2.368381466118372,0.9731768063952774,8.734503280815767e-10,-3.622327214013309e-30,1.5437098728309542e-11,2.9946729958604463e-30
23.86,37.56279737,12.98269115,0.6555944903659666,0.226590706337029,0.0916327410234106,-0.138806176462141,-0.6621619082153861,-0.1542212702406177,-2.325334182572958,1.007999146580223,1.167018475247632e-08,-4.598158485176736e-34,2.1462166555394983e-10,3.889337815699359e-34
23.87,37.42054194,12.84155458,0.6531116647336264,0.2241274084955575,0.084639650081613,-0.1398044399483384,-0.6993090941799038,-0.0998263486197641,-2.279171674224705,1.0413039760728005,1.6005470384811045e-07,-3.650542994413904e-38,3.056298636092767e-09,3.1510373176943776e-38
23.88,36.54825829,12.90595451,0.6378874430298125,0.2252513993121114,0.0763909555575391,-0.1400349769751158,-0.8248694524069621,-0.0230537026777243,-2.190593319178723,1.0849375862871995,0.0005307142598703,-2.6006598532738107e-42,1.0779120684917336e-05,2.3000326832515984e-42
23.89,36.28374111,12.83527641,0.6332707473107221,0.2240178337580576,0.067813525614154,-0.1397199193576986,-0.8577429943386852,0.0315057617417243,-2.1401003321666328,1.1131690840992403,0.0035333728702854,-4.1144751967481074e-42,7.399906053325882e-05,3.6916788337884116e-42
23.900000000000002,35.96067043,12.77434546,0.627632100228065,0.2229543880641895,0.0589014453008161,-0.1388871602991387,-0.891208031333966,0.0832759058560005,-2.087224655012517,1.1385466977950542,0.0227858755866856,-1.908103668499031e-39,0.0004914239845934,1.7328792661689307e-39
23.91,35.58184614,12.72286294,0.6210203690810353,0.2220558485829658,0.0496548624923772,-0.1375656111716934,-0.9246582808440764,0.1321549127445627,-2.0323181819808607,1.16155251615309,0.1361593812413545,-6.8743482065982e-36,0.0030195223663882,6.307664429049896e-36
23.92,35.16403477,12.70127505,0.613728185022267,0.2216790688239074,0.04009767148279,-0.1357590599038013,-0.9557191009582324,0.1806551267891107,-1.9763124998190549,1.1835493896173266,0.6364561567881657,-3.283816418409264e-32,0.0144828457741096,3.0411224809342183e-32
23.93,34.69546737,12.69078952,0.6055501411247577,0.2214960618015907,0.0302385624328865,-0.133496993133881,-0.9859109049905412,0.2262066769920834,-1.918870346749852,1.2037860958890283,2.1770631506927023,-6.063311208313875e-29,0.0507239718811586,5.660358048081986e-29
23.94,34.19266954,12.71353225,0.5967746635193749,0.2218929973209828,0.0201088419650353,-0.1307814784435929,-1.0129720467853216,0.2715514690288647,-1.8607753105266196,1.2234194872705282,4.276835098948012,-5.892763704684329e-26,0.1017424913867988,5.541565861705117e-26
23.95,33.62617772,12.71758871,0.5868875160747599,0.2219637959039583,0.0097008872943702,-0.1276816086824442,-1.0407954670659805,0.3099869761147119,-1.8013344399907838,1.24054911578956,5.726160764510255,-1.2065397664264049e-23,0.1386735806854209,1.1414944878945037e-23
23.96,33.02008126,12.73131088,0.5763091372630778,0.2222032929509767,-0.0009594005487681,-0.1242280710269059,-1.0660287843140457,0.3453537655538887,-1.7415234597410312,1.256599250594572,6.24469695067692,-1.114939544891223e-21,0.1533896572252536,1.0604923954549004e-21
23.97,32.37759563,12.75911473,0.5650956476228277,0.2226885616782073,-0.0118423291135779,-0.1204456496805451,-1.0882928564812002,0.3782421346361548,-1.681602471380789,1.271862390824853,6.407084957242143,-5.624005563566413e-20,0.158983055505474,5.3752300765374474e-20
23.98,31.68738457,12.77657344,0.5530491920921475,0.2229932736508581,-0.0229337356381318,-0.1163895293794517,-1.1091406524556162,0.4056120301094217,-1.6216374160673743,1.2856995207749022,6.463981306171981,-1.1954695561402662e-18,0.1613440242687129,1.147342881531704e-18
23.990000000000002,31.0072968,12.85806716,0.5411794213031017,0.2244156073845565,-0.0341441681384795,-0.112019501056073,-1.1210432500341914,0.4370028323376475,-1.5622957121571404,1.300435421211044,6.479091232591157,-3.373513001559327e-17,0.161970107270502,3.2513086984051924e-17
24.0,30.29722176,12.9339187,0.5287862739188712,0.2257394665002647,-0.045442055136505,-0.1073868280214428,-1.1297886998027722,0.4632673034631154,-1.5033475987449405,1.314026685560025,6.486050190919452,-4.707142633756999e-16,0.1617007026104972,4.553262534000034e-16
24.01,29.59814557,13.0564231,0.5165850926810738,0.2278775716284448,-0.0567443958312073,-0.1024752029896701,-1.130234069470456,0.4911625031773675,-1.4448301055559258,1.327941080390197,6.486625850763817,-6.867449387681353e-15,0.1606076059489802,6.666520445583258e-15
24.02,28.90930962,13.21635816,0.5045626373474708,0.2306689650148195,-0.0679751933544099,-0.0972824574712258,-1.123079752319686,0.5192745518441644,-1.3866575320559822,1.341879601379061,6.4821561791597615,-9.063497385585597e-14,0.1587717929575127,8.827772679503241e-14
24.03,28.24114745,13.42698583,0.4929010075437006,0.2343451113521236,-0.0790508487318057,-0.091791519706005,-1.1075655377398002,0.549093776522191,-1.3286543768895958,1.356093451016006,6.4655677014750506,-1.2430591655447204e-12,0.156080354314768,1.2146070101568761e-12
24.04,27.5729129,13.65032042,0.481238114470618,0.2382430352812152,-0.0899216094113674,-0.0860354845681145,-1.087076067956387,0.5756035137891614,-1.2711504638040092,1.3697493123279938,6.416769533977753,-1.1454674831359972e-11,0.152156238941453,1.1224689880558476e-11
24.05,26.92556267,13.91656339,0.4699397215435754,0.2428898517180037,-0.1005152736364776,-0.080008820247149,-1.0593664225112265,0.6026664320966663,-1.2137755085633402,1.3834808927790625,6.221836312460172,-1.0149729468837159e-10,0.144459907885893,9.972765092319588e-11
24.060000000000002,26.29222016,14.20739286,0.4588858094512303,0.2479657835313338,-0.1107753391722133,-0.0737306712405884,-1.0260065535730485,0.6278149006557454,-1.1567408656361,1.396942301328581,5.3837826664799495,-7.132106335830689e-10,0.1220509193513033,7.024949530490212e-10
24.07,25.66707789,14.53307523,0.447975018546339,0.2536500132035322,-0.1206587614378848,-0.0672073585982682,-0.988342226567344,0.6523312642321526,-1.1003199611339225,1.4103248886885864,2.89961618051216,-4.476726444477815e-09,0.0640227367340788,4.41940401096754e-09
24.080000000000002,25.04602023,14.8688007,0.4371355175346074,0.2595095280378376,-0.1301329973160096,-0.0604769721715596,-0.9474235878126748,0.6730386426709873,-1.044792483640656,1.4232730812337655,0.6292628788608706,-2.005515253653529e-08,0.01350193228285,1.983806414722713e-08
24.09,24.42665191,15.21388369,0.4263255010680616,0.2655323624059643,-0.1391731745402035,-0.053576828990065,-0.9040177224189216,0.6900143181491064,-0.9904047648524682,1.4358452271151525,0.0743171768701341,-6.623382925110957e-08,0.0015463348716668,6.563372024300689e-08
24.1,23.78912307,15.54852631,0.4151985237336414,0.2713729779424645,-0.1477842608946253,-0.0465671258553602,-0.8611086354423501,0.7009703134706218,-0.9381868254761316,1.447861513709796,0.0075940561808515,-1.3986388332598133e-07,0.0001529738332173,1.38812050671623e-07
24.11,23.1459394,15.88809119,0.4039728509970808,0.277299503122604,-0.1559569108748944,-0.0394852003681507,-0.8172649980270746,0.7081925487210907,-0.8877067361532005,1.459579545558179,0.0006597193781225,-2.2603720300378094e-07,1.2837111310214112e-05,2.2464566559354025e-07
24.12,22.49387619,16.21382624,0.3925922010514576,0.2829846522342523,-0.1636889529353312,-0.032389433561664,-0.7732042060438356,0.709576680648814,-0.8392425096489786,1.4708552957255647,5.0539881359832615e-05,-2.429285747407689e-07,9.475635984005732e-07,2.417207260235702e-07
24.13,21.81438869,16.50820484,0.3807329069503126,0.2881225280516637,-0.171004696051391,-0.0253558816587376,-0.7315743116056016,0.7033551902922739,-0.7938717025201586,1.4815908329665437,4.012606030349936e-06,-1.5337309790081058e-07,7.233068368834859e-08,1.527654667795197e-07
24.14,21.13600528,16.79172893,0.3688928828549059,0.2930709569308845,-0.1778918891430829,-0.0184293018608496,-0.6887193091693288,0.6926579797889427,-0.75002684188591,1.4920312338437614,2.607612488927828e-07,-7.02326084312153e-08,4.5003662882842356e-09,7.001565480234869e-08
24.150000000000002,20.4463655,17.04521524,0.3568563980411766,0.2974951276491154,-0.184357435919468,-0.011674512367862,-0.6465546776386426,0.6754789492988922,-0.7084732226557612,1.502062836225882,1.55549783191379e-08,-1.9803733009509722e-08,2.559327970814609e-10,1.975714340444071e-08
24.16,19.75257749,17.27022519,0.3447475129558173,0.3014222921263633,-0.1904007352134469,-0.0051488171982918,-0.6043299293980129,0.6525695169571486,-0.6687835797266009,1.5117372331083043,8.019780362024096e-10,-3.506940449959768e-09,1.2508834163865398e-11,3.50084866755791e-09
24.17,19.08736254,17.48264172,0.3331373218448278,0.3051296599605246,-0.1959811101354928,0.0011155303874672,-0.5580374922043001,0.6264347585755915,-0.628947786641859,1.521183204609522,2.5636375317472368e-11,-4.5367008521526224e-10,3.752147221451604e-13,4.5311391641321106e-10
24.18,18.44220565,17.6752368,0.3218772099224009,0.3084910782296665,-0.2010743738537301,0.0070809720258445,-0.5093263718238331,0.5965441638378491,-0.589614075076875,1.530370552395321,5.436341478500549e-13,-3.949781544211311e-11,7.393946196199469e-15,3.9465664918391374e-11
24.19,17.85053215,17.87255909,0.3115505592506023,0.3119350018777415,-0.2056174925671309,0.0127446542073666,-0.4543118713401727,0.5663682181523205,-0.5486656440983358,1.5394303356663226,5.056384227647329e-15,-2.974085358337568e-12,6.323293680446882e-17,2.9726279229049725e-12
24.2,17.31872125,18.07080588,0.3022687080476079,0.3153950610947513,-0.2095468211803465,0.0181007342334566,-0.3929328613213589,0.5356080026087271,-0.5058198454120333,1.548341973463601,1.7632561271636357e-17,-1.8520775593237246e-13,2.0171402456036608e-19,1.8516124098037649e-13
24.21,16.84902842,18.28177952,0.294071021691098,0.3190772457476685,-0.2128038442961204,0.0231599744945812,-0.3257023115774536,0.5059240261125589,-0.4610421295002992,1.557142189100082,2.059336397840587e-20,-1.0962441947738459e-14,2.171452594720816e-22,1.096142387752673e-14
24.22,16.45994274,18.51462915,0.2872801955027369,0.3231412384532191,-0.2153141407258874,0.027945186469142,-0.2510296429767522,0.4785211974561777,-0.4130801390095029,1.5658468343940055,6.109002664784726e-24,-6.997419139725748e-16,6.113798467105234e-26,6.997333749934184e-16
24.23,16.15372195,18.78241106,0.2819356344791788,0.3278149144599982,-0.2170099789426111,0.0324950804077154,-0.1695838216724009,0.454989393857428,-0.3618152710471972,1.5744701711530416,6.4876852487261275e-28,-5.864307890817259e-17,6.479210579971125e-30,5.864268462763214e-17
24.240000000000002,15.93357039,19.09269583,0.2780932649037769,0.3332304053152916,-0.2178289839257415,0.0368561157122545,-0.0819004983129975,0.4361035304536891,-0.3069830593053809,1.5830078771180882,1.4266254757789407e-31,-7.407381704789829e-18,1.4056797431697249e-33,7.406831468383429e-18
24.25,15.72763809,19.39719778,0.2744990682325722,0.3385449669215347,-0.2178110942465601,0.0410124930787962,0.0017889679181457,0.4156377366542536,-0.2543243918686091,1.5914314846474416,5.2197008070372416e-33,-7.14271283330987e-19,4.4732796629093554e-35,7.141197830481988e-19
24.26,15.66407622,19.80937225,0.2733897043223476,0.3457387685156973,-0.2168322726062143,0.0450910837272354,0.0978821640345962,0.4078590648439968,-0.1930113108297356,1.599677721597032,4.293168099351963e-31,-2.953379811862501e-19,1.7851921923192278e-33,2.9521527173915312e-19
24.27,15.67271035,20.28468083,0.2735403983188929,0.3540344681996761,-0.2148736906659263,0.0491548212700432,0.1958581940287027,0.4063737542805752,-0.1289223272187139,1.6078032070166588,9.734886173045467e-27,-2.6115695372913813e-19,-1.1590835250114149e-29,2.60978809074896e-19
24.28,15.75024665,20.83536025,0.2748936620437069,0.3636456372016489,-0.2119275981155491,0.0532772825885743,0.2946092550377702,0.4122461318531904,-0.0621270004884113,1.6157862882082978,6.356391473931953e-22,-5.631003335638786e-19,3.820544145063709e-24,5.6253265360245635e-19
24.29,15.99120605,21.56072185,0.279099196937337,0.3763055853891829,-0.2078702094671997,0.0576493296187488,0.4057388648350259,0.4372047030175334,0.0164465856452479,1.6233556028759293,5.699423059022386e-17,-1.0821980251879736e-17,-5.875646184018822e-19,1.080709110609e-17
24.3,16.05034652,22.14775013,0.2801313928600139,0.3865511616775021,-0.2030390191021744,0.0620593826362596,0.4831190365026289,0.4410053017511673,0.0741285146972119,1.6317110039995886,6.047378956157281e-14,-1.770146522504817e-17,-4.20638248436816e-15,1.7668754600540206e-17
24.310000000000002,16.35868036,23.02176294,0.2855128335633313,0.4018055629166097,-0.1971941114479788,0.0668370283397849,0.5844907654192552,0.4777645703522916,0.1534827404500394,1.6389149257003035,2.0999410663063794e-10,-9.63926804227613e-16,-3.258068301030373e-11,9.616994813679952e-16
24.32,16.5543556,23.83122793,0.2889280107659614,0.4159333921717327,-0.1905862926879055,0.0718513840295475,0.6607818760074584,0.5014355689763604,0.2186143823066953,1.6468949006685736,4.824227341515283e-08,-1.1074912085322103e-14,-1.0428738118135382e-08,1.1042977129399112e-14
24.330000000000002,16.70784498,24.65117796,0.2916069058138061,0.430244219897059,-0.1833609666542673,0.0770724485252906,0.7225326033639701,0.5221064495744135,0.2772181769845753,1.6551430205576765,2.7128573082879137e-06,-8.608345829297417e-14,-7.379852867756702e-07,8.577853619262866e-14
24.34,16.85057563,25.5105962,0.2940980255998178,0.4452438978367538,-0.1756155873763296,0.0825070614834437,0.7745379277933763,0.5434612958150323,0.3329983531992456,1.663458271588882,6.446703673814838e-05,-6.587964388269386e-13,-2.0995101365289536e-05,6.559803736592315e-13
24.35,16.93139804,26.36202974,0.2955086427637146,0.4601042164716647,-0.1675092638935013,0.0881017231197253,0.8106323482829861,0.5594661636282697,0.3808884928097381,1.6721749004642714,0.0005105779601855,-2.9347025465144235e-12,-0.0001895813416322,2.9196886303417968e-12
24.36,16.93701176,27.18903606,0.2956066206609996,0.4745381996904665,-0.1592084302277208,0.0937855292415076,0.8300833665782118,0.5683806121783437,0.4195950000971857,1.6813933791537643,0.00144922438045,-6.863290524556565e-12,-0.0005905314892957,6.821507683897463e-12
24.37,16.88372425,27.99941988,0.2946765781613102,0.4886820655543556,-0.1508471693495222,0.0995017456255666,0.8361260878200353,0.5716216384060099,0.4508183329583028,1.6910204741924768,0.0018799131266529,-9.827429536734728e-12,-0.0008197102435416,9.756743342673908e-12
24.38,16.76732855,28.78366938,0.2926450899611466,0.5023698014864748,-0.1425553399216635,0.1051856849979809,0.8291829427854451,0.5683939372411371,0.4736529982982485,1.7011310736207572,0.0011524403726546,-8.146765544423521e-12,-0.0005261599349967,8.07790979961818e-12
24.39,16.57183226,29.51744731,0.289233036025213,0.5151766423434434,-0.1344733641500748,0.1107472938972087,0.8081975771590253,0.5561608899229002,0.4851633213649642,1.711970781670254,0.0003056791493356,-3.1270563290876367e-12,-0.0001426893158882,3.096054075403556e-12
24.400000000000002,16.30761274,30.20811404,0.284621535453174,0.527231050815926,-0.1267166502082418,0.1161125781287624,0.775671394183457,0.5365284231554702,0.4849871747806312,1.7234584942373152,3.826123523470269e-05,-6.158979645533878e-13,-1.785416061967436e-05,6.087593408335734e-13
24.41,15.99101203,30.8562059,0.2790958106495222,0.5385423876283002,-0.1193691248224991,0.1212144033756183,0.7347525385744144,0.5101825246856971,0.473205914856028,1.7356039146594306,2.528240534233634e-06,-6.243197791320219e-14,-1.153288607512512e-06,6.158886219731501e-14
24.42,15.61613976,31.45390532,0.2725530552635971,0.5489742104445606,-0.1125137732407798,0.1259820338222592,0.6855351581715758,0.4767630446638405,0.4459961826455462,1.748549079756336,7.998283470161498e-08,-2.8897679333010464e-15,-3.452565257176866e-08,2.844385651261359e-15
24.43,15.20530654,32.01464602,0.2653826628980268,0.5587609819094984,-0.1061959018626213,0.1303679836172466,0.6317871378159751,0.4385949794988254,0.4035029560649101,1.7621275012766713,1.3930234932654942e-09,-6.844267886057215e-17,-5.468183482813456e-10,6.71977735213305e-17
24.44,14.76070451,32.53370773,0.2576228936134763,0.5678203177700304,-0.1004516238457375,0.1343241932019309,0.5744278016884976,0.3956209584685076,0.342288770103724,1.776467641800259,1.2639583814535004e-11,-7.268842159208658e-19,-4.228910772532104e-12,7.116128962557158e-19
24.45,14.29847699,33.01913166,0.2495555014961483,0.5762925636165008,-0.0952903714636876,0.137818064789176,0.5161252382047298,0.3493871587243335,0.2620525894419909,1.791468492356063,6.52520806750084e-14,-3.535175802659296e-21,-1.6801194685148786e-14,3.4497135926545175e-21
24.46,13.82002398,33.46802086,0.2412049211555709,0.5841271581331442,-0.090715828324688,0.1408180320285858,0.4574543139000486,0.2999967239410442,0.1604906069346588,1.807248528685537,1.7745405470803734e-16,-6.771981567435339e-24,-2.871946736179384e-17,6.584115229510151e-24
24.47,13.34719134,33.89639317,0.2329524347766739,0.591603665367018,-0.0867000052752796,0.1433169824704426,0.4015823049409236,0.249895044185727,0.0435147755901422,1.8234655591574425,3.135269686925792e-19,-6.1404895750005336e-27,-1.0965167373192505e-20,5.946083459493116e-27
24.48,12.85468535,34.28201013,0.2243565836653796,0.5983339509705493,-0.0832464669680152,0.145283369365562,0.3453538307265032,0.1966386895119801,-0.0933257183611802,1.840774804401712,2.1843995225784184e-22,-1.6816169740099992e-30,1.8902701823719365e-25,1.6208723160416974e-30
24.490000000000002,12.35694858,34.62946576,0.2156694382206379,0.6043981957186405,-0.080336796806621,0.1466962092152098,0.2909670161392718,0.1412839849647073,-0.2384340931986282,1.8591561061689188,6.349745464207044e-26,-1.8160536253987207e-34,4.947829704363606e-28,1.7412706804441252e-34
24.5,11.82850715,34.9132013,0.2064463953631908,0.6093503150965645,-0.0779837321909497,0.1475072636417859,0.2353064615671762,0.0811054426576219,-0.3894284120781159,1.8796938405541843,3.357881547680412e-30,-1.323009727795666e-38,3.3418400395568527e-32,1.2605479260086867e-38
24.51,11.3276867,35.17355328,0.1977054295493711,0.613894314361651,-0.0761208906412902,0.1477244667618594,0.1862841549659859,0.0217203120073604,-0.5180984013718155,1.9010647730824832,9.960103283553306e-35,-3.2942346001037523e-41,1.1683402586976994e-36,3.1166177878549833e-41
24.52,10.81317805,35.37450325,0.18872555957688,0.6174015529699347,-0.0747372797705615,0.1473137722714783,0.1383610870728011,-0.0410694490380903,-0.6320169933226862,1.9250941804380604,4.398204406638363e-40,-1.0908433083400111e-40,6.471479497722977e-42,1.0232385185153195e-40
24.53,10.30282278,35.52342533,0.1798181797604753,0.6200007335948532,-0.0737971026900558,0.1462558019475589,0.0940177080505859,-0.1057970323919621,-0.7242859907903372,-3.1391724999586934,4.843722476468062e-46,-4.344574010636789e-37,8.122841941116344e-48,-4.9616968588831485e-40
24.54,9.79335887,35.6104125,0.1709263571108913,0.6215189461183452,-0.0732689576052312,0.1445236115740144,0.0528145084824704,-0.173219037354484,-0.7972347322315031,-3.0453127192239307,4.000582075332671e-52,-3.0139215852745053e-32,7.233742895041169e-54,-1.402377119779254e-35
24.55,9.29306481,35.63387872,0.1621945785357212,0.6219285089203426,-0.0731108265554849,0.1420936256900536,0.015813104974641,-0.2429985883961328,-0.8521023565510277,-2.946691368367869,3.224002836158008e-56,-1.933641725715327e-27,6.1071623106115924e-58,-8.420040578442657e-30
24.560000000000002,8.79128482,35.57679726,0.153436865589597,0.6209322495014972,-0.0732954606356247,0.1389265044451668,-0.0184634080139706,-0.3167121244885096,-0.8938043230162434,-2.841708857191031,5.429386822709283e-56,-5.712698634660512e-23,1.0611131698213108e-57,-5.581713156843536e-25
24.57,8.31169684,35.45206978,0.1450664762856083,0.6187553443077818,-0.073765238109724,0.1350053361539282,-0.0469777474099441,-0.3921168291239427,-0.9215363623380776,-2.7343475200998726,7.978502454242552e-53,-5.011771872391722e-19,1.5895630071683662e-54,-5.002745516767775e-21
24.580000000000002,7.85332247,35.24745515,0.1370663343223536,0.6151841453165318,-0.0744664604664119,0.130303171422094,-0.070122235668807,-0.4702164731835176,-0.938584276703367,-2.624516760408204,2.012228680244708e-49,-1.7025420500994009e-15,4.0544601581694524e-51,-1.9929049204538088e-17
24.59,7.4247452,34.96369671,0.1295862498616448,0.610231626258209,-0.0753370486566582,0.1247998713789208,-0.0870588190245781,-0.5503300043170333,-0.9462671051880428,-2.514527972255133,7.45301529385224e-47,-2.4464688528116207e-12,1.5091861204989308e-48,-3.568901930594787e-14
24.6,7.03468505,34.60734369,0.1227784159633219,0.6040120927597838,-0.0763073299303931,0.1184888825083037,-0.0970281273735161,-0.6310988870618379,-0.9455924237041894,-2.407199317221386,2.4299070402987162e-45,-1.562845768215505e-09,4.918271110744549e-47,-2.6514402306444004e-11
24.61,6.68849061,34.16468292,0.1167361831332239,0.5962862048538704,-0.0773053275380856,0.1113513695839114,-0.0997997607692678,-0.7137512924393704,-0.937607618550115,-2.3024286438348867,7.455358719139996e-45,-5.64089718888225e-07,1.5012326184905851e-46,-1.057534612904402e-08
24.62,6.39571773,33.64614719,0.1116263324166777,0.5872360490761381,-0.0782519197962002,0.1033869143416135,-0.0946592258114755,-0.7964455242299497,-0.9224521995068444,-2.20273143142232,1.8863988867008276e-45,-0.0001127560506956,3.760601868673135e-47,-2.272342542805153e-06
24.63,6.16206559,33.05280514,0.1075483332693469,0.5768802767131053,-0.0790667782952667,0.0946006937879705,-0.081485849906615,-0.8786220553638467,-0.900357054517743,-2.1087708949615065,3.719623450797143e-47,-0.0134049115265982,7.303423892301669e-49,-0.0002857547931271
24.64,5.99343515,32.38676704,0.1046051768722602,0.5652557189243781,-0.0796686508862494,0.0850043479356271,-0.0601872590982747,-0.959634585234532,-0.8710626942807551,-2.020828617265205,6.023609428206762e-50,-0.8719842030206885,1.1578032222236009e-51,-0.0194442022379001
24.650000000000002,5.89834853,31.66384291,0.1029456022786675,0.5526383126137625,-0.0799725148514282,0.0746323277524453,-0.0303863965178901,-1.0372020183183834,-0.833386869798126,-1.9394935600050345,2.6552928635266477e-53,-5.694252168737183,4.9545154518727454e-55,-0.1315960781693634
24.66,5.87205946,30.87664175,0.1024867714498802,0.5388990604962439,-0.0799074121827348,0.0635115670058373,0.0065102668693472,-1.1120760746610243,-0.7873915194774173,-1.863642709192118,1.0329930738003793e-54,-6.470565130664462,1.8508235213505714e-56,-0.1537832436194593
24.67,5.91718809,30.04738062,0.1032744146302945,0.5244257234189351,-0.0794063283398799,0.0516983103136349,0.050108384285464,-1.1813256692196363,-0.731262550953425,-1.7933661964178014,2.7859150343078204e-51,-6.49850872560299,4.7096999587518845e-53,-0.1577108360939944
24.68,6.0504005,29.18393765,0.1055994097893111,0.5093558006892366,-0.0783882011317808,0.0392581205614573,0.101812720809922,-1.2440189752180064,-0.6590802393207655,-1.7278220599623006,1.8069470548098786e-44,-6.499884986655017,2.777880601396394e-46,-0.1600871877993816
24.69,6.24929499,28.29142699,0.1090707735038861,0.4937785510630889,-0.0768096912462404,0.0262614948880234,0.1578509885540738,-1.2996625673436524,-0.5709559221653207,-1.6661395112606747,1.077838456069889e-37,-6.499986909693626,1.4118562754133231e-39,-0.1616006040626885
24.7,6.52121712,27.38765259,0.1138167099814221,0.4780047120878526,-0.0746243558159206,0.012798770372193,0.21853354303187,-1.346272451582348,-0.4584262951029413,-1.607663190293457,9.690100474764995e-32,-6.499997733874208,1.0176716466495725e-33,-0.1623647136001955
24.71,6.85552386,26.4814478,0.1196514633060307,0.4621884548050088,-0.071806287126122,-0.0010327631753928,0.2818068689799188,-1.383153354758866,-0.3145196549026084,-1.551580409848669,9.851052826832266e-27,-6.499999411982106,9.770416929896944e-29,-0.1624632185921737
24.72,7.2527393,25.58485658,0.1265841805737887,0.446539985971536,-0.0683343723559726,-0.0151258953165702,0.3471914770150016,-1.4093132141180174,-0.1254304579569626,-1.4971412839397369,1.7948143025365688e-22,-6.499999770233601,-2.2089580074451646e-25,-0.1619619195084959
24.73,7.68565741,24.69671933,0.1341400269847997,0.431039066749428,-0.0642277403652019,-0.0293809672485296,0.4106631990771573,-1.4255071931962209,0.1101649153592738,-1.4436952300237689,5.618082487399231e-19,-6.499999871225056,-6.241995873776284e-20,-0.1609108331585425
24.740000000000002,8.15372191,23.82944824,0.1423092936215007,0.4159023307215679,-0.0595083974824556,-0.0436891546135014,0.471934288274388,-1.4308187364964573,0.3950374695301629,-1.3906041863056977,4.767190733523945e-16,-6.499999894424221,-1.8335680030601736e-16,-0.1593450294128326
24.75,8.66309701,23.00416823,0.1511995662441761,0.4014984772961762,-0.0541922517952732,-0.0579229558610491,0.5316145687183488,-1.4233801247550513,0.7145180832881154,-1.3370417476839995,1.6032445852525846e-13,-6.499999865443838,-1.050325492840401e-13,-0.1572768548267974
24.76,9.14414306,22.17373345,0.1595954036703893,0.3870046561621014,-0.0483870086409811,-0.0720220602525632,0.5805243154293208,-1.4099104391516837,1.0050086673129293,-1.2834575696962491,1.199783168767081e-11,-6.499999788630531,-1.0129108772070338e-11,-0.1547641713339103
24.77,9.64017071,21.3880091,0.1682527193438194,0.3732911792415092,-0.0421394887492494,-0.0858696828157403,0.6247519891728471,-1.384762256317002,1.266109432948882,-1.2284732481880878,4.4420069214350114e-10,-6.4999994959393685,-4.237931830950829e-10,-0.1517789806026563
24.78,10.14458163,20.64969057,0.1770563506808331,0.3604050899645246,-0.0355040771710708,-0.0993551110920095,0.663541157817991,-1.348542827627195,1.4870869177140855,-1.171573465552458,8.656589802784097e-09,-6.499998176523508,-8.626388081697992e-09,-0.1483145786512449
24.79,10.59845515,19.91838798,0.1849779379924495,0.3476414519406624,-0.0286091832714463,-0.1124267704319112,0.6894893899625919,-1.3071659339904234,1.6716154351335877,-1.1138218437091871,5.7275607130038913e-08,-6.499991751854726,-5.698580847313563e-08,-0.1444626359843097
24.8,11.06966714,19.24889566,0.1932021386928241,0.3359566066398469,-0.0214879539550452,-0.1249713681706841,0.7121229316402538,-1.2544597738775431,1.8301948987644785,-1.0529435116572257,2.821909142420827e-07,-6.4999393473350136,-2.727769174383751e-07,-0.1400783140080488
24.810000000000002,11.5080207,18.60953956,0.2008528516026625,0.3247977376021368,-0.0142370143586243,-0.1369250501116109,0.7250939596417125,-1.1953681940920702,1.9709713205284136,-0.9899958803145424,6.867720637361847e-07,-6.49937445972511,-6.326103785341609e-07,-0.1352012733604151
24.82,11.93195645,18.0151356,0.2082519262570741,0.3144234314132442,-0.0069229576982256,-0.1482131267195174,0.7314056660400178,-1.12880766079087,2.0974391030727944,-0.9240978908008984,1.051482356897754e-06,-6.4900992107465045,-9.091191598267429e-07,-0.1295252760985267
24.830000000000002,12.36452733,17.475405,0.2158017123613234,0.3050033553694796,0.0004217425515282,-0.1587574772573588,0.7344700249755356,-1.0544350537843488,2.20894360862086,-0.8544859830482873,1.2930658977570745e-06,-6.248014803885136,-1.038599298550754e-06,-0.1185765144007198
24.84,12.77485923,16.98019328,0.2229633550422875,0.2963602803610154,0.0077270231789225,-0.1685015987467082,0.7305280627390607,-0.9744121489344488,2.312585622116148,-0.7816204548751822,9.907706320132968e-07,-2.3639355235346327,-7.303519315729316e-07,-0.0421228487568914
24.85,13.18623468,16.5391191,0.2301432111066609,0.2886620836744813,0.0149580562020911,-0.1773850875407727,0.7231033023170056,-0.8883488794066188,2.4058435935369458,-0.7047761754262132,5.992051148326634e-07,-0.0460784484694675,-4.020679014119778e-07,-0.0007546520673085
24.86,13.57790397,16.12998428,0.2369791297961093,0.2815213339809269,0.0220562022033159,-0.1853832883465119,0.7098146001226144,-0.7998200805740799,2.493734046612861,-0.6257259613495241,2.402359160070232e-07,-0.0003393615470127,-1.4497460364393308e-07,-4.938961955109232e-06
24.87,14.0271451,15.81315875,0.2448198666499892,0.2759916853280508,0.0290671905949209,-0.1924035318414976,0.7010988391606379,-0.7020243494987125,2.563248440140842,-0.5395394986332835,1.3198431399033522e-07,-8.258220688519629e-07,-7.21797657343041e-08,-1.0131117695599891e-08
24.88,14.48042264,15.55854315,0.2527310521483296,0.27154780478111,0.0359648992365878,-0.1984014739619093,0.6897708641663411,-0.5997942120408674,2.626425538115316,-0.4489065664168829,5.992838907165977e-08,-6.924658980946175e-10,-2.9551558714750912e-08,-7.1737825743403045e-12
24.89,14.91475183,15.31504785,0.2603115265513496,0.2672980100829786,0.0426960889916658,-0.2034036713660306,0.6731189755079316,-0.50021974041223,2.6879732742036704,-0.3593493729544367,1.8243192360252567e-08,-2.706043873724603e-13,-8.000920058424552e-09,-2.7036249265788213e-15
24.900000000000002,15.37846036,15.14979354,0.2684047671694324,0.2644137782703673,0.0492744276432016,-0.2073573617090597,0.6578338651537186,-0.395369034302979,2.739969332144217,-0.2647062454005977,6.0182603693481855e-09,-2.0014502304356324e-17,-2.351850895422553e-09,-1.794387970568949e-19
24.91,15.88069041,15.06585201,0.2771703351443882,0.2629487221927056,0.0557250770476548,-0.2102149462120473,0.6450649404454409,-0.2857584502988188,2.782488195177979,-0.1652994166276956,2.364881577129018e-09,-2.0374638045780376e-22,-8.292213978989074e-10,-2.4692648757032746e-25
24.92,16.36575393,15.00167389,0.2856362906497016,0.2618286026909656,0.0620003108485134,-0.2120131646311737,0.6275233800855431,-0.1798218419125498,2.82554359453138,-0.0688794408272438,6.307857350425171e-10,-1.036002066996082e-27,-1.9515763466113563e-10,-5.1030099495280996e-30
24.93,16.85733538,14.98243651,0.2942160054939294,0.2614928470705083,0.0680872443320707,-0.212760545907115,0.6086933483558471,-0.0747381275941493,2.8652705446908024,0.0265796220036376,1.4717972857693183e-10,-2.95660393549416e-32,-3.9910963464407806e-11,5.496325997631885e-34
24.94,17.35958266,15.00449699,0.3029818741891154,0.2618778750810787,0.0739802079350784,-0.2124747229190351,0.5892963603008873,0.0285822988080026,2.901446310323012,0.1199036028517957,3.157779604160225e-11,-2.3604454064029928e-33,-7.470137961109536e-12,2.868581412566634e-34
24.95,17.86901806,15.06120311,0.3118731992453296,0.2628675835811097,0.0796704363418916,-0.211185397900913,0.5690228406810288,0.1289325018121435,2.9349662478112326,0.2097806022414586,6.028120543388423e-12,-3.0602302710808032e-30,-1.2352835385039438e-12,6.361411740844765e-31
24.96,18.3857398,15.15400274,0.3208916949249637,0.2644872426692422,0.085150943274705,-0.2089234108850443,0.5480506932814524,0.2261987015869166,2.966083059470866,0.29604941423622,1.0302278029376937e-12,-1.717203449312009e-25,-1.8128218311436461e-13,4.9823526133047756e-26
24.97,18.91836327,15.27661704,0.3301877281498609,0.2666272659142703,0.090427383844546,-0.2057299865133457,0.5276440569842051,0.3193424371699224,2.9939252104808065,0.3779183911517008,1.75494488323598e-13,-6.235972068147178e-21,-2.62417945593986e-14,2.2979594005043986e-21
24.98,19.4622061,15.4207588,0.3396795761467248,0.2691430142158897,0.0954999853302857,-0.2016582609627947,0.5072601485740662,0.4071725550551774,3.0194673812602733,0.4546942540483466,2.8354241218006524e-14,-4.8258863040528825e-17,-3.511814916858e-15,2.1211765537638773e-17
24.990000000000002,20.02022899,15.57328352,0.3494189128787189,0.2718050727705722,0.1003737768000734,-0.1967781329978641,0.4873791469785245,0.4880127964928122,3.0425868001870247,0.5255373122426713,4.542174208852982e-15,-7.41531179686324e-14,-4.482246159363643e-16,3.7231788909436385e-14
25.0,20.62145087,15.74809775,0.3599122142197491,0.2748561566634108,0.1050917277147323,-0.1911415669997191,0.4717950914659813,0.5636565998146142,3.0601583880092007,0.5923363202963191,1.0625646028662837e-15,-3.511330259954151e-11,-8.308598003353243e-17,1.9610360804887218e-11
25.01,21.24139114,15.91142613,0.3707322130969518,0.2777067746563593,0.1096628914321712,-0.1848420569049502,0.4571163717439784,0.6299510094770093,3.0757428766258954,0.6526938909128378,2.64120913230622e-16,-4.731159036700049e-09,-1.5805679896744538e-17,2.873246720279819e-09
25.02,21.89105661,16.06299251,0.3820710145849682,0.2803521070226882,0.1141105051734147,-0.1779701601972829,0.4447613741241225,0.6871896707663814,3.0883456547337955,0.707524751244386,8.154996196620675e-17,-2.352812958606284e-07,-3.7084891443612644e-18,1.528933953005388e-07
25.03,22.5706978,16.18705945,0.3939329910826406,0.2825174836185624,0.118456978864629,-0.1706322022487617,0.4346473691215218,0.7337957948522644,3.098321976596092,0.7564448435501316,3.1452899191489667e-17,-4.6071227033552645e-06,-1.0920098997226214e-18,3.161392457769901e-06
25.04,23.28557283,16.28311282,0.4064099140964338,0.2841939311826987,0.1227302739239882,-0.1629299721661536,0.4273295059360059,0.7702230082609679,3.1054588383796604,0.8002866470119829,1.627832250066159e-17,-4.159285312132816e-05,-4.475423364634637e-19,2.983988460432409e-05
25.05,24.03170262,16.34033558,0.4194323355791477,0.2851926567517773,0.1269514559316134,-0.1549731582860889,0.4221182007625994,0.7956813880066222,3.110539426432315,0.8389878551690781,1.0586645774945397e-17,-0.0001795189158216,-2.3966804029510453e-19,0.0001335388967334
25.060000000000002,24.79740641,16.342733,0.4327963878096469,0.2852344996243304,0.1311251795862275,-0.1468845833910494,0.4173723654611967,0.808857489503542,3.114992694152932,0.8720670341607879,7.262618036768624e-18,-0.0003620377308251,-1.3514201950452927e-19,0.0002771753778937
25.07,25.60336251,16.3241736,0.4468629753811796,0.2849105769871358,0.135282501906439,-0.1387375699706029,0.415732232021237,0.8147013420448085,3.116885729394772,0.9024042501396936,7.020994937841291e-18,-0.0004711759473018,-1.1909694736644597e-19,0.0003697746467185
25.080000000000002,26.41552603,16.2475135,0.4610379028697663,0.2835726058372277,0.1394083669190125,-0.1306460660879233,0.4125865012574297,0.8091503882681178,3.119789278984371,0.9277171808016238,5.786813254172224e-18,-0.0003117276098156,-8.404891655662875e-20,0.0002494611352323
25.09,27.23355551,16.12889448,0.4753152106741435,0.2815023133827387,0.1434884516274981,-0.1226959324917664,0.4080084708483528,0.7950133596152833,3.1235801280643702,0.9493362267614706,4.096639861248087e-18,-0.000122236003328,-4.7118542679880494e-20,9.938439933735718e-05
25.1,28.04719908,15.96009155,0.4895159699083244,0.2785561464672252,0.147496447076362,-0.1149763442835371,0.4007995448864702,0.7719588208230858,3.1290404418690807,0.966739452406136,2.1790388650348496e-18,-2.6967406815328912e-05,-1.6326595300175056e-20,2.219634751788616e-05
25.11,28.84534433,15.77397721,0.5034462324299778,0.275307838449049,0.1513939874828302,-0.1075287766894322,0.3897540406468973,0.7447567594106388,3.136895262057896,0.9821713246385156,7.554573113749367e-19,-4.341505857881081e-06,-1.892004040664063e-21,3.6111018413288633e-06
25.12,29.62204261,15.55917808,0.5170021747105545,0.2715588864001297,0.1551384005693277,-0.1004043570941814,0.374441308649825,0.7124419595252232,-3.1358848726733366,0.9947203090805348,1.5927532487050693e-19,-4.612271451506013e-07,4.0376258382166783e-22,3.868201101459037e-07
25.13,30.36393737,15.32241376,0.5299506809758476,0.2674265694648842,0.1586737406173851,-0.0936407755069888,0.3535340048055581,0.6763581587189172,-3.122174199684421,1.0046844969258657,1.6866837107484243e-20,-3.372052811628678e-08,1.1046744153154112e-22,2.8462514620188454e-08
25.14,31.06590343,15.06975688,0.5422022999600997,0.263016875031068,0.1619426716028243,-0.0872638410932618,0.3268930985439856,0.6376934413728267,-3.1052020753619014,1.0122945102712972,8.243325940427594e-22,-1.7577030613534824e-09,6.747997406734155e-24,1.4907684191818272e-09
25.150000000000002,31.71962949,14.81921627,0.5536119721131898,0.258644116476613,0.1648827963479224,-0.0812735773420242,0.2940124745098695,0.5990263751238759,-3.0847407811994123,1.018793566306691,1.585649351744009e-23,-7.642857594572282e-11,1.0717426161676794e-25,6.508394731912427e-11
25.16,32.32243075,14.56555687,0.5641328388353603,0.2542169247679797,0.1674346169346392,-0.0756745085425965,0.2551820586717304,0.5599068799428817,-3.0610400727474474,1.0236190785372985,1.1034311154585128e-25,-2.601629579445325e-12,3.209382637203888e-28,2.2220254926342808e-12
25.17,32.86871871,14.31636925,0.5736673624013633,0.2498677803437712,0.169537921964147,-0.0704596183884772,0.2103305029506708,0.521489015411666,-3.034071357010809,1.027285475517352,2.473497388923202e-28,-7.440277835309123e-14,-1.6463437515030151e-31,6.368836354224942e-14
25.18,33.35456569,14.07278357,0.5821469918632343,0.2456164082170619,0.1711343137223741,-0.0656191119542386,0.1596391758227412,0.4840506434239491,-3.003923191689486,1.0298013547145168,1.891485320791075e-31,-1.799575285635729e-15,-1.7230500650809147e-34,1.5427662252193882e-15
25.19,33.78419917,13.84055835,0.5896455106660355,0.2415633135218937,0.1721778858645672,-0.0611349925601234,0.1043572142193263,0.4484119394116127,-2.971290834398695,1.0316818904223732,1.0205694714245802e-34,-3.95122995008373e-17,1.7588488274706497e-37,3.391194155632016e-17
25.2,34.14427869,13.61216057,0.5959300838590362,0.237577020256648,0.1726119782032224,-0.0569980077585883,0.0434092338655017,0.4136984801533009,-2.935414781340297,1.03209457316812,2.1492547740755585e-37,-7.100302884948633e-19,1.171440121034129e-39,6.0954325406842935e-19
25.21,34.44564821,13.38885148,0.6011899742481912,0.2336795413865157,0.1724013748318354,-0.0531963077530172,-0.0210603371386994,0.3801700005571861,-2.8974411197615946,1.0310470793206403,6.320834310319619e-38,-1.0527751707140687e-20,5.1183921320464235e-40,9.032141356332852e-21
25.22,34.68721211,13.19611694,0.6054060596571494,0.230315689081199,0.1715155739142971,-0.0496860061718121,-0.0885800917538491,0.3510301581205713,-2.857471957629804,1.0317095322511192,1.2449655892317023e-35,-1.9747256227076745e-22,1.182753029329462e-37,1.6948618406807045e-22
25.23,34.8753425,13.00890954,0.6086895543857106,0.2270483035671009,0.1699382095078035,-0.046455548477606,-0.1577364406493956,0.3230457694206813,3.13254454425775,1.0311967531804511,1.1867257827978998e-31,-3.15031964273345e-24,-6.110076083077568e-34,2.7030165123917878e-24
25.240000000000002,35.00071472,12.83853056,0.6108777124152451,0.2240746293899114,0.1676459350595897,-0.043478969131638,-0.2292274448212582,0.2976579345966488,-3.0694788764435224,1.031097616811361,3.006588148878388e-27,-5.34574286896338e-26,1.3151985171263802e-29,4.586446399416545e-26
25.25,35.02137783,12.65742441,0.611238351718447,0.2209137307768006,0.1645671642042828,-0.0407646334120189,-0.3078770855307585,0.2714335719619562,-2.978605712201666,1.0273948089796423,9.128336926552236e-23,-5.473394888653373e-28,8.982235703827571e-26,4.685505401163841e-28
25.26,35.00064522,12.49367238,0.6108764994114151,0.2180557186964761,0.1607212630854092,-0.038284621074105,-0.3845901118874327,0.2480012337914437,-2.888599333803557,1.0242131237936962,6.463439521966563e-19,-6.184599533118527e-30,5.502420384178532e-21,5.284117182012856e-30
25.27,34.90073683,12.31816669,0.6091327690555485,0.2149925665499916,0.1560818718491673,-0.0360474739381437,-0.4639391236239506,0.2237147135960155,-2.7947733138588595,1.0167000393116692,1.995867861260398e-15,-3.7664902901797005e-32,1.9970322712634574e-17,3.203265402666254e-32
25.28,34.76407425,12.18018319,0.6067475570702784,0.212584300161566,0.1506834451718895,-0.033999566361464,-0.5398426677278902,0.2047907576680085,-2.7042354894126155,1.0136949336131975,1.7411752826216653e-12,-4.716742351222455e-34,1.7782050084718724e-14,4.003933188620913e-34
25.29,34.5823658,12.07337626,0.6035761463390829,0.2107201675691189,0.1445514452080096,-0.0320978854214799,-0.613199996388114,0.1901680939984499,-2.616194909695375,1.0150931772911786,6.028326418973527e-10,-1.1879209742667107e-35,7.179377924540878e-12,1.009277136304484e-35
25.3,34.33507968,11.97193254,0.599260189350601,0.2089496406496477,0.1376871589343013,-0.0303333507800709,-0.6864286273709641,0.1764534641409323,-2.528514302097708,1.0162896648175583,1.1775019300058827e-07,-2.8881870345980917e-37,1.6750375910270207e-09,2.4556750761614337e-37
25.310000000000002,34.01875929,11.86848719,0.5937393570539085,0.2071441786962698,0.1300914118413039,-0.0287058761387207,-0.7595747092993488,0.1627474641349404,-2.441624970353584,1.015734841002608,1.4299947940452943e-05,-5.2633197391089315e-39,2.3277065521671987e-07,4.473586183255967e-39
25.32,33.66544008,11.80418779,0.5875727735288633,0.206021942459213,0.1218101693488261,-0.0271643242845522,-0.8281242492479506,0.1541551854168777,-2.359556853159363,1.0228101225177513,0.0008913189246801,-3.490024096842615e-40,1.5888699825545666e-05,2.9793222471269316e-40
25.330000000000002,33.25825571,11.76197126,0.5804660656097044,0.205285125011946,0.1128681811853322,-0.0256816505263307,-0.8941988163495607,0.148267375822176,-2.2803674049297,1.0343047584503413,0.0357962361529801,-4.85454301859117e-41,0.0006829133136116,4.1730056642024124e-41
25.34,32.79634441,11.7407525,0.5724041925725372,0.2049147877867555,0.1032909647645567,-0.0242337781981969,-0.9577216420770626,0.1447872328133146,-2.2040425505802816,1.050186957642823,0.8674279275040099,-1.4106100552357631e-41,0.0174661249578784,1.2238844626192398e-41
25.35,32.28769228,11.7507795,0.5635265381567549,0.205089791950853,0.0931159715304717,-0.0227856375277955,-1.017499323408706,0.1448140670401696,-2.1311580220389943,1.072809982816549,4.8471619413625735,-1.315148981218686e-41,0.1020379554147375,1.1555820113817195e-41
25.36,31.73053801,11.79402276,0.5538023617037094,0.205844529217149,0.082378998552338,-0.0213022535503865,-1.073697297813579,0.1483383977409259,-2.061310678997529,1.1022148768309663,6.343501641920557,-3.9556906707551504e-41,0.138666205874979,3.5298416370331927e-41
25.37,31.09016216,11.82396358,0.542625694670952,0.2063670951068959,0.0710718339519815,-0.0198082686256709,-1.1307164600358746,0.1493984924715907,-1.9923378182493752,1.1281138156765191,6.487365105539201,-5.241194666063177e-41,0.1465780491321735,4.736714781565675e-41
25.38,30.43948408,11.92844491,0.531269219804397,0.2081906383222586,0.0592836617849489,-0.0182191685042542,-1.1788172167026578,0.1589100121415854,-1.9281973037867817,1.1679481904572169,6.498366740014372,-1.0286427912604474e-39,0.150857866527837,9.464453301411262e-40
25.39,29.69184288,12.00825645,0.5182204192408356,0.2095836124763458,0.0469886642117041,-0.016578318610809,-1.2294997573247213,0.1640849893445543,-1.8643736701744735,1.201736935008824,6.499795529477509,-4.7492688780663766e-39,0.1544403011567016,4.4301445566488025e-39
25.400000000000002,28.94375107,12.16462508,0.5051637540491317,0.2123127599166786,0.0342896304916908,-0.0148024671187691,-1.269903372001583,0.1775851492040269,-1.8046204633253984,1.246516751991638,6.499958651133559,-2.282552785444104e-37,0.1572728726117593,2.1638725959343093e-37
25.41,28.14306869,12.33463585,0.4911892102554273,0.2152800076170294,0.0212172362768568,-0.0128919209546765,-1.3072394214836611,0.1910546164093,-1.7465125135259247,1.290523726048192,6.499990175824698,-8.319822888513449e-36,0.1594960026278505,7.996063314799304e-36
25.42,27.28725774,12.50906897,0.4762524914033068,0.2183244398855557,0.0077988224475215,-0.0108589628468832,-1.341841382932848,0.2032958107792258,-1.6899076543599378,1.332684253895829,6.499997323992369,-1.7793773715033415e-34,0.1611021909545213,1.7293217167741247e-34
25.43,26.44094514,12.74710681,0.461481550032193,0.2224789839378912,-0.0058553721229959,-0.0086432788030081,-1.3654194570520148,0.2215684043875538,-1.6355136447850922,1.378732298761165,6.4999988795067125,-1.2729590225029235e-32,0.1620841644222416,1.2496278928568716e-32
25.44,25.56109508,12.99499592,0.4461252695613233,0.2268054650872296,-0.019696980659792,-0.0062555072242212,-1.384160853679885,0.2387771578787368,-1.5821870157760043,1.4226415751708774,6.499999435860131,-5.248093622200151e-31,0.1624870643941756,5.190798614017307e-31
25.45,24.67381878,13.26611432,0.4306393767514104,0.2315373738299686,-0.0336465463134905,-0.0036900884705744,-1.3949565653691387,0.2565418753645454,-1.5297459231574784,1.4655040046475236,6.499999621065369,-1.8753086359967826e-29,0.1623323706909553,1.8649600917563922e-29
25.46,23.7575084,13.52004822,0.41464674365021,0.2359693564673986,-0.0476574241633978,-0.0009922118922889,-1.401087784991011,0.269787657828602,-1.4778614683656204,1.5056825840480446,6.49999970002064,-2.3129385842628447e-28,0.1616454714345735,2.3080551067360275e-28
25.47,22.87388328,13.82513319,0.39922457595288,0.2412940936922468,-0.061606794747668,0.001878949695093,-1.394937058427301,0.2871161587382581,-1.425786911662296,1.545844392078186,6.499999633540512,-5.2030749745659196e-27,0.160439097869779,5.201461369406535e-27
25.48,21.99571952,14.12219987,0.3838977269691868,0.2464788853562151,-0.0754159618092865,0.0048880930540898,-1.3809167061621233,0.3009143358997432,-1.3732508524506035,1.584510166414065,6.49999940815986,-5.469175471175501e-26,0.1587265570990749,5.468663103399677e-26
25.490000000000002,21.13884064,14.42671137,0.3689423692223854,0.2517936136414019,-0.0889923547496849,0.00802055436874,-1.3576392940391415,0.3132461314648566,-1.3195926383800545,1.6222681182622891,6.499998659884451,-4.1144794405476498e-25,0.1565048520726121,4.10905042395973e-25
25.5,20.30573736,14.72758663,0.3544019739772211,0.2570448775661959,-0.1022481455986213,0.0112484820960335,-1.3255790848939049,0.3227927727294109,-1.2643122178967343,1.6594203562750398,6.499995751617504,-1.8718886210097154e-24,0.1537685581811282,1.8645689135162025e-24
25.51,19.50394239,15.02169319,0.3404080118247919,0.2621780053899101,-0.1150939198243748,0.0145416179739586,-1.284577422575603,0.3293135877925826,-1.2067485358312466,1.69633086500983,6.499980587228336,-5.182576685313231e-24,0.1504977568049704,5.1419375990797695e-24
25.52,18.73897372,15.30595546,0.32705678985869,0.2671393179406032,-0.1274418661473057,0.0178676861136535,-1.2347946322924628,0.3326068139693142,-1.1462203651155156,1.7333657887309817,6.499868741936554,-8.724852671656418e-24,0.146659537663912,8.610200045714116e-24
25.53,18.0182164,15.57988213,0.3144772015168396,0.2719202402411272,-0.139203749560714,0.0211958539322136,-1.176188341341062,0.332816781856076,-1.0818731876958425,1.7708006315217284,6.49862610616146,-9.27090080751226e-24,0.1421720327949854,9.086681646277505e-24
25.54,17.34329618,15.84159977,0.3026976214895551,0.2764880747696764,-0.1502988078076063,0.0244950956626818,-1.1095058246894538,0.3299241730468923,-1.0130290924616776,1.808950600613925,6.47722408826392,-6.213044951379559e-24,0.1365544827670939,6.03820410987027e-24
25.55,16.72083276,16.10273659,0.2918335853373308,0.2810457720768642,-0.1606472495068222,0.0277508599431102,-1.034844169921787,0.3255764280429041,-0.9386668265855532,1.8473162017832212,5.911923566981495,-3.343156452676889e-24,0.1191263509676764,3.2165017187870142e-24
25.560000000000002,16.14936365,16.33930148,0.2818595677943892,0.2851746083019824,-0.1701809774699135,0.0309204617437427,-0.9533727963086472,0.3169601800630846,-0.8582332475950761,1.8876652778742389,1.0888873643549508,-9.246670621789406e-25,0.0207256102156439,8.787460323151888e-25
25.57,15.63690098,16.57349452,0.272915406909328,0.2892620479352372,-0.178830969580248,0.0339917106789112,-0.8649992110336263,0.3071248935169097,-0.7704871096503476,1.9284978580497565,0.0130991667510764,-2.045751425219305e-25,0.0002308867160583,1.916541450039328e-25
25.580000000000002,15.18559615,16.80435577,0.2650386516956747,0.2932913368630069,-0.1865352374521801,0.0369525352059419,-0.770426787193363,0.2960824527031266,-0.6746579159458796,1.9699194266574565,5.861365618685275e-05,-3.559265067464282e-26,9.220035298351454e-07,3.2800231880528755e-26
25.59,14.78917294,17.03971094,0.2581197614498498,0.2973990594910979,-0.193249447453545,0.0398017685219533,-0.6714210001361388,0.284923331600994,-0.5711266652619085,2.011093611691261,1.0636022306666005e-07,-5.743082467797249e-27,1.3936962728731515e-09,5.196149707557406e-27
25.6,14.46085294,17.28136457,0.252389496449702,0.3016167109839941,-0.19892090109146,0.0425410329450172,-0.5671453637916147,0.2739264423064432,-0.4585403548486912,2.0516837132247243,5.718865926026828e-11,-8.981838252754213e-28,6.007093089601393e-13,7.964339494636856e-28
25.61,14.19159344,17.52876367,0.2476900316324283,0.3059346398454647,-0.2035179568720401,0.045171655530967,-0.4597055780581004,0.2630622585950367,-0.3387252855382396,2.0916175902051752,7.588220430734366e-15,-1.3531658849527982e-28,7.592426010310476e-17,1.1739014823875495e-28
25.62,13.99188374,17.82157333,0.2442044398192582,0.3110451324941099,-0.2070036514111934,0.0477438119387225,-0.348569453915401,0.2572156407755965,-0.2117288305617502,2.1251969911850006,1.6115127638667253e-19,-4.9609110654405687e-29,9.56390616305664e-22,4.218281678082009e-29
25.63,13.86772882,18.13422496,0.242037527682708,0.316501932849337,-0.2093420440585837,0.0502731603767522,-0.2338392647389078,0.2529348438028444,-0.078867772915853,2.1560236927348617,4.460242405620161e-25,-2.4211060380706958e-29,1.427304342922564e-27,2.0183486801161645e-29
25.64,13.8115638,18.49028776,0.2410572631592596,0.3227164010532071,-0.2105157204360177,0.0528032052413628,-0.1173676377434246,0.2530044864611097,0.0558068009085852,2.1805840018991294,8.23810563608594e-31,-2.705423790999792e-29,-3.981871492535766e-32,2.2179230190399664e-29
25.650000000000002,13.83180085,18.91300241,0.2414104663126503,0.3300941634921225,-0.2105040798399153,0.0554027243582926,0.0011640596102426,0.2599519116930283,0.1903247241108292,2.195884622307033,9.46828311527109e-34,-1.0961395132315952e-28,-1.7965127176852466e-34,8.888943215592112e-29
25.66,13.92041746,19.39844822,0.242957117929106,0.3385667912166333,-0.2093047301344247,0.0581304731725461,0.1199349705490809,0.2727748814254105,0.3204061494233291,2.203918204721952,8.603145186127206e-31,-1.2171663465952365e-27,-2.697754401019424e-31,9.812744640700443e-28
25.67,14.0819532,19.94206012,0.2457764484517515,0.3480546087246555,-0.206916090434779,0.0610348019462306,0.2388639699644506,0.2904328773682982,0.4443154510615775,2.206915511105803,6.292429704196043e-25,-2.719036076491489e-26,-2.7066001509664674e-25,2.1872348491852067e-26
25.68,14.30716751,20.57538537,0.2497071796838587,0.3591082195731717,-0.2033549872202146,0.0641982498506641,0.3561103214565084,0.3163447904434108,0.5593951707459913,2.202227391347165,2.8607848087189053e-19,-1.8160648812958515e-24,-1.5190450875584554e-19,1.4659220398000851e-24
25.69,14.58735049,21.28214124,0.2545972951929082,0.3714434365124687,-0.1986545368841956,0.0676763054527504,0.470045033601992,0.3478055602086983,0.6643952711650111,2.1945351963849924,1.6002443270521634e-14,-1.919670302060408e-22,-9.865966956572496e-15,1.5582388074121655e-22
25.7,14.90775508,22.05982935,0.2601894102269106,0.3850166545855806,-0.1928704995550305,0.0715158510707934,0.5784037329162173,0.3839545618041068,0.758604581156321,2.185746167206569,1.1726950585481138e-10,-2.495716926044436e-20,-8.065397625672055e-11,2.0385851744649147e-20
25.71,15.25620599,22.9050898,0.266271025887981,0.3997692324749695,-0.1860760230360134,0.0757544673959055,0.6794476519018398,0.4238616325112975,0.8425001022316289,2.1773392128169258,1.6067127837950734e-07,-3.277220613987166e-18,-1.198955789090907e-07,2.6927723311622313e-18
25.72,15.60453572,23.79693756,0.2723505265590639,0.4153349123135056,-0.1783804332641976,0.0803993548384158,0.7695589771817312,0.4644887442511244,0.9158941878125292,2.171922570171847,4.9343638956065424e-05,-3.035228862853285e-16,-3.913417860374263e-05,2.50328836072303e-16
25.73,15.95022194,24.73302727,0.2783838892768374,0.4316727598470445,-0.1698931635272598,0.0854521877625532,0.8487269736939524,0.5052832924138321,0.9808777059909836,2.1693973062599885,0.0047594449742522,-1.9761983786647843e-14,-0.0039553002867481,1.6326810164330078e-14
25.740000000000002,16.25686221,25.68415521,0.2837357716075419,0.4482730740077556,-0.1607665049922401,0.0908766792461074,0.912665853501498,0.542449148355148,1.0372434550056533,2.1717787067226637,0.1414873101882253,-6.782568092315214e-13,-0.1218359532197188,5.594438629376555e-13
25.75,16.50793758,26.63285423,0.2881178634847048,0.4648309955171991,-0.1511661865773456,0.0966157633605566,0.9600318414896442,0.5739084114450334,1.0861740142620635,2.179407661220942,1.258017354455616,-1.1441122410878312e-11,-1.1133210755136846,9.387217449934852e-12
25.76,16.68975487,27.56408282,0.2912911738322582,0.4810840005014035,-0.1412658736610507,0.1025963088953771,0.9900312916296864,0.598054553482166,1.1287266951141042,2.192341215572817,3.2547936857920376,-9.222909324666596e-11,-2.9423647973429152,7.498261714243568e-11
25.77,16.77390231,28.44524614,0.2927598237173826,0.4964632016832078,-0.1312644807103417,0.1087091813681059,1.000139295070392,0.6112872472725651,1.1650129480987568,2.2120469881306644,3.944286189795853,-2.905595857379e-10,-3.6245497287002775,2.3284014347178523e-10
25.78,16.78538872,29.29867035,0.2929602993911165,0.5113582640639394,-0.121314892722318,0.114879414003559,0.9949587988025664,0.6170232635454401,1.197211365262926,2.2357701270186303,3.438673101375727,-4.988568972688212e-10,-3.201970071849156,3.9255482849509745e-10
25.79,16.72818918,30.11227131,0.2919619790874904,0.5255582796133261,-0.1115534401925762,0.1210221616915827,0.9761452529743684,0.6142747688024892,1.226118755614184,2.2639382194193245,1.9018699040158809,-4.4106953359150534e-10,-1.790261538693443,3.392646373791994e-10
25.8,16.56431401,30.8484926,0.2891018178087249,0.5384077651471061,-0.1021540904315506,0.1270127177794213,0.939934976102753,0.5990556087839811,1.2506589129679953,2.2991618058758347,0.371322076109385,-1.4577759821303422e-10,-0.352501826136919,1.0877493737217995e-10
25.810000000000002,16.3335547,31.52973363,0.2850743080695946,0.5502976641202836,-0.0932252240515652,0.1327631695993381,0.8928866379980844,0.5750451819913793,1.2726010411596185,2.339220824311395,0.0294088424186448,-2.3006172674721843e-11,-0.0281143348017621,1.6538684160245705e-11
25.82,16.03471672,32.14690205,0.2798586013885856,0.5610692850886149,-0.0848663112277264,0.1381817994478592,0.8358912823840434,0.5418629848522173,1.2919146971206643,2.384829034075938,0.0010756605007971,-1.5539867809343057e-12,-0.0010342141400164,1.0667008655921712e-12
25.830000000000002,15.69106957,32.71022118,0.2738608271559908,0.5709010586465847,-0.0771367115989025,0.1431974009608633,0.7729599628825493,0.5015601513005173,1.3093723994736128,2.4350518208608203,2.129872679797313e-05,-4.7846832433293504e-14,-2.057710841358164e-05,3.105667305660631e-14
25.84,15.30647491,33.20993135,0.2671483840534027,0.5796226464187854,-0.0700831154342207,0.1477337977880502,0.7053596164678141,0.4536396827184552,1.3249258617205653,2.490948615497199,2.1882720511410747e-07,-5.532213395628124e-16,-2.1226543953714801e-07,3.350743466199124e-16
25.85,14.89808306,33.6517149,0.2600206016325919,0.5873332239474344,-0.0637231854791394,0.1517294306594404,0.6359929955082585,0.3995632871391004,1.338982069130159,2.552085917581944,1.2416052097031422e-09,-2.263346373644861e-18,-1.2084938476577895e-09,1.2587593804092926e-18
25.86,14.48530365,34.04434276,0.2528162418436523,0.5941858728394936,-0.0580446681778501,0.1551404106471927,0.567851730129036,0.3410979987752955,1.3520831697076436,2.617604869718867,4.3402607473446016e-12,-3.1503483677354133e-21,-4.237184162282871e-12,1.5775545229629516e-21
25.87,14.07412719,34.38041494,0.2456398588099575,0.6000514389048488,-0.0530248093175216,0.1579197607147986,0.5019858860329566,0.2779350067606487,1.3642773695837846,2.6884553497695656,9.288833283525887e-15,-1.1162294165177906e-24,-9.092074465113203e-15,4.8905849800638655e-25
25.88,13.66451108,34.66768455,0.2384907090212462,0.6050652394402687,-0.0486389582598187,0.16003636696057,0.4385851057700643,0.2116606245770313,1.375325140179206,2.7636801771844954,1.1176987446038004e-17,-1.0093890361847282e-28,-1.096481977025314e-17,3.71954811926621e-29
25.89,13.27491033,34.89854083,0.231690893165507,0.6090944416251747,-0.0448371565773244,0.1614552729035879,0.3801801682495082,0.1418905943018166,1.3858831273311631,2.844205628209556,9.16982786390697e-21,-2.6861980927151118e-33,-9.014013122868856e-21,7.828405932486672e-34
25.900000000000002,12.90452445,35.07356,0.2252264400566103,0.6121491023957824,-0.0415709190425104,0.1621481205489013,0.3266237534814626,0.0692847645313548,1.3958165948683692,2.9297679027631696,4.895182809797207e-24,-1.3466867172978194e-37,-4.820681330501818e-24,2.8252231519673436e-38
25.91,12.55464018,35.19065666,0.2191198075441735,0.6141928246558708,-0.0387907252365183,0.1620895861514808,0.2780193805992645,-0.0058534397420496,1.405086160133931,3.020320536946433,1.6826717336415778e-27,-2.064519205682112e-39,-1.6596989132053673e-27,2.538597454670481e-40
25.92,12.22614584,35.24515207,0.2133864997370078,0.6151439489875951,-0.0364468843486233,0.1612541356969956,0.2343840887893794,-0.0835450454484787,1.4136482064384588,3.1160225426723107,3.7045189005762582e-31,-5.889235095830266e-37,-3.6590252434172722e-31,1.0428523177655507e-38
25.93,11.92005498,35.24490647,0.2080442064197468,0.615139662458952,-0.0344896676205061,0.1596314706569534,0.1957216728117641,-0.1622665040042537,1.4214959672245238,2.703832424372228,5.331894081900095e-35,-4.7184916907376085e-32,-5.272781909687228e-35,2.0014108770954687e-32
25.94,11.6376624,35.17787849,0.2031155261155453,0.6139698035169912,-0.0328692313827795,0.1572012385974638,0.16204362377269,-0.2430232059490123,1.4286957689889668,2.782828220739347,5.3987012758332026e-39,-7.770541848521774e-27,-5.344473945044868e-39,2.7221431124034387e-27
25.95,11.37893924,35.05539398,0.1985999551223812,0.6118320455347992,-0.0315375991172978,0.1539623503534992,0.1331632265480975,-0.3238888243962853,1.4352992122730177,2.8680737800934577,4.2136294453117655e-43,-3.504650408543052e-22,-4.175142859692756e-43,9.409259744738768e-23
25.96,11.14543267,34.86996784,0.1945244966508426,0.6085957488725353,-0.0304467764611061,0.1499086970032413,0.1090822656191979,-0.4053653350258758,1.4415558472401542,2.96088824446502,3.274532238179398e-47,-3.9533690873426816e-18,-3.247318416533156e-47,7.147796250076859e-19
25.97,10.94048999,34.62919777,0.1909475721069815,0.604393518410778,-0.0295467183083823,0.1450479343036756,0.0900058152723952,-0.4860762699566668,1.4479959698298066,3.060177841025671,4.34142144653077e-51,-1.1865597566068688e-14,-4.308843515257972e-51,9.27543486893702e-16
25.98,10.76413751,34.33215023,0.187869640686924,0.5992090608028285,-0.0287900061704553,0.1393900823443856,0.0756712137927139,-0.5657851959291098,1.4550284161458418,-3.1173893167796245,1.6874304223096122e-54,-1.2169321422139031e-11,-1.6761754265352308e-54,-8.935510610237787e-14
25.990000000000002,10.62198434,33.98259464,0.1853885998282768,0.5931081648385772,-0.0281247793020417,0.1329530516975735,0.0665226868413231,-0.6437030646808877,1.4635550224941,-3.0067336184309643,5.583636877104854e-57,-5.020705404865533e-09,-5.551674290383904e-57,5.156287209384597e-12
26.0,10.52330881,33.58573152,0.1836663869386263,0.5861815967148398,-0.0274906598456971,0.1257637526400818,0.0634119456344705,-0.7189299057493063,1.4747436268573102,-2.8929486338390937,6.185364981590597e-58,-9.429885879024524e-07,-6.1569561222807394e-58,-7.842967719199582e-09
26.01,10.45456619,33.14675188,0.182466601883179,0.5785199566476203,-0.0268488897098739,0.1178573253525142,0.0641770135823324,-0.7906427287569203,1.48783586514728,-2.7781376457020768,8.571212499034467e-58,-8.92350445850365e-05,-8.541841098824451e-58,-8.909314602234902e-07
26.02,10.36111504,32.64851143,0.1808355716259039,0.5698240203285022,-0.0262334690183006,0.1092491696763932,0.0615420691573079,-0.8608155676116622,1.4992950378043466,-2.660691353367159,1.2140773286238026e-58,-0.0053894615234168,-1.2109865524577405e-58,-5.8770346978662966e-05
26.03,10.25332806,31.99630584,0.1789543339341227,0.55844088538309,-0.0256625140262864,0.0998417309850027,0.0570954992014249,-0.9407438691392376,1.5096407460184218,-2.527941261134397,4.3732128679780304e-60,-0.3817736280548283,-4.3650675574474286e-60,-0.0054366022425287
26.04,10.17419318,31.30543714,0.177573169724952,0.546382951869117,-0.0250976613106813,0.0896888643641641,0.0564852715605216,-1.0152866620840522,1.521163254001726,-2.402116911102357,2.321974122162994e-60,-4.691017190768063,-2.3191252497072006e-60,-0.0800380566656702
26.05,10.14782967,30.62161099,0.1771130396730696,0.5344479340403804,-0.0244725562742973,0.0789001377179397,0.0625105036384173,-1.078872664622662,1.535083185194221,-2.289280883488833,1.4415285116535845e-58,-6.374675780171209,-1.4406127373935742e-58,-0.1207740785126257
26.060000000000002,10.07185637,29.81249293,0.1757870554444642,0.5203261598560314,-0.0238568521280574,0.0674194399939389,0.061570414623954,-1.1480697723994886,1.5474204646402192,-2.1735852013421653,6.313036846373443e-59,-6.494019713720826,-6.311318524054669e-59,-0.1333080746802794
26.07,10.05339472,29.02814998,0.1754648388666134,0.5066367929137261,-0.0231782468123323,0.0553809752593549,0.067860531572525,-1.2038464734586454,1.561447686836039,-2.0719884231542918,3.906721303426742e-57,-6.49942274687404,-3.906551223074148e-57,-0.1412980615500681
26.080000000000002,10.08239624,28.26752909,0.1759710108786964,0.4933614540237765,-0.0223829671661824,0.0429111428059881,0.079527964615003,-1.2469832453369214,1.5768509448447112,-1.980674139082017,4.6407088291467215e-54,-6.4998983690108,-4.6406240860757375e-54,-0.1476256633805112
26.09,10.10056493,27.45958208,0.1762881143399706,0.4792601185176329,-0.0214962869842319,0.0300431908449319,0.0886680181950029,-1.2867951961049626,1.5927090801544943,-1.8926080987132747,6.62759190344513e-52,-6.499978545238961,-6.626006708473322e-52,-0.1529367189659743
26.1,10.0966721,26.60066218,0.1762201716392501,0.4642691382517325,-0.0205564767383311,0.0168056915337432,0.0939810245901041,-1.323749931119132,1.608939757507841,-1.8076871503964749,9.382659380169195e-51,-6.499994741454062,-9.375860002980303e-51,-0.1571413996372302
26.11,10.14539519,25.79103156,0.1770705499814956,0.4501384182077694,-0.0195040056922939,0.0033493004533151,0.105247104603741,-1.3456391080430825,1.6252361236605044,-1.72903050610242,1.9499642124462003e-48,-6.499997675037695,-1.9470860330095304e-48,-0.1600534298977587
26.12,10.20396724,24.98545772,0.1780928251036384,0.4360785023318355,-0.018338940655165,-0.010239749095938,0.1165065037129094,-1.3589049549255856,1.6420393890208236,-1.6528404114029098,2.489749932612605e-46,-6.499998578186344,-2.4834572553157197e-46,-0.1618330107929571
26.13,10.30077147,24.20668319,0.1797823776469963,0.4224863226526641,-0.0170257791689193,-0.0238527733097047,0.1313161486245042,-1.361302421375974,1.6587696909963652,-1.5781422873539577,8.12492854175668e-44,-6.4999987062526,-8.093621923562605e-44,-0.1624945931863862
26.14,10.40069606,23.43893807,0.1815263907462017,0.4090866424925451,-0.0155772596304455,-0.0374076480655152,0.1448519538474066,-1.3554874755813164,1.676277480314053,-1.503440803683866,9.637682157915084e-42,-6.49999841557415,-9.584307606645928e-42,-0.1620496819753992
26.150000000000002,10.5492551,22.71084264,0.1841192351278036,0.3963789799703212,-0.0139479089918181,-0.0507933008093261,0.1629350638627704,-1.3385652743813596,1.6931037093746686,-1.4273817886613998,3.111103250112971e-39,-6.499997080468733,-3.087944467619547e-39,-0.1604834161932485
26.16,10.73189966,22.02389348,0.18730698406066,0.3843894553345119,-0.0121151743974374,-0.0639053154127153,0.1832734594381146,-1.3112014603391828,1.7098782121300689,-1.3483434986734069,1.0356982133930532e-36,-6.499991989092615,-1.0257318326745083e-36,-0.1577516491903856
26.17,10.91050788,21.33705018,0.1904242855707864,0.3724017783042487,-0.0101079127104929,-0.0766977760598651,0.2007261686943455,-1.279246064714327,1.7280767120601137,-1.2664604809559146,9.345668345662361e-35,-6.499973316144098,-9.23070513510375e-35,-0.1538821476796222
26.18,11.15348876,20.71892285,0.1946651019461796,0.3616134211991872,-0.0078666441938425,-0.089045904879007,0.2241268516650782,-1.2348128819144295,1.7446196657978534,-1.1777773938236564,2.243754433455581e-32,-6.499849848086207,-2.210054870298763e-32,-0.1487057282823592
26.19,11.41194258,20.11664915,0.1991759720695363,0.3511017621360187,-0.0053999062286256,-0.1009000816039698,0.2466737965217477,-1.1854176724965233,1.7620228554176254,-1.0837122345739694,2.656231819066972e-30,-6.49890126812171,-2.6079702614377713e-30,-0.1423105539625429
26.2,11.6964724,19.55708968,0.2041419542486432,0.3413356070238042,-0.0027033693288767,-0.1121837850418613,0.2696536899747476,-1.128370343788572,1.779655060985591,-0.9815863533830472,2.2611164379378144e-28,-6.487901601165633,-2.2121327297308126e-28,-0.1342872013650363
26.21,12.00248358,19.03577781,0.2094828568875562,0.3322369984625755,0.000219824485254,-0.1228339898395645,0.292319381413137,-1.0650204797705325,1.7977253892552494,-0.8708628992043058,1.2758512567631799e-26,-6.30574831933354,-1.2432403899277684e-26,-0.1211851315795408
26.22,12.3219328,18.54883419,0.2150582975694839,0.3237382290219954,0.0033552324512884,-0.1327998228562182,0.3135407966034987,-0.99658330166556,1.8165899516587891,-0.7517177141127867,4.254607207840057e-25,-3.684349085118493,-4.127107691888768e-25,-0.0637009672994506
26.23,12.65088703,18.09817076,0.2207996319713466,0.3158726683501644,0.0066832546681539,-0.1420349197695387,0.3328022216866239,-0.9235096913322338,1.8363469907103775,-0.6244671662279858,8.445042549578468e-24,-0.2110955823610457,-8.149858632276701e-24,-0.0030653952272344
26.240000000000002,12.97847033,17.67956346,0.226517039130895,0.3085665926922808,0.0101707741851467,-0.1505048098168862,0.3487519516990943,-0.8469890047343245,1.8574922447619788,-0.4912738895842561,8.871069105741043e-23,-0.0035001744533877,-8.509947707472768e-23,-3.891328186790261e-05
26.25,13.30225765,17.29776493,0.2321681939411034,0.3019029512645064,0.0137830914629997,-0.1581753340794718,0.3612317277853795,-0.7670524262587047,1.8800126365777212,-0.3538212155013938,5.223999750235992e-22,-3.208546499041796e-05,-4.976858960852753e-22,-3.208289134186547e-07
26.26,13.61484863,16.94513837,0.2376239357541392,0.2957484567625251,0.0174778917990198,-0.1650278716815964,0.369480033602082,-0.6852537602125983,1.9042527137065124,-0.2166303961146123,1.6471385678848788e-21,-1.6504566936937968e-07,-1.556620093885867e-21,-1.0451944167862334e-09
26.27,13.91479764,16.62586547,0.2428590335667366,0.2901760934451345,0.0212136153835296,-0.1710439684265332,0.373572358450789,-0.60160967449337,1.930200014889824,-0.0822132284821964,2.9282268397298687e-21,-4.193856975300364e-10,-2.741531784059968e-21,-1.100427055186153e-12
26.28,14.20243276,16.34038956,0.2478792134551056,0.2851935988805075,0.0249518849781382,-0.1762099683568172,0.3738269594609275,-0.5165999930285105,1.95776063754724,0.0466213595505613,3.1239809087420347e-21,-4.630261169654649e-13,-2.89343297643849e-21,1.771300647947806e-14
26.29,14.48520585,16.09139289,0.2528145349116438,0.2808477871625057,0.0286665487821769,-0.180514025904365,0.3714663804039442,-0.4304057547548641,1.9863120882201857,0.1682054380085502,2.3624212547117517e-21,-1.8453396409252783e-16,-2.1617377611357375e-21,3.1209429338051645e-17
26.3,14.77046029,15.88602003,0.2577931640955765,0.2772633545612683,0.0323427866033678,-0.1839406142531123,0.3676237821191724,-0.3426588348747943,2.015210316079065,0.2823490928110434,1.4682736852115157e-21,-2.019493353327427e-20,-1.3258567477384933e-21,5.59326705508065e-21
26.310000000000002,15.07347099,15.72765529,0.2630816984793492,0.2744993684292036,0.0359864527386053,-0.1864754390695662,0.364366613523562,-0.2534824816452626,2.043064417470595,0.3886983778349549,9.890906900483049e-22,-5.0897268753751e-25,-8.809563969445158e-22,1.927320424082208e-25
26.32,15.40587203,15.62026495,0.2688831910644026,0.2726250534113674,0.0396178928856735,-0.1881047211746279,0.3631440147068844,-0.1629282105062071,2.0687764995913227,0.4874282895013091,8.816997513564218e-22,-4.0762697744958056e-30,-7.747257596888434e-22,1.9109516146800624e-30
26.330000000000002,15.79180623,15.56985676,0.2756190135504529,0.2717452645258965,0.0432866857798618,-0.1888127524561138,0.3668792894189061,-0.0708031281486001,2.090110129463674,0.5792239366498185,1.5458712564850879e-21,-1.1040510023329002e-34,-1.3422371268297485e-21,6.045941752970674e-35
26.34,16.23998139,15.57724574,0.2834411457181053,0.2718742265552605,0.0470495897156788,-0.188588430925412,0.3762903935815135,0.02243215307017,2.106612413711757,0.6642386926616725,5.7213549662768536e-21,-5.5106779063843776e-36,-4.9201013426395156e-21,3.396814145253793e-36
26.35,16.76286253,15.6389151,0.2925671432076867,0.2729505599348583,0.0509744858711598,-0.1874302686290186,0.3924896155481718,0.1158162296393658,2.117783326018809,0.7424481062467696,4.852108564164446e-20,-9.251060961073267e-33,-4.1446177144387175e-20,6.253267472529611e-33
26.36,17.36804352,15.75589369,0.3031295440536656,0.2749922214846987,0.0551329964605491,-0.1853402062338578,0.4158510589390167,0.2090062395161212,2.12398262377741,0.8145432284812932,8.891749397680688e-19,-1.3185408787133503e-27,-7.566375904535124e-19,9.589678247243579e-28
26.37,18.06044811,15.91512902,0.315214283905087,0.2777714022786984,0.0595964244092948,-0.1823404928608164,0.4463427948746594,0.2999713373041987,2.1260689764011205,0.8801776195847308,3.077513381392964e-17,-1.20475908902053e-22,-2.6154055683791637e-17,9.286269139939917e-23
26.38,18.83249623,16.10593001,0.3286890655829193,0.2811015077702632,0.0644194848724098,-0.178469290655148,0.4823060463112451,0.3871202205666436,2.126005819990222,0.939629154794942,1.4826341626417672e-15,-1.9841952350339927e-18,-1.2600568394297626e-15,1.6019459571080969e-18
26.39,19.648617,16.28324021,0.3429330601133307,0.2841961545576328,0.0696056188597725,-0.1738211606854354,0.518613398736376,0.4648129969713458,2.127490425165401,0.9913531720184944,5.6097017526097866e-14,-3.962571075561312e-15,-4.76315520661106e-14,3.316013893587388e-15
26.400000000000002,20.53810167,16.4761317,0.3584574962508459,0.2875627461572106,0.0751932093318563,-0.1684525310538996,0.5587590472084973,0.536862963153685,2.128283120464851,1.038617724056121,2.3388627765199468e-12,-2.116512506661006e-12,-1.9849288935851217e-12,1.824026911647645e-12
26.41,21.49760768,16.69245215,0.3752040353180195,0.2913382502491064,0.0812113119839729,-0.1624098917482888,0.6018102652117736,0.6042639305612005,2.129153210859476,1.0826424838347175,9.590221272549195e-11,-4.2809161236805e-10,-8.134534097022057e-11,3.7814551580966166e-10
26.42,22.44420906,16.8373015,0.3917253461029415,0.29386634832598,0.0875789550444904,-0.1558551762598701,0.6367643060514214,0.6554715488415358,2.1358888066069786,1.1199188558195978,1.6417778447282936e-09,-1.728725713672967e-08,-1.3866751313281243e-09,1.5562074535531328e-08
26.43,23.38493604,16.92908532,0.4081441292662844,0.2954682781850378,0.0942279907655708,-0.1489191561635422,0.6649035721081724,0.6936020096329341,2.146834466595214,1.1526430897375066,1.4680514423745184e-08,-2.278966668251148e-07,-1.2312497657609566e-08,2.0829388607528665e-07
26.44,24.29584893,16.94907422,0.4240425583956413,0.2958171503038897,0.1010631294803287,-0.1417481211595745,0.6835138714759298,0.7171035003969051,2.162773288063304,1.1809899299107527,6.096586204492793e-08,-1.0189466308004955e-06,-5.0595175619991454e-08,9.426526731874008e-07
26.45,25.16403635,16.89675304,0.4391952873990362,0.2949039734443611,0.1079784501640391,-0.1344799387435744,0.6915320683706858,0.7268182415996417,2.183768925278738,1.205663158416163,1.161625818575466e-07,-1.7769662439803171e-06,-9.50180503837015e-08,1.6600664918536664e-06
26.46,25.97330418,16.76758443,0.4533196755630059,0.2926495559096366,0.1148545710786817,-0.1272488604412998,0.687612091464398,0.7231078302276007,2.2102929063445664,1.22699182662367,9.5249759347651e-08,-1.2711227856581505e-06,-7.642847966423325e-08,1.1969030466106538e-06
26.47,26.71002466,16.54351045,0.4661778736058789,0.2887387271905887,0.1215635461800713,-0.1202015592193352,0.6708975101390959,0.7047301221966007,2.2428602233616264,1.244681063437758,3.136621543727352e-08,-3.352824372598653e-07,-2.454425294271568e-08,3.1765318567667546e-07
26.48,27.37442014,16.24507685,0.4777737622672471,0.283530078272009,0.1279878106351053,-0.1134486170210791,0.6424264455035273,0.6752942198257461,2.281253337526929,1.2595412773627177,4.233401142736746e-09,-3.888249487933701e-08,-3.2088721292925183e-09,3.7018846616638185e-08
26.490000000000002,27.96095532,15.89031782,0.4880107323370247,0.2773383651473276,0.1340127536149216,-0.1070695516659772,0.6024942979813207,0.6379065355098619,2.325926574861001,1.2721367951603553,2.1620390271992936e-10,-2.2511808243533813e-09,-1.5741063291488722e-10,2.151782366136269e-09
26.5,28.47203264,15.46843692,0.4969307143032933,0.2699751543910507,0.1395372372154367,-0.1011496413398836,0.5524483600516178,0.5919910326094803,2.3769038557713764,1.2819913829821286,3.971565537111713e-12,-5.5094003790566475e-11,-2.7489980997206866e-12,5.281832938096352e-11
26.51,28.90631747,15.00642224,0.5045104144782572,0.2619114770325026,0.1444684243709475,-0.095733155615959,0.4931187155511755,0.5416485723925677,2.434665189757547,1.2897638864399508,2.262252333011683e-14,-6.804104646677029e-13,-1.4690589090566722e-14,6.537898598696034e-13
26.52,29.26323503,14.50544979,0.5107398010584416,0.25316785831822,0.1487226569208206,-0.0908573660244584,0.4254232549870939,0.4875789591498067,2.499745434803495,1.2952398924219422,3.20510187681432e-17,-3.8527846917751005e-15,-1.9188337680576104e-17,3.707832644291008e-15
26.53,29.58017185,14.01618883,0.5162713920882422,0.2446286436647518,0.1522735367969565,-0.0864926559327055,0.3550879876136599,0.4364710091753856,2.5686446364707667,1.299960719435849,1.4540159955440892e-20,-1.6938726662785572e-17,-7.886234034598204e-21,1.63229819981116e-17
26.54,29.79584772,13.47603485,0.5200356461368455,0.2352011782460001,0.1550223979348561,-0.0826850503835801,0.2748861137900202,0.3807605549126078,2.6485075677086702,1.3014713235805064,5.871885265788225e-25,-2.2172278733015594e-20,-2.7820589390739903e-25,2.1375207193062963e-20
26.55,29.90287833,12.89811291,0.5219036826817635,0.225114537573487,0.1568726802680359,-0.079458623271265,0.185028233318011,0.3226427112315775,2.7410991290034614,1.2997059430626987,1.136468762815256e-30,-7.732492031724952e-24,-4.429161210073018e-31,7.450879610236746e-24
26.560000000000002,29.95601118,12.32413523,0.5228310258552318,0.2150967372245286,0.1578093358666982,-0.0767821390852236,0.0936655598661843,0.267648418604,2.8396294736555943,1.2958978572396087,9.914159131666356e-37,-1.1215592031459898e-27,-2.932954241337553e-37,1.0795633344955083e-27
26.57,29.97282445,11.79957607,0.5231244727747585,0.2059414527610329,0.1578456887232747,-0.0745684935990547,0.0036352856576473,0.2213645486169337,2.940970687541585,1.2920701379973605,5.37411434326336e-40,-1.7191524132121238e-31,-1.0711364102011332e-40,1.6529850256985226e-31
26.580000000000002,29.90079456,11.25035618,0.5218673140344092,0.1963557573630918,0.1569321380612845,-0.0728244013609991,-0.0913550661990351,0.1744092238056008,3.05204292273804,1.2848434091846477,5.848185586412748e-37,-4.328113384253896e-36,-5.131731967522939e-38,4.152832261442097e-36
26.59,29.74662022,10.69817394,0.51917646417932,0.1867183592040543,0.155036351833934,-0.0715273718234972,-0.1895786227349568,0.1297029537501231,2.741440393255384,1.274876689605292,1.829825022142922e-30,-2.204674698150004e-41,-7.1255419856483665e-31,2.109096398871524e-41
26.6,29.53512435,10.16928877,0.5154851648934501,0.1774875716225843,0.1521652382517989,-0.0706223230982017,-0.2871113582135642,0.090504872529562,2.841940785972821,1.2635752876023842,2.5304300672464302e-24,-6.451814976366155e-47,-7.429606328099188e-25,6.150487537911706e-47
26.61,29.30482315,9.70854728,0.5114656506821561,0.1694461156215398,0.1483794631173633,-0.0700015553061095,-0.378577513443629,0.0620767792092384,2.9442993553632144,1.2542938615357124,1.8715044852686628e-19,-2.3321674196834571e-51,-3.672174145882007e-20,2.216612608343097e-51
26.62,28.98232822,9.22368212,0.5058370523326675,0.1609836221513307,0.1436468955418129,-0.069675607041656,-0.473256757555143,0.0325948264453502,3.059464488107834,1.241589324409076,3.346634427660844e-15,-1.3051481208921235e-55,-2.644307208144733e-16,1.2352258929205869e-55
26.63,28.65799515,8.83056578,0.5001763723880662,0.1541224476749412,0.1380577917118874,-0.0695120095549431,-0.5589103829922559,0.0163597486712837,-3.111535972352535,1.2339663629985376,6.65367509266283e-12,-3.171267031057253e-57,5.2853912963614434e-14,2.9934750092011376e-57
26.64,28.29939981,8.48388839,0.4939177030227577,0.1480717857772207,0.131659249414822,-0.0694418081218125,-0.6398542297066708,0.0070201433130634,-2.9980739748153526,1.2292279247792872,3.6913937104485364e-09,-1.0100972487223332e-57,-2.2078760791593164e-12,9.518767971969636e-58
26.650000000000002,27.93520749,8.22469232,0.4875613479282809,0.1435479609474911,0.1245357912313584,-0.0693505576797224,-0.7123458183465063,0.0091250442090105,-2.8895701242467258,1.231069925517229,5.947422754137412e-07,-1.126613960402067e-57,5.037923853454541e-09,1.0623703144338311e-57
26.66,27.53812205,8.01654078,0.4806308995885505,0.1399150312313944,0.1167350271238473,-0.0691761928169669,-0.7800764107512637,0.0174364862755509,-2.7818632056036563,1.2369223939911589,4.5732284765059774e-05,-3.016673443803134e-57,4.568856483069344e-07,2.85048011424532e-57
26.67,27.11502877,7.87205948,0.4732465288094882,0.1373933568388327,0.1083135597951258,-0.068846080755713,-0.8421467328717174,0.0330112061253771,-2.676847506365442,1.2475214599043656,0.0018210174390487,-8.989552021801101e-56,1.931448142038717e-05,8.525014804204052e-56
26.68,26.69583901,7.83273827,0.4659302873068434,0.1367070722584646,0.0993653044480236,-0.0682430797401104,-0.8948255347103935,0.0603001015602714,-2.57976851758604,1.2651093745366802,0.0339328526206957,-6.039392457055939e-52,0.0004361820644288,5.7601179808831814e-52
26.69,26.25087337,7.84761983,0.4581641718305996,0.1369668044782976,0.089942502458465,-0.0673214818609449,-0.942280198956054,0.0921597879165697,-2.485151667138029,1.2853561897177377,0.3920768225739953,-4.817966958974964e-47,0.0060031977733372,4.623542701510465e-47
26.7,25.78418458,7.91007694,0.4500189158629513,0.1380568866890779,0.0801013706648017,-0.066048417473628,-0.9841131793658214,0.1273064387316253,-2.393468832425041,1.307294302916888,2.250515793410328,-4.3996000310620206e-42,0.0387617197862781,4.2481704652335513e-42
26.71,24.92365785,7.59500677,0.434999891123031,0.1325578748477597,0.0694233151561902,-0.064911022851467,-1.0678055508613602,0.113739462216116,-2.2558464283907567,1.3092841527181245,6.287161976407098,-4.67286968086439e-44,0.1221645994420082,4.514442628121032e-44
26.72,24.31340374,7.60111705,0.4243489476297033,0.1326645193519784,0.0583436754671621,-0.0635137610443233,-1.1079639689030332,0.1397261807144029,-2.1625833002541137,1.3272593038270823,6.464176625862874,-1.3064681851039824e-40,0.133588604252132,1.2680293104273971e-40
26.73,23.68553999,7.57885208,0.4133906579382848,0.1322759223176207,0.046927795401877,-0.0619142251222193,-1.1415880065287414,0.1599535922104287,-2.0733842848432764,1.343498358368319,6.491709939773103,-3.3762527102615116e-38,0.1410282807883084,3.2896756232984713e-38
26.740000000000002,23.07224023,7.53961362,0.4026865578245937,0.1315910819972086,0.035279065762071,-0.0601531641586055,-1.1648729639800035,0.1761060963612893,-1.9900306302857484,1.358742157391439,6.496918054174931,-1.994240535475309e-36,0.1469460778212656,1.9497104588189304e-36
26.75,22.52904358,7.52786797,0.3932059877962905,0.1313860817319217,0.023565292838542,-0.0582153555457938,-1.1713772923531334,0.1937808612812151,-1.914438467084916,1.374831676580904,6.497636682297956,-1.3080445245811527e-34,0.1516476229758502,1.283089324436726e-34
26.76,22.06919622,7.5351887,0.3851801373076868,0.1315138525740712,0.0119593393914699,-0.0560977577574807,-1.1605953447074355,0.2117597788313487,-1.843912148442001,1.3913608559252957,6.496220218216655,-6.942127615220889e-33,0.155381084378165,6.831035926770815e-33
26.77,21.67183191,7.5098781,0.3782448217682714,0.1310720992684159,0.0005944628696835,-0.0538611480912163,-1.136487652178061,0.2236609666263219,-1.773863947664511,1.406622931048948,6.489186874727629,-8.025767419312106e-32,0.1582554889885551,7.918214014714568e-32
26.78,21.63794033,8.42501617,0.3776533021085683,0.1470442717002623,-0.0100244848557176,-0.0503827874453405,-1.061894772540334,0.3478360645876517,-1.7137611701814703,1.4460597255557783,6.193187835517044,-1.2796159384526324e-22,0.152920211215092,1.2697088682736857e-22
26.79,25.63895446,11.73793245,0.4474841720958848,0.2048655686291847,-0.0147677924045636,-0.0428577906216583,-0.474330754884688,0.7524996823683723,2.2876182380877466,1.5102995086504702,4.241278388875011e-16,-4.714011343557011e-06,-3.1971440211915124e-16,4.7054193697549776e-06
26.8,-9.8748892,49.40059965,-0.1723493298096288,0.8622031163520584,-0.0414247541585391,0.0333836047163937,0.0,0.0,1.4483206761743483,2.0155777676122306,4.74144090706046e-69,-9.762809765283551e-74,-4.706048951441121e-69,8.81431101807715e-74
26.810000000000002,-10.53106175,48.11134356,-0.1838017012683359,0.8397013526801701,-0.0667556530335752,0.102650843430299,-2.533089887502316,6.9267238713869865,-1.4807201277858428,1.6469169483450026,6.5,-6.5,0.1616969177839495,6.481246129845584
26.82,-11.14757583,46.80196031,-0.1945619018492396,0.816848303797206,-0.0906694345104779,0.1650341772958982,-2.391378147692446,6.238333386565601,-1.416640642218244,1.6951471684350543,6.5,-6.5,0.1601757463875788,6.4499860092068335
26.830000000000002,-11.65493939,45.53380206,-0.2034170664758794,0.7947147668983766,-0.1130008125245941,0.2207313783231622,-2.2331378014104755,5.569720102723551,-1.345425071983268,1.748167063872216,6.5,-6.5,0.1576311077717511,6.398358252517222
26.84,-12.23897302,44.12434917,-0.2136103762617538,0.7701151733161272,-0.1338411337365333,0.2697455348411576,-2.0840321211928563,4.90141565179703,-1.2682612643074571,1.80761336022925,6.499999999999998,-6.5,0.1539779769215734,6.31912422821393
26.85,-12.21752947,43.15521111,-0.2132361157109377,0.7532005232627369,-0.1524158916427374,0.3128244653746185,-1.8574757906221,4.307893053350008,-1.1654661559281656,1.8717709659655983,6.499999999999803,-6.5,0.147922423232245,6.208561823357912
26.86,-12.13832952,42.12498658,-0.2118538158160229,0.7352197131794257,-0.1687153585141785,0.3500872558570109,-1.6299466871432704,3.726279048237328,-1.0410045693903829,1.943968444109185,6.499999999877388,-6.5,0.1391830770442168,6.053547092721747
26.87,-11.71645256,41.23366101,-0.2044906738257184,0.7196631472757105,-0.182380604685869,0.3819180935219255,-1.3665246171702972,3.183083766494357,-0.8687498463524839,2.02363340004385,6.499999307616178,-6.5,0.1247194244770667,5.8457679320995
26.88,-11.01090092,40.39798768,-0.1921764746648727,0.7050778961961054,-0.1931681184239742,0.4086010080852003,-1.078751373809964,2.668291456326117,-0.6255384410788267,2.1122669218003014,6.433970636386707,-6.5,0.0936070503551314,5.5708200941128325
26.89,-9.99248618,39.61724233,-0.1744017843010307,0.69145131921897,-0.2008306476927551,0.430425281032887,-0.7662529268777051,2.182427294767552,-0.2845902867257462,2.2105063318894045,5.660387439923485e-05,-6.5,5.383189130271769e-07,5.214775394807457
26.900000000000002,-8.67043411,38.86080953,-0.1513276227967242,0.6782490762888901,-0.2051676841062069,0.447647077665498,-0.4337036413455734,1.7221796632626638,0.1271033591158356,2.3192833815960467,7.331597122689724e-16,-6.499999999998009,-9.4584650494035e-17,4.761952413135896
26.91,-7.05561397,38.10675919,-0.1231436945262084,0.6650884151301074,-0.2060252561016176,0.4605009041197451,-0.0857571995410288,1.285382645424052,0.5085486385077617,2.4391248000685093,1.7530741454357426e-32,-6.499998877477188,-8.543648547630163e-33,4.198909571645728
26.92,-5.16302154,37.33756571,-0.0901117252243881,0.6516634563192343,-0.2032986309668699,0.4692052334443002,0.2726625134746384,0.8704329324550718,0.793402298115801,2.5698745573601665,2.4769538730612038e-23,-2.3614446587351967,-1.7651073607980004e-23,1.278360659057185
26.93,-3.01747939,36.53901102,-0.05266495046657,0.6377260477214916,-0.1969417908117389,0.4739665225809107,0.6356840155136776,0.4761289136614777,0.990993003735858,2.710361645547313,9.334065971733964e-09,-1.4982397124403112e-08,-7.80921864040236e-09,6.265479286278014e-09
26.94,-0.62536279,35.72437557,-0.0109146397049578,0.623507976915526,-0.1869399453832216,0.475012429293124,1.000184542851217,0.1045906712212738,1.1312801660254046,2.856956766174488,4.5776795728194655,-1.452717694346015e-15,-4.143255235323346,4.055446330833016e-16
26.95,1.92180344,34.8405788,0.0335417976041532,0.608082813360535,-0.1734155699329043,0.4725085592215495,1.3524375450310395,-0.2503870071573206,1.2339357651371707,2.807676737940959,6.499998797756304,-1.6613813162088076e-13,-6.1355210785310055,5.425276405554364e-14
26.96,4.62958461,33.92733415,0.0808014944441576,0.5921436873418118,-0.1564942706972767,0.4666747478454917,1.6921299235642908,-0.5833811376063124,1.3140173603770733,-3.082924620315441,6.499999999980104,-3.0274769804940702e-06,-6.287494656980668,-1.971973213801891e-08
26.97,7.43500534,32.97059792,0.1297653230863604,0.5754454900551941,-0.1363909533032434,0.4577148769758583,2.0103317394023086,-0.8959870869628762,1.3790241733333484,-2.712080921738388,6.499999999999996,-3.742643487124329,-6.381227159002334,-0.0379137434514655
26.98,10.35779155,32.03404298,0.1807775657827468,0.5590995227263761,-0.1132969093105277,0.4459114350451598,2.30940439927367,-1.180344193070928,1.434502445666675,-2.436194184710506,6.5,-6.499941924114445,-6.439930715405165,-0.1065364824097505
26.990000000000002,13.27071478,31.0527424,0.2316176670040749,0.541972596653646,-0.0875670470419304,0.4314623877719375,2.5729862268584083,-1.4449047273214823,1.482836402876835,-2.2412322606578288,6.5,-6.499999992173202,-6.474962133217156,-0.1276268078654935
27.0,16.15791772,30.04577444,0.2820088644803352,0.5243976902895554,-0.0595637687773091,0.4145881934160884,2.800327826460697,-1.6874194355840504,1.526507973574087,-2.1034430348147493,6.5,-6.499999999993463,-6.493649895885779,-0.1389668976124735
27.01,18.98939302,29.02126808,0.3314274311542294,0.5065166810999331,-0.0296698391384255,0.3955158614614145,2.9893929638910786,-1.9072331954691293,1.567106276316006,-2.002233398431446,6.5,-6.499999999999979,-6.499955911528776,-0.1462047515919316
27.02,21.75429823,27.99807508,0.3796841305742747,0.4886585943665747,0.0017555496979798,0.3744904241442196,3.142538883638936,-2.1025437317184106,1.6057822813366018,-1.9247840289320317,6.5,-6.5,-6.496037115232877,-0.1510980097627944
27.03,24.47172023,27.01908942,0.427112091640404,0.471572071269765,0.0344830687850956,0.3518017015906224,3.272751908709902,-2.268872255358561,1.6432347960664155,-1.8636169634376587,6.5,-6.5,-6.483015949182245,-0.1544841347832595
27.04,27.09992508,26.04656597,0.4729829196897877,0.4545983350144106,0.0680087049740151,0.3276817842441953,3.352563618895004,-2.4119917346448982,1.6803245198374512,-1.8124571033512404,6.5,-6.5,-6.461189361097873,-0.1569328058749187
27.05,29.68679078,25.13846116,0.5181322434616956,0.438748916126713,0.1020136147040338,0.3024242045316012,3.400490973000132,-2.525757971258126,1.717335709257253,-1.7689437578031324,6.5,-6.5,-6.430574252948806,-0.1587042110774093
27.060000000000002,32.11423138,24.19239954,0.5604990743282823,0.4222370259309616,0.1360647480035078,0.2761834128344663,3.4051133299456566,-2.6240791697121466,1.755080756591627,-1.729490886512565,6.5,-6.5,-6.390299336214614,-0.1600395009381234
27.07,34.54878575,23.37533217,0.6029900639035985,0.4079765101138509,0.1699766669227607,0.2493109408205124,3.391191891928367,-2.6872472013978257,1.7930749564056292,-1.694403715056957,6.5,-6.5,-6.340575544450973,-0.1609959972895975
27.080000000000002,36.82321519,22.52090948,0.6426863462358893,0.3930640209696041,0.2033649765540962,0.2219349949028404,3.338830963131849,-2.737594591765803,1.83258423593707,-1.6609920556342463,6.5,-6.5,-6.279163976219523,-0.1616947983335128
27.09,39.06260031,21.75577235,0.6817709898000577,0.3797098588218441,0.2360366222996773,0.1943313454460644,3.2671645745564355,-2.7603649456761863,1.872986299569616,-1.6293481017521636,6.5,-6.5,-6.20621886810393,-0.1621594458951379
27.1,41.11567458,20.94972837,0.7176038955995366,0.3656417374549648,0.2676229965601191,0.1665996654740782,3.1586374260470507,-2.7731679972011416,1.915872415448916,-1.5982105525546,6.5,-6.5,-6.117682362562067,-0.1624251906196442
27.11,43.07948849,20.18809424,0.7518789142255003,0.3523487141909023,0.2979125695583636,0.1389371179939899,3.0289572998228977,-2.7662547480074133,1.960628999544888,-1.567421714000644,6.5,-6.5,-6.013245519301267,-0.1624988657709891
27.12,44.90109858,19.43272783,0.7836720079835505,0.3391650832774329,0.3266485073808097,0.1114806142487825,2.8735937822472235,-2.745650374523237,2.008185983399024,-1.5364672298820528,6.5,-6.5,-5.889016305965294,-0.1623827304029708
27.13,46.56969413,18.68097382,0.8127944942151762,0.3260445006378625,0.3535873087943429,0.0843534446063063,2.6938801413519493,-2.7127169642462325,2.0591158244701107,-1.5050014216252634,6.5,-6.5,-5.741129632513243,-0.1620702767130721
27.14,48.06786749,17.92587054,0.8389425521128425,0.3128654622092539,0.3784907119788936,0.0576603902267862,2.490340318453796,-2.6693054379506456,2.1142049464570034,-1.472728579040961,6.5,-6.5,-5.56430787482049,-0.1615491952148434
27.150000000000002,49.37855995,17.15922748,0.8618184510209066,0.2994850166246894,0.4011270623662107,0.0314870060597793,2.2636350387337627,-2.6173384167030758,2.1744067693139866,-1.4394092243243946,6.5,-6.5,-5.351674052093741,-0.1608032829713283
27.16,50.51618664,16.40038413,0.8816737824199714,0.2862407016603257,0.4213123569801388,0.0059339764310808,2.0185294613917826,-2.555302962868543,2.2401671324725725,-1.4046292020770923,6.499999999999998,-6.5,-5.097189359799626,-0.1598072530108293
27.17,49.57292999,14.02705157,0.8652108481861397,0.2448182342435398,0.4364494399416221,-0.0208779860333498,1.5137082961475503,-2.681196246441693,2.365781078409568,-1.3840098391296471,6.4999999991215045,-6.5,-4.551013684146281,-0.1591160088964918
27.18,50.58258371,13.47669164,0.8828326299051487,0.2352126413939943,0.4493182279309367,-0.0465165213876106,1.286878798932633,-2.563853535428412,2.4377419468912462,-1.3433961196879851,6.499998777923799,-6.5,-4.205756226915792,-0.1575463789951459
27.19,51.34098419,12.87407251,0.896069215329854,0.2246949534399906,0.4596877196454605,-0.0710014041821854,1.0369491714518533,-2.448488279456228,2.519598480805407,-1.3003531862044897,6.488081354439893,-6.5,-3.780792428611381,-0.1556012441797714
27.2,51.85977296,12.22090228,0.9051237874887256,0.2132949823504819,0.4673722953620078,-0.0943544841162288,0.7684575716543361,-2.3353079934031435,2.612017666987553,-1.2547688517030475,0.03228342084459,-6.5,-0.0163216252187659,-0.1532544943278129
27.21,52.1441537,11.50913387,0.9100871677309834,0.200872280084297,0.4722211778285017,-0.1166112680800255,0.4848882466498307,-2.2256783963816957,2.7156639592435043,-1.2067800569404514,2.1734251103204736e-08,-6.5,-8.983193378019972e-09,-0.1505001033475669
27.22,52.21458554,10.75194074,0.9113164352372214,0.1876567668923155,0.4741362135753625,-0.1377940217764976,0.1915035746859769,-2.118275369646128,2.829940093784532,-1.1561341561517906,1.773471091871512e-14,-6.5,-5.4119070821368125e-15,-0.1473159983629818
27.23,52.05853679,9.91184532,0.9085928707560998,0.1729943357823909,0.473026386105709,-0.1579740599630892,-0.1109827469654499,-2.018003818660994,-2.640546030261412,-1.104059981928063,1.3771632466487657e-15,-6.499999999999997,1.5605025754350017e-17,-0.1437814855183221
27.240000000000002,51.74929827,9.0920255,0.9031956404081056,0.1586857806502837,0.4689175061722802,-0.1770972375285366,-0.4108879933426742,-1.9123177565437592,-2.531662636050129,-1.0473495848534056,3.577898341887549e-10,-6.499999999999956,5.060052486477925e-12,-0.1396610518740676
27.25,51.19041694,8.15351299,0.8934413210716805,0.1423056472796275,0.4617265547917961,-0.1952868602590764,-0.7190951380480355,-1.818962273053048,-2.4279585038483544,-0.9913074871424344,0.0025125680335429,-6.499999999999502,4.160343643917764e-05,-0.1353192329132095
27.26,50.4809493,7.2254747,0.8810587748173268,0.1261083235345495,0.4515200257168983,-0.2125052740878777,-1.0206529074907058,-1.7218413828817036,-2.3332541283657786,-0.9310296346864128,6.473292282747931,-6.499999999992935,0.118224611971548,-0.1303221913135206
27.27,49.61178319,6.3037644,0.8658889644510754,0.1100214440500048,0.4383643630516495,-0.2287270609919854,-1.3155662665242085,-1.6221786904099311,-2.2460615962308315,-0.8665121231031746,6.499999482249498,-6.499999999875766,0.1271916059037934,-0.1245080968906939
27.28,48.60550944,5.42732919,0.8483261743371853,0.0947247639550969,0.4223661383190953,-0.2438860220868855,-1.5998224732546005,-1.5158961094892414,-2.165894056053088,-0.795347567476365,6.499999999924531,-6.499999996823251,0.1340598979818362,-0.117327771933495
27.29,47.45018406,4.58965699,0.8281619425243305,0.0801046260126724,0.4036244218869459,-0.2579335095067638,-1.8741716432166493,-1.4047487419891016,-2.091324752690321,-0.7174886198640434,6.499999999999952,-6.499999881705563,0.1398797467621352,-0.1081301803662041
27.3,46.18403293,3.85473826,0.8060634364779838,0.0672778744395972,0.3822949156181855,-0.2707519131344426,-2.132950626874949,-1.2818403627672277,-2.022152519867226,-0.6279123970047943,6.5,-6.499991142415716,0.1448511186588768,-0.0949624688329011
27.310000000000002,44.82243811,3.25661276,0.7822991237908843,0.0568386151244598,0.3585557841201581,-0.2821963978907753,-2.373913149801528,-1.144448475632684,-1.957575480399822,-0.5227651407790977,6.5,-6.498253627848792,0.1491020004881502,-0.0769670106413985
27.32,43.39208812,2.83305174,0.7573348070095163,0.0494460807423543,0.3326194992135722,-0.2920930065686153,-2.593628490660948,-0.9896608677849036,-1.8970101168251,-0.3975211794757901,6.5,-5.379137264687405,0.1526929730034044,-0.0535642421483595
27.330000000000002,41.87110359,2.5703329,0.7307886190891179,0.0448607719773341,0.3046671508825691,-0.3003040251142385,-2.795234833098877,-0.8211018545618916,-1.8393609852986632,-0.2534362989906518,6.5,-0.0078573086994701,0.1556918322546373,-6.704032789242218e-05
27.34,40.32224472,2.54960342,0.7037559321588991,0.0444989742991078,0.2749578860439443,-0.3066110939559024,-2.9709264838609597,-0.6307068841660706,-1.784594215873818,-0.0846884050408799,6.5,-1.2813281954912686e-07,0.1581019369098113,-2.827691701058809e-10
27.35,38.74412932,2.76834741,0.6762126224524717,0.0483167771435573,0.243739867511071,-0.3108234011699911,-3.121801853290165,-0.4212307214092493,-1.7320033932561976,0.1013617646514439,6.5,-5.734824665532723e-14,0.1599625106857074,5.81225182943356e-15
27.36,37.14721604,3.23575462,0.6483412278476497,0.0564745719056179,0.2112648666680102,-0.3127625364102819,-3.247500084304426,-0.1939135240289831,-1.6811145973434505,0.2933404275587814,6.5,-1.2741272703160958e-21,0.1612991601082951,3.663580919278032e-22
27.37,35.53891321,3.95035407,0.6202710480950069,0.0689466851410585,0.1777827475436205,-0.3122754641041982,-3.348211912442012,0.0487072306084134,-1.6315184059973142,0.4770780559131269,6.5,-6.320994381554014e-25,0.162133804893679,2.905219842266259e-25
27.38,33.92441648,4.90383549,0.5920927643938251,0.0855880752766494,0.1435374343804269,-0.309241832829286,-3.424531316317605,0.3033631274910633,-1.582872267354376,0.641615330745944,6.5,-4.4380143343823935e-18,0.1624854772257129,2.656133845837184e-18
27.39,32.30736085,6.08323713,0.5638698194624139,0.1061725170980703,0.1087640386845059,-0.3035779604824382,-3.477339569590324,0.5663872346844889,-1.534896731476843,0.7822178245149772,6.5,-1.623518826159809e-09,0.1623717661316487,1.1441215081201759e-09
27.400000000000002,30.68855567,7.4610626,0.5356163391230744,0.1302201080674086,0.0736846291135562,-0.2952523394625774,-3.5079409570981546,0.8325621019868357,-1.4873703249144146,0.8988148347476059,6.5,-0.0131534983004973,0.161810510392754,0.0102933678680757
27.41,29.06401963,9.01895305,0.5072628364077642,0.1574104258052847,0.038501873951542,-0.2842711060128401,-3.518275516199626,1.0981233449731664,-1.4401355409617425,0.9947942375294732,6.5,-6.4881064227109775,0.1608217473554152,5.441680465956381
27.42,27.46737739,10.73005,0.4793961723433466,0.1872747014036175,0.0034473682149407,-0.27068571554925,-3.505450573658333,1.358539046358325,-1.3929754724115395,1.0738563713140683,6.5,-6.499999454732193,0.1594255705541866,5.714603703343112
27.43,25.86625497,12.55867918,0.4514513143868471,0.2191903013926616,-0.0313059757767201,-0.2546002400092803,-3.4753343991692494,1.6085475539984326,-1.3459043019624894,1.1393013829912997,6.5,-6.499999999833058,0.1576510258338522,5.905147707407361
27.44,24.29558788,14.48251248,0.424038002213629,0.2527675267371694,-0.0655546595726195,-0.2361510431726682,-3.424868379588192,1.8449196836602564,-1.2986878941933888,1.1942400861432587,6.5,-6.499999999999782,0.1555205171026696,6.045497232794643
27.45,22.72415953,16.44902556,0.3966114035469472,0.287089654766704,-0.0991523600083594,-0.2155404766416824,-3.359770043572267,2.0610566530975265,-1.2514848459975214,1.2405908241754602,6.5,-6.499999999999999,0.1530748812078393,6.149668932186885
27.46,21.21432988,18.46614219,0.3702599050102135,0.3222949813569363,-0.1318871282289351,-0.1929580984961476,-3.273476822060552,2.258237814555541,-1.203798687083063,1.2807682227904302,6.5,-6.5,0.1503201855228028,6.229250245938809
27.47,19.74724757,20.48605605,0.3446544883029494,0.3575491288206041,-0.1635909712154237,-0.168648216829496,-3.170384298647232,2.430988166663911,-1.1557603387339064,1.3158053789829354,6.5,-6.5,0.1472915288553198,6.290430186731493
27.48,18.3756874,22.54156079,0.3207162474472362,0.393424454323954,-0.1940461670650164,-0.1428073872532051,-3.0455195849620447,2.5840829576314417,-1.1068007949554697,1.3473387313443246,6.5,-6.5,0.1439736293443256,6.338885865665599
27.490000000000002,17.05799176,24.56886215,0.2977181199900623,0.428807537986113,-0.2231105617767953,-0.1157039760555012,-2.906439471176398,2.710341119769005,-1.0573823342616504,1.375684529261749,6.5,-6.5,0.1404098778830243,6.377065533414091
27.5,15.83230992,26.59443563,0.27632593630016,0.4641604644531925,-0.2506110079100422,-0.0875629974345473,-2.7500446133232885,2.814097862093947,-1.0070233080892186,1.4018331117325369,6.5,-6.5,0.1365645697328063,6.407746856773372
27.51,14.69951205,28.6143772,0.2565548837090813,0.499415095547596,-0.2763941327605566,-0.0586057636200289,-2.578312485053782,2.895723381454473,-0.955710911767664,1.4262888240338507,6.5,-6.5,0.1324129441086101,6.432483396718989
27.52,13.65925745,30.6242681,0.2383990158800647,0.5344943093584681,-0.3003272734438317,-0.0290514063519721,-2.393314068326288,2.9554357268041658,-0.9034695620535796,1.449439235108044,6.5,-6.5,0.1279053706707354,6.452362754570463
27.53,12.7083107,32.62454906,0.2218018640814253,0.569405798075421,-0.3223013781999584,0.0008890408978024,-2.1974104756115413,2.994044724975931,-0.8503955585232735,1.471618723264239,6.5,-6.5,0.122962464072647,6.468173311146591
27.54,11.83613534,34.61021716,0.2065795323946585,0.6040622442722411,-0.3422391841545305,0.0310163501649437,-1.99378059545902,3.012730926716867,-0.7967558555836884,1.493111198112704,6.4999999999999964,-6.5,0.1174796692057652,6.480467637604404
27.55,11.03174518,36.57498632,0.1925402756320145,0.6383539351558843,-0.3600938857969585,0.0611539610022428,-1.7854701642418949,3.013761083728368,-0.7428747573369678,1.5141771231862755,6.49999999999938,-6.5,0.1113181149836244,6.4896225222875135
27.560000000000002,10.27650555,38.50050583,0.1793588574469707,0.6719605904167723,-0.3758569113721492,0.0911192323145586,-1.5763025575182594,2.996527131230047,-0.6892935849399148,1.5349764120477305,6.499999999785931,-6.5,0.1043344342752843,6.495845953948108
27.57,9.56523945,40.39341659,0.1669449221441515,0.7049981156252004,-0.3895380156012595,0.1207466892075413,-1.368110422912273,2.962745689300963,-0.6362849002643636,1.555700818821551,6.49999985528432,-6.5,0.096338150316571,6.499262181669561
27.580000000000002,8.88523515,42.23225147,0.1550766081814322,0.7370918386817152,-0.4011734908078666,0.1498546998812142,-1.1635475206601118,2.910801067365802,-0.5843206510346133,1.5764992128811024,6.49979856296678,-6.5,0.0874782505641437,6.499894694937587
27.59,8.22424915,43.99679195,0.143540226171845,0.7678888798424365,-0.4108234305111755,0.1782504439186753,-0.9649939703304026,2.839574403744656,-0.5338758658871381,1.597558657640321,5.950645115444995,-6.5,0.0721381111535511,6.49768107262336
27.6,7.58123676,45.67879748,0.1323175428352271,0.7972454143776887,-0.4185553905771777,0.2057468153421852,-0.7731960066009218,2.7496371423534893,-0.4851132408472209,1.6190974404509495,0.0103991009389186,-6.5,0.0001142783048968,6.492447254011525
27.61,6.95650183,47.26580962,0.1214138613545108,0.8249440014898098,-0.424441761964429,0.2321582647410423,-0.5886371387248333,2.6411449398843607,-0.4381310099725292,1.6413669098099726,7.093358929416353e-07,-6.5,7.250542809086966e-09,6.483880253129981
27.62,6.35729048,48.75117029,0.1109556503816907,0.8508684357609387,-0.4285501845315604,0.2573087660307828,-0.4108422567135134,2.515050128976335,-0.392790708075614,1.6646542017583348,3.0920543842770645e-11,-6.5,3.0775693292565814e-13,6.471493973097383
27.63,5.78922014,50.1210699,0.101040952565767,0.8747776943772251,-0.430945611083369,0.281023537767308,-0.2395426551807296,2.371477173651312,-0.3489740354375639,1.689330091552819,2.86619168931994e-15,-6.5,2.867438710888776e-17,6.45455135121995
27.64,5.26099066,51.36394671,0.0918216089336695,0.8964699869084091,-0.4316862344967657,0.3031325733962962,-0.0740623413396322,2.2109035628976828,-0.3064393458540613,1.715864743213286,7.696488666833094e-18,-6.5,7.579216406772212e-20,6.43195901296982
27.650000000000002,4.77540828,52.4689796,0.0833465976129992,0.9157564491817372,-0.4308311846357873,0.3234720684904085,0.0855049860979174,2.033949509413087,-0.2651186440793985,1.7448770077833673,8.865777255828887e-18,-6.499999999999998,7.960991800027232e-20,6.40208605358915
27.66,4.34559341,53.42711976,0.0758449129574678,0.9324791496693224,-0.4284270137760722,0.3418869437581797,0.240417085971383,1.8414875267761717,-0.2245769951424489,1.7771979862163527,2.3938646719257544e-15,-6.499999999999846,1.6569331300488618e-17,6.3624709641286605
27.67,3.96455439,54.22695859,0.0691945274798953,0.946438970738122,-0.4245339911213283,0.358228185048608,0.3893022654741958,1.634124129041994,-0.1850645726661009,1.8140249873332503,6.8287929411391525e-12,-6.499999999956445,2.2603148293180847e-14,6.309239120850704
27.68,3.63909829,54.8741894,0.0635142469641954,0.9577352793929717,-0.4192072110157036,0.3723736859879473,0.5326780105629496,1.4145500939352171,-0.1463276845781265,1.8568625377172925,2.34202556096065e-08,-6.499999964146882,-9.759929868459671e-12,6.23655377405469
27.69,3.34441523,55.32356395,0.0583710573173434,0.9655783448651396,-0.4125369436987759,0.3841658800754804,0.6670267316924301,1.1792194087527093,-0.1092602149296044,1.9089051763742968,3.44155958137999e-05,-6.499862597527337,-2.6954677545964177e-08,6.13270868691061
27.7,3.07559859,55.59546011,0.0536793218651951,0.9703238280806687,-0.4046202377828007,0.3934937038570122,0.7916705915971103,0.932782378152708,-0.0740059151171641,1.9738711918463927,0.0181424128645394,-4.219571709554807,7.341800052044037e-05,3.882016303877344
27.71,2.79767555,55.66918529,0.0488286497500432,0.9716105752132944,-0.3955981866558756,0.4002406710036966,0.9022051126933374,0.674696714669046,-0.0418588043805226,2.0590974565827884,2.0863038811745818,-3.483324268993702e-05,0.0168950468960241,3.07667868592434e-05
27.72,2.51328073,55.5647374,0.0438650237654266,0.9697876156360334,-0.3856040710231928,0.4043346325082922,0.9994115632677651,0.4093961504593528,-0.0126434478388503,2.175508782771083,6.298044282776155,-6.4806833247933496e-12,0.0309182907185549,5.33170564495939e-12
27.73,2.18937744,55.27839552,0.0382118448968845,0.9647900070436828,-0.3748086294619604,0.4057166343359151,1.079544156124223,0.1382001827624193,0.0123784255072453,2.3431318830134824,6.491784382661766,-2.6058787425111983e-18,-0.0478573222734711,1.8662107652267325e-18
27.740000000000002,1.80965095,54.82409577,0.0315843673893432,0.956860980615196,-0.3633951163194626,0.4043614838871434,1.1413513142491938,-0.135515044877102,0.0326051371172941,-3.0390716318080515,6.49921740019752,-2.028109890331631e-18,-0.1565911203341588,4.938791723205097e-22
27.75,1.35531676,54.21060556,0.0236547398694617,0.9461535565219444,-0.3515605497306387,0.4002693625082636,1.1834566588817814,-0.4092121378877727,0.0472991321782359,-2.942623049372461,6.499827374126945,-4.99844483484183e-12,-0.2533642798275344,-2.3824344073463492e-14
27.76,0.81901596,53.45585647,0.0142945251283821,0.9329806998750134,-0.3394991093074154,0.3934750804898804,1.2061440423234349,-0.6794282018389404,0.0561722927589591,-2.8466617111499883,6.499917753292046,-3.633079754296628e-05,-0.3168445247555966,-3.523912175348238e-07
27.77,0.1969815,52.57495588,0.0034379757405172,0.9176060841967528,-0.327396737233226,0.3840421542888894,1.210237207418316,-0.9432926200986184,0.0590592345064883,-2.7517704875964464,6.499920100758013,-4.641506464352677,-0.3381004356124863,-0.0461934035243836
27.78,-0.49915749,51.59064107,-0.0087119416864906,0.9004265498861103,-0.3154111552104985,0.3720696865681344,1.198558202272135,-1.1972467720748874,0.0564694828125606,-2.658699273652909,6.499857786784689,-6.499920066393029,-0.3190177357790686,-0.0711373951560238
27.79,-1.24894437,50.52393058,-0.0217981914307462,0.8818089396700483,-0.3036618547685613,0.3576873944568284,1.1749300441947914,-1.4382292111319008,0.0493368167701894,-2.5679407150353266,6.499592392854063,-6.4999999813828895,-0.2676515231702154,-0.0856143559904707
27.8,-2.02432862,49.39314499,-0.0353311995613531,0.8620730079904417,-0.2922225931605087,0.3410496605762592,1.143926160804679,-1.663773388056076,0.0390021733798407,-2.479716764831471,6.49839106151622,-6.499999999979521,-0.1971855524170991,-0.1003506210627935
27.810000000000002,-2.78137819,48.22182434,-0.0485442071586604,0.8416296060513415,-0.2811041316108108,0.3223393637757272,1.1118461549692178,-1.8710296800522417,0.0276522007688408,-2.3942760779543377,6.493121688609224,-6.499999999999922,-0.1268774877199371,-0.1118555777657104
27.82,-3.4640557,47.03828474,-0.0604591774374769,0.8209729432036049,-0.2702433767398096,0.3017707756371427,1.0860754871011122,-2.0568588138603183,0.0181657705668035,-2.3118428500120496,6.476766097041885,-6.499999999999999,-0.0752616581278769,-0.120917835383721
27.830000000000002,-4.04751836,45.81367956,-0.0706425219169211,0.7995995507756269,-0.2595488284697114,0.2795178921595228,1.069454827009272,-2.225288347760856,0.0118811483036278,-2.230925135825704,6.44631923627352,-6.5,-0.0453137914877998,-0.1285455180609107
27.84,-4.43948381,44.63725376,-0.0774836095734823,0.7790670471602188,-0.2488173141994546,0.2558578732559717,1.0731514270251297,-2.3660018903538966,0.0137629833178633,-2.15327936972802,6.448958655549749,-6.5,-0.0538162941168795,-0.1350794224430747
27.85,-4.62974372,43.44869605,-0.0808042714375304,0.7583228017707548,-0.2378477260499661,0.2309834444544753,1.0969588149498428,-2.4874428801518995,0.0244391982435491,-2.076673739502508,6.479897464413624,-6.5,-0.1084331740804695,-0.1409668030703828
27.86,-4.56109847,42.27541968,-0.0796061858091758,0.7378452660784076,-0.2263821620209738,0.205112888229177,1.1465564028986457,-2.587055622528509,0.0472700615786247,-2.0012478665690496,6.497322465866974,-6.5,-0.2530640861131631,-0.1462707747932788
27.87,-4.21598418,41.09091986,-0.0735828051529932,0.7171718442301274,-0.2141619432649487,0.1784226612310775,1.2220218756036167,-2.669022699812375,0.0835473650151256,-1.9260895454389395,6.499864945767933,-6.5,-0.524474815159387,-0.1510208177339757
27.88,-3.55935254,39.91410838,-0.0621224210622231,0.6966326092288601,-0.2009068380491718,0.1511038343511938,1.325510521577016,-2.731882687986968,0.1357864325979602,-1.851263084332164,6.4999972000717285,-6.5,-0.895788879405032,-0.1551094330534708
27.89,-2.59245328,38.72180174,-0.0452468454401264,0.6758229326674692,-0.1863643786697581,0.1233097627133197,1.454245937940629,-2.7794071637859927,0.2043844208919826,-1.776278119307838,6.499999968072916,-6.5,-1.3183585116580452,-0.1584269548883113
27.900000000000002,-1.30673727,37.50673717,-0.0228068678200221,0.6546160552966401,-0.1702967462852621,0.0951770217782863,1.606763238451063,-2.813274093505896,0.2901620941367263,-1.7010794111797043,6.499999999752238,-6.5,-1.8491092442781767,-0.1608313109042907
27.91,0.26251058,36.24984494,0.0045816739423199,0.6326791475404063,-0.1525368006129243,0.066811778628277,1.775994567232871,-2.836524314999484,0.3906034524015122,-1.625694766912941,6.499999999998176,-6.5,-2.47299029678356,-0.1622005220171263
27.92,2.10714316,34.96295492,0.0367765859528776,0.6102186795803507,-0.1329492932476819,0.0383283825569854,1.9587507365232348,-2.8483396071276945,0.5041070113893568,-1.5504666777585543,6.499999999999986,-6.5,-3.142565249044551,-0.1624588492730644
27.93,4.19590911,33.66151748,0.0732324290839249,0.5875043112436245,-0.1114586927307027,0.0098525946638631,2.1490600516998697,-2.8475787893148192,0.6266897149077516,-1.4756776566130676,6.5,-6.5,-3.812391336637736,-0.1616051294400342
27.94,6.47139962,32.31531603,0.1129472305813098,0.5640086635460027,-0.0880785510497011,-0.0185344628586705,2.338014168098972,-2.838705752251917,0.7525258561176927,-1.4016812353552437,6.5,-6.5,-4.441717875272782,-0.1597129325777896
27.95,8.86752604,30.91203624,0.1547675259043343,0.5395168108838081,-0.0629160143266897,-0.0467721834229424,2.516253672299846,-2.8237720564257534,0.8762288175438036,-1.328984755402162,6.5,-6.5,-4.993774650449314,-0.1569261508730679
27.96,11.36079348,29.50474078,0.1982832518651045,0.5149548715584399,-0.0361102399665728,-0.0747410960586227,2.680577436014134,-2.796891263570574,0.9958326270900504,-1.257577138907877,6.5,-6.5,-5.455335238376234,-0.1534070060849298
27.97,13.8890008,28.09081471,0.2424087937721264,0.4902772062571561,-0.0078786467410376,-0.1023341225406798,2.82315932255207,-2.759302648204291,1.108966455513272,-1.1877062642017155,6.5,-6.5,-5.819943592165594,-0.1493323467046771
27.98,16.41325299,26.69861345,0.2864653056383039,0.4659787104197425,0.0215195572574166,-0.129419171497249,2.9398203998481005,-2.708504895659388,1.215582922952992,-1.1192088012746548,6.5,-6.5,-6.0950982923151145,-0.1448351862173278
27.990000000000002,18.87004176,25.31215245,0.3293443587008256,0.4417804010192493,0.0517563918641562,-0.155894548730839,3.023683460672414,-2.647537723357643,1.3159697531018708,-1.0524749156147433,6.5,-6.5,-6.290699042379924,-0.140044659586506
28.0,21.22328459,23.9342331,0.3704161941832747,0.4177311715348092,0.0824767261359639,-0.1816648718913097,3.0720334271792056,-2.577032316045749,1.411855294997859,-0.9876275423910804,6.5,-6.5,-6.418347620768307,-0.1350243837710221
28.01,23.54567426,22.67675714,0.4109495404390794,0.3957840757681327,0.1134406816339409,-0.206510567745464,3.0963955498005085,-2.48456958541769,1.5061131410345163,-0.922635915409952,6.5,-6.5,-6.486456914568451,-0.1295957548084456
28.02,25.80432405,21.51137037,0.4503704159240579,0.3754442395724509,0.1443820687555771,-0.2302652674084636,3.0941387121620414,-2.375469966298746,1.5995984622974226,-0.8580941191873492,6.5,-6.5,-6.497314128421619,-0.1237060289144265
28.03,28.02752619,20.46489408,0.4891726132044418,0.3571797827678958,0.1750896856695504,-0.2527469485600328,3.0707616913957567,-2.2481681151557704,1.6933384011400805,-0.7934457573307455,6.5,-6.5,-6.451428890152403,-0.1171219316346774
28.04,30.20855135,19.53088076,0.5272386833152779,0.3408781750764124,0.2053598791969055,-0.2737996869219757,3.027019352738261,-2.105273836196208,1.7879088475650535,-0.7288903049264889,6.5,-6.5,-6.347875606158526,-0.1095871987228375
28.05,32.36479252,18.71121032,0.5648721911988327,0.3265722271171418,0.2350278766210395,-0.2932826577586531,2.96679974241188,-1.9482970836667413,1.8834184447824096,-0.6644352291041851,6.5,-6.499999999999988,-6.185729842831383,-0.1007357344318679
28.060000000000002,34.50428422,18.00124216,0.6022133656829235,0.3141809451408159,0.2639539699057846,-0.3110775797580625,2.892609328473033,-1.7794921999400248,1.9796323559893128,-0.6002614746800787,6.5,-6.499999999999064,-5.965229588629746,-0.0902594422729171
28.07,36.62715184,17.38941734,0.6392643952358994,0.3035025875863942,0.2920124072280403,-0.3270960133779705,2.8058437322281176,-1.6018433619922636,2.076197541345483,-0.5367472898524394,6.5,-6.499999999862479,-5.688152899606169,-0.07927464611628
28.080000000000002,38.72484137,16.85617176,0.6758759842190116,0.2941956964936874,0.3190800278796348,-0.3412873114847405,2.706762065158067,-1.419129810676274,2.1728873675116454,-0.4745073274872701,6.5,-6.499999960065187,-5.3572837377053455,-0.0700796726840299
28.09,40.78127628,16.38376515,0.7117675442514649,0.2859506457410026,0.3450271802322207,-0.3536340880639521,2.59471523525726,-1.2346776579205254,2.2697609544055526,-0.4140927219943641,6.5,-6.499976056039059,-4.975401506386348,-0.0650862104606178
28.1,42.7727886,15.94779334,0.7465259913294958,0.2783415022106235,0.3697092468743365,-0.3641579843558912,2.468206664213831,-1.052389629194869,2.3672931217396376,-0.3562392885579737,6.5,-6.470201530303543,-4.543989311737756,-0.0646753181841745
28.11,44.67662283,15.53373485,0.7797541670551669,0.2711148182642875,0.3929697094666571,-0.3729050699318755,2.3260462592308664,-0.8747085575979773,2.46605637641716,-0.3013277136797687,6.5,-0.4847781418532182,-4.064051331730754,-0.0047456332929991
28.12,46.45851827,15.12312196,0.8108541094094399,0.2639482713826582,0.4146272265510695,-0.3799486601505938,2.165751708443208,-0.7043590218724716,2.567254510392833,-0.2498264494400519,6.5,-9.453458155432016e-05,-3.532998355053563,-7.914439276659349e-07
28.13,48.09756613,14.70883953,0.839460891164207,0.2567176789459953,0.4344954781902811,-0.3853735242229503,1.986825163920152,-0.5424864072353763,2.671455204336024,-0.2017849158670438,6.499999999999998,-9.29411404938602e-09,-2.9472367754875317,-4.685212645386206e-11
28.14,49.55523059,14.27810629,0.8649019353805122,0.2491999657102123,0.4523620985882669,-0.3892814638161633,1.7866620397976616,-0.3907939593211006,2.780079005558105,-0.1574179019583265,6.499999999999656,-7.834910665063834e-13,-2.294071484469877,-3.629670189788863e-16
28.150000000000002,50.81014399,13.82712039,0.8868043060379088,0.2413287768751424,0.4680136464427528,-0.3917789256450671,1.5651547854500094,-0.2497461828906029,2.893404095596691,-0.1166140192373072,6.499999999857034,-1.470323684353171e-16,-1.58746537579149,1.6538099594059661e-19
28.16,51.84023891,13.35180853,0.9047828539999764,0.233033019944364,0.4812359785560149,-0.3929764986696724,1.3222332113255362,-0.1197573024604712,3.01140969381484,-0.0792710654326935,6.499999750601557,-3.1292852489934464e-19,-0.8590275866033088,-9.794940159630554e-22
28.17,52.63170439,12.84821193,0.9185965325418538,0.2242436011725152,0.4918260156566827,-0.3929879653752459,1.0590037100662442,-0.0011466705573442,3.133174228132508,-0.0452896216699291,6.49719915053359,-3.403833773360246e-20,-0.0308447302139607,-2.6958740027869947e-22
28.18,53.17460259,12.31085659,0.9280718936350044,0.2148649812363416,0.499596998636278,-0.3919313503225088,0.7770982979602288,0.1056615052738036,-3.026019191248955,-0.0146345778963423,0.1214896585733243,-1.7185645952490616e-19,-0.0001325663360848,-9.379244756393428e-22
28.19,53.47072974,11.73969227,0.9332402874070516,0.2048962832824271,0.504393289696039,-0.3899215882460886,0.4796291059758584,0.2009762076419201,-2.9021977986705934,0.0129034682344424,8.796032833002603e-08,-8.312826357040542e-18,6.901021572539014e-10,6.432173375685414e-20
28.2,53.51506377,11.12294901,0.9340140622012294,0.1941320827559436,0.5060802734143592,-0.3870841881497711,0.1686983718319349,0.2837400096316048,-2.7804548053531883,0.0371007174375091,1.471921894830702e-13,-7.451919783049354e-16,1.4701689339142485e-15,2.119744309806273e-17
28.21,53.32481041,10.46243496,0.9306935146562474,0.1826039378277612,0.5045719025058883,-0.3835376933348322,-0.1508370908472262,0.3546494814942131,3.105157627342837,0.0582020532439125,7.73405934718934e-14,-5.153511398346125e-14,-2.149211657502314e-15,2.6304074021005746e-15
28.22,52.90907282,9.75596566,0.9234375248864412,0.1702737224785016,0.4998173064944432,-0.3793983662269419,-0.475459601144269,0.413932710788816,-3.0762669677794463,0.0762821907711404,5.6276980674007954e-08,-1.9073979483568442e-12,3.101263524923374e-10,1.3752562880147872e-13
28.23,52.28259601,8.99784703,0.91250344186455,0.157042056264293,0.4918057070172157,-0.374783985558998,-0.8011599477234747,0.4614380667948037,-2.9722685084572125,0.0912688513837509,0.2828665304276025,-3.305309705536985e-11,0.0004587330713145,2.966761360287421e-12
28.240000000000002,51.4676782,8.22139503,0.8982804429469087,0.1434904123805979,0.4805731914888366,-0.3697666045294489,-1.123251552837337,0.5017381029546562,-2.867530702302714,0.104484039239291,6.499708939520395,-3.5221481244210765e-10,0.0601487898928186,3.692934784547804e-11
28.25,50.489687,7.43753714,0.8812112764513783,0.1298095113323624,0.4662030229328379,-0.364402087938036,-1.4370168555991412,0.536451659141016,-2.763581760568376,0.1163878176359236,6.499999992866596,-2.5636080405988514e-09,0.0647420296769684,3.0201025040975157e-10
28.26,49.35327407,6.64808072,0.8613771291606424,0.1160308975023552,0.4487953643485466,-0.3587418547509687,-1.740765858430705,0.5660233187072469,-2.660964582912845,0.1270874354130338,6.499999999998805,-1.3211759145404285e-08,0.0708453485577633,1.704227814693386e-09
28.27,48.0746274,5.88808756,0.839060534799481,0.1027665145677191,0.4284802252116206,-0.3527932430221656,-2.031513913691561,0.5948611728800078,-2.5605115286385725,0.1379307088315874,6.499999999999999,-6.396499962244678e-08,0.0869141309057966,8.952194336787141e-09
28.28,46.67822599,5.20046004,0.8146887325154898,0.090765150316396,0.4054251628533503,-0.3465131489189105,-2.3055062358258525,0.6280094103251872,-2.463085422639868,0.150547907547419,6.5,-3.952348504207688e-07,0.1028037087322371,6.020320760024754e-08
28.29,45.18373444,4.62465545,0.7886049343247563,0.0807154643727999,0.3798255190296926,-0.3398158172583502,-2.5599643823680984,0.6697331660566392,-2.369078072835982,0.1664291349932641,6.5,-3.9375292149996745e-06,0.1148000436805052,6.593590881182684e-07
28.3,43.60542147,4.19663052,0.7610581763713259,0.0732450200636817,0.3518944796910735,-0.3325803681995185,-2.7931039338604777,0.7235449058828021,-2.278487379790728,0.1869315918074117,6.5,-7.367385566923415e-05,0.1241848437873932,1.3746763299163344e-05
28.310000000000002,41.98713907,3.97636664,0.7328138202642499,0.069400690134464,0.3218983259641266,-0.3246251145477803,-2.999615372693157,0.7955253651734033,-2.1918799138233656,0.2143749583800255,6.5,-0.0032935406885452,0.1319108283039886,0.000698841634833
28.32,40.22978742,3.89995707,0.7021422478563949,0.0680670915579309,0.2899690263789327,-0.3158605237081641,-3.192929958522301,0.8764590839624253,-2.1063478512183837,0.2461381953340076,6.5,-0.1831669136597079,0.1387462309254068,0.044375814234368
28.330000000000002,38.45759946,4.08913978,0.6712117329901933,0.0713689527352765,0.2563978581151023,-0.3060617093018463,-3.357116826381321,0.9798814406312788,-2.024261761945945,0.2871522111009479,6.5,-5.119976466637968,0.1447056723671736,1.4416976055124198
28.34,36.64087604,4.52715156,0.6395039277131016,0.0790137004587976,0.2214261221117689,-0.2950441525113269,-3.497173600331545,1.1017556790513776,-1.944329145190013,0.3366501027920257,6.5,-6.490961997749902,0.1499223908554252,2.136657433356238
28.35,34.78895729,5.22271943,0.6071818480461838,0.0911536499613815,0.1852972338983403,-0.2826314060470676,-3.6128888213461465,1.2412746464270503,-1.8661970447211984,0.3948974754037503,6.5,-6.499962784386025,0.154350928436142,2.499177621338124
28.36,32.91314578,6.17856996,0.5744427610498772,0.1078363888668143,0.1482577661934783,-0.2686625662112437,-3.703946770484307,1.3968839835816775,-1.7895529654802689,0.4618293249932269,6.5,-6.499999855281536,0.1579028184873682,2.8988121444296997
28.37,31.02604798,7.38793635,0.5415066911327359,0.1289438142352721,0.1105575572709898,-0.2530033271368897,-3.770020892252279,1.5659239074368256,-1.714102273963504,0.5368608126698565,6.5,-6.499999999376849,0.1604864933524062,3.326886314308916
28.38,29.13970424,8.83747415,0.5085837820453519,0.1542430214773872,0.0724474099144188,-0.2355526673753286,-3.811014735655151,1.7450659761552172,-1.6395491429550495,0.618989889697665,6.5,-6.499999999996641,0.1620309143500929,3.7719219800735
28.39,27.28024112,10.51375635,0.4761300282819455,0.1834996650599613,0.0341956104471863,-0.2162411620197161,-3.825179946721291,1.9311505355602585,-1.5656398633786024,0.7070576785549556,6.5,-6.499999999999975,0.1624973517948572,4.221605478891045
28.400000000000002,25.44228331,12.38084981,0.4440516129847011,0.2160865933794143,-0.00395491076891,-0.195056034316172,-3.8150521216131072,2.118512770356343,-1.492029991593656,0.79902547669367,6.5,-6.5,0.1618850234711545,4.657564607578935
28.41,23.678722,14.42390442,0.4132716615644167,0.251744623121963,-0.0417118432578172,-0.172012175561326,-3.775693248888788,2.3043858754834146,-1.4183564975974183,0.8936560160597775,6.5,-6.5,0.1602262961413743,5.0656425927249
28.42,21.96384168,16.57438594,0.3833413537027628,0.2892776061492553,-0.0788387776262315,-0.1472143086182713,-3.712693436839532,2.479786694304206,-1.344392242500454,0.9883120268228268,6.5,-6.5,0.1575880577668489,5.428553264770867
28.43,20.32894653,18.79584556,0.3548070504103762,0.3280493907183574,-0.1150798016870229,-0.1208120659174955,-3.6241024060824345,2.640224270079979,-1.2697467834587337,1.0818811957286043,6.5,-6.5,0.1540561879276558,5.739310635929214
28.44,18.78889837,21.05452789,0.3279281393790957,0.3674708341334745,-0.1501832491738172,-0.0929930406916004,-3.510344748677632,2.781902522588086,-1.1940679959748737,1.1736984497498897,6.5,-6.5,0.1497261936756539,5.995145269504162
28.45,17.3689979,23.34182398,0.3031462011269808,0.407391681871967,-0.1838894693399796,-0.0639493289802619,-3.3706220166145155,2.9043711711323628,-1.116844012640687,1.2638303847529495,6.5,-6.5,0.1446720422419039,6.196922638901008
28.46,16.01310936,25.53258015,0.279481481813922,0.4456275901468476,-0.2160364952186407,-0.0340156522805752,-3.2147025878690347,2.99336766997139,-1.038824939179376,1.3509271025987748,6.5,-6.5,0.1390180960121462,6.344001263461792
28.47,14.83401898,27.78702503,0.2589024725043308,0.4849750761075761,-0.2463387597445053,-0.0033171379120578,-3.030226452584915,3.0698514368501755,-0.9579917796135616,1.4374222337812823,6.5,-6.5,0.1326029045280614,6.44247368357785
28.48,13.7495227,29.9540679,0.2399744416927005,0.5227971092209436,-0.2746458891088078,0.0278448737610763,-2.8307129364328154,3.116201167316251,-0.8759117932021416,1.5221432651589049,6.5,-6.5,0.1253907271849481,6.492336804379623
28.490000000000002,12.78431716,32.09041485,0.2231284270612107,0.5600833974633823,-0.3007975816146312,0.0592545310343165,-2.615169250581012,3.140965727322415,-0.7921804456444467,1.605837812083709,6.5,-6.5,0.1169845250251437,6.496024526303972
28.5,11.94352927,34.20550601,0.2084539100698148,0.5969987021852085,-0.3246501199541535,0.0907201683748061,-2.385253833951002,3.146563734047345,-0.7068385884235147,1.6885744280318955,6.5,-6.5,0.1067298261537042,6.455128424329417
28.51,11.21178677,36.29494175,0.1956825941680402,0.6334662353570526,-0.3461020368556579,0.1220570402132685,-2.145191690152389,3.13368718384909,-0.6205948252259478,1.7702976636370356,6.5,-6.5,0.0937391133500719,6.371487521815059
28.52,10.5854349,38.37425435,0.1847506917605167,0.6697570864052564,-0.3650766749541613,0.1531116240933638,-1.8974638098493763,3.1054583880079383,-0.5339216511664158,1.8507642744916728,6.499999999999967,-6.5,0.0788053730985003,6.247603965024075
28.53,10.03411565,40.41709578,0.1751283556183909,0.7054113954549057,-0.3815547759442597,0.1837102014873343,-1.64781009900899,3.0598577393954884,-0.4482645998886857,1.930000536785193,6.499999999974853,-6.5,0.0672803657984345,6.086034869681017
28.54,9.54347534,42.41916211,0.1665650667658853,0.7403540447567251,-0.3955500302497927,0.2136875135783352,-1.3995254305545783,2.997731209102817,-0.3645709978795552,2.0079085436176247,6.499999952194235,-6.5,0.0648839068727444,5.889780165099695
28.55,9.0933305,44.36342233,0.1587085571970222,0.7742877871112743,-0.4071140153805878,0.2428718238179834,-1.1563985130789125,2.9184310239633304,-0.2839574087754875,2.0845905258733044,6.499755134708531,-6.5,0.0617267494435389,5.661510097907494
28.560000000000002,8.66043617,46.22051329,0.1511531258253073,0.8067001388722966,-0.4163370436768202,0.2710714879336301,-0.9223028296227676,2.8199664115632217,-0.2075558045343237,2.160451842259107,4.185453853003505,-6.5,0.0233299689862455,5.402728030276269
28.57,8.22986503,47.9689832,0.1436382417682419,0.8372166956738456,-0.4233342611932514,0.298086755127247,-0.699721751643765,2.701526719364148,-0.136018837752512,2.235860936642088,0.0002790393102268,-6.5,-2.740069774299004e-07,5.114541591402005
28.580000000000002,7.78884978,49.58669625,0.1359410736042359,0.8654511147488253,-0.4282404621047357,0.3237105072654886,-0.4906200911481794,2.562375213822853,-0.0697538522095849,2.311266453997576,3.159134575567675e-09,-6.5,1.5094521406946678e-11,4.797306711414109
28.59,7.33468133,51.05654261,0.1280143387930567,0.8911047732292792,-0.4311951309055535,0.3477358092914789,-0.2954668800816283,2.4025302025977946,-0.008631949706954,2.3870523357973097,5.3225488602416453e-14,-6.5,1.9302631580422641e-16,4.45126691831072
28.6,6.85581538,52.35638891,0.1196565512898662,0.9137913709341452,-0.4323525849303369,0.3699509051459373,-0.1157454024784452,2.2215095854478677,0.0472026546440328,2.4637704529380766,2.2716065392987338e-17,-6.5,-8.831260577983091e-19,4.075608527007156
28.61,6.34989288,53.47281639,0.1108265379049451,0.9332767063198882,-0.4318683770608626,0.3901510201389518,0.0484207869474092,2.0200114993004106,0.0980387170927413,2.5417784040394342,5.201372254156084e-18,-6.499999999999998,-5.075372183196779e-19,3.670201662434669
28.62,5.82635356,54.40803048,0.101689053007293,0.9495992714014307,-0.4298833652163784,0.4081575881521327,0.1985011844486046,1.8006568013197333,0.1446394955669578,2.6209870481740047,3.79246114103741e-16,-6.499999999999686,-5.558857929396554e-17,3.235900714429079
28.63,5.2554874,55.13434437,0.0917255589270762,0.9622758401848988,-0.4265738165371342,0.4237815425050061,0.3309548679242463,1.56239543528654,0.1861884206094799,2.7022298466297,2.683744811945001e-13,-6.499999999774782,-4.989062358901991e-14,2.766567325400432
28.64,4.71721486,55.74795576,0.0823309308310033,0.9729853792681378,-0.4220084705448271,0.4369732564589955,0.4565345992304733,1.3191713953982631,0.2262088868145183,2.782314766416985,3.105073483056078e-10,-6.499999534988542,-6.934935745086265e-11,2.280231948595777
28.650000000000002,4.1081291,56.12029618,0.0717003788919913,0.9794839455353962,-0.4163891454110822,0.4475441541431788,0.5619325133750078,1.0570897684192904,0.2608269715160544,2.865559659613492,1.1192367370241185e-07,-6.4934419209145045,-2.868687245790419e-08,1.7590336362775834
28.66,3.41259636,56.24604885,0.0595610425235737,0.9816787436700702,-0.4099283299485681,0.4553247167861971,0.6460815462510786,0.7780562643014316,0.289830834929175,2.9521036534042846,1.0009021376795972e-05,-0.036194275703581,-2.8441599637371384e-06,0.0068394180940478
28.67,2.73374656,56.26862918,0.0477128783870687,0.982072844774757,-0.4026962648759037,0.4603420342893232,0.7232065072660684,0.5017317503123495,0.3175917874809191,3.036732348081772,0.0005107228354138,-2.9353448772089416e-08,-0.0001587693135328,3.0899681005748194e-09
28.68,2.03728681,56.14924044,0.0355573626419521,0.9799891181719496,-0.3948056925413,0.4625880663449468,0.7890572334610895,0.2246032055625724,0.3428710935299908,3.120927364351825,0.012396827273948,-2.3488691245787625e-14,-0.0041546016038354,3.19379051277609e-16
28.69,1.30969682,55.88412433,0.0228585217118995,0.97536196915237,-0.3863817513134356,0.4620640484818757,0.8423941227860074,-0.0524017863070889,0.3652860982192916,-3.0782926668934225,0.1419468653155456,-1.5373497632639107e-16,-0.0506072828931394,-8.963835396424476e-19
28.7,0.57324918,55.4926609,0.0100050856253576,0.9685296433977196,-0.3775149046104339,0.4588075577750177,0.886684670299716,-0.3256490706856351,0.3858553520749761,-2.9856981764373067,0.8843149385111405,-2.1087706457074687e-12,-0.3324955546892275,-6.935170117378261e-16
28.71,-0.17263964,54.97226365,-0.0030131301374577,0.9594469979668958,-0.3682920601242074,0.4528635594483827,0.92228444862349,-0.5943998326640353,0.4046428841721974,-2.8950564956045057,2.692985513524956,-3.0653607631037844e-06,-1.059969679097856,-2.5186090946922617e-08
28.72,-0.9301286,54.32396318,-0.0162338065369653,0.948132020223169,-0.3587983807418017,0.4442880304183335,0.9493679382400784,-0.8575529030044824,0.4216338817602982,-2.8056750810643587,4.400242806128076,-0.9710206236713728,-1.8012972434866008,-0.0097129429400726
28.73,-1.68353515,53.54268201,-0.0293832314405566,0.9344960914228354,-0.349094283812398,0.433139643261028,0.9704096929412598,-1.1148387157315678,0.4375247464942715,-2.717393539555166,5.353074695233678,-6.499156960646037,-2.2694266548207485,-0.0655305673177571
28.740000000000002,-2.42913588,52.62524934,-0.0423964190843298,0.9184838706659728,-0.3392321395222307,0.4194816019461334,0.9862144290162196,-1.3658041314887577,0.45250887208198,-2.6301230410788485,5.791864034878998,-6.49999988391224,-2.5343234060849738,-0.0752153131071915
28.75,-3.13529742,51.58048518,-0.0547212630082835,0.90024929616714,-0.3292211010791109,0.403395397683866,1.0011038443114724,-1.6086204262259138,0.4679404910128121,-2.544180338215102,6.059884000337011,-6.499999999932692,-2.7357641759351834,-0.0897649686536662
28.76,-3.79125049,50.39773595,-0.0661698038183483,0.8796064278782123,-0.3190567463558618,0.3849558799502746,1.0164354723258358,-1.8439517733608253,0.484301735919099,-2.459182418353931,6.236584846799689,-6.4999999999998845,-2.906442216325361,-0.103362898333678
28.77,-4.3616946,49.08723895,-0.076125931736457,0.8567339403907042,-0.3086909126469789,0.3642563742337815,1.036583370887753,-2.0699505716482505,0.5031299379639896,-2.3754505314600065,6.37363076500974,-6.499999999999999,-3.0760185982346586,-0.1140715348473214
28.78,-4.81183883,47.66628118,-0.0839824306588117,0.8319335487724079,-0.2980358075474626,0.341415422240204,1.065510509951083,-2.284095199356581,0.5259414422355079,-2.2933969275812705,6.458847555515207,-6.5,-3.24519664185692,-0.1227481731128087
28.79,-5.11476334,46.14879419,-0.0892694607433021,0.8054484044407295,-0.2869773972002008,0.3165704878716249,1.1058410347271908,-2.484493436860164,0.5538813397868871,-2.213197800868789,6.491680556478904,-6.5,-3.41674616040052,-0.130095038198441
28.8,-5.23625822,44.54955165,-0.0913899464236176,0.7775363565797725,-0.275368686304527,0.2898770272319423,1.1608710895667895,-2.669346063966893,0.588337295892985,-2.134942314449754,6.49904655141192,-6.5,-3.6081533528592553,-0.1365352718721066
28.810000000000002,-5.15131774,42.88367973,-0.0899074553793932,0.7484614066592529,-0.2630446403815482,0.2615069500358071,1.232404592297245,-2.8370077196120755,0.6301486897484634,-2.058632043959052,6.499938119467052,-6.5,-3.8304646436898335,-0.1422804855411999
28.82,-4.84471039,41.16364243,-0.0845561476110785,0.7184410925171395,-0.2498368427180526,0.2316435003906798,1.3207797663507597,-2.9863449645154403,0.6795312913658961,-1.984147423671372,6.499997547016602,-6.5,-4.084234595865588,-0.1474017118021628
28.830000000000002,-4.28460032,39.42020641,-0.0747803827160026,0.6880123936702738,-0.2355535643711,0.2005015152813355,1.4283278346945336,-3.114198510932836,0.7371121819536496,-1.911586216321391,6.499999939720017,-6.5,-4.3680751757130425,-0.1518673185117899
28.84,-3.4506797,37.68054812,-0.0602257221967301,0.6576496286501594,-0.2199971796644794,0.1683199476474524,1.5556384706612587,-3.2181567633866672,0.8026218985358791,-1.8408312602332264,6.499999998994269,-6.5,-4.673852524975128,-0.1556209723701921
28.85,-2.34650872,35.95240626,-0.0409543030907577,0.6274878632516204,-0.2029960274943495,0.1353358269413941,1.7001152170145364,-3.298412070608827,0.8745151648855695,-1.7714758492333975,6.499999999986345,-6.5,-4.986625662838244,-0.1586094952676921
28.86,-0.96424232,34.25729019,-0.0168292032710687,0.5979025066266538,-0.1843889653686722,0.1017997398150387,1.8607062125667817,-3.3536087126338234,0.9514485097636624,-1.703259004947122,6.499999999999833,-6.5,-5.292843871454513,-0.1607757616210781
28.87,0.69687762,32.6339147,0.0121628089524618,0.5695692593299775,-0.1640344989725902,0.0679942887509732,2.035446639610053,-3.3805451064096235,1.0316810852395857,-1.6359461943276938,6.499999999999998,-6.5,-5.578706291187943,-0.1620786337883561
28.88,2.58657514,31.0468218,0.0451442525432332,0.5418692626899524,-0.141874998088915,0.0341418222622597,2.215950088366385,-3.38524664886962,1.1123114381316022,-1.568966949556864,6.5,-6.5,-5.829604709120017,-0.1624996666794423
28.89,4.74318444,29.58947828,0.0827841855073634,0.5164338199333486,-0.1178182807872676,0.0005617166342808,2.4056717301635016,-3.3580105627961685,1.1930307014660722,-1.5020978239090963,6.5,-6.5,-6.042603578439106,-0.162031652499024
28.900000000000002,7.02928817,28.13607306,0.1226842226379869,0.4910671134786761,-0.0919640300487134,-0.0326000899420782,2.5854250738577726,-3.3161806576389257,1.2704842548685698,-1.435066512189364,6.5,-6.5,-6.209835268224942,-0.1606908623177207
28.91,9.47646591,26.79998368,0.1653955315825006,0.4677479546967464,-0.0643745015201523,-0.0650738179348412,2.7589528528547054,-3.2473727992746437,1.345289275219351,-1.3674296893173477,6.5,-6.5,-6.335927642635066,-0.1585078220201614
28.92,11.95998035,25.48091016,0.2087410355813238,0.4447257786968751,-0.0352756142957992,-0.0967311984654406,2.9098887224338146,-3.165738053058317,1.416327298830159,-1.2995373424558565,6.5,-6.5,-6.422870200554195,-0.1555617443538675
28.93,14.41527482,24.16367298,0.2515940081888329,0.4217356528761899,-0.0049673595263646,-0.1274745798422395,3.030825476946214,-3.07433813768269,1.4840288053782125,-1.2316788997809365,6.5,-6.5,-6.475636015940439,-0.1519633507254137
28.94,16.80223272,22.87321827,0.2932542826503225,0.3992129693388213,0.0262142386791865,-0.1571873065890276,3.118159820553533,-2.97127267467729,1.5492157155180124,-1.1638098033948696,6.5,-6.5,-6.498492093886868,-0.1478154142893825
28.95,19.15795301,21.66034328,0.3343693579668581,0.378044307348228,0.0579996705666703,-0.1857046690271165,3.1785431887467537,-2.8517362438074243,1.6128191124997806,-1.0953962833183304,6.5,-6.5,-6.494282879473512,-0.1431698078817893
28.96,21.37903859,20.4456302,0.3731346143064261,0.3568435646351867,0.0900039616450211,-0.2129737031766448,3.2004291078379867,-2.7269034149553133,1.6754813780939224,-1.027765842260169,6.5,-6.5,-6.464543190782803,-0.1381747716124983
28.97,23.50046279,19.27369272,0.4101604514279127,0.3363893969816615,0.1219130028170082,-0.2388974660093595,3.190904117197076,-2.5923762832701485,1.737855511206892,-0.9604238388047464,6.5,-6.5,-6.409810283003556,-0.132804873123469
28.98,25.53772023,18.1641408,0.4457173014666636,0.3170240627558368,0.1534553329141102,-0.2633684163925671,3.15423300971307,-2.4470950383229826,1.8003318196283111,-0.8931592632223336,6.5,-6.5,-6.330035358236012,-0.1269767450708764
28.990000000000002,27.50507437,17.11601488,0.480054108762405,0.2987308144763421,0.1843989409148444,-0.2862942548512492,3.09436080007184,-2.292583845867034,1.8631099886756548,-0.8261457026866685,6.5,-6.5,-6.224992357999767,-0.1205529182950654
29.0,29.42278597,16.14798003,0.5135244902860935,0.2818354190697927,0.2145572794402401,-0.3075738618655594,3.015833852538028,-2.1279607014299318,1.9261613263250277,-0.7590893236791648,6.5,-6.5,-6.094755787055124,-0.1132527720057941
29.01,31.30431709,15.2612503,0.54636340330883,0.2663590657059724,0.2437783306430692,-0.3271192567198543,2.9221051202855604,-1.9545394854312736,1.989359315412532,-0.6920890697648574,6.5,-6.49999999999999,-5.939813311287585,-0.1047237683159811
29.02,33.15794728,14.45172769,0.5787153532386982,0.2522302307921344,0.2719363336300007,-0.3448614739634431,2.8158002986917148,-1.7742217243579632,2.0525270587479305,-0.6253939349724843,6.5,-6.499999999999089,-5.761114057950795,-0.0945436007807678
29.03,34.99253294,13.71302627,0.6107349134155713,0.2393374588239769,0.2989312919604442,-0.3607523297955338,2.699495833042965,-1.5890855832082582,2.1153949331911166,-0.5593302850338484,6.5,-6.499999999837845,-5.560298817304458,-0.0831204297364204
29.04,36.80678008,13.03361329,0.642399499453462,0.2274794653421905,0.3246747396759639,-0.37476938416613,2.574344771554309,-1.4017054370608997,2.1778148533664115,-0.4943879999295628,6.5,-6.499999946244434,-5.33904617664944,-0.0726981290279148
29.05,38.60127776,12.40358294,0.6737193923888615,0.2164833613471982,0.3490917782360772,-0.3869123413300836,2.44170385601008,-1.214295716394737,2.239590297854435,-0.4310023248802522,6.5,-6.499964777398492,-5.099519259393941,-0.0659403998484088
29.060000000000002,40.3650456,11.81397157,0.70450294843765,0.2061927016335037,0.37210579055305,-0.3972004094460853,2.301401231696109,-1.0288068115996485,2.3007784625953693,-0.3695556665473844,6.5,-6.451644960690342,-4.843096641247625,-0.0643447433499399
29.07,42.09748058,11.25392069,0.7347396429153722,0.196417969798812,0.3936521808113473,-0.4056731383949153,2.1546390258316896,-0.847272894883765,2.3612208511117445,-0.3104621020179371,6.5,-0.2731633252250608,-4.572136897839609,-0.0027004589318177
29.080000000000002,43.77857964,10.71849285,0.7640803565645538,0.1870729910839707,0.4136531935771725,-0.4123817618057651,2.000101276581499,-0.6708623410846392,2.421269328654857,-0.2538864510564215,6.499999999999998,-4.214212441128687e-05,-4.286716963749813,-3.603762240542943e-07
29.09,45.40185483,10.20107959,0.7924118532959903,0.1780424261034932,0.4320364886235525,-0.4173901511689564,1.838329504637052,-0.5008389363188694,2.4809593900870635,-0.2000124899383281,6.499999999999898,-3.342108933686908e-09,-3.988213399020083,-1.6273368184567005e-11
29.1,46.94216535,9.70133659,0.8192953433730964,0.1693202653396992,0.4487114386383773,-0.420766162127118,1.6674950014839995,-0.3376010958164661,2.540887936516272,-0.1487579550865692,6.499999999991074,-2.575931966032657e-13,-3.674954813715836,6.31238957666657e-17
29.11,48.38613838,9.21931986,0.8444974270565951,0.1609074863515026,0.4635859337984856,-0.4225805642258527,1.487449516010075,-0.1814402098733807,2.601345693329468,-0.1000008965044689,6.499999998471381,-8.818809593235805e-17,-3.3457185105972345,-1.6184583913523213e-21
29.12,49.70945448,8.74973,0.8675936500462457,0.1527115971605234,0.4765530932074637,-0.4229129090002277,1.2967159408989872,-0.033234477437535,2.662999269362138,-0.0538020567078398,6.4999993760036086,-1.5570568431592965e-18,-2.996258435326314,-1.1113456534719812e-20
29.13,50.90028171,8.30129495,0.8883775060321496,0.144884929056678,0.487508822547141,-0.4218337943182651,1.0955729339671652,0.1079114681962093,2.7261413476157705,-0.0096784788624448,6.499259870458683,-5.730873869718051e-18,-2.623416296337943,-2.283569236893147e-20
29.14,51.94125822,7.87010591,0.9065459735675692,0.1373592606101645,0.4963451702257743,-0.4194202505067532,0.8836347678628818,0.2413543811510696,2.791276353462896,0.0323655801777896,4.300003663387208,-1.1245430520022246e-15,-1.471697181557453,2.68401333004744e-17
29.150000000000002,52.82103696,7.45732913,0.9219010092696164,0.1301549467233842,0.50295886807509,-0.4157488783500055,0.6613697849321718,0.367137215675096,2.858718532979489,0.072526332481634,0.0006166513560081,-1.0324589201219017e-12,-0.0001711014279936,6.98639757288525e-14
29.16,53.53151246,7.05763278,0.9343011459993692,0.1231789294076806,0.5072556979853845,-0.4109032892247993,0.4296829910292254,0.4845589125203794,2.9286750096237624,0.1107474366596012,8.848982714612451e-09,-9.177775623468923e-10,-1.8655120587027903e-09,1.0255183956508216e-10
29.17,54.08101454,6.6756583,0.9438917665419264,0.1165122170730873,0.5091712647844459,-0.4049613224815567,0.1915566799060372,0.5941966743239504,3.0007298222142413,0.1473603623983392,3.920556312373872e-13,-4.48236725724075e-07,-5.6010023804456535e-14,6.689122619799817e-08
29.18,54.4555048,6.29187834,0.9504278545955762,0.1098139931679152,0.5086407564244992,-0.3980239614560558,-0.0530508359947095,0.6937361025507275,3.0753299416407645,0.1817468638298277,1.7821461889621622e-14,-9.166313597618418e-05,-1.0750530622744314e-15,1.666180937089565e-05
29.19,54.65544312,5.88854677,0.9539174365804822,0.1027745292941772,0.5056177840626832,-0.3902111515442644,-0.3022972361814487,0.78128099117874,3.1281949044688697,0.2133742050663487,2.099817498789885e-11,-0.0074260602464752,-1.6978245446096572e-13,0.0015687204302112
29.2,54.71665048,5.48094084,0.9549857065389356,0.0956604637650237,0.5001182690939607,-0.38162048600533,-0.5499514968719661,0.8590665538929999,-3.0824612104933173,0.2430114490867229,2.357741475678896e-06,-0.2820976947522419,1.5204558476006782e-08,0.0675032243481723
29.21,54.65076802,5.06184634,0.9538358406926224,0.0883458848630243,0.492185092555702,-0.3723551603552921,-0.7933176538265917,0.926532565004633,-3.0093842796555945,0.270499898087978,0.202799290157282,-3.1325140778393807,-0.0002259730651906,0.8319367205579923
29.22,54.44148559,4.59500069,0.9501831732225476,0.0801978911719112,0.481850385708137,-0.3625578181700906,-1.0334706847559758,0.9797342185196496,-2.935036834647009,0.2944971663748211,6.490844100694111,-5.842734872146567,0.0355995444795986,1.6865031815472125
29.23,54.12194422,4.09061154,0.9446061242197143,0.0713946397930757,0.4691990275679046,-0.3523516544451181,-1.265135814024389,1.0206163724981745,-2.8605866731959093,0.3155346588198688,6.499997972990031,-6.362612871676608,0.061299505389014,1.965369225073833
29.240000000000002,53.69529218,3.5465859,0.9371596413613638,0.0618996011598063,0.4543262318606332,-0.3418558663106543,-1.4872795707263735,1.049578813445841,-2.7859697673285924,0.3335985704269394,6.499999998322539,-6.45383131431188,0.0649789433887395,2.105547764921426
29.25,53.16691956,2.96113764,0.9279377994649748,0.0516816014227345,0.437339149836359,-0.3311849975176449,-1.6987082024265543,1.067086879300392,-2.7111816030284963,0.348653210109841,6.499999999995925,-6.474721972411618,0.0659028761112337,2.2057147469021245
29.26,52.5492731,2.36335629,0.9171578351246874,0.0412483486582179,0.4183644107968924,-0.320411821995926,-1.8974739039483817,1.0773175521728713,-2.636445291492884,0.3619639657694303,6.499999999999975,-6.481198524347177,0.0742586476659368,2.290213887724607
29.27,51.80103365,1.70278412,0.904098593128876,0.0297191893446742,0.3974777005467989,-0.3096649070312696,-2.0886710250082903,1.0746914964650964,-2.5600338790162533,0.3712991420706705,6.5,-6.4759488185905125,0.0869977193046169,2.345796402632478
29.28,50.90043044,0.96807274,0.888380101860346,0.016896056711803,0.3747319398646673,-0.2990774430340783,-2.2745760682119887,1.0587463997185822,-2.4811378577543715,0.3760606022672454,6.5,-6.445535370151894,0.1001355551445867,2.363855387367627
29.29,49.99785976,0.43783719,0.8726272717623819,0.0076417005531799,0.3503774869133625,-0.2884398389451069,-2.435445295132693,1.063760408898114,-2.4046932133702046,0.3891471807592877,6.5,-6.450214846361861,0.1105858533766142,2.4452177103476864
29.3,48.95562852,-0.07270555,0.8544369050572386,-0.0012689512319733,0.3244802760970895,-0.2777778974672493,-2.5897210816259806,1.066194147785214,-2.325802068198508,0.4019968928368508,6.5,-6.4493395001529,0.1194904123612079,2.522560808207896
29.310000000000002,47.85124329,-0.46843126,0.8351617465833437,-0.0081756678062656,0.2972084138609012,-0.2670021414389469,-2.727186223617432,1.0775756028296817,-2.246813657125295,0.4192881162272115,6.5,-6.46522486925117,0.1271235655705173,2.6326238298650684
29.32,46.58499654,-0.82622874,0.8130615716531663,-0.0144204118876041,0.2685986454102778,-0.2561216604444978,-2.860976845064948,1.0880480994459056,-2.1648504761993284,0.4373369642949504,6.5,-6.475265004949192,0.1341448122216124,2.744066837943117
29.330000000000002,45.31982743,-0.9584874,0.7909802050891399,-0.0167287609688799,0.2388994906056289,-0.2449213404083153,-2.9699154804633605,1.12003200361767,-2.0842169011046563,0.4657383622531594,6.5,-6.493021248742574,0.1404093894180502,2.9184916371897245
29.34,43.87252879,-1.0463896,0.7657200785615038,-0.0182629437786264,0.2081146612012683,-0.2334188389896854,-3.078482940434489,1.1502501418624025,-2.000537863361385,0.495357980500153,6.5,-6.49783724283815,0.146318283284685,3.091635982577989
29.35,42.41424361,-0.90802829,0.7402682007374657,-0.0158480833617539,0.1764711245885269,-0.2214148327951563,-3.164353661277019,1.2004006194540071,-1.917672602276847,0.5357141848304716,6.5,-6.499695675406464,0.1515150563843003,3.3203443775856547
29.36,40.91416962,-0.58039045,0.7140869705884373,-0.0101297242996315,0.1441450440262228,-0.2087703357811708,-3.2326080562287536,1.2644497013979017,-1.83480081510625,0.5848146369541234,6.5,-6.499973342555669,0.155909639536582,3.5896900611590103
29.37,39.39299871,-0.05563083,0.6875375297233789,-0.0009709411491172,0.1113299631020359,-0.1953496936213904,-3.2815080924216797,1.3420642159792573,-1.7521148822118164,0.6428231239984037,6.5,-6.499998427424167,0.1593064366505344,3.896485843690144
29.38,37.88036192,0.67976308,0.6611370373510809,0.0118641038794976,0.0782458583586291,-0.1810142524536659,-3.3084104743389884,1.4335441167717144,-1.6697423008689252,0.7098928882998716,6.5,-6.499999933837247,0.1615322178306587,4.235581934873994
29.39,36.40488006,1.61696721,0.6353850208406309,0.0282214017112865,0.0451347477059586,-0.1656499163683596,-3.311111065265349,1.5364336085298465,-1.587586651571392,0.7847161030944676,6.5,-6.499999997699906,0.162471927563951,4.592173145002808
29.400000000000002,35.01080281,2.76945192,0.6110537828009828,0.0483360544796785,0.0122776301908542,-0.1491394011715096,-3.285711751513431,1.6510515196865057,-1.5053642446049202,0.8666832733033788,6.5,-6.499999999931348,0.1620749874267364,4.953767253643631
29.41,33.71655544,4.12557925,0.5884649048592054,0.0720049414644582,-0.0200426724157784,-0.1313930066633429,-3.2320302606616123,1.7746394508157568,-1.4225216031162378,0.9537004485068492,6.5,-6.499999999998013,0.1603468093281705,5.301343188238218
29.42,32.56399107,5.67846824,0.5683488617615313,0.0991079672579275,-0.0515134275984606,-0.1123414862534801,-3.147075518266612,1.905152040985312,-1.3382781097627474,1.043790437442632,6.5,-6.4999999999999405,0.1573297904724674,5.618758221326448
29.43,31.57784101,7.40951578,0.5511372962957917,0.1293204463394758,-0.0818176139166664,-0.0919489812803668,-3.0304186318233333,2.039250497313181,-1.2516913061927484,1.1346980972298772,6.5,-6.499999999999998,0.153086213197938,5.892568038544945
29.44,30.76511721,9.29503074,0.5369525900764718,0.162228890487085,-0.110658457851546,-0.0702169885027425,-2.884084393486491,2.1731992777613214,-1.1619065984421375,1.2244847771289071,6.5,-6.5,0.1476921219952378,6.114963707131574
29.45,30.14164325,11.31882957,0.5260709166740244,0.197550843468594,-0.1377483872098504,-0.0471728435435804,-2.7089929358290483,2.304414495915028,-1.067913466863493,1.3119439390350836,6.5,-6.5,0.1411867571503252,6.284065365235765
29.46,28.92752427,13.75145057,0.5048805429620691,0.2400080893717509,-0.1638201054435303,-0.0225256150324493,-2.607171823370367,2.4647228511153507,-0.9874670308408972,1.3998279977856949,6.5,-6.5,0.1350114945705059,6.405548810487457
29.47,27.68121026,15.41906117,0.4831282599738356,0.2691133849829091,-0.1888491669255877,0.0025868103642503,-2.5029061482044552,2.511242539668685,-0.9099167377185888,1.4756241498839169,6.5,-6.5,0.128479052661637,6.470690543875621
29.48,26.46281716,17.07965118,0.461863288795255,0.2980961481831347,-0.2127419301308041,0.02800659251166,-2.389276320523817,2.5419782147432866,-0.8340669256693168,1.550315239282611,6.5,-6.5,0.1213517297694717,6.498641829677671
29.490000000000002,25.33428332,18.81700846,0.4421666575670802,0.3284187530026277,-0.2353388033710688,0.0536849595421193,-2.2596873240253097,2.567836703044609,-0.7582750271167651,1.6241925161406447,6.5,-6.5,0.1131573750112076,6.490770131589747
29.5,24.24937533,20.57641091,0.4232314410603864,0.3591261186227826,-0.2565572071365294,0.0795096686912536,-2.1218403765449727,2.582470914912115,-0.6842012465585045,1.6969389449529129,6.5,-6.5,0.1036174710142984,6.448535928424394
29.51,22.31128108,21.36853403,0.3894053151839163,0.3729512751479527,-0.2774657593344429,0.1041945941685265,-2.090855219793256,2.468492547729529,-0.6424336020084601,1.7748204133148704,6.499999999999999,-6.5,0.0973296156205109,6.36561191553135
29.52,20.94194847,22.81302161,0.3655059525844889,0.3981623394231177,-0.2972521740973589,0.1284795101715054,-1.9786414762905804,2.428491600296652,-0.5825821445878394,1.847947735477605,6.499999999999995,-6.5,0.0871767976844334,6.252629034716797
29.53,19.61314827,24.28655983,0.3423140139933298,0.4238804330160943,-0.3158393411443254,0.1523114720321171,-1.8587167046956996,2.3831961860599487,-0.5243609190274195,1.920112920452811,6.49999999999989,-6.5,0.0772439340578029,6.10831195011309
29.54,18.30521718,25.7963752,0.3194863100836315,0.4502316823198107,-0.3331868687476097,0.1756516732771367,-1.734752760330012,2.334020124504085,-0.4685224465834826,1.9907783169977824,6.499999999997131,-6.5,0.0693693776523248,5.936058206344076
29.55,17.04029529,27.33893537,0.2974092583225819,0.4771544361964342,-0.3492355916657098,0.1984618196955059,-1.6048722918091844,2.2810146418357453,-0.4142562411524858,2.0595949589156795,6.499999999890717,-6.5,0.0650923442054692,5.739666571698828
29.560000000000002,15.82342297,28.92962955,0.2761708297621999,0.5049172870297456,-0.3639309542189669,0.2207268462133836,-1.4695362553249631,2.22650265178664,-0.361404851296072,2.1258619160058787,6.4999999935785855,-6.5,0.0649196448592328,5.524694971629554
29.57,14.70174008,30.53415778,0.2565937701684145,0.5329215875844424,-0.3771695735019519,0.242394108704179,-1.3238619282997015,2.166726249081505,-0.3082615087411589,2.1901112435170305,6.499999252788889,-6.5,0.0641274070816224,5.292968238514193
29.580000000000002,13.6589905,32.17438277,0.2383943567236265,0.5615489141334334,-0.3888837731269132,0.2634432060995553,-1.1714199624955293,2.104909739536556,-0.2555700292048512,2.251568232844878,6.499825353992465,-6.5,0.0560407578520527,5.050792222268638
29.59,12.71915898,33.81901372,0.2219912022856036,0.5902531391911356,-0.3989883164779633,0.2838204523575983,-1.0104543351044986,2.0377246258032518,-0.2025089286646819,2.3109759362294597,6.398354223431146,-6.499999999999998,0.0326965456908799,4.79858216213645
29.6,11.26038509,34.58016383,0.196530794862978,0.6035377147125527,-0.4082011846038778,0.302419492240262,-0.9212868125922864,1.859903988268062,-0.1722778185627049,2.3960840400071013,3.8633201342456087,-6.499999999999886,0.0074599907672173,4.408317527020789
29.61,9.95076876,35.40503398,0.1736736779665934,0.6179344147314721,-0.4163453294037218,0.3193478715195553,-0.8144144799839822,1.69283792792847,-0.1381197663451517,2.476693084714639,0.0743109500837873,-6.499999999989943,-6.615170270675538e-05,4.010009996726139
29.62,8.70844868,36.1217145,0.151991102206954,0.6304428494903773,-0.4233658621111862,0.3345084499873191,-0.7020532707470829,1.516057846777754,-0.1035108173249514,2.5584784409377783,0.0003155160969036,-6.49999999817605,-1.0639281368547699e-07,3.580527866337834
29.63,7.49881733,36.67375976,0.1308790524141101,0.6400778568974055,-0.4292615359166727,0.3477516176433529,-0.5895673805483429,1.3243167656027008,-0.0698294249958857,2.643559873018801,9.072934432757272e-07,-6.499999024219987,4.323472634138013e-09,3.1079502087645934
29.64,6.33135642,37.08479167,0.1105030156462809,0.6472517170576665,-0.434024949626959,0.3589751295585668,-0.4763413710283887,1.1223511915208182,-0.0367085805587536,2.7308707881695327,1.868126575254203e-09,-6.49822633584731,1.5296266794791126e-11,2.5944928392565068
29.650000000000002,5.20135596,37.35480493,0.0907807870702304,0.65196433746871,-0.4376610380948299,0.368093184413453,-0.3636088467874197,0.9118054854894496,-0.0043206812999641,2.8202325074396644,3.702076978475321e-12,-1.9572738507485352,7.289809645596376e-15,0.6155523113449765
29.66,4.07871508,37.46885296,0.0711870073967439,0.6539548510976232,-0.4402183488657076,0.3750179017587062,-0.2557310770876366,0.6924717345249641,0.0262725444518135,2.9121159703598485,1.4236185244619825e-14,-4.2211039734204926e-05,-2.608122693550825e-16,9.55803762677128e-06
29.67,2.99333037,37.45749501,0.05224347055644,0.6537566174738464,-0.4417095500901111,0.3797141818052902,-0.149120122440273,0.4696280046581664,0.0562608308599447,3.004771263810015,1.7442615891410487e-16,-7.282817562944832e-11,-8.519954588364002e-18,1.0112088942788129e-11
29.68,1.90743812,37.29966265,0.0332910754720507,0.6510019231256533,-0.4421997666935598,0.3821346921501397,-0.0490216603449224,0.242051034485167,0.0843167570486298,3.0989331007354144,1.6844517393014092e-17,-3.8581871113965977e-17,-1.3744789402099304e-18,1.3149967388271546e-18
29.69,0.7929537,36.98849786,0.0138396528808713,0.6455710730238766,-0.4417901547747862,0.3822378973385212,0.0409611918773435,0.0103205188381474,0.1095693449759725,-3.088591359702031,1.4677416672842402e-17,-8.659898585013926e-21,-1.621207833525932e-18,-6.260397470882588e-23
29.7,-0.36444852,36.52210874,-0.0063608266280204,0.6374310472843977,-0.4405973059914786,0.3799938004234769,0.1192848783306943,-0.2244096915043198,0.1316991776311873,3.080557715676896,6.067428447742564e-17,-1.1223508802895435e-17,-8.11199991542711e-18,6.091608297939002e-19
29.71,-1.53950264,35.92757742,-0.0268693899111449,0.6270545182441696,-0.4387013182191914,0.3754178718017948,0.1895987772288946,-0.4575928621686263,0.1518080411829087,-3.1224578048032243,6.034299621684547e-16,-2.6597484877759097e-11,-9.264992824180888e-17,-1.7270379421788022e-13
29.72,-2.76627863,35.19515294,-0.0482806701210579,0.6142712995459623,-0.4362232587033949,0.3685239446107952,0.2478059515795281,-0.6893927190996044,0.1687989126797049,-3.040563960318556,6.838013438221876e-15,-2.9189382235246534e-05,-1.1602951274345686e-15,2.701085649879357e-09
29.73,-4.03694056,34.34804191,-0.0704579044793037,0.5994864229425018,-0.4332684197004804,0.3593635856831311,0.2954839002917176,-0.9160358927672478,0.183126035012309,-2.957867570234305,6.273418340019754e-14,-2.006466708926098,-1.1483761477450351e-14,-0.0063501065283103
29.740000000000002,-5.33516641,33.41442833,-0.0931162199963057,0.5831917920301704,-0.4299161534603549,0.3480292175803723,0.3352266240123753,-1.1334368102752932,0.1955091734143694,-2.875453101126777,4.358212631022137e-13,-6.498697696909074,-8.479168064226438e-14,-0.0585769784105737
29.75,-6.6473931,32.41383632,-0.1160188962693526,0.5657281669865224,-0.4262248415536742,0.3346405664489066,0.3691311906678817,-1.338865113145885,0.2065242231889316,-2.793941904356474,2.3498804819330256e-12,-6.49999934213394,-4.813133179446117e-13,-0.0650346274736869
29.76,-7.94638596,31.38031605,-0.1386905986362504,0.5476898353889216,-0.4222157849585413,0.3193595636988482,0.4009056595136544,-1.528100275007229,0.2172111907759937,-2.7144554283365783,1.1685145239522694e-11,-6.49999999861591,-2.5105887108864e-12,-0.0657032851795525
29.77,-9.20777125,30.33819478,-0.1607059250829739,0.5295013880223567,-0.4178794255378109,0.3023751065541688,0.4336359420728188,-1.6984457144670757,0.2284618926098357,-2.637543061436042,6.316913296399779e-11,-6.499999999990634,-1.4242977808371167e-11,-0.0740953893642654
29.78,-10.39705988,29.31970174,-0.1814629274330065,0.5117253310657104,-0.4131648319723712,0.2839097594243251,0.4714593565437328,-1.846534712983421,0.2415045740031444,-2.5639323834223804,4.700562036953632e-10,-6.499999999999825,-1.1180545384149927e-10,-0.0863154821847789
29.79,-11.48906086,28.34654164,-0.2005219399690113,0.4947404831716732,-0.4079947870334333,0.2642038626726573,0.5170044938942558,-1.9705896751685763,0.2571813764346161,-2.493787834757258,5.5460717173332895e-09,-6.499999999999992,-1.402146024844842e-09,-0.0981814925209725
29.8,-12.45677415,27.44520997,-0.217411723094818,0.4790092778776741,-0.4022658402123034,0.2435189175482523,0.5728946821127023,-2.0684945124394414,0.2763721748239406,-2.42737817675936,1.1705613068858857e-07,-6.499999999999999,-3.17479289748601e-08,-0.1077038176536161
29.810000000000002,-13.2803854,26.63569896,-0.2317864511637841,0.4648806454220294,-0.3958599020115954,0.2221271718141176,0.6405938200704673,-2.1391745734123773,0.2996593063735114,-2.364667532385967,4.505508195267141e-06,-6.5,-1.3228964060706677e-06,-0.1152981858987525
29.82,-13.95496376,25.92487571,-0.2435600646084877,0.4524744393098026,-0.3886648310861185,0.2002939671896272,0.7195070925483431,-2.1833204624510283,0.3270528710170897,-2.305143485179048,0.0002782932946096,-6.5,-8.904397535078201e-05,-0.12158968426642
29.830000000000002,-14.46506223,25.33570788,-0.2524629624193732,0.4421915208294724,-0.3805612944459643,0.1782961917549959,0.8103536640150029,-2.1997775434620017,0.3589570139831913,-2.2489179581845984,0.0256321473570757,-6.5,-0.0089840480102261,-0.1269327525684818
29.84,-14.83422115,24.85896931,-0.2589060010364796,0.4338708631117229,-0.3714733667432329,0.1563817898097543,0.908792770272683,-2.191440194523034,0.3943192705936179,-2.195008109296477,1.8531838852733609,-6.5,-0.7115277607358086,-0.1316474679199427
29.85,-15.0767999,24.49040802,-0.2631397989193518,0.4274382551058253,-0.3613541565389865,0.1347765054836067,1.011921020425559,-2.160528432616732,0.4324943424637665,-2.14268529403586,6.325938356989431,-6.5,-2.6527645713700765,-0.1359242350820647
29.86,-15.27904779,24.25454329,-0.2666696905050631,0.4233216389779978,-0.3502750611468212,0.1137186598864934,1.1079095392159617,-2.1057845597102496,0.4702698600668394,-2.0922350686448894,6.496426659182587,-6.499999999999999,-2.946385806101241,-0.1398116061172075
29.87,-16.81750765,23.27612979,-0.2935208804718341,0.4062451019570363,-0.3400517966234607,0.0923832636779236,1.0223264523369828,-2.13353962085892,0.4567112343926256,-2.0148067543032617,6.347320481759472,-6.5,-2.801465573307364,-0.1453545304016405
29.88,24.33201207,2.30150231,0.424673724256501,0.0401687930517552,-0.2504963611731247,0.0734824185154344,0.0,0.0,0.1621852864839188,2.6110725338852183,5.662189901837527e-30,-1.3246021128176452e-56,-9.254756864682233e-31,6.707601757058903e-57
29.89,24.62932165,4.38577097,0.4298627553252225,0.0765461436648854,-0.1657332663243524,0.0580170953363456,8.476309484872893,-1.546532317908082,1.4019092703604394,-2.767440163046848,6.5,-6.499999997863543,-6.407829836377781,-0.0647778157352598
29.900000000000002,23.91800142,5.64281666,0.4174478752756791,0.0984857298033894,-0.0871469312004738,0.044837020204362,7.858633512383845,-1.3180075131976905,1.4585141929191654,-2.8206086529845984,6.5,-6.499993625282952,-6.459214875823218,-0.0647247367509271
29.91,23.51504767,7.50910433,0.410415005604921,0.1310585944342628,-0.0143207433007344,0.0345739341470715,7.28261878998056,-1.0263086057299788,1.5199242834262865,-2.90861120915596,6.5,-5.136998508301196,-6.491621982288023,-0.0383851092318544
29.92,22.96099232,9.34165209,0.4007449155091314,0.1630425865463096,0.052579545680899,0.0270346830692198,6.6900288981599285,-0.7539251077847844,1.5856606791712953,-3.003960950643312,6.5,-4.934864155492548e-06,-6.499284604556382,4.503873911940979e-09
29.93,22.64096371,11.28905511,0.3951593625640506,0.1970311811085906,0.113920157061604,0.0222033583852539,6.134061138076071,-0.48313246839703,1.6564815750207715,-3.1090625703311767,6.5,-1.0942882618973777e-15,-6.476239713380324,-8.848018460645864e-18
29.94,22.36710054,13.2251842,0.3903795485476016,0.2308230084727322,0.1698325364078875,0.0199013878401835,5.591237934625494,-0.2301970545069211,1.7325103031335256,3.0714166558006872,6.5,-9.97126515502652e-32,-6.41547895248508,6.471593852196389e-33
29.95,22.42812731,15.46664872,0.3914446666159589,0.2699439444133665,0.2208342523270685,0.0203278461229784,5.100171591915492,0.0426458282794671,1.8128034023778417,2.962303365327282,6.5,-3.386283186536268e-66,-6.311142518577186,6.077896403480988e-67
29.96,22.19105356,17.36403481,0.387306949108409,0.303059578865408,0.2666289060073428,0.0228800902453171,4.579465368031589,0.2552244122341039,1.8998187762234888,2.8830584746087333,6.5,-1.7616970749241917e-29,-6.152155168985148,4.476690519460559e-30
29.97,21.81288359,19.10819432,0.3807066379997408,0.3335009049948789,0.3071688790917498,0.0272142721114644,4.05399730843863,0.4334181866145085,1.993707516958109,2.8236237307305583,6.5,-5.023328967157412e-18,-5.928268652843093,1.5634328990622013e-18
29.98,21.34109251,20.7375527,0.3724723302722009,0.3619385734208398,0.3424986347969769,0.0330474312990945,3.5329755705209043,0.5833159187627116,2.0945700496851174,2.780521023398457,6.5,-1.3896265919387112e-11,-5.629308723945802,4.898618142982326e-12
29.990000000000002,20.79080285,22.26392838,0.3628679638655207,0.3885788546592072,0.3727067176889121,0.0401229746334113,3.0208082891962635,0.7075543334323193,2.2023369600742284,2.751067878758399,6.5,-2.166508473191355e-07,-5.246358976193799,8.24109711627999e-08
30.0,20.18582353,23.70097817,0.3523090828250443,0.4136601050098003,0.3979330485407487,0.0482123102997651,2.5226330851823717,0.8089335666349697,2.316266167353941,2.7325667445869013,6.5,-0.0001766212438464,-4.775293878589484,7.023968894100235e-05
30.01,19.54005251,25.05107204,0.3410382523120822,0.4372236882522926,0.4183518104813633,0.0571005812953705,2.0418761940604147,0.888827099560086,2.435141586753347,2.7230058739315863,6.499999999999999,-0.0198229643448594,-4.218610873333801,0.0080590156568988
30.02,18.12106031,25.87798094,0.3162721663619643,0.4516559711713371,0.4332210138786677,0.0660643479049762,1.4869203397317932,0.8963766609613842,2.578995283645278,2.734394633796655,6.499999997939793,-0.0312009184297543,-3.468976294175036,0.0123550832305387
30.03,17.53494949,27.11460401,0.3060426027714005,0.4732391153489575,0.4439203555082021,0.0755407176756283,1.0699341629528925,0.9476369770647234,2.6985901886926684,2.7339566413507947,6.495828977819615,-0.4792119052641504,-2.7863315267480253,0.1899559161768203
30.04,16.94432019,28.2609829,0.2957341768276511,0.4932472014548154,0.4506889694568534,0.0853388975244795,0.6768613948647785,0.9798179848846134,2.816241426593617,2.738954048770365,0.0002100084450309,-1.9730159998070007,-6.685198157142294e-05,0.7728973276796481
30.05,16.37476738,29.32735748,0.2857936050291655,0.5118589489353871,0.4538020552420561,0.0952918965144871,0.3113085785205527,0.995299899001666,2.9293951976376595,2.748040324322728,6.975558997374417e-13,-3.237909658163038,-1.465847134086624e-13,1.2408618699714986
30.060000000000002,16.02812964,30.50792779,0.2797436351544934,0.5324637878961772,0.453790356582049,0.1054745534256926,-0.0011698660007047,1.0182656911200316,3.028669933216835,2.754996114938268,4.52635530018975e-17,-4.962613582220429,-5.164307425627177e-18,1.8693687921351188
30.07,15.45618061,30.39250783,0.2697612414274056,0.530449329571657,0.4505939420065991,0.1142778631426879,-0.3196414575452853,0.8803309717003257,-2.746302637008924,2.79901926077786,8.466900402342384e-13,-0.016808295037406,8.428866384006325e-15,0.0056282450428973
30.080000000000002,15.03570141,31.19731555,0.2624224949512538,0.5444958741311257,0.4446522231313337,0.1228461487736836,-0.5941718875262361,0.8568285630991354,-2.692027684907706,2.8136231383340435,2.172155021652425e-06,-0.0047666234363741,2.2523116871854715e-08,0.0015293464160373
30.09,14.69571285,31.97633596,0.2564885751601395,0.5580923452258618,0.4362971726463828,0.1311210076321836,-0.8355050484946613,0.8274858858495756,-2.6403864420453886,2.828677863034433,0.3209431640938331,-0.0009335297866319,0.0036378491759269,0.000286008648221
30.1,14.43646123,32.70351984,0.2519637808000104,0.5707840981992891,0.4258497289128324,0.1390184308592723,-1.0447443733559834,0.7897423227095879,-2.5905519625710967,2.844733406061867,6.484421124782189,-0.0001043524251626,0.081496500676286,3.0358496797805063e-05
30.11,14.23750812,33.37390443,0.2484913939734279,0.5824845165494215,0.4135926463950952,0.1464560306632891,-1.2257082517731002,0.7437599804013038,-2.541414996587996,2.861699529845023,6.499983297134469,-6.274625078742007e-06,0.0902446818942387,1.7230308460919712e-06
30.12,14.0766998,33.95982799,0.2456847593248272,0.5927108118364279,0.3997695985916391,0.1533263438299463,-1.3823047803448985,0.6870313166653662,-2.491961257748566,2.880106408278213,6.49999991860434,-1.546909509490546e-07,0.0984681277069843,3.9746118357085845e-08
30.13,13.94228947,34.43552128,0.2433388565176351,0.6010132259765723,0.3845999386803425,0.1595013194687396,-1.5169659911310391,0.6174975638798884,-2.4414847118753835,2.9003796706523413,6.499999998776124,-1.1115778830966735e-09,0.1058242731342488,2.640864093453492e-10
30.14,13.84258237,34.80311817,0.2415986393350199,0.6074290020271635,0.3683047555994497,0.1648674902967833,-1.6295183080884448,0.5366170828040975,-2.389763405279592,2.922191711187423,6.499999999953334,-1.885703785542179e-12,0.1123957610187123,4.090380613197556e-13
30.150000000000002,13.77234856,35.05322634,0.2403728281042998,0.6117942130798013,0.3510884166379884,0.1693118173896518,-1.7216338961452489,0.4444327092866242,-2.336329655551665,2.945585796911009,6.499999999996255,-4.727164846867224e-16,0.1183878988319622,9.218857906580292e-17
30.16,13.72376269,35.17072016,0.2395248447028538,0.6138448670895469,0.333135421089116,0.1727153911580196,-1.7952995548888804,0.3403573768370846,-2.280703181543,2.970789079461396,6.499999999999452,-7.896704453563172e-21,0.1239736195825133,1.3547845156819422e-21
30.17,13.69819121,35.16508774,0.2390785381822459,0.6137465628156916,0.3146225424984368,0.1749836242501908,-1.8512878590669657,0.2268233092170063,-2.222638148358744,2.9974072929026603,6.499999999999865,-4.648046852726709e-27,0.1292745473569913,6.792269977179734e-28
30.18,13.68910249,35.01087489,0.2389199100934541,0.6110550408343075,0.2957084443907035,0.1760035547101814,-1.8914098107750517,0.1019930459991558,-2.161784198622648,3.0260496982456604,6.4999999999999485,-1.7085654463702006e-34,0.134393708231694,1.9974120642460284e-35
30.19,13.69143357,34.72360917,0.2389605951145815,0.6060413081921955,0.2765360275172063,0.1756942889813309,-1.917241687348738,-0.0309265728850352,-2.097891384030482,3.056247027366945,6.499999999999972,-2.4104707268206706e-37,0.1393866382964068,1.9961338932552704e-38
30.2,13.70468362,34.30286593,0.2391918521131354,0.5986979533486868,0.2572386111793608,0.1739862595261525,-1.929741633783567,-0.1708029455177548,-2.0308866198132525,3.08804314978716,6.499999999999978,-1.4647784086537342e-30,0.1442462637206557,6.710317172266997e-32
30.21,13.72703753,33.75406505,0.2395820014433299,0.5891195710548445,0.2379382553155794,0.1708277199734583,-1.9300355863798924,-0.3158539552697084,-1.960786645831719,3.121375764428062,6.499999999999976,-3.741932834757464e-22,0.1489003389101085,4.952993008271562e-24
30.22,13.7580155,33.09395598,0.2401226690154139,0.5775984943610667,0.2187476216608489,0.1661972174442615,-1.9190633654720717,-0.4630502529194437,-1.8877660257566469,-3.1272632907633984,6.499999999999967,-2.5701573559313103e-15,0.1532031001631924,-1.3820313257920557e-17
30.23,13.79792269,32.33106612,0.2408191808761328,0.5642835544739881,0.1997710474498229,0.1600918751156636,-1.8976574211016235,-0.6105342328594734,-1.8121610755407895,-3.0915385324692863,6.49999999999994,-6.612889618474648e-10,0.1569458603601599,-4.983715337190285e-12
30.240000000000002,13.84679867,31.47395579,0.2416722276522717,0.549324157162633,0.1811042494420516,0.1525261838398347,-1.86667980077883,-0.756569127583581,-1.7344592848763074,-3.0546269841624367,6.499999999999856,-1.5413205545287072e-05,0.159886178216099,-2.8258170180674234e-08
30.25,13.90817601,30.54842037,0.2427434643213878,0.5331705167398044,0.1628388628914149,0.1435511943052048,-1.826538655062738,-0.8974989534625293,-1.6553239565219466,-3.016995366849444,6.499999999999558,-0.0543539043706017,0.161792281606137,6.705928163025576e-05
30.26,13.975729,29.56477846,0.2439224864164546,0.5160027267496986,0.1450497301751534,0.1332334346410154,-1.7789132716252407,-1.0317759664184074,-1.5754585866737485,-2.97861906216466,6.499999999998289,-5.7096975835620665,0.162497835077577,-0.0056109024357888
30.27,14.04562253,28.53256358,0.245142358640796,0.4979871785056205,0.1277988737528153,0.1216526193391125,-1.725085642235375,-1.1580815301913503,-1.4956854445908143,-2.939426184243988,6.499999999991816,-6.496789376626944,0.161940537515162,-0.0329877562867438
30.28,14.1286781,27.47871708,0.2465919517994166,0.4795940872700021,0.111154686659257,0.1089210188692079,-1.664418709354979,-1.2731600469898083,-1.4168716376759438,-2.8998901503059398,6.499999999949711,-6.499969126593667,0.1601825822188068,-0.05180774706364
30.29,14.20322163,26.40066762,0.2478929818339758,0.4607785746936552,0.0951498677525311,0.0951457347586884,-1.6004818906717746,-1.377528411051242,-1.3398720627141332,-2.8595210436135083,6.499999999635188,-6.499999359953445,0.157397682458685,-0.0614584953480854
30.3,14.24511087,25.292604,0.2486240869931339,0.4414392162030879,0.0797807127843673,0.0804247196989573,-1.5369154968177718,-1.4721015059744529,-1.2655780819945883,-2.8176719765158884,6.499999997173839,-6.499999975808233,0.1538359770063653,-0.0648130191542074
30.310000000000002,14.26270808,24.17314654,0.2489312162467988,0.4219009976900751,0.0650510248404661,0.0648759035073372,-1.472968794389369,-1.5548816191612065,-1.1945814833140131,-2.7745008732522614,6.499999975896473,-6.499999998381317,0.1497577941722403,-0.0648549787207957
30.32,14.24346488,23.0437131,0.248595359048179,0.4021886654799493,0.0509450256556389,0.0486148988142017,-1.4105999184840068,-1.6261004693150278,-1.127482803931071,-2.729530821525612,6.499999786907584,-6.499999999823865,0.145402031086771,-0.0650172819937553
30.330000000000002,14.20063006,21.92345812,0.2478477504046799,0.3826365276170861,0.037461595088961,0.0317756371342972,-1.3483430566671,-1.683926167989593,-1.064417764473529,-2.682907501324821,6.49999793692368,-6.499999999968891,0.1409298741571861,-0.0682909590644357
30.34,14.11102972,20.79276376,0.2462839294607735,0.362902188201356,0.0245670183441016,0.0144625626103299,-1.289457674485274,-1.731307452395846,-1.0058577280894108,-2.633225060447691,6.499980563541753,-6.499999999992176,0.136472560749373,-0.0747425019830219
30.35,13.99418792,19.67051071,0.2442446553468168,0.3433151774383075,0.0122517012577912,-0.0032022366809761,-1.2315317086321638,-1.7664799291322149,-0.9514815409354572,-2.580477447521261,6.49980521929409,-6.499999999997133,0.1320553291026066,-0.0834297524119304
30.36,13.88555166,18.58585002,0.2423485949227642,0.3243842771308539,0.0005486574452599,-0.0210686376512662,-1.1703043812525256,-1.7866400970280945,-0.900598252510345,-2.525090935249389,6.497500791956484,-6.49999999999838,0.127599083294097,-0.0930471876149958
30.37,13.80488983,17.54539956,0.2409407804085802,0.3062249908999644,-0.0104896580419028,-0.0389877846440901,-1.1038315487157204,-1.791914699281475,-0.852770842486957,-2.4665297806365207,6.453899922120811,-6.4999999999986136,0.1223192055788513,-0.1023051256924381
30.38,13.79951359,16.58338518,0.2408469473192028,0.2894346725174325,-0.0207581354285168,-0.0567800081766667,-1.0268477386623345,-1.7792223532592744,-0.8070231290366853,-2.405470232989257,5.1457223553182505,-6.499999999998049,0.0938689403208743,-0.110489837491388
30.39,13.90066673,15.71418099,0.2426124026609336,0.2742641975298021,-0.0301237976692222,-0.0742612794893584,-0.9365662240700632,-1.7481271312682756,-0.7627439948545275,-2.3417336778691853,0.2424140802889755,-6.49999999999538,0.0042395876271068,-0.1178128042230916
30.400000000000002,14.15327831,14.96874867,0.2470213064605986,0.2612539491950221,-0.0384112192030592,-0.091224738018168,-0.8287421533832724,-1.69634585288009,-0.7190412794633815,-2.275957685698775,0.0005716701848047,-6.499999999979777,9.527640915563575e-06,-0.1244250429026172
30.41,14.60793655,14.38150842,0.2549565897199212,0.2510046733322875,-0.0453994204164958,-0.107439134621275,-0.6988201213442949,-1.6214396603121803,-0.6748963569972476,-2.2091025330908423,1.193743724896225e-07,-6.499999999813659,1.8784181792331903e-09,-0.1304477646638878
30.42,15.26792035,13.95450275,0.266475480039745,0.2435520184661031,-0.0508863655122663,-0.1226899216098198,-0.5486945095767689,-1.5250786988536946,-0.6303403529943484,-2.140547004813472,7.454652172772695e-13,-6.499999996213317,1.0937044806955872e-14,-0.1360935145410756
30.43,16.17029959,13.71376335,0.2822249688793891,0.2393503232968275,-0.0546458857726071,-0.1367507435181299,-0.3759520260344268,-1.4060821908322954,-0.5844450058865495,-2.0708948082383216,6.2594354486128475e-21,-6.499999795749771,8.426424534632306e-23,-0.1413905886312762
30.44,16.2967433,12.81768558,0.284431827937326,0.223710815856399,-0.0577676680773017,-0.1504121741225049,-0.3121782304692946,-1.366143060436798,-0.5633122949119154,-1.9486407266354613,7.917767510775125e-25,-6.499999192239045,1.0209196619571956e-26,-0.1496573924538999
30.45,17.49600973,12.75449798,0.3053629757494641,0.2226079841899658,-0.0589235488919608,-0.1626515051763897,-0.1155880814658545,-1.2239331053878573,-0.5161755059631731,-1.848145474760433,2.928778078756851e-44,-6.499828230605295,3.4219152785559065e-46,-0.1552598070347295
30.46,18.87716685,12.86270891,0.3294687149808265,0.224496621205111,-0.0580213311399325,-0.173304973323002,0.0902217752029139,-1.0653468146621967,-0.4687765574123528,-1.7271281543452757,2.1699072558964215e-48,-6.3602535617165685,2.316750926556669e-50,-0.1566685849911676
30.47,20.37669224,13.08878421,0.3556403702535786,0.2284423795475449,-0.055067168804214,-0.1822906760533743,0.2954162335716959,-0.8985702730367705,-0.4225132389855351,-1.56143749253172,5.075573815636537e-26,-0.083709220402242,5.110816855804693e-28,-0.0020926181710213
30.48,21.94826831,13.39245907,0.3830695471206314,0.2337425057100777,-0.0501365629181577,-0.1895876899636726,0.4930605886053835,-0.7297013910294512,-0.3783056252473291,-1.2931613516451648,3.712046946014414e-15,-4.779804944063007e-06,3.6971746051736137e-17,-1.1416365844262796e-07
30.490000000000002,23.53004637,13.72743005,0.4106767823034399,0.2395888522097098,-0.0433885273615869,-0.1952391608201923,0.6748035556576906,-0.5651470856524932,-0.3377533010456997,-0.7878182395431581,2.0728879082535583e-08,-4.416770111785711e-11,2.0738768520357943e-10,-7.916752910751145e-13
30.5,25.08443847,14.06199597,0.4378060423154288,0.2454281290786737,-0.0350278903398841,-0.1993304616931544,0.8360637021698568,-0.4091300872959935,-0.3018612827898637,-0.0314721778382629,0.0008787477204607,-5.229588358152258e-17,8.608137066249624e-06,-4.2007125726113184e-19
30.51,26.56990873,14.36176904,0.463732389292885,0.2506601561589852,-0.0253057944720624,-0.2019890857021301,0.9722095867816648,-0.2658624008974375,-0.2721300696445417,0.510619824340063,1.2938052966895592,-9.841737456568444e-24,0.011902235794669,4.814166947386212e-24
30.52,27.95764411,14.59719654,0.4879529408202997,0.2547691411837242,-0.0144988156829325,-0.2033754496382356,1.0806978789139785,-0.1386363936106705,-0.2500036947309794,0.7913673911417932,6.369109039972295,-2.3519927796047783e-30,0.0533739367542594,1.6726953951882608e-30
30.53,29.26286986,14.78893981,0.510733427639612,0.2581156925637646,-0.0028498916337753,-0.2036205217716076,1.1648924049151237,-0.024507213337195,-0.2353612224326946,0.9616622829523784,6.496849734523344,-2.571229154558093e-34,0.0494761749483111,2.108873211784073e-34
30.54,30.45804307,14.89712763,0.5315931352857417,0.2600039262333196,0.0093764797217512,-0.2028987668090562,1.2226371355520331,0.0721754962551049,-0.2306256012455821,1.0779420916156477,6.499719858818424,-2.9548078646979052e-33,0.0476112223108104,2.603517346913219e-33
30.55,31.55832261,14.93916828,0.5507966359510704,0.2607376739954981,0.0219512273811693,-0.2013566514731529,1.2574747659429577,0.1542115335904718,-0.2366520716979805,1.1695412288000004,6.499931666012223,-1.0532369192525748e-29,0.0499893972800089,9.697306242359473e-30
30.560000000000002,32.57061122,14.91722171,0.5684644051760073,0.2603546340894787,0.0346689084136684,-0.1991318852418029,1.271768103249251,0.2224766231348901,-0.2553576098101686,1.2478200327931612,6.499961589590174,-3.680175752186331e-26,0.0559849856455989,3.4903502861441524e-26
30.57,33.50039206,14.84445741,0.5846921421559658,0.2590846574765698,0.0473452767639704,-0.1963403621651237,1.2676368350313567,0.2791523076681692,-0.2895772834743891,1.3191177427415088,6.499955533518471,-2.9429472751684413e-23,0.0624564064844637,2.8505003191829494e-23
30.580000000000002,34.36264156,14.73585137,0.5997412349046406,0.2571891244910171,0.0598286861308533,-0.1930749734572413,1.248340936687648,0.3265388707880757,-0.3423966519547282,1.386878390188539,6.499906386991823,-5.819077953923524e-21,0.0650442035047378,5.721258535967641e-21
30.59,35.15004607,14.60588113,0.6134840361491932,0.2549207158734099,0.0719703562771887,-0.1894073338448172,1.214167014632925,0.3667639612422152,-0.4196113368377669,1.4529549107566504,6.49963618036191,-3.972609847156593e-19,0.0653079820027196,3.9451561881696853e-19
30.6,35.8554178,14.46254811,0.6257950952881817,0.252419082747583,0.0836251011002234,-0.1853965502471937,1.1654744823045304,0.4010783597627199,-0.527463967335253,1.5181269271093234,6.4972970364069145,-1.1937020967003589e-17,0.0777136153696911,1.1920528841165777e-17
30.61,36.47247439,14.3211273,0.6365647644548105,0.2499508239822457,0.0946529661015139,-0.1810812145553092,1.102786500128481,0.4315335691882317,-0.6697772867602083,1.5828399788627712,6.459640642528132,-2.1115077212801427e-16,0.1009001139910387,2.1113551572375016e-16
30.62,36.98419404,14.18853793,0.6454959571944634,0.2476367029226007,0.104906032528531,-0.1764904936876405,1.025306642701189,0.4590720867666331,-0.8433076247279113,1.64701817589715,5.323843911658586,-2.5329925080629955e-15,0.1001448119669939,2.5256648482785864e-15
30.63,37.3702049,14.07260047,0.6522331176499182,0.2456132125192014,0.1142255543082574,-0.1716435781173543,0.931952177973484,0.4846915570290622,-1.0312210899167975,1.710395617139268,0.2668573098201356,-2.3384773393533344e-14,0.0056836246119221,2.3158069842811115e-14
30.64,37.61505047,13.97213759,0.6565064790053405,0.2438598044871655,0.1224497837393118,-0.1665608978642687,0.8224229431050206,0.5082680253082986,-1.2065910615237787,1.772659810929774,0.0006392754673395,-1.6790349241335185e-13,1.4800577138853736e-05,1.645049976970199e-13
30.650000000000002,37.6926069,13.88492655,0.6578600940649331,0.242337684695077,0.1294016019459077,-0.1612651805815456,0.6951818206592294,0.5295717282720391,-1.3479626152294644,1.8335524368163096,1.939335088982991e-07,-9.3755926876711e-13,4.706204234525712e-09,9.054710152439096e-13
30.66,37.60409333,13.82991337,0.6563152408357386,0.2413775235720847,0.1349250346150789,-0.1557562192405414,0.5523432669176265,0.5508961341009159,-1.4475155638076456,1.8923668305525745,3.569833115956235e-12,-5.027667986138651e-12,8.84241310326001e-14,4.770573961719017e-12
30.67,37.32414293,13.78870157,0.6514291846134634,0.2406582419714114,0.1388510428497712,-0.1500564942235818,0.3926008234690293,0.5699725016956757,-1.5088277031537058,1.9493862866289864,6.167100599230993e-19,-2.1538169163182246e-11,1.5381570593585596e-20,2.0016004227367445e-11
30.68,36.84053398,13.74425579,0.6429886161438507,0.2398825167717943,0.1410159358252951,-0.1442079165222611,0.216489297552591,0.5848577701326009,-1.5389073014585644,2.005000895260144,2.65889371539203e-29,-6.400696336309992e-11,6.643094434204737e-31,5.807655257894472e-11
30.69,36.20339497,13.75963571,0.6318684426264537,0.2401509470144876,0.1413403732777177,-0.1381758647063441,0.0324437452422388,0.6032051815913869,-1.5454252043226868,2.056671277451305,7.651368409486681e-42,-2.4628534583236536e-10,1.9120878000515273e-43,2.17813756548488e-10
30.7,35.38072466,13.78182617,0.6175101370585513,0.2405382436040197,0.1397202351459322,-0.1319914296050623,-0.1620138131784663,0.6184435101278668,-2.953497113440122,2.106633704856999,2.12563307965801e-33,-7.27007042125849e-10,7.730511917656473e-36,6.25184605590395e-10
30.71,34.40421436,13.83615028,0.6004668171439137,0.2414863781867353,0.1361091763522417,-0.1256544435103824,-0.3611058793693814,0.6336986094685683,-2.782643951811378,2.153691971620703,1.3707861944081842e-20,-2.1171963127980774e-09,1.3696496385831478e-22,1.7677219510364947e-09
30.72,33.27202499,13.90142917,0.5807063848813334,0.2426257097492825,0.1304724754042307,-0.1191904256700183,-0.5636700948008114,0.6464017840360737,-2.607885116540662,2.19887275569814,8.52770321926401e-12,-5.024040163783783e-09,1.0334257606835161e-13,4.065334312895924e-09
30.73,32.09537093,14.07461101,0.5601698973773745,0.2456483030619445,0.1229286730116453,-0.1125095292542419,-0.7543802392581496,0.6680896415772959,-2.441348315577463,2.237713473003795,9.483533853858932e-06,-2.2818214916621268e-08,1.5442517681631457e-07,1.7928405636682115e-08
30.740000000000002,30.76454683,14.19779965,0.5369426350674842,0.2477983504309985,0.1134598189343871,-0.1057150737057987,-0.9468854077266824,0.679445554844942,-2.274672974849876,2.278331345223495,0.554427425631236,-4.790202141319806e-08,0.010623396348096,3.6400491039544596e-08
30.75,29.43449057,14.42309997,0.5137287740937225,0.2517305828207954,0.10225448721459,-0.0987247393632394,-1.1205331719791365,0.6990334342555766,-2.120190921934229,2.312985714994581,6.482198933179903,-1.7874766225134678e-07,0.1373076485543658,1.317164157681385e-07
30.76,28.12990894,14.74225104,0.490959529289188,0.2573008198035582,0.0895279586789874,-0.0914725026441894,-1.272652853559607,0.7252236719046258,-1.9768489838502328,2.3429792859961545,6.499966594709983,-1.0183095584221292e-06,0.1478750203964284,7.293750939638906e-07
30.77,26.77349048,15.03215735,0.467285561127357,0.2623606394353656,0.0753908305239272,-0.0840430320935144,-1.4137128155073044,0.7429470550681784,-1.839969773636712,2.374652164181549,6.499999816337648,-3.153988550762072e-06,0.1556625247260111,2.18821640153632e-06
30.78,25.42175443,15.32607323,0.4436933164369543,0.2674904392652621,0.0600243764444533,-0.0764769549519348,-1.5366454079466032,0.7566077141575716,-1.711213226559988,2.4058805905894927,6.499999997064538,-7.358969073043602e-06,0.1605656579282781,4.937682092182389e-06
30.79,24.05455503,15.57174278,0.4198311853756634,0.271778181784655,0.0435780584666708,-0.0688743002288229,-1.644631797777416,0.7602654723107959,-1.5896332673417974,2.43882281467739,6.499999999899571,-8.910841565441492e-06,0.1624646688182409,5.75833131544011e-06
30.8,22.72681189,15.81733504,0.3966576959618954,0.276064575339069,0.026265455680087,-0.061271817064891,-1.7312602786599498,0.7602483163938825,-1.4752667223706275,2.4707401111679377,6.4999999999921965,-8.53064273962702e-06,0.1615974348854655,5.302527199498259e-06
30.810000000000002,21.40279835,16.00954429,0.3735493003479097,0.2794192596043579,0.0082445188428349,-0.0537664730737524,-1.802093683724292,0.7505343991134781,-1.3675685662913946,2.5039303654553704,6.499999999998943,-4.335308936838532e-06,0.158513105897264,2.580968897627132e-06
30.82,20.08004939,16.12264242,0.3504629758185789,0.2813931943507064,-0.0103374048561207,-0.0464784290054472,-1.8581923698972616,0.7288044068311872,-1.2664986791427748,2.539079526792993,6.499999999999772,-9.71696893547896e-07,0.1538848031326742,5.508174356304511e-07
30.830000000000002,18.7614105,16.17555116,0.3274483855432356,0.2823166260667881,-0.0293368972574565,-0.0394963892744043,-1.899949240132607,0.6982039731039281,-1.1719418678913562,2.574825626284644,6.499999999999925,-1.1135692805023597e-07,0.148338158277622,5.982043630368808e-08
30.84,17.45025722,16.1652912,0.3045644438089125,0.2821375559836651,-0.0486142683721105,-0.0329050662831992,-1.9277371114644093,0.6591322991201742,-1.083683627336065,2.611030786604823,6.499999999999964,-6.145651620220037e-09,0.142332554331386,3.112293590272135e-09
30.85,16.17020171,16.11497459,0.2822232605511173,0.2812593654707233,-0.0680085800641911,-0.0267544073867366,-1.9394311692098225,0.6150658896468172,-1.00095712382369,2.646437723585428,6.499999999999974,-1.903353456631869e-10,0.1360865146221591,9.052652295857739e-11
30.86,14.94093735,16.06835525,0.2607685500916964,0.2804457044926166,-0.0873449538612351,-0.0210375202719183,-1.9336373797034123,0.5716887114815418,-0.9229893815358636,2.67903857358958,6.499999999999971,-4.848270583054048e-12,0.1296265107705842,2.1653471161240946e-12
30.87,13.77872253,16.06443809,0.2404840748672231,0.2803773371532891,-0.1064408174133223,-0.0157001971886259,-1.9095863552077403,0.533732308328962,-0.849087458006422,2.707308073531575,6.499999999999946,-1.543400825885098e-13,0.1228351379302922,6.497506596923033e-14
30.88,12.69067075,16.13230018,0.2214939888740381,0.2815617540610739,-0.1251189174899146,-0.010656078458343,-1.867810007660928,0.5044118730287491,-0.7788418589123672,2.7303936777351527,6.499999999999843,-9.057803954503524e-15,0.1155131530797947,3.620448033567413e-15
30.89,11.75491451,16.36618717,0.2051619614899559,0.2856438521141529,-0.1431186298256649,-0.0057128439256755,-1.7999712335741165,0.494323453266497,-0.7097321562344278,2.7447223753671883,6.4999999999990425,-3.2728356355463853e-15,0.1071141791434064,1.2644269766045794e-15
30.900000000000002,10.92904671,16.70590837,0.1907478491937538,0.2915731055929791,-0.1602548315664674,-0.0007614584137803,-1.7136201740793695,0.495138551189271,-0.6430950202343348,2.7541884903803195,6.499999999989464,-3.5422247439612928e-15,0.0974352472903575,1.337015574752837e-15
30.91,10.28013626,17.27108576,0.1794222252906558,0.3014373119063071,-0.1762758827411022,0.0044397794666323,-1.6021051174649386,0.5201237880417413,-0.5766691391469749,2.754486883703646,6.499999999719642,-4.1594918136740083e-14,0.0861420643362623,1.5688350490862313e-14
30.92,9.80529421,18.0520628,0.1711346680912362,0.3150679326367867,-0.1909576687580745,0.0101035263103189,-1.4681786016964775,0.5663746843683697,-0.5105769855046636,2.747808783148633,6.499999980419037,-2.9618262706924355e-12,0.0750786023918908,1.135702092104869e-12
30.93,9.50388858,19.04822551,0.1658741474636885,0.3324542518118761,-0.2040999784210727,0.0164249784676873,-1.31423096630101,0.6321452157374182,-0.4447898667079121,2.735875447003838,6.499995825758535,-7.262457284849859e-10,0.0669757764313595,2.8658044789213447e-10
30.94,9.35773774,20.23853017,0.163323334101133,0.3532289872307077,-0.215547898770446,0.0235582362975276,-1.1447920349367506,0.7133257829836586,-0.3798113389431964,2.7210944499945744,6.496851315636126,-3.084219051683152e-07,0.0646964200269369,1.259333236966238e-07
30.95,9.34837072,21.59360236,0.1631598487610329,0.3768794585484178,-0.2251897419376007,0.0316086635411984,-0.964184316714973,0.8050427243666679,-0.3160616632371189,2.7057750922527304,2.460373033942062,-0.0001320006080946,0.0244286673579386,5.575553043069356e-05
30.96,9.44101578,23.06751468,0.1647768100937406,0.4026040814181261,-0.232975000053608,0.0406163972459655,-0.7785258116014357,0.9007733704775276,-0.2544590294145711,2.692241642154158,0.0002031159977342,-0.0365840172644416,1.7418541527291149e-06,0.0159033293087915
30.970000000000002,9.59231788,24.60577769,0.1674175299039223,0.4294518357042646,-0.2389209804327866,0.0505506534514766,-0.594598037917558,0.9934256205506042,-0.1961361714040827,2.682382409875032,1.4098790656994523e-09,-2.8216293628326365,6.3179006448933225e-12,1.2517152367689344
30.98,9.78358522,26.17278523,0.1707557747384538,0.4568012766808413,-0.2430768485194007,0.0613368300539653,-0.4155868086611958,1.0786176602483208,-0.1412464617118624,2.676842590429046,8.723496467079048e-16,-6.366503101229122,-6.37256994983806e-19,2.855979354567741
30.990000000000002,9.97008815,27.71551091,0.1740108649315703,0.4837269192519098,-0.2455537607706842,0.072839494717097,-0.2476912251285772,1.1502664663142097,-0.0908858199475783,2.676426641209931,8.719695294333635e-23,-6.494639788809126,1.0650366763187324e-25,2.9158847731609705
31.0,10.11570659,29.18565971,0.1765523861611881,0.5093858563061534,-0.246508984117778,0.0848726773548723,-0.0955223347093314,1.203318263776918,-0.0457925635538024,2.68144234653277,8.38446034047496e-29,-6.499450494520628,6.612637304546402e-31,2.8887503439051674
31.01,10.19945237,30.55376993,0.1780140257568389,0.5332638841753374,-0.2461227304774335,0.0972261323592264,0.0386253640344249,1.2353455004347822,-0.0061538554511851,2.6915165844747397,4.3118399357612855e-30,-6.499856637340542,1.1686493737381617e-32,2.8298035398004355
31.02,10.22256378,31.81086704,0.1784173959561172,0.5552043677621428,-0.2445676424230039,0.1096918291235517,0.1555088054431052,1.2465696764336631,0.0286123018516499,2.7057890328604746,8.30653462037637e-27,-6.499912232517476,-1.6947016077269151e-28,2.7454049270910086
31.03,10.17400148,32.9392214,0.177569823928776,0.5748978664733762,-0.2420238353359266,0.1220544896719847,0.2543807087075997,1.2362660548426625,0.0585191623963495,2.7237949893815125,1.218082071569659e-22,-6.49987352918115,-6.261111109211719e-24,2.6377781067760493
31.04,10.06020029,33.92966083,0.1755836184705883,0.5921842955684521,-0.238655474817588,0.1341030202177295,0.3368360518336913,1.204853054573869,0.0841671430129638,2.744966056671356,3.98663407592559e-19,-6.49957095440586,-3.2459775243416524e-20,2.509559977332129
31.05,9.89046211,34.78885831,0.1726211283632455,0.6071801205192902,-0.2346074662512288,0.1456496558931244,0.4048008566362883,1.1546635675405352,0.1061770487989536,2.7684857895739734,2.0858134860018608e-16,-6.496699923794218,-2.2261466564285807e-17,2.3644465402762957
31.060000000000002,9.68629232,35.51707337,0.1690576932946401,0.6198898709788981,-0.2299907738832187,0.1565217423280372,0.461669236800771,1.0872086434907298,0.1255769928792978,2.7938661802406557,2.7311891162964476e-14,-6.441037285852519,-3.4805700276197144e-15,2.188533082003139
31.07,9.47001428,36.11893591,0.1652829293968802,0.6303943539463143,-0.2248832682910484,0.1665665935609763,0.5107505592174942,1.0044851232948158,0.1433761047052331,2.820629170567939,1.4035404990767057e-12,-4.6237137532349735,-2.0398755256095637e-13,1.4523706620283894
31.080000000000002,9.25887789,36.59696498,0.1615979042206053,0.6387375351380608,-0.2193380788735415,0.1756483781519879,0.554518941750406,0.9081784591006964,0.1603527948378905,2.848452521463753,3.8634108186376594e-11,-0.1292625154769546,-6.247555365564945e-12,0.037142777233829
31.09,9.07140322,36.95007599,0.1583258539650155,0.6449004848876034,-0.213383515947178,0.183643404233413,0.5954562926360492,0.7995026081421043,0.1773335376213704,2.877178054653437,7.364558480730142e-10,-0.0003251830614405,-1.3084178117958006e-10,8.446457237925926e-05
31.1,8.92038721,37.17529409,0.1556901273672908,0.6488312822676893,-0.2070319010009895,0.1904376689732533,0.6351614946194271,0.6794264739846502,0.1949163045964296,2.9067483939238365,1.1308343416201444e-08,-1.7425269839963518e-07,-2.1938756512690863e-09,4.034370449516982e-08
31.11,8.81582051,37.26612798,0.1538650941643456,0.6504166327205836,-0.2002841844211861,0.1959226363663671,0.674771657979988,0.5484967393110938,0.213600531747678,2.937234599246797,1.5398655951431274e-07,-1.1896219525348888e-11,-3.256167452670986e-08,2.4125504387134317e-12
31.12,8.76255699,37.21412403,0.1529354703691438,0.649508992569041,-0.1931372117165889,0.1999930879165583,0.7146972704593615,0.4070451550189174,0.2336889446672878,2.968790248529543,1.924388757840783e-06,-4.394130623174934e-17,-4.434323572372837e-07,7.620929771790598e-18
31.13,8.7592034,37.01060882,0.1528769391818819,0.6459569820766534,-0.185591878246945,0.2025471344945906,0.7545333469650701,0.255404657803456,0.2552319001921434,3.001609277750114,2.1607710785945813e-05,-2.9637389109124647e-24,-5.422524791579146e-06,4.2082889178502995e-25
31.14,8.80190058,36.64694755,0.1536221455541985,0.6396098955531693,-0.1776559319601729,0.2034865138208679,0.7935946286768101,0.0939379326276848,0.2781878932422885,3.0359252338819225,0.000210741445585,-2.173851224859321e-32,-5.752487529361941e-05,2.3078402544511104e-33
31.150000000000002,8.89896477,36.11330558,0.1553162352554798,0.6302960861498406,-0.1693281799526516,0.2027154092428162,0.8327752007516995,-0.077110457805129,0.3031162960474395,3.072049397922378,0.0019011722740517,-4.212060404327948e-33,-0.0005645429958156,2.702446196607477e-34
31.16,9.0042441,35.39631767,0.1571537061982735,0.6177822864233478,-0.1606674379073655,0.2001366227889195,0.8660742045294012,-0.2578786453899098,0.32795404514043,2.8286024137737837,0.0114096916316585,-3.179563913086288e-24,-0.0036605709030635,9.743644282915411e-25
31.17,9.14007165,34.49901718,0.1595243441606907,0.6021214384930893,-0.1517020386780996,0.1956712222675064,0.896539922926131,-0.4465400521410748,0.3539670321423181,2.9828813335068207,0.0554839160131853,-1.6329351453630773e-15,-0.0191830587753264,2.6151508107032944e-16
31.18,9.29922188,33.40837157,0.162302039679497,0.5830860816261673,-0.1424689452351377,0.1892389782068471,0.9233093442970256,-0.6432244060665137,0.3809841911257242,-3.12281310216763,0.2096583398507444,-1.3562505167299054e-08,-0.0778666263789901,-8.709034746667097e-11
31.19,9.46147877,32.14594944,0.1651339566440433,0.5610526589076275,-0.1330292282924429,0.1807991195475283,0.9439716942689969,-0.8439858659314554,0.4081221199240807,-2.928353567828386,0.5449383093412371,-0.0041357141783224,-0.2162558731835082,-2.506361149639014e-05
31.2,9.62297817,30.71784425,0.1679526529140386,0.5361275212773081,-0.1234455180178689,0.1703298676728999,0.9583710274569124,-1.0469251874622971,0.4353174376247033,-2.726192274095774,0.991665110687485,-6.17548522529279,-0.4184144130714339,-0.0618830437869501
31.21,9.77694391,29.14953673,0.1706398620123081,0.5087553913695214,-0.1137852234250163,0.1578498478434019,0.9660294592861371,-1.2480019829509412,0.4623156134342043,-2.5296919572636907,1.3028148658891388,-6.499932418650709,-0.5815873167096975,-0.0922627303493208
31.220000000000002,9.94346582,27.49133047,0.1735462176185178,0.4798142324553402,-0.1040861622340891,0.1434442094267873,0.969906119092228,-1.4405638416607232,0.4904436108578839,-2.351141792569009,1.4571051516904716,-6.499999939859746,-0.686971757220678,-0.1167961038114394
31.23,10.09104146,25.75313715,0.1761218984322556,0.4494770359851688,-0.0944231873954181,0.1272127829884465,0.9662974838665972,-1.623142643833247,0.5179425293621679,-2.1932962611771707,1.2086232051849894,-6.499999999830726,-0.5989011874156279,-0.1317917152394987
31.240000000000002,10.27768232,24.01683339,0.1793793959580094,0.4191728185584114,-0.0847929090896079,0.1093524294733596,0.9630278305818988,-1.7860353515103184,0.5486854121935473,-2.058600812097884,1.01204431171367,-6.499999999998494,-0.5282042836634842,-0.1422827356551523
31.25,10.45677151,22.28794633,0.1825050919782391,0.3889980469662866,-0.0752505379307016,0.0900608101505489,0.9542371158901458,-1.929161932280082,0.5799559181744379,-1.9419149159774105,0.6559080588626661,-6.499999999999967,-0.3595844666369619,-0.1500698869501187
31.26,10.69197482,20.64303116,0.186610164149328,0.3602888613337843,-0.0657671049999288,0.0696181240517517,0.948343293076794,-2.044268609878667,0.6165262462330009,-1.8405889241570867,0.4786973184007448,-6.499999999999998,-0.2768290299370318,-0.1556326729741665
31.27,10.93984243,19.08124129,0.1909362700528773,0.3330304858779901,-0.0563699975082953,0.0482902559104684,0.939710749164199,-2.13278681413027,0.6559466626882611,-1.7495424182122383,0.3026326760465552,-6.5,-0.1845682445161652,-0.1593942605727611
31.28,11.22111423,17.63986767,0.1958453890558882,0.3078737704576005,-0.0470582804694144,0.0263729245273133,0.9311717038876208,-2.191733138314392,0.7003565494570158,-1.6656248245152387,0.1901946514160781,-6.5,-0.1225568113672407,-0.1616105433581074
31.29,11.56720145,16.36238735,0.2018857505439622,0.2855775327441698,-0.0377913433988581,0.0041955574321586,0.9266937070551484,-2.217736709514335,0.7530896788130096,-1.585952216761177,0.1471700868081998,-6.5,-0.100627938688581,-0.1624771259879187
31.3,11.96686277,15.25887959,0.2088611564708289,0.2663176890108624,-0.0285454684201627,-0.0179213176587381,0.9245874978703826,-2.2116875090916888,0.8143736765061168,-1.5076058057668158,0.1293973913578522,-6.5,-0.0940949667870269,-0.162103520533287
31.310000000000002,12.4184832,14.32824611,0.2167434199436015,0.2500750706555696,-0.019300677129404,-0.0396799459950941,0.9244791290754016,-2.175862833634489,0.8851440612756749,-1.4280395811633164,0.1270364321483117,-6.5,-0.0983209346544926,-0.1605016588911783
31.32,12.99200632,13.63416718,0.226753286723912,0.2379611080583503,-0.0099507523646775,-0.0607298089965032,0.9349924764734964,-2.104986300142822,0.9718462972023486,-1.3440712875645568,0.2186203311829716,-6.499999999999999,-0.1805750479597193,-0.1575746456984669
31.330000000000002,13.60816344,13.08134284,0.2375072571775178,0.2283125031401857,-0.0004972622713365,-0.080857750136316,0.9453490093336164,-2.0127941139802505,1.0686623843911784,-1.2541682735154496,0.3690934769190404,-6.499999999999996,-0.3235766202929671,-0.153221748404155
31.34,14.47376381,12.87866788,0.2526148336404989,0.2247751577768379,0.0093173181316603,-0.0996258424284592,0.981458040299192,-1.876809229213367,1.1882723856393202,-1.149948537822863,1.8343356667698163,-6.499999999999871,-1.70201864564466,-0.1469093598571873
31.35,15.41163681,12.80662829,0.2689838054560557,0.2235178297395512,0.0195075912989406,-0.1168868859945836,1.019027316728958,-1.7261043566140055,1.3148780416777253,-1.0326038875946018,4.689323865508449,-6.499999999991873,-4.537036425796168,-0.1385449876462115
31.36,16.50067798,12.91921023,0.287991159562327,0.2254827552708339,0.0301840292417375,-0.1324474811576403,1.0676437942791446,-1.5560595163048745,1.446977810704427,-0.8961628476171407,6.267149904758473,-6.49999999864098,-6.219339109509299,-0.1272487252223699
31.37,17.73520551,13.18137222,0.3095377296673401,0.2300583451699143,0.041439280782599,-0.1461755928631717,1.1255251540855735,-1.3728111705524348,1.5773052929751172,-0.7384583534682713,6.483044482352078,-6.499999354394402,-6.482907662462699,-0.1107779213690041
31.38,19.095903,13.55068587,0.3332863809914627,0.2365040843349723,0.0533317588115334,-0.1580056638194695,1.189247802894514,-1.183007095630855,1.700051277622468,-0.561373413425399,6.498934848675344,-6.499063503687967,-6.444911738237964,-0.0834625174211747
31.39,20.56001299,13.98001952,0.358839920928304,0.2439973701170772,0.0658833901688967,-0.1679399511090077,1.255163135735692,-0.9934287289533158,1.812300235234281,-0.3729771816685424,6.499929526325905,-3.852000620194271,-6.3118553479769135,-0.0383954713926324
31.400000000000002,22.09565583,14.42309236,0.3856419446209804,0.2517304500012393,0.0790706061623506,-0.1760429934578733,1.3187215993447103,-0.8103042348861434,1.913765849209496,-0.1864617696722383,6.499994161617749,-0.0005572134337658,-6.12229078505357,-1.928506383312956e-06
31.41,23.66356965,14.83098359,0.4130072031675021,0.2588494949547488,0.0928184446966186,-0.1824402154563155,1.3747838534280548,-0.6397221998448073,2.00591228321163,-0.0160926053414782,6.499999289091229,-9.15071288520579e-09,-5.895262260103855,-5.3289219879898487e-11
31.42,25.25288526,15.17555375,0.4407459934153443,0.2648633787508724,0.1070403696428132,-0.1872891026476768,1.4221924946187288,-0.4848887191358775,2.0899492344696453,0.1302997218100086,6.499999873040893,-4.025474154816336e-14,-5.644289148404258,5.3247720058914416e-15
31.43,26.84331745,15.46257111,0.4685042716605483,0.2698727766932543,0.1216277766111016,-0.1907368977695687,1.4587406968301742,-0.3447795121895052,2.167397704153258,0.2534666521482308,6.499999965422846,-3.8810271589113843e-20,-5.377448125100703,9.674069579749303e-21
31.44,28.36688402,15.60814069,0.495095524680365,0.2724134451549996,0.1363922204252665,-0.1930248543712481,1.476444381415725,-0.228795660167821,2.2414127581177508,0.3478590929055518,6.499999981811504,-4.181638715518341e-26,-5.092152341444034,1.4213657566110448e-26
31.45,29.83182506,15.66707258,0.5206635691759549,0.2734420006699227,0.1511680608880053,-0.1943195715955328,1.4775840462731271,-0.129471722428404,2.3119463367177286,0.4236013360459729,6.49999998331785,-1.6881517991749418e-31,-4.79432026432344,6.94129151429615e-32
31.46,31.21798722,15.60758303,0.5448566628345114,0.2724037121518929,0.1657760273121246,-0.1948178904474068,1.4607966424132608,-0.0498318851874466,2.3800101766946478,0.4813230388967176,6.499999972171367,-9.603898597611348e-35,-4.484509717940731,4.450338374969561e-35
31.470000000000002,32.50145797,15.45286225,0.5672574532750524,0.2697033251196391,0.1800204459815918,-0.194680067245944,1.4244418669459895,0.0137823201462785,2.446652393036016,0.5260733320249285,6.499999909085034,-2.1541093756557779e-35,-4.161505206849399,1.0825602268933132e-35
31.48,33.6838309,15.23208187,0.5878937538900048,0.2658499805648349,0.1937235527452276,-0.1940245431972012,1.3703106763628747,0.0655524048742415,2.5117645764028604,0.5621655165605212,6.499999428382464,-2.3950121698824573e-34,-3.828824008703936,1.277319639894091e-34
31.490000000000002,34.74403331,14.97133767,0.6063977766820837,0.2612991357693563,0.2066966479706621,-0.1929337837727225,1.297309522544632,0.1090759424479718,2.576244228969208,0.5927659587455321,6.499992263277786,-1.2433537334360694e-32,-3.484018368530743,6.948392094198217e-33
31.5,35.68160005,14.69823287,0.6227614032522734,0.2565325578063557,0.2187678080179423,-0.1914545666596461,1.2071160047274,0.1479217113075657,2.6400602825435118,0.6205796387484336,6.499763098017476,-9.963931940657383e-31,-3.127795986855832,5.794862107920332e-31
31.51,36.48268923,14.44173675,0.6367430470453748,0.2520558559937652,0.2297647695586484,-0.1895985786951832,1.099696154070052,0.1855987964461924,2.703832654989198,0.6479993570261801,6.48076553335184,-1.0031984643898119e-28,-2.7489013527199297,6.05510005839596e-29
31.52,37.12350227,14.21264969,0.647927344483089,0.2480575325230513,0.2395033551527063,-0.1873658254214045,0.973858559406671,0.2232753273780728,2.768642681677294,0.6758166311046951,3.4830230684090733,-1.104073312044822e-26,-1.267113699103516,6.905502685956722e-27
31.53,37.6225049,14.05343102,0.6566365833527,0.245278642500905,0.2478424559442827,-0.1847086480431051,0.8339100791572165,0.2657177378298015,2.83367607063969,0.7068612584301344,0.0061304073463809,-2.0605637484340254e-24,-0.0018487119556088,1.3379830033864886e-24
31.54,37.93325698,13.94162174,0.6620602303061208,0.2433272024306208,0.2546000730992107,-0.1816105361328143,0.6757617154924551,0.3098111910289217,2.9012396970812846,0.7392705578625617,5.543098328608994e-07,-3.75612731064414e-22,-1.3123815518428433e-07,2.530155402658908e-22
31.55,38.05992377,13.88828825,0.664270982844553,0.2423963574285413,0.2596208674935607,-0.1780451898340941,0.5020794394354559,0.3565346298723482,2.97127149330002,0.7735575319012107,2.6560419310030157e-12,-6.844476568075284e-20,-4.544784476391188e-13,4.781170713839184e-20
31.560000000000002,37.99322921,13.88866119,0.6631069431793841,0.2424028664594537,0.2627581684250015,-0.1739956897885975,0.3137300931439218,0.4049500045494463,3.044485491430161,0.8091747166305112,2.577726558926437e-19,-1.0530340755289859e-17,-2.4877990734747902e-20,7.619716214675232e-18
31.57,37.72504409,13.92756121,0.658426229830528,0.2430817998875454,0.2638755770052601,-0.169466038688531,0.1117408580259621,0.4529651100070709,3.121648982946544,0.8450595251145112,4.7168590116771945e-27,-1.0926705052602397e-15,-6.14039117784821e-29,8.172303806273313e-16
31.580000000000002,37.24324598,13.98147327,0.6500172664811422,0.2440227428410781,0.2628419399311574,-0.1644894248621262,-0.1033637074102171,0.4976613826402251,2.909883470593988,0.8798925438471775,2.2850472325101744e-27,-6.099770206899645e-14,-5.222474371009307e-28,4.7005860024882674e-14
31.59,36.5958911,14.07420168,0.6387187923962895,0.2456411589057173,0.2596073079385922,-0.1590711923785528,-0.3234631992563585,0.5418232483570571,3.0598053656614117,0.9150607745562844,5.0427144145898e-19,-2.531988959853125e-12,-3.964132513378456e-20,2.006818662367785e-12
31.6,35.73123149,14.14449252,0.6236276352927793,0.2468679654977099,0.2540719207387553,-0.1532894166241548,-0.5535387199841962,0.5781775754403236,-3.057777523048808,0.9475089514296148,1.1117875516472344e-10,-4.503248125804542e-11,2.615847808775589e-13,3.6565753735361206e-11
31.61,34.66365854,14.17103853,0.6049949723100505,0.2473312807754772,0.2461734644265893,-0.1472433205485118,-0.7898456312161889,0.6046096075639955,-2.8826390170682,0.9766025578646182,0.0004972127234972,-3.2526163060527896e-10,4.353898425072631e-06,2.6952881917512315e-10
31.62,33.47777759,14.22392666,0.5842974451958723,0.2482543527792,0.2359729367929837,-0.1409453440914202,-1.020052763360038,0.6297976457088403,-2.712064121115028,1.00594490361831,5.905561770151371,-2.0117152184647556e-09,0.0598254967213734,1.699390942157001e-09
31.63,32.16414592,14.26819672,0.5613702473959007,0.2490270110862554,0.2235272651411845,-0.1344488029440511,-1.2445671651810564,0.6496541147374965,-2.5502060232629087,1.0340104458213029,6.499947844906679,-7.986608528002864e-09,0.0887149295205821,6.864151925610307e-09
31.64,30.76582885,14.3194419,0.5369650105375606,0.2499214082030326,0.208955292152678,-0.1277862547597567,-1.457197298849906,0.6662548184291023,-2.403094902489612,1.0616189148204955,6.499999973937968,-2.4387317486629253e-08,0.1107827766834755,2.1296564480091116e-08
31.650000000000002,29.29711219,14.3690406,0.5113310690416666,0.2507870688227415,0.1923965423265959,-0.1209988407364306,-1.6558749826073604,0.6787414023322652,-2.271420016932336,1.0884985087751549,6.499999999948008,-5.4677409883011216e-08,0.1248534127646584,4.8447582845301126e-08
31.66,27.80804163,14.44657597,0.4853418849751508,0.2521403163159935,0.17405394083636,-0.1140912014109393,-1.8342601490252577,0.6907639325497521,-2.155746462775736,1.1159003597640695,6.499999999999652,-1.1792808841289417e-07,0.134881205771388,1.0595199001716361e-07
31.67,26.31462981,14.5462964,0.4592769316279498,0.2538807661509981,0.1541454369346729,-0.1070748940860898,-1.990850390167695,0.7016307324845918,-2.0533969395075458,1.1435935359498672,6.499999999999994,-2.335098950385105e-07,0.1426564862336837,2.125573659597807e-07
31.68,24.82191578,14.66234429,0.4332241570137364,0.2559061839214903,0.1328880070360897,-0.0999680053608186,-2.125742989860248,0.7106888725277631,-1.961390979591888,1.1713742728017813,6.5,-4.070218106611016e-07,0.1488622670802741,3.750416503896671e-07
31.69,23.37561442,14.82491334,0.4079814363056646,0.2587435491058296,0.1105476971390462,-0.0927528106902637,-2.2340309897032027,0.7215194670551276,-1.878235672819483,1.2002741681259554,6.5,-8.003395865499429e-07,0.1537177215586094,7.46138369888402e-07
31.7,21.91501873,14.93160485,0.3824892324747262,0.260605667239254,0.0873010170373537,-0.085532075726177,-2.324668010168064,0.7220734964082942,-1.800178304605903,1.226972584805238,6.5,-7.82107794148051e-07,0.1574629974453126,7.364361413790183e-07
31.71,20.51079541,15.08351883,0.3579809121074402,0.2632570663700628,0.0634054980540905,-0.0782844740417097,-2.3895518983284973,0.72476016844739,-1.7269151273233871,1.2547383495895417,6.5,-8.8832062934633e-07,0.1601172682095043,8.444285492912652e-07
31.720000000000002,19.15338432,15.2494075,0.3342896192838552,0.2661523698533172,0.0390917375696857,-0.0710264961476354,-2.4313760484392346,0.7257977894070629,-1.65661714439094,1.2826111303452703,6.5,-9.061014214089444e-07,0.1617705846850936,8.688341324653078e-07
31.73,17.84979195,15.44702745,0.311537640323479,0.2696014886484437,0.0145849394980852,-0.0637530044081493,-2.4506798071587914,0.7273491739482314,-1.5880547603065942,1.3110631789408729,6.5,-9.619580821797423e-07,0.1624703408092193,9.297843531261584e-07
31.740000000000002,16.61462127,15.65494403,0.2899798451333817,0.2732303175389299,-0.009886338480198,-0.0564841692584906,-2.4471277978305634,0.726883514966539,-1.5201621216495218,1.339533929203693,6.5,-8.943726669268341e-07,0.1622451505133627,8.706343649680447e-07
31.75,15.46907109,15.91810633,0.2699862227455681,0.277823366141051,-0.0340833458018842,-0.049186665158836,-2.419700732167372,0.7297504099650847,-1.4518447851170164,1.3690112639591527,6.5,-1.0491663108826173e-06,0.1611059644072336,1.0279468340016358e-06
31.76,14.41037268,16.24502933,0.2515084497054392,0.2835292488915484,-0.0577892383300257,-0.0418196409592222,-2.37058925281294,0.7367024199610043,-1.3820655454743127,1.3995080883695157,6.5,-1.6309788886569094e-06,0.1590470732398444,1.6071906200557052e-06
31.77,13.47274039,16.66415642,0.2351436790719249,0.2908443965963511,-0.0807622014055045,-0.0343122536810982,-2.297296307549966,0.7507387278130835,-1.3094306896895758,1.4312961941861804,6.5,-4.073901679906467e-06,0.1560343085584304,4.03446327341181e-06
31.78,12.65185632,17.17065521,0.2208165492732533,0.2996844681392184,-0.1027869280443318,-0.0266045728351794,-2.202472663881608,0.7707680845914817,-1.23276906223574,1.4639811862380814,6.5,-1.4860263823076732e-05,0.1520257684789255,1.4775872948455172e-05
31.79,11.99486406,17.83926608,0.2093498711761346,0.3113539292353421,-0.1236092293468072,-0.0185546851534723,-2.0822301302464767,0.8049887681702943,-1.149688462270054,1.498046137707744,6.5,-0.000128281091603,0.1468921820285811,0.000127943012031
31.8,11.47350833,18.6185136,0.200250497113496,0.3249543641473425,-0.1430348854473803,-0.0100912766129182,-1.942565610059076,0.846340854056189,-1.0591349718842074,1.5324545495427837,6.499999999999979,-0.0015545983501447,0.1405398193038597,0.0015534600261121
31.810000000000002,11.10567814,19.53458354,0.1938306492097598,0.3409428007788894,-0.1608684218103429,-0.0011191173214779,-1.7833536362953493,0.8972159291435691,-0.9587352945398944,1.5669867618307918,6.499999999998544,-0.0285670974423262,0.1326647128848294,0.0285668909214657
31.82,10.89173657,20.58256269,0.1900966644063738,0.359233487438641,-0.1769362602523916,0.0084426309522954,-1.6067838442063234,0.956174827378204,-0.8464426457876004,1.6012495114393774,6.499999999757799,-0.6260929325488022,0.1225768100815362,0.6258037155627602
31.830000000000002,10.81289662,21.74419134,0.1887206476967661,0.3795077320666378,-0.1911101248708321,0.0186450900391,-1.4173864618433305,1.0202459086799402,-0.7214885188918922,1.6349801992842787,6.499999889620952,-4.765308056898824,0.1086461745543902,4.755531943917777
31.84,10.85973123,22.99452182,0.1895380658451536,0.4013301156806789,-0.2032927188669369,0.0295032270364444,-1.218259399609857,1.0858136997338816,-0.5836804392900163,1.6681115479772255,6.49983106820414,-6.397614310081217,0.0873666915849216,6.367453601581369
31.85,11.00892697,24.31002725,0.192142022738103,0.4242900167620427,-0.213433454835429,0.0409998037210284,-1.01407359685013,1.1496576684594513,-0.4354539672028761,1.7007257616023377,5.563955136219734,-6.494107594963984,0.0567040466533045,6.43956041395293
31.86,11.22996636,25.65497834,0.1959998878702028,0.4477638415608292,-0.2215344082198872,0.0530736591792518,-0.8100953384454037,1.2073855458217186,-0.2820865907778867,1.733083882779663,0.001053614885525,-6.49949924851361,9.962448219338885e-06,6.414385231168556
31.87,11.49769232,27.00623113,0.2006725873652655,0.4713476517730888,-0.2276397831347283,0.0656378477717712,-0.6105374914837965,1.2564188592512993,-0.1300209020024333,1.765439858133819,3.249352386385395e-09,-6.499932919747187,-3.79901734308931e-12,6.377587520143559
31.88,11.78048608,28.33123719,0.2056082695813601,0.4944733701289663,-0.2318407519351705,0.0785709533532447,-0.420096880044606,1.2933105581485242,0.0136322494346648,1.7981821612788873,7.362630592191101e-16,-6.499984591059206,-6.075564530734981e-18,6.333177377612327
31.89,12.04669588,29.60294796,0.2102545070924357,0.5166689101985387,-0.2342716227334433,0.0917264087038315,-0.2430870798271567,1.3155455350580076,0.1432677089631921,1.8316977661987264,1.710439846372232e-23,-6.499993617913403,-2.4840956697597863e-24,6.280643643591056
31.900000000000002,12.27453539,30.80527598,0.2142310567080662,0.5376534928365229,-0.2350936286667265,0.1049476368991743,-0.0822005933282739,1.3221228195336063,0.2564432865792312,1.866283778882444,4.238862087078807e-30,-6.499995201266992,-1.0686670573606723e-30,6.219021104820857
31.91,12.44496683,31.91902648,0.2172056464849814,0.557092106107256,-0.2344886772590685,0.118065814725171,0.0604951407658561,1.311817782600864,0.3527842644590229,1.902328910365528,1.0437930572976129e-30,-6.499993213535621,-3.59703522526691e-31,6.146863320877923
31.92,12.53641971,32.92531317,0.2188018003514127,0.5746551220667515,-0.2326600696567062,0.1309018179329383,0.1828607602361345,1.283600320776067,0.4327700132158404,1.940291047772269,2.3531199022580606e-26,-6.499980985355251,-9.873684758138844e-27,6.062197871931244
31.93,12.5644208,33.83407895,0.2192905115660599,0.5905160770572059,-0.2297833270755239,0.1433013275636027,0.2876742581184845,1.2399509630675662,0.5001097540846225,1.9801585775344683,1.306022206562422e-21,-6.499900316067902,-6.26850830045513e-22,5.963777623079618
31.94,12.50955511,34.61047042,0.2183329246291814,0.6040666644931046,-0.2260511123545074,0.1550816570943577,0.3732214721014654,1.1780329530748974,0.555397529131786,2.022904405284156,6.371020941948457e-18,-6.4988293859622095,-3.361417937716154e-18,5.846787383306619
31.95,12.38893348,35.25580897,0.216227680036559,0.6153299469806507,-0.2216251478488665,0.1660766477422829,0.4425964505638575,1.0994990647919571,0.6016521912438875,2.068850510031114,3.487214544819133e-15,-6.467930583832439,-1.974304809349499e-15,5.682967032313345
31.96,12.21793978,35.76344059,0.2132432769713916,0.6241897901368835,-0.2166397661281775,0.1761270244012236,0.4985381720693581,1.0050376658949876,0.6411550880596161,2.1186264257782668,3.765840944820985e-13,-4.761399251710332,-2.252457307708677e-13,4.0650424053195815
31.970000000000002,12.01281113,36.12611846,0.2096631066387205,0.6305197130925034,-0.2112021135569875,0.185079971790778,0.5437652571187245,0.8952947389549797,0.6758039789463928,2.1730541721945187,1.2854255046221714e-11,-0.0725590598460566,-8.039655899957658e-12,0.0597961276843466
31.98,11.79284959,36.33827914,0.2058240535379633,0.6342226155017734,-0.2053897094597007,0.1927913633375484,0.5812404097283754,0.7711391546766446,0.7073725734759342,2.233128413385477,2.033421693988729e-10,-6.726879442672885e-05,-1.3211482997426282e-10,5.304406675389227e-05
31.990000000000002,11.57772311,36.39657998,0.2020693881537376,0.6352401571164519,-0.1992517240818672,0.1991284280445891,0.6137985377839081,0.6337064707046498,0.7374122707053182,2.3000326724706275,2.0043901849565203e-09,-8.505255525117574e-09,-1.3474185066087711e-09,6.341430391986868e-09
32.0,11.38295789,36.29234208,0.1986700937963665,0.6334208625560872,-0.1928159678508593,0.2039633826807092,0.6435756231004657,0.483495463611763,0.767041256340909,2.3755378573166106,1.5002803190473012e-08,-6.468246735737475e-14,-1.0409934459032384e-08,4.4834988846331354e-14
32.01,11.22397921,36.02918506,0.195895392389892,0.6288279061073508,-0.1860904205065461,0.2071880151658178,0.6725547344309747,0.3224632485106975,0.7972533898521154,2.4612265107171614,1.000540710338164e-07,-9.753365065434168e-21,-7.15697101660482e-08,6.134786199626055e-21
32.02,11.11545725,35.59625245,0.1940013268771744,0.6212718066235983,-0.1790655747665567,0.2086960084857025,0.7024845739995766,0.1507993319886058,0.8288897432435997,2.5599103775039267,6.733561577957076e-07,-2.2379207311504177e-29,-4.96314703817477e-07,1.2300961340562261e-29
32.03,11.04573839,35.01391843,0.1927845032194375,0.6111081606282236,-0.171748771922048,0.2084196871883658,0.7316802844504953,-0.0276321297336565,0.8611977402431368,2.6726394787736663,4.086129563589378e-06,-8.892731898259517e-34,-3.099532045820528e-06,4.022729721710206e-34
32.04,11.03276722,34.26528842,0.1925581135951015,0.5980421020744856,-0.1641258371503137,0.2062843316817251,0.7622934771730469,-0.2135355506639586,0.8951348070074897,2.883187348754064,2.5763951219377653e-05,-2.7768484702895726e-26,-2.0102503591696266e-05,7.052890950250814e-27
32.05,11.06509137,33.3690592,0.1931222764405101,0.582399951332905,-0.1561995837831412,0.2022504563810377,0.7926253367179662,-0.4033875300691052,0.9299648160331566,2.996493700451897,0.0001513441399317,-3.418093310514488e-17,-0.0001213177481879,5.0254889638259665e-18
32.06,11.15645537,32.33304251,0.1947168790583022,0.5643180489867916,-0.147956983942123,0.1962989604484598,0.8242599841013972,-0.5951495932574944,0.9663201908188443,3.1196929888209994,0.0009128158333767,-4.6284973870923226e-10,-0.000751103112082,6.759183960156607e-12
32.07,11.26672881,31.18296306,0.1966415136638026,0.5442453759247661,-0.1394379616361687,0.1884507226059904,0.8519022305962025,-0.7848237842476462,1.0021267762245485,-3.031965655289936,0.0041607364621628,-0.0001445878128199,-0.0035062278065772,1.1656081746046684e-07
32.08,11.43821407,29.96092,0.1996344960694411,0.5229167009266195,-0.1306279920612954,0.1787829111060816,0.8809969574868837,-0.9667811499903916,1.0394369213321737,-2.8957301083082987,0.0197888759484041,-1.9483460869787583,-0.0170624377884626,-0.0159439621656099
32.09,11.61479047,28.68031014,0.2027163356307597,0.5005658424361158,-0.1215855591551737,0.1673914537352239,0.9042432906117028,-1.1391457370851816,1.0756692468239837,-2.756455335317536,0.065661989908188,-6.494355486391403,-0.0577847535722338,-0.0646413969473547
32.1,11.88453942,27.45054719,0.2074243429620572,0.4791024299395774,-0.1122557276210831,0.1545011786828239,0.93298315340991,-1.2890275052411786,1.114602437024069,-2.623551548683609,0.2777716407847608,-6.499986038408889,-0.2494040538398511,-0.0762371251851567
32.11,12.09474913,26.15214336,0.2110931945212197,0.4564410080855727,-0.1027806531603241,0.1401896333262547,0.9475074460754224,-1.431154535656185,1.1500820107374632,-2.4874256808401505,0.5388546594970298,-6.499999915879133,-0.4919424328440949,-0.0991732728342424
32.12,12.35798424,24.9534771,0.2156875138975691,0.4355203352160063,-0.0931519075606915,0.1247318103690571,0.962874559962762,-1.5457822957189673,1.1866879773333896,-2.3606529436577004,1.0395772642220251,-6.499999998072332,-0.9639731676512604,-0.1157473950399572
32.13,12.62756488,23.82173205,0.2203925836652026,0.4157676578003585,-0.0834211200635862,0.1083514417183424,0.9730787497114128,-1.638036865072955,1.222766271790979,-2.239042709513248,1.5261471726098186,-6.499999999887972,-1.4348522327730655,-0.1278231089702885
32.14,12.91219399,22.78177447,0.2253602987817237,0.3976169739482861,-0.0736259209416292,0.0912905895915257,0.9795199121951992,-1.7060852126808066,1.2587310106816056,-2.122353941065793,1.8871373938086684,-6.4999999999848,-1.7962181592545277,-0.1375173595076172
32.15,13.2110583,21.83349421,0.2305764650079247,0.3810663611796183,-0.0638026931780131,0.0737782507854594,0.982322776361108,-1.751233880605727,1.2946445767237107,-2.008539412845217,2.0339521121777557,-6.499999999995769,-1.9571002050673572,-0.1457801557002032
32.160000000000004,13.50091805,20.96078359,0.2356354720144324,0.3658346874434971,-0.0540146165075114,0.0560115656107519,0.978807667051059,-1.776668517472363,1.330000128567532,-1.895068947476481,1.7545302206431226,-6.499999999997902,-1.7040591163180363,-0.1528009768352929
32.17,13.81544187,20.16530486,0.2411249482493824,0.3519509644754142,-0.0442780019670198,0.0381777418989056,0.9736614540486606,-1.7833823711837191,1.3657357860998591,-1.7805715210983404,1.4108337274242866,-6.49999999999824,-1.3813683788013953,-0.1582605587031614
32.18,14.15619536,19.42644399,0.247072218587544,0.3390554095797644,-0.0346058518693305,0.0204279256894023,0.9672150097698172,-1.7749816209519518,1.4018759761885493,-1.6634068416052752,1.0606831039512352,-6.499999999997752,-1.0456366719765624,-0.161651393873031
32.19,14.5436725,18.72476774,0.253834970456755,0.3268088487342175,-0.0249842730583249,0.0028802909677473,0.9621578811000686,-1.7547634721645946,1.438737477093619,-1.5429841076791095,0.836927170141478,-6.4999999999960005,-0.8296653829559959,-0.1624230040311376
32.2,14.99480065,18.05332274,0.2617086420226858,0.3150899227381641,-0.0153789548288846,-0.0143637695199603,0.9605318229435348,-1.724406048769888,1.4764005375603386,-1.4197916534031056,0.7700542314402744,-6.499999999990446,-0.7666383294837242,-0.1602681721377888
32.21,15.53634696,17.39227659,0.2711604081842118,0.3035524909130319,-0.0057244658794618,-0.0312339855083236,0.9654488949431596,-1.6870215988378707,1.5148795328725182,-1.2952908168001482,0.9563972074537688,-6.49999999997161,-0.954907928177786,-0.1553546228222306
32.22,16.18865141,16.73663804,0.2825452685621225,0.2921094395125304,0.0040650978616079,-0.0476721728910814,0.978956374106476,-1.64381873827493,1.553892689132176,-1.1715916207958788,1.6688138868536853,-6.499999999897414,-1.6685763630532096,-0.1483157805552258
32.230000000000004,16.90642226,16.0242172,0.2950727331694608,0.2796753501947067,0.0140118027297655,-0.06369829373713,0.9946704868152504,-1.6026120846040468,1.5927985678255216,-1.0535723711045752,2.826304983086084,-6.499999999641612,-2.825623451845414,-0.140126510600216
32.24,17.82342508,15.42694406,0.3110774516285337,0.2692509673679816,0.0243030949786339,-0.0791325451472447,1.029129224887782,-1.5434251410128723,1.6313377385563912,-0.934943280656389,5.264579278431114,-6.499999997708438,-5.254969666502928,-0.1306581481940324
32.25,18.8334955,14.79466539,0.3287065061345357,0.2582156227863509,0.0349777618540622,-0.0939845272853981,1.0674666875422751,-1.4851982138145765,1.6691014187428062,-0.8246816278162629,6.266826063316706,-6.499999984853879,-6.236678254288347,-0.1204039700535547
32.26,19.93734098,14.18398846,0.3479722441937929,0.24755729969188,0.0460705261009128,-0.1081998257170436,1.1092764246845002,-1.4215298431638297,1.7059161562055574,-0.7203982480957275,6.46533509362462,-6.499999870463061,-6.406609791423487,-0.1085060541075922
32.27,21.12277802,13.61236701,0.3686620236168886,0.2375806233143558,0.0575959513256838,-0.1217101168746025,1.1525425224781474,-1.3510291157571097,1.7417805873059675,-0.6212334700310528,6.494957473439483,-6.499998444325332,-6.400562002852312,-0.0938465860763582
32.28,22.35487216,13.08745113,0.3901661230544166,0.2284191129123524,0.0695212184438695,-0.1344458239551812,1.1925267118179586,-1.273570708057225,1.7770539384500772,-0.5267194952439098,6.499103375669091,-6.4999723668018845,-6.361784605451753,-0.0776247352390512
32.29,23.59679058,12.61431383,0.4118416885245824,0.2201613092133562,0.081767279592596,-0.1463395213077776,1.2246061148720242,-1.1893697352590265,1.812273055594956,-0.4364433820499868,6.499768378302786,-6.499234609447759,-6.311741017350954,-0.0663072325897829
32.3,24.81332448,12.19754041,0.4330742105417098,0.2128872407995591,0.0942146030178804,-0.1573266699740407,1.244732342529568,-1.0987148666273123,1.848064363934996,-0.349954230505683,6.499900669442185,-6.464848611527465,-6.252326393090755,-0.0646711011558205
32.31,25.9663758,11.8316972,0.4531987525201766,0.206502072238994,0.1067030679204781,-0.167357387119575,1.2488464902591307,-1.0030717145529142,1.8852105438931488,-0.2675396288655126,6.49991900058398,-4.539709629269296,-6.182065073895164,-0.041126652163315
32.32,27.03752085,11.53235483,0.4718937604091159,0.2012775622917709,0.1190604429126037,-0.1763712479742392,1.235737499213682,-0.901386085467244,1.924235937465975,-0.1877759431441716,6.499869301466342,-0.0912504668063829,-6.098972793731896,-0.0003287285698703
32.33,27.98667336,11.27176752,0.4884595968121843,0.1967294557433557,0.131076984611753,-0.1843486936246664,1.2016541699143222,-0.7977445650423075,1.9662787430394515,-0.1126400805278478,6.499504000741387,-0.0002957558184873,-5.998739713925616,2.870994869384674e-07
32.34,28.79604026,11.04324437,0.502585714073844,0.1927409743588269,0.1425372831885193,-0.1912838849960859,1.1460298576760446,-0.6935191371415965,2.012195515323843,-0.042205238159311,6.49514572427235,-4.5908769329440966e-07,-5.873536498876527,-3.711340558514022e-09
32.35,29.44249284,10.83463078,0.513868440052856,0.1890999803489214,0.1532151518280003,-0.197190174666389,1.067786863949066,-0.5906289670308471,2.063286082600802,0.0231475503960991,6.356219947933036,-3.3577754079682216e-10,-5.6016399308357325,5.251652591470165e-12
32.36,29.91966971,10.62102729,0.522196747548717,0.1853718961546706,0.1628967047570979,-0.2021135988977055,0.9681552929092688,-0.4923424231313985,2.1207227815902887,0.0822652592437505,1.8519212069101372,-1.3097802664129078e-13,-1.5790483878889343,1.0370305183662824e-14
32.37,30.22129851,10.37976305,0.5274611632275564,0.1811610407993488,0.1713807512945555,-0.2061278891171451,0.8484046537453234,-0.4014290219437583,2.1860965575838067,0.1343948066379951,0.0047532048921585,-3.4211244058902606e-17,-0.0038816141195986,4.667015432179323e-18
32.38,30.33220379,10.10773071,0.5293968255214027,0.1764131807944441,0.1784677880599512,-0.2093095144284089,0.7087036765402184,-0.3181625311266707,2.262018987117606,0.1802539266698906,1.0085898937198764e-06,-7.078620249274164e-21,-7.770310745947811e-07,1.276866595452913e-21
32.39,30.25949513,9.79114792,0.5281278200096896,0.1708877687537943,0.1839889501310467,-0.2117495732284889,0.5521162071092635,-0.2440058800078721,2.350814758051136,0.2197534473993498,1.1423207249818789e-11,-1.896739707532635e-24,-8.119243534934677e-12,4.1206204905009087e-25
32.4,30.00793896,9.40659629,0.523737336589483,0.1641760766663833,0.1878017672638322,-0.2135636141700511,0.3812817132783495,-0.1814040941561222,2.455551331590485,0.2521747068896015,1.7122884910010877e-18,-1.5381079151483177e-27,-1.0845358626733164e-18,3.814987538361281e-28
32.410000000000004,29.60342636,8.98792112,0.5166772598536802,0.1568688164535363,0.1898155628963064,-0.214822834379232,0.2013795632476056,-0.1259220209182101,2.578035227935441,0.280450059045955,8.24742982257592e-28,-4.2035589324022596e-30,-4.40822611867715e-28,1.1565600816161684e-30
32.42,29.04985461,8.51092466,0.5070156101701533,0.1485436577061789,0.1899605750027518,-0.2156242679898043,0.0145012106445306,-0.0801433610571923,2.7212628646088963,0.3035091694581166,6.444283867083786e-36,-7.993726070451697e-32,-2.6302964908901784e-36,2.376716924760135e-32
32.43,28.41640646,8.04516413,0.4959598543119863,0.1404146029318451,0.1882688363848901,-0.215979515523833,-0.1691738617863243,-0.0355247534028925,2.8230514874442934,0.3260912100085825,9.515370212946833e-30,-6.65851053507103e-33,-2.966746491201753e-30,2.124336655576487e-33
32.44,27.6265777,7.48495565,0.4821747419230422,0.1306371204582523,0.1846836515586222,-0.2160243336353677,-0.3585184826265989,-0.0044818111534705,2.9221611176028968,0.3418477636185944,1.2411798557621316e-19,-3.4891479468439786e-33,-2.6926672310955686e-20,1.1659143605295401e-33
32.45,26.80840276,6.96876549,0.4678948953627352,0.1216279025998559,0.1793232466532782,-0.2157256076958511,-0.536040490534132,0.0298725939516422,3.021454891786078,0.3595887530530132,2.658012079561069e-12,-5.178700541338766e-33,-3.236749166711816e-13,1.818247353832012e-33
32.46,25.99120856,6.52753159,0.4536321659445341,0.1139269182734405,0.1723435442432737,-0.2150179173749623,-0.6979702410010772,0.0707690320889414,3.1187961640734727,0.3810109465308084,4.4395227304621654e-07,-3.5755672063416873e-32,-6.813163468125448e-09,1.3280477940237936e-32
32.47,25.10868067,6.05744312,0.4382291485233557,0.1057223266962779,0.1638144882596788,-0.2139628088445596,-0.8529055983590572,0.1055108530402236,-3.063316736857836,0.3997665356990761,0.00563503722525,-4.933197854164884e-31,1.8612051989959783e-05,1.9192628765053607e-31
32.480000000000004,24.26405228,5.6892966,0.423487602162037,0.0992969577925188,0.1539388703675932,-0.2124670296638894,-0.987561789208055,0.149577918066941,-2.966737127022074,0.4236558057724868,3.2083591398597027,-3.532218521811942e-29,0.0070753239744265,1.4525441908390088e-29
32.49,23.4577032,5.41017368,0.4094141557956099,0.094425343820738,0.1429125014886001,-0.2104605403865891,-1.102636887900308,0.2006489277302119,-2.874230423391193,0.451600141571196,6.467770447067751,-9.799861720571007e-27,0.0585566368012379,4.2800302982977535e-27
32.5,22.64352075,5.14540529,0.3952039913311558,0.0898042636600336,0.1308652925065031,-0.2079671551698899,-1.2047208982090882,0.2493385216697897,-2.780928673168232,0.4791239763930321,6.49956227962864,-2.4321612403995434e-24,0.0649234062294531,1.1222837182837608e-24
32.51,21.87970737,4.96184577,0.3818729329793691,0.0866005456626532,0.1179963747288844,-0.2049334841302509,-1.2868917777612157,0.3033671039637505,-2.6913012235912483,0.5100297995110632,6.499982424324079,-9.838066166828805e-22,0.0674655074084893,4.807312432952738e-22
32.52,21.17842703,4.85167761,0.3696332820668639,0.0846777485397893,0.1045102500959927,-0.2013212368096844,-1.348612463290395,0.361224732056976,-2.6054668416109403,0.5436971469821736,6.499998207138383,-4.351873418304302e-19,0.0791711327131165,2.252840318605418e-19
32.53,20.45513416,4.70545616,0.3570094400291645,0.0821257028002491,0.0904938420126981,-0.1972246613423981,-1.401640808328743,0.4096575467284216,-2.51423007657017,0.5741192604701094,6.499999727156629,-4.980942261831879e-17,0.0948713157670258,2.7064213101791406e-17
32.54,19.79222091,4.5888865,0.3454394211615683,0.0800911784253187,0.0761342312560887,-0.1926574513898799,-1.4359610756602037,0.45672099525158,-2.4240857240237643,0.6050763250175631,6.499999915802,-3.745645073976481e-15,0.1081325550791697,2.131126810662076e-15
32.55,19.16382007,4.45494585,0.3344717574812702,0.0777534730805574,0.0615744663544374,-0.1876892472811211,-1.4559764901664534,0.4968204108763302,-2.330921201438459,0.6341576625027059,6.499999956769125,-1.1785966924834878e-13,0.1189571917956167,6.983522575624695e-14
32.56,18.58386348,4.28918073,0.3243496054671314,0.0748603259515939,0.046965981073931,-0.1824036871847284,-1.4608485280498875,0.5285560096390073,-2.234102828252277,0.660793297539829,6.499999962723295,-1.5456666114251465e-12,0.1282637183843069,9.485713797325372e-13
32.57,18.06108559,4.07967684,0.3152254100300026,0.0712037932753579,0.0324606641639092,-0.1768941385455412,-1.450531691003505,0.5509548639192161,-2.131973820302811,0.6845375522107154,6.499999946158604,-8.588897599553403e-12,0.1367681140289662,5.430089543929743e-12
32.58,17.6260656,3.84940982,0.3076328788925098,0.0671848756176022,0.0182374690211064,-0.1712220253882279,-1.4223195142795515,0.5672113157310461,-2.0238901028225853,0.7066985558122044,6.4999998550327245,-2.7990040082166854e-11,0.144731326431007,1.817127530734012e-11
32.59,17.22944302,3.53545861,0.3007105089837552,0.0617053933124821,0.0043990742907661,-0.1655186283360234,-1.3838394730333194,0.5703397052201516,-1.901319383799852,0.7241074460580805,6.499999426520521,-3.1444957355788e-11,0.1524515426559305,2.082699937227731e-11
32.6,16.9003876,3.17318768,0.2949674084832224,0.0553825727997202,-0.0089245151015536,-0.159865457192077,-1.3323589392331938,0.5653171143951536,-1.7606361626518938,0.7385928858291407,6.499996186146814,-1.8315064061454338e-11,0.1590073720036005,1.2327992814762024e-11
32.61,16.62975907,2.7809121,0.2902440495848901,0.0485360723535498,-0.021626764690858,-0.1543170392620521,-1.2702249589297852,0.5548417930022052,-1.5932115520512449,0.751063490532541,6.499958720769303,-6.766192351812235e-12,0.1624489448450817,4.616390764379101e-12
32.62,16.4101606,2.37214453,0.2864113332510482,0.0414017323816734,-0.0336213063390366,-0.1489080599629917,-1.1994541648172463,0.5408979299057657,-1.3897506854576915,0.762180936918601,6.49928360050701,-1.827494561693935e-12,0.1592982486361804,1.2616248732818286e-12
32.63,16.21832415,1.97552737,0.2830631555732107,0.0344794570697642,-0.044860894362273,-0.1436369307170351,-1.1239588023246645,0.5271129245961423,-1.1461735269108244,0.7734524589882089,6.481932333459406,-4.850425311341498e-13,0.1462517290449781,3.38787260141806e-13
32.64,16.05828209,1.62769312,0.2802698946845364,0.0284086041560591,-0.05530054503162,-0.1384589317369175,-1.0439650669341705,0.5177998980114966,-0.8710429157313566,0.7869076606401058,5.863979552525711,-1.8656740526402504e-13,0.1127103865977716,1.3209685553315762e-13
32.65,15.91902928,1.36845618,0.2778394746573823,0.0238840660102641,-0.0649165077530432,-0.1332856084641569,-0.96159627214183,0.5173323272757953,-0.5913457005222467,0.8048218646989121,0.8874935346286988,-1.581898126902531e-13,0.0121120338981161,1.1398882014130108e-13
32.660000000000004,15.79922135,1.24222189,0.2757484318088834,0.0216808620208468,-0.0736927262163533,-0.1279827737807936,-0.8776218463318013,0.5302834683368112,-0.3368066525890463,0.8296769683583668,0.0113190886057785,-4.497925028504024e-13,0.0001132344283102,3.317707534651266e-13
32.67,15.70103433,1.29398767,0.2740347450271619,0.0225843453217098,-0.0816159472910294,-0.1223735067278041,-0.7923221074672053,0.5609267052986564,-0.1222130015980344,0.8637140820170021,7.457530110514803e-05,-5.79503471271866e-12,-9.156536346269853e-08,4.405323770125461e-12
32.68,15.58016003,1.50730805,0.2719250905111185,0.0263074883143153,-0.0887339810500813,-0.1163132806792745,-0.7118033759058416,0.6060226048535111,0.0418732812654724,0.9054949461547318,3.96592713505153e-07,-2.1385223516081443e-10,-1.3194606472734786e-08,1.6823886815102798e-10
32.69,15.52311812,2.00228746,0.2709295213699922,0.0349465087483942,-0.094986708405777,-0.1095296957328071,-0.6252727355692482,0.6783584946464013,0.1846751553472855,0.9598264052002848,7.313076801157054e-10,-4.627049616511333e-08,-1.3492166113405135e-10,3.7901425151278645e-08
32.7,15.54337289,2.78852968,0.2712830337957264,0.0486690242055838,-0.1003059508883824,-0.101760765570128,-0.5319242482602666,0.776893016267507,0.3125527096852802,1.024684536319215,3.05335741214659e-13,-3.2784650364146696e-05,-9.344037698358113e-14,2.8019222220842405e-05
32.71,15.51113396,3.74723042,0.2707203583199064,0.0654015086598899,-0.104796338060436,-0.0929046897973403,-0.4490387172057731,0.8856075772795741,0.4065925242303095,1.0927584041861134,1.0067374352886848e-16,-0.0196110364940904,-3.980849051493895e-17,0.0174152180473094
32.72,15.47099758,4.90297423,0.2700198463390748,0.0855730434539337,-0.1085032697879363,-0.0828429210067769,-0.3706931727498355,1.0061768790558243,0.483528468351974,1.1634391079001618,1.4326606370538553e-20,-4.010441285613771,-6.6668231721807895e-21,3.682846255330831
32.730000000000004,15.40097705,6.22273974,0.2687977575465833,0.1086072969576958,-0.1115005618792725,-0.0715087854504848,-0.2997292091334709,1.1334135556286309,0.5450857150355302,1.2343497909208836,1.1392446728376194e-24,-6.488789855566544,-5.911027198845134e-25,6.125827188336308
32.74,15.28128047,7.67234544,0.2667086581222065,0.133907689278373,-0.11388524345942,-0.058885670373057,-0.238468158014964,1.2623115077439278,0.5928620546326406,1.3039124805964235,8.223163133931816e-29,-6.499946175344899,-4.596107235363293e-29,6.2704748346134185
32.75,15.0967009,9.22082128,0.2634871368937912,0.1609336910739579,-0.1157696054074594,-0.0450000292124723,-0.1884361948038378,1.3885641160577584,0.628378996534136,1.3713185003789852,1.1169474672595786e-32,-6.499999528784631,-6.566347134468557e-33,6.371517262667689
32.76,14.82996334,10.83841883,0.2588316882330553,0.1891660942936515,-0.1172820956983446,-0.0299169761142909,-0.1512490290884505,1.5083053098173718,0.6522058217485798,1.4362719678016682,8.114075869976918e-36,-6.499999992340866,-4.9245657141217e-36,6.441478400563486
32.77,14.48042529,12.51263611,0.2527310983995547,0.2183866982234354,-0.1185445886197496,-0.0137173823376994,-0.1262492921406104,1.6199593776606238,0.6660914010067094,1.4989406394075715,5.469424326669492e-38,-6.499999999782766,-3.379335791356062e-38,6.483288032213192
32.78,14.04044789,14.21520046,0.2450520441351906,0.2481020518580124,-0.1196809956264301,0.0034852009606371,-0.1136407006679941,1.7202583298327845,0.6703194425099882,1.559468596748721,4.922592862610964e-39,-6.499999999989206,-3.0577636454304915e-39,6.499584527038183
32.79,13.52341117,15.93192301,0.2360280510174786,0.2780645126987455,-0.1207900782028341,0.0215635843224807,-0.1109082576403423,1.8078383361834347,0.6669024080611776,1.6181721780078102,3.5730622528040174e-39,-6.499999999999101,-2.209921820040049e-39,6.492733800637284
32.8,12.94592747,17.63911731,0.2259490590758794,0.3078606742050253,-0.1219426844995273,0.0403673719911878,-0.1152606296694246,1.880378766872412,0.6578151151819095,1.6753715600929082,1.1267138273828235e-38,-6.499999999999875,-6.888169892383976e-39,6.464617485851759
32.81,12.31306471,19.30770475,0.2149035202006207,0.3369830188904486,-0.1231978798057318,0.0597189056466373,-0.1255195306203878,1.9351533655439632,0.6436757709241819,1.731453044436851,1.1841829973925317e-37,-6.499999999999971,-7.106746367977816e-38,6.416578518160369
32.82,11.66272246,20.9003824,0.2035529066732926,0.3647804878058745,-0.1245622764584021,0.0794063107927621,-0.1364396652671509,1.9687405146142711,0.6285530634771411,1.786912121360319,1.386153737531663e-36,-6.499999999999988,-8.150909136972142e-37,6.349264560906329
32.83,11.02490111,22.40437903,0.1924208240762775,0.3910301809382734,-0.1260036939373199,0.099215223642492,-0.1441417478917043,1.9808912849719733,0.6157293531788197,1.8421330623503125,8.239121556527623e-36,-6.499999999999991,-4.759322319304515e-36,6.262845967839512
32.84,8.90965587,22.16078105,0.1555028301511399,0.3867785941360661,-0.1293618136802039,0.1170171568301336,-0.3358119742882279,1.7801933187632537,0.4332234713450231,1.915895648240701,4.1687554125819694e-22,-6.499999999998251,-1.750939879254608e-22,6.117631324818253
32.85,7.99418457,22.98992151,0.1395248417586271,0.4012498251245665,-0.1329734358232526,0.1341112578559458,-0.3611622143052033,1.7094101025827777,0.3966508883379002,1.975079462712868,1.1974621129191941e-20,-6.499999999987295,-4.623813047349125e-21,5.976931344874623
32.86,7.13156701,23.62997135,0.1244693251511073,0.4124208022094294,-0.1367331263113699,0.1502471636492406,-0.3759690488115355,1.6135905793286542,0.3709109384208103,2.03661671844179,8.302623258695123e-20,-6.499999999786441,-3.004419608312562e-20,5.80833229243366
32.87,6.33526665,24.08979475,0.1105712620342912,0.4204462345171442,-0.1405252478784048,0.1652056640526547,-0.3792121567032988,1.4958500403406414,0.3569658210579997,2.100819332403621,1.4260156671947916e-19,-6.499999991352748,-4.971110773976338e-20,5.608856369568705
32.88,5.7065241,24.45597836,0.0995976343894061,0.426837344178483,-0.1441151438463078,0.1788879555941326,-0.3589895967906227,1.368229154149032,0.3653299876611512,2.1661132374782195,1.5463298144743907e-20,-6.499999337869409,-5.5136623063564704e-21,5.382142179172482
32.89,5.18833846,24.69797772,0.0905535888348521,0.4310610297982021,-0.1473575773908066,0.1911719926373297,-0.324243354449711,1.2284037043190823,0.3865483906627081,2.233417175580949,2.483159916339989e-22,-6.49987809467581,-9.352698546927472e-23,5.124250693094308
32.9,4.79096662,24.84100561,0.083618141872144,0.4335573374008824,-0.1501066621489797,0.2019793870996859,-0.2749084758171769,1.080739446235065,0.4196478087913127,2.3022101643584656,4.0306755933999706e-25,-6.443722523192539,-1.6426205806645407e-25,4.794998912899828
