Time,raw_angle_left_rad,raw_angle_right_rad,motor_command_left,motor_command_right,vel_L,vel_R,angle_L,angle_R,gait_phase_left,gait_phase_right,amplitude_left,amplitude_right
0,-0.1761411,0.3823381,-0,0,-1.54941763053553,3.36322190570803,-0.0154941763053553,0.0336322190570803,0,0,-6.49999999798904,6.5
0.01,-0.1852656,0.3814828,-0,0,-1.48127823928336,3.03356947201018,-0.0303069586981888,0.0639679137771821,0,0,-6.49999998109672,6.5
0.02,-0.1936631,0.3815766,-0,0,-1.40103331425672,2.71727580145509,-0.044317291840756,0.091140671791733,0,0,-6.49999969826058,6.5
0.03,-0.2015626,0.3822792,-0,0,-1.31237717792188,2.41262988812831,-0.0574410636199749,0.115266970673016,0,0,-6.49999225181806,6.5
0.04,-0.2085682,0.3838762,-0,0,-1.2132476996335,2.12348789227689,-0.0695735406163099,0.136501849595785,0,0,-6.49962001278283,6.5
0.05,-0.2147327,0.3861486,-0,0,-1.10579305350035,1.84881000757733,-0.0806314711513134,0.154989949671558,0,0,-6.4629181995203,6.49999999999975
0.06,-0.2198611,0.389043,-0,0,-0.98986023194643,1.58899138342293,-0.0905300734707777,0.170879863505788,0,0,-2.76400343916235,6.49999999957146
0.07,-0.2238218,0.3924026,-0,0,-0.865933431678391,1.34336829817405,-0.0991894077875616,0.184313546487528,0,0,-0.00673317352523256,6.49999841264676
0.08,-0.226384,0.3960446,-0,0,-0.733646160603831,1.11099651481765,-0.1065258693936,0.195423511635705,0,0,-2.05955845028841e-06,6.48431845665068
0.09,-0.2272892,0.3997847,-0,0,-0.592487413780347,0.890900484719378,-0.112450743531403,0.204332516482898,0,0,-6.77786667902382e-11,0.0718077436972588
0.1,-0.2263627,0.403372,-0,0,-0.442799574064981,0.68150778209294,-0.116878739272053,0.211147594303828,0,0,-7.1537888823098e-17,3.03130241541387e-07
0.11,-0.2233503,0.4065775,-0,0,-0.284264704327082,0.481498435060214,-0.119721386315324,0.21596257865443,0,0,-1.87046717401467e-25,8.5661596061942e-14
0.12,-0.2181402,0.4091223,-0,0,-0.117913938764456,0.289157038365456,-0.120900525702969,0.218854149038084,0,0,-1.55558149964636e-38,6.12060815555772e-22
0.13,-0.2104149,0.4110992,-0,0,0.0570543702208397,0.106126767943739,-0.12032998200076,0.219915416717522,0,0,-1.07991750367387e-43,1.58032799369607e-30
0.14,-0.2001223,0.4122906,-0,0,0.238971427598054,-0.0689044737245688,-0.11794026772478,0.219226371980276,0,0,-1.25028674848334e-28,7.59297980843295e-32
0.15,-0.1868707,0.412962,-0,0,0.42924230279697,-0.232944765012135,-0.11364784469681,0.216896924330155,0,0,-1.52632567979939e-17,8.99409619327923e-25
0.16,-0.1713461,0.4123306,-0,0,0.619606391006396,-0.392566768153149,-0.107451780786746,0.212971256648623,0,0,-5.50074528628903e-10,2.03987684484945e-17
0.17,-0.1525873,0.4113967,-0,0,0.817013134029915,-0.538123589864387,-0.0992816494464468,0.207590020749979,0,0,-0.000383260041218729,7.29918503040503e-12
0.18,-0.1304619,0.4103844,-0,0,1.020456012585,-0.66774716910129,-0.0890770893205968,0.200912549058967,0,0,-4.99801443347495,9.64831252963135e-08
0.19,-0.1081344,0.4063917,-0,0,1.19997741644355,-0.807334188231525,-0.0770773151561613,0.192839207176651,0,0,-6.49935506848739,0.00058609483511094
0.2,-0.08306524,0.4021095,-0,0,1.37859985106695,-0.931269034099778,-0.0632913166454918,0.183526516835653,0,0,-6.49999934212738,0.446145835726679
0.21,-0.05545965,0.3975193,-0,0,1.55319221862662,-1.04011990603183,-0.0477593944592257,0.173125317775335,0,0,-6.49999999825662,6.07107070027587
0.22,-0.02826884,0.3901447,-0,0,1.69678178878863,-1.15611983946301,-0.0307915765713394,0.161564119380705,0,0,-6.49999999997872,6.49716476134748
0.23,-2.005575e-05,0.3819142,-0,0,1.82390167976531,-1.26078399981095,-0.0125525597736862,0.148956279382595,0,0,-6.49999999999942,6.49995730545181
0.24,0.02839254,0.3721983,-0,0,1.92711992662551,-1.35981672390926,0.00671863949256889,0.135358112143503,0,0,-6.49999999999996,6.49999892392209
0.25,0.05663343,0.3610168,-0,0,2.00475024436398,-1.45275639661625,0.0267661419362087,0.12083054817734,0,0,-6.49999999999999,6.49999995749666
0.26,0.08458201,0.3485817,-0,0,2.05733864879663,-1.53753995936827,0.047339528424175,0.105455148583658,0,0,-6.5,6.49999999736587
0.27,0.1121695,0.3352382,-0,0,2.08603000915992,-1.61118133786403,0.0681998285157743,0.0893433352050173,0,0,-6.5,6.49999999973554
0.28,0.1385416,0.3202634,-0,0,2.08514348169113,-1.68041820610801,0.0890512633326856,0.0725391531439372,0,0,-6.5,6.49999999996675
0.29,0.1643601,0.3047775,-0,0,2.06306130923556,-1.73524718893418,0.109681876425041,0.0551866812545954,0,0,-6.5,6.49999999999318
0.3,0.1893163,0.2886099,-0,0,2.01906108198454,-1.77798884642189,0.129872487244887,0.0374067927903765,0,0,-6.5,6.49999999999795
0.31,0.2134891,0.2720611,-0,0,1.95606566839186,-1.80671517492818,0.149433143928805,0.0193396410410947,0,0,-6.49999999999998,6.49999999999907
0.32,0.2368429,0.2552488,-0,0,1.87588964932693,-1.82138381889721,0.168192040422074,0.00112580285212266,0,0,-6.49999999999988,6.49999999999938
0.33,0.2593925,0.2382543,-0,0,1.78076617719905,-1.82237983557646,0.185999702194065,-0.017097995503642,0,0,-6.49999999999854,6.4999999999994
0.34,0.2811553,0.2211574,-0,0,1.67287824184265,-1.81017749878245,0.202728484612491,-0.0351997704914665,0,0,-6.4999999999697,6.49999999999916
0.35,0.3021316,0.2040089,-0,0,1.55416683671836,-1.78556460252386,0.218270152979675,-0.0530554165167051,0,0,-6.49999999893839,6.49999999999836
0.36,0.3222776,0.1868438,-0,0,1.42610339528243,-1.74949229162253,0.232531186932499,-0.0705503394329304,0,0,-6.49999993385844,6.49999999999554
0.37,0.3415013,0.169651,-0,0,1.28968076461301,-1.70332382904691,0.245427994578629,-0.0875835777233995,0,0,-6.49999200977571,6.49999999998343
0.38,0.359703,0.1524042,-0,0,1.14580181505406,-1.64851255099458,0.25688601272917,-0.104068703233345,0,0,-6.49788734254048,6.49999999991775
0.39,0.3767725,0.1351488,-0,0,0.995260734149245,-1.58582214764122,0.266838620070662,-0.119926924709757,0,0,-5.31218367856168,6.49999999945264
0.4,0.3925821,0.1178487,-0,0,0.838677846290153,-1.51672541124045,0.275225398533564,-0.135094178822162,0,0,-0.0126563595648994,6.49999999519416
0.41,0.407423,0.100911,-0,0,0.680357685059487,-1.4387271687279,0.282028975384159,-0.149481450509441,0,0,-1.48403513047073e-06,6.49999993727866
0.42,0.4200408,0.08334228,-0,0,0.510637298213517,-1.36190245827342,0.287135348366294,-0.163100475092175,0,0,-1.59039662837139e-11,6.4999991066949
0.43,0.4315057,0.06622579,-0,0,0.341250726799608,-1.27722227375401,0.29054785563429,-0.175872697829715,0,0,-2.43106493580016e-17,6.49998024634014
0.44,0.44153,0.04943468,-0,0,0.170950722145335,-1.18712132269665,0.292257362855743,-0.187743911056682,0,0,-1.97777644523776e-23,6.49933946717281
0.45,0.4500647,0.03303591,-0,0,0.000709491847374011,-1.09216345904061,0.292264457774217,-0.198665545647088,0,0,-1.264088687364e-26,6.46510516728542
0.46,0.4580028,0.01795965,-1.39802509733824e-25,0,-0.160301252307029,-0.985333266760613,0.290661445251147,-0.208518878314694,-2.27955099865914,0,-7.33733680789584e-24,3.82323885806037
0.47,0.4628856,0.001844452,-1.9582149954975e-19,0,-0.333271536010347,-0.889178804833328,0.287328729891043,-0.217410666363027,-2.20200059508401,0,-9.70736606935434e-18,0.0771989590363314
0.48,0.4672587,-0.01270805,-7.46680152243241e-14,0,-0.4934088008218,-0.780680749414419,0.282394641882825,-0.225217473857171,-2.13636951139084,0,-3.54538043160113e-12,0.000201626141903609
0.49,0.4702131,-0.02659041,-3.59620778423852e-09,0,-0.648589335033076,-0.669563681728029,0.275908748532495,-0.231913110674452,-2.07730059924769,0,-1.64936478422231e-07,2.15105689408371e-07
0.5,0.4716491,-0.03981579,-2.79114915154664e-05,0,-0.798916139277857,-0.557011856656441,0.267919587139716,-0.237483229241016,-2.02334703819739,0,-0.0012445759893043,8.30837894809666e-11
0.51,0.4714305,-0.05251849,-0.0391671970710416,0,-0.944840781768097,-0.445178785532175,0.258471179322035,-0.241935017096338,-1.97335514182391,0,-1.70657773609261,1.12012513819245e-14
0.52,0.4695919,-0.06470796,-0.151325833347355,0,-1.085303696583,-0.33492996336058,0.247618142356205,-0.245284316729944,-1.92674329820472,0,-6.46963629583428,5.28106584696909e-19
0.53,0.4660702,-0.07664206,-0.154424735711717,0,-1.22024062337678,-0.229219827108299,0.235415736122437,-0.247576515001027,-1.88286481362653,0,-6.49987587599739,1.65916917617548e-23
0.54,0.4608258,-0.08837485,-0.156420700432589,0,-1.34942707174878,-0.128923295385039,0.221921465404949,-0.248865747954877,-1.84123936804997,0,-6.49999896319492,1.55708109340975e-27
0.55,0.4540997,-0.1002131,-0.158057169560768,0,-1.47023426219047,-0.037011305223686,0.207219122783045,-0.249235861007114,-1.80174888783151,0,-6.49999998301677,7.59039815737747e-30
0.56,0.4463875,-0.1117868,-0.159373079230357,0,-1.57808878788277,0.0497992069773261,0.191438234904217,-0.248737868937341,-1.76439724891357,0,-6.49999999944059,1.06343157702082e-29
0.57,0.437355,-0.1243353,-0.160423440158464,0,-1.6762181958814,0.120440923029612,0.174676052945403,-0.247533459707045,-1.72847087753614,0,-6.49999999996986,6.33301755882642e-28
0.58,0.4281182,-0.1367899,-0.161225096901991,0,-1.75489034579929,0.18516327261554,0.15712714948741,-0.245681826980889,-1.69428829146317,0,-6.49999999999674,1.64193127183867e-25
0.59,0.4207328,-0.148067,-0.161800502520985,0,-1.79712003312683,0.253495645468547,0.139155949156142,-0.243146870526204,-1.6622417676156,0,-6.49999999999896,1.24185668872265e-22
0.6,0.4111265,-0.1617514,-0.162204779915796,0,-1.84156543568027,0.293193357058346,0.120740294799339,-0.24021493695562,-1.63019163658755,0,-6.49999999999968,5.58123295894142e-21
0.61,0.4044866,-0.1735915,-0.162431244588717,0,-1.84208322130555,0.343723304743932,0.102319462586284,-0.236777703908181,-1.59945678965102,0,-6.49999999999967,6.91357118130921e-19
0.62,0.3991535,-0.1851974,-0.162499753654658,0,-1.81710573476581,0.389647345995165,0.0841484052386256,-0.232881230448229,-1.56908084117309,0,-6.49999999999934,4.59926455677875e-17
0.63,0.3953253,-0.1962276,-0.162413856106062,0,-1.76731872221398,0.434015125131225,0.0664752180164859,-0.228541079196917,-1.53871548304707,0,-6.4999999999973,2.2146794134004e-15
0.64,0.3926398,-0.2067838,-0.162170432071325,0,-1.69846352504126,0.475734618571014,0.0494905827660732,-0.223783733011207,-1.50803975299649,0,-6.49999999998001,7.10339431912564e-14
0.65,0.3913982,-0.2167353,-0.161760076675907,0,-1.61009890872661,0.515866059564193,0.0333895936788071,-0.218625072415565,-1.47674359337181,0,-6.49999999970784,1.7108233280966e-12
0.66,0.3915329,-0.2260656,-0.161167549675093,0,-1.50521293749135,0.554386187820906,0.0183374643038937,-0.213081210537356,-1.44454413627357,0,-6.49999999146104,3.15875912807842e-11
0.67,0.3929455,-0.2346759,-0.160372183042851,0,-1.38693228735955,0.592006610469589,0.00446814143029814,-0.20716114443266,-1.41118357783162,0,-6.49999948709408,4.82424209740964e-10
0.68,0.3957265,-0.2424172,-0.159342809673609,0,-1.25655361301315,0.629822231738885,-0.00809739469983333,-0.200862922115271,-1.37631125984097,0,-6.49992864793199,6.69105800967856e-09
0.69,0.3996407,-0.2491411,-0.157467719297452,0,-1.11821478391783,0.668824624324635,-0.0192795425390117,-0.194174675872025,-1.33974674213156,0,-6.47591135459732,9.06008928220549e-08
0.7,0.4045855,-0.254702,-0.0344436270297511,0,-0.974588373961737,0.7098827086567,-0.029025426278629,-0.187075848785458,-1.30125705143236,0,-1.43092288218743,1.26252227754634e-06
0.71,0.4102448,-0.2590459,-1.46370163200183e-05,0,-0.830023719739293,0.752971848462387,-0.037325663476022,-0.179546130300834,-1.26088616472203,0,-0.000615646598488799,1.78759529681739e-05
0.72,0.4162604,-0.2616498,-1.36153025133306e-09,0,-0.688867110735417,0.802158052529261,-0.0442143345833761,-0.171524549775541,-1.2189422980328,0,-5.81195177479533e-08,0.000324566225982989
0.73,0.4223631,-0.2627488,-2.80849105213654e-14,0,-0.554273184750712,0.854463870345914,-0.0497570664308833,-0.162979911072082,-1.17588377411869,0,-1.21969624869032e-12,0.00609792895877877
0.74,0.428116,-0.2617384,-1.08910902569962e-19,0,-0.430536051355713,0.914500256622496,-0.0540624269444404,-0.153834908505857,-1.13284095690274,0,-4.82226333854267e-18,0.146280039157546
0.75,0.4333605,-0.2587355,-4.94930141454733e-26,0,-0.319047991401605,0.980093374602157,-0.0572529068584564,-0.144033974759836,-1.09076268519021,0,-2.23785356929057e-24,2.49817128123944
0.76,0.4374049,-0.2543308,-3.55410949393712e-33,0,-0.225654244068147,1.04506824154934,-0.0595094492991379,-0.133583292344342,-1.05239580739878,0,-1.64095243351882e-31,6.05446416589296
0.77,0.4411264,-0.2464261,-3.63813630476029e-42,0,-0.141787315545997,1.12733817647541,-0.0609273224545979,-0.122309910579588,-1.01599124009323,0,-1.71606713125296e-40,6.48791245384086
0.78,0.4443436,-0.2352954,-2.57729839301216e-53,0,-0.0688416413118649,1.22233949797421,-0.0616157388677165,-0.110086515599846,-0.982804561614558,0,-1.24123739953965e-51,6.49976794298991
0.79,0.445821,-0.222346,-3.03968430118745e-61,0,-0.0172439551725647,1.31588585475612,-0.0617881784194422,-0.0969276570522848,-0.958363499519592,0,-1.48768235363068e-59,6.49999378770557
0.8,0.4456585,-0.2070452,-1.84095102400806e-61,0,0.0153722347347598,1.41203037489618,-0.0616344560720946,-0.082807353303323,-0.942864023431753,0,-9.10547477265629e-60,6.49999980794064
0.81,0.4456703,-0.1881105,-2.31385120931701e-57,0,0.0463307297075914,1.52100781610693,-0.0611711487750187,-0.0675972751422537,-0.928520910346233,0,-1.15592776747661e-55,6.4999999951592
0.82,0.4425073,-0.1684502,-1.7347805791366e-57,0,0.0462076042733939,1.61537715328083,-0.0607090727322847,-0.0514435036094454,-0.930101519671983,0,-8.65680359837413e-56,6.49999999975554
0.83,0.4383677,-0.1463265,-4.10364966887079e-59,0,0.0370065612792549,1.71087708734203,-0.0603390071194922,-0.0343347327360251,-0.936090398843304,0,-2.03923007509896e-57,6.49999999998595
0.84,0.4329295,-0.1223197,-8.00537217705412e-62,0,0.0167904867616766,1.80156757197704,-0.0601711022518754,-0.0163190570162547,-0.946909825535286,0,-3.94853551441139e-60,6.49999999999893
0.85,0.4261304,-0.09681925,-5.02671765593737e-62,0,-0.0138476793470721,1.8837366269036,-0.0603095790453461,0.00251830925278129,-0.961485100803782,0,-2.45503436520276e-60,6.49999999999988
0.86,0.4174929,-0.07079948,-2.25429746648009e-55,0,-0.0579203886151447,1.94894439169435,-0.0608887829314976,0.0220077531697248,-0.980184866354982,0,-1.08751986428201e-53,6.49999999999998
0.87,0.4070985,-0.04457791,-4.72483525012863e-46,0,-0.113178364836091,1.99536583016383,-0.0620205665798585,0.0419614114713631,-1.0008000226365,0,-2.24963145795139e-44,6.49999999999999
0.88,0.39576,-0.0177452,-1.62625148352066e-38,0,-0.17108168083855,2.02783827135744,-0.063731383388244,0.0622397941849375,-1.01918563153278,0,-7.65599540750951e-37,6.5
0.89,0.3832608,0.009140336,-2.17331983739657e-32,0,-0.232831990877829,2.04241760456613,-0.0660597032970223,0.0826639702305988,-1.03576942968788,0,-1.01309558247192e-30,6.5
0.9,0.3701817,0.03622605,-1.10347402388415e-27,0,-0.292516052230281,2.04181437623794,-0.0689848638193251,0.103082113992978,-1.04862624685675,0,-5.10574112739235e-26,6.5
0.91,0.3553082,0.06218355,-2.66298434285754e-23,0,-0.360463041097299,2.01571038879856,-0.0725894942302981,0.123239217880964,-1.06131238523862,0,-1.22337219739354e-21,6.5
0.92,0.3405213,0.0883337,-4.16402031187527e-20,0,-0.418955607233861,1.97805772419973,-0.0767790503026367,0.143019795122961,-1.06852635353187,0,-1.90533789878061e-18,6.49999999999999
0.93,0.325324,0.1142656,-1.58791388390107e-17,0,-0.472701425514924,1.92653097207132,-0.0815060645577859,0.162285104843674,-1.0724691277643,0,-7.25021890357871e-16,6.49999999999997
0.94,0.3096261,0.1395583,-2.24967739851652e-15,0,-0.52247503373359,1.85902541821392,-0.0867308148951218,0.180875359025813,-1.07381215993607,0,-1.02642614229352e-13,6.49999999999982
0.95,0.2940702,0.1648336,-8.95642187014292e-14,0,-0.562607271625424,1.78286430712989,-0.0923568876113761,0.198704002097112,-1.0714796257875,0,-4.09159497274307e-12,6.49999999999867
0.96,0.2783185,0.1895566,-1.6830517479971e-12,0,-0.596569741711628,1.694679709621,-0.0983225850284923,0.215650799193322,-1.06682346728394,0,-7.70837548916991e-11,6.49999999998472
0.97,0.2622456,0.213626,-1.8562624965938e-11,0,-0.625719746152592,1.59528374664034,-0.104579782490018,0.231603636659726,-1.06044627260887,0,-8.53176596830353e-10,6.49999999972168
0.98,0.2461898,0.2371752,-1.04252192865857e-10,0,-0.647282540448531,1.48755478128014,-0.111052607894504,0.246479184472527,-1.051848027022,0,-4.81487824698108e-09,6.49999999214404
0.99,0.2301017,0.2601045,-3.40349940818968e-10,0,-0.662171368661586,1.37214849192872,-0.117674321581119,0.260200669391814,-1.04145411449297,0,-1.58129954420097e-08,6.49999963751717
1,0.2138453,0.2821761,-7.55001223171649e-10,0,-0.672026120655431,1.24851119981437,-0.124394582787674,0.272685781389958,-1.02980741095556,0,-3.53183245946914e-08,6.4999692856836
1.01,0.1974332,0.3032928,-1.17946705553843e-09,0,-0.677084874348807,1.11743328840749,-0.131165431531162,0.283860114274033,-1.0170488233246,0,-5.55983647090397e-08,6.49472130239783
1.02,0.1808673,0.3233432,-1.34377481919988e-09,0,-0.677694198407893,0.979572517008876,-0.137942373515241,0.293655839444122,-1.00332623161726,0,-6.388026234211e-08,4.90027498843927
1.03,0.1641474,0.3421719,-1.15040764662379e-09,0,-0.67422188290133,0.835194485720951,-0.144684592344254,0.302007784301331,-0.988776349199872,0,-5.51920888058786e-08,0.0171935197355342
1.04,0.1472666,0.359654,-7.62128865544697e-10,0,-0.667096086790773,0.684862020185435,-0.151355553212162,0.308856404503185,-0.973539440755271,0,-3.69262876056375e-08,4.00988522158611e-06
1.05,0.1306256,0.3761661,-3.09571692841414e-10,0,-0.653173812823354,0.533524388369244,-0.157887291340395,0.314191648386878,-0.956777426606054,0,-1.51672343169366e-08,2.53055267898783e-10
1.06,0.1139421,0.3910465,-9.5214617464004e-11,0,-0.635602882430323,0.376625679634007,-0.164243320164699,0.317957905183218,-0.939371110195002,0,-4.7207506424525e-09,2.82210845943309e-15
1.07,0.09611116,0.4030317,-4.66523256703292e-11,0,-0.624463303634382,0.204794343252527,-0.170487953201042,0.320005848615743,-0.924186794721301,0,-2.33774250823468e-09,6.27938085583957e-21
1.08,0.08018313,0.415518,-4.65387994497276e-12,0,-0.592639454636135,0.0503434227812463,-0.176414347747404,0.320509282843556,-0.903315580689005,0,-2.36732250903171e-10,2.34188539788376e-24
1.09,0.06227675,0.4239847,-1.4413875575364e-12,8.89391335035745e-26,-0.57603422899107,-0.126600606900642,-0.182174690037314,0.319243276774549,-0.887452964666698,-3.05692021661252,-7.41866419424866e-11,4.02539168166761e-23
1.1,0.04618878,0.4324554,-9.15212224152787e-14,4.30355559075517e-21,-0.540298125618982,-0.287534216501601,-0.187577671293504,0.316367934609533,-0.866069944584294,-2.96982279884003,-4.78822063734795e-12,2.29200261362973e-18
1.11,0.03023714,0.4390885,-4.11282444149176e-15,4.31080437334015e-15,-0.502034569124582,-0.448726552422869,-0.19259801698475,0.311880669085305,-0.844279490216176,-2.88199025203061,-2.18949435327054e-13,4.90986998935327e-13
1.12,0.01492261,0.4442913,-8.75568096319623e-17,2.40809934091278e-10,-0.457371244628405,-0.605355812319203,-0.197171729431034,0.305827110962113,-0.820746254208366,-2.7958123768742,-4.75397712075176e-15,2.40727607197815e-08
1.13,0.0002038717,0.4479153,-8.84606538112514e-19,2.30832867867139e-06,-0.407552769792158,-0.757915437839284,-0.201247257128956,0.29824795658372,-0.795764206676694,-2.71083625938634,-4.91084810574964e-17,0.00022755311301089
1.14,-0.01401176,0.449851,-4.48269158168534e-21,0.00583983281830217,-0.354202836536068,-0.906543572398967,-0.204789285494316,0.28918252085973,-0.769778397683503,-2.62681765514222,-2.55087685653324e-19,0.500815129185505
1.15,-0.02763089,0.4501156,-1.04352696706645e-23,0.0884597020017746,-0.297207760465064,-1.05028629717449,-0.207761363098967,0.278679657887985,-0.742621850371135,-2.54404250081066,-6.10701569759584e-22,6.39952151898316
1.16,-0.04063374,0.4487756,-1.18509241828384e-26,0.102751956347022,-0.237134160620801,-1.18787788706213,-0.210132704705175,0.266800879017364,-0.7143678223921,-2.46288428668702,-7.16139690674428e-25,6.4996533014778
1.17,-0.05307508,0.4457872,-9.4633904399049e-30,0.112924577102799,-0.175174061357943,-1.31917378099937,-0.211884445318754,0.25360914120737,-0.685353388182807,-2.38319635693279,-5.93232425396255e-28,6.49999746622504
1.18,-0.06502361,0.4412906,-1.23288033321821e-32,0.121286227776244,-0.112552109156098,-1.44247901557323,-0.213009966410315,0.239184351051638,-0.655976769781579,-2.30541859282154,-8.05985527289566e-31,6.49999996344473
1.19,-0.07658987,0.4355959,-1.1101082607103e-34,0.128526474701669,-0.0507572554931244,-1.55482379522706,-0.213517538965247,0.223636113099367,-0.626814683642688,-2.23028394362293,-7.61090941409974e-33,6.49999999898486
1.2,-0.08758916,0.4292707,-2.78239118410631e-35,0.134960181650499,0.0114317075640002,-1.6513295226011,-0.213403221889607,0.207122817873356,-0.597247234889596,-2.15885071967134,-2.0140652909051e-33,6.49999999994354
1.21,-0.0982418,0.4225565,-3.02452957539709e-34,0.140649253002122,0.0715924404322585,-1.73051522171427,-0.212687297485284,0.189817665656214,-0.568363372358945,-2.09086255300788,-2.31926550359766e-32,6.49999999999405
1.22,-0.1086509,0.4159369,-3.75682411733488e-32,0.145547671001156,0.128550215526005,-1.78904653652143,-0.211401795330024,0.171927200290999,-0.540765683755139,-2.02647639842601,-3.05151315397619e-30,6.49999999999879
1.23,-0.1188614,0.4098618,-1.08823166956713e-29,0.149682118614009,0.181762467174018,-1.82433603310208,-0.209584170658284,0.153683839959979,-0.514795729567091,-1.96551795529698,-9.33211011630254e-28,6.49999999999952
1.24,-0.1281023,0.4054142,-6.36038413372929e-27,0.153052105612471,0.237880413373453,-1.828668583264,-0.207205366524549,0.135397154127338,-0.486842941555494,-1.90875370654064,-5.76498982510475e-25,6.49999999999956
1.25,-0.1380385,0.4010159,-8.3271156032342e-25,0.155916798765411,0.281701188973134,-1.81849675711381,-0.204388354634818,0.1172121865562,-0.465417185656786,-1.85232057617697,-7.83827638354485e-23,6.49999999999939
1.26,-0.1485711,0.3967725,-2.8338368497295e-23,0.158281322026766,0.314829069190104,-1.79423556235223,-0.201240063942917,0.0992698309326781,-0.450009161833444,-1.79581629357243,-2.73028557270541e-21,6.49999999999878
1.27,-0.1585065,0.3938769,-9.01155201838921e-22,0.160108570260707,0.348355855440047,-1.74686981942586,-0.197756505388516,0.0818011327384195,-0.4342225934443,-1.74003305727343,-8.85207303333571e-20,6.49999999999526
1.28,-0.1679099,0.3920078,-2.40870271165424e-20,0.161435620257564,0.381424105842871,-1.68158235521815,-0.193942264330088,0.064985309186238,-0.418530872426594,-1.68361993331366,-2.39883528389281e-18,6.49999999996758
1.29,-0.1772396,0.390742,-3.56838748786565e-19,0.162250585158659,0.40982496039549,-1.60413189282635,-0.189844014726133,0.0489439902579744,-0.405604826956425,-1.62538848841417,-3.5770176095772e-17,6.49999999965262
1.3,-0.1860733,0.3903216,-4.48035822887972e-18,0.162496862866695,0.437432012859094,-1.51405408560758,-0.185469694597542,0.0338034494018987,-0.393030064881608,-1.56467464005477,-4.50198513690179e-16,6.49999999368413
1.31,-0.1941932,0.390758,-5.66340847317643e-17,0.1620864926844,0.466004016916255,-1.41304044089716,-0.180809654428379,0.0196730449929271,-0.379605651582186,-1.50049812181166,-5.68825001033698e-15,6.49999979905397
1.32,-0.2019806,0.3915998,-5.1578296255855e-16,0.160888273008734,0.491912071210656,-1.30675681679883,-0.175890533716273,0.00660547682493875,-0.367776878430387,-1.43193196368497,-5.17126915456627e-14,6.49998993308159
1.33,-0.2084356,0.3932857,-7.42174060633215e-15,0.158689733196253,0.523908669664326,-1.19264612230548,-0.17065144701963,-0.00532098439811604,-0.35131921815858,-1.35766779698443,-7.42226728323138e-13,6.49902937301112
1.34,-0.2135929,0.3955407,-1.44125683017082e-13,0.151210909481988,0.560912234441616,-1.07466215725597,-0.165042324675213,-0.0160676059706757,-0.330604615327219,-1.27663061462865,-1.4426743828533e-11,6.32811046098944
1.35,-0.2171568,0.3981014,-4.07637510036e-12,0.0148194467138807,0.604779845040998,-0.956344391619159,-0.158994526224803,-0.0256310498868673,-0.303690409031347,-1.18814182084795,-4.15322270494996e-10,0.640304864434045
1.36,-0.218801,0.4007749,-1.70349972055286e-10,2.49791030426869e-05,0.657414106712542,-0.840308884598791,-0.152420385157678,-0.0340341387328552,-0.268188864068217,-1.09201108691152,-1.87647050208401e-08,0.0011287080049233
1.37,-0.2181795,0.4033068,-9.03931951316576e-09,2.0740878510909e-08,0.720657961154783,-0.729457894649081,-0.14521380554613,-0.041328717679346,-0.221180695366707,-0.989249891579341,-1.35362656959469e-06,9.94765961989606e-07
1.38,-0.2150085,0.4055708,-9.83355391358576e-08,9.24878622829183e-12,0.795565662034244,-0.625286245318527,-0.137258148925788,-0.0475815801325313,-0.159706512874088,-0.88160557578659,-0.000146275467998009,4.78129920024117e-10
1.39,-0.2090314,0.407382,-6.26115110777671e-05,2.31471134217648e-15,0.882772922763332,-0.529612721154844,-0.128430419698154,-0.0528777073440797,-0.0804883521174684,-0.772393244341315,-0.0214455130616577,1.31379964587689e-13
1.4,-0.2001563,0.4083291,0.0278831386880601,4.46997303820233e-19,0.98132604628497,-0.446006847560099,-0.118617159235305,-0.0573377758196807,0.0185907945296386,-0.668001155915837,-2.33320685214512,2.87054602269614e-17
1.41,-0.1880374,0.4087442,0.924684273569726,4.96607671429348e-23,1.09248135163662,-0.371149234065011,-0.107692345718938,-0.0610492681603308,0.141610177782524,-0.568936372513843,-6.43930631669466,3.80360158458091e-21
1.42,-0.1726863,0.408365,1.83270684132246,4.77912146883697e-27,1.21416948369451,-0.307125508670558,-0.0955506508819934,-0.0641205232470364,0.28755273258375,-0.480280086593729,-6.49965967685121,4.38459922479132e-25
1.43,-0.1531436,0.4083441,2.89360213962187,8.1534187666571e-32,1.35287973045405,-0.243419962588003,-0.0820218535774529,-0.0665547228729165,0.460942014526574,-0.391331269557166,-6.49999837774753,8.19348570713812e-30
1.44,-0.1317098,0.4062593,3.83768687988198,1.67998557515351e-35,1.48600636196711,-0.201597262442875,-0.0671617899577818,-0.0685706954973452,0.631526030721507,-0.330304496603598,-6.49999998452166,1.68176212128441e-33
1.45,-0.1077557,0.4029825,4.65397473840733,1.97376293569738e-38,1.61847513908895,-0.172451017623581,-0.0509770385668923,-0.070295205673581,0.798192798493984,-0.286810875254677,-6.49999999977775,2.06600542951053e-36
1.46,-0.08179277,0.3983053,5.29419551706315,4.0736021235214e-40,1.74485054750402,-0.156899897457975,-0.033528533091852,-0.0718642046481608,0.951830104029598,-0.262195101061778,-6.49999999999474,4.58960228217486e-38
1.47,-0.05410938,0.3924146,5.76199590520936,1.36724274730298e-40,1.86216010575261,-0.152231523949359,-0.0149069320343259,-0.0733865198876544,1.08955811060284,-0.25251927370667,-6.49999999999979,1.61018340923635e-38
1.48,-0.02606231,0.3842911,6.07760844087228,6.87079632189119e-39,1.95845345138746,-0.166394362257853,0.00467760247954872,-0.0750504635102329,1.20822419180532,-0.267261982273745,-6.49999999999998,7.59322095170372e-37
1.49,0.003729241,0.375397,6.2912543909215,7.41718741671012e-37,2.04681941634697,-0.184884602813338,0.0251457966430184,-0.0768993095383663,1.31661568896171,-0.28646366106983,-6.5,7.7694610334829e-35
1.5,0.03330946,0.3646889,6.41925846073555,8.33126032641266e-34,2.11021238104587,-0.216251463225739,0.0462479204534771,-0.0790618241706237,1.41297497842427,-0.319689645486953,-6.5,8.37487280812556e-32
1.51,0.06254807,0.3522213,6.48462520489697,3.00790893967023e-30,2.14915569997811,-0.258638479372601,0.0677394774532582,-0.0816482089643497,1.5019854354925,-0.36252593751111,-6.5,3.01300340817242e-28
1.52,0.09158999,0.3384967,6.49911285753616,8.39522179025284e-27,2.16670899791966,-0.306367415639494,0.0894065674324548,-0.0847118831207446,1.58732235429096,-0.406584833736218,-6.5,8.41268819992326e-25
1.53,0.1199594,0.3234442,6.46695082102828,1.71288095687482e-23,2.16042386151034,-0.359208241911963,0.111010806047558,-0.0883039655398642,1.67170567246174,-0.45044239325472,-6.5,1.64930070113287e-21
1.54,0.1476237,0.3073564,6.38667920719003,1.67375665579218e-20,2.13210475837134,-0.413744303788157,0.132331853631272,-0.0924414085777458,1.75784477924989,-0.489996993423174,-6.5,1.5080418488638e-18
1.55,0.174356,0.2903052,6.25111795395453,7.80729676999385e-18,2.08187514794491,-0.4687690447143,0.153150605110721,-0.0971290990248888,1.84848355154395,-0.524234112694662,-6.5,6.56536966396806e-16
1.56,0.2002647,0.2726876,6.04829921791949,1.37648643768404e-15,2.01293624719864,-0.520347597247421,0.173279967582707,-0.102332574997363,1.94587983451663,-0.550492586875327,-6.5,1.09545024503933e-13
1.57,0.2253368,0.2547394,5.76129572846938,9.31222755419473e-14,1.927294035456,-0.566317055468812,0.192552907937267,-0.107995745552051,2.05226721209873,-0.568389388943651,-6.49999999999997,7.1404075320598e-12
1.58,0.2494978,0.2365423,5.36803701944981,2.76796401560299e-12,1.82637315999835,-0.606087866794068,0.210816639537251,-0.114056624219992,2.16991873668418,-0.578897509521969,-6.49999999999961,2.07749164778065e-10
1.59,0.2727834,0.2183654,4.84581665382972,3.51584687066722e-11,1.71255164091395,-0.637536567290292,0.22794215594639,-0.120431989892895,2.30019275383642,-0.581829764032863,-6.49999999999129,2.62331240346153e-09
1.6,0.295072,0.2001198,4.17348590128795,2.34613904779683e-10,1.58672860187968,-0.661904101676381,0.243809441965187,-0.127051030909659,2.44426218616182,-0.579161051596442,-6.49999999965769,1.75995664921316e-08
1.61,0.3163947,0.1819452,3.34882995709649,8.30291505953682e-10,1.45114818160935,-0.678388278920842,0.25832092378128,-0.133834913698867,2.60077642698964,-0.571207247677163,-6.49999997553106,6.32982286362031e-08
1.62,0.3366475,0.1638732,2.37417857585979,1.66504559233871e-09,1.30675744755622,-0.687256764370755,0.271388498256843,-0.140707481342575,2.76710174303842,-0.558812160242289,-6.49999649499106,1.30226323618598e-07
1.63,0.3557186,0.1458981,1.30964300517864,2.02915587986408e-09,1.1544221895989,-0.689135252544297,0.282932720152832,-0.147598833868017,2.93860605780521,-0.542845485118322,-6.49884848734541,1.64100620514405e-07
1.64,0.373492,0.1279832,0.132853725122566,1.61636728990417e-09,0.99495702670222,-0.68491795239993,0.292882290419854,-0.154448013392017,3.10936775456673,-0.524171895686004,-5.59737356758243,1.35942398275309e-07
1.65,0.3898326,0.1100985,1.36177353634542e-05,8.90253393323433e-10,0.828997932075399,-0.675408979741196,0.301172269740608,-0.161202103189429,-3.00951060132906,-0.503473468381393,-0.0121838152377664,7.81213166616029e-08
1.66,0.4046633,0.09222261,-6.94932800193445e-09,3.5389790412977e-10,0.657679680260912,-0.661307715417177,0.307749066543217,-0.167815180343601,-2.85649857716088,-0.481281709680874,-7.30079624675013e-07,3.24091962596786e-08
1.67,0.418275,0.07476955,-7.65582588533758e-14,7.98282141939817e-11,0.485285478121099,-0.639504779180452,0.312601921324428,-0.174210228135405,-2.7200046979874,-0.455893315898303,-7.60770399257751e-12,7.62655051779517e-09
1.68,0.4293616,0.05646417,-8.34068620732669e-20,2.42069234184977e-11,0.301838122592621,-0.621893751481949,0.315620302550354,-0.180429165650225,-2.59212691644386,-0.434181806042013,-6.65208068404114e-18,2.37795589191975e-09
1.69,0.4392703,0.03866815,-3.38006487858101e-25,3.99057532262451e-12,0.121407240877573,-0.59639601193857,0.31683437495913,-0.18639312576961,-2.48211989518644,-0.409119790364199,-2.19803973801747e-23,3.99493365709454e-10
1.7,0.4482847,0.02174129,-2.24087612420275e-26,2.83782681527393e-13,-0.0524369026244216,-0.560746161007337,0.316310005932886,-0.192000587379684,-2.38848506171246,-0.379510192792301,-1.29692643334739e-24,2.85024385467048e-11
1.71,0.4550151,0.004277804,-2.27746678535991e-22,2.36478386244674e-14,-0.231047655787719,-0.528288129288644,0.313999529375009,-0.19728346867257,-2.7902665797405,-0.352964766947186,-2.27763003906121e-20,2.36538885908678e-12
1.72,0.4604841,-0.01274589,-1.46847607921846e-16,1.11462376745801e-15,-0.40375439854353,-0.49049138712957,0.309961985389573,-0.202188382543866,-2.68936308111218,-0.324495643088418,-1.41042244891898e-14,1.11790625638653e-13
1.73,0.4636244,-0.03017824,-4.97171451760814e-11,5.73372241718613e-17,-0.579048752000343,-0.455456267030179,0.30417149786957,-0.206742945214168,-2.58786286038645,-0.298658991715074,-3.92991832918637e-09,5.87977503857214e-15
1.74,0.46629,-0.0462549,-1.13067423224191e-06,7.33372546908418e-19,-0.739232527907664,-0.407866977242374,0.296779172590493,-0.210821614986591,-2.49403669999974,-0.266623166128924,-7.48907322245844e-05,8.12347011202379e-17
1.75,0.4676154,-0.06168935,-0.00416228534056108,3.87439843017842e-21,-0.891932301885635,-0.35535290587789,0.287859849571637,-0.21437514404537,-2.40316560539549,-0.232704377518065,-0.244701622312803,5.1973751661228e-19
1.76,0.4672949,-0.07672439,-0.117380910900179,9.20755075982643e-24,-1.03929153646621,-0.300832171131837,0.277466934206975,-0.217383465756689,-2.31379581383872,-0.198455090429741,-6.33505498206857,1.95273033792619e-21
1.77,0.4653888,-0.09119355,-0.128908197158847,4.06880986160563e-27,-1.18012275447052,-0.243431291466024,0.26566570666227,-0.219817778671349,-2.22605955215932,-0.163229179176099,-6.49952160719831,4.03706326735041e-24
1.78,0.4618896,-0.1051538,-0.136598892302261,-7.70954043676088e-30,-1.31397950686553,-0.184316388304616,0.252525911593614,-0.221660942554395,-2.13983911442782,-0.127553190861936,-6.49999691185108,6.36409265709645e-27
1.79,0.4567704,-0.1187659,-0.143440223868525,1.60409624036491e-32,-1.44067265375046,-0.125468051306697,0.23811918505611,-0.222915623067462,-2.05501608679913,-0.0924282665421221,-6.49999996091419,1.61411648335147e-29
1.8,0.4501712,-0.1319056,-0.149275415951149,1.05506980261041e-33,-1.55863247357137,-0.0662200397376402,0.222532860320396,-0.223577823464838,-1.97187280282923,-0.0573113009629397,-6.49999999909504,1.57515530799868e-31
1.81,0.4424911,-0.1447615,-0.154007774194506,1.46993178324476e-34,-1.66423375794854,-0.00868363079726819,0.205890522740911,-0.223664659772811,-1.89097655620307,-0.0232944556094921,-6.49999999996134,2.0376757637815e-32
1.82,0.4338191,-0.1577222,-0.157652415563472,-1.91137371354702e-34,-1.75696115810714,0.0434856041561815,0.188320911159839,-0.223229803731249,-1.81210094055067,0.00759328728142427,-6.49999999999718,4.51762417738677e-32
1.83,0.4244571,-0.1708272,-0.160241482682557,-1.72659893468419e-32,-1.83458681017825,0.0900225983721121,0.169975043058057,-0.222329577747528,-1.73525058235404,0.0352936677235201,-6.49999999999965,6.47326973034154e-31
1.84,0.4154416,-0.1833644,-0.161823085206897,-2.13537186431407e-30,-1.88880015711049,0.137253195403854,0.151087041486952,-0.22095704579349,-1.66075248869455,0.0636629043392861,-6.49999999999991,3.72637299721132e-29
1.85,0.4071892,-0.1954415,-0.16247538692746,-3.88873018791742e-28,-1.91758812014965,0.183829337663639,0.131911160285455,-0.219118752416853,-1.58794391741585,0.0920106613895473,-6.49999999999996,4.29117165269121e-27
1.86,0.3999884,-0.2069557,-0.162249237833944,-8.10416200565747e-26,-1.92041950564533,0.230352864067058,0.112706965229002,-0.216815223776183,-1.51605687373729,0.120809130210099,-6.49999999999996,6.61683156320187e-25
1.87,0.394095,-0.2175996,-0.161163036303891,-2.04351978295529e-23,-1.89729335583888,0.279147910594027,0.0937340316706132,-0.214023744670242,-1.44433017679373,0.151587108183756,-6.49999999999992,1.33279712037032e-22
1.88,0.3891156,-0.228046,-0.159212946366047,-2.63037792919164e-21,-1.85405575382377,0.323806659745586,0.0751934741323754,-0.210785678072786,-1.37228142203797,0.180597548877374,-6.49999999999976,1.45563525577901e-20
1.89,0.3853894,-0.2376203,-0.156375725484565,-3.25288756238596e-19,-1.78982703699839,0.370210973846323,0.0572952037623916,-0.207083568334323,-1.29934605362944,0.2115110615372,-6.49999999999855,1.55271714298163e-18
1.9,0.3827878,-0.2465423,-0.15263176710561,-2.89650984458769e-17,-1.70803229764984,0.415948537206198,0.0402148807858932,-0.202924082962261,-1.22529127229435,0.243003503724368,-6.49999999998479,1.21049367612606e-16
1.91,0.3814886,-0.2547503,-0.147955171807196,-1.92218647867634e-15,-1.60927004177077,0.461267776426556,0.0241221803681854,-0.198311405197996,-1.14967862822646,0.27535774243856,-6.49999999969868,7.11271338668814e-15
1.92,0.381414,-0.2621665,-0.142357795081313,-9.99013628642573e-14,-1.4964399946244,0.506536752210906,0.00915778042194144,-0.193246037675887,-1.0724355503398,0.308940977133735,-6.49999998853058,3.30195825286497e-13
1.93,0.3826738,-0.2686552,-0.135870881143904,-4.42676869380417e-12,-1.3706647551526,0.552592404592289,-0.00454886712958455,-0.187720113629964,-0.993257415549382,0.34442658330671,-6.49999907480893,1.31504436194331e-11
1.94,0.3849784,-0.2741137,-0.128657360065174,-1.74417414969978e-10,-1.23654402169796,0.599908492667865,-0.0169143073465641,-0.181721028703285,-0.912754287968084,0.382284708667966,-6.49984136743117,4.680754914014e-10
1.95,0.3883917,-0.278317,-0.119509793076245,-6.81006334829302e-09,-1.09526653120342,0.649963979117192,-0.0278669726585983,-0.175221388912113,-0.830896894806676,0.423625363971783,-6.43310349267799,1.65615033158759e-08
1.96,0.3925428,-0.2810426,-0.00901477066430488,-2.83212848620605e-07,-0.951751730751705,0.704070317651254,-0.0373844899661154,-0.168180685735601,-0.748979005118371,0.469466509310928,-0.524002099988343,6.25446862455355e-07
1.97,0.3970965,-0.2820537,-2.94606129387345e-06,-1.32033596238099e-05,-0.810196492150173,0.763512950781447,-0.0454864548876171,-0.160545556227786,-0.668503043189353,0.520784313659044,-0.000189054499847404,2.65139212443429e-05
1.98,0.4016575,-0.2811764,-2.99525467888746e-10,-0.000684575304712108,-0.674940241450552,0.828880486256729,-0.0522358573021226,-0.152256751365219,-0.591403463995165,0.578050629124951,-2.19289629412785e-08,0.00125235725370684
1.99,0.4059613,-0.2782669,-9.37794159440849e-15,-0.0379106395860711,-0.54875721161089,0.90039979561644,-0.0577234294182315,-0.143252753409054,-0.519215431428216,0.641382851070927,-7.9689337120522e-13,0.0633628644317841
2,0.4098729,-0.2731372,-7.50281285613878e-20,-1.48321383972899,-0.432985290716396,0.978616352414742,-0.0620532823253955,-0.133466589884907,-0.452865412866097,0.710876160028797,-7.19967063199115e-18,2.27351511579746
2.01,0.4120538,-0.2664011,-5.39228037994019e-25,-4.3869895130893,-0.33921713230303,1.05701925836395,-0.0654454536484258,-0.122896397301268,-0.398353358267997,0.782680837286285,-5.41500163766293e-23,6.22202846863607
2.02,0.415267,-0.2548807,-7.02406517579519e-32,-4.96318697042649,-0.242249173438536,1.16254166677683,-0.0678679453828112,-0.111270980633499,-0.343105650389347,0.869391202550565,-7.02124731178556e-30,6.49722483263782
2.03,0.4161657,-0.2419975,-1.74868126226794e-38,-5.30161285680499,-0.172148033465834,1.26234448173452,-0.0695894257174695,-0.098647535816154,-0.302670799519182,0.953808657667909,-1.78381415818901e-36,6.49995125688939
2.04,0.415237,-0.2271306,-2.32000952294095e-44,-5.59910552022637,-0.122869053910079,1.36153498814142,-0.0708181162565703,-0.0850321859347398,-0.274022843086396,1.03795069735154,-2.50784252894767e-42,6.49999882724499
2.05,0.413586,-0.2091552,-6.22975561555845e-50,-5.86246098276716,-0.0833694016564817,1.46914600875015,-0.0716518102731351,-0.0703407258472384,-0.25116309212114,1.12410157897284,-7.38883119930974e-48,6.49999997278522
2.06,0.4115553,-0.1878847,-7.41703466276422e-55,-6.08295954324074,-0.0501159752959985,1.58522541991977,-0.0721529700260951,-0.0544884716480407,-0.23208238179348,1.21055323543477,-1.00013196298615e-52,6.49999999937549
2.07,0.4073682,-0.1653055,-2.20074426789182e-56,-6.24915166862291,-0.0382193292673092,1.69091981402529,-0.0725351633187682,-0.0375792735077878,-0.225015781607363,1.29200723903816,-3.1658064103696e-54,6.4999999999748
2.08,0.4010856,-0.1415998,-2.39483006379973e-55,-6.36821466644841,-0.0453687715342532,1.7847260476337,-0.0729888510341107,-0.0197320130314508,-0.228506996905924,1.36903582854155,-3.33197479381633e-53,6.49999999999829
2.09,0.3946789,-0.1154563,-3.23573885956722e-54,-6.44754545062837,-0.0527409370688847,1.87830201880392,-0.0735162604047996,-0.00094899284341168,-0.232018155391319,1.4436362187532,-4.36550455993013e-52,6.49999999999987
2.1,0.3862224,-0.08888899,-1.51986556230004e-50,-6.48963343213042,-0.0769453890320557,1.95348175714903,-0.0742857142951201,0.0185858247280786,-0.244492824270524,1.51429715242663,-1.87316968068369e-48,6.49999999999998
2.11,0.3766039,-0.06158131,-6.6275373464928e-46,-6.4995759113699,-0.108622169343736,2.01400439367409,-0.0753719359885575,0.0387258686648195,-0.260462787272441,1.58222241368015,-7.52082461493079e-44,6.5
2.12,0.3652694,-0.03439212,-2.0712351001333e-40,-6.48060407259723,-0.151669030176392,2.05321296678658,-0.0768886262903214,0.0592579983326853,-0.281626722561353,1.64808755405321,-2.19344517987124e-38,6.5
2.13,0.3536063,-0.006715879,-5.36547625634971e-36,-6.43480869580519,-0.192730236469384,2.07787328270783,-0.0788159286550152,0.0800367311597636,-0.300629571144396,1.71257967722504,-5.48741225013896e-34,6.5
2.14,0.3402146,0.0202,-2.0207458104221e-31,-6.36266243884609,-0.243784971450282,2.07822399992546,-0.0812537783695181,0.100818971159018,-0.323407925669196,1.77677788400092,-2.02761994952104e-29,6.5
2.15,0.3263183,0.04690538,-1.0342370079242e-27,-6.26432569948174,-0.292955511750215,2.06109998698633,-0.0841833334870202,0.121429971028882,-0.343660742695749,1.84096876797236,-1.03382601224633e-25,6.5
2.16,0.3110543,0.07256502,-3.38300479210145e-24,-6.13754480196735,-0.347496058497988,2.02087970963675,-0.0876582940720001,0.141638768125249,-0.364805220629927,1.90639912687091,-3.39006763423005e-22,6.5
2.17,0.296976,0.09902059,-4.45186208939477e-22,-5.98631798232961,-0.384395603565853,1.97578462991973,-0.0915022501076586,0.161396614424446,-0.376199358518156,1.97111033757549,-4.4694703552428e-20,6.49999999999999
2.18,0.2818749,0.1244099,-5.24694243749038e-20,-5.80425641669807,-0.424018211410823,1.91042090495574,-0.0957424322217669,0.180500823474004,-0.387713116374774,2.03779315755176,-5.27289007023523e-18,6.49999999999995
2.19,0.2664723,0.149047,-2.71617839317925e-18,-5.5907052565424,-0.459566042252465,1.82972578580651,-0.100338092644291,0.198798081332069,-0.396348266771148,2.10618028419233,-2.72842477147538e-16,6.49999999999963
2.2,0.2511098,0.1732439,-5.39577078847101e-17,-5.34676315905053,-0.488149720983941,1.73830528329081,-0.105219589854131,0.216181134164977,-0.401158763814963,2.17569438464602,-5.4155207222062e-15,6.49999999999563
2.21,0.2355908,0.1966631,-5.77700267367847e-16,-5.06944266808182,-0.511846048521074,1.63482609935517,-0.110338050339342,0.232529395158528,-0.403348338821286,2.24702779458377,-5.79495154044474e-14,6.49999999991646
2.22,0.2199255,0.2192883,-3.64221543885812e-15,-4.75836305980305,-0.530793656994316,1.52094051910911,-0.115645986909285,0.24773880034962,-0.403216983508727,2.3201362162615,-3.65366390977315e-13,6.49999999735154
2.23,0.2041627,0.2410276,-1.40496985908102e-14,-4.41308336511748,-0.544824450315989,1.39758435332974,-0.121094231412445,0.261714643882917,-0.400916827946882,2.39511685193461,-1.41018893684957e-12,6.49999985215756
2.24,0.1882653,0.2617657,-3.63449892902065e-14,-4.03336829912787,-0.554562651733841,1.26547954433369,-0.126639857929783,0.274369439326254,-0.396885196545432,2.47211108730043,-3.65062724722472e-12,6.49998409924763
2.25,0.172188,0.2813851,-6.83133333405515e-14,-3.61735734896738,-0.560683578267815,1.12533328768553,-0.132246693712461,0.285622772203109,-0.391530859456585,2.55124877939568,-6.86485069026026e-12,6.49627799698981
2.26,0.1559278,0.2997709,-9.67090748286198e-14,-2.35723966529184,-0.563462165158057,0.977877782257618,-0.137881315364042,0.295401550025685,-0.385072287650289,2.63262800445431,-9.71780319348714e-12,4.83329484142926
2.27,0.1394945,0.3168007,-1.05309681960846e-13,-0.0039933759218609,-0.563067075212162,0.823769925837095,-0.143511986116163,0.303639249284056,-0.377665946632812,2.7163512439866,-1.05746929117439e-11,0.00967653853569211
2.28,0.1228745,0.3324908,-9.12557458200755e-14,-4.07583169640663e-07,-0.559875463975823,0.664863570644464,-0.149110740755922,0.310287884990501,-0.369525447697578,2.80190935246731,-9.1520958717498e-12,1.22735247076333e-06
2.29,0.1061182,0.3466897,-6.18932404459993e-14,-6.84828180293815e-12,-0.553701463168185,0.50143841262884,-0.154647755387604,0.315302269116789,-0.360643905601614,2.88945521251945,-6.19784399493029e-12,2.76144330691316e-11
2.3,0.08929876,0.3594632,-3.17608804094492e-14,-1.99831810275682e-17,-0.544198304769459,0.335664253557191,-0.160089738435298,0.318658911652361,-0.35095481295274,2.97813952593469,-3.176194293602e-12,1.21369420185721e-16
2.31,0.07310636,0.371558,-7.51023270875007e-15,-6.49846504567693e-23,-0.525740115448809,0.175436947723853,-0.165347139589786,0.3204132811296,-0.338562999042721,3.06395083599122,-7.50839159846454e-13,8.81640369578378e-22
2.32,0.0558863,0.3808967,-2.99104578547618e-15,6.89551329360724e-27,-0.513532693919206,0.00348968066299449,-0.170482466528978,0.32044817793623,-0.328841272218649,-3.12698333328267,-2.99538184725125e-13,1.26500197748391e-24
2.33,0.04024733,0.390526,-2.58069473142504e-16,1.60842276102361e-24,-0.48454925139178,-0.151515437286196,-0.175327959042896,0.318933023563368,-0.313789145711624,-2.81551242088477,-2.60415097448368e-14,1.61218659317347e-22
2.34,0.02348351,0.3974046,-4.41548719954144e-17,2.11305983398973e-19,-0.463841195314007,-0.316207560548833,-0.179966370996036,0.315770947957879,-0.302147449407912,-2.72034253077433,-4.50709449262168e-15,2.1003135207052e-17
2.35,0.007934709,0.403968,-2.10107194436574e-18,2.18713562899028e-14,-0.430597312077452,-0.467438387765533,-0.184272344116811,0.311096564080224,-0.286718231436834,-2.63489676505064,-2.19968839350953e-16,1.90683981016502e-12
2.36,-0.007363742,0.4091755,-6.35030554812631e-20,5.6840538952534e-10,-0.394476405294345,-0.614244496272558,-0.188217108169754,0.304954119117499,-0.270874639782865,-2.55357519985369,-6.93215790237205e-18,4.18922333121087e-08
2.37,-0.02207391,0.4132459,-8.7804798297353e-22,2.76705263187609e-06,-0.353060739730971,-0.75401327139846,-0.191747715567064,0.297413986403514,-0.253777014816534,-2.47709080952977,-1.02750640222522e-19,0.000178602882202353
2.38,-0.03633534,0.4159741,-6.22943445208895e-24,0.00347695083748892,-0.30831144296387,-0.888073874792237,-0.194830829996703,0.288533247655592,-0.236072867596308,-2.40424664067847,-8.13633230358396e-22,0.204653116886795
2.39,-0.05009746,0.4173352,-2.15688140488683e-26,0.110164942126277,-0.26040242042291,-1.0161259270349,-0.197434854200932,0.278371988385243,-0.217778680328344,-2.33467359544242,-3.35870719377146e-24,6.05437758900918
2.4,-0.06333447,0.4173669,-3.73552951500608e-29,0.124895715021038,-0.209732095957985,-1.13739197454645,-0.199532175160511,0.266998068639778,-0.198976889761394,-2.26819139096808,-7.83604410471563e-27,6.49727839524379
2.41,-0.07613833,0.4161234,-4.27371916929874e-32,0.130883671786855,-0.157705052896393,-1.25107037205577,-0.201109225689475,0.25448736491922,-0.180083313425908,-2.20460705389114,-1.54301570326876e-29,6.49996774368169
2.42,-0.08832496,0.4137689,-3.11165595304353e-35,0.13624749859283,-0.10322908754431,-1.35553226502822,-0.202141516564919,0.240932042268938,-0.160651978605883,-2.14395062489039,-4.09043619740166e-32,6.49999925915542
2.43,-0.09994619,0.4106793,3.95010630018586e-37,0.140989760985759,-0.0473663478055677,-1.44752551609782,-0.202615180042974,0.22645678710796,-0.140971638735582,-2.08659256269213,-5.29942344133333e-34,6.49999996695768
2.44,-0.1111614,0.4071769,1.74640168132895e-37,0.145109917421993,0.00797128862308583,-1.52463413754016,-0.202535467156743,0.211210445732558,-0.121623418829634,-2.03252399196907,-1.42814674450085e-34,6.49999999719301
2.45,-0.1215782,0.4040947,2.01543970101762e-37,0.148580486920082,0.0658105555321171,-1.58034760507517,-0.201877361601422,0.195406969681807,-0.101468065267947,-1.9825290083701,-1.45826085528242e-33,6.4999999994865
2.46,-0.131979,0.4008513,-3.92187975112902e-34,0.151574654892112,0.11874024481352,-1.62111726272257,-0.200689959153287,0.179195797054581,-0.0830264123443076,-1.93464017411174,-1.57774191966263e-31,6.499999999845
2.47,-0.1418198,0.3984468,-3.42739615678999e-31,0.154069634971533,0.171492235635572,-1.63926397873959,-0.198975036796931,0.162803157267185,-0.0645609633631914,-1.88979378251125,-6.08475705131956e-29,6.49999999990583
2.48,-0.1514636,0.3965184,-1.72477863894946e-28,0.156175947108484,0.220549883064592,-1.63973804664235,-0.196769537966285,0.146405776800762,-0.0472619251070284,-1.84667545444019,-2.21713112831645e-26,6.49999999990273
2.49,-0.1609287,0.3950385,-3.80735477866657e-26,0.15794368833464,0.26570927874273,-1.62429703194411,-0.194112445178858,0.130162806481321,-0.0311629393128553,-1.80469636125738,-4.75035471267365e-24,6.49999999983777
2.5,-0.1698608,0.3942341,-4.20310596430724e-24,0.159397542172843,0.310032059873024,-1.59246188969404,-0.191012124580128,0.11423818758438,-0.0151084946607756,-1.76363570824577,-7.53273347702517e-22,6.49999999954946
2.51,-0.1778897,0.394509,1.21811213967583e-22,0.160554509270061,0.356459384304323,-1.54239220196113,-0.187447530737085,0.0988142655647689,0.0020575027685937,-1.72340263448505,-1.1592466884503e-19,6.49999999771598
2.52,-0.1854428,0.3953853,1.27989938873357e-19,0.161445343858451,0.400766488821912,-1.48017079885021,-0.183439865848865,0.0840125575762668,0.0188416404020624,-1.68310280364998,-1.05370600936344e-17,6.49999998170213
2.53,-0.1921806,0.396918,2.15079839668613e-17,0.162070943765791,0.445737222944764,-1.40683816452352,-0.178982493619418,0.0699441759310316,0.0363604324948616,-1.64240453891919,-7.76024178658897e-16,6.49999976346137
2.54,-0.1981173,0.3990996,2.0782355341315e-15,0.162423877547376,0.490852770281418,-1.32396965235115,-0.174073965916604,0.0567044794075201,0.0545107300828373,-1.60092853058563,-4.43286193718015e-14,6.49999499834532
2.55,-0.2031261,0.4018328,1.47029253312471e-13,0.162482557598799,0.53685677991075,-1.23385310509376,-0.168705398117496,0.0443659483565825,0.0736884383749568,-1.55826685682127,-2.12969094751142e-12,6.49982793193422
2.56,-0.2070642,0.4050026,8.62857090827926e-12,0.161991521825677,0.584556581457619,-1.13878509187711,-0.16285983230292,0.0329780974378114,0.0943509023712782,-1.51404476835491,-9.24451976447498e-11,6.49042622692938
2.57,-0.2099248,0.4084408,4.12351793960132e-10,0.142989154478821,0.63350300282786,-1.04136173654554,-0.156524802274641,0.022564480072356,0.116484319307555,-1.46795232757518,-3.49719197240901e-09,5.75087139791692
2.58,-0.2112259,0.4119904,2.15462285532643e-08,0.00850909812707422,0.687380602752377,-0.943873740205259,-0.149650996247118,0.0131257426703034,0.141825356025972,-1.41978923163309,-1.49822057939599e-07,0.344401399523075
2.59,-0.2106891,0.4155033,1.32506852498962e-06,4.26935342555582e-05,0.747754709549884,-0.84833726461168,-0.142173449151619,0.00464237002418665,0.171381811184704,-1.36949996318546,-7.69919878616635e-06,0.00174401081668038
2.6,-0.2081729,0.4186589,9.23991176561844e-05,1.52030856527969e-07,0.814824947383471,-0.758068550869177,-0.134025199677784,-0.00293831548450512,0.205691771926593,-1.31747882388483,-0.000452834341231469,6.28781927504129e-06
2.61,-0.2034825,0.4212695,0.00718884133302538,4.50775857069009e-10,0.889181048235455,-0.674906945534455,-0.125133389195429,-0.00968738493984967,0.245555243348912,-1.26437146090137,-0.0297410082384177,1.89384711802017e-08
2.62,-0.1963986,0.4230704,0.466483273460066,1.37304228381294e-12,0.971516269167118,-0.601143474613284,-0.115418226503758,-0.0156988196859825,0.291928028626227,-1.21140716716892,-1.63003989765444,5.87790146606432e-11
2.63,-0.1867334,0.4241156,2.11442995019659,4.45489777836599e-15,1.06213053067153,-0.536045270057067,-0.104796921197043,-0.0210592723865532,0.345690189652115,-1.15936463229238,-6.25878256611393,1.94863862740815e-13
2.64,-0.1740798,0.4246558,2.58136331508846,1.34056672133679e-17,1.16312753482022,-0.477177356788083,-0.0931656458488408,-0.025831045954434,0.408621988984505,-1.10829021440805,-6.49710321815805,6.00723213076687e-16
2.65,-0.1585413,0.4244051,3.00638440478904,5.25734249529915e-20,1.27193923215646,-0.426903785735503,-0.0804462535272762,-0.030100083811789,0.480354018703416,-1.06007475112614,-6.49996482386273,2.41688405149511e-18
2.66,-0.1404883,0.4230932,3.45125906074913,4.15403962546068e-22,1.38385765059906,-0.38718139972161,-0.0666076770212856,-0.0339718978090051,0.559373654059521,-1.01683280790762,-6.49999945897362,1.95841082778809e-20
2.67,-0.1191795,0.4214802,3.92558758163607,3.20508776304775e-24,1.50414917580941,-0.35082359366218,-0.0515661852631914,-0.0374801337456269,0.648447683473945,-0.975558710284655,-6.49999999137787,1.55086253101644e-22
2.68,-0.09569996,0.4186979,4.39571510044339,7.96083331684669e-26,1.62180328184868,-0.325294964607958,-0.0353481524447046,-0.0407330833917065,0.742842037576912,-0.941255030373278,-6.49999999979684,3.94185395166274e-24
2.69,-0.06945149,0.4155865,4.8579060200994,2.37522990588895e-27,1.74129973471603,-0.302588001388784,-0.0179351550975443,-0.0437589634055944,0.844191624744341,-0.909404640724432,-6.49999999999414,1.20288518444398e-25
2.7,-0.04240464,0.4104469,5.26922872325585,1.06001313473147e-27,1.84455575064465,-0.297276862884363,0.000510402408902232,-0.046731732034438,0.945245608813718,-0.890052598537513,-6.49999999999967,5.44515867952404e-26
2.71,-0.01423607,0.4039811,5.62980986202743,2.38313864757512e-27,1.93496074414096,-0.301826455754352,0.0198600098503119,-0.0497499965919815,1.04732211876038,-0.877931615460869,-6.49999999999997,1.23544873923545e-25
2.72,0.01468304,0.3962812,5.93190882856182,1.9172543534035e-26,2.00971536153919,-0.314540527159751,0.0399571634657038,-0.052895401863579,1.14951574410171,-0.871409794416774,-6.5,9.98920223482312e-25
2.73,0.04345573,0.3864608,6.16916713203953,1.27075216345499e-24,2.06184314778068,-0.342246924774891,0.0605755949435106,-0.0563178711113279,1.25029894834685,-0.874209871829724,-6.5,6.6065483746137e-23
2.74,0.07283665,0.3759902,6.34468450916037,6.79793403408304e-23,2.09938355620659,-0.370746146794368,0.0815694305055765,-0.0600253325792716,1.35169666762491,-0.876033404977765,-6.5,3.52925389931844e-21
2.75,0.1010932,0.3632199,6.45411380064844,1.60803462563612e-20,2.10834024024262,-0.413960657026615,0.102652832908003,-0.0641649391495377,1.45187391685704,-0.885008662515498,-6.5,8.2916117189204e-19
2.76,0.1291509,0.3495408,6.49895044648761,2.51965069456456e-18,2.09906035438187,-0.458287336956448,0.123643436451821,-0.0687478125191022,1.55282107489644,-0.89195897267938,-6.5,1.29247423211937e-16
2.77,0.1565029,0.3347118,6.47711881450449,3.26459770297797e-16,2.06878379857955,-0.505358161899366,0.144331274437617,-0.0738013941380959,1.65474882384219,-0.897901639228545,-6.5,1.66724073733836e-14
2.78,0.1831056,0.3189684,6.38626456622859,2.7894337980548e-14,2.01913953611233,-0.552537660829809,0.16452266979874,-0.079326770746394,1.75818767254144,-0.901542099770763,-6.5,1.42076469025682e-12
2.79,0.2088666,0.3023952,6.22365384454003,1.53272516140654e-12,1.95134162954849,-0.598713443684308,0.184036086094225,-0.0853139051832371,1.86350810088013,-0.902663869910773,-6.49999999999998,7.80034029254162e-11
2.8,0.234118,0.2857531,5.98847302509906,3.43888033056278e-11,1.87029355578641,-0.637055278055268,0.202739021652089,-0.0916844579637897,1.97025849993482,-0.898614605674496,-6.49999999999988,1.75532475672318e-09
2.81,0.2585767,0.2683278,5.6803558244746,5.86151325645835e-10,1.77527258150403,-0.674086629991363,0.22049174746713,-0.0984253242637034,2.07850057574314,-0.893038564872041,-6.49999999999847,3.00429356571256e-08
2.82,0.2823667,0.2515832,5.30305240880957,3.21195713364497e-09,1.66923165479846,-0.697016085054479,0.237184064015114,-0.105395485114248,2.18741197657208,-0.880776653882941,-6.49999999997048,1.66151465827551e-07
2.83,0.3054819,0.2344676,4.8630382327822,1.26802637155357e-08,1.55383074678204,-0.715929172591133,0.252722371482934,-0.112554776840159,2.29621323148181,-0.866868819255665,-6.49999999908957,6.62994578949987e-07
2.84,0.3279026,0.2174798,4.37011819977632,2.80629003673272e-08,1.43053969760096,-0.726716609001818,0.267027768458944,-0.119821942930178,2.40408449816128,-0.849794418530121,-6.49999995364911,1.48728095208003e-06
2.85,0.3494968,0.2006249,3.83452303724047,3.71768746115123e-08,1.29979352125444,-0.72993733674423,0.280025703671488,-0.12712131629762,2.5106715053665,-0.830059950081359,-6.49999576738963,2.00260723092539e-06
2.86,0.3701386,0.1838977,3.26487054642065,3.1119698393094e-08,1.16209714983562,-0.72624505141933,0.291646675169845,-0.134383766811813,2.61575233348306,-0.808112274684101,-6.49922807813369,1.70844272899132e-06
2.87,0.3896402,0.1672784,2.5337279335846,1.72940633917495e-08,1.01743329880074,-0.716414635560179,0.301821008157852,-0.141547913167415,2.71954023460666,-0.784379013359125,-6.18361639517324,9.70314673725233e-07
2.88,0.407818,0.1507344,0.0306935040253425,6.68872190518504e-09,0.865873369624438,-0.701312299505927,0.310479741854096,-0.148561036162474,2.82237410086697,-0.759278980637261,-0.0982387407778213,3.84658859716629e-07
2.89,0.424481,0.1342611,4.19532288756186e-06,1.8420569552711e-09,0.707473619156843,-0.681525735419745,0.317554478045665,-0.155376293516672,2.92472171428883,-0.733077244023192,-1.95556068827457e-05,1.08936845082425e-07
2.9,0.4398272,0.1180816,9.84344474981528e-11,3.18996200079689e-10,0.545690913443046,-0.655666426465686,0.323011387180095,-0.161932957781329,3.02512608525225,-0.705125855184384,-8.34965038832206e-10,1.94943605851743e-08
2.91,0.4526996,0.1014825,2.62359894086127e-17,5.55940238445902e-11,0.372032869848532,-0.630571470240419,0.326731715878581,-0.168238672483733,3.12916345506021,-0.678534640300763,-3.54197396908317e-15,3.51748477665881e-09
2.92,0.4646465,0.08570467,-2.59580755307525e-23,4.29972113816403e-12,0.202148212865715,-0.595666636107929,0.328753198007238,-0.174195338844812,-3.05496174115175,-0.648298610945019,-1.37525770550741e-20,2.8445956232913e-10
2.93,0.4742526,0.06969852,-1.96040405688755e-26,3.04254047938683e-13,0.024769108836324,-0.561068755656706,0.329000889095601,-0.179806026401379,-2.95369368584574,-0.619175317670069,-5.42165980997459e-24,2.11429525281972e-11
2.94,0.4820907,0.05399809,-4.08366204181361e-24,1.34725510511922e-14,-0.153208580206439,-0.522396323318642,0.327468803293537,-0.185029989634566,-2.9035038874379,-0.588967741376735,-5.25441765821359e-22,9.91085923779981e-13
2.95,0.4872283,0.03783595,-2.25294072231201e-18,6.7619849738394e-16,-0.338448902276959,-0.486871915728017,0.324084314270767,-0.189898708791846,-2.79378199505913,-0.561206806555278,-2.25241767111667e-16,5.26242263193787e-14
2.96,0.4914792,0.02275843,-7.80662494597242e-13,1.11634376804039e-17,-0.513311068644182,-0.441168546248495,0.318951203584325,-0.194310394254331,-2.69229516746659,-0.529060916380332,-7.52872395233756e-11,9.29335315555533e-16
2.97,0.4940301,0.008113973,-5.31147652604936e-08,1.00864438098519e-19,-0.684394723247845,-0.392089413820461,0.312107256351847,-0.198231288392535,-2.59503568495521,-0.495885222790955,-4.26208833180972e-06,8.98503310238598e-18
2.98,0.4948509,-0.006089079,-0.000603657925564643,4.92201997102361e-22,-0.851006104222677,-0.340201605464735,0.30359719530962,-0.201633304447183,-2.5021046538324,-0.461849453089009,-0.0405081553142673,4.65966374588727e-20
2.99,0.4937913,-0.01998308,-0.102386257981606,1.5241143591851e-24,-1.01357615062704,-0.287255245335814,0.29346143380335,-0.204505856900541,-2.41299450058796,-0.42777687408312,-6.08555090397961,1.50670986242389e-22
3,0.4909237,-0.03361729,-0.118963649641856,3.53285817740255e-27,-1.17060851690363,-0.23414400272976,0.281755348634313,-0.206847296927838,-2.32798270099645,-0.394058452184392,-6.4993962712856,3.5496392761629e-25
3.01,0.4861361,-0.04719878,-0.127005405721777,9.58874354196988e-30,-1.32236276636693,-0.18304409992782,0.268531720970644,-0.208677737927117,-2.24656386461592,-0.361847057349148,-6.49999797399775,9.60387620637935e-28
3.02,0.4796545,-0.06079466,-0.134056376628412,4.65722015351489e-32,-1.46620258100386,-0.1347268442887,0.253869695160606,-0.210025006370004,-2.16917150417251,-0.331540801088588,-6.49999998477725,4.66079144263345e-30
3.03,0.4719839,-0.0743309,-0.140195505911145,5.97311034555427e-34,-1.59736854242627,-0.0886634622575109,0.237896009736343,-0.210911640992579,-2.09651198528096,-0.302785795736953,-6.49999999974621,6.09226672359195e-32
3.04,0.4624801,-0.08877671,-0.145547911986485,5.20483796786806e-35,-1.72151023966891,-0.0533286574144398,0.220680907339654,-0.211444927566723,-2.02647305074639,-0.280656698222324,-6.49999999999307,5.52508862268222e-33
3.05,0.4526578,-0.1033066,-0.149944120549331,1.39721998634032e-35,-1.82523578250381,-0.0209512685692417,0.202428549514616,-0.211654440252416,-1.96137516568508,-0.260476913490665,-6.49999999999959,1.58544837656491e-33
3.06,0.4426898,-0.1182657,-0.153517074434297,1.00928115559589e-35,-1.90802389746457,0.005522939295588,0.18334831053997,-0.21159921085946,-1.90021690991158,-0.244041842067052,-6.49999999999995,1.24741138194381e-33
3.07,0.4331507,-0.1334962,-0.156358807910693,1.28718400603251e-35,-1.96609053738497,0.027773607517215,0.16368740516612,-0.211321474784287,-1.84262433545995,-0.230316262048996,-6.49999999999999,1.76212616840668e-33
3.08,0.424251,-0.1489599,-0.158579395331764,2.17860792627572e-35,-1.99930171640504,0.0463342147829522,0.14369438800207,-0.210858132636458,-1.78768179905286,-0.218965723731083,-6.49999999999999,3.34524346745411e-33
3.09,0.4171196,-0.1639,-0.160238528251089,5.6721232402092e-35,-1.99980791954431,0.0679045568734722,0.123696308806627,-0.210179087067723,-1.73535838298241,-0.205759668082541,-6.49999999999999,1.04798579769708e-32
3.1,0.4106039,-0.1789671,-0.161434954509048,1.57929656469937e-34,-1.98034001155117,0.0864764127934876,0.103892908691115,-0.209314322939788,-1.68365525189619,-0.194480674246235,-6.49999999999999,3.66327605233348e-32
3.11,0.4051555,-0.1936154,-0.162184867721188,5.68067623154393e-34,-1.9388619133,0.106872030175115,0.0845042895581152,-0.208245602638037,-1.63216263875556,-0.182030561643018,-6.49999999999997,1.90555793372599e-31
3.12,0.400708,-0.2076976,-0.162492699120854,2.41893042449402e-33,-1.87814048962211,0.130056112116286,0.0657228846618941,-0.206945041516874,-1.58013540527116,-0.167736494677161,-6.49999999999987,1.65842918765601e-30
3.13,0.3973793,-0.2211032,-0.162338881823387,-1.61678686862398e-33,-1.79926275720539,0.15657406417364,0.0477302570898403,-0.205379300875138,-1.52692082271699,-0.151166586296813,-6.49999999999888,2.60269633908262e-29
3.14,0.3950406,-0.2336054,-0.16168086814387,-9.82521106686336e-31,-1.70548273650713,0.187896043892025,0.0306754297247689,-0.203500340436218,-1.47183333217158,-0.131234398505165,-6.49999999998352,8.6148512184232e-28
3.15,0.3938787,-0.2448039,-0.160449421120145,-4.29694201794082e-29,-1.59716989452359,0.226822353240976,0.0147037307795331,-0.201232116903808,-1.41411351325066,-0.105866767854949,-6.499999999559,7.95884370201201e-26
3.16,0.3935556,-0.2545648,-0.158553081590743,7.14154537727599e-26,-1.47929060781251,0.273562385923878,-8.91752985919623e-05,-0.198496493044569,-1.35318078548727,-0.074609452723573,-6.49999997957141,1.81178055614624e-23
3.17,0.3943738,-0.2626377,-0.155856899545792,7.45758027556279e-23,-1.35093911085649,0.329249536464751,-0.0135985664071569,-0.195203997679922,-1.28798365518824,-0.0362625322148106,-6.49999809443216,9.11138798366515e-21
3.18,0.3960521,-0.2687577,-0.152205192787861,-5.16635470308812e-20,-1.21639415086055,0.394975984209978,-0.0257625079157623,-0.191254237837822,-1.21793136358984,0.0104918946953795,-6.49964165273786,8.48067375218237e-18
3.19,0.3979133,-0.2727496,-0.144929882144315,-6.66086547686505e-16,-1.0830199789732,0.470892376900423,-0.0365927077054943,-0.186545314068818,-1.14357253402948,0.0664184383710901,-6.38493446270981,1.10087798655719e-14
3.2,0.3999994,-0.2742563,-0.0114149936423053,-2.42072824693377e-12,-0.951346331540163,0.55862148734419,-0.0461061710208959,-0.180959099195376,-1.06467280424227,0.133415454129745,-0.523427070296411,1.7874167854257e-11
3.21,0.4020038,-0.2731724,-9.89939251073401e-06,-5.80515054676577e-09,-0.824841542191691,0.657394853036912,-0.0543545864428128,-0.174385150665007,-0.982254692436505,0.211559910931901,-0.000476928055234647,2.77039554838889e-08
3.22,0.4038638,-0.2695032,-3.81877399218773e-09,-9.56698423942974e-06,-0.704539099481332,0.765472283878243,-0.0613999774376262,-0.166730427826224,-0.897197886110156,0.299903381279487,-1.9512734775043e-07,3.25569068930607e-05
3.23,0.4050804,-0.2629943,-8.75998801629295e-13,-0.0112159330847222,-0.595090163540955,0.883426309136766,-0.0673508790730357,-0.157896164734857,-0.812873907015917,0.398734256056741,-4.78897493284587e-11,0.0289006747085925
3.24,0.4060522,-0.2532687,-8.11986241765344e-17,-2.41061565738512,-0.492937369305598,1.0127569299721,-0.0722802527660917,-0.147768595435136,-0.728878689961361,0.508235377994517,-4.82468459052655e-15,4.94919343638596
3.25,0.4049401,-0.2418095,-1.63624614633076e-20,-3.75727682940649,-0.414026015233159,1.13876879762925,-0.0764205129184233,-0.136380907458843,-0.657824198327617,0.616970085555127,-1.06668745514716e-18,6.49314420865299
3.26,0.4051442,-0.2259429,-2.16288839441895e-25,-4.36938048559342,-0.327685448639969,1.28376069792936,-0.079697367404823,-0.123543300479549,-0.579673435842287,0.737357513512873,-1.62081822186016e-23,6.49998056349617
3.27,0.4023126,-0.2092471,-4.13461158188697e-29,-4.8728582052197,-0.272615473067362,1.41427498845019,-0.0824235221354966,-0.109400550595048,-0.525381739337867,0.847656617787341,-3.46858730817714e-27,6.49999983348764
3.28,0.4001427,-0.1886251,-1.00369542789117e-33,-5.3284309165212,-0.214727329630101,1.55716024162668,-0.0845707954317976,-0.0938289481787808,-0.468727458368232,0.960959877147295,-9.39618785224515e-32,6.49999999856485
3.29,0.3974825,-0.1652778,-1.85087104018925e-38,-5.69972062500452,-0.164588257330337,1.69995844292539,-0.086216678005101,-0.0768293637495269,-0.418832139021203,1.06925359784644,-1.84290909894914e-36,6.49999999998143
3.3,0.3927248,-0.1410068,-1.66243903423584e-41,-5.97771680876442,-0.135706814857759,1.82612525591186,-0.0875737461536785,-0.0585681111904083,-0.388596655678487,1.16709942924842,-1.67067799263957e-39,6.49999999999947
3.31,0.388003,-0.1140893,-1.23165970796331e-44,-6.18886926971102,-0.108117212205828,1.95091618772535,-0.0886549182757368,-0.0390589493131548,-0.359990302666688,1.26006814024548,-1.23322273639346e-42,6.49999999999998
3.32,0.3814387,-0.08672944,-9.53681323973184e-46,-6.33464595232548,-0.0980403383045161,2.0545758365027,-0.089635321658782,-0.0185131909481278,-0.34824838001167,1.3446976843053,-9.53488846826e-44,6.5
3.33,0.3737476,-0.05838337,-1.17035729696967e-45,-6.43003010735392,-0.0978800014771561,2.14278934639983,-0.0906141216735536,0.0029147025158705,-0.34604308160113,1.42389940879743,-1.16997030046051e-43,6.5
3.34,0.3656809,-0.02904617,-2.93125169952025e-45,-6.48323082506319,-0.100315643088484,2.21624077559319,-0.0916172781044384,0.0250771102718024,-0.346271693377254,1.49893154117723,-2.93031319744994e-43,6.5
3.35,0.3562304,0.0002990095,-1.39599665550716e-43,-6.49999967620244,-0.113748958454334,2.26718457976321,-0.0927547676889817,0.0477489560694345,-0.35651648652037,1.57048060567823,-1.39701550505548e-41,6.5
3.36,0.3457004,0.0295243,-3.74943124337415e-41,-6.48448156157073,-0.134505358171454,2.29604614914835,-0.0940998212706963,0.070709417560918,-0.372797483785409,1.63992804073859,-3.76235228390325e-39,6.5
3.37,0.3338191,0.05812304,-5.60890851517934e-38,-6.43846318289849,-0.164117478694537,2.30012718673167,-0.0957409960576416,0.0937106894282347,-0.395826219278667,1.7085418565191,-5.63455488558381e-36,6.5
3.38,0.3208855,0.08605887,-1.27661987601422e-34,-6.3617655967629,-0.19902001739063,2.28117969895911,-0.097731196231548,0.116522486417826,-0.421693162010797,1.77745172857843,-1.26849396087544e-32,6.5
3.39,0.3067906,0.1127264,-3.44231307587114e-31,-6.2517513087817,-0.239418222743325,2.23609458200544,-0.100125378458981,0.13888343223788,-0.449920053625013,1.84812772524778,-3.31693536593937e-29,6.5
3.4,0.2926972,0.1395037,-1.58727074871028e-28,-6.10818772446017,-0.274543706957415,2.17923764521904,-0.102870815528555,0.160675808690071,-0.471581626520886,1.91985874170921,-1.4787699165189e-26,6.5
3.41,0.277656,0.1649077,-6.30364356299455e-26,-5.92379630377635,-0.312718681237902,2.09928769391811,-0.105998002340934,0.181668685629252,-0.493463353503305,1.99511929340818,-5.64182062650007e-24,6.5
3.42,0.2621067,0.1892746,-1.18173511951996e-23,-5.69417265077006,-0.349610829273876,2.00166971389806,-0.109494110633673,0.201685382768232,-0.512218673833923,2.07411137950908,-1.01877115625327e-21,6.5
3.43,0.246054,0.2125033,-1.16649631766264e-21,-5.41286703762919,-0.384997665977448,1.88772529327295,-0.113344087293448,0.220562635700962,-0.527931221671216,2.15758389198174,-9.73387015824935e-20,6.49999999999993
3.44,0.229793,0.2347357,-5.00662938747849e-20,-5.07544119118296,-0.416200821784004,1.7608852527443,-0.117506095511288,0.238171488228405,-0.539121188829514,2.24555370383702,-4.08076911509668e-18,6.49999999999786
3.45,0.213355,0.2558411,-1.05709739781117e-18,-4.67600265533828,-0.443062228948436,1.62204614263086,-0.121936717800772,0.254391949654714,-0.546189093486562,2.33853722938404,-8.48902419001023e-17,6.49999999988885
3.46,0.1968281,0.2758125,-1.14585833407432e-17,-4.21201788534484,-0.464984812171082,1.47317534320525,-0.126586565922483,0.269123703086766,-0.549224088862609,2.43649449461128,-9.14338004440322e-16,6.49999998893978
3.47,0.1803102,0.2946331,-6.52400307826139e-17,-3.68435733569265,-0.481373950982723,1.31606493496222,-0.13140030543231,0.282284352436388,-0.548305822887313,2.53911773780995,-5.21586956186393e-15,6.49999770550052
3.48,0.1638334,0.3122128,-2.08637547640198e-16,-3.09284733771931,-0.492292251420677,1.15178446467047,-0.136323227946517,0.293802197083093,-0.543871758502852,2.64610061227008,-1.68364371608343e-14,6.49885226363119
3.49,0.1476412,0.3286757,-3.31296662345914e-16,-1.97173693395481,-0.496022863965022,0.983204466245279,-0.141283456586167,0.303634241745546,-0.535257813894203,2.75582834724972,-2.72233703750054e-14,5.24527007825028
3.5,0.1312661,0.3434947,-4.11763748138597e-16,-0.0012643872868191,-0.497146415215655,0.807397341209128,-0.146254920738324,0.311708215157637,-0.52540761022139,2.86963767838938,-3.45416079490623e-14,0.00473590455070771
3.51,0.1152387,0.3570936,-2.67368684918195e-16,-2.7768450403438e-08,-0.491313312352954,0.629893808339496,-0.151168053861853,0.318007153241032,-0.511956647699245,2.98378000934462,-2.30621626278874e-14,1.74322008406938e-07
3.52,0.09932508,0.3691778,-1.15542944966545e-16,-3.1877007304415e-14,-0.481150374769271,0.449606664257367,-0.155979557609546,0.322503219883606,-0.496590927607615,3.09820814216851,-1.02783946914138e-14,9.15016251014134e-13
3.53,0.08371382,0.3799085,-2.92023461552894e-17,6.1523808062574e-21,-0.465471133645794,0.269469863807544,-0.160634268946004,0.325197918521681,-0.478726769743368,-3.0727648795155,-2.68669209281185e-15,1.24686168627728e-18
3.54,0.06828809,0.3891567,-4.89177746005536e-18,4.78743832459106e-26,-0.445848666300559,0.0896821282495779,-0.165092755609009,0.326094739804177,-0.459326949149517,-2.96343757619852,-4.64927214432751e-16,1.8695136450695e-23
3.55,0.0533042,0.397198,-4.40429019772398e-19,1.36114380464554e-25,-0.420552366348197,-0.0861104745894181,-0.169298279272491,0.325233635058283,-0.437429266123766,-2.85948607850628,-4.31115048099146e-17,1.43979313170024e-23
3.56,0.03841824,0.4036856,-2.94978590357097e-20,6.4544163879647e-21,-0.393186381542872,-0.259933782089554,-0.17323014308792,0.322634297237387,-0.415095988716408,-2.55614623929941,-2.94410684785515e-18,4.78127484592694e-19
3.57,0.02395834,0.4090041,-1.08669585769954e-21,2.18726737354302e-15,-0.361302390153725,-0.427384774088118,-0.176843166989457,0.318360449496506,-0.390882841617502,-2.47156598777733,-1.09205226281447e-19,1.40054479594294e-13
3.58,0.009750437,0.4129778,-2.60686026894036e-23,1.79649215141594e-10,-0.326999691370307,-0.589284403614887,-0.18011316390316,0.312467605460357,-0.365959733602395,-2.39365257935382,-2.61282786285639e-21,1.04539644395054e-08
3.59,-0.004042651,0.4157768,-3.43960165303264e-25,2.13606758659588e-06,-0.289329419828491,-0.743455589083673,-0.183006458101445,0.30503304956952,-0.339708353250104,-2.32216334950348,-3.43850894874297e-23,0.000116111528337503
3.6,-0.01750055,0.4173165,-2.76381253330607e-27,0.00496715340550305,-0.2495279251028,-0.890147774840461,-0.185501737352473,0.296131571821116,-0.312778249142934,-2.25591691775739,-2.79110937942745e-25,0.255995802513516
3.61,-0.03061922,0.417587,-1.43929908572112e-29,0.127087563100567,-0.208025550957995,-1.02900001612449,-0.187581992862053,0.285841571659871,-0.285338382429186,-2.19412593851983,-1.51128735727909e-27,6.26602585109685
3.62,-0.04335849,0.4166236,-5.45502529614616e-32,0.13688689785508,-0.164920110983516,-1.1593521181327,-0.189231193971888,0.274248050478544,-0.257354044701564,-2.13620141902797,-6.2755027692988e-30,6.49897454072642
3.63,-0.05566859,0.414489,-1.99524822303148e-34,0.141380269786722,-0.120231623611758,-1.28042385215836,-0.190433510208006,0.26144381195696,-0.228736312622583,-2.08165955765684,-2.77022759729193e-32,6.49998995973476
3.64,-0.06762993,0.4113046,-1.35490602270106e-36,0.145282097836654,-0.0751073793102215,-1.39106580574543,-0.191184584001108,0.247533153899506,-0.200082750386659,-2.03015316917344,-2.77866972182167e-34,6.49999979719981
3.65,-0.07903117,0.4072414,-2.44087161511389e-38,0.148654376967263,-0.0280998938669548,-1.48987703916064,-0.191465582939778,0.232634383507899,-0.170388180027943,-1.98140759099134,-1.40871883973744e-35,6.49999999216829
3.66,-0.08998778,0.4025578,7.82635878916585e-39,0.151538743749373,0.0192982192447815,-1.57491466766305,-0.19127260074733,0.216885236831269,-0.140463897522931,-1.93524820433566,-1.01278185503483e-35,6.49999999944271
3.67,-0.100527,0.3975915,1.00505120955812e-37,0.153978014248913,0.0664749475562267,-1.64382234096225,-0.190607851271768,0.200447013421646,-0.110584475079342,-1.89154409876866,-1.1645980350783e-34,6.49999999992757
3.68,-0.1101475,0.3932577,-5.47548089074087e-35,0.155989449892947,0.117400762044589,-1.68961269228684,-0.189433843651322,0.183550886498778,-0.0780704019770109,-1.85074902402515,-1.64004743919917e-32,6.49999999998022
3.69,-0.1196419,0.3890659,-3.74862451379149e-32,0.157671706226235,0.16458973306808,-1.71812168036922,-0.187787946320641,0.166369669695086,-0.0476245773399772,-1.81161740139589,-4.83657045603809e-30,6.4999999999909
3.7,-0.1288415,0.3855225,-9.22384398642469e-30,0.159051790516212,0.209461394179236,-1.72626705589554,-0.185693332378849,0.14910699913613,-0.018254509071432,-1.77413868581332,-1.46127574362765e-27,6.49999999999247
3.71,-0.1379796,0.3826247,1.15291665178891e-27,0.16017059005753,0.249888028575462,-1.71574605535416,-0.183194452093094,0.131949538582589,0.00868441298481982,-1.73781830630634,-2.34516302696319e-25,6.49999999998938
3.72,-0.1475768,0.3798839,2.2990749669547e-25,0.161062619265719,0.281493547852751,-1.69241731736013,-0.180379516614566,0.115025365408987,0.0302296905414362,-1.70193287931281,-1.05091589299997e-23,6.49999999997825
3.73,-0.1557532,0.3790033,5.29115838365315e-23,0.161723159041004,0.320908036545998,-1.64294075574409,-0.177170436249107,0.0985959578515465,0.0576923055119318,-1.66716867368962,-1.04852518155643e-21,6.49999999990165
3.74,-0.1638502,0.3788535,3.87103952033187e-21,0.162181235028755,0.355682759837073,-1.57960018030013,-0.173613608650736,0.0827999560485452,0.0827187207503263,-1.63251543764977,-4.85630293434483e-20,6.4999999992826
3.75,-0.1709835,0.3801391,2.89282727360799e-19,0.162438358965938,0.393532037444722,-1.49800660348769,-0.169678288276289,0.0678198900136684,0.110734654231314,-1.59793335341884,-2.58922992966903e-18,6.49999998964868
3.76,-0.1786646,0.3810556,5.16995369665752e-18,0.162494520607614,0.420970947236665,-1.41579069868798,-0.165468578803922,0.0536619830267885,0.132309304198617,-1.56270896138142,-3.84912900073497e-17,6.49999982324401
3.77,-0.1855684,0.3832484,9.5423677348344e-17,0.162338646953158,0.450036155372249,-1.31950857876668,-0.160968217250199,0.0404668972391217,0.15593438490185,-1.52690943233928,-6.05862916995494e-16,6.49999394526547
3.78,-0.1920998,0.3859551,1.24236279354419e-15,0.161948940705749,0.476906874423623,-1.21760950031911,-0.156199148505963,0.0282908022359307,0.178960719696999,-1.4902644738774,-6.93361294819431e-15,6.49965988213224
3.79,-0.1981822,0.3890901,1.26426001016524e-14,0.160544160420307,0.502228856838288,-1.11205823440381,-0.15117685993758,0.0171702198918926,0.201897573884832,-1.45261960045405,-6.30543517498374e-14,6.46824428674385
3.8,-0.2034626,0.3926789,1.35164639299205e-13,0.0877116559763937,0.528968276628575,-1.00372776369421,-0.145887177171295,0.00713294225495045,0.227054214282338,-1.41380726564166,-6.03031363328346e-13,3.55348250867867
3.81,-0.2081736,0.3962086,1.22800594829233e-12,0.000733059292584932,0.554812372070538,-0.898047260928409,-0.140339053450589,-0.00184753035433364,0.252835973666782,-1.37405240044441,-4.93841695752054e-12,0.0299168212064919
3.82,-0.2115353,0.3998841,1.66707443745396e-11,1.53346416695302e-06,0.586320803523556,-0.793813429819404,-0.134475845415354,-0.00978566465252768,0.284497087203924,-1.33320559365282,-5.97451889076721e-11,6.31656623276352e-05
3.83,-0.2135141,0.4033624,3.07950057891362e-10,1.93377552341105e-09,0.623058387084747,-0.694605145199478,-0.128245261544506,-0.0167317161045225,0.322114285733416,-1.29172563693826,-9.76932219031066e-10,8.0558460760589e-08
3.84,-0.2139129,0.4064836,7.87072125513156e-09,1.5346284678066e-12,0.66598474192298,-0.6020892383873,-0.121585414125276,-0.0227526084883955,0.366863986782074,-1.2500998955889,-2.19837885819383e-08,6.47813946486654e-11
3.85,-0.2119078,0.4090618,4.00599844067062e-07,8.45996875588542e-16,0.721296126027086,-0.517961078705117,-0.114372452865005,-0.0279322192754466,0.424094039004247,-1.2090692829786,-9.73203506775373e-07,3.62492221092331e-14
3.86,-0.2077256,0.4110897,2.78135638563061e-05,3.24885520508207e-19,0.785573145537674,-0.442178316132024,-0.106516721409629,-0.0323540024367669,0.491396242405535,-1.16917113060608,-5.88898056138919e-05,1.41500636709719e-17
3.87,-0.2011021,0.4122342,0.00254001971064832,1.28000450671236e-22,0.859820650282531,-0.377427012499133,-0.0979185149068035,-0.0361282725617582,0.569444291651366,-1.13186047234925,-0.00470867202749094,5.67013250100196e-21
3.88,-0.1919286,0.4123576,0.253328905575141,7.46124004865776e-26,0.943556182712154,-0.32441050908763,-0.0884829530796819,-0.0393723776526345,0.657209749844823,-1.0982275248586,-0.414698080302334,3.36061077523234e-24
3.89,-0.1799162,0.4116028,3.91699763642328,7.09472171264006e-29,1.03780331905883,-0.281280927718599,-0.0781049198890936,-0.0421851869298205,0.754018977653412,-1.0683697291754,-5.72280010668493,3.24662280048204e-27
3.9,-0.1649299,0.4099686,4.90842999956257,1.49064949530485e-31,1.14210547436682,-0.247507084508939,-0.0666838651454253,-0.0446602577749099,0.857332169548154,-1.04264812913172,-6.49223514053222,6.92092169320932e-30
3.91,-0.1476436,0.406792,5.32694120264357,3.21236067342514e-33,1.24905344283501,-0.228197546469,-0.0541933307170753,-0.0469422332395999,0.96058032678379,-1.02373778549996,-6.49990807436127,1.5081618779294e-31
3.92,-0.1269042,0.4032191,5.68934278490094,1.15579467826177e-34,1.36746880393879,-0.212439487500869,-0.0405186426776874,-0.0490666281146086,1.06594327989233,-1.00692178927559,-6.4999989825484,5.48216327956687e-33
3.93,-0.105023,0.397408,5.96710018872246,2.69600763678395e-34,1.47572352550736,-0.215780986707703,-0.0257614074226137,-0.0512244379816856,1.16296048465024,-0.999447700489189,-6.49999997712531,1.28473492470747e-32
3.94,-0.08167727,0.389722,6.17617410326858,1.25986969875189e-32,1.57662379687835,-0.233440135292707,-0.00999516945383021,-0.0535588393346127,1.25373996394957,-0.998484002249419,-6.49999999915652,6.00731797746401e-31
3.95,-0.05729356,0.3801047,6.32516655727675,5.4758005029824e-30,1.66638854950692,-0.264524924790457,0.00666871604123894,-0.0562040885825173,1.33827868771351,-1.00272878466761,-6.49999999994704,2.60405058820169e-28
3.96,-0.03191159,0.369101,6.42404512142804,4.1258696763097e-27,1.74494508975748,-0.302983963883616,0.0241181669388137,-0.0592339282213534,1.4177339901013,-1.00858582595261,-6.49999999999473,1.95497179557271e-25
3.97,-0.006287181,0.3561749,6.48011306584643,6.82606075426636e-24,1.80619101151032,-0.352464733787774,0.042180077053917,-0.0627585755592312,1.49253240921106,-1.01693910274664,-6.49999999999907,3.21792029712216e-22
3.98,0.01947798,0.3416793,6.49985383005102,9.88202452224359e-21,1.85026066507442,-0.408628502684187,0.0606826837046612,-0.066844860586073,1.56408827037517,-1.02529441289255,-6.49999999999972,4.63516177799019e-19
3.99,0.04504424,0.3256574,6.48721379062563,1.00418540005705e-17,1.87536984622732,-0.470101144206829,0.0794363821669344,-0.0715458720281413,1.63354564246405,-1.03281403795949,-6.49999999999986,4.68915684487575e-16
4,0.07047365,0.3086716,6.44419841446281,4.27482607245254e-15,1.88345656692082,-0.531156276660065,0.0982709478361426,-0.076857434794742,1.70195628106759,-1.0374855352701,-6.49999999999989,1.99071614948957e-13
4.01,0.09558394,0.2908245,6.37125813239305,8.26009486306354e-13,1.87433147761788,-0.59048609970858,0.117014262612321,-0.0827622957918278,1.77020565738969,-1.03929032618016,-6.49999999999987,3.84254608806397e-11
4.02,0.1203355,0.272431,6.2677205217642,6.78935550017375e-11,1.84916538573256,-0.645096840273036,0.135505916469647,-0.0892132641945581,1.83900405811218,-1.03776326533761,-6.49999999999975,3.16117860427531e-09
4.03,0.144827,0.2538398,6.13254139928574,2.27107473580792e-09,1.81032868960718,-0.691994057146674,0.153609203365719,-0.0961332047660249,1.90872951043303,-1.03256900211443,-6.4999999999993,1.06065708754806e-07
4.04,0.1688744,0.2352641,5.96354203538424,3.2599452647838e-08,1.75767237690253,-0.729655638375153,0.171185927134744,-0.103429761149776,1.98001048899148,-1.02383104335009,-6.49999999999709,1.53041667138915e-06
4.05,0.1923292,0.2168038,5.75774370416256,2.20950060247663e-07,1.69146989102732,-0.757724164348136,0.188100626045017,-0.111007002793258,2.05344595620943,-1.01191895345288,-6.49999999998154,1.04479059379381e-05
4.06,0.2154457,0.1986825,5.51480294537609,7.04804809582253e-07,1.61550390643115,-0.774886634988352,0.204255665109329,-0.118755869143141,2.12863915820862,-0.996808295907521,-6.49999999983199,3.36419760796597e-05
4.07,0.238138,0.1809966,5.2330622548643,1.11170230733564e-06,1.5304069707083,-0.781106855919095,0.219559734816412,-0.126566937702332,2.20577960589203,-0.978748647039989,-6.49999999775422,5.36808373953642e-05
4.08,0.2602851,0.1637251,4.91060785453701,9.45904481384647e-07,1.4365198372335,-0.777435219001161,0.233924933188747,-0.134341289892344,2.28512698746269,-0.958201987637906,-6.49999995395581,4.62994840551575e-05
4.09,0.2817187,0.1467867,4.54508623709897,4.77315657343344e-07,1.33381786733058,-0.765418056136625,0.247263111862053,-0.14199547045371,2.36709510851244,-0.935697566821589,-6.49999844677773,2.37257703537647e-05
4.1,0.3022797,0.1301104,4.13442396999911,1.53372925452789e-07,1.22242318547319,-0.746443662440774,0.259487343716785,-0.149459907078118,2.45207556828224,-0.911670121227805,-6.4999059628075,7.7545428815747e-06
4.11,0.3217859,0.1135732,3.67018973851701,3.43170762693721e-08,1.10231051084182,-0.722275017288013,0.270510448825203,-0.156682657250998,2.5405511131589,-0.886656760218082,-6.48846501273449,1.76731917756611e-06
4.12,0.3400597,0.09710897,2.08200484649025,5.625802443904e-09,0.973565080245947,-0.694078504508783,0.280246099627662,-0.163623442296086,2.63296042796877,-0.861003516928535,-4.27149175797903,2.95503806866623e-07
4.13,0.3569119,0.08061603,0.0056552197822033,7.24825629839194e-10,0.836226866552479,-0.663252381184147,0.288608368293187,-0.170255966107927,2.7297394130128,-0.835146629322011,-0.0141270204088456,3.88782309579973e-08
4.14,0.3722273,0.06408972,1.24341746101902e-06,7.41783339031882e-11,0.691029169718512,-0.630267880579801,0.295518659990372,-0.176558644913725,2.83081755318103,-0.809214579690409,-4.08593289386622e-06,4.06834194088481e-09
4.15,0.3859465,0.04755492,4.50597910331002e-11,5.97401150768653e-12,0.539179468150824,-0.595319439806428,0.30091045467188,-0.18251183931179,2.93561393004568,-0.78323961338061,-2.20541348798361e-10,3.35545205600142e-10
4.16,0.3979011,0.03099837,1.62878750642029e-16,3.84508249523603e-13,0.380899719277522,-0.558924493370196,0.304719451864656,-0.188101084245491,3.04394969124024,-0.757376103176175,-1.67700048912201e-15,2.21556733076468e-11
4.17,0.4089949,0.01523808,-2.35475002302047e-23,1.09742991136976e-14,0.225594086655729,-0.514478362600993,0.306975392731213,-0.193245867871501,-3.13393993718955,-0.729003809472452,-7.18766215581332e-21,6.51981928730316e-13
4.18,0.4170964,-0.001479449,4.4332286399671e-28,5.18429632326122e-16,0.055942250220177,-0.477926907048879,0.307534815233415,-0.19802513694199,-3.02043916738932,-0.70439702276509,-3.63979835506573e-25,3.17106725136205e-14
4.19,0.4252671,-0.01629176,-1.14658521898483e-26,4.18148963722728e-18,-0.0994768679992539,-0.424437672014452,0.306540046553422,-0.202269513662135,-2.91817290773185,-0.673339763600859,-1.67639809367601e-24,2.66490614387407e-16
4.2,0.4306762,-0.03193519,-8.58772958978978e-22,5.51919997093492e-20,-0.264905036305432,-0.379161890186818,0.303890996190368,-0.206061132564003,-2.91518801864684,-0.646263944562824,-1.21864917556959e-19,3.66318464169379e-18
4.21,0.4354962,-0.04612523,-2.71418068748235e-16,1.57395816689022e-22,-0.41974519377786,-0.322234315897305,0.299693544252589,-0.209283475722976,-2.8178221235706,-0.614475180620095,-2.72298993321612e-14,1.10309222004724e-20
4.22,0.4388619,-0.05966335,-1.59993178408801e-11,2.05708986981203e-25,-0.571153929665943,-0.261883980236867,0.29398200495593,-0.211902315525345,-2.72284752524279,-0.581394150449984,-1.59314449762101e-09,1.53621655766393e-23
4.23,0.4408892,-0.0723766,-1.87003736089491e-07,1.27219832085086e-28,-0.717328473611957,-0.197356648867391,0.28680872021981,-0.213875882014019,-2.63115197839384,-0.546468964210154,-1.61802498559179e-05,1.02103886557384e-26
4.24,0.4414231,-0.08440708,-0.000542570251274222,8.41012624714493e-32,-0.85896531751844,-0.130681100131508,0.278219067044626,-0.215182693015334,-2.54212543150869,-0.510466313228684,-0.0391074888826392,7.27636939307129e-30
4.25,0.4403995,-0.09583943,-0.0855839943964973,2.77926387177399e-34,-0.995959373591276,-0.0632408951670129,0.268259473308713,-0.215815101967004,-2.45561398987683,-0.473909865411445,-5.36052396302632,2.57888993169219e-32
4.26,0.4378099,-0.1068935,-0.11416442716875,3.35348785643645e-35,-1.12776920053015,0.00253877233964062,0.256981781303411,-0.215789714243607,-2.37165583026874,-0.437957290544581,-6.49551256993698,3.28059848507149e-33
4.27,0.4335693,-0.1176796,-0.122827418430486,2.5491394117735e-34,-1.25458898840292,0.0653832734513742,0.244435891419382,-0.215135881509094,-2.28995500402404,-0.403266191169371,-6.4999695686244,2.55711748606788e-32
4.28,0.4279237,-0.1285452,-0.130276892411462,2.43580171561677e-32,-1.37380521881164,0.122126885909427,0.230697839231266,-0.213914612649999,-2.21127100419707,-0.371670168548019,-6.49999958816454,2.44375337021304e-30
4.29,0.4212434,-0.1394154,-0.13689945840233,5.10754969635217e-30,-1.48202319927445,0.173517825571235,0.215877607238521,-0.212179434394287,-2.13630785860417,-0.342848498342268,-6.4999999889795,5.10549982314377e-28
4.3,0.4135746,-0.151169,-0.142713843364828,3.64560630218161e-28,-1.57897877159781,0.212147854487423,0.200087819522543,-0.210057955849413,-2.06454108859916,-0.321446193909915,-6.49999999947382,3.66133759307585e-26
4.31,0.4056894,-0.1631474,-0.147612118068599,1.29007652046472e-26,-1.65831995655333,0.244444136189383,0.18350461995701,-0.207613514487519,-1.99698585520159,-0.303769345812826,-6.49999999995019,1.31427591045501e-24
4.32,0.3983018,-0.1754198,-0.151620858726385,2.03838401342647e-25,-1.71486163205882,0.270125420786353,0.166356003636422,-0.204912260279655,-1.93385649825803,-0.290124175291393,-6.49999999999001,2.11971693746239e-23
4.33,0.3920142,-0.1876922,-0.154836203321593,2.01230453051125e-24,-1.74497722103481,0.29207927841102,0.148906231426074,-0.201991467495545,-1.87477678602221,-0.278766483677772,-6.49999999999559,2.14647261447644e-22
4.34,0.3868912,-0.2001269,-0.157395733107917,1.09759676586624e-23,-1.7501361310636,0.309086105107763,0.131404870115438,-0.198900606444468,-1.81844751219054,-0.27056933363931,-6.49999999999603,1.19935907148167e-21
4.35,0.3830872,-0.212324,-0.159389408927142,5.1002541246514e-23,-1.73109961322031,0.32485655220329,0.114093873983235,-0.195652040922435,-1.76388922774451,-0.263134258505695,-6.49999999999292,5.72471416658744e-21
4.36,0.3812712,-0.223579,-0.160864776321801,3.85402522011277e-22,-1.68435171307971,0.345389404767143,0.0972503568524374,-0.192198146874763,-1.71068186434262,-0.2523601156385,-6.49999999997148,4.54255268765755e-20
4.37,0.3798767,-0.2354035,-0.16188665842546,1.11807315334766e-21,-1.62595469669364,0.357250711980079,0.080990809885501,-0.188625639754962,-1.65642138619886,-0.247487580635763,-6.49999999982995,1.35341093790331e-19
4.38,0.3796525,-0.2465153,-0.162423932530649,4.32821170914273e-21,-1.55093623242674,0.37202366026645,0.0654814475612336,-0.184905403152298,-1.60094239641313,-0.240499412920488,-6.49999999816397,5.47526921115705e-19
4.39,0.3810968,-0.256468,-0.162437208844869,3.05830183861645e-20,-1.4570091482457,0.393159137210464,0.0509113560787766,-0.180973811780193,-1.54340746135769,-0.228775716893368,-6.49999995767948,4.24466354231036e-18
4.4,0.3838682,-0.2653301,-0.161847683151643,3.16104100265169e-19,-1.34938342403149,0.419376345188216,0.0374175218384617,-0.176780048328311,-1.4824941855315,-0.212983011968184,-6.49999801482189,5.23441502428566e-17
4.41,0.3880586,-0.2727031,-0.160511995447243,4.95512509180137e-18,-1.2292320843248,0.453446454706391,0.0251252009952137,-0.172245583781247,-1.41673186185563,-0.190673924363716,-6.49978783695687,1.26660581471271e-15
4.42,0.3934233,-0.2783165,-0.156936547648722,4.36208627081116e-17,-1.10059001508672,0.496752624990979,0.0141193008443465,-0.167278057531337,-1.34447681611123,-0.160151373110563,-6.44675534500964,6.11171363816147e-14
4.43,0.3998322,-0.2818137,-0.0235527020138547,-7.06742357882588e-15,-0.966233628494011,0.55122483109152,0.0044569645594064,-0.161765809220422,-1.26375452343169,-0.118926436827632,-0.989719528598997,5.97476566202294e-12
4.44,0.4071858,-0.2826613,-1.22710681262704e-05,7.36158002767602e-12,-0.828485537132025,0.620048137932946,-0.00382789081191386,-0.155565327841093,-1.17213477396053,-0.0629262702548137,-0.000533772303063647,1.25018318300532e-09
4.45,0.414636,-0.2810488,-1.91374503011517e-09,-1.30033493457523e-09,-0.69587408253022,0.699877447201624,-0.0107866316372161,-0.148566553369077,-1.06973883247124,0.00677309674131607,-8.75094364384678e-08,3.48779835544314e-07
4.46,0.4221297,-0.2767663,-7.97784919597385e-14,-1.0395197754084e-05,-0.569385606106045,0.790966850282752,-0.0164804876982765,-0.140656884866249,-0.955756902497532,0.0921459395585075,-3.91137788393046e-12,0.000114510955171013
4.47,0.4295841,-0.2691443,-5.91705655562993e-19,-0.00966510617384783,-0.450128133160822,0.897379264828757,-0.0209817690298847,-0.131683092217961,-0.830449797685004,0.198623252940301,-3.18629573016446e-17,0.0489489997066495
4.48,0.4357231,-0.2591066,-1.72262478795471e-24,-1.40064091818474,-0.349228606457898,1.00915406441337,-0.0244740550944637,-0.121591551573828,-0.706464838643547,0.317488191762572,-1.05098528331701e-22,4.50694273154155
4.49,0.4411634,-0.2459424,-7.20581414834699e-31,-2.83797338198046,-0.26059957708337,1.13105358762726,-0.0270800508652974,-0.110281015697555,-0.584473396867423,0.452263182465684,-5.34823187510639e-29,6.48915330199932
4.5,0.4455795,-0.2298316,-4.46499189774215e-38,-3.65474823204833,-0.186610052405527,1.2597760124449,-0.0289461513893527,-0.0976832555731061,-0.473266102350004,0.596935989856777,-4.14772111253512e-36,6.49994590479
4.51,0.4497473,-0.2100421,-2.65856918870008e-47,-4.43110724528744,-0.11993739811067,1.40001039401111,-0.0301455253704594,-0.083683151632995,-0.367407764226525,0.750259379640357,-2.66532616608071e-45,6.49999970648665
4.52,0.450865,-0.1894282,-2.96839023004259e-54,-5.04485564890834,-0.0842930709334189,1.52544791071591,-0.0309884560797936,-0.068428672525836,-0.307499796811989,0.888550941402484,-3.01188737952696e-52,6.49999999581959
4.53,0.4525659,-0.1645156,-1.35997167542597e-64,-5.56736270980196,-0.0463472935550255,1.66596555666049,-0.0314519290153438,-0.0517690169592311,-0.243579046008138,1.02841622313507,-1.68577216136467e-62,6.49999999994762
4.54,0.4517908,-0.1386995,-3.50416560846227e-69,-5.93594028304038,-0.0326042709530405,1.79035129767482,-0.0317779717248742,-0.0338655039824829,-0.219679543817072,1.15103534907586,-5.33650306936802e-67,6.49999999999855
4.55,0.4484437,-0.1124299,-6.92880351038586e-66,-6.18687178345866,-0.0419031477881968,1.89521781970119,-0.0321970032027562,-0.014913325785471,-0.234242617751947,1.25906421283535,-9.17960112349801e-64,6.49999999999991
4.56,0.4446681,-0.08390661,-5.59646243181288e-62,-6.3555884866735,-0.0539572603330103,1.99674479276998,-0.0327365758060863,0.00505412214222886,-0.252781591746209,1.35955729169486,-6.58203255316645e-60,6.49999999999999
4.57,0.4390499,-0.05500044,-6.56964269162633e-55,-6.45314214009886,-0.0804621109642896,2.07853950092487,-0.0335411969157292,0.0258395171514775,-0.29332000850837,1.45061989537794,-6.79293771939537e-53,6.5
4.58,0.4321831,-0.02543075,-6.03439670594963e-48,-6.49590986589098,-0.114925321013291,2.14404140170176,-0.0346904501258621,0.0472799311684951,-0.343203841537474,1.53531021589218,-6.03197786650222e-46,6.5
4.59,0.4224562,0.002600059,-6.8599538163531e-40,-6.49357311454712,-0.170106138484743,2.17540499402731,-0.0363915115107095,0.0690339811087682,-0.417648468099316,1.61528023447249,-6.83588087446681e-38,6.5
4.6,0.411053,0.03027506,-3.9159574923325e-33,-6.45116110632604,-0.233753861533032,2.18533271622514,-0.0387290501260399,0.0908873082710197,-0.493208626758349,1.69348996396521,-3.50654692864533e-31,6.5
4.61,0.398979,0.05769838,-5.04947715938417e-28,-6.36976590661974,-0.296120123225625,2.1764299515627,-0.0416902513582961,0.112651607786647,-0.555616379855962,1.77136184391295,-3.97568437099008e-26,6.5
4.62,0.3854771,0.08417073,-1.39717925939702e-23,-6.24692719117304,-0.363280071736471,2.14438832315618,-0.0453230520756608,0.134095491018208,-0.612189526299708,1.8508268703155,-9.8330336270219e-22,6.5
4.63,0.3707413,0.1096563,-8.91486666483455e-20,-6.07762544814943,-0.432670916102071,2.09107376738327,-0.0496497612366815,0.155006228692041,-0.660073003142699,1.9333610821168,-5.79208379682175e-18,6.5
4.64,0.3551241,0.1341976,-1.33376429908282e-16,-5.85516463489589,-0.500587699168828,2.01901381053358,-0.0546556382283698,0.175196366797377,-0.697095276217039,2.02008291694914,-8.23353512888726e-15,6.5
4.65,0.3390452,0.1580946,-4.87424642040075e-14,-5.57426440257262,-0.563077690459022,1.93284670740004,-0.06028641513296,0.194524833871377,-0.72233935258593,2.11111640807539,-2.91796805084067e-12,6.49999999999998
4.66,0.3224207,0.1810742,-6.55871769974139e-12,-5.22553882961841,-0.620846788362778,1.83204780302358,-0.0664948830165878,0.212845311901613,-0.738744817514871,2.20772653238792,-3.85454370110279e-10,6.49999999999967
4.67,0.3055705,0.203368,-3.28473104519399e-10,-4.80589200612945,-0.67114239469485,1.72053339018707,-0.0732063069635363,0.230050645803484,-0.74640553699681,2.30935132918418,-1.9145362630148e-08,6.49999999999312
4.68,0.2882881,0.2249576,-8.49062440714212e-09,-4.31375615906743,-0.715971875266257,1.59983983065731,-0.0803660257161989,0.246049044110057,-0.748247076176674,2.41574173036526,-4.93917139414909e-07,6.4999999997734
4.69,0.2712975,0.2456991,-8.4452354608583e-08,-3.74948965635722,-0.749309353856852,1.47037566717491,-0.0878591192547674,0.260752800781806,-0.742008073661972,2.52684790339549,-4.94566858398673e-06,6.49999998725593
4.7,0.2539973,0.2658888,-5.30047689628176e-07,-3.12841126342559,-0.776979184978815,1.33631622446399,-0.0956289111045555,0.274115963026446,-0.732191760578166,2.63996506268454,-3.13773444943513e-05,6.49999882523636
4.71,0.2366775,0.2850241,-1.91699166339487e-06,-2.44030959342965,-0.796782103667489,1.19472984969876,-0.10359673214123,0.286063261523434,-0.718200049284425,2.75631932311914,-0.000115316871168797,6.49977912568788
4.72,0.2193034,0.3034244,-4.37217973385105e-06,-1.69725999660119,-0.809521235913888,1.04997234686254,-0.111691944500369,0.296562984992059,-0.701009247281394,2.87225883414045,-0.000268566140473173,6.41774978359305
4.73,0.2019922,0.3210766,-6.2378993293177e-06,-0.0865793294026648,-0.814690045594284,0.903227446635388,-0.119838844956312,0.305595259458413,-0.680736081880335,2.98600153413178,-0.000393486613285238,0.550857143751204
4.74,0.1843537,0.3371789,-7.13194727392943e-06,-6.16954137332143e-06,-0.816188174393616,0.748894103035994,-0.128000726700248,0.313084200488773,-0.659652535450757,3.10079019744925,-0.000463662051774722,0.000191777016793342
4.75,0.1671056,0.3527718,-4.59764692041527e-06,1.19400427451193e-10,-0.808208421760217,0.597553857120332,-0.13608281091785,0.319059739059976,-0.634916874270782,-3.07478886667172,-0.000310877734219582,2.26541922569648e-08
4.76,0.149672,0.3668481,-2.35293194694211e-06,1.0292729688974e-15,-0.796480016958922,0.441474198359771,-0.14404761108744,0.323474481043574,-0.609635892946118,-2.96920590231902,-0.000166376354677414,5.29797965583792e-13
4.77,0.132232,0.3796351,-8.83954303045525e-07,3.85052835312775e-20,-0.779869687227198,0.284099793634851,-0.151846307959712,0.326315478979922,-0.58325381793661,-2.86826327806534,-6.57677615414808e-05,4.17099408324206e-18
4.78,0.1147702,0.3910762,-2.50455799279524e-07,1.20103137523964e-24,-0.759022570013402,0.126185289887651,-0.159436533659846,0.327577331878799,-0.556120703563841,-2.7723681676222,-1.96987856743655e-05,1.20446025982975e-22
4.79,0.09705502,0.4006111,-6.18985536132019e-08,5.11122653755813e-26,-0.736394682174563,-0.0358523004937439,-0.166800480481591,0.327218808873862,-0.529472836675603,-2.67924095079998,-5.1484921266386e-06,4.8349435773049e-24
4.8,0.08009695,0.4094888,-7.56193826571042e-09,4.41835001949715e-23,-0.703709431895561,-0.189893236577184,-0.173837574800547,0.32531987650809,-0.499051446407148,-2.66654164929924,-6.69440445423824e-07,4.09163200566487e-21
4.81,0.06356469,0.4172213,-5.60217383871383e-10,2.70018606747172e-18,-0.66484767890277,-0.339652301742248,-0.180486051589575,0.321923353490667,-0.466862760889039,-2.58196921565525,-5.26081417082587e-08,2.10830536129682e-16
4.82,0.04732828,0.4236,-2.73522101929943e-11,1.49166483483744e-13,-0.621698334737403,-0.486187819867848,-0.186703034936949,0.317061475291989,-0.433820902929288,-2.50242290930903,-2.68795693712885e-09,1.00149903010294e-11
4.83,0.03150659,0.4287026,-8.13379608701805e-13,2.03780977349642e-09,-0.573910597545538,-0.628054864831292,-0.192442140912404,0.310780926643676,-0.399650499303732,-2.42794713038792,-8.16615887785107e-11,1.23249230739902e-07
4.84,0.0161069,0.4324957,-1.43094279264896e-14,6.72705589098154e-06,-0.522143880950257,-0.76490744300105,-0.197663579721907,0.303131852213665,-0.364591183042123,-2.35799137750526,-1.43387689201529e-12,0.000377712057814267
4.85,0.001014516,0.4348289,-1.54135969168243e-16,0.00665377473277186,-0.468066193533588,-0.897456151774939,-0.202344241657242,0.294157290695916,-0.329408700939983,-2.29165439223333,-1.54334997008373e-14,0.352596643034148
4.86,-0.01364616,0.4357597,-8.74820982120637e-19,0.122929896092316,-0.411193388362356,-1.02461280840542,-0.206456175540866,0.283911162611862,-0.293713112391398,-2.22879584835107,-9.03957272938851e-17,6.21029654740716
4.87,-0.02789747,0.4353042,-2.51915950566786e-21,0.134026396698939,-0.352348456101524,-1.14577141363113,-0.209979660101881,0.27245344847555,-0.25781276507386,-2.16908503424536,-2.89202754350675e-19,6.49817736425097
4.88,-0.04173142,0.4335193,-3.47196975648503e-24,0.138909761158937,-0.29204310783928,-1.26007148619602,-0.212900091180274,0.25985273361359,-0.221845399444346,-2.1122772547674,-5.16168780470873e-22,6.49997807344286
4.89,-0.05524708,0.4304987,-2.24061405211601e-27,0.14320086175486,-0.231665666328485,-1.36646188548931,-0.215216747843559,0.246188114758697,-0.186433524516003,-2.05817109193721,-6.47927972069381e-25,6.49999951447264
4.9,-0.068199,0.4265157,7.18846583289368e-32,0.146935011257264,-0.169566087137071,-1.46250895969125,-0.21691240871493,0.231563025161785,-0.150516717730121,-2.00684606744432,-6.38508138933616e-28,6.49999998053939
4.91,-0.08078563,0.4218194,1.41748212410829e-33,0.150144241514534,-0.108013899663657,-1.54626710092236,-0.217992547711566,0.216100354152561,-0.115216248532507,-1.95818405457668,-1.31434611259584e-30,6.49999999862384
4.92,-0.09279062,0.4169212,-5.38209883050031e-35,0.152852605364738,-0.0455646654835995,-1.61381646581156,-0.218448194366402,0.199962189494445,-0.0795729128570209,-1.9123553375355,-1.74872218263881e-32,6.4999999998202
4.93,-0.1044821,0.4120963,-5.20142205752125e-35,0.155120216316517,0.0149857022015851,-1.66369253367646,-0.218298337344386,0.183325264157681,-0.0450272308659817,-1.86903111428812,-6.55360291033947e-33,6.49999999995752
4.94,-0.1150669,0.4085172,-3.85355305594445e-34,0.156959554452143,0.0800945779786808,-1.68706370732501,-0.2174973915646,0.166454627084431,-0.00773868606627324,-1.82888455665636,-1.16510576200113e-31,6.49999999997755
4.95,-0.1254857,0.4052326,4.76512337491388e-31,0.15849171512338,0.140929094296812,-1.69407888270235,-0.216088100621631,0.149513838257407,0.0273860673834147,-1.79010526550307,-2.46855659067238e-29,6.49999999998086
4.96,-0.1356963,0.4025189,5.93907760546983e-28,0.15974433039442,0.197772651980188,-1.68371728700896,-0.21411037410183,0.132676665387317,0.0606213119915388,-1.75250233521973,-1.10389457794147e-26,6.49999999997295
4.97,-0.145747,0.4002806,3.46091813746197e-25,0.160748557256222,0.250148277692226,-1.6583314465684,-0.211608891324907,0.116093350921633,0.0917858098087496,-1.71557669183837,-3.83014994310565e-24,6.49999999994026
4.98,-0.154815,0.3994487,1.98700304866463e-22,0.161510571303949,0.305035520967031,-1.6114688650469,-0.208558536115237,0.0999786622711644,0.125073675312208,-1.67957075566249,-1.56558183139961e-21,6.4999999997429
4.99,-0.1636093,0.3991074,4.84813159804891e-20,0.162057404085899,0.355813676350753,-1.5530606407319,-0.205000399351729,0.0844480558638454,0.156734081414524,-1.64352662784644,-3.06330399067382e-19,6.49999999833491
5,-0.1713647,0.4000722,1.05461005140609e-17,0.162387305626913,0.408955597799437,-1.47758372349831,-0.200910843373735,0.0696722186288624,0.190711349601135,-1.60748985170983,-5.54768912224669e-17,6.49999997952636
5.01,-0.1786987,0.4016651,1.14177984389338e-15,0.162499989455664,0.458639515009526,-1.39278471493581,-0.19632444822364,0.0557443714795042,0.223696931213914,-1.5708781921092,-5.16716053175604e-15,6.49999960066692
5.02,-0.1855825,0.403903,6.84480705471441e-14,0.16238279219381,0.505044654275331,-1.29992335774767,-0.191274001680887,0.0427451379020276,0.255889092371338,-1.53342591653943,-2.72069917283867e-13,6.49998725641466
5.03,-0.1918958,0.4066285,2.65598042793669e-12,0.162001373357884,0.549133450968359,-1.20169175606232,-0.185782667171203,0.0307282203414044,0.287957860278638,-1.49487193444547,-9.40638309956077e-12,6.49934518506698
5.04,-0.197576,0.4098309,7.25686255763382e-11,0.159985714116398,0.59131275517219,-1.09934626905342,-0.179869539619481,0.0197347576508701,0.320252138144013,-1.45497700371293,-2.3152940988334e-10,6.443904820764
5.05,-0.2025562,0.4133204,1.49994107442247e-09,0.0714766311826334,0.632006936069843,-0.995585377430979,-0.173549470258783,0.00977890387656036,0.353141751283351,-1.41359638404587,-4.34822181713707e-09,2.89584887339506
5.06,-0.2066557,0.4167971,2.66224141392854e-08,0.000579200425284017,0.672575171083832,-0.893822232458666,-0.166823718547944,0.000840681551973704,0.387589703934866,-1.37080384100393,-7.0499319980405e-08,0.0236536037794721
5.07,-0.2095983,0.4203183,4.72249743204674e-07,1.55946908548637e-06,0.715073846455898,-0.794135901116475,-0.159672980083385,-0.00710067745919105,0.425033310548604,-1.32651947607925,-1.14486207397412e-06,6.43455547230852e-05
5.08,-0.2111066,0.4238254,9.35840984256052e-06,2.3737385568137e-09,0.761376612316901,-0.697564789757759,-0.152059213960216,-0.0140763253567686,0.466843923564442,-1.28082435189729,-2.07748334366049e-05,9.92112994837142e-08
5.09,-0.2107345,0.4267917,0.000243652545180375,2.68006805014905e-12,0.814601380306527,-0.609006594613305,-0.143913200157151,-0.0201663913029017,0.515168349102538,-1.23481476284253,-0.000494115345263463,1.13739628383744e-10
5.1,-0.2079856,0.4295027,0.00941369538808631,1.78575884628908e-15,0.877972830915629,-0.525995148928561,-0.135133471847995,-0.0254263427921873,0.572128221521683,-1.18834617357738,-0.0173786180884034,7.71509324912764e-14
5.11,-0.2031303,0.4314714,0.370830645624875,1.02502468059027e-18,0.947871837636427,-0.452782515043755,-0.12565475347163,-0.0299541679426249,0.635536969001191,-1.14318691449083,-0.624679718981204,4.51658515265444e-17
5.12,-0.19572,0.4327582,3.53840220421191,5.17478727525156e-22,1.02702826224781,-0.388546641831807,-0.115384470849152,-0.0338396343609429,0.706705424925498,-1.0999519515686,-5.45019672663766,2.32871024718383e-20
5.13,-0.1854443,0.4333908,4.58162798463828,2.45798264800881e-25,1.11669874791965,-0.33274723720858,-0.104217483369956,-0.0371671067330287,0.785599380100129,-1.05928964832169,-6.4790802881444,1.13046931139687e-23
5.14,-0.1725059,0.4329488,4.96516928529273,2.31742196883605e-28,1.21361232756589,-0.288624349340302,-0.0920813600942969,-0.0400533502264317,0.869422465087088,-1.0235979306018,-6.49964798100547,1.08809094371666e-26
5.15,-0.1555606,0.4327169,5.32884882387734,7.55630035950609e-32,1.32781711811762,-0.244610933294508,-0.0788031889131208,-0.0424994595593768,0.96107297546325,-0.987802485266572,-6.4999958521259,3.62747687022402e-30
5.16,-0.1370759,0.4301755,5.63617831783262,8.08151030207183e-34,1.43611270960506,-0.222351139370274,-0.0644420618170702,-0.0447229709530796,1.04928510045047,-0.964217732515016,-6.49999991456276,3.93979781306302e-32
5.17,-0.1165812,0.4258208,5.89366836155952,2.17609126351928e-34,1.54218068875934,-0.215940913451137,-0.0490202549294768,-0.0468823800875909,1.13534968884233,-0.950277535718109,-6.4999999975158,1.07086229627678e-32
5.18,-0.09271971,0.4212766,6.10788939149328,6.82667977575422e-35,1.65690553027492,-0.210316845520554,-0.0324511996267276,-0.0489855485427965,1.22159969166481,-0.93713154857892,-6.4999999999302,3.38993399565307e-33
5.19,-0.0679159,0.4144692,6.26708787317643,1.22869296644846e-33,1.75818032248722,-0.222998111770892,-0.0148693964018554,-0.0512155296605054,1.30222139482205,-0.934973518741666,-6.49999999999638,6.11050302729884e-32
5.2,-0.04231495,0.4056377,6.37990310008143,3.386956409554e-31,1.84515991793401,-0.250298828302066,0.00358220277748471,-0.053718517943526,1.37821990562163,-0.940506062148534,-6.49999999999967,1.67793914452457e-29
5.21,-0.01503641,0.3957787,6.45373051201563,1.2153538278978e-28,1.92585082134504,-0.28232987960374,0.0228407109909351,-0.0565418167395634,1.45137768071683,-0.947064059178448,-6.49999999999996,5.99392678828255e-27
5.22,0.01277504,0.3844967,6.49202492814686,7.39970011623387e-26,1.99049004936518,-0.321790288631221,0.0427456114845869,-0.0597597196258757,1.52124234239319,-0.955616764039816,-6.49999999999999,3.62826618931876e-24
5.23,0.04070196,0.3716757,6.49896984751099,5.9904096702665e-23,2.03640992979253,-0.368728867306985,0.0631097107825122,-0.0634470082989455,1.58860466282869,-0.965501294486256,-6.5,2.91787896318047e-21
5.24,0.06856348,0.3576255,6.47733046748274,3.50687826370623e-20,2.06330420119601,-0.419534962526692,0.0837427527944724,-0.0676423579242124,1.65435941072445,-0.974482750729348,-6.5,1.69808570309597e-18
5.25,0.09660539,0.342573,6.42863694399332,1.14839716029511e-17,2.07463842374797,-0.471576813636911,0.104489137031952,-0.0723581260605815,1.71915111892618,-0.981342885372674,-6.5,5.53595324994756e-16
5.26,0.1243682,0.3267899,6.35333802277834,1.79521089091418e-15,2.06773058473605,-0.522061491890868,0.125166442879313,-0.0775787409794902,1.78368111581524,-0.985177742366257,-6.5,8.63260511527754e-14
5.27,0.1515424,0.3101441,6.25072120580162,1.67324740794332e-13,2.04152482998944,-0.571854579459372,0.145581691179207,-0.0832972867740839,1.84870622324346,-0.986751794918141,-6.5,8.03799642530507e-12
5.28,0.1787994,0.2935979,6.12127039132546,5.1851660915571e-12,2.00349098154164,-0.612503106851598,0.165616600994623,-0.0894223178425999,1.91392329545788,-0.983294207261877,-6.5,2.49640850483976e-10
5.29,0.2058388,0.2771955,5.96405364058571,6.51175933882951e-11,1.95233171168709,-0.644098731284883,0.185139918111494,-0.0958633051554487,1.97981258002018,-0.975615708141719,-6.49999999999998,3.15076163589943e-09
5.3,0.232198,0.2605664,5.7763605793832,4.89606008589464e-10,1.88558209636009,-0.670293156513107,0.203995739075095,-0.10256623672058,2.0472379960024,-0.9655669157679,-6.49999999999992,2.384726399127e-08
5.31,0.2580755,0.2441309,5.55791646966781,1.84359008748894e-09,1.80668918849733,-0.687787952307085,0.222062630960068,-0.109444116243651,2.11598455388715,-0.952263901397389,-6.49999999999936,9.06013554479958e-08
5.32,0.2832206,0.2277815,5.30609269455738,4.07357016546093e-09,1.71509675780282,-0.698082873962418,0.239213598538097,-0.116424944983275,2.1866032918033,-0.936539082082865,-6.49999999999225,2.02365125016037e-07
5.33,0.3075497,0.2115433,5.01907455115424,5.53737952388324e-09,1.61180028497022,-0.701484842097301,0.255331601387799,-0.123439793404248,2.25930010859575,-0.918678317131209,-6.49999999984925,2.78565910629462e-07
5.34,0.3308825,0.1953874,4.69416219554145,4.94206545405152e-09,1.49697835235538,-0.698778358541034,0.270301384911353,-0.130427576989658,2.33451023803039,-0.899078586870462,-6.49999999494412,2.5217412774406e-07
5.35,0.3530451,0.1792214,4.32865737542366,3.16853508745164e-09,1.37093181708081,-0.691263026531432,0.284010703082161,-0.137340207254973,2.41267118762398,-0.878280564193398,-6.49999967947029,1.64217057969433e-07
5.36,0.3738193,0.1629419,3.91917671352655,1.59056317964716e-09,1.23364222972134,-0.680255300771142,0.296347125379374,-0.144142760262684,2.49438079774815,-0.856804346425151,-6.49995591182844,8.38249750979525e-08
5.37,0.3930436,0.1464694,3.45486772178889,6.67258807959272e-10,1.08565665487372,-0.666782563910294,0.307203691928111,-0.150810585901787,2.58005221491627,-0.835048564590232,-6.48447769839933,3.57933817887129e-08
5.38,0.41063,0.1298028,0.808586913986154,2.37181967749899e-10,0.928172039887915,-0.651143157287338,0.31648541232699,-0.15732201747466,2.66977137387565,-0.813123608754887,-1.77741933340969,1.2963598323742e-08
5.39,0.4262926,0.112721,0.00017776500628196,8.30611960650657e-11,0.760684869907848,-0.635479082837557,0.324092261026069,-0.163676808303036,2.76434931391485,-0.791874021808187,-0.000483236266735819,4.62767798803575e-09
5.4,0.4400621,0.09530261,4.16442189393698e-09,2.74457456706402e-11,0.585481024361613,-0.619223843817466,0.329947071269685,-0.169869046741211,2.86313740897223,-0.771052109129448,-1.52418693605831e-08,1.55983915288084e-09
5.41,0.4526693,0.07821113,1.79763966559595e-14,5.59298191192747e-12,0.41063225475849,-0.596922420527932,0.33405339381727,-0.17583827094649,2.96201509491174,-0.748390978452135,-1.00005573036873e-13,3.25305745247916e-10
5.42,0.4627993,0.06024781,1.13076919402851e-20,1.59827142566015e-12,0.226233182658497,-0.579348075300217,0.336315725643855,-0.181631751699492,3.0663884696407,-0.72839962580416,-1.59651538971933e-19,9.50181316632515e-11
5.43,0.471351,0.04250883,-1.74407459506546e-25,3.02590058708569e-13,0.0420009147934621,-0.55695337973243,0.33673573479179,-0.187201285496816,-3.11237285608866,-0.706981506590132,-2.21302519656469e-23,1.84495051117689e-11
5.44,0.4774815,0.02387886,-1.07739816901136e-23,8.44716284865726e-14,-0.147889645668542,-0.539702940485213,0.335256838335104,-0.192598314901668,-2.68526322926,-0.688426640220891,-1.02864703120862e-21,5.2736556460563e-12
5.45,0.4827422,0.006161511,-2.46498455000864e-18,9.50751519284504e-15,-0.328488162292444,-0.512039086540383,0.33197195671218,-0.197718705767072,-2.57690477264071,-0.665896685523312,-1.90456357190436e-16,6.12424362665159e-13
5.46,0.4864869,-0.01124549,-9.11046889246314e-13,6.80519691011742e-16,-0.504750319349114,-0.48010455809645,0.326924453518689,-0.202519751348037,-2.47832444176568,-0.642087810578526,-5.89114404626176e-11,4.54720467157155e-14
5.47,0.4885774,-0.02833347,-5.88565615682648e-08,3.08521152574057e-17,-0.676944229898446,-0.44439697940523,0.320155011219704,-0.206963721142089,-2.38827615395905,-0.6171690317355,-3.40563328353087e-06,2.1516978549512e-15
5.48,0.4890144,-0.04494312,-0.000617557187033155,7.78209621395241e-19,-0.844170293661591,-0.404128096289831,0.311713308283088,-0.211005002104987,-2.30599671609863,-0.590700539683553,-0.033112177971123,5.70530730670625e-17
5.49,0.487627,-0.06116556,-0.118800440054062,1.18194985682512e-20,-1.00708823138734,-0.360724398779229,0.301642425969215,-0.21461224609278,-2.23011134038466,-0.563263083101482,-6.00737456256667,9.15924776233012e-19
5.5,0.484365,-0.07701742,-0.134863266258757,1.12057562963398e-22,-1.16530921815572,-0.314886802041944,0.289989333787658,-0.217761114113199,-2.15979869699379,-0.535103041646377,-6.49931065087955,9.21101081971481e-21
5.51,0.4792969,-0.09250348,-0.140352761145967,7.06918458547114e-25,-1.31750401593874,-0.267176031332664,0.27681429362827,-0.220432874426526,-2.09455860372468,-0.506404931853838,-6.49999772854382,6.16684756318022e-23
5.52,0.4726914,-0.107519,-0.144987136958253,3.06435613562216e-27,-1.46080570598423,-0.217195502765509,0.262206236568428,-0.222604829454181,-2.03420839835704,-0.476866166334036,-6.49999998266185,2.82867774355336e-25
5.53,0.4648003,-0.1225326,-0.148856320222828,1.86985204210041e-29,-1.59279533583657,-0.169440871585405,0.246278283210062,-0.224299238170035,-1.97832885400634,-0.448752217878357,-6.4999999997192,1.80462957511463e-27
5.54,0.4560179,-0.1372854,-0.152043505294884,1.80459376443936e-31,-1.71013052690786,-0.121871139052498,0.229176977940984,-0.22551794956056,-1.92661429145224,-0.420940890848505,-6.49999999999071,1.79412239037313e-29
5.55,0.4467014,-0.1520828,-0.154645153407955,5.55864548897964e-33,-1.81017182592084,-0.0773802561349157,0.211075259681775,-0.226291752121909,-1.87858437451024,-0.394972235739502,-6.4999999999994,5.58457933023236e-31
5.56,0.4380789,-0.1661649,-0.15671156284788,5.72058008540868e-34,-1.8832630088463,-0.0296057193148194,0.192242629593312,-0.226587809315057,-1.83464018339328,-0.367245234008521,-6.49999999999991,5.73495776437595e-32
5.57,0.4304512,-0.1796396,-0.15835211182872,4.36078522158264e-34,-1.92859725354587,0.0199310114770981,0.172956657057853,-0.226388499200286,-1.79391069814138,-0.338482370590268,-6.49999999999997,4.35974236551787e-32
5.58,0.42395,-0.1924678,-0.159651411432403,3.22057854038035e-33,-1.94706428685016,0.0710608254285781,0.153486014189352,-0.225677890946,-1.75555029175359,-0.308645997373546,-6.49999999999998,3.2641121244777e-31
5.59,0.4195982,-0.2036663,-0.160653044777834,3.42592824106086e-31,-1.9321424989315,0.131587339724941,0.134164589200037,-0.224362017548751,-1.71947975593241,-0.27281912902369,-6.49999999999997,3.71686660901691e-29
5.6,0.4152527,-0.2150568,-0.161434648107425,6.03618602648272e-29,-1.9048598518098,0.184911075198627,0.115115990681939,-0.222512906796765,-1.68367150307327,-0.24093148775998,-6.49999999999994,7.6134510638961e-27
5.61,0.41163,-0.2261017,-0.161998828994105,1.02061107288214e-26,-1.86039193801331,0.235799113013872,0.0965120713018057,-0.220154915666626,-1.64819217507988,-0.210057293289059,-6.4999999999998,1.76193758642189e-24
5.62,0.4099564,-0.2355057,-0.162350396150699,2.05155523992822e-24,-1.79013885224943,0.295026137247369,0.0786106827793114,-0.217204654294152,-1.61307474434346,-0.173051117757943,-6.49999999999859,1.01907316754755e-21
5.63,0.4095063,-0.2439362,-0.162496156292909,-5.52764526998593e-22,-1.70290777965045,0.35583282654866,0.061581604982807,-0.213646326028666,-1.577572598565,-0.133956217189747,-6.49999999998266,5.21957235813075e-19
5.64,0.4102996,-0.2510557,-0.162426942254578,3.11314317777882e-19,-1.6005884947328,0.420498629893476,0.045575720035479,-0.209441339729731,-1.54125270090029,-0.0909021904380034,-6.49999999961084,2.55400970197135e-16
5.65,0.4124417,-0.2567739,-0.162122648662977,8.57725068956244e-16,-1.48429749013984,0.488993944244832,0.0307327451340806,-0.204551400287283,-1.50364262070906,-0.0434720574951136,-6.49999998293084,1.06877127357124e-13
5.66,0.4157891,-0.2606913,-0.161550225044658,-2.75419077089508e-13,-1.3572614076244,0.56387454152738,0.0171601310578366,-0.198912654872009,-1.46422820281181,0.0107005778513075,-6.49999849338318,4.42022582124632e-11
5.67,0.4197801,-0.2632532,-0.160661029410997,-7.44226729707519e-10,-1.22604464315963,0.640303581222515,0.00489968462624035,-0.192509619059784,-1.42267927142589,0.068625952728007,-6.49975598897618,1.17972980774258e-08
5.68,0.4244993,-0.2635062,-0.15741429810867,-4.73845729184832e-07,-1.0912278803326,0.725638727078518,-0.00601259417708561,-0.185253231788999,-1.37846758866324,0.136380897783271,-6.41846781580906,3.42353393606215e-06
5.69,0.4294431,-0.2615778,-0.0168867279111292,-0.000180719188437723,-0.958337476440305,0.817434643806433,-0.0155959689414887,-0.177078885350934,-1.33152978572272,0.212750188394282,-0.695881047416185,0.000857873552491989
5.7,0.4345739,-0.2573648,-1.30307248914996e-05,-0.0507122716515446,-0.828480066969852,0.915349975410926,-0.0238807696111872,-0.167925385596825,-1.28157153910117,0.297856083041191,-0.000544499476689835,0.173741288160943
5.71,0.4390466,-0.250671,-5.64405381541724e-09,-2.05506763912133,-0.70946480449257,1.01980931340316,-0.0309754176561129,-0.157727292462793,-1.22986219084001,0.392055239779457,-2.39956723085181e-07,5.38222584809476
5.72,0.4428413,-0.2414301,-1.49384424390225e-12,-3.08189497059724,-0.601394469165874,1.13006018720998,-0.0369893623477716,-0.146426690590694,-1.17698786440873,0.494268269717568,-6.48456138258746e-11,6.49052836027938
5.73,0.4456995,-0.2296365,-2.88255574549029e-16,-3.68426629212058,-0.506294126743341,1.24485471095437,-0.042052303615205,-0.13397814348115,-1.1244467879126,0.602466682835612,-1.28145526772375e-14,6.49991450641983
5.74,0.4462793,-0.2165439,-1.60463559972549e-19,-4.22356897854603,-0.435068311287337,1.35240627265627,-0.0464029867280784,-0.120454080754587,-1.07801540201855,0.707436565104951,-7.30463471651112e-18,6.49999851486972
5.75,0.4468583,-0.1996427,-3.76314818329918e-23,-4.75675908179114,-0.366979228525873,1.47368847675387,-0.0500727790133371,-0.105717195987048,-1.03112366064462,0.821094652514449,-1.75899831627308e-21,6.49999997827804
5.76,0.4479007,-0.1785803,-1.594961058124e-27,-5.24816053833579,-0.298327545393548,1.60962600193691,-0.0530560544672726,-0.0896209359676793,-0.981992744669007,0.939735921700203,-7.68542533725913e-26,6.49999999972263
5.77,0.4468281,-0.15635,-4.51423543937373e-31,-5.63111687534475,-0.251394642336225,1.73276245810532,-0.0555700008906349,-0.0722933113866261,-0.9434476378276,1.04772443481158,-2.2318764981563e-29,6.4999999999928
5.78,0.4438415,-0.1325854,-1.69428720124193e-33,-5.92716051911988,-0.22297122710617,1.8463615149728,-0.0577997131616966,-0.0538296962368981,-0.915894126564207,1.14773252039213,-8.54034634485545e-32,6.49999999999969
5.79,0.438884,-0.1077267,-1.87101188218782e-34,-6.14729886603059,-0.212162555796134,1.94668043942957,-0.0599213387196579,-0.0343628918426024,-0.899901324952933,1.23978196769185,-9.54126037465317e-33,6.49999999999998
5.8,0.4333795,-0.08080103,-4.90688611999672e-35,-6.30790973023635,-0.205539366667575,2.04229018500455,-0.0619767323863337,-0.0139399899925569,-0.886986390390932,1.32701913930083,-2.52640575424009e-33,6.5
5.81,0.4262493,-0.05311151,-2.26146199521958e-34,-6.41415153645648,-0.211873078340997,2.12189953705097,-0.0640954631697436,0.00727900537795279,-0.882769662059666,1.40804968750102,-1.16806607887497e-32,6.5
5.82,0.4179639,-0.02458335,-5.09474199392448e-33,-6.47583707112646,-0.226043590180313,2.18688879032861,-0.0663558990715468,0.0291478932812389,-0.883363719165929,1.4845230505631,-2.63029909387747e-31,6.5
5.83,0.4073642,0.003255215,-2.27604488960916e-30,-6.49938787769847,-0.25703814595499,2.22512462410399,-0.0689262805310967,0.0513991395222788,-0.893620360664859,1.55706889304751,-1.166072784591e-28,6.5
5.84,0.3960791,0.03169149,-6.84544218134374e-28,-6.48947002271808,-0.289473891676807,2.24939865610185,-0.0718210194478647,0.0738931260832973,-0.902898269447428,1.62773918094144,-3.48318297380062e-26,6.5
5.85,0.3827227,0.05898448,-7.49870200710469e-25,-6.44767588605684,-0.33465285580803,2.24602237184,-0.075167548005945,0.0963533498016974,-0.917300067589904,1.69779802305094,-3.77604710506285e-23,6.5
5.86,0.3689297,0.08648667,-2.62227396010412e-22,-6.3741373812858,-0.377392265216502,2.22870641450769,-0.0789414706581101,0.118640413946774,-0.927701044660639,1.76795588972269,-1.31076222569453e-20,6.5
5.87,0.3525322,0.1117089,-2.97961990098807e-19,-6.26375393551437,-0.435829379856898,2.17776043710837,-0.083299764456679,0.140418018317858,-0.943304043370235,1.84129829875701,-1.47329500617409e-17,6.5
5.88,0.3376494,0.1384265,-1.80138667750231e-17,-6.12007578293085,-0.473521652342958,2.1281341993374,-0.0880349809801086,0.161699360311232,-0.946291517317133,1.91446935860394,-8.8888436327195e-16,6.5
5.89,0.3215144,0.1637568,-1.17518735308363e-15,-5.93255671949291,-0.515227606666997,2.05577226037358,-0.0931872570467786,0.182257082914968,-0.949625988177004,1.99183304355729,-5.78570525654092e-14,6.5
5.9,0.3049796,0.1883305,-4.00000594613872e-14,-5.69723450604125,-0.553117446141302,1.96838658498776,-0.0987184315081916,0.201940948764845,-0.949876222659185,2.07313396569449,-1.96895509466446e-12,6.49999999999999
5.91,0.288191,0.2121043,-7.16168903059655e-13,-5.40783364637595,-0.585995933945854,1.86746873017146,-0.10457839084765,0.22061563606656,-0.946989427855699,2.15898021377428,-3.53220849498186e-11,6.49999999999987
5.92,0.2713195,0.2351168,-6.69384570717159e-12,-5.05907453362217,-0.612596099962914,1.75517535586187,-0.110704351847279,0.238167389625179,-0.940877954653654,2.24956929689599,-3.31536036661317e-10,6.4999999999975
5.93,0.2544171,0.2573111,-3.49868408222022e-11,-4.64609477469789,-0.632802509607647,1.63275805368086,-0.117032376943356,0.254494970161987,-0.931877188405876,2.34513352175926,-1.74372224996216e-09,6.49999999991943
5.94,0.2375101,0.2785691,-1.09176707594219e-10,-4.16522799143111,-0.646770103531862,1.50091830098777,-0.123500077978674,0.269504153171865,-0.920338940213832,2.44592058011006,-5.48579546073697e-09,6.49999999552774
5.95,0.2206307,0.2988056,-2.12687784197322e-10,-3.61643346588946,-0.654636857014271,1.36064549355673,-0.130046446548817,0.283110608107432,-0.906528023863004,2.55180618744672,-1.07936308099905e-08,6.49999953708441
5.96,0.2037583,0.317878,-2.75951574126934e-10,-2.9982971976392,-0.657015813621028,1.21242295719112,-0.136616604685027,0.295234837679344,-0.890833767192168,2.66263322250518,-1.4167029469572e-08,6.49989889709624
5.97,0.1868827,0.3356554,-2.49546923302821e-10,-2.28840384636824,-0.65442017342059,1.05684813845309,-0.143160806419233,0.305803319063875,-0.873552159404358,2.77787414171125,-1.2980329228621e-08,6.44559379271558
5.98,0.1701797,0.352361,-1.45376388580844e-10,-0.119109133097938,-0.645790418158134,0.897503941243823,-0.149618710600815,0.314778358476313,-0.854306169566826,2.89464803125802,-7.67681722579123e-09,0.490081218580186
5.99,0.1531231,0.3668091,-7.83132757818212e-11,-8.02606971084489e-06,-0.636104502046731,0.725841669188249,-0.155979755621282,0.322036775168195,-0.835174170168126,3.01791624429044,-4.20047482300847e-09,6.3968032583375e-05
6,0.1361581,0.3798893,-2.9626686081707e-11,-1.16385403986467e-12,-0.621756512909013,0.551584959267842,-0.162197320750372,0.327552624760874,-0.814641953073442,3.14004957519385,-1.61714756740613e-09,1.48979784890769e-09
6.01,0.1194023,0.3914847,-7.4339040290186e-12,-7.07403975675451e-18,-0.602235740033404,0.375190848618956,-0.168219678150706,0.331304533247063,-0.792483804297613,-3.02360213488989,-4.13939142540233e-10,6.08757569816786e-15
6.02,0.102936,0.4016761,-1.18982041577853e-12,1.34853595205076e-22,-0.577420122660342,0.198758015040589,-0.173993879377309,0.333292113397469,-0.768612133531031,-2.90896007457722,-6.77850170420427e-11,1.81008924884929e-20
6.03,0.08619899,0.409737,-1.80993153614389e-13,9.8914123713388e-26,-0.552625990125115,0.0174189763789414,-0.179520139278561,0.333466303161259,-0.745354837024067,-2.79670851181717,-1.05611900175494e-11,9.88772221108387e-24
6.04,0.07000213,0.4165961,-1.47602188788946e-14,1.51086858671734e-23,-0.52119079269151,-0.159320022217351,-0.184732047205476,0.331873102939085,-0.71963280330269,-2.62760675349111,-8.86410813580032e-13,1.2978023594548e-21
6.05,0.0541986,0.4220814,-7.16172422384503e-16,2.69737952214568e-18,-0.48511328007697,-0.332044481091927,-0.189583180006245,0.328552658128166,-0.692274769973821,-2.53673485921517,-4.44861442267071e-14,1.92442614708762e-16
6.06,0.03882124,0.4262414,-1.99363720309722e-17,5.58685051785612e-13,-0.444746574447183,-0.49946241641149,-0.194030645750717,0.323558033964051,-0.663336753758391,-2.45334590879132,-1.28902444264171e-15,3.48876213800952e-11
6.07,0.02395765,0.429168,-2.90826580314933e-19,1.93851461391449e-08,-0.399984923499915,-0.6600582984426,-0.198030494985716,0.316957450979625,-0.632629910758983,-2.37696291378459,-1.9740838541576e-17,1.10878652402971e-06
6.08,0.009568919,0.4308575,-2.25846620002955e-21,0.000114234738510594,-0.351827416079043,-0.813295417919097,-0.201548769146507,0.308824496800434,-0.600510403290408,-2.30665711460684,-1.62461970298522e-19,0.00612840549507902
6.09,-0.004297746,0.4313526,-8.96433617919915e-24,0.0700317084893967,-0.3004901568817,-0.958342523092472,-0.204553670715324,0.299241071569509,-0.56693517887233,-2.24168678824196,-6.89424170996231e-22,3.57126826080955
6.1,-0.01768506,0.430673,-2.01810781038769e-26,0.132713798733512,-0.246951055780336,-1.09468485384702,-0.207023181273127,0.288294223031039,-0.532277932288516,-2.18128953152208,-1.66873774000651e-24,6.48683248396784
6.11,-0.03061633,0.4288918,-3.23287530185945e-29,0.13785987958726,-0.191959892787501,-1.22146491717309,-0.208942780201002,0.276079573859308,-0.496818339783201,-2.12489872910871,-2.87459860648497e-27,6.49991529757103
6.12,-0.04310128,0.4261622,-5.9772409539752e-32,0.142126441277652,-0.136100808229738,-1.33728619314272,-0.2103037882833,0.262706711927881,-0.460767688959621,-2.07213826496828,-5.6682533043352e-30,6.49999876810322
6.13,-0.05524187,0.4226626,-3.33283577765826e-34,0.145821732932193,-0.0806918318350647,-1.44073515788008,-0.21111070660165,0.24829936034908,-0.424819861150181,-2.02265578953787,-3.30333194957662e-32,6.49999996319399
6.14,-0.06712457,0.4186873,-1.7261796852986e-35,0.148990839323282,-0.0268082762517707,-1.52962810678563,-0.211378789364168,0.233003079281224,-0.38959026371453,-1.9762665662867,-1.734731472519e-33,6.49999999783942
6.15,-0.07887985,0.4144737,-1.52261074488989e-35,0.151692264434439,0.0242050753123308,-1.60254712292678,-0.211136738611045,0.216977608051956,-0.355936644193587,-1.93264230116829,-1.52359486833691e-33,6.49999999976279
6.16,-0.09050953,0.4103476,-1.4941979249178e-34,0.1539768011882,0.0722176554867779,-1.65756260218028,-0.210414562056177,0.200401982030153,-0.323969700740478,-1.8915672125996,-1.49892185396209e-32,6.49999999995193
6.17,-0.1014075,0.4074916,-1.02974573358621e-32,0.155849615439808,0.122241128178203,-1.68582576970212,-0.209192150774395,0.183543724333132,-0.290210214054475,-1.85376639458303,-1.07066063914733e-30,6.4999999999779
6.18,-0.1126456,0.4046293,-8.32476036702507e-31,0.157449165815651,0.164744893525654,-1.70011217768183,-0.207544701839138,0.166542602556314,-0.261297472204147,-1.81713946936299,-9.41383332571423e-29,6.49999999998468
6.19,-0.123788,0.4023656,-5.81786196988462e-29,0.158784475829893,0.203727870611711,-1.6963968776626,-0.205507423133021,0.149578633779688,-0.234505740607116,-1.78190705167211,-7.69170903832585e-27,6.49999999998212
6.2,-0.1345676,0.4008436,-3.26766617539428e-27,0.159885254327749,0.241457619253911,-1.67500712612876,-0.203092846940482,0.1328285625184,-0.208181784804113,-1.74778092341548,-5.80470136903573e-25,6.499999999965
6.21,-0.1452821,0.3996569,-8.41869187729898e-26,0.160783715583525,0.275273100951885,-1.64099282079108,-0.200340115930963,0.116418634310489,-0.184322342362966,-1.71411342281045,-2.60658018501103e-23,6.49999999989929
6.22,-0.1551395,0.3994552,-7.19760433886446e-25,0.161483384059331,0.311923001776641,-1.59018522133377,-0.197220885913197,0.100516782097151,-0.157716452538312,-1.6810566390219,-1.46793301000253e-21,6.499999999502
6.23,-0.1639752,0.4003094,1.28770900704065e-22,0.161997058042801,0.352293254148972,-1.52375791848629,-0.193697953371707,0.0852792029122885,-0.127420361325717,-1.64832886048417,-1.06151140163339e-19,6.49999999570305
6.24,-0.171978,0.4018469,-4.69842114163559e-21,0.162332811823324,0.394200756144613,-1.4466266086155,-0.189755945810261,0.0708129368261335,-0.094909846260514,-1.61549061737217,-7.27025942061179e-18,6.49999994123669
6.25,-0.1790419,0.4039736,-3.05840913914889e-18,0.1624888879599,0.438107026841216,-1.3610295542171,-0.185374875541849,0.0572026412839626,-0.0595575398963622,-1.58230162197088,-4.78745295112221e-16,6.49999873999113
6.26,-0.185174,0.4064734,-1.94968343823558e-16,0.162457535812452,0.483473893188471,-1.27010423328636,-0.180540136609964,0.044501598951099,-0.0215335463201433,-1.54854303496588,-2.81121738904261e-14,6.49995948445639
6.27,-0.1901887,0.4093121,2.15162429353297e-14,0.162181145502356,0.531413415989427,-1.1752294046983,-0.17522600245007,0.032749304904116,0.0204405656759154,-1.5140733759512,-1.60376823059492e-12,6.49801289734178
6.28,-0.1941157,0.412231,4.90064892468282e-12,0.158385416667706,0.58111748368205,-1.07958659351813,-0.169414827613249,0.0219534389689347,0.0660246566395846,-1.47881337393416,-8.16145875795245e-11,6.36313010881462
6.29,-0.1966297,0.4150899,5.18808406043052e-10,0.0517978389764302,0.634811644813258,-0.985095908324256,-0.163066711165117,0.0121024798856921,0.117648357940319,-1.4427668384559,-4.35439853828773e-09,2.0895321554374
6.3,-0.1977664,0.4176416,3.85244956849052e-08,0.000602584483203031,0.691476540896792,-0.894407113082487,-0.156151945756149,0.00315840875486726,0.174858920544095,-1.40609553436009,-2.19693421427258e-07,0.0244441346010239
6.31,-0.1971362,0.419809,2.8996950189059e-06,3.85304161605529e-06,0.753724693480669,-0.808489941115762,-0.148614698821342,-0.00492649065629036,0.240574018569509,-1.36899393153137,-1.22365213833265e-05,0.000157411702136138
6.32,-0.1946502,0.4213785,0.000219768105570932,2.22627376840516e-08,0.821382665699769,-0.729342217553577,-0.140400872164344,-0.0122199128318261,0.31503809909997,-1.33189381977575,-0.000712566431587777,9.17335934249388e-07
6.33,-0.1898837,0.4225231,0.018742089964053,1.0741824513954e-10,0.897073211283468,-0.655497891390956,-0.13143014005151,-0.0187748917457357,0.400857513846819,-1.29488161714918,-0.048047910105282,4.47076415052379e-09
6.34,-0.1830344,0.4227405,1.00292418495417,6.25379828859636e-13,0.977911170495721,-0.591247263572453,-0.121651028346553,-0.0246873643814602,0.494922121784828,-1.25906641421226,-2.10961975875062,2.63198495255824e-11
6.35,-0.1737408,0.4223025,3.5489805872455,3.91600762368577e-15,1.06591224178718,-0.533950698472224,-0.110991905928681,-0.0300268713661825,0.597986056031901,-1.22441432440991,-6.30215437620554,1.66821695943265e-13
6.36,-0.1619552,0.4210934,4.22111567269467,3.1177096811331e-17,1.160236352412,-0.48438983529563,-0.0993895424045608,-0.0348707697191388,0.70736137247406,-1.19154335465299,-6.49679378040064,1.3451991260981e-15
6.37,-0.1475571,0.4191478,4.75308555015991,3.36728886943991e-19,1.26067630606706,-0.441967762736686,-0.0867827793438901,-0.0392904473465056,0.820275461759508,-1.16072858218208,-6.49994612318865,1.47201285545646e-17
6.38,-0.1303677,0.4166807,5.22561345165907,4.36511101162333e-21,1.36748843138564,-0.404569064773213,-0.0731078950300337,-0.0433361379942378,0.933885607764443,-1.13167599608908,-6.4999990322954,1.93381572999136e-19
6.39,-0.1101088,0.4139063,5.6243232761628,5.72674811086776e-23,1.48169208328727,-0.370228098521385,-0.058290974197161,-0.0470384189794516,1.04563633815318,-1.1039497335397,-6.49999998187724,2.57185185757331e-21
6.4,-0.08819874,0.4096331,5.92673253253019,3.28956006140348e-24,1.5899368302012,-0.348920593999181,-0.042391605895149,-0.0505276249194434,1.14757213792167,-1.08140722337575,-6.49999999945524,1.494759040105e-22
6.41,-0.06453816,0.404015,6.14984248521225,7.84762256328366e-25,1.69276558937661,-0.338397506553895,-0.0254639500013828,-0.0539115999849824,1.24098862706644,-1.06348711944777,-6.49999999997598,3.60083803834935e-23
6.42,-0.03958568,0.39722,6.30630736546136,6.32396660123358e-25,1.78603280705915,-0.336402136710578,-0.0076036219307913,-0.0572756213520881,1.32599942515697,-1.04933277219885,-6.49999999999835,2.92490064732641e-23
6.43,-0.01223361,0.3901533,6.41164414493874,5.28304526556853e-25,1.87914356683927,-0.334625393666878,0.0111878137376014,-0.0606218752887569,1.40568478169808,-1.03551454810544,-6.49999999999987,2.46306556751187e-23
6.44,0.01511387,0.3809032,6.4720947224781,4.45674325579598e-24,1.95126287682356,-0.349080875827855,0.030700442505837,-0.0641126840470355,1.47807800944719,-1.02848790873856,-6.49999999999998,2.08646009778647e-22
6.45,0.04263319,0.3701411,6.49798084970577,1.15050014027892e-22,2.0050927488444,-0.372655075003811,0.050751369994281,-0.0678392347970736,1.54586402261045,-1.02477327097353,-6.49999999999999,5.39810089894825e-21
6.46,0.07042464,0.3581682,6.49481544958534,4.86488371808222e-21,2.04259822798003,-0.401872033518044,0.0711773522740813,-0.071857955132254,1.6107495001789,-1.02255742029316,-6.5,2.2856187314018e-19
6.47,0.09791415,0.3448076,6.46538198143872,3.27543978204908e-19,2.06004102986065,-0.437517137515431,0.0917777625726878,-0.0762331265074083,1.67407506067708,-1.02183992162117,-6.5,1.53953048895901e-17
6.48,0.1249379,0.3302427,6.41025570719771,2.43262333805963e-17,2.05757689162816,-0.477243500630138,0.112353531488969,-0.0810055615137097,1.73720308185237,-1.02143888701077,-6.5,1.14366379128773e-15
6.49,0.1513449,0.314662,6.32805899256076,1.53884303017215e-15,2.03559800290532,-0.51882795526566,0.132709511518023,-0.0861938410663663,1.80137395953739,-1.02042987641885,-6.5,7.2390557761654e-14
6.5,0.1770575,0.2983117,6.21575103391094,6.71780440281808e-14,1.995215433863,-0.559740111702926,0.152661665856653,-0.0917912421833956,1.86769439393142,-1.01797949176987,-6.49999999999999,3.16488840751589e-12
6.51,0.2020224,0.281421,6.0687796060731,1.79193670828642e-12,1.9377818961489,-0.597808974705037,0.172039484818142,-0.0977693319304459,1.93718021065759,-1.01354956230979,-6.49999999999998,8.46495089210467e-11
6.52,0.2262383,0.2642509,5.88139262286382,2.64810862308081e-11,1.86509239059377,-0.630798795796368,0.190690408724079,-0.10407731988841,2.0106996355128,-1.00668432559778,-6.49999999999985,1.25623493864514e-09
6.53,0.2497432,0.2470177,5.64710270518654,2.08190573701737e-10,1.77923035266074,-0.657072426395723,0.208482712250687,-0.110648044152367,2.08892457533622,-0.997174030554174,-6.49999999999858,9.93513332431163e-09
6.54,0.2725057,0.2298908,5.3583161452006,8.65815729885893e-10,1.68161517747529,-0.675570811967313,0.22529886402544,-0.11740375227204,2.17256391736494,-0.984980076062769,-6.49999999997845,4.16396484631346e-08
6.55,0.2945001,0.2129015,5.0071616255239,2.04140422884282e-09,1.57367911354755,-0.686536527884806,0.241035655160915,-0.124269117550888,2.26217590851002,-0.970426030595755,-6.4999999994808,9.91116809440341e-08
6.56,0.3156964,0.196113,4.5866144906352,2.81212206261978e-09,1.45677132626114,-0.689976287570028,0.255603368423527,-0.131168880426588,2.35812346083077,-0.953682049530357,-6.49999997938737,1.38066116553599e-07
6.57,0.336019,0.1795515,4.09123052103072,2.35114431881386e-09,1.33180942165133,-0.686259178343784,0.26892146264004,-0.138031472210026,2.46068451345287,-0.934977504457182,-6.49999856479325,1.16926156312601e-07
6.58,0.3553176,0.1631349,3.51682263388641,1.30431066751992e-09,1.19906655322393,-0.676680926649114,0.280912128172279,-0.144798281476517,2.57020116549438,-0.914802922894048,-6.49980474283145,6.57975059890479e-08
6.59,0.37345,0.1467857,2.83252089010468,5.1691508679507e-10,1.05891585390642,-0.662432275535247,0.291501286711343,-0.15142260423187,2.68662864355985,-0.893583221160051,-6.44073880091855,2.6483539362443e-08
6.6,0.3902549,0.1304416,0.24133556068098,1.54946425192188e-10,0.91159294170405,-0.644508073840555,0.300617216128384,-0.157867684970275,2.80955250254788,-0.871662973385548,-0.74313245365537,8.0713779087684e-09
6.61,0.4059115,0.1142984,6.64027135220695e-05,3.14734828082546e-11,0.760217166194636,-0.621686100810596,0.30821938779033,-0.164084545978381,2.935735353933,-0.84858142623475,-0.000325183187587406,1.66967031794972e-09
6.62,0.4197321,0.09788326,1.61490238342066e-09,5.96522231655015e-12,0.600414739387119,-0.598477099722324,0.314223535184201,-0.170069316975605,3.0671875986494,-0.825982614548982,-2.31084624138519e-08,3.22439385234166e-10
6.63,0.4317827,0.0813112,-1.58054263819301e-15,9.86521329905438e-13,0.434554334894703,-0.574096934807852,0.318569078533148,-0.175810286323683,-3.08292610429057,-0.803552367765881,-2.42647961145785e-13,5.43802371000282e-11
6.64,0.4422883,0.06471642,-2.48748081874726e-21,1.3104826236298e-13,0.266182975736417,-0.547673772249901,0.321230908290513,-0.181287024046182,-2.95304797065092,-0.780928933018216,-6.75004976823079e-19,7.37688421948226e-12
6.65,0.4510368,0.04800912,-1.31048731901173e-25,1.50566197791618e-14,0.0949067211674972,-0.520298295771621,0.322179975502188,-0.186490007003898,-2.82772275872331,-0.758520253036346,-1.32231827077247e-23,8.66556863395092e-13
6.66,0.4577476,0.03092558,-6.71492370822677e-26,1.84066667025516e-15,-0.0801828810687581,-0.494431665662074,0.3213781466915,-0.191434323660519,-2.70758668991248,-0.737310429155718,-6.59760278303424e-24,1.08345765010607e-13
6.67,0.4640345,0.01513188,-1.00250395642654e-21,6.69526873158754e-17,-0.244020161141147,-0.456168816908868,0.318937945080088,-0.195996011829608,-2.73251559220322,-0.711456757256185,-1.0036169497359e-19,4.06005017632988e-15
6.68,0.4680905,-0.001039374,-3.9423879389623e-16,2.71710167416461e-18,-0.411536046981631,-0.420752536804699,0.314822584610272,-0.200203537197655,-2.63412197126473,-0.687367441574505,-3.43175931433424e-14,1.69870024969467e-16
6.69,0.4708947,-0.01666809,-4.33129685082939e-11,5.77215355251327e-20,-0.57304092118569,-0.380477622914551,0.309092175398415,-0.2040083134268,-2.54264486516614,-0.661632360998233,-3.12502879774576e-09,3.74152185409487e-18
6.7,0.4718614,-0.03221876,-9.25525076423739e-07,9.73196637541414e-22,-0.73280669015352,-0.339905271759211,0.30176410849688,-0.207407366144392,-2.45537239272873,-0.636224504287667,-5.79512367126776e-05,6.56603175968755e-20
6.71,0.471698,-0.0468625,-0.00313578215259477,6.14357964294318e-24,-0.883922023291735,-0.29239457047893,0.292924888263963,-0.210331311849182,-2.3748508545786,-0.607973588143224,-0.17898079223868,4.3575828109045e-22
6.72,0.4699243,-0.06096004,-0.117603619190682,2.17858924320404e-26,-1.03006511271894,-0.241865932946812,0.282624237136773,-0.21274997117865,-2.2986996140129,-0.578573170305931,-6.26781929331647,1.63620682736867e-24
6.73,0.4664072,-0.07467099,-0.12889164182989,6.19188360000262e-29,-1.1717290527816,-0.19025169857952,0.270906946608957,-0.214652488164445,-2.22620398692449,-0.548854350531622,-6.49936009711113,4.94464914872872e-27
6.74,0.4612282,-0.08801761,-0.135093983392959,2.15453938535576e-31,-1.30759603581059,-0.138182000444278,0.257830986250851,-0.216034308168888,-2.15731239266626,-0.519047390084923,-6.49999624074555,1.8314641512609e-29
6.75,0.4542866,-0.1010694,-0.140602510111348,1.89665833778127e-33,-1.43802527211991,-0.086633912530548,0.243450733529652,-0.216900647294193,-2.09144663760885,-0.489591198023414,-6.49999995852541,1.71019671074239e-31
6.76,0.4460595,-0.1139385,-0.145348581374935,9.86653204334271e-35,-1.55854301861686,-0.0368582124606114,0.227865303343484,-0.217269229418799,-2.02923508508352,-0.461119188442901,-6.4999999991142,9.35134976982781e-33
6.77,0.4366682,-0.1269059,-0.149379049964508,4.77947578180427e-35,-1.66809584332287,0.00859892459824962,0.211184344910255,-0.217183240172817,-1.97026205980482,-0.435061260419249,-6.49999999996618,4.6906761814769e-33
6.78,0.4263604,-0.1402151,-0.15274508476519,1.32252491189311e-34,-1.76473879681341,0.0477488452094548,0.193536956942121,-0.216705751720722,-1.91428183544298,-0.412635658049941,-6.49999999999777,1.32177896322906e-32
6.79,0.4161231,-0.1532537,-0.15546717465957,1.30862386702074e-33,-1.84058474308446,0.0859742835201622,0.175131109511276,-0.215846008885521,-1.86186551497082,-0.390742517780609,-6.49999999999971,1.31507941557684e-31
6.8,0.4087115,-0.1642486,-0.157538600886641,1.37516050974045e-31,-1.87374280585309,0.137924149994046,0.156393681452745,-0.21446676738558,-1.81493484623135,-0.360373393692992,-6.49999999999987,1.37699204445162e-29
6.81,0.3985322,-0.177828,-0.159298156238988,1.75501428259228e-30,-1.91438935880287,0.163365374887707,0.137249787864717,-0.212833113636703,-1.76671150126897,-0.346270165693297,-6.49999999999995,1.75445225067966e-28
6.82,0.3925984,-0.1885411,-0.160568321846483,3.03626325905018e-28,-1.9028506295475,0.209947931862992,0.118221281569242,-0.210733634318073,-1.72285877833528,-0.318598667510499,-6.49999999999994,3.05404508428302e-26
6.83,0.3862948,-0.2001822,-0.161523047673577,1.27730551439076e-26,-1.88222092530581,0.243832787348929,0.0993990723161836,-0.208295306444584,-1.67888206801073,-0.298839034826156,-6.49999999999989,1.30951036618094e-24
6.84,0.3822031,-0.2101844,-0.162146787027648,1.50679671836328e-24,-1.83177240669397,0.287322601325631,0.081081348249244,-0.205422080431328,-1.63576594043934,-0.272306373970894,-6.49999999999956,1.63736507234091e-22
6.85,0.3795085,-0.219433,-0.162460925761671,1.57300105955047e-22,-1.7611718893182,0.33190358282797,0.063469629356062,-0.202103044603048,-1.59240203878579,-0.244403830019105,-6.49999999999677,1.93973217145564e-20
6.86,0.3781689,-0.2278932,-0.162457197619915,1.24802508530635e-20,-1.67295136780339,0.377462538316436,0.0467401156780281,-0.198328419219884,-1.54818333191624,-0.215022940576354,-6.49999999995732,2.01133637651245e-18
6.87,0.3781313,-0.2355403,-0.162109784184072,5.55096724214489e-19,-1.56964606132252,0.42380485390597,0.031043655064803,-0.194090370680824,-1.50250704534124,-0.184097245950836,-6.49999999895629,1.73176289811601e-16
6.88,0.3794104,-0.2422541,-0.161373573785208,-1.04587834442043e-18,-1.45312364444482,0.47154312784922,0.0165124186203547,-0.189374939402332,-1.45472711523005,-0.150928275118366,-6.49999995029695,1.29563663431204e-14
6.89,0.3817562,-0.247866,-0.160183173248723,-9.49563064727923e-16,-1.32740400867886,0.521633366713438,0.00323837853356607,-0.184158605735197,-1.40423133622821,-0.114452069557284,-6.49999540069526,9.04707605531058e-13
6.9,0.3851835,-0.2523005,-0.158424506776382,2.33973248871071e-13,-1.19401976511915,0.574155295139391,-0.00870181911762543,-0.178417052783803,-1.35025673898157,-0.0741748739756023,-6.49908441275209,5.82410067830339e-11
6.91,0.3894287,-0.2554536,-0.146838776440979,2.75115986711768e-11,-1.05675991712189,0.62940253276015,-0.0192694182888443,-0.172123027456202,-1.29220494636371,-0.0293464799365886,-6.11624100402845,3.48649349776631e-09
6.92,0.3939955,-0.2569135,-0.00252491847772258,-3.62938887703128e-09,-0.921073200307662,0.690195258596876,-0.0284801502919209,-0.165221074870233,-1.23001853267505,0.0231079681289511,-0.107340710039186,2.32547414135012e-07
6.93,0.398681,-0.2565768,-1.1559493247273e-06,-1.33390321120069e-06,-0.789480811104303,0.756500019938908,-0.036374958402964,-0.157656074670844,-1.1636399067564,0.0840763619920748,-5.04676604539788e-05,1.64042615902419e-05
6.94,0.4034328,-0.2541779,-1.90376333801859e-10,-0.000199209463497899,-0.66300690401203,0.829600390431501,-0.0430050274430843,-0.149360070766529,-1.09297331729211,0.155709408431639,-8.59805328184438e-09,0.00126654919359166
6.95,0.4075092,-0.2496873,-1.50203396989804e-14,-0.0225164099316547,-0.54831805771111,0.908650590351476,-0.0484882080201954,-0.140273564863014,-1.02062903724558,0.23816929803853,-7.06504915417767e-13,0.0959437600084369
6.96,0.4105437,-0.2431717,-7.06976996085579e-19,-1.06533381117435,-0.448295820798,0.992028692406665,-0.0529711662281754,-0.130353277938948,-0.949504055530302,0.330525008339146,-3.48089207714181e-17,3.29518365894807
6.97,0.4130064,-0.233994,-1.22699541503592e-23,-2.71665841009447,-0.358479643696922,1.08409642263837,-0.0565559626651446,-0.119512313712564,-0.879280941117376,0.436925878491619,-6.35435499401951e-22,6.41629854019497
6.98,0.4144174,-0.2223612,-1.28052299237436e-28,-3.41835003482442,-0.282654068341108,1.18173468267176,-0.0593825033485557,-0.107694966885846,-0.814213992111337,0.553506112944482,-6.99224216019695e-27,6.49874965348343
6.99,0.4137423,-0.2092827,-6.17827807508137e-33,-4.03723347464829,-0.228820619901372,1.27534431805513,-0.0616707095475694,-0.0949415237052949,-0.762890701180923,0.670243576032305,-3.5400302175972e-31,6.49997038343668
7,0.4141385,-0.1914324,-7.27421905241728e-39,-4.69051747816193,-0.169109835034889,1.39236368320713,-0.0633618078979183,-0.0810178868732237,-0.705640087374823,0.806272896153567,-4.44256557799007e-37,6.49999961222427
7.01,0.4123037,-0.1723324,-2.36556822024946e-43,-5.2215711360689,-0.132031423173214,1.50058173018742,-0.0646821221296504,-0.0660120695713494,-0.666826446547373,0.932841430548276,-1.52171608349358e-41,6.49999999047336
7.02,0.4093112,-0.1510089,-8.47449985406924e-47,-5.65214943003481,-0.106965673310454,1.60808257122268,-0.0657517788627549,-0.0499312438591227,-0.63897975054265,1.05423773344426,-5.6915356808227e-45,6.49999999969307
7.03,0.405211,-0.1276598,-7.03401089888085e-49,-5.97991208408149,-0.0926548890090322,1.71249515402188,-0.0666783277528453,-0.0328062923189039,-0.621544580021308,1.16796028703675,-4.86739801242907e-47,6.49999999998659
7.04,0.3991193,-0.1034084,-2.5806790660573e-48,-6.20987674053734,-0.0956695506204959,1.80394356608055,-0.0676350232590502,-0.0147668566580984,-0.620764670173204,1.27082327458697,-1.7882580389753e-46,6.499999999999
7.05,0.3909523,-0.07873978,-2.33973039456984e-45,-6.36198965811398,-0.115220424019215,1.87879523990748,-0.0687872274992424,0.00402109574097645,-0.6349358076899,1.36430907092982,-1.58199825682443e-43,6.49999999999987
7.06,0.3818716,-0.05286795,-5.55401874192849e-42,-6.45416406937651,-0.140069862743126,1.94444441555844,-0.0701879261266736,0.0234655398965608,-0.652412659999555,1.45193915172733,-3.65083683383064e-40,6.49999999999998
7.07,0.3717542,-0.02629441,-2.41771151700562e-38,-6.49568456356738,-0.170612191293055,1.9969865559842,-0.0718940480396042,0.0434354054564028,-0.67282631588117,1.53434584705846,-1.541949841578e-36,6.49999999999999
7.08,0.3591274,-0.00078451,-1.49461358815817e-33,-6.49428409179277,-0.218435761664695,2.02238937341111,-0.0740784056562512,0.0636592991905139,-0.704349979970388,1.61274722969157,-9.14260405520627e-32,6.5
7.09,0.3458511,0.02495249,-1.47437232035299e-29,-6.45433934429651,-0.266215534661632,2.03348232060149,-0.0767405610028675,0.0839941223965288,-0.731463418241552,1.68942576433641,-8.73499575766003e-28,6.5
7.1,0.3317249,0.0504227,-4.58935017285878e-26,-6.37699789534997,-0.315276248731727,2.02723366579296,-0.0798933234901847,0.104266459054458,-0.755403931151244,1.76569538229891,-2.64980226615408e-24,6.5
7.11,0.3165709,0.07521763,-6.64267056013466e-23,-6.26047317629137,-0.366635630133789,2.00169888507592,-0.0835596797915226,0.124283447905218,-0.776946409144435,1.84318161411773,-3.75360407463935e-21,6.49999999999999
7.12,0.3009124,0.09976576,-2.89942952224223e-20,-6.10267938865588,-0.415357805447066,1.96221283038031,-0.0877132578459933,0.143905576209021,-0.79323520392756,1.92232901841195,-1.61335622098043e-18,6.49999999999999
7.13,0.2848394,0.123651,-4.61115619592969e-18,-5.89805998381016,-0.460556170971849,1.90671787864789,-0.0923188195557118,0.1629727549955,-0.804535179969394,2.00463818611184,-2.53957639754455e-16,6.49999999999995
7.14,0.2681858,0.1468652,-3.77236253458186e-16,-5.64079037262462,-0.50357632195815,1.83684340506773,-0.0973545827752933,0.181341189046177,-0.812293792556055,2.0908817864141,-2.06335411132308e-14,6.49999999999968
7.15,0.252358,0.1699443,-6.15056613913971e-15,-5.33150708678683,-0.532553276223922,1.75872044993112,-0.102680115537532,0.198928393545488,-0.811017448687976,2.17980656553298,-3.36793306626215e-13,6.4999999999974
7.16,0.2361177,0.1922285,-6.83667679418995e-14,-4.95920012483771,-0.558767202249813,1.66805491142959,-0.108267787560031,0.215608942659784,-0.807572969935677,2.27365425368899,-3.75507228763888e-12,6.4999999999667
7.17,0.2200575,0.213988,-3.59889932827448e-13,-4.52541920157412,-0.577309316821577,1.56875471148079,-0.114040880728246,0.231296489774592,-0.799854023557052,2.37131729228699,-1.99046737132812e-11,6.49999999936661
7.18,0.2040902,0.2350166,-1.06356999830423e-12,-4.02752266189873,-0.589399933582927,1.46048961633856,-0.119934880064076,0.245901385937978,-0.788917150175865,2.47326211524491,-5.94192129721878e-11,6.49999998074759
7.19,0.1882273,0.2552386,-1.88250365442895e-12,-3.46796640693027,-0.595381936152451,1.34410739196268,-0.1258886994256,0.259342459857604,-0.775227569266797,2.57917044594231,-1.06553028604006e-10,6.49999901292445
7.2,0.1724371,0.2745267,-2.15389703508273e-12,-2.84625400348167,-0.595969672142838,1.22001235084149,-0.131848396147029,0.271542583366019,-0.759338429976802,2.68872083926002,-1.23860026565627e-10,6.49990673235898
7.21,0.1566685,0.2927352,-1.71637557400503e-12,-2.15535400614705,-0.592019850793337,1.08847807164796,-0.137768594654962,0.282427364082499,-0.741796454590363,2.8014420288934,-1.00536779928244e-10,6.48166466950331
7.22,0.1409151,0.3097412,-9.84553743640872e-13,-0.611763542453161,-0.583975089154826,0.949995939156295,-0.14360834554651,0.291927323474062,-0.722895242848203,2.91646681988829,-5.8902394227179e-11,2.75174315812161
7.23,0.1253156,0.3257307,-3.77949483603597e-13,-0.000422260085992952,-0.571061051451785,0.807640637385141,-0.149318956061028,0.300003729847913,-0.702304987268254,3.03074178292076,-2.31782832487764e-11,0.00377517837782889
7.24,0.1095276,0.3399732,-1.26145187867871e-13,1.61280347118599e-09,-0.556609712923629,0.656621371739526,-0.154885053190264,0.306569943565308,-0.681696165795485,-3.13611663369258,-7.94682613504771e-12,6.60273306986303e-07
7.25,0.09381948,0.3527468,-3.05202721409428e-14,-2.72127087925644e-14,-0.53859743124387,0.501013910737896,-0.160271027502703,0.311580082672687,-0.660051429433306,-3.02170756200848,-1.98299858164478e-12,2.26685149953087e-11
7.26,0.07745147,0.3633701,-9.34931030927658e-15,7.49983185387348e-19,-0.523595046356803,0.336591000038588,-0.165506977966271,0.314945992673073,-0.640663925248086,-2.90702357459679,-6.26170508442858e-13,9.91045734555411e-17
7.27,0.06148623,0.3728666,-1.63813851177467e-15,5.02930536519514e-24,-0.502583231056164,0.173751228215966,-0.170532810276833,0.316683504955233,-0.618918300563339,-2.80001923781868,-1.13888530379505e-13,5.0273595215235e-22
7.28,0.04647961,0.3814585,-1.0738707568553e-16,7.77014335321262e-27,-0.471559844565888,0.0153399860390984,-0.175248408722492,0.316836904815624,-0.592755899540006,-2.70212044981541,-7.84131099336985e-15,7.58791660595667e-25
7.29,0.03149708,0.3884633,-5.56755193213222e-18,6.7531492987885e-25,-0.439347637842648,-0.143607080330241,-0.179641885100918,0.315400834012321,-0.56671981388159,-2.67382246432257,-4.28376130082507e-16,6.33213230757741e-23
7.3,0.01698075,0.3942059,-1.57297904380121e-19,5.31631355563011e-20,-0.40257089802126,-0.299234537762135,-0.183667594081131,0.3124084886347,-0.53895594884291,-2.58080570503366,-1.28253863618112e-17,4.14095573886053e-18
7.31,0.003043385,0.3987686,-2.1552254378866e-21,6.65169908070311e-15,-0.360912540325359,-0.450054800248804,-0.187276719484384,0.307907940632212,-0.509191025445991,-2.49523987231759,-1.8695338471121e-19,4.41421782512122e-13
7.32,-0.01034048,0.4021543,-1.44384810406113e-23,1.83025682640981e-10,-0.315269200279534,-0.595395469379664,-0.19042941148718,0.301953985938415,-0.477789839239788,-2.41648064244509,-1.33061054167791e-21,1.09218568612915e-08
7.33,-0.02303408,0.4044838,-4.15951402506728e-26,9.28875263087518e-07,-0.265140283169607,-0.733692585631676,-0.193080814318876,0.294617060082099,-0.444317261737587,-2.34420267439766,-4.03792753089647e-24,5.14893313586999e-05
7.34,-0.03514806,0.4056906,-6.37833458766804e-29,0.001172894041214,-0.212161665386326,-0.865121955561548,-0.195202430972739,0.285965840526483,-0.409543420745218,-2.27731329821726,-6.38414203845156e-27,0.0614496301987773
7.35,-0.0465654,0.4059161,-6.33045441480223e-32,0.101710528655109,-0.155956921407792,-0.988157439688717,-0.196762000186817,0.276084266129596,-0.373068483350714,-2.21546377431541,-6.35254117314265e-30,5.08971107024536
7.36,-0.05743701,0.4051503,-1.05193123749316e-34,0.134799807537449,-0.0984379223084275,-1.10271605313257,-0.197746379409901,0.26505710559827,-0.335867905902103,-2.15782964746154,-1.05195499872971e-32,6.48800285401793
7.37,-0.06768394,0.4035238,-1.18091160683462e-36,0.139582609339932,-0.039452147415318,-1.20760987238799,-0.198140900884054,0.25298100687439,-0.297680492131652,-2.10402534225699,-1.2126937561521e-34,6.4998220714854
7.38,-0.07743046,0.4011818,-4.86937475812903e-37,0.143541616203622,0.0194355171000105,-1.30169217810028,-0.197946545713054,0.239964085093388,-0.259340582098646,-2.05367306840099,-5.55236544581169e-35,6.49999469541241
7.39,-0.0866878,0.3983987,-8.85866748155782e-36,0.146950373800977,0.0777321769315158,-1.38290900925715,-0.197169223943739,0.226134995000816,-0.22103632755977,-2.00662439348905,-1.3286855904277e-33,6.49999969328889
7.4,-0.09573241,0.3953361,-1.06080551659939e-33,0.149875553222034,0.132779594651836,-1.45040759303514,-0.195841427997221,0.211630919070465,-0.184452700377578,-1.96246314231857,-3.27014408229526e-31,6.49999996766433
7.41,-0.1046237,0.3922952,2.2642978418272e-32,0.152365021677907,0.183971944807642,-1.50233799381344,-0.194001708549144,0.19660753913233,-0.149977084875614,-1.92101258872788,-1.47191349216821e-28,6.4999999938318
7.42,-0.1135377,0.3895307,4.86432534146075e-29,0.154472202530038,0.229809393053657,-1.53749839895109,-0.191703614618608,0.181232555142819,-0.118665534185933,-1.88199310945784,-4.1312803993547e-26,6.49999999789932
7.43,-0.1218981,0.3879127,-1.78629205520333e-26,0.156211725010626,0.275220597802015,-1.54977846657665,-0.188951408640588,0.165734770477053,-0.0869945952922051,-1.84588734501593,-9.7682992117927e-24,6.49999999850043
7.44,-0.1307253,0.3867157,-3.76220099917454e-24,0.15768889014542,0.311427773027635,-1.54703485459016,-0.185837130910311,0.150264421931151,-0.0613263652329061,-1.81118587160463,-6.1366451022228e-22,6.4999999982783
7.45,-0.1400905,0.3859479,-9.13935885641069e-23,0.158936926800029,0.338352504101863,-1.53046277412813,-0.182453605869293,0.13495979418987,-0.0419356443402577,-1.77751182582654,-1.12900974781222e-20,6.49999999692622
7.46,-0.149706,0.386046,-7.2134670763923e-22,0.159968487032369,0.358981990780517,-1.49768266439883,-0.178863785961487,0.119982967545882,-0.0267915784011973,-1.74493300644282,-9.42186353406999e-20,6.49999999061437
7.47,-0.1590174,0.3871476,-3.10114381619381e-21,0.16080547549402,0.378316285236849,-1.44912188165201,-0.175080623109119,0.105491748729362,-0.0121806845983685,-1.71320026272023,-6.49659094916307e-19,6.49999994984872
7.48,-0.1679599,0.3893209,4.67465429266202e-21,0.161465366246283,0.396870528026383,-1.38586306741815,-0.171111917828855,0.09163311805518,0.00230812048774389,-1.68202985255835,-3.949049676591e-18,6.49999952188313
7.49,-0.1775494,0.3916332,4.95257026453325e-20,0.161967403279163,0.406124333781712,-1.31733962218805,-0.167050674491038,0.0784597218332995,0.00981712341980977,-1.65057160008203,-8.77010583566729e-18,6.4999938400237
7.5,-0.1867397,0.3946656,2.2171427247569e-19,0.162302569313289,0.415500735834442,-1.23962702521348,-0.162895667132694,0.0660634515811647,0.0177129328727293,-1.6189616038319,-1.96712009228145e-17,6.49986891287481
7.51,-0.1956747,0.3981262,6.71302502931795e-19,0.162371258032559,0.423729155912994,-1.15646355085099,-0.158658375573564,0.0544988160726548,0.024961090882273,-1.58687227653168,-3.90715515515428e-17,6.49571506576306
7.52,-0.2043836,0.4018405,1.54741581499582e-18,0.157431098119754,0.43060687634458,-1.07033656724594,-0.154352306810118,0.0437954504001953,0.0313554527676326,-1.55409903772863,-6.75134081508923e-17,6.29814843115754
7.53,-0.2125822,0.4056597,3.95223893272767e-18,0.0499465652992713,0.43856396995087,-0.983332547841853,-0.149966667110609,0.0339621249217768,0.0389723534517843,-1.52050814568971,-1.30377764596242e-16,2.00046809561274
7.54,-0.2200694,0.4094739,1.3448552730397e-17,0.000718543867021062,0.449130858840382,-0.897045230907136,-0.145475358522205,0.0249916726127054,0.0492689948189366,-1.48603334446886,-3.27166765170174e-16,0.0288484604371975
7.55,-0.2265887,0.413177,7.31564435231045e-17,5.17747986408582e-06,0.464148811124579,-0.812899535984339,-0.140833870410959,0.016862677252862,0.0641284736952524,-1.45068038949956,-1.26473232907942e-15,0.000208647988332732
7.56,-0.2319329,0.4166218,6.79853959605613e-16,2.80792131116238e-08,0.484864239946518,-0.732526736215484,-0.135985228011494,0.0095374098907072,0.0850730043079917,-1.41457363883574,-8.24168084777054e-15,1.13743780350538e-06
7.57,-0.2358443,0.4197274,1.14064670512662e-14,1.1905401854373e-10,0.512799818784096,-0.656841960194569,-0.130857229823653,0.00296899028876151,0.11406181851477,-1.37791330493791,-9.891167838901e-14,4.8548923864107e-09
7.58,-0.2377577,0.4224576,4.43274841652027e-13,4.02240918054836e-13,0.551855591890002,-0.586281008305772,-0.125338673904753,-0.00289381979429621,0.15559400355661,-1.34095199293113,-2.82026699272454e-12,1.65374740748125e-11
7.59,-0.2376495,0.4248573,3.12418393186565e-11,1.04626736471792e-15,0.601020978220289,-0.520529931732843,-0.11932846412255,-0.00809911911162464,0.209664561731047,-1.30388903397252,-1.5037105851508e-10,4.34337091715861e-14
7.6,-0.2352311,0.4266822,3.86080198842433e-09,2.59964993685103e-18,0.661504992961943,-0.461672758525573,-0.112713414192931,-0.0127158466968804,0.278366031419342,-1.2675060434751,-1.41350495255346e-08,1.09108671965655e-16
7.61,-0.2301574,0.4281229,7.81153208855187e-07,5.41504016978704e-21,0.73480067189243,-0.407953559594927,-0.105365407474007,-0.0167953822928296,0.363800515781455,-1.23181028855266,-2.19973864898214e-06,2.30057751558744e-19
7.62,-0.2223725,0.4290484,0.000200024109488025,1.12990864330662e-23,0.819782768906599,-0.360401056509355,-0.0971675797849407,-0.0203993928579232,0.46467588106396,-1.19753093948663,-0.000445960396592684,4.86345722382059e-22
7.63,-0.2118281,0.429277,0.0527085736203225,3.25376255844314e-26,0.91527435960414,-0.320337345930493,-0.0880148361888993,-0.0236027663172281,0.578441040168537,-1.16566195136671,-0.0963673261034609,1.41930574145135e-24
7.64,-0.1983686,0.4288772,3.21359085961898,1.38477407348789e-28,1.02101210720025,-0.286838027684531,-0.0778047151168968,-0.0264711465940734,0.701994372728606,-1.1364075371287,-4.97738381309862,6.12106846201274e-27
7.65,-0.1821861,0.4275367,4.78266001291688,1.67833997435528e-30,1.13379376032738,-0.262178251727159,-0.066466777513623,-0.029092929111345,0.828824947519673,-1.11124996843969,-6.48882587542185,7.50969406754851e-29
7.66,-0.1626108,0.4259472,5.31528933491199,2.26832003877631e-32,1.25779231692954,-0.240032239569231,-0.0538888543443276,-0.0314932515070373,0.95745543747608,-1.08762688004386,-6.4999350542788,1.02732151165784e-30
7.67,-0.1397967,0.4238464,5.7370937576304,5.84285707214492e-34,1.38991116401983,-0.22251650875295,-0.0399897427041294,-0.0337184165945668,1.08134601569134,-1.06673063588425,-6.49999954858373,2.67616472554171e-32
7.68,-0.1157785,0.4196177,6.03690154561152,6.65600532759852e-34,1.5116284962266,-0.222790738091366,-0.0248734577418634,-0.0359463239754805,1.19095369292639,-1.05558146130276,-6.49999999311791,3.06758893758694e-32
7.69,-0.09010267,0.4139601,6.24565225576203,7.15907465893556e-33,1.62670802696667,-0.233550542133652,-0.00860637747219674,-0.038281829396817,1.29005666699786,-1.04999235412115,-6.49999999982334,3.30990231166512e-31
7.7,-0.06275325,0.407197,6.38239569284965,2.66944063637034e-31,1.73500758762294,-0.251146310964551,0.00874369840403262,-0.0407932925064625,1.38023494825297,-1.04752821616304,-6.49999999999296,1.23591785205334e-29
7.71,-0.03403301,0.3994463,6.46200733910392,1.98265280810993e-29,1.83379737556453,-0.273894935205261,0.027081672159678,-0.0435322418585151,1.46259602317433,-1.0468828659558,-6.49999999999956,9.18282989073465e-28
7.72,-0.005502469,0.3894365,6.49649143891422,1.20110977046394e-26,1.91019536934738,-0.311754300697646,0.0461836258531517,-0.0466497848654916,1.53793001943331,-1.05233865781769,-6.49999999999994,5.54577132810945e-25
7.73,0.02398896,0.3789071,6.49527758381429,3.13855740969142e-24,1.97505682757288,-0.348744098655834,0.0659341941288805,-0.0501372258520499,1.60892707117546,-1.05533670641524,-6.49999999999999,1.44668326339426e-22
7.74,0.05235182,0.3660176,6.46336119552218,2.80639798493761e-21,2.01151347573383,-0.399944815418356,0.0860493288862189,-0.0541366740062335,1.67704945367651,-1.06251199240846,-6.5,1.28839679085863e-19
7.75,0.08121402,0.3529214,6.40351866178459,6.31877766863781e-19,2.03515678394728,-0.445926537643913,0.106400896725692,-0.0585959393826726,1.74335104493418,-1.06493944948068,-6.5,2.89700730026823e-17
7.76,0.1087728,0.3380066,6.31507562956075,1.91562555583053e-16,2.03189241092257,-0.500166415777648,0.126719820834917,-0.0635976035404491,1.80996113707109,-1.06850007814594,-6.5,8.76548691874352e-15
7.77,0.1359001,0.3225862,6.19748255209809,2.33024966737474e-14,2.0111864621526,-0.550689022317444,0.146831685456443,-0.0691044937636235,1.87715905266213,-1.06847536552939,-6.5,1.06628613872085e-12
7.78,0.1622179,0.3064895,6.04773397980317,1.53889142107157e-12,1.97146338254856,-0.598852176354554,0.166546319281929,-0.0750930155271691,1.94611720623715,-1.06593211439473,-6.49999999999999,7.05158234911879e-11
7.79,0.1877087,0.2899534,5.86238969057424,5.23374646305384e-11,1.91440382442587,-0.642536887540895,0.185690357526188,-0.081518384402578,2.01751647593555,-1.06056289628251,-6.49999999999996,2.4053816075223e-09
7.8,0.212298,0.2730612,5.63705167761811,9.78024511652338e-10,1.8411951287274,-0.681103877774987,0.204102308813462,-0.0883294231803279,2.09203785451933,-1.05259597195064,-6.49999999999973,4.51508222578404e-08
7.81,0.2359408,0.2558999,5.36692655592907,1.0531758043554e-08,1.75328458757718,-0.713972423394843,0.221635154689233,-0.0954691474142763,2.17022142920381,-1.04221573494982,-6.49999999999719,4.89100215978263e-07
7.82,0.2587588,0.2387843,5.04910871658028,5.97439562694441e-08,1.65348452763461,-0.738760918714304,0.238169999965579,-0.102856756601419,2.25200462945067,-1.02897439567074,-6.49999999995323,2.79615331700833e-06
7.83,0.2805646,0.2215034,4.67811678844446,2.19681395289203e-07,1.54189148699941,-0.757700239203871,0.253588914835574,-0.110433758993458,2.33806926427589,-1.01387936058311,-6.4999999986804,1.0375464902011e-05
7.84,0.301397,0.2041663,4.25270791277899,5.21694655148722e-07,1.4205531357637,-0.770223079513851,0.267794446193211,-0.118135989788597,2.42823772765329,-0.99691268151487,-6.49999993530178,2.49000648226411e-05
7.85,0.3212698,0.1867573,3.77423279572105,8.47948506795571e-07,1.29120796549263,-0.776887624398871,0.280706525848137,-0.125904866032585,2.52215891563054,-0.978384258608039,-6.49999422277994,4.09546401508273e-05
7.86,0.3400409,0.1692657,3.24128454378245,9.85712191552832e-07,1.15421269891241,-0.778204608876418,0.292248652837261,-0.133686912121349,2.61992790310505,-0.958543532887611,-6.49894348456359,4.82368934500553e-05
7.87,0.3576883,0.1516738,2.48574007082218,8.52639562317073e-07,1.01094508418023,-0.774737887883722,0.302358103679063,-0.141434291000187,2.72091412775315,-0.937627595736874,-6.08532572140477,4.23250662749629e-05
7.88,0.3741278,0.1339642,0.0255485655154921,5.67340610014226e-07,0.862196944666973,-0.767033610726992,0.310980073125733,-0.149104627107457,2.82457235219895,-0.915847346718332,-0.0823286492844176,2.85987391007098e-05
7.89,0.3893389,0.1161624,4.61778269943967e-06,2.92170685679336e-07,0.7092605282207,-0.755267363909942,0.31807267840794,-0.156657300746556,2.92984783335992,-0.893269968700558,-2.20192406749935e-05,1.4972507731173e-05
7.9,0.4031402,0.09823483,1.38434716427295e-10,1.20616751865032e-07,0.552018658782426,-0.740115733809835,0.323592864995764,-0.164058458084654,3.03643497803478,-0.870134051445607,-1.31095860003227e-09,6.29053211714021e-06
7.91,0.4163659,0.0809313,4.68925529426101e-17,2.68174033430188e-08,0.398817964830343,-0.715732420808013,0.327581044644068,-0.171215782292735,3.13839476486169,-0.844241286668263,-2.81738889894858e-14,1.42769001591326e-06
7.92,0.4269669,0.06264848,5.71303065705743e-23,8.07646005436232e-09,0.23336965952042,-0.696317830732983,0.329914741239272,-0.178178960600064,-3.03720580119078,-0.820968826982915,-1.37375519070911e-19,4.38434791766628e-07
7.93,0.4376347,0.04573381,-1.27166502464172e-25,8.48462734151756e-10,0.0801465202948677,-0.662123994459648,0.330716206442221,-0.184800200544661,-2.94022431164696,-0.792561262114921,-2.5428192170929e-23,4.72412275944362e-08
7.94,0.4460201,0.0284328,-2.22721385717022e-25,8.93291791457501e-11,-0.0803044106920936,-0.629130314509041,0.3299131623353,-0.191091503689751,-2.84152508768101,-0.76532434221037,-2.27952806331897e-23,5.1058673744875e-09
7.95,0.4535692,0.01169001,-1.15773253970203e-21,5.24759879295041e-12,-0.234286796708012,-0.589620195296074,0.327570294368219,-0.196987705642712,-2.80691329107274,-0.73601199495485,-1.15794866943029e-19,3.09327401871468e-10
7.96,0.458869,-0.005217732,-1.45006906238754e-16,2.75103424936443e-13,-0.393001566311263,-0.550380141885345,0.323640278705107,-0.202491507061565,-2.70709317645759,-0.707435263364267,-1.42398693624579e-14,1.67642540409802e-11
7.97,0.4643998,-0.02014549,-3.76141661636288e-12,2.83178070246346e-15,-0.534386209105318,-0.493868576058983,0.318296416614054,-0.207430192822155,-2.61983933568499,-0.671660313019154,-3.17947076003853e-10,1.80901872540907e-13
7.98,0.467225,-0.03579825,-5.54185573325951e-08,3.93374069841014e-17,-0.683263085027086,-0.444302902082747,0.311463785763783,-0.211873221842983,-2.53073922778562,-0.639512895069367,-3.909843053339e-06,2.63960832333776e-15
7.99,0.4693983,-0.05003183,-0.000132909146397265,1.37272240202961e-19,-0.820943352726772,-0.383668833595841,0.303254352236515,-0.215709910178941,-2.44942332923136,-0.602377855368597,-0.00825698874332564,9.83960410441605e-18
8,0.4698669,-0.06384712,-0.0574777759642903,2.6544665310857e-22,-0.956134017661796,-0.321581338073067,0.293693012059897,-0.218925723559672,-2.37101360396827,-0.56467070915617,-3.26818944299235,2.05103906112488e-20
8.01,0.4686981,-0.077163,-0.121890605933507,2.89702174702702e-25,-1.08754097106253,-0.257905416161549,0.282817602349272,-0.221504777721287,-2.29580911380234,-0.526185427876489,-6.48099494002871,2.42627620428089e-23
8.02,0.4657901,-0.09017291,-0.129159503739589,2.84295063392174e-28,-1.21540729585902,-0.194804718208122,0.270663529390682,-0.223452824903369,-2.22341678526341,-0.487960330800756,-6.49988746278752,2.57140153783237e-26
8.03,0.461203,-0.1029557,-0.13538780560962,4.8980253239887e-31,-1.33863243837868,-0.133311750869446,0.257277205006895,-0.224785942412063,-2.15392794392633,-0.450516396841041,-6.49999878095301,4.71573109034699e-29
8.04,0.4549755,-0.1158556,-0.140937346566641,4.57305341442062e-33,-1.45641642252508,-0.0765614214580808,0.242713040781644,-0.225551556626644,-2.08725158059965,-0.415674585331924,-6.49999997755032,4.56267653515817e-31
8.05,0.4474596,-0.1288304,-0.145736490798997,4.17261660495172e-34,-1.56546143567767,-0.0241965699430899,0.227058426424867,-0.225793522326075,-2.02384702943072,-0.383308691125476,-6.49999999928426,4.1923766653424e-32
8.06,0.4389398,-0.1420137,-0.149797560287713,3.85260618346204e-34,-1.66336350844389,0.0226861520286938,0.210424791340428,-0.225566660805788,-1.96369741381701,-0.35416888608471,-6.49999999996099,3.85417014711881e-32
8.07,0.429886,-0.1554778,-0.153155472868276,1.77970583995568e-33,-1.74645481466245,0.063623258063302,0.192960243193804,-0.224930428225155,-1.90687343110473,-0.328645920545783,-6.49999999999626,1.78238628020083e-31
8.08,0.4210266,-0.1689081,-0.155861475944338,2.16989081381596e-32,-1.8093302490408,0.101438498456393,0.174866940703396,-0.223916043240591,-1.85351166636282,-0.305005991022495,-6.49999999999931,2.20748736746854e-30
8.09,0.4141916,-0.1813059,-0.157946981190216,9.22599449902683e-31,-1.83803708712901,0.144409621742458,0.156486569832106,-0.222471947023166,-1.80461134621671,-0.277773818600287,-6.49999999999967,9.86717274847624e-29
8.1,0.4054926,-0.1955931,-0.159665003766682,8.01415955486483e-30,-1.86744290094631,0.167611570762219,0.137812140822643,-0.220795831315544,-1.75510753605544,-0.263599562246752,-6.49999999999984,8.97892396801162e-28
8.11,0.399591,-0.2081252,-0.160911233135406,2.76722079221493e-28,-1.85861208840758,0.202720084353437,0.119226019938567,-0.21876863047201,-1.70867699729314,-0.241160628448566,-6.4999999999998,3.48489992433007e-26
8.12,0.3956122,-0.2193729,-0.161782642315491,1.97053770326406e-26,-1.82201696607187,0.244609833483842,0.101005850277848,-0.216322532137171,-1.66340269860728,-0.213626242167455,-6.49999999999944,3.23473243518867e-24
8.13,0.391782,-0.2309068,-0.162316489791504,5.14856397646691e-25,-1.7749149281374,0.279425987229711,0.083256700996474,-0.213528272264874,-1.61762208847925,-0.190628871080753,-6.49999999999786,1.31766127953682e-22
8.14,0.3896503,-0.2412633,-0.162499968926083,8.97136833715445e-24,-1.70564116118232,0.319638421252478,0.0662002893846508,-0.210331888052349,-1.57140559720674,-0.163167623590477,-6.49999999998407,8.95468120721233e-21
8.15,0.3886419,-0.2506814,-0.162316033968367,-7.50658734619787e-22,-1.62127664251001,0.36254579674274,0.0499875229595507,-0.206706430084922,-1.52391243555043,-0.132934357634421,-6.49999999979595,6.87163880066708e-19
8.16,0.3894643,-0.2583286,-0.161722244516964,6.97084046804688e-20,-1.51778490172583,0.414520972453712,0.0348096739422924,-0.202561220360385,-1.47436723284982,-0.0947115619018592,-6.49999999441925,1.03561350921717e-16
8.17,0.391441,-0.2648292,-0.16065083890984,1.0514874305257e-16,-1.40307298823996,0.46928661476236,0.0207789440598928,-0.197868354212761,-1.42202424092838,-0.0528050233510882,-6.49999971389916,1.45011140795535e-14
8.18,0.3942408,-0.2700919,-0.159011020674472,5.36209737978728e-15,-1.28160875802173,0.526985237482045,0.0079628564796755,-0.192598501837941,-1.36626959471575,-0.00669672739828559,-6.49997340995158,1.83672600827873e-12
8.19,0.3983798,-0.2730646,-0.156515536536134,-1.62972059267058e-11,-1.15051337635415,0.595683398604226,-0.00354227728386605,-0.186641667851899,-1.30569658798724,0.050842099812925,-6.49414084258735,3.80578438227712e-10
8.2,0.4032045,-0.2739958,-0.107265471692535,-1.01793120462191e-08,-1.0169084485525,0.671932061198433,-0.013711361769391,-0.179922347239914,-1.23992869487698,0.117810725606135,-4.54399057990602,8.53125398417525e-08
8.21,0.4083244,-0.2727197,-0.000339621990976014,-3.76579732211588e-06,-0.885161202952887,0.755946216417222,-0.0225629737989199,-0.172362885075742,-1.16879464207102,0.195067403914122,-0.0147943053769862,1.93967875472893e-05
8.22,0.4133926,-0.2690045,-1.52920709169804e-07,-0.00121617004115926,-0.758901819874461,0.848410389733267,-0.0301519919976645,-0.163878781178409,-1.09268740205423,0.283630230021737,-6.90745529740972e-06,0.00437161206962645
8.23,0.4177956,-0.2628373,-4.03190417021204e-11,-0.285934038189157,-0.643628829010651,0.948084956648305,-0.036588280287771,-0.154397931611926,-1.01390574079055,0.382347638191405,-1.90422162452469e-09,0.767224929690678
8.24,0.4213419,-0.2540373,-6.81817252464081e-15,-2.93865442308239,-0.540809127774456,1.05516745741345,-0.0419963715655156,-0.143846257037792,-0.934681248836937,0.490564923574732,-3.39148598091246e-13,6.23170694604639
8.25,0.4238289,-0.2425141,-8.97362365676198e-19,-3.70232519635109,-0.451792583047492,1.16903917024506,-0.0465142973959905,-0.132155865335341,-0.858088140851774,0.60605515199701,-4.72441058282633e-17,6.49807930227971
8.26,0.4234091,-0.2299643,-7.51061940411228e-22,-4.26357589725307,-0.391339037421893,1.27430556005094,-0.0504276877702095,-0.119412809734832,-0.797542489343653,0.715573666500197,-4.16269994998927e-20,6.49997153521696
8.27,0.424716,-0.2115693,-3.45141223675004e-26,-4.85555844530483,-0.319123973377247,1.41078601090617,-0.0536189275039819,-0.10530494962577,-0.726389619636321,0.843648863287583,-2.05658246188069e-24,6.49999980965925
8.28,0.4230701,-0.1921763,-2.82559896133481e-29,-5.3203582144114,-0.275352282092406,1.53485087434192,-0.056372450324906,-0.0899564408823509,-0.677158243245744,0.95879633146083,-1.79118955631557e-27,6.49999999703262
8.29,0.4210939,-0.1693326,-1.9964566531493e-32,-5.70605065943982,-0.236247339868014,1.66693169249012,-0.0587349237235861,-0.0732871239574497,-0.632035231621611,1.07128279447724,-1.35653283462131e-30,6.49999999995033
8.3,0.4161465,-0.1458542,-1.62727155679934e-33,-5.98636538667554,-0.223535844736065,1.78215016375101,-0.0609702821709468,-0.0554656223199396,-0.611597229350891,1.17050103537018,-1.14648555022311e-31,6.4999999999982
8.31,0.4107787,-0.11963,-2.38041367899102e-34,-6.19670689146229,-0.213993776133389,1.89853539751292,-0.0631102199322807,-0.0364802683448104,-0.594678516128032,1.26403800872753,-1.73166825797671e-32,6.49999999999992
8.32,0.4034497,-0.09253097,-1.00475048330314e-33,-6.3402053661439,-0.220159298756209,1.99969661511021,-0.0653118129198428,-0.0164833021937084,-0.592700906078799,1.34854697893108,-7.33738780855788e-32,6.49999999999999
8.33,0.393722,-0.06533117,-1.44748420551745e-31,-6.43154345640837,-0.244287806876791,2.07977257850512,-0.0677546909886107,0.00431442359134281,-0.606476283253952,1.42549950518158,-1.02956322884906e-29,6.5
8.34,0.3840035,-0.03639821,-7.16647106919049e-30,-6.48298095398439,-0.264795301824101,2.15341835420704,-0.0704026440068517,0.0258486071334132,-0.615619667881501,1.49839787390644,-5.0121008899577e-28,6.5
8.35,0.3712611,-0.008683078,-8.75902063794447e-27,-6.49994952090104,-0.306903902394952,2.19624340622865,-0.0734716830308012,0.0478110411956997,-0.641043604358677,1.56685426957852,-5.8627154707513e-25,6.5
8.36,0.3581431,0.01961369,-3.28035526291133e-24,-6.4873241451954,-0.346621607324908,2.22534098613488,-0.0769378991040503,0.0700644510570485,-0.661276785800543,1.63327418036894,-2.12745741272399e-22,6.5
8.37,0.3439387,0.04766803,-1.02028126535199e-21,-6.44697210402394,-0.389729942998627,2.23480714246949,-0.0808351985340365,0.0924125224817434,-0.681057140836377,1.69865044032712,-6.43311209352122e-20,6.5
8.38,0.3287192,0.07530753,-2.28520499003264e-19,-6.37898245552554,-0.435046759655751,2.22474468131629,-0.0851856661305941,0.114659969294906,-0.699312168007799,1.76411176165779,-1.40672191235902e-17,6.5
8.39,0.3128545,0.1025046,-2.65914037493793e-17,-6.2820038304998,-0.479002941603133,2.19657911269504,-0.0899756955466254,0.136625760421857,-0.713751516034558,1.83057896735808,-1.60807662819176e-15,6.5
8.4,0.2967234,0.1293702,-1.32864860072641e-15,-6.15396468912148,-0.518260701817612,2.15288490560224,-0.0951583025648015,0.158154609477879,-0.722850225726194,1.89863941821681,-7.94925210351175e-14,6.5
8.41,0.2799603,0.1554505,-4.37790479197478e-14,-5.99021640951105,-0.55594262381033,2.0914689419001,-0.100717728802905,0.17906929889688,-0.729179977335892,1.96956812018959,-2.60039034768062e-12,6.5
8.42,0.2627772,0.1808925,-8.65882223778123e-13,-5.78669694709476,-0.590152114981107,2.01539979336138,-0.106619249952716,0.199223296830494,-0.732047963590245,2.04375873643776,-5.12660597150796e-11,6.5
8.43,0.2460045,0.2060014,-6.44858088321202e-12,-5.54118226562426,-0.614064244054347,1.92890388867407,-0.112759892393259,0.218512335717235,-0.728294196810349,2.12092744755557,-3.83417585120874e-10,6.49999999999997
8.44,0.2297919,0.2308318,-1.92912818122915e-11,-5.25146533835366,-0.627113728005744,1.83385586863272,-0.119031029673317,0.236850894403562,-0.718451385507936,2.20099524226551,-1.16012638884383e-09,6.49999999999971
8.45,0.2130547,0.2545227,-5.19408757491856e-11,-4.90434146042618,-0.639049471748429,1.72447829394285,-0.125421524390801,0.25409567734299,-0.708185305801972,2.28659544716021,-3.16226819491192e-09,6.49999999999442
8.46,0.1963258,0.2773345,-9.09944914652103e-11,-4.49850166792389,-0.645463633994733,1.60482511438435,-0.131876160730748,0.270143928486834,-0.695298696564842,2.37706834805284,-5.63018221365414e-09,6.49999999982696
8.47,0.1795633,0.2990687,-1.1131775565808e-10,-4.02864486925745,-0.647097285168718,1.47490072602862,-0.138347133582436,0.28489293574712,-0.680387929201021,2.47304159832959,-7.025266376464e-09,6.49999999051476
8.48,0.1627295,0.3195726,-1.00582473649865e-10,-3.49165837596316,-0.644627149688493,1.33515695990294,-0.144793405079321,0.298244505346149,-0.663941494587747,2.57483693320437,-6.49756582266294e-09,6.4999989822929
8.49,0.14579,0.3386775,-7.03035635328958e-11,-2.882014096724,-0.638676850739303,1.18594470133135,-0.151180173586714,0.310103952359463,-0.64636881149633,2.68261274622897,-4.66538413622632e-09,6.49975362275169
8.5,0.128985,0.3566928,-3.3335582694995e-11,-2.16393914834447,-0.62757282977485,1.03159949036435,-0.157455901884462,0.320419947263106,-0.626877462592455,2.7936991116418,-2.28524022046048e-09,6.36562689816258
8.51,0.1120044,0.3727228,-1.337598871758e-11,-0.0319195589403262,-0.614359073096924,0.866185604463396,-0.163599492615431,0.32908180330774,-0.607084053808845,2.91141490723728,-9.50322854455367e-10,0.140553471888225
8.52,0.0949126,0.3870136,-4.41106974987918e-12,-1.5949572226331e-06,-0.598750362778556,0.693760983552785,-0.169586996243217,0.336019413143268,-0.586842280506375,3.03246744341686,-3.25857965955107e-10,1.45034885021195e-05
8.53,0.07768381,0.399444,-1.23229425935528e-12,1.17678875858045e-12,-0.581246263710309,0.515067726516882,-0.17539945888032,0.341170090408437,-0.566406583906115,-3.12796429055303,-9.48758468655608e-11,2.2684745989754e-10
8.54,0.06046161,0.4101304,-2.67877645605955e-13,-6.90660066597284e-19,-0.56091968864488,0.332791921754662,-0.181008655766769,0.344498009625984,-0.545285862659992,-3.00664710927996,-2.15527850567427e-11,6.74741368251224e-16
8.55,0.04356902,0.4191377,-3.66541369484356e-14,3.48009307750879e-23,-0.535458721902817,0.148999742977963,-0.186363242985797,0.345988007055763,-0.522271584794589,-2.88930251972006,-3.09498075881667e-12,4.10329852886205e-21
8.56,0.02619479,0.4255824,-5.72357673227971e-15,7.92890836104712e-25,-0.512137774749302,-0.0422294259806861,-0.19148462073329,0.345565712795956,-0.501159708853505,-2.7732218385548,-5.04580352884401e-13,7.95038281483882e-23
8.57,0.01010145,0.4313278,-2.78716182632143e-16,4.03514904885483e-21,-0.476377354521087,-0.22359845178115,-0.196248394278501,0.343329728278145,-0.47421629530202,-2.50862481124342,-2.58483709290915e-14,2.73742454746667e-19
8.58,-0.005474819,0.4353948,-7.49316382404173e-18,1.29259637198268e-15,-0.435734439751361,-0.402767032614776,-0.200605738676014,0.339302057951997,-0.445418590224927,-2.41899652124446,-7.26385007889196e-16,7.73582774156704e-14
8.59,-0.0204668,0.4377657,-1.04327049810061e-19,2.05204837062829e-10,-0.39031962265739,-0.57884054114681,-0.204508934902588,0.333513652540529,-0.414733148275181,-2.3374372467445,-1.04148215443777e-17,1.13054274684783e-08
8.6,-0.03478821,0.4384421,-6.90482197017529e-22,5.64076696708347e-06,-0.340111131806143,-0.750856422837849,-0.20791004622065,0.32600508831215,-0.382028497570829,-2.26305301491327,-6.93679739605678e-20,0.000292288730367262
8.61,-0.04849886,0.4373693,-2.27781541110964e-24,0.0251560072778217,-0.286328913339535,-0.918420057723115,-0.210773335354045,0.316820887734919,-0.347845232011241,-2.19479017371689,-2.27729185410886e-22,1.24087527129789
8.62,-0.06151662,0.4346934,-3.70025584752802e-27,0.13681966602354,-0.228946895753442,-1.07954170606061,-0.21306280431158,0.306025470674313,-0.312018458982505,-2.13215606614272,-3.73908759173414e-25,6.47956526756515
8.63,-0.07388975,0.4305462,-4.09842297578272e-30,0.141938905594986,-0.16904374510311,-1.23255309349714,-0.214753241762611,0.293699939739342,-0.275008600546025,-2.07453213725602,-4.41737463248246e-28,6.49995290092755
8.64,-0.08544179,0.4254131,-5.47385491269495e-33,0.145876987249226,-0.105773186767941,-1.37305783910815,-0.21581097363029,0.27996936134826,-0.236145497866852,-2.02188213144849,-7.14551368444661e-31,6.49999969366474
8.65,-0.09654565,0.4195898,-4.40553775041443e-35,0.149161774677304,-0.0429170215600365,-1.49867357693003,-0.21624014384589,0.26498262557896,-0.197522299180535,-1.97363248983005,-9.53220309349473e-33,6.49999999506448
8.66,-0.1066476,0.4143166,-1.74366756943145e-36,0.151820914863064,0.0237035192977153,-1.59951375900633,-0.216003108652913,0.248987487988897,-0.156434353945046,-1.93044519661797,-4.63317737316276e-33,6.49999999977428
8.67,-0.1169224,0.4081103,1.13304728727181e-34,0.154092372218694,0.0836314808450851,-1.68916340911118,-0.215166793844462,0.232095853897785,-0.119210554644962,-1.88935800694191,-9.53355235925853e-32,6.49999999998316
8.68,-0.1265087,0.4031159,-6.6182788622924e-32,0.155925093655754,0.144120560113063,-1.75020797146463,-0.213725588243332,0.214593774183139,-0.0812432556142102,-1.85214157154849,-2.37237803410246e-29,6.49999999999686
8.69,-0.1357243,0.3990206,-1.08165196313938e-28,0.1574329310665,0.20208993680675,-1.78715715908789,-0.211704688875264,0.19672220259226,-0.0443643637185294,-1.81753761157606,-1.35601961163649e-26,6.49999999999881
8.7,-0.1445806,0.3958468,-2.51631761003678e-26,0.158678393316424,0.257260101551886,-1.80154740675972,-0.209132087859745,0.178706728524663,-0.00866870446306838,-1.78491322910301,-6.91403523541465e-24,6.49999999999916
8.71,-0.1530977,0.3934958,3.7280815596233e-23,0.159708367359264,0.309320341592301,-1.79594341539234,-0.206038884443822,0.160747294370739,0.0257171272971093,-1.75368794884768,-2.09025740428295e-21,6.49999999999897
8.72,-0.1612968,0.3919524,1.7074193902043e-20,0.160552968177974,0.357997813680715,-1.7721503758922,-0.202458906307015,0.143025790611817,0.0586776697490191,-1.72346319681417,-3.31012631315511e-19,6.49999999999792
8.73,-0.1691136,0.3911851,2.61473983374718e-18,0.161233008184631,0.403769120008398,-1.73208256678402,-0.198421215106931,0.125704964943977,0.0905910408380682,-1.6939040180883,-2.93901536489306e-17,6.49999999999328
8.74,-0.1764675,0.3911136,2.00710768773226e-16,0.161762299583089,0.447227665611315,-1.67801371242981,-0.193948938450818,0.108924827819679,0.121925593980671,-1.66470756774645,-1.6232638397834e-15,6.49999999996631
8.75,-0.1832583,0.3918101,9.65087902830809e-15,0.162147708417768,0.489092460906097,-1.61086911991648,-0.189058013841757,0.0928161366205139,0.153254407920082,-1.63568111440837,-6.22915213827641e-14,6.49999999973459
8.76,-0.1894214,0.3930041,3.28321195534887e-13,0.162393091000191,0.52974085207455,-1.53441564993429,-0.183760605321012,0.0774719801211711,0.184936544628991,-1.60653554287899,-1.77724157433681e-12,6.49999999692305
8.77,-0.1948597,0.3946908,8.77615287007262e-12,0.162496658654473,0.569796297291699,-1.44998283482012,-0.178062642348095,0.0629721517729699,0.217524018924058,-1.57711302534008,-4.07912916043285e-11,6.49999994699569
8.78,-0.1992559,0.3967043,2.28798377368714e-10,0.162453563533502,0.611647120571106,-1.36017327829298,-0.171946171142384,0.0493704189900401,0.252870896930957,-1.54725121489293,-9.19987539221069e-10,6.49999868505871
8.79,-0.2023562,0.3989188,6.51526310913821e-09,0.162255209130272,0.656948951000015,-1.26708214580311,-0.165376681632383,0.036699597532009,0.292398954719631,-1.51683997404999,-2.27303957238847e-08,6.49995391419006
8.8,-0.2038165,0.401123,2.29919514472263e-07,0.16184202984032,0.707939289500619,-1.1733583356083,-0.158297288737377,0.0249660141759259,0.338011854937741,-1.48583052849261,-6.95710589800038e-07,6.49783069344835
8.81,-0.2034999,0.4029988,9.70142653977597e-06,0.158345160661788,0.764921795420905,-1.08231799594999,-0.150648070783168,0.0141428342164261,0.390224195714112,-1.45429393140391,-2.55230467819433e-05,6.37835041074477
8.82,-0.2007506,0.4046267,0.000607519567629038,0.0677481747627988,0.83240980459027,-0.993694675470571,-0.142323972737265,0.00420588746172035,0.452498795026897,-1.42225513607136,-0.00138844416134957,2.74102165033521
8.83,-0.1956093,0.4054777,0.0455828427902287,0.00160409301256434,0.908730650810696,-0.912253869560975,-0.133236666229159,-0.0049166512338894,0.523603395266762,-1.39012998709924,-0.091089861299364,0.0652577714155696
8.84,-0.1877332,0.4054782,1.98706931754866,2.39921573627515e-05,0.995445460052586,-0.838561130148518,-0.123282211628633,-0.0133022625353746,0.604180474306344,-1.3582167630338,-3.49699311337849,0.000982462329252664
8.85,-0.1768828,0.404762,4.11743073019815,3.70318774325512e-07,1.09306414450641,-0.77136988429212,-0.112351570183569,-0.0210159613782958,0.693507651081069,-1.32665326049651,-6.44210517808838,1.52792701317846e-05
8.86,-0.162171,0.4040049,4.63030222532123,4.17830664453899e-09,1.2073117289234,-0.705024212875028,-0.100278452894335,-0.028066203507046,0.793062997806442,-1.29485414614514,-6.49955611891626,1.73903166377343e-07
8.87,-0.1456657,0.4010847,5.05050066773875,1.29159221487671e-10,1.31898170826516,-0.657393376674091,-0.0870886358116829,-0.034640137273787,0.889928807540015,-1.26597543446336,-6.49999432790371,5.4235545521683e-09
8.88,-0.1252268,0.3981982,5.43802798160039,2.94989210445096e-12,1.44513286935922,-0.609140838999212,-0.0726373071180907,-0.0407315456637791,0.991033410200705,-1.23698005517327,-6.49999993832221,1.25094062251151e-10
8.89,-0.1014991,0.3948738,5.76443548594396,6.88749600738219e-14,1.57837457416578,-0.564523323130846,-0.056853561376433,-0.0463767788950875,1.09036959772273,-1.20879350493597,-6.49999999922673,2.95146512637986e-12
8.9,-0.0761607,0.389712,6.01492112055154,4.98980850155917e-15,1.70336943734166,-0.535066776922124,-0.0398198670030163,-0.0517274466643088,1.18193237282968,-1.18437361554888,-6.49999999998256,2.15930694955968e-13
8.91,-0.04963478,0.3827865,6.20060737559713,1.1619774615352e-15,1.81643407569697,-0.519100825338672,-0.0216555262460467,-0.0569184549176955,1.26603232104483,-1.16372483795023,-6.49999999999929,5.07289530794334e-14
8.92,-0.02035923,0.3757598,6.33689807856033,2.31333479582274e-16,1.93061441532123,-0.501910800577261,-0.00234938209283431,-0.0619375629234681,1.34624922047222,-1.14308563907426,-6.49999999999997,1.01937670261816e-14
8.93,0.00831377,0.3659643,6.4252971967891,3.53369512765799e-16,2.01741319056785,-0.50567163981946,0.0178247498128442,-0.0669942793216627,1.4190032517012,-1.12871010601543,-6.5,1.56770211016182e-14
8.94,0.03813529,0.3552791,6.47778474962836,7.71242503778655e-16,2.09287970590967,-0.513137291598214,0.0387535468719409,-0.0721256522376449,1.48807523633883,-1.11555235479752,-6.5,3.44354233856961e-14
8.95,0.06762955,0.3430292,6.49905043187341,3.83279630761693e-15,2.14525472003243,-0.529493304394539,0.0602060940722653,-0.0774205852815903,1.55369872495499,-1.10504513634575,-6.5,1.72033287866522e-13
8.96,0.09685729,0.3295952,6.49297406974225,2.8158155157262e-14,2.17655213776872,-0.550742108054689,0.0819716154499524,-0.0829280063621371,1.61730756551051,-1.09584155461495,-6.5,1.2698298101817e-12
8.97,0.1250649,0.3145219,6.46122213854368,3.82032928530055e-13,2.18206073713303,-0.580064897027214,0.103792222821283,-0.0887286553324093,1.68011011148488,-1.08871541041945,-6.5,1.72923628953325e-11
8.98,0.1522263,0.298208,6.40357337690573,6.2492684603313e-12,2.16362053033648,-0.613294574398937,0.125428428124648,-0.0948616010763987,1.7433019881477,-1.08224886516829,-6.5,2.83836166124517e-10
8.99,0.1785679,0.2812428,6.31854761628039,7.88876143730227e-11,2.12516311990684,-0.645013778544451,0.146680059323716,-0.101311738861843,1.80769470250342,-1.07485512280405,-6.5,3.59725274728891e-09
9,0.203754,0.2633447,6.20291094601343,9.29534155062982e-10,2.06580409827402,-0.677428694869782,0.167338100306456,-0.108086025810541,1.87437655759846,-1.06723660205423,-6.5,4.25629830246796e-08
9.01,0.2283522,0.2457738,6.05422763822884,4.90080453231041e-09,1.99231238367301,-0.699875158589796,0.187261224143186,-0.115084777396439,1.94338150873886,-1.05653334180117,-6.49999999999999,2.25745080092204e-07
9.02,0.2518634,0.2282067,5.86674347693785,1.56354575324784e-08,1.90221529913838,-0.715662963802648,0.20628337713457,-0.122241407034465,2.01596327988229,-1.04393120344604,-6.49999999999995,7.25399632003605e-07
9.03,0.2744002,0.2103034,5.6355208983191,3.87472919876065e-08,1.79839340419742,-0.72801030231896,0.224267311176544,-0.129521510057655,2.0925105244931,-1.03046005084258,-6.4999999999992,1.81186539093123e-06
9.04,0.2960723,0.1924471,5.35598543065713,6.21483851823539e-08,1.68355801178755,-0.733946611319952,0.24110289129442,-0.136860976170855,2.17319661485351,-1.01535280240416,-6.4999999999809,2.93260728730546e-06
9.05,0.3168645,0.1747182,5.02324586162801,6.45593398907068e-08,1.55924732089214,-0.733278200235832,0.256695364503341,-0.144193758173213,2.2582907641803,-0.998630761788334,-6.49999999924696,3.07803854780893e-06
9.06,0.3367667,0.1570962,4.63356999471429,4.5616194646679e-08,1.42697901545661,-0.726703005794077,0.270965154657907,-0.151460788231154,2.34788285337538,-0.980541624161746,-6.49999994901517,2.20011118415815e-06
9.07,0.3556711,0.1395167,4.18362499703785,2.33671837520857e-08,1.28739804162854,-0.715262885825291,0.283839135074193,-0.158613417089407,2.44222213323687,-0.961411100076653,-6.49999351472085,1.14130296341173e-06
9.08,0.37349,0.1219308,3.6715131671538,9.10155753410746e-09,1.14131034917209,-0.699817566149383,0.295252238565913,-0.1656115927509,2.54134202658194,-0.941498499237646,-6.49826508879611,4.50593332536383e-07
9.09,0.3900889,0.1042617,2.62979326434072,2.86087737324557e-09,0.989117389821224,-0.681415889943569,0.305143412464126,-0.172425751650336,2.64528980821547,-0.92112055496627,-5.51759058039518,1.4367041556751e-07
9.1,0.4054024,0.08655865,0.00679094719326152,7.13723234407571e-10,0.831798072580646,-0.660000286304761,0.313461393189932,-0.179025754513384,2.75356694473003,-0.900240707189803,-0.017963716175702,3.63873745532012e-08
9.11,0.4192809,0.06874055,5.90567254914413e-07,1.50043189660668e-10,0.669594027022367,-0.636612331729641,0.320157333460156,-0.18539187783068,2.8658287549788,-0.879183905099917,-2.18214017170444e-06,7.77100024778025e-09
9.12,0.4322005,0.05134447,1.1216981647668e-11,1.92646893691818e-11,0.507910635424913,-0.607139067583788,0.325236439814405,-0.191463268506518,2.97802962244534,-0.856509597940666,-6.8084267718141e-11,1.01551496371066e-09
9.13,0.4424703,0.03299235,7.74278382071724e-18,3.66658123643099e-12,0.33387984142113,-0.583588396327709,0.328575238228616,-0.197299152469795,3.09811832836272,-0.836416542932602,-2.21656945719596e-16,1.96460715436319e-10
9.14,0.4525916,0.01597858,-1.04085897555074e-23,2.30995272529446e-13,0.17026152400588,-0.546756258571609,0.330277853468675,-0.202766715055511,-3.07335248400251,-0.811940774136982,-2.06818271384698e-21,1.26385793029178e-11
9.15,0.4603813,-0.001400956,-1.75125081802735e-26,1.53087832603312e-14,-0.000655278183096186,-0.511971316330005,0.330271300686844,-0.207886428218811,-2.95876208625679,-0.788674825778484,-5.70818364081445e-24,8.55460443698837e-13
9.16,0.4658752,-0.01922539,-2.51818661933943e-23,1.15446708344306e-15,-0.176822795170594,-0.479933568519236,0.328503072735138,-0.212685763904004,-2.77165400527486,-0.766909452671822,-2.52568160747935e-21,6.58824069620126e-14
9.17,0.4709253,-0.03555435,-3.21360340434826e-18,2.33950307586706e-17,-0.341381949496267,-0.434668902644301,0.325089253240176,-0.217032452930447,-2.67903916805886,-0.740260273886462,-3.03892176666928e-16,1.37265049454672e-15
9.18,0.4744585,-0.05127468,-4.80499516696155e-13,2.43322855280065e-19,-0.502999224613902,-0.384843193770639,0.320059260994037,-0.220880884868153,-2.59081997023726,-0.712020736183258,-3.82171886307489e-11,1.47452083118468e-17
9.19,0.4768066,-0.06594222,-1.30675274009254e-08,8.81744041736959e-22,-0.65808774972858,-0.327503598398653,0.313478383496751,-0.224155920852139,-2.5082404299121,-0.680732263103136,-8.85917535205435e-07,5.56206935820955e-20
9.2,0.4769911,-0.0804446,-9.90539468087758e-05,2.54294686217158e-24,-0.814177852726683,-0.270938564998801,0.305336604969484,-0.226865306502127,-2.42743070744913,-0.64985946470938,-0.00598720468391253,1.67822711334392e-22
9.21,0.4758146,-0.09392329,-0.0695223020406661,3.22300686844551e-27,-0.963520195672512,-0.20840035301584,0.295701403012759,-0.228949310032286,-2.35134539843776,-0.616165635686998,-3.87923246028063,2.25188216040125e-25
9.22,0.4730451,-0.106624,-0.123767828803292,3.90704141981309e-30,-1.10755477036527,-0.142813673241267,0.284625855309106,-0.230377446764699,-2.27882277929729,-0.580768389801826,-6.49206097597874,2.92140938243474e-28
9.23,0.4685525,-0.1186185,-0.130461876917433,1.58057461562376e-32,-1.2467999612586,-0.0754561947267547,0.27215785569652,-0.231132008711966,-2.20923810084853,-0.544089695462553,-6.49996706304471,1.27489306631475e-30
9.24,0.4625821,-0.1302898,-0.136334036294839,1.2491972309126e-33,-1.37867471679122,-0.0100700496381059,0.258371108528608,-0.231232709208347,-2.14294014508513,-0.507970111586517,-6.49999970822573,1.08629750425787e-31
9.25,0.4552227,-0.1415126,-0.141535376337087,3.77352877328212e-33,-1.5021441684243,0.0540963225383351,0.243349666844365,-0.230691745982964,-2.07969395949353,-0.471969078756046,-6.49999999503337,3.51324668800313e-31
9.26,0.446888,-0.1524505,-0.14602616104709,2.04280411063993e-31,-1.61364264955778,0.115369189688167,0.227213240348787,-0.229538054086082,-2.01978815106319,-0.437019648023468,-6.49999999983805,2.00052782424601e-29
9.27,0.438174,-0.1628427,-0.149809800228455,5.7144284960034e-29,-1.70847815242382,0.175716488272162,0.210128458824549,-0.227780889203361,-1.96350394365601,-0.401933753434038,-6.49999999998954,5.73429735354497e-27
9.28,0.4298401,-0.1730412,-0.152926414784776,2.00410967839961e-26,-1.78111385000971,0.231916915374001,0.192317320324452,-0.225461720049621,-1.91102697993507,-0.368686144849919,-6.49999999999858,2.00964639157751e-24
9.29,0.421226,-0.183202,-0.155529349686945,4.13219723839425e-24,-1.8382957489061,0.282649882160229,0.173934362835391,-0.222635221228018,-1.86056356289836,-0.338244505039017,-6.49999999999969,4.13128511828221e-22
9.3,0.411943,-0.1942372,-0.157689135867481,1.88783990955157e-22,-1.8840848741056,0.320528078533215,0.155093514094335,-0.219429940442686,-1.81117969652563,-0.315821780585114,-6.4999999999999,1.90222886409931e-20
9.31,0.4052491,-0.2034753,-0.159341476731272,2.02193072039998e-20,-1.8922978804512,0.368306149182096,0.136170535289823,-0.215746878950865,-1.76537670359514,-0.285947725553269,-6.49999999999992,2.12027587287821e-18
9.32,0.3997252,-0.2122125,-0.160618424215148,1.34457918639883e-18,-1.87762341422011,0.414196952563493,0.117394301147621,-0.21160490942523,-1.72086964829461,-0.256514536376581,-6.49999999999988,1.55281907314124e-16
9.33,0.3952965,-0.2202936,-0.161557070810048,5.962878995129e-17,-1.84264718943704,0.459321106385161,0.0989678292532511,-0.207011698361379,-1.67698141129544,-0.226639749583546,-6.49999999999968,8.44258051177678e-15
9.34,0.391904,-0.2278164,-0.162174624929559,1.44810100808452e-15,-1.78975047170199,0.50263151438805,0.0810703245362311,-0.201985383217498,-1.63315228670803,-0.197021637552933,-6.49999999999858,3.16787453890194e-13
9.35,0.3895367,-0.2347734,-0.16247255166504,1.22613912283195e-14,-1.72085031469244,0.544044793469698,0.0638618213893067,-0.196544935282801,-1.58890467367106,-0.167673430160126,-6.49999999998975,8.44378371419956e-12
9.36,0.3883518,-0.2410935,-0.162439015853746,-1.52337828310787e-13,-1.63643097153902,0.584020818918685,0.0474975116739165,-0.190704727093614,-1.54380423547891,-0.138160752457931,-6.49999999987151,1.71537514082586e-10
9.37,0.3880657,-0.246618,-0.162048795403615,-1.94977121042023e-12,-1.54067046371725,0.623706602370788,0.032090807036744,-0.184467661069906,-1.49736179371495,-0.107402981230116,-6.49999999735323,2.96759151454678e-09
9.38,0.3889101,-0.2512565,-0.16126133909423,1.7950461423955e-10,-1.43324338274886,0.663598777232195,0.0177583732092553,-0.177831673297584,-1.4490747636741,-0.0747542128780556,-6.49999990108791,4.58325927838789e-08
9.39,0.3909616,-0.254646,-0.160016413455243,6.23639480403825e-09,-1.31520825684346,0.706385939423225,0.00460629064082078,-0.170767813903352,-1.39832682405767,-0.0374489778513335,-6.49999270452866,7.6154609599974e-07
9.4,0.3932904,-0.2572576,-0.158238487054424,-4.47404518549048e-09,-1.19588107517573,0.747668286264808,-0.00735252011093654,-0.163291131040704,-1.34518186859209,0.000885042573149146,-6.49915268152987,1.00988430541876e-05
9.41,0.396277,-0.2580915,-0.151473895629558,-7.16984074169533e-06,-1.07305006535376,0.795492239033353,-0.0180830207644742,-0.155336208650371,-1.2889612829099,0.0484567991061177,-6.3153640825098,0.000178237256073907
9.42,0.3994904,-0.257242,-0.0119117157292611,-0.000380363673505275,-0.951380117834279,0.848215077743152,-0.027596821942817,-0.146854057872939,-1.22983283061175,0.104700432811629,-0.506431524302314,0.00361941588283749
9.43,0.4028147,-0.2545961,-1.63807639624245e-05,-0.0140092174335455,-0.832551272557531,0.905995093915195,-0.0359223346683923,-0.137794106933787,-1.16785731308354,0.170797350042245,-0.000713853915890718,0.0816591301342483
9.44,0.405607,-0.2499171,-1.37667779382449e-08,-0.399760478087774,-0.722418447277393,0.969958084400099,-0.0431465191411662,-0.128094526089786,-1.10465464715646,0.24894715336588,-6.18037663401375e-07,1.6320076084605
9.45,0.4078029,-0.2430775,-7.71706128644203e-12,-1.9617915718432,-0.621539274561044,1.04019621612145,-0.0493619118867766,-0.117692563928572,-1.04118445491484,0.340039254227169,-3.58598345721031e-10,5.90146962311732
9.46,0.4092105,-0.2339778,-3.2725973449106e-15,-2.78508271310101,-0.531407358972924,1.11652132724819,-0.0546759854765059,-0.10652735065609,-0.979096780565643,0.444009134467557,-1.57988376618474e-13,6.47911779003323
9.47,0.4096511,-0.2225631,-1.29016811531737e-18,-3.45061650956839,-0.45321269239225,1.19835056619246,-0.0592081124004284,-0.0945438449941652,-0.9203383507936,0.559319875054585,-6.48270269030884e-17,6.49934490541272
9.48,0.408948,-0.2088449,-6.55459859577098e-22,-4.10013118851521,-0.387946165851778,1.28456775668734,-0.0630875740589461,-0.0816981674272917,-0.867011817569897,0.682677524992272,-3.42672607829529e-20,6.49997855962196
9.49,0.4072442,-0.1926396,-4.71973646266824e-25,-4.71299599146067,-0.333803807981275,1.37571345012868,-0.0664256121387589,-0.0679410329260049,-0.819562491471857,0.811276844401814,-2.5652408760861e-23,6.49999927545479
9.5,0.4042621,-0.1742466,-9.17922775489077e-28,-5.24321607456823,-0.292507507278319,1.46829144875988,-0.0693506872115421,-0.0532581184384061,-0.780227356895396,0.938448917930479,-5.17058393197848e-26,6.49999997129057
9.51,0.4007313,-0.1532783,-2.42199783224475e-30,-5.67866768797503,-0.257280514010433,1.56471348309108,-0.0719234923516464,-0.0376109836074953,-0.74533098959215,1.0625581865011,-1.41330381415831e-28,6.49999999878409
9.52,0.3957575,-0.1305272,-4.34352511265243e-32,-6.00301980305482,-0.235190390572071,1.65749008441148,-0.0742753962573671,-0.0210360827633804,-0.720192162029326,1.17712981161471,-2.60675665887107e-30,6.49999999993104
9.53,0.3889786,-0.106777,-1.27851113644723e-32,-6.22750074491238,-0.228262984097201,1.73984339818748,-0.0765580260983391,-0.00363764878150566,-0.706517944015129,1.28014352905011,-7.79977502916525e-31,6.49999999999387
9.54,0.38054,-0.08225219,-4.5998614659685e-32,-6.37399042802322,-0.234091479690663,1.81020526287862,-0.0788989408952458,0.0144644038472805,-0.702279889837821,1.37352132533781,-2.82101825893206e-30,6.49999999999916
9.55,0.3714373,-0.05622956,-3.09029566059319e-31,-6.46046868910441,-0.243405922152699,1.87498611799195,-0.0813330001167728,0.0332142650272,-0.700368215456435,1.4604246058379,-1.89978200985543e-29,6.49999999999986
9.56,0.3602813,-0.03053464,-2.48931713137539e-29,-6.49703335517912,-0.267234451750859,1.91921712016489,-0.0840053446342814,0.0524064362288489,-0.708008045969476,1.54057481754219,-1.51587645125744e-27,6.49999999999996
9.57,0.3489284,-0.003723131,-1.0342833823645e-27,-6.49307905101662,-0.288985989605859,1.95609294186227,-0.0868952045303399,0.0719673656474717,-0.713101802764142,1.6169587106342,-6.25955020047497e-26,6.49999999999998
9.58,0.3353996,0.02211092,-2.68985264172724e-25,-6.45301763991079,-0.324891019308446,1.96878098258348,-0.0901441147234244,0.0916551754733065,-0.726087014238411,1.69113249769708,-1.60334858949803e-23,6.49999999999999
9.59,0.3219445,0.04844633,-1.94476829494221e-23,-6.37890825797477,-0.355087428266865,1.97126719167828,-0.093694989006093,0.111367847390089,-0.733651439307462,1.76417119956701,-1.14937516663649e-21,6.49999999999999
9.6,0.3077462,0.07455864,-1.18521024459576e-21,-6.27008538739056,-0.386520556611831,1.95840783907551,-0.0975601945722114,0.130951925780844,-0.740511739765187,1.83762707966174,-6.95205212181836e-20,6.49999999999999
9.61,0.2930613,0.1003852,-4.66993707612806e-20,-6.12411714523698,-0.416756259916065,1.9310064832371,-0.101727757171372,0.150261990613215,-0.745307565058833,1.91261864728846,-2.7251077939843e-18,6.49999999999997
9.62,0.2779615,0.1256769,-1.17801186402038e-18,-5.93593087305953,-0.445085553034174,1.88837030544477,-0.106178612701714,0.169145693667663,-0.747872595089402,1.99056085751619,-6.85545713589309e-17,6.49999999999992
9.63,0.2631958,0.1511572,-1.08030593479737e-17,-5.70635738353217,-0.465320974069739,1.83793503095326,-0.110831822442411,0.187525043977196,-0.745219428263228,2.0702113415653,-6.3046408116462e-16,6.4999999999997
9.64,0.2478083,0.1756374,-9.27769026971252e-17,-5.42024455571575,-0.485805618760093,1.77091573927046,-0.115689878630012,0.2052342013699,-0.742241549451348,2.1555319414984,-5.43179706789863e-15,6.49999999999819
9.65,0.2323848,0.1997094,-4.68049146420221e-16,-5.07741058200193,-0.501564471341895,1.69394305307311,-0.120705523343431,0.222173631900631,-0.736460801078142,2.24506914649704,-2.75761903646971e-14,6.49999999998477
9.66,0.2178858,0.2236734,-7.15394163195398e-16,-4.68095629672457,-0.504999744147943,1.61078387907823,-0.12575552078491,0.238281470691414,-0.724367916279251,2.33744038325374,-4.27268737862693e-14,6.49999999983172
9.67,0.2027293,0.2464867,-1.26868247807428e-15,-4.20818771092601,-0.510036339890648,1.51394050741931,-0.130855884183817,0.253420875765607,-0.713389375673282,2.43726882392806,-7.67550164041477e-14,6.49999999678312
9.68,0.1874309,0.2683356,-1.73383605849723e-15,-3.66104659488076,-0.512272321717697,1.40668497043908,-0.135978607400994,0.267487725469997,-0.701279695940254,2.54348469413184,-1.06466672193484e-13,6.49999989590905
9.69,0.1719737,0.2890725,-1.89419655488767e-15,-3.0353074974417,-0.512043763389581,1.289361039491,-0.14109904503489,0.280381335864907,-0.688290576100628,2.65622424397823,-1.18278048168727e-13,6.49999379795841
9.7,0.1563001,0.308528,-1.76113513452244e-15,-2.32327517989155,-0.510009371485866,1.16217184764486,-0.146199138749748,0.292003054341356,-0.674808957494024,2.77531254603391,-1.12007331897416e-13,6.4992331900062
9.71,0.1404012,0.3265483,-1.4221540512345e-15,-1.4942737538539,-0.506388788193599,1.02550001350913,-0.151263026631684,0.302258054476447,-0.66097825221531,2.89991435921803,-9.22740699367139e-14,6.27789353025492
9.72,0.1242406,0.3429894,-1.03724386865464e-15,-0.0227136904441679,-0.501617132008908,0.879842024533268,-0.156279197951773,0.31105647472178,-0.6470368118534,3.02850775378333,-6.87589536410427e-14,0.1987739768071
9.73,0.1078317,0.3577817,-6.82498929846272e-16,3.6034014641654e-07,-0.495694636241979,0.726326226488574,-0.161236144314193,0.318319736986666,-0.632994985717827,-3.12466041575052,-4.62982496771971e-14,5.98489213831033e-05
9.74,0.09142424,0.3710134,-3.38135814007997e-16,-1.97439454678023e-12,-0.486694963401725,0.567333154438042,-0.16610309394821,0.323993068531046,-0.617913642237245,-2.997019720452,-2.35507396975737e-14,3.71108464660596e-09
9.75,0.07538322,0.3831787,-9.69257848069537e-17,5.3127404982127e-16,-0.471926127089077,0.408412543411799,-0.170822355219101,0.328077193965164,-0.600504324588163,-2.87753979972912,-6.97240305122405e-15,5.94180845266024e-14
9.76,0.05815607,0.3921167,-5.60547882166524e-17,1.39156737574869e-21,-0.464649015776061,0.232922640386128,-0.175468845376862,0.330406420369026,-0.587403354013483,-2.75501060077351,-4.13632822348202e-15,1.39840768445173e-19
9.77,0.04202077,0.400511,-1.0412206504649e-17,1.87073513078956e-25,-0.445640418509715,0.0653603628115746,-0.179925249561959,0.331060023997141,-0.568928741346597,-2.64761300791067,-7.97500880640752e-16,1.67265119901632e-23
9.78,0.02655024,0.4076767,-9.06097343041935e-19,6.62046689269786e-25,-0.419466313367742,-0.0994109883094296,-0.184119912695636,0.330065914114047,-0.547471593977682,-2.55046214191286,-7.25684611503607e-17,4.84959060775248e-23
9.79,0.01106176,0.4128694,-6.6631356977018e-20,1.36025273985095e-20,-0.392460648342055,-0.266612411774538,-0.188044519179057,0.327399789996302,-0.526241782722275,-2.65365711342231,-5.57976582997697e-18,1.23038360465826e-18
9.8,-0.003421567,0.4169726,-1.67928954309505e-21,2.51822068997011e-15,-0.356485862553775,-0.427690495244342,-0.191609377804595,0.323122885043858,-0.501010757228237,-2.55795624860711,-1.48087062876941e-19,1.87217060819472e-13
9.81,-0.01733289,0.4195225,-2.13057962687339e-23,1.54892834357359e-10,-0.316049011748621,-0.585861289013181,-0.194769867922081,0.317264272153726,-0.474044307024985,-2.46893236258251,-1.97651017540755e-21,9.88095816162943e-09
9.82,-0.03044184,0.4206583,-1.09733260822433e-25,1.76154751262237e-06,-0.269890169774676,-0.739158016703712,-0.197468769619828,0.309872691986689,-0.444559660649353,-2.38680445979657,-1.06492713241943e-23,0.000101773207164062
9.83,-0.04281127,0.4202662,-2.6281251820145e-28,0.00461112632690443,-0.219292375438691,-0.887876936403085,-0.199661693374215,0.300993922622658,-0.413097065855328,-2.31055963898034,-2.62600500817176e-26,0.248184340052524
9.84,-0.05460221,0.4181195,-4.48611100550823e-31,0.124112137190881,-0.166268534638842,-1.03324112024575,-0.201324378720603,0.290661511420201,-0.380611502207545,-2.23898240401264,-4.50627514270788e-29,6.31655902002816
9.85,-0.06574394,0.414654,-9.36716248868375e-34,0.13372248990548,-0.110788200291708,-1.17097176144592,-0.20243226072352,0.278951793805742,-0.346932908300232,-2.17281467681246,-9.36448343511455e-32,6.49938871248204
9.86,-0.07621446,0.4101606,-7.97853158550761e-36,0.138941184054677,-0.0532400237507886,-1.29837373658085,-0.202964660961028,0.265968056439933,-0.31211716158136,-2.11190020222388,-8.06161045587613e-34,6.49999502690738
9.87,-0.08617303,0.4049229,-1.42728336813724e-36,0.143376417728096,0.00452074822457504,-1.41310184793766,-0.202919453478782,0.251837037960556,-0.277101678960946,-2.05585873454219,-1.52927323123693e-34,6.499999907793
9.88,-0.09540327,0.4000356,-1.09986045214382e-35,0.147018345427899,0.0638622403231182,-1.50644587703141,-0.202280831075551,0.236772579190242,-0.240902506815164,-2.00564294599903,-1.38752827642268e-33,6.49999999553025
9.89,-0.1052252,0.3939551,-5.66553966475219e-34,0.150191254639967,0.113457278206649,-1.5921484742127,-0.201146258293485,0.220851094448115,-0.210476723957329,-1.95743094905694,-9.72043470187356e-32,6.49999999967877
9.9,-0.1144373,0.3889759,-6.68234431071e-32,0.152755272739678,0.163603570618957,-1.65146009633415,-0.199510222587295,0.204336493484774,-0.179361076631655,-1.91409972422419,-2.48285783964951e-29,6.49999999994317
9.91,-0.123024,0.3854167,3.44965382246305e-30,0.154833783952049,0.214048972947609,-1.68351820138163,-0.197369732857819,0.187501311470958,-0.147574412869205,-1.87482528672506,-1.04518984598897e-26,6.49999999997666
9.92,-0.1321607,0.3817668,1.61906182766737e-27,0.156613823561606,0.254814113771243,-1.70268978404168,-0.194821591720107,0.170474413630541,-0.121655045226563,-1.83687553785831,-1.32369281163424e-24,6.49999999998594
9.93,-0.1417069,0.3782824,2.96094009604381e-27,0.158118424793272,0.287569753698023,-1.70779161338225,-0.191945894183126,0.153396497496718,-0.10065214932936,-1.80014255072149,-5.6325799267782e-23,6.4999999999873
9.94,-0.1512659,0.3751342,-3.39691039455015e-24,0.159372944274156,0.315997930919981,-1.6985327542888,-0.188785914873926,0.13641116995383,-0.082171872320271,-1.7644014423853,-1.29116036063363e-21,6.49999999998264
9.95,-0.1600348,0.3733166,-2.14277317358688e-22,0.160381178603824,0.346831726659271,-1.66800247696191,-0.185317597607334,0.119731145184211,-0.0615277549516787,-1.73007100711304,-3.51235492884915e-20,6.49999999995561
9.96,-0.1682865,0.3722787,-6.69202803645949e-21,0.161184150396518,0.37743682780874,-1.62264670880533,-0.181543229329246,0.103504678096158,-0.0404461442405183,-1.69625847503929,-8.21626779565224e-19,6.49999999981902
9.97,-0.1759712,0.3717439,-1.08374718299636e-19,0.16179715691108,0.408033327055843,-1.56624189324945,-0.177462896058688,0.0878422591636634,-0.0186801304423424,-1.66246034962743,-1.69309302889692e-17,6.49999999891389
9.98,-0.1825633,0.3721231,1.76143722811246e-18,0.162220461957415,0.442714850469937,-1.49670564761877,-0.173035747553989,0.0728752026874757,0.00694101721983731,-1.6285920909788,-4.59871153499467e-16,6.49999998927533
9.99,-0.1877588,0.3733788,5.48915385374274e-16,0.162453759742985,0.483398607800154,-1.41588205572723,-0.168201761475987,0.0587163821302035,0.038204829638622,-1.59429884835958,-1.85796919172468e-14,6.49999982505417
10,-0.1917684,0.3750647,5.69627415775934e-14,0.162488569355257,0.527594471188376,-1.32889074365047,-0.162925816764103,0.0454274746936987,0.0736383527393895,-1.55916478702795,-8.25801361339905e-13,6.49999577556179
10.01,-0.1935458,0.3778574,8.94735564029374e-12,0.162303553482059,0.583266576326638,-1.23128246221747,-0.157093151000837,0.033114650071524,0.120013215567093,-1.5229482119831,-7.35546276873341e-11,6.49980628407575
10.02,-0.1933465,0.3803588,1.50190762719055e-09,0.161618168258618,0.647007277352621,-1.13602067744552,-0.150623078227311,0.0217544432970688,0.175431152330841,-1.48544437131631,-8.53891093877824e-09,6.48906322168067
10.03,-0.1905418,0.3832603,3.67379845719192e-07,0.139543475993606,0.722858346524196,-1.03789690082353,-0.143394494762069,0.0113754742888336,0.243913821616904,-1.44634698781341,-1.52979009336075e-06,5.62656876299154
10.04,-0.1851741,0.3859709,0.000102501953073025,0.00794236578509787,0.808961827645879,-0.942638173715059,-0.13530487648561,0.00194909255168298,0.32458488250566,-1.4057660489011,-0.00032274355382396,0.32220415367764
10.05,-0.176777,0.38842,0.0333058165431528,5.05740842776487e-05,0.90769957536884,-0.851225274123247,-0.126227880731922,-0.00656316018954949,0.419521387705018,-1.3637667157323,-0.0817496001158398,0.0020684549172208
10.06,-0.1647929,0.3909118,2.64067662618521,1.91842107158197e-07,1.02191599182616,-0.761466576993568,-0.11600872081366,-0.0141778259594852,0.530117114463137,-1.32003231266834,-5.21839889490798,7.92899947824242e-06
10.07,-0.1498901,0.3923775,3.92205115105685,8.10401597704173e-10,1.14410023822444,-0.68256639892714,-0.104567718431416,-0.0210034899487566,0.648499074735948,-1.27631186428109,-6.49370539024133,3.39183194923232e-08
10.08,-0.132044,0.3929271,4.52912703112712,3.8758500059011e-12,1.27296162916976,-0.613260389753125,-0.091838102139718,-0.0271360938462878,0.771074921918761,-1.23312278502091,-6.49996720706903,1.64587419808449e-10
10.09,-0.1116644,0.3921767,5.05944942408128,3.04273974077759e-14,1.40372271028395,-0.556359019817798,-0.0778008750368785,-0.0326996840444658,0.892115161651863,-1.19213403165631,-6.49999973965726,1.31253661188627e-12
10.1,-0.08950458,0.3893504,5.49182006609914,8.4619168126744e-16,1.52917501007547,-0.517559783362173,-0.0625091249361238,-0.0378752818780875,1.00631187251662,-1.15643104507985,-6.49999999626813,3.70620715216723e-14
10.11,-0.06300767,0.3874588,5.85354349069452,8.02527203539022e-18,1.66976686294005,-0.471032091652272,-0.0458114563067232,-0.0425856027946102,1.12093576117169,-1.11765811752943,-6.49999999995302,3.57950929266853e-16
10.12,-0.03586739,0.382907,6.11087982896579,6.25103491035108e-19,1.79313027380579,-0.447081563075125,-0.0278801535686654,-0.0470564184253615,1.22294733949464,-1.08800017407031,-6.49999999999865,2.83053603311616e-17
10.13,-0.00728549,0.3769328,6.2914587498616,1.48526366681252e-19,1.90633616588077,-0.433896033462516,-0.0088167919098577,-0.0513953787599867,1.31674080968661,-1.06346625212875,-6.49999999999994,6.81512866584246e-18
10.14,0.02208175,0.3692274,6.40862359450589,1.44170834157864e-19,2.0040689965009,-0.433190107972501,0.0112238980551513,-0.0557272798397117,1.40287970562842,-1.04510486524297,-6.49999999999999,6.68421839556167e-18
10.15,0.05155241,0.3593622,6.47480918520639,7.50044980217793e-19,2.08134132836031,-0.447432335504539,0.0320373113387544,-0.0602016031947571,1.48270597565547,-1.03394358916923,-6.5,3.50009189020946e-17
10.16,0.08181104,0.3487027,6.49950366076207,4.82566935517534e-18,2.14486411339201,-0.464138405655024,0.0534859524726745,-0.0648429872513073,1.55843517570318,-1.02382294303875,-6.5,2.26547383165514e-16
10.17,0.1110718,0.3355908,6.48823261448559,1.4108209956512e-16,2.18072692218485,-0.496512609101297,0.075293221694523,-0.0698081133423203,1.63099298760164,-1.02044183292827,-6.5,6.63676412378697e-15
10.18,0.1402867,0.3215847,6.44422335427526,3.81945201605914e-15,2.19868767548897,-0.530320013133314,0.0972800984494127,-0.0751113134736534,1.70192692562398,-1.01673894977988,-6.5,1.80077305050347e-13
10.19,0.1689114,0.3065091,6.36842698639659,1.05167685147493e-13,2.19561265979488,-0.566628882139266,0.119236225047362,-0.0807776022950461,1.77239367943683,-1.0131543757269,-6.5,4.96922884389187e-12
10.2,0.1965853,0.2904,6.25967441155056,2.72479393847632e-12,2.17026754281956,-0.604679866363396,0.140938900475557,-0.08682440095868,1.84363822429849,-1.00931951327879,-6.5,1.29051279019223e-10
10.21,0.2233268,0.2736499,6.1155478082468,5.02786819375213e-11,2.12475854441712,-0.640854509910289,0.162186485919728,-0.0932329460577829,1.91653160130094,-1.00384279460159,-6.5,2.38937594975295e-09
10.22,0.2490818,0.2565221,5.93247445475404,5.86550293068166e-10,2.06056508962966,-0.672896027019533,0.182792136816025,-0.0999619063279783,1.9918640153462,-0.996099723070281,-6.5,2.80099169269592e-08
10.23,0.2740027,0.2393726,5.70727905176327,3.76561049207647e-09,1.98085637937432,-0.698006909741331,0.202600700609768,-0.106941975425392,2.06991520102478,-0.985349065868039,-6.49999999999999,1.81056442882877e-07
10.24,0.2978057,0.2222056,5.43403313829396,1.44824626390709e-08,1.88508869215221,-0.716530884710968,0.22145158753129,-0.114107284272501,2.15167960764842,-0.972053933460033,-6.49999999999992,7.02381490076365e-07
10.25,0.3204105,0.2049816,5.10707421262144,3.64392013485889e-08,1.77453029734653,-0.729188020026122,0.239196890504755,-0.121399164472762,2.2377344967584,-0.95671548919021,-6.49999999999854,1.78538599925436e-06
10.26,0.3418305,0.1878464,4.722184975768,5.81762949516204e-08,1.65121177733238,-0.735163387914325,0.255709008278079,-0.128750798351906,2.32826285062478,-0.939179100295701,-6.49999999995371,2.88477013427989e-06
10.27,0.3619938,0.1708224,4.27589927297667,6.09851306944404e-08,1.51638883343455,-0.734763060000899,0.270872896612425,-0.136098428951915,2.42350624422599,-0.91967360049037,-6.49999999730007,3.06576868616618e-06
10.28,0.3808037,0.1538821,3.76656679851905,4.41853717063276e-08,1.37108760960311,-0.728715642187545,0.284583772708456,-0.14338558537379,2.523613689072,-0.898541350422168,-6.49999968253347,2.25549757826305e-06
10.29,0.3981255,0.1369787,3.19240352271944,2.3324099971441e-08,1.21601506796857,-0.717885971428544,0.296743923388142,-0.150564445088076,2.62868244385959,-0.876144262391501,-6.4999133202317,1.21080433516591e-06
10.3,0.413925,0.1201114,2.52629799440725,9.15519947346118e-09,1.05270619887687,-0.702724885773172,0.30727098537691,-0.157591693945807,2.7381118960714,-0.852658508503914,-6.43609423378421,4.84092036174191e-07
10.31,0.4279983,0.1032269,0.0659784080730599,2.79839428691519e-09,0.881242879468296,-0.684103661112896,0.316083414171593,-0.164432730556936,2.85179397147971,-0.828423242969924,-0.232211805205384,1.5094948859718e-07
10.32,0.4403008,0.08632503,3.0385768609335e-06,6.74358026609432e-10,0.703056220941427,-0.66241183123056,0.323113976381007,-0.171056848869242,2.96855058241735,-0.803573746019691,-1.74974528492552e-05,3.71720748529873e-08
10.33,0.4515565,0.07019399,1.38319315380985e-11,8.06396084891314e-11,0.525778051940307,-0.631602847987438,0.328371756900411,-0.177372877349116,3.08296239100639,-0.775416689670178,-2.6843645127748e-10,4.56350484448906e-09
10.34,0.4604305,0.05357011,-2.81414496873252e-18,1.05165582308737e-11,0.339616559295436,-0.602906327098776,0.331767922493365,-0.183401940620104,-3.08274391175146,-0.748887538920807,-4.3372263613965e-16,6.11355656592796e-10
10.35,0.4666012,0.03628657,-1.68931358305891e-24,1.68827046797044e-12,0.143907194276437,-0.577683270643817,0.333206994436129,-0.189178773326542,-2.96267405296803,-0.724628803887412,-6.39057806948095e-22,1.00801607914107e-10
10.36,0.4720128,0.02020048,-1.21994915858223e-25,9.78099057027755e-14,-0.043408374686436,-0.540667014942699,0.332772910689265,-0.194585443475969,-2.85167638198982,-0.695416561643039,-1.26912267427934e-23,6.05096101246591e-12
10.37,0.4758038,0.004552063,-1.04692530932445e-21,3.37470353260961e-15,-0.228796856320415,-0.499239214416953,0.330484942126061,-0.199577835620139,-2.76197367561488,-0.664621553602735,-1.05151902994694e-19,2.17786244968478e-13
10.38,0.4779513,-0.01059872,-7.30268443891434e-16,6.51216663810202e-17,-0.41136335691052,-0.453530381091404,0.326371308556956,-0.204113139431053,-2.66038382860004,-0.632167582284507,-6.68852814311181e-14,4.42382712132227e-15
10.39,0.479114,-0.02448451,-1.36340204288532e-10,3.68209298023717e-19,-0.584745071648804,-0.397925249310401,0.320523857840468,-0.208092391924157,-2.56686963873078,-0.594918714225639,-1.03198203869841e-08,2.6773470226635e-17
10.4,0.4772574,-0.03913429,-7.42676444706582e-06,3.26334553290862e-21,-0.765126723594566,-0.350119746059558,0.312872590604522,-0.211593589384752,-2.47333210372957,-0.562150048735043,-0.000476756579494174,2.53469094014667e-19
10.41,0.4742464,-0.05259409,-0.0341269859831732,8.59430983247101e-24,-0.935513466360028,-0.293861590649566,0.303517455940922,-0.214532205291248,-2.38714879735425,-0.524899550732768,-1.97238678243951,7.21715914101788e-22
10.42,0.4693514,-0.06568633,-0.121131962124666,1.56584292021491e-26,-1.10152413736832,-0.236903451211933,0.292502214567238,-0.216901239803367,-2.30520989333416,-0.487305658001196,-6.49060743946373,1.41802942670053e-24
10.43,0.4626788,-0.07846514,-0.128779263332239,2.77288702211691e-29,-1.26152878882637,-0.180112227396876,0.279886926678975,-0.218702362077336,-2.2275521763154,-0.44978640820305,-6.49998236580942,2.67238365739354e-27
10.44,0.4545527,-0.090962,-0.135337543020885,8.50286046692726e-32,-1.41229190037267,-0.124099783162453,0.265764007675248,-0.219943359908961,-2.15450815894841,-0.412646134793971,-6.49999991313074,8.49801826439877e-30
10.45,0.4453213,-0.1031551,-0.141029426912545,1.01767564796417e-33,-1.55070233004282,-0.0689901531603283,0.25025698437482,-0.220633261440564,-2.08609342063682,-0.375904790995449,-6.49999999898296,1.02165874197456e-31
10.46,0.4350924,-0.1159092,-0.145893850293882,1.33879652129994e-34,-1.67594741381219,-0.0221156886296896,0.233497510236698,-0.220854418326861,-2.02164591853865,-0.344370399045174,-6.49999999997539,1.338279870207e-32
10.47,0.4248676,-0.1283439,-0.149911323448864,1.31463546410123e-34,-1.78007567755702,0.0240628007391983,0.215696753461128,-0.220613790319469,-1.96189591113977,-0.313139046771408,-6.49999999999864,1.32724412560501e-32
10.48,0.4151604,-0.1406424,-0.153184792542497,7.77023247990604e-34,-1.8599036052697,0.0678068903404032,0.197097717408431,-0.219935721416065,-1.90633830731165,-0.283353593758354,-6.49999999999984,8.19519628376393e-32
10.49,0.4067066,-0.1524671,-0.155807794203382,1.84019526741017e-32,-1.91085901829374,0.111780828630636,0.177989127225493,-0.218817913129758,-1.85466284016642,-0.253119841914286,-6.49999999999995,2.16054659769301e-30
10.5,0.3996013,-0.1641983,-0.157900887474488,7.21458439864724e-31,-1.934161780531,0.152578592546092,0.158647509420183,-0.217292127204297,-1.80579866806887,-0.224805426298719,-6.49999999999997,1.04001581575833e-28
10.51,0.3940334,-0.1752081,-0.159545482826782,4.19471078200692e-29,-1.93035329139769,0.195306506923131,0.139343976506206,-0.215339062135066,-1.75896560758381,-0.194651959669103,-6.49999999999997,9.69009536110852e-27
10.52,0.3897921,-0.1857479,-0.160805477397158,1.12241837753807e-27,-1.90337767722551,0.237479108518801,0.120310199733951,-0.212964271049878,-1.71320023483425,-0.164362187835855,-6.49999999999994,1.00296389440856e-24
10.53,0.3868246,-0.1956201,-0.161712385051921,-1.21866522201035e-25,-1.85572269429383,0.280471850835294,0.101752972791013,-0.210159552541525,-1.66783520829743,-0.132783343916346,-6.49999999999977,1.1108539016468e-22
10.54,0.3851078,-0.2047677,-0.162278005000376,6.58889924440741e-25,-1.7895741208426,0.324399129630567,0.0838572315825869,-0.20691556124522,-1.62229958973171,-0.0996661619247215,-6.49999999999858,1.18314761131781e-20
10.55,0.3845415,-0.213047,-0.162497698914567,6.97450043956783e-21,-1.70769364815105,0.370062464131095,0.0667802951010764,-0.203214936603909,-1.57603934903825,-0.0641821807074959,-6.49999999998501,1.22517261872207e-18
10.56,0.3849977,-0.2204256,-0.162350575292539,8.72321830988875e-19,-1.6129517877287,0.417280445702243,0.0506507772237895,-0.199042132146886,-1.52854323451699,-0.0262410699526831,-6.49999999973628,1.1484077379308e-16
10.57,0.3864049,-0.226643,-0.161800276819797,-1.08564435609419e-16,-1.50761178292267,0.467733389757718,0.0355746593945628,-0.194364798249309,-1.47933613621992,0.0158297782986289,-6.49999999219463,1.1023179542231e-14
10.58,0.3885433,-0.2315151,-0.160796172933477,-6.32858939474179e-14,-1.39503294143684,0.522317731099648,0.0216243299801943,-0.189141620938313,-1.42800166346833,0.0631687208973438,-6.49999961886248,1.11550728161344e-12
10.59,0.3910773,-0.2348165,-0.159278848772484,-1.4658092757644e-11,-1.27929575044027,0.582165652744241,0.00883137247579164,-0.18331996441087,-1.37431095400251,0.117198338604261,-6.49997090313845,1.23521426850942e-10
10.6,0.3940212,-0.2364997,-0.15709217233011,-2.4339557291491e-09,-1.16131432300133,0.646831986762042,-0.00278177075422163,-0.17685164454325,-1.31795498099847,0.177992096576706,-6.49632619242074,1.36526167737183e-08
10.61,0.3968389,-0.2360645,-0.140038823583573,-4.3902553612555e-07,-1.04643103697139,0.719558646943277,-0.0132460811239355,-0.169656058073817,-1.25934578732082,0.248825805737148,-5.89315512999937,1.7931535670575e-06
10.62,0.3995423,-0.2335447,-0.00515775537431328,-7.60388055216702e-05,-0.935061703850332,0.798921447450041,-0.0225966981624388,-0.161666843599317,-1.19858438099585,0.328669690548499,-0.221911474619672,0.000236498552364555
10.63,0.4014743,-0.2291816,-1.64159452107443e-05,-0.0101914409999522,-0.833017579405298,0.88187647227964,-0.0309268739564918,-0.15284807887652,-1.13731922890929,0.414718353198896,-0.000725317748524591,0.0252908617225832
10.64,0.4037683,-0.2208747,-2.39098087323236e-08,-1.41455349815053,-0.730980757584482,0.984662648980564,-0.0382366815323366,-0.143001452386714,-1.07341168077068,0.520046312695204,-1.09113354618118e-06,2.84424146506057
10.65,0.4043625,-0.2112437,-5.20411141329787e-11,-3.74775485503473,-0.646427392527599,1.08364604225544,-0.0447009554576126,-0.13216499196416,-1.01337289572806,0.623271278987456,-2.45864174263074e-09,6.42004395247371
10.66,0.404642,-0.1986115,-7.83906640336345e-14,-4.34900193043647,-0.567205339309305,1.19210914974874,-0.0503730088507056,-0.120243900466673,-0.953993939043833,0.733233678366903,-3.84791628430047e-12,6.49922882043258
10.67,0.4042123,-0.1833427,-1.09555473252284e-16,-4.85716087484774,-0.496615728650434,1.30557293795627,-0.05533916613721,-0.10718817108711,-0.89752022955125,0.844020840003831,-5.59660847073562e-15,6.49999108918556
10.68,0.4032365,-0.1654955,-1.31733527959371e-19,-5.29634982779976,-0.433089605386404,1.42238187952885,-0.059670062191074,-0.0929643522918214,-0.844078031826785,0.952401156094888,-7.01409101970686e-18,6.49999986943637
10.69,0.4007594,-0.145766,-3.9159421195889e-22,-5.65061545066895,-0.384244803242321,1.53580173337484,-0.0635125102234972,-0.077606334958073,-0.798967257912067,1.0537601694237,-2.16756231799811e-20,6.49999999705919
10.7,0.3991478,-0.1225549,-2.55077606715549e-25,-5.94000729734576,-0.329929202794093,1.65834089716579,-0.0668118022514382,-0.0610229259864151,-0.750621745123288,1.15257362517993,-1.48012788692716e-23,6.49999999993476
10.71,0.3947738,-0.09916745,-3.12999674270007e-27,-6.14600390778148,-0.300477374195042,1.76153420501371,-0.0698165759933886,-0.043407583936278,-0.719037659663546,1.23916928208745,-1.88100109746387e-25,6.49999999999675
10.72,0.3894139,-0.07418437,-1.13497549200463e-28,-6.29583055023229,-0.279583456295277,1.85778672758462,-0.0726124105563414,-0.0248297166604317,-0.694034492633,1.31943208349895,-7.03399302924248e-27,6.49999999999977
10.73,0.3835789,-0.04780873,-6.65533826558657e-30,-6.39873946210568,-0.262519915349261,1.94534565634345,-0.075237609709834,-0.00537626009699727,-0.672404870476031,1.39400864288668,-4.24712341259211e-28,6.49999999999998
10.74,0.3762477,-0.02094545,-3.01068936600888e-30,-6.46240968268903,-0.257384205482849,2.01695066603791,-0.0778114517646625,0.0147932465633818,-0.659807266501913,1.46317102668326,-1.95685519691746e-28,6.5
10.75,0.3671556,0.005716326,-1.39992257731848e-29,-6.49410340943858,-0.265377172216663,2.06779263095782,-0.0804652234868291,0.03547117287296,-0.656705285867021,1.52818744050617,-9.14174055054188e-28,6.5
10.76,0.3564402,0.03215078,-3.79961111263302e-28,-6.49870991432496,-0.284240954452001,2.09898441304956,-0.0833076330313491,0.0564610170034555,-0.660783897270757,1.59072522589725,-2.46602796576494e-26,6.5
10.77,0.3453311,0.05876104,-8.29604166769056e-27,-6.47859849970622,-0.302946730859764,2.11516579233767,-0.0863371003399468,0.0776126749268322,-0.663975651306518,1.65198738802032,-5.35892270579409e-25,6.5
10.78,0.3327402,0.08475902,-5.24240590094328e-25,-6.43436112706474,-0.330216056348206,2.11101546792306,-0.0896392609034288,0.0987228296060628,-0.671876122390958,1.71306636771746,-3.3479655592578e-23,6.5
10.79,0.3192073,0.110213,-3.76895683877876e-23,-6.36509554597349,-0.360764479332612,2.08874087367708,-0.0932469056967549,0.119610238342834,-0.680509510450268,1.77493871900942,-2.37819401250595e-21,6.5
10.8,0.3048262,0.1349154,-2.51001152531545e-21,-6.26833212314662,-0.39334340470789,2.04824935761137,-0.0971803397438338,0.140092731918947,-0.688910568266246,1.83864860653186,-1.56602549060764e-19,6.5
10.81,0.2906283,0.1597878,-5.70476283142483e-20,-6.14319466829559,-0.419170588262798,1.9987535140516,-0.101372045626462,0.160080267059463,-0.692026211606963,1.90374877667955,-3.54474843426871e-18,6.49999999999999
10.82,0.2759596,0.1839516,-9.67922866258598e-19,-5.98430991903897,-0.443923614421402,1.93414546654486,-0.105811281770676,0.179421721724912,-0.693637942682754,1.97190253573223,-6.00176605368288e-17,6.49999999999998
10.83,0.2611571,0.207575,-9.51378818001394e-18,-5.78780702720687,-0.464772536883414,1.85742467417764,-0.11045900713951,0.197995968466688,-0.692375138691116,2.04338366960096,-5.90886263266975e-16,6.49999999999983
10.84,0.2464531,0.2307298,-4.8690467603294e-17,-5.54970027594046,-0.479992475782739,1.77064118587232,-0.115258931897337,0.215702380325411,-0.687645224998677,2.11841644961228,-3.0429483444249e-15,6.49999999999824
10.85,0.2319103,0.2533661,-1.35433273559217e-16,-5.26535228226125,-0.48941538265537,1.67475719763609,-0.120153085723891,0.232449952301772,-0.67971360843653,2.19736396447094,-8.55509927146297e-15,6.49999999997441
10.86,0.2174833,0.2753136,-2.28643307723107e-16,-4.92861582399501,-0.493806249044223,1.56974004519605,-0.125091148214333,0.248147352753733,-0.669261912871997,2.28089314211576,-1.46564812627562e-14,6.49999999943306
10.87,0.2031795,0.2964526,-2.45291499707749e-16,-4.53391725518993,-0.4934676606998,1.45603166538299,-0.130025824821331,0.262707669407563,-0.656642781238801,2.3694950937235,-1.6019487428219e-14,6.49999997974401
10.88,0.1889184,0.3165851,-1.85331861608078e-16,-4.0749850311236,-0.489426793748605,1.33345950613382,-0.134920092758817,0.276042264468901,-0.642526994850791,2.46390324250735,-1.23749645671932e-14,6.49999871668355
10.89,0.1746397,0.3355256,-1.06199420824252e-16,-3.54656041483017,-0.482485476456613,1.20202560926315,-0.139744947523383,0.288062520561532,-0.627411222668823,2.56473044611168,-7.27349848841644e-15,6.49983747658599
10.9,0.1602707,0.353083,-4.98593598705888e-17,-2.91975676500567,-0.473500990568715,1.06174811769664,-0.144479957429071,0.298680001738499,-0.611784092554217,2.67243679169822,-3.51160670703166e-15,6.45194704571221
10.91,0.1457361,0.3690973,-2.06746925549392e-17,-0.302780913202434,-0.463296946571765,0.912955516156757,-0.149112926894788,0.307809556900066,-0.596089279236524,2.78699881432399,-1.49990864155333e-15,0.874228066467791
10.92,0.1309757,0.3833884,-8.0372411309221e-18,-6.90749322797343e-05,-0.45251147575363,0.755843322877791,-0.153638041652325,0.315367990128844,-0.580654543201063,2.90802899092832,-6.01105465207809e-16,0.000299922506455356
10.93,0.1159629,0.3958622,-3.02039185690767e-18,-1.76912260065452e-09,-0.441465857601687,0.591348477230238,-0.158052700228341,0.321281474901147,-0.565630984325001,3.03403514054895,-2.32915843542253e-16,1.63427956372641e-08
10.94,0.1011599,0.4069916,-7.49444916827975e-19,1.09489246246941e-15,-0.426484873118161,0.424989107539702,-0.162317548959523,0.325531365976544,-0.549102777575891,-3.12368362946292,-5.98171994722843e-17,1.75510550445988e-13
10.95,0.0853685,0.4154401,-3.49490949535042e-19,-8.63484011972494e-23,-0.417701375399336,0.247148428577695,-0.166494562713516,0.328002850262321,-0.536346102854657,-2.99332142393122,-2.86528037752992e-17,3.08137540713984e-19
10.96,0.07006378,0.4226837,-8.39056605550449e-20,1.33280120101138e-25,-0.402678130299577,0.0719203031995335,-0.170521344016512,0.328722053294316,-0.52080022686903,-2.87013300327338,-7.10649268116273e-18,1.45217821949357e-23
10.97,0.05542504,0.4290002,-9.06419940683634e-21,3.22402135106089e-25,-0.380550356220752,-0.0974970236692485,-0.17432684757872,0.327747083057623,-0.502089027610519,-2.75695255412201,-7.97605057072124e-19,3.23957661942613e-23
10.98,0.03964419,0.4323013,-2.34185350430766e-21,2.77109637682479e-20,-0.366704671946966,-0.277420976666484,-0.177993894298189,0.324972873290959,-0.488286119059922,-2.59676294037234,-2.11686281651491e-19,2.23169514975101e-18
10.99,0.02483444,0.4348547,-2.01787984523209e-22,1.03515618739953e-14,-0.343390501078812,-0.447386606671323,-0.181427799308977,0.320499007224245,-0.469980771222923,-2.50587593815793,-1.88507454184312e-20,6.98999956706676e-13
11,0.01041301,0.4359323,-1.03221460971929e-23,8.75528099312924e-10,-0.316247298501938,-0.612989623204914,-0.184590272293997,0.314369110992196,-0.450192808264365,-2.42182857027418,-9.94243951771348e-22,5.25709237162821e-08
11.01,-0.003566846,0.4355499,-3.0233834859449e-25,1.18430844144014e-05,-0.28532034671867,-0.773355842373771,-0.187443475761184,0.306635552568458,-0.428919551532454,-2.34404775324502,-2.98569566791604e-23,0.000656391912520861
11.02,-0.01698972,0.433769,-4.63504798121633e-27,0.0261646244593682,-0.250172890139179,-0.927342317075855,-0.189945204662575,0.2973621293977,-0.40587809020758,-2.27200857128789,-4.64583221127774e-25,1.36514688680997
11.03,-0.02990765,0.4306068,-4.19128583177265e-29,0.130200084375778,-0.211792198606851,-1.07429995536561,-0.192063126648644,0.286619129844044,-0.381537084853518,-2.2050023981303,-4.21050705236638e-27,6.46779561965454
11.04,-0.04218623,0.4262465,-2.24552225217919e-31,0.13634960140724,-0.169594874715951,-1.21232808551864,-0.193759075395803,0.274495848988857,-0.355486159895272,-2.14272822353042,-2.24683136103261e-29,6.49987723369754
11.05,-0.05389995,0.4210803,-1.09699989263297e-33,0.141101325662219,-0.124767024105207,-1.33803905632737,-0.195006745636855,0.261115458425584,-0.328281104127777,-2.08518738771098,-1.09877058466957e-31,6.49999878751868
11.06,-0.06497722,0.4152486,-9.14771580481208e-36,0.14516929230999,-0.0772316180237205,-1.4504467617569,-0.195779061817093,0.246610990808015,-0.299759365806963,-2.03170759468894,-9.36647238411489e-34,6.49999997318314
11.07,-0.07551187,0.409215,-4.14558743804549e-37,0.148602968643343,-0.0282796537380783,-1.54610591541024,-0.196061858354473,0.231149931653912,-0.270538850178269,-1.98218809263981,-4.53039288419018e-35,6.49999999870895
11.08,-0.0857126,0.403503,-2.65597585762889e-37,0.151466378713714,0.019959747488997,-1.62147647546536,-0.195862260879583,0.214935166899259,-0.241761617187372,-1.93647063704679,-3.33138101477284e-35,6.49999999986564
11.09,-0.09487392,0.3989655,-3.25525004962355e-36,0.153810809707994,0.072955150108772,-1.67076184864631,-0.195132709378496,0.198227548412795,-0.210018673923277,-1.89471537783225,-5.62294079819936e-34,6.49999999996723
11.1,-0.104663,0.3942975,-1.10617802394271e-34,0.155816671665688,0.116439944297262,-1.70634262780139,-0.193968309935523,0.181164122134782,-0.183900994340811,-1.85447277734681,-3.4740609385001e-32,6.49999999998776
11.11,-0.1138669,0.3908644,-2.52258653886318e-33,0.157466077492141,0.160745878435687,-1.71799032346397,-0.192360851151166,0.163984218900142,-0.157032978793524,-1.81672406014315,-5.87695002555175e-30,6.49999999999081
11.12,-0.1238048,0.3871063,3.63049829870044e-31,0.158871365760383,0.194810430376798,-1.72023276848517,-0.190412746847398,0.14678189121529,-0.136359642644027,-1.77941311561732,-3.75144675819612e-28,6.49999999999099
11.13,-0.1328544,0.3849935,3.90770641333927e-29,0.159998691572607,0.232406216685355,-1.69780497332696,-0.188088684680545,0.129803841482021,-0.11311152749127,-1.74388808513085,-3.9367436516621e-26,6.499999999982
11.14,-0.1416239,0.3835298,-3.67619876171166e-27,0.160905920233165,0.268065076739479,-1.6609404854129,-0.18540803391315,0.113194436627892,-0.0907169794959979,-1.70890774135445,-2.94853581135087e-24,6.49999999994442
11.15,-0.1501868,0.3827547,-6.67977268944413e-25,0.161605821104369,0.30111365389665,-1.61073112898459,-0.182396897374183,0.0970871253380457,-0.069591938665533,-1.67419741586288,-1.3900511059354e-22,6.49999999973552
11.16,-0.158349,0.3826163,-3.83183395779754e-23,0.162105500166615,0.333121800043724,-1.54900807338924,-0.179065679373746,0.0815970446041533,-0.0486565210348038,-1.6394595925582,-4.99971084077423e-21,6.49999999809391
11.17,-0.1660336,0.3832269,-1.12722988226533e-21,0.162404987965137,0.364587231512441,-1.47620064460794,-0.175419807058622,0.0668350381580739,-0.0275103351985639,-1.60448807437578,-1.45835165884035e-19,6.49999997845181
11.18,-0.1733726,0.384213,-9.18989375254673e-21,0.162499705911273,0.394274199079327,-1.39672091200433,-0.171477065067829,0.0528678290380306,-0.00695363284282645,-1.56894991462652,-3.04637348004104e-18,6.49999965175327
11.19,-0.1799064,0.3857945,6.6381651322074e-19,0.162378220135459,0.42585977071526,-1.30985082766161,-0.167218467360676,0.0397693207614146,0.0156946533206207,-1.5326863193665,-6.8093682748031e-17,6.49999125385334
11.2,-0.1855249,0.3877695,5.42550073990472e-17,0.16201736484989,0.459873115849604,-1.21840180038229,-0.16261973620218,0.0275853027575917,0.0410138448082973,-1.49549519487652,-1.67522542515337e-15,6.49967054148582
11.21,-0.18993,0.3900031,3.46777915774949e-15,0.160967366427439,0.49830744716937,-1.124446942405,-0.157636661730486,0.0163408333335416,0.0707467008377929,-1.45724323844221,-5.28842333157092e-14,6.48170013719301
11.22,-0.1926731,0.3927325,2.83403239447217e-13,0.126891912207157,0.544182372768288,-1.02688419858965,-0.152194838002803,0.00607199134764517,0.107594747808622,-1.417682664136,-2.61703127145375e-12,5.13759382755608
11.23,-0.193789,0.394643,2.54111393900692e-11,0.00602917475029617,0.5963054575397,-0.937321209811185,-0.146231783427406,-0.00330122075046668,0.151221921018176,-1.37757379530617,-1.6611481249763e-10,0.245879947028767
11.24,-0.1927823,0.3965973,3.19958386930218e-09,4.34586166803328e-05,0.65783241690886,-0.84869771277643,-0.139653459258318,-0.011788197878231,0.204723450149153,-1.33640028599267,-1.57505446501701e-08,0.00178870974208665
11.25,-0.1894772,0.3979976,5.29226195988861e-07,2.6457364034084e-07,0.729011134271603,-0.766370423171317,-0.132363347915602,-0.0194519021099442,0.269018597497788,-1.29494810544321,-2.00342317439528e-06,1.10113831482482e-05
11.26,-0.1836202,0.3989259,0.000108253686796697,1.37059810852318e-09,0.810630311554791,-0.689703408036183,-0.124257044800054,-0.026348936190306,0.345324676098827,-1.25343273266594,-0.000320766507867491,5.77918532577476e-08
11.27,-0.1750244,0.3992421,0.0244420543056739,6.70868574027739e-12,0.90280591418445,-0.619874630030588,-0.115228985658209,-0.0325476824906119,0.433957098758598,-1.21247002963838,-0.058100580143876,2.87077213094308e-10
11.28,-0.1642099,0.3982953,1.86341870859434,5.17575871874489e-14,0.999843180069359,-0.562062845535864,-0.105230553857516,-0.0381683109459705,0.530149745565111,-1.17395062832692,-3.68220879705591,2.24962525266555e-12
11.29,-0.1492583,0.3977669,3.8860562966733,1.92166348671216e-16,1.11623426165884,-0.502032255520042,-0.0940682112409272,-0.0431886335011709,0.643383129983648,-1.13432838554673,-6.47777595957072,8.50258856694591e-15
11.3,-0.1309116,0.3971248,4.49801789831187,4.83338492618594e-19,1.2436079647645,-0.444667238724532,-0.0816321315932822,-0.0476353058884162,0.764437104203849,-1.09510227504326,-6.49989234112648,2.18051348150113e-17
11.31,-0.1110305,0.3943388,5.01100112610862,6.06176334608264e-21,1.36514167801145,-0.406580193859089,-0.0679807148131677,-0.0517011078270071,0.880342708722927,-1.06299716896963,-6.49999893552303,2.78216203846542e-19
11.32,-0.08890252,0.3904183,5.44606962284419,1.84154746810903e-22,1.48625384665021,-0.378265252829182,-0.0531181763466656,-0.0554837603552989,0.993294529695801,-1.0352056314986,-6.49999998435397,8.58723240948533e-21
11.33,-0.06569975,0.3844305,5.78762897045331,4.27828326473204e-23,1.59666509749992,-0.366661912783654,-0.0371515253716664,-0.0591503794831355,1.09814880487313,-1.01514976432245,-6.49999999955706,2.01905107832202e-21
11.34,-0.03913807,0.3787596,6.06207888924724,5.60741122265173e-24,1.71498566529141,-0.351158402050528,-0.0200016687187523,-0.0626619635036408,1.20154459137207,-0.993808242849879,-6.49999999998746,2.68162334775992e-22
11.35,-0.01233657,0.3709351,6.25474363626744,6.98978265386931e-24,1.81451272267807,-0.352176726641273,-0.00185654149197162,-0.0661837307700535,1.29515210621728,-0.980583813577479,-6.49999999999925,3.37114457603638e-22
11.36,0.01466183,0.3612641,6.38402425214755,4.81096237143761e-23,1.89573846374833,-0.365865203031954,0.0171008431455117,-0.069842382800373,1.38156294310585,-0.973367306311604,-6.49999999999992,2.33124654747954e-21
11.37,0.0427001,0.3505657,6.46266203838271,5.75503039529653e-22,1.96640700895763,-0.384455265535064,0.036764913235088,-0.0736869354557237,1.46353324402925,-0.968113996386862,-6.49999999999999,2.79837746793292e-20
11.38,0.07057632,0.3384269,6.49715772814976,1.53890017947891e-20,2.01715002904634,-0.410755895181195,0.0569364135255514,-0.0777944944075356,1.54121514733678,-0.965803958798651,-6.5,7.49434896816578e-19
11.39,0.09822863,0.3249558,6.49331778893125,6.55715272558852e-19,2.04871763374993,-0.443074866881333,0.0774235898630507,-0.082225243076349,1.61615539958782,-0.965259128814586,-6.5,3.19444870820906e-17
11.4,0.1255869,0.3104186,6.45423539250222,2.97931576943394e-17,2.06185853387337,-0.478538103086395,0.0980421752017844,-0.0870106241072129,1.68956088302491,-0.964954351775927,-6.5,1.45172758996961e-15
11.41,0.1523551,0.2948508,6.38093108248296,1.29689488149965e-15,2.0555531333977,-0.516352713805876,0.118597706535761,-0.0921741512452717,1.76254424878503,-0.964455604278022,-6.5,6.32146053993301e-14
11.42,0.1783684,0.2783496,6.27261589082754,4.79985105351631e-14,2.03005478987176,-0.555274183104505,0.138898254434479,-0.0977268930763167,1.83614593060337,-0.963239263767538,-6.5,2.341489623253e-12
11.43,0.2044707,0.2621376,6.12976570209525,6.57016743875317e-13,1.99388652438564,-0.585045928620817,0.158837119678335,-0.103577352362525,1.91001567410535,-0.957547334519694,-6.49999999999999,3.21733654079052e-11
11.44,0.2296415,0.2452333,5.9481872018162,7.50705683336389e-12,1.93986503830355,-0.614136707093754,0.178235770061371,-0.109718719433462,1.9859088654183,-0.951068740231851,-6.49999999999998,3.69226205472707e-10
11.45,0.25409,0.2281594,5.72571610314602,5.2318465557301e-11,1.87145633980809,-0.638164396371316,0.196950333459452,-0.116100363397176,2.06395692113919,-0.942313114419251,-6.49999999999988,2.58869053260854e-09
11.46,0.2778153,0.2110274,5.45979338407444,2.22982690649454e-10,1.79023931929429,-0.656462074048303,0.214852726652395,-0.122664984137659,2.1444209969829,-0.931295015904596,-6.49999999999897,1.11178487774812e-08
11.47,0.3007171,0.1938665,5.14729519075083,6.09120524107737e-10,1.69694933887879,-0.669118711730377,0.231822220041183,-0.129356171254962,2.22767827113203,-0.918266434344311,-6.49999999998655,3.06517032876104e-08
11.48,0.3226945,0.1767137,4.78528188396012,1.09973438030461e-09,1.59233357564612,-0.676192047908536,0.247745555797644,-0.136118091734048,2.31404346014582,-0.903414415797719,-6.49999999971718,5.59369366717537e-08
11.49,0.3436228,0.1595538,4.37132222866275,1.38216582624344e-09,1.47696443854347,-0.678193447728955,0.262515200183079,-0.142900026211337,2.40383417284709,-0.887047685592937,-6.49999998984409,7.11602187848425e-08
11.5,0.3633687,0.1423695,3.90397262747778,1.26256176353983e-09,1.35136750906539,-0.675641286882625,0.276028875273732,-0.149656439080164,2.49732461160209,-0.869438003603402,-6.49999932322112,6.58819906709408e-08
11.51,0.3817596,0.1251074,3.38159504125663,8.87380685802041e-10,1.21577952001727,-0.669336822638703,0.288186670473905,-0.156349807306551,2.59485589940342,-0.850934371339636,-6.49990523622087,4.69863351630232e-08
11.52,0.3986475,0.1077546,2.78610967919212,4.92981333349547e-10,1.07067956844176,-0.659710415019964,0.298893466158323,-0.16294691145675,2.69655340887443,-0.831725974065478,-6.46741822813494,2.65182653057024e-08
11.53,0.4140114,0.0903684,0.353973783081215,2.12730929818147e-10,0.917603381761978,-0.646613851336468,0.308069499975943,-0.169413049970115,2.80175263211588,-0.811768489442366,-1.06543716035806,1.16410363388511e-08
11.54,0.4274476,0.0726601,6.50217730527108e-05,8.6059011389167e-11,0.754918783065264,-0.632729366802671,0.315618687806595,-0.175740343638142,2.91146979589361,-0.792111416947149,-0.000286380180701028,4.7936433122108e-09
11.55,0.4394096,0.05516783,1.61568323649458e-09,2.37057883184398e-11,0.588125008485932,-0.613844069800102,0.321499937891455,-0.181878784336143,3.02208994256649,-0.771075914324803,-1.33411632625025e-08,1.34725251468322e-09
11.56,0.449649,0.03766206,4.28934520644575e-16,5.2094204272385e-12,0.41662885588898,-0.592323523681376,0.325666226450344,-0.187802019572956,3.13354486125899,-0.749607992130968,-9.50214632122583e-14,3.02607407554254e-10
11.57,0.4588638,0.02105614,-3.42097011634509e-23,5.11362544086875e-13,0.247572478057627,-0.561121394999226,0.328141951230921,-0.193413233522949,-3.04237094092014,-0.724780922589602,-3.22186013414067e-19,3.05266001312862e-11
11.58,0.4651722,0.003416946,-7.33349832268854e-26,8.18372642574862e-14,0.0666380682194685,-0.536832753591653,0.328808331913115,-0.198781561058865,-2.93069409819157,-0.703518671869942,-1.25050761700199e-23,5.01118952171856e-12
11.59,0.470634,-0.01308155,-4.85741222352882e-25,4.82280211154721e-15,-0.107368515456265,-0.50146927822307,0.327734646758553,-0.203796253841096,-2.84054691227283,-0.678098493002509,-4.96510969750911e-23,3.05326894307386e-13
11.6,0.4744743,-0.02904716,-2.72655045054187e-20,1.58626465341702e-16,-0.280137432041407,-0.461053905757375,0.324933272438139,-0.20840679289867,-2.73710516011102,-0.651041785509521,-2.73411605260083e-18,1.04492754558507e-14
11.61,0.4768312,-0.04424465,-9.27459220931313e-15,2.38390968530998e-18,-0.449516035070637,-0.414343087350648,0.320438112087432,-0.212550223772176,-2.6390236956956,-0.621667136609483,-8.15336650140416e-13,1.64926001054941e-16
11.62,0.4773861,-0.0588662,-9.50643185629332e-10,1.86092304906648e-20,-0.617242383892208,-0.363691212069114,0.31426568824851,-0.216187135892867,-2.5451090206361,-0.590907077829259,-6.89147925717452e-08,1.36375076684047e-18
11.63,0.4761083,-0.07280174,-1.74474616014812e-05,6.89022870055909e-23,-0.782593643701716,-0.308846789794838,0.306439751811493,-0.219275603790816,-2.45547122370712,-0.558487987779398,-0.00109260728748044,5.39261352283005e-21
11.64,0.4728146,-0.08619166,-0.04543331091158,1.47500285568018e-25,-0.946151277079377,-0.251632120065299,0.296978239040699,-0.221791924991469,-2.369561700658,-0.525141924316477,-2.57965191754264,1.23802188452493e-23
11.65,0.4675955,-0.09911753,-0.122890052161966,2.4977736369753e-28,-1.10624401288519,-0.193263880639851,0.285915798911847,-0.223724563797867,-2.28773604068969,-0.49135298747967,-6.49172550546757,2.24464348350254e-26
11.66,0.4603638,-0.1115859,-0.130427290512636,5.6843262249275e-31,-1.2627954212839,-0.134262929877384,0.273287844699008,-0.225067193096641,-2.2096204379549,-0.457279097716271,-6.49998224577229,5.41940036794103e-29
11.67,0.4516307,-0.123822,-0.136907520721555,4.97410608056782e-33,-1.41091407970134,-0.0768812468186759,0.259178703901995,-0.225836005564828,-2.13621289261101,-0.424055553643295,-6.49999990503596,4.93320618401325e-31
11.68,0.4419377,-0.1356514,-0.142453864934911,4.01654191608496e-34,-1.54591410879218,-0.0199489151790395,0.243719562814073,-0.226035494716618,-2.06791492273326,-0.390974145942099,-6.49999999877796,4.036328593271e-32
11.69,0.4311654,-0.148008,-0.147164167992491,4.64511556839276e-34,-1.66891635389331,0.0286546401722028,0.22703039927514,-0.225748948314896,-2.00353073679383,-0.36257755498552,-6.49999999996895,4.65302396334709e-32
11.7,0.4205447,-0.1599632,-0.151007582100084,4.13653766689469e-33,-1.77010907794489,0.0767930093675524,0.209329308495691,-0.224981018221221,-1.9441355711994,-0.334315046015721,-6.49999999999817,4.13754247208836e-31
11.71,0.410598,-0.1716301,-0.154105288048796,1.4880231683473e-31,-1.84634514702556,0.123278104432863,0.190865857025436,-0.223748237176892,-1.88911021511268,-0.30684243159231,-6.49999999999976,1.51083595405563e-29
11.72,0.4016458,-0.1831615,-0.156582823005113,9.23413853254457e-30,-1.89653076293566,0.166709041514981,0.171900549396079,-0.222081146761742,-1.83758076032039,-0.281004523368341,-6.49999999999993,9.79386533536355e-28
11.73,0.3949321,-0.1933698,-0.158508087982078,1.63956532783836e-27,-1.91236119007493,0.216647162717472,0.15277693749533,-0.219914675134567,-1.78965471761474,-0.250634185586607,-6.49999999999995,1.95011458987192e-25
11.74,0.3880785,-0.2043337,-0.160047217307902,8.75412720719127e-26,-1.9157329936791,0.255444223363817,0.133619607558539,-0.217360232900929,-1.74219615488696,-0.227068324853622,-6.49999999999996,1.23440683956761e-23
11.75,0.381756,-0.2156754,-0.161203288911836,1.84220849716554e-24,-1.90218853191542,0.286802693427294,0.114597722239384,-0.214492205966656,-1.69534146284313,-0.20810228877626,-6.49999999999994,3.2765897784378e-22
11.76,0.3776307,-0.2255719,-0.161982317008385,5.88139251671103e-23,-1.85969956472262,0.325849892625985,0.0960007265921582,-0.211233707040396,-1.64945748074142,-0.183478345604732,-6.49999999999979,1.87409139388013e-20
11.77,0.3749684,-0.2347961,-0.16241091078682,4.90760755485928e-22,-1.79681119888602,0.365464934459773,0.078032614603298,-0.207579057695799,-1.60342104235503,-0.157835737171036,-6.49999999999883,9.79446676130436e-19
11.78,0.3736397,-0.2432149,-0.162483112041011,-5.68794718487959e-20,-1.7166264595816,0.406418973840978,0.0608663500074819,-0.203514867957389,-1.55659244340899,-0.130473352612758,-6.49999999998837,4.90785701404468e-17
11.79,0.3740185,-0.2504577,-0.162174007777294,3.04012931206887e-19,-1.61804403345347,0.451327544560339,0.0446859096729472,-0.199001592511786,-1.50838123936315,-0.0992418150711315,-6.49999999977347,2.92674673511024e-15
11.8,0.3756976,-0.2563718,-0.161438308562383,1.20325416373862e-15,-1.5064886482373,0.500809958635362,0.0296210231905743,-0.193993492925432,-1.45811545997127,-0.0632838254360548,-6.49999999186377,2.06278745191186e-13
11.81,0.378501,-0.2606516,-0.160209568997942,1.26298858169178e-13,-1.38516581941161,0.55663495987779,0.0157693649964582,-0.188427143326654,-1.4051817739937,-0.0207183472903425,-6.49999945497312,1.85914789705391e-11
11.82,0.3825348,-0.2628541,-0.158390459988387,-5.49301240667974e-11,-1.25480628927814,0.621499001313236,0.00322130210367675,-0.182212153313522,-1.34877159522171,0.0313191147482852,-6.4999234399253,2.40013748057257e-09
11.83,0.3867102,-0.2629434,-0.155498691997992,-3.39260998019431e-08,-1.12580217248057,0.694527439857705,-0.00803671962112893,-0.175266878914945,-1.28920549896348,0.0930254547918494,-6.48269791732376,3.69560290851308e-07
11.84,0.3914348,-0.2605056,-0.0682498280628169,-1.19429925031164e-05,-0.995598453531865,0.777915739850961,-0.0179927041564476,-0.167487721516435,-1.2256225987822,0.167126106444545,-2.90614293465739,7.10423962040103e-05
11.85,0.3952771,-0.2560442,-0.000211205116181902,-0.00277090795358836,-0.876717714906779,0.866205119847232,-0.0267598813055154,-0.158825670317963,-1.16041703219066,0.249730419500998,-0.00923411975939152,0.0112777091700383
11.86,0.3989969,-0.2481309,-2.00931739920715e-07,-0.623523329707284,-0.762885504722163,0.969937018300238,-0.034388736352737,-0.14912630013496,-1.09259959334807,0.350066481992329,-9.07653683290561e-06,1.82307128509478
11.87,0.4023638,-0.2367198,-1.09259685153331e-10,-2.89429358296327,-0.656299586578818,1.08753934497298,-0.0409517322185252,-0.138250906685231,-1.02324886310917,0.466060950329869,-5.13110566630576e-09,6.43509889429038
11.88,0.40406,-0.2231796,-7.99498873590215e-14,-3.59225650191993,-0.567718948544512,1.20605928634862,-0.0466289217039703,-0.126190313821744,-0.958087087573578,0.585339483327775,-3.91363451667153e-12,6.49957710042664
11.89,0.4044995,-0.2068392,-7.26925048111061e-17,-4.23241341859341,-0.492917582163274,1.33004089464397,-0.051558097525603,-0.112889904875305,-0.897550188407808,0.709230199273503,-3.71339269285796e-15,6.4999965188223
11.9,0.4037071,-0.1878842,-9.86754999102449e-20,-4.80902656771416,-0.431063688081598,1.4567156181272,-0.055868734406419,-0.0983227486940326,-0.843044442886125,0.832957057162754,-5.2583719519075e-18,6.49999996066098
11.91,0.4015946,-0.1665104,-2.79151101179948e-22,-5.29701287009137,-0.382217965715132,1.58343274614119,-0.0596909140635703,-0.0824884212326207,-0.796152560944791,0.952576967478514,-1.54914122703626e-20,6.49999999936393
11.92,0.3978665,-0.143218,-3.05939217953348e-24,-5.6847243264793,-0.348025599871863,1.70530182137693,-0.063171170062289,-0.0654354030188514,-0.759153274587896,1.06447605527981,-1.75963879132795e-22,6.4999999999839
11.93,0.3923937,-0.1184027,-2.0263113446837e-25,-5.97874460376128,-0.328554972479034,1.81869881153475,-0.0664567197870793,-0.0472484149035038,-0.732873198096624,1.16750225351372,-1.19860688500299e-23,6.49999999999934
11.94,0.3864315,-0.0917034,-2.0119995696089e-26,-6.19543862925511,-0.312597682668906,1.9264526551097,-0.0695826966137684,-0.0279838883524069,-0.709796635520368,1.26339224884871,-1.22254387323428e-24,6.49999999999996
11.95,0.3775587,-0.0652339,-6.28903280704477e-26,-6.34157514847419,-0.319500374412561,2.01123950439805,-0.072777700357894,-0.00787149330842634,-0.70327870353043,1.34950551468207,-3.85215179833035e-24,6.5
11.96,0.3680371,-0.03782263,-2.84999166221185e-25,-6.43593336622146,-0.329101992056446,2.08377760625796,-0.0760687202784584,0.0129662827541532,-0.698565299943941,1.43024334154713,-1.75605407861381e-23,6.5
11.97,0.3574075,-0.01024069,-2.91366252734048e-24,-6.48647819572562,-0.344811786105245,2.13833506971924,-0.0795168381395109,0.0343496334513456,-0.697737589239595,1.50626664698335,-1.79717636921478e-22,6.5
11.98,0.3454448,0.01719454,-7.05958580540589e-23,-6.49977743902746,-0.367832158780698,2.17341793836213,-0.0831951597273178,0.0560838128349669,-0.70110961177162,1.57907370101638,-4.33588423355933e-21,6.5
11.99,0.3318587,0.04386613,-4.19596603212856e-21,-6.47954343047472,-0.399748127458556,2.1853652854977,-0.0871926410019034,0.0779374656899439,-0.709032218385292,1.65017379520508,-2.55195183143365e-19,6.5
12,0.3175287,0.0700824,-2.03385917545239e-19,-6.42688968634312,-0.432519878884701,2.17842184408862,-0.0915178397907504,0.0997216841308302,-0.715951823381422,1.72095967390392,-1.22672576844887e-17,6.5
12.01,0.3024763,0.09575179,-7.81729610441149e-18,-6.34095744799239,-0.465675510661281,2.15339030737992,-0.0961745948973632,0.121255587204629,-0.721638787133472,1.79251989320888,-4.68363139225036e-16,6.5
12.02,0.2869173,0.120993,-2.01535463094704e-16,-6.21974182501583,-0.497209476618035,2.11282148216016,-0.101146689663544,0.142383802026231,-0.72508799136372,1.86558759990377,-1.20267391676805e-14,6.5
12.03,0.2710633,0.1456393,-3.12772453113911e-15,-6.05973034243803,-0.525323529225124,2.05686202221126,-0.106399924955795,0.162952422248344,-0.725608761631113,1.94104819951688,-1.86537278711235e-13,6.5
12.04,0.2550213,0.1697446,-2.92064840277856e-14,-5.85712166983066,-0.549232362071869,1.98752681078579,-0.111892248576514,0.182827690356201,-0.723158374968139,2.01938910439042,-1.74678993287681e-12,6.49999999999999
12.05,0.2385444,0.1929645,-2.09081189980481e-13,-5.60505649979926,-0.571090721454276,1.90354354727068,-0.117603155791056,0.201863125828908,-0.719172237294133,2.10183760712413,-1.2562948250259e-11,6.49999999999995
12.06,0.2220587,0.2155862,-8.89612202903333e-13,-5.30055907543019,-0.587471219943273,1.8089312131878,-0.123477867990489,0.219952437960786,-0.712141554855187,2.18807448579066,-5.39020825320547e-11,6.49999999999939
12.07,0.2054977,0.2374507,-2.51477338503116e-12,-4.93802990078934,-0.599227499836534,1.70385694657908,-0.129470142988854,0.236991007426577,-0.702802961007773,2.27867148651946,-1.54126066990111e-10,6.49999999998921
12.08,0.1888918,0.2584872,-4.85573538294826e-12,-4.51370698099212,-0.606394706626434,1.58925651645713,-0.135534090055119,0.252883572591148,-0.691397417754893,2.3738235134061,-3.01966869155019e-10,6.4999999996968
12.09,0.1722482,0.2785517,-6.63323525984228e-12,-4.02463275173435,-0.609221093485596,1.46546017898212,-0.141626300989975,0.26753817438097,-0.678223114463671,2.47382982703067,-4.19871357787078e-10,6.49999998560387
12.1,0.1555736,0.2975008,-6.59273550691521e-12,-3.46990793567549,-0.60796646011439,1.33283854949936,-0.147705965591119,0.280866559875963,-0.663539574070754,2.57881575917189,-4.26138608831408e-10,6.49999873439401
12.11,0.1388411,0.3152007,-4.97970723848624e-12,-2.84679992273761,-0.603167289394541,1.19186935444671,-0.153737638485064,0.29278525342043,-0.647701799610278,2.68861761630248,-3.29757005568875e-10,6.4997681080549
12.12,0.1222054,0.3316209,-2.64358862321891e-12,-2.12394652280942,-0.5938789901266,1.04387827820086,-0.15967642838633,0.303224036202439,-0.630328227757896,2.80220642885633,-1.80148402141694e-10,6.40131256469733
12.13,0.1054842,0.3465657,-1.13521003485528e-12,-0.0686049898219674,-0.581973134695602,0.888799885222721,-0.165496159733286,0.312112035054666,-0.61237444175873,2.91910483899453,-7.98663972987384e-11,0.312086404506204
12.14,0.08842046,0.3595361,-4.73747424000382e-13,-5.49697664536881e-06,-0.569792740988063,0.724178618480991,-0.171194087143167,0.319353821239476,-0.594973023771306,3.04028820476786,-3.44437988150899e-11,5.42721102655095e-05
12.15,0.07197423,0.3715366,-1.01630276434314e-13,1.37283298338473e-11,-0.549688719977752,0.559933360060835,-0.176690974342944,0.324953154840084,-0.574444821253717,-3.1254406603443,-7.69691850164641e-12,2.35164051785714e-09
12.16,0.05532975,0.3815857,-2.00516034866329e-14,-1.58107354354054e-17,-0.528982963864934,0.389184111638016,-0.181980803981593,0.328844995956465,-0.554375829171957,-3.00788042704333,-1.58285062982238e-12,1.48138774810878e-14
12.17,0.0387099,0.3897912,-3.13941827200277e-15,3.37516711878649e-22,-0.506046927403204,0.214423195855723,-0.187041273255626,0.330989227915022,-0.533944907755828,-2.89293451079641,-2.58685635181861e-13,4.05835230730914e-20
12.18,0.02171227,0.3959609,-5.29418433531476e-16,8.925978589804e-26,-0.48443353931237,0.035555545105602,-0.191885608648749,0.331344783366078,-0.514863603404528,-2.78133383974238,-4.53938350999502e-14,8.93769858926287e-24
12.19,0.005736933,0.4013548,-3.3896610613335e-17,2.79240488881546e-24,-0.452885242830646,-0.135780493233526,-0.196414461077056,0.329986978433743,-0.491563989583871,-2.70274675639975,-3.04491122495592e-15,2.72891387067624e-22
12.2,-0.01000161,0.4052684,-1.51448111699198e-18,2.55622502180518e-19,-0.41871739634162,-0.304755772987889,-0.200601635040472,0.326939420703864,-0.467665060058505,-2.61028098708707,-1.42031072731977e-16,2.11798886852402e-17
12.21,-0.02523862,0.4078519,-3.82535537682745e-20,5.42657886721879e-14,-0.380217050466282,-0.46925165285775,-0.204403805545135,0.322246904175286,-0.44225391557091,-2.524248237688,-3.7231508797214e-18,3.78342393893962e-12
12.22,-0.04002398,0.4090305,-5.7246480639694e-22,2.52688475966502e-09,-0.338372251584996,-0.629161413638847,-0.207787528060985,0.315955290038898,-0.41576280888358,-2.44391361928557,-5.71135337932789e-20,1.55872422485752e-07
12.23,-0.05426698,0.4088487,-4.77994878516994e-24,2.09431046790657e-05,-0.292982479090984,-0.78345284205983,-0.210717352851894,0.308120761618299,-0.388004118875628,-2.36892828518744,-4.80360972828957e-22,0.00118838705232013
12.24,-0.06797463,0.4072674,-2.36385964025132e-26,0.0309030771119209,-0.244675016961629,-0.931884704855428,-0.213164103021511,0.298801914569745,-0.359205305776606,-2.2986038402264,-2.36655944458095e-24,1.64688571696368
12.25,-0.08106387,0.4044089,-7.45898077216996e-29,0.127638615862848,-0.193321399590307,-1.07296990059337,-0.215097317017414,0.288072215563811,-0.329185899755402,-2.23271531536084,-7.4690689605243e-27,6.46645807449532
12.26,-0.09354967,0.4004879,-2.23682211690454e-31,0.133879539266002,-0.139614592602108,-1.20464390301845,-0.216493462943435,0.276025776533627,-0.298192713411951,-2.1711399560883,-2.29532082667487e-29,6.49983617232622
12.27,-0.1052889,0.3955767,-1.2546241909364e-33,0.138824146672488,-0.08293474844616,-1.32621277948789,-0.217322810427897,0.262763648738748,-0.265747488128953,-2.11332078261356,-1.39420059601078e-31,6.49999816265342
12.28,-0.116307,0.390263,-4.95381678250153e-35,0.143085612118429,-0.0240908147539507,-1.43295417656211,-0.217563718575436,0.248434106973127,-0.23214177532755,-2.05968456180251,-6.67653125820194e-33,6.49999995216367
12.29,-0.1266036,0.3848814,-4.1777147693883e-35,0.146721810744494,0.0363669844676693,-1.52265516805607,-0.217200048730759,0.233207555292566,-0.197525503727891,-2.00991124721536,-9.03863455095095e-33,6.4999999973017
12.3,-0.1363419,0.3798076,-3.3122084410335e-34,0.149797243398051,0.0966038353682421,-1.59306498584137,-0.216234010377077,0.217276905434153,-0.162803263747768,-1.96370242148577,-3.42722450344609e-31,6.49999999968295
12.31,-0.1450826,0.3759733,1.88216136957479e-31,0.152338027952096,0.159783836218487,-1.6377575433505,-0.214636172014892,0.200899330000648,-0.125954000053335,-1.9214860784456,-1.53345943537735e-28,6.49999999991325
12.32,-0.1537155,0.3724878,-1.10706387263733e-28,0.154511085430589,0.218096571851358,-1.66567285795297,-0.212455206296378,0.184242601421118,-0.0914844201539794,-1.8812298486949,-9.77904956154704e-26,6.49999999996006
12.33,-0.1620237,0.3698426,-3.08607741418828e-25,0.15634245391796,0.273301064883835,-1.67400885344717,-0.20972219564754,0.167502512886646,-0.0582837192312861,-1.84298900721608,-4.69965066750686e-23,6.49999999996713
12.34,-0.1703278,0.3676161,-7.41829706847537e-23,0.157899897232333,0.322709086149938,-1.66767404943991,-0.206495104786041,0.150825772392247,-0.0279713215838764,-1.80582411138712,-9.54306123207767e-21,6.49999999995842
12.35,-0.1778346,0.3668221,3.00179008442099e-21,0.159180099976594,0.372849980440751,-1.63971431617453,-0.202766604981633,0.134428629230502,0.0035936702211041,-1.77030446776087,-1.59459063334731e-18,6.49999999989959
12.36,-0.1849363,0.3669184,3.83080119765498e-18,0.160233985876965,0.420183639894102,-1.59641333407977,-0.198564768582692,0.118464495889704,0.0342877890032268,-1.73552398760127,-1.49061440939781e-16,6.49999999960552
12.37,-0.1917526,0.3677996,4.26539305109041e-16,0.161080838301199,0.463661998586737,-1.5401324720775,-0.193928148596825,0.103063171168929,0.0634841585910253,-1.70109786316665,-7.47036681680271e-15,6.49999999756501
12.38,-0.198077,0.3695108,2.27608120373495e-14,0.161729243092202,0.504976312961428,-1.47191738510658,-0.188878385467211,0.0883439973178633,0.0923357037669093,-1.66679020806943,-2.50119333321089e-13,6.49999997602825
12.39,-0.2039573,0.3719873,6.86473452064516e-13,0.162183253572964,0.543643786018521,-1.39369253940232,-0.183441947607025,0.0744070719238401,0.120586914668945,-1.63231874316386,-5.61555905196527e-12,6.49999962531908
12.4,-0.2093189,0.375176,1.39045618678831e-11,0.162440376408794,0.580227149299684,-1.30720028227914,-0.177639676114029,0.0613350691010488,0.148680312275456,-1.59743311878,-9.23804314973103e-11,6.49999062591126
12.41,-0.2139544,0.3790106,2.30932390371936e-10,0.162483856554664,0.616321207344537,-1.2142051849157,-0.171476464040583,0.0491930172518918,0.177815103582331,-1.56189757435879,-1.29655205608465e-09,6.49961939300387
12.42,-0.2176833,0.3833365,3.56554273191057e-09,0.16170886661218,0.653181023461777,-1.11708096453789,-0.164944653805965,0.0380222076065128,0.209042113391357,-1.52549052817086,-1.72097356135159e-08,6.47520013106317
12.43,-0.2202631,0.387908,5.80502594932952e-08,0.116723791382383,0.692450562672525,-1.01877365320953,-0.15802014817924,0.0278344710744175,0.243785461389506,-1.48806112625549,-2.4184766021299e-07,4.68546361578796
12.44,-0.2213443,0.3925453,1.1516162021113e-06,0.00268327498875629,0.736486662952499,-0.921465881937186,-0.150655281549715,0.0186198122550457,0.284113271971149,-1.44955703440764,-4.13266844833618e-06,0.108148854695479
12.45,-0.2206291,0.3969836,2.98295936780729e-05,1.27095795264516e-05,0.787007078628088,-0.82784383909699,-0.142785210763434,0.0103413738640758,0.331749073833552,-1.41009528635573,-9.19318401832851e-05,0.000515221677555678
12.46,-0.2182174,0.4006367,0.000861831115496819,5.61701701356214e-08,0.842349920065338,-0.742935010837356,-0.134361711562781,0.00291202375570222,0.385917985397439,-1.37028538381021,-0.00229178473479312,2.29414707761355e-06
12.47,-0.2131259,0.403912,0.0394183896154711,1.92293476121125e-10,0.909662798350277,-0.663310973437704,-0.125265083579278,-0.00372108597867482,0.452319272020371,-1.33006633710355,-0.0901214594711103,7.92709644977178e-09
12.48,-0.2055662,0.4062849,1.33811066705832,7.22712138630228e-13,0.985830130208964,-0.593281491340721,-0.115406782277188,-0.00965390089208203,0.5287754361308,-1.29049878628905,-2.65036865266796,3.01181139606757e-11
12.49,-0.1961541,0.4068699,3.60424852759515,6.33764774577209e-15,1.06468058741644,-0.539646859452995,-0.104759976403024,-0.015050369486612,0.610614471556391,-1.25375278533955,-6.28486219134134,2.67200807523858e-13
12.5,-0.1822906,0.4077986,4.2377783316243,2.85403243577269e-17,1.1663583676738,-0.484283323379967,-0.0930963927262861,-0.0198932027204116,0.710653340777901,-1.21625465491535,-6.49747540177429,1.21953427669216e-15
12.51,-0.1651122,0.4081537,4.74444648200556,1.37159823343541e-19,1.27921290024664,-0.435063482301845,-0.0803042637238197,-0.0242438375434301,0.818326439650701,-1.18023524766734,-6.49997351092714,5.94576300876087e-18
12.52,-0.1463044,0.4061218,5.18246574926362,4.67438091139674e-21,1.38804585320289,-0.406383006711364,-0.0664238051917908,-0.0283076676105437,0.92281728124597,-1.15100988414674,-6.49999953453451,2.05231876955196e-19
12.53,-0.1257481,0.4021226,5.55232490624508,9.53763544856416e-22,1.49341137969135,-0.3933881376035,-0.0514896913948773,-0.0322415489865787,1.02395200664239,-1.12780454962614,-6.49999998766777,4.23315074662184e-20
12.54,-0.1013801,0.3982042,5.87063467919161,1.43791218357413e-22,1.61145430338851,-0.378427177688961,-0.0353751483609921,-0.0360258207634683,1.12702184269202,-1.10433955227377,-6.49999999972024,6.45630972424074e-21
12.55,-0.07602546,0.3919538,6.10861808318217,2.13290043968554e-22,1.71767064790611,-0.381134873765426,-0.018198441881931,-0.0398371695011226,1.22192761792197,-1.08829213313972,-6.49999999998839,9.65652101557423e-21
12.56,-0.04914029,0.3845191,6.28210057536193,7.7417183902761e-22,1.81666418197339,-0.390834115055287,-3.18000621971765e-05,-0.0437455106516755,1.31107166198963,-1.07522441846733,-6.49999999999929,3.52949656073972e-20
12.57,-0.02162662,0.3751234,6.3986473542016,1.26200011250062e-20,1.90110166005015,-0.413125490563108,0.0189792165383043,-0.0478767655573066,1.39392804729795,-1.06709433141828,-6.49999999999993,5.77909820164799e-19
12.58,0.006826834,0.3648214,6.46846423931885,2.48395134848173e-19,1.97407718226113,-0.438361219008654,0.0387199883609156,-0.0522603777473931,1.47222643760576,-1.05960199919445,-6.49999999999999,1.14221341178562e-17
12.59,0.03498934,0.352498,6.49805455135243,1.39004873728435e-17,2.02612757970586,-0.475081461427131,0.0589812641579743,-0.0570111923616644,1.54632330659191,-1.05581583194639,-6.5,6.40554696805816e-16
12.6,0.06315455,0.3390935,6.49281514760894,7.53972466079073e-16,2.0609256729296,-0.514556286787183,0.0795905208872702,-0.0621567552295362,1.61783074749833,-1.05190230876236,-6.5,3.4821078694167e-14
12.61,0.09097819,0.3245735,6.45556831335606,3.82684099611841e-14,2.07683900698925,-0.556567010286228,0.100358910957163,-0.0677224253323985,1.68781655552242,-1.04773142948254,-6.5,1.7715738011454e-12
12.62,0.1183331,0.3090863,6.38735302474055,1.5702540331585e-12,2.07423152719537,-0.599428121060132,0.121101226229116,-0.0737167065429998,1.75728622709855,-1.04270899169532,-6.5,7.29026036726705e-11
12.63,0.1449833,0.292814,6.28756701529311,4.63783687065419e-11,2.05268538042631,-0.641315793742711,0.14162808003338,-0.080129864480427,1.82722433211131,-1.03632687898838,-6.5,2.16122755250488e-09
12.64,0.170774,0.2757587,6.15417259555798,1.01598316946351e-09,2.01259004896294,-0.682001043393148,0.161753980523009,-0.0869498749143584,1.89854003096149,-1.02869699902145,-6.5,4.75581598576903e-08
12.65,0.1959749,0.2583076,5.98543273963734,1.37087284237046e-08,1.95783121703112,-0.718191935138096,0.18133229269332,-0.0941317942657394,1.971459756182,-1.01895576662547,-6.49999999999999,6.45463229752443e-07
12.66,0.2205618,0.2411872,5.77895984166234,8.32631761612372e-08,1.88972142748627,-0.744168081715269,0.200229506968183,-0.101573475082892,2.0463652919512,-1.00560191837843,-6.49999999999993,3.95256655514169e-06
12.67,0.2442069,0.2236935,5.52999404033665,3.70185777134286e-07,1.8071151242257,-0.766212171319786,0.21830065821044,-0.10923559679609,2.12421000054304,-0.991005845883702,-6.49999999999936,1.77348514696776e-05
12.68,0.2670149,0.2061676,5.23606952500473,1.05160444285839e-06,1.71252573098326,-0.781744637130416,0.235425915520272,-0.117053043167394,2.20499992980695,-0.974491338749596,-6.49999999999153,5.09200576436833e-05
12.69,0.2889647,0.1887375,4.89467353136707,1.88792139290632e-06,1.60733386301114,-0.790141849464792,0.251499254150384,-0.124954461662042,2.2888561618845,-0.956020659364216,-6.49999999982421,9.25444948277263e-05
12.7,0.3099927,0.1714493,4.50399730642196,2.19660547293707e-06,1.49253610878459,-0.791536003119152,0.26642461523823,-0.132869821693234,2.3758967169744,-0.935758681287913,-6.49999999402813,0.000109181292975706
12.71,0.3299818,0.1543266,4.06276416057378,1.70148784137133e-06,1.36868447708004,-0.786272646010651,0.28011146000903,-0.14073254815334,2.46631944867488,-0.91389463549226,-6.49999964333945,8.58896081321751e-05
12.72,0.3488401,0.1373931,3.57151535771128,8.9346195321573e-07,1.23654550075723,-0.774712279095027,0.292476915016602,-0.14847967094429,2.56013379685221,-0.89058564923748,-6.49995913318085,4.58777832498276e-05
12.73,0.3663952,0.1206106,3.02273670562829,3.31826296875454e-07,1.09623651494053,-0.757725262374191,0.303439280166008,-0.156056923568032,2.65756956604831,-0.866137281898916,-6.48963763814459,1.73596239500176e-05
12.74,0.3825214,0.1039445,1.17052998480611,9.01825653098811e-08,0.948291506185285,-0.736116129293247,0.31292219522786,-0.163418084860965,2.75854086133455,-0.840817373565341,-3.13520451760769,4.81457424449569e-06
12.75,0.3971939,0.08751735,0.000767983803911556,1.69816230499291e-08,0.794062933550471,-0.709394615803827,0.320862824563365,-0.170512031019003,2.86230418724479,-0.814413750845541,-0.00280262266836318,9.27112428471695e-07
12.76,0.410227,0.07120272,5.1063849076019e-08,2.39354813475849e-09,0.63354459887838,-0.679140908323244,0.327198270552149,-0.177303440102235,2.96873601239481,-0.787470444619285,-2.94341838449916e-07,1.33903423143307e-07
12.77,0.4216594,0.05513418,3.44853632459915e-13,2.34783245181744e-10,0.468576469888163,-0.644745365180963,0.331884035251031,-0.183750893754045,3.07640470242052,-0.759699816523622,-5.83776580992421e-12,1.34962507958108e-08
12.78,0.431521,0.03935873,-2.44591262578379e-19,1.55554695872323e-11,0.300807711245504,-0.606368617855988,0.334892112363486,-0.189814579932605,-3.09933056580996,-0.731096240473085,-3.02646699212004e-17,9.21971741184405e-10
12.79,0.4405297,0.02463541,3.49046972878673e-25,4.2432066596731e-13,0.13729770826216,-0.558476303624911,0.336265089446107,-0.195399342968854,-2.99694086471979,-0.699283469045976,-6.62338983699046e-22,2.61211955899761e-11
12.8,0.4466089,0.008911427,-1.53745841598289e-25,1.82824930471419e-14,-0.0379079182337279,-0.518580304096087,0.33588601026377,-0.200585146009815,-2.89000246172968,-0.671539460942236,-1.81940282987066e-23,1.16813612580453e-12
12.81,0.452046,-0.005540175,-2.78376067603397e-22,2.57817483112009e-16,-0.204392985506352,-0.46806056088084,0.333842080408706,-0.205265751618623,-2.76618297979064,-0.639781208683511,-2.79445904994067e-20,1.72923659519162e-14
12.82,0.455967,-0.01956165,-3.74664647606334e-17,2.08859546212881e-18,-0.368796816384666,-0.414831110580824,0.33015411224486,-0.209414062724432,-2.66966421131022,-0.6073355324925,-3.48846206570733e-15,1.48318569962447e-16
12.83,0.4584685,-0.03299634,-3.8362888130307e-12,8.42656354277514e-21,-0.529450220846982,-0.358183210064407,0.32485961003639,-0.212995894825076,-2.57859716451203,-0.573745400797168,-2.97449076224038e-10,6.39090369193464e-19
12.84,0.4593486,-0.0460465,-9.00995053423204e-08,2.04442666576944e-23,-0.687234893573443,-0.30036504571969,0.317987261100656,-0.215999545282273,-2.49212207664965,-0.53994692629085,-5.94978016733531e-06,1.66346560543381e-21
12.85,0.458578,-0.05866557,-0.000469159919955892,3.1998645178407e-26,-0.841591943914874,-0.24145890533395,0.309571341661507,-0.218414134335612,-2.41009137393576,-0.505874030901415,-0.0277944441667278,2.79441559448876e-24
12.86,0.4561228,-0.0709687,-0.101489477177586,4.80121575841729e-29,-0.992065459496107,-0.182845013193077,0.299650687066546,-0.220242584467543,-2.33223853903594,-0.472129568143472,-5.5655452298975,4.46881537182791e-27
12.87,0.451955,-0.08316324,-0.125857352043085,1.4416172270097e-31,-1.13821023276711,-0.126531298435683,0.288268584738875,-0.2215078974519,-2.25825955416879,-0.439711719442935,-6.49787848114789,1.40741105269833e-29
12.88,0.4463202,-0.09528381,-0.13233942787043,1.83983540227505e-33,-1.27744924818354,-0.0729664321448631,0.275494092257039,-0.222237561773348,-2.1884902571005,-0.408848537408906,-6.49998995024572,1.84205416645822e-31
12.89,0.4396773,-0.1071653,-0.137985840594041,1.85443901924103e-34,-1.40574180042266,-0.0209450600619689,0.261436674252813,-0.222447012373968,-2.12341470911241,-0.378849702849104,-6.49999988819726,1.86241083198111e-32
12.9,0.4316464,-0.1197281,-0.142948637219881,1.81150833585119e-34,-1.52616914524032,0.0219493583291985,0.246174982800409,-0.222227518790676,-2.06147835294987,-0.354060555769825,-6.49999999774108,1.81221838810909e-32
12.91,0.4232126,-0.1327334,-0.147138478197028,6.56291348101255e-34,-1.63066606883208,0.0580917608751683,0.229868322112089,-0.221646601181924,-2.00390349173634,-0.333228464538831,-6.49999999990427,6.5657199246901e-32
12.92,0.41507,-0.1456587,-0.150604332627861,5.49994406144269e-33,-1.71424881150361,0.0919848730008752,0.212725833997052,-0.220726752451916,-1.95075594033715,-0.313736567450389,-6.49999999999122,5.55015366928791e-31
12.93,0.4090677,-0.15745,-0.153346182468998,1.63906219411211e-31,-1.76320238688585,0.132044063111223,0.195093810128194,-0.219406311820803,-1.90337831223887,-0.290439208761416,-6.49999999999768,1.70345948143546e-29
12.94,0.4015098,-0.1712384,-0.155751821076158,1.05144959355033e-30,-1.80962081358013,0.152425172698752,0.176997601992393,-0.217882060093816,-1.85585840331578,-0.279204160405033,-6.49999999999932,1.1202732785899e-28
12.95,0.3977138,-0.1826315,-0.157587565515695,4.84434702086504e-29,-1.81073500712671,0.189784763051406,0.158890251921126,-0.215984212463302,-1.81371960281421,-0.25725934765523,-6.49999999999931,5.57538797889277e-27
12.96,0.3931406,-0.195348,-0.159147192659684,4.96631272646892e-28,-1.80656859485803,0.212721706022364,0.140824565972545,-0.213856995403078,-1.7712946948194,-0.244347774770942,-6.4999999999992,6.12630703915894e-26
12.97,0.39075,-0.2066455,-0.160361459901979,1.31704697731166e-26,-1.77381935133593,0.244225516659775,0.123086372459186,-0.21141474023648,-1.73081218613299,-0.225736088099383,-6.49999999999793,1.88114821549541e-24
12.98,0.3894415,-0.2172082,-0.161296893818321,3.91469851195042e-25,-1.72380908466868,0.27792635908617,0.105848281612499,-0.208635476645619,-1.69075606624862,-0.205385796150722,-6.49999999999114,7.27870167597325e-23
12.99,0.3892432,-0.2270476,-0.161966049182473,9.88396181529023e-24,-1.65801473058144,0.313341781969715,0.0892681343066849,-0.205502058825921,-1.65068452206707,-0.18348200850426,-6.4999999999366,3.14910158327414e-21
13,0.3900079,-0.235945,-0.162370727162055,1.00144983433052e-22,-1.57930151622049,0.351858421839996,0.07347511914448,-0.201983474607522,-1.61009668616593,-0.158904376699119,-6.49999999926517,1.67405408447342e-19
13.01,0.3917302,-0.2437708,-0.162499588106581,-1.24002318475893e-20,-1.48925690276374,0.394018331380497,0.0585825501168425,-0.198043291293717,-1.56857903862175,-0.131023257697539,-6.49999998595102,1.08222489581552e-17
13.02,0.3943183,-0.2502678,-0.16232972169737,1.83016332000735e-19,-1.39010595739607,0.441317489168092,0.0446814905428818,-0.193630116402036,-1.52569209419243,-0.0984206312127524,-6.49999955402891,9.16181770094617e-16
13.03,0.3974966,-0.2552145,-0.161825408421774,6.47993782816158e-16,-1.28542961831295,0.494810866689452,0.0318271943597523,-0.188682007735141,-1.48103223424264,-0.0598326985707745,-6.49997741383009,1.02061453456354e-13
13.04,0.4011213,-0.2583418,-0.160896922127945,7.81353172713735e-14,-1.17750187156019,0.555807304627407,0.0200521756441504,-0.183123934688867,-1.4342656882474,-0.01362167431348,-6.4981737390915,1.50673591030474e-11
13.05,0.4049587,-0.2595,-0.154189926681574,-8.71063794131168e-11,-1.06915370700636,0.624506763479857,0.00936063857408682,-0.176878867054068,-1.38518950256504,0.041168258352981,-6.27867598181132,2.67649618863392e-09
13.06,0.4088247,-0.2584964,-0.0204255418987372,-5.70327296292932e-08,-0.962595968622137,0.701383450533474,-0.000265321112134549,-0.169865032548734,-1.3337374998895,0.105801892860539,-0.841246931753791,5.3646222804849e-07
13.07,0.4121538,-0.2550625,-9.7900108969271e-05,-2.15547191871289e-05,-0.862904938422523,0.787427339840924,-0.00889437049635978,-0.161990759150324,-1.28060196780839,0.181992125169791,-0.00409205115540857,0.000118432460756937
13.08,0.4151187,-0.2492946,-3.01374150846056e-07,-0.00623074996579262,-0.768787733988617,0.880566974990266,-0.0165822478362459,-0.153185089400422,-1.22585130767125,0.268714080707311,-1.28317191210595e-05,0.0236130601074154
13.09,0.4173634,-0.2408878,-8.24173580992931e-10,-0.94732351296093,-0.683253915805797,0.982062173954603,-0.0234147869943039,-0.143364467660876,-1.1706837761822,0.367261639874151,-3.58726310202581e-08,2.6431897752938
13.1,0.4186953,-0.2300465,-2.36346707673313e-12,-2.94498767340782,-0.607707222334166,1.08893749963487,-0.0294918592176456,-0.132475092664527,-1.11644018100811,0.474716958009396,-1.0548087348569e-10,6.43704545140385
13.11,0.4191819,-0.2166966,-7.37519063751139e-15,-3.61423318729463,-0.541286622013029,1.20065072395964,-0.0349047254377759,-0.120468585424931,-1.06392922415707,0.589433165491047,-3.38323675986271e-13,6.49945889100527
13.12,0.4187766,-0.2008381,-2.86048660979984e-17,-4.22937383271327,-0.484053744635172,1.31607663523459,-0.0397452628841276,-0.107307819072585,-1.01428609750239,0.708613898467413,-1.35066106226085e-15,6.4999940171022
13.13,0.4174257,-0.1825418,-1.63779723061239e-19,-4.79077348858264,-0.436064671068167,1.43358788988733,-0.0441059095948093,-0.0929719401737115,-0.968635410460611,0.828797098703953,-7.9610270630607e-18,6.49999991166591
13.14,0.4150501,-0.1622906,-1.73501185363844e-21,-5.26871067518032,-0.397510381376396,1.54837552019241,-0.0480810134085732,-0.0774881849717873,-0.92808229064823,0.945109624610908,-8.67025235594521e-20,6.49999999804142
13.15,0.411337,-0.140384,-5.57285313976497e-23,-5.65528510977749,-0.370376640596211,1.65750065719745,-0.0517847798145353,-0.0609131783998129,-0.894646246583123,1.05521520102127,-2.85293429107411e-21,6.49999999993308
13.16,0.4069118,-0.116577,-3.1514740789424e-24,-5.9584169638491,-0.348905139706823,1.76264930006961,-0.0552738312116036,-0.0432866853991168,-0.865358803342658,1.15960455103855,-1.64970905978382e-22,6.49999999999685
13.17,0.4002309,-0.09264737,-1.97969914850036e-24,-6.17698761849794,-0.345122074929384,1.84922098072355,-0.0587250519608974,-0.0247944755918813,-0.848128655843665,1.25414180927523,-1.05061647681275e-22,6.49999999999971
13.18,0.3924937,-0.06771781,-3.20125868283293e-24,-6.33209782731338,-0.348020636971222,1.92513528982667,-0.0622052583306096,-0.00554312269361455,-0.835657823297424,1.34295475272174,-1.71636236500324e-22,6.49999999999996
13.19,0.3833758,-0.04241754,-1.70360756855395e-23,-6.43230249559856,-0.359627667902693,1.98569942159859,-0.0658015350096365,0.0143138715223714,-0.828935721889918,1.42630867868059,-9.18553040064782e-22,6.49999999999999
13.2,0.3728662,-0.01709065,-2.43165134139518e-22,-6.4861472062754,-0.37924238130382,2.02897428115948,-0.0695939588226747,0.0346036143339662,-0.826970569004207,1.50548135917091,-1.31328306801751e-20,6.5
13.21,0.3613897,0.008444493,-4.84720362399551e-21,-6.49959215157761,-0.402683233106828,2.0574903427841,-0.073620791153743,0.0551785177618071,-0.826649147141962,1.58200149836019,-2.61858556660048e-19,6.5
13.22,0.3485692,0.03358519,-1.6875805940416e-19,-6.47591417173816,-0.43249309650513,2.06739976279864,-0.0779457221187943,0.0758525153897936,-0.829147514239682,1.65693176466648,-9.09748912553382e-18,6.5
13.23,0.3347061,0.05836278,-6.55980251816427e-18,-6.41631560736104,-0.46554278247991,2.06035097042462,-0.0826011499435934,0.0964560250940397,-0.832214488692634,1.73147413923368,-3.52717885972911e-16,6.5
13.24,0.3202468,0.08315939,-1.84268217149078e-16,-6.32084438021475,-0.497773883676562,2.04077359181148,-0.087578888780359,0.116863761012155,-0.833515387798831,1.80618366039237,-9.89724503512231e-15,6.5
13.25,0.3055263,0.1079585,-3.01049424864869e-15,-6.18894500424998,-0.526350519610686,2.00963685908126,-0.0928423939764659,0.136960129602967,-0.831806178793471,1.88148638773631,-1.61928470444608e-13,6.5
13.26,0.2905721,0.132699,-3.05004567272997e-14,-6.01963081260672,-0.551145579523906,1.96755090591535,-0.098353849771705,0.156635638662121,-0.827419189416684,1.95774414340937,-1.64663819827803e-12,6.49999999999999
13.27,0.2757355,0.1575855,-1.61456707407559e-13,-5.81336503898172,-0.569479306372241,1.91726935738559,-0.104048642835427,0.175808332235977,-0.819375176555791,2.03467061893339,-8.77681102185249e-12,6.49999999999996
13.28,0.2606443,0.1821463,-6.27840030913491e-13,-5.56693296483874,-0.584708476667888,1.85597472416393,-0.109895727602106,0.194368079477616,-0.809704661672091,2.11330446737396,-3.4419214111667e-11,6.49999999999982
13.29,0.2456564,0.2066142,-1.47072515405446e-12,-5.28190007644047,-0.594109616847366,1.78677488020131,-0.11583682377058,0.212235828279629,-0.797272746955781,2.19301282570989,-8.15338403873918e-11,6.49999999999886
13.3,0.2305492,0.2306079,-2.53831510872358e-12,-4.95450385454956,-0.599850697359601,1.70767371230678,-0.121835330744176,0.229312565402697,-0.783354830860725,2.27476980296667,-1.42555172169253e-10,6.49999999999003
13.31,0.2152205,0.2538784,-3.54993526756255e-12,-4.58122573719585,-0.602987562817566,1.61795299498128,-0.127865206372352,0.245492095352509,-0.768573966611109,2.35929210296398,-2.02250299851389e-10,6.49999999986893
13.32,0.199613,0.2762165,-4.25035962359812e-12,-4.15891579093552,-0.604149680434025,1.51734257188895,-0.133906703176692,0.260665521071399,-0.753298194042579,2.44718674416965,-2.45944406541434e-10,6.49999999722703
13.33,0.1836402,0.2973227,-4.66240446073668e-12,-3.68270330817731,-0.604163993039782,1.40493821242678,-0.13994834310709,0.274714903195667,-0.737962334633833,2.53942823968253,-2.742432937506e-10,6.49999989464123
13.34,0.1671863,0.3170228,-5.07393649694988e-12,-3.14868121474178,-0.604027774709705,1.28099006729906,-0.145988620854187,0.287524803868657,-0.723055232451626,2.63640186665913,-3.03499655192845e-10,6.49999202074249
13.35,0.1501846,0.3349947,-5.71171981903366e-12,-2.5451283732511,-0.604271812933156,1.14461956747337,-0.152031338983518,0.298970999543391,-0.708815125424641,2.73904879453719,-3.47474020465384e-10,6.498543864844
13.36,0.132575,0.3510639,-6.8748623005474e-12,-1.67164217331353,-0.605325571044206,0.996279056087737,-0.15808459469396,0.308933790104268,-0.695416864740539,2.84736444272821,-4.25309760145789e-10,5.79641453162613
13.37,0.1144058,0.3651298,-8.51907108226618e-12,-0.0046185581655515,-0.606714978016546,0.837053332547541,-0.164151744474126,0.317304323429744,-0.682597340639997,2.96058757964716,-5.36023304985703e-10,0.0255053150032879
13.38,0.09562172,0.3770646,-1.11910158302214e-11,-1.25990762379807e-07,-0.608827018817902,0.667796722630726,-0.170240014662305,0.323982290656051,-0.670512262496936,3.07769161424748,-7.16082668350063e-10,2.18810072246022e-06
13.39,0.07649519,0.3870344,-1.30893619746584e-11,1.83793522618781e-13,-0.609397168850311,0.491708045905348,-0.176333986350808,0.328899371115104,-0.658073882410566,-3.0874662889067,-8.52988609471215e-10,2.58888586336431e-11
13.4,0.057161,0.395092,-1.26720009522767e-11,8.98417861757257e-20,-0.607449766977954,0.310872013877436,-0.182408484020587,0.332008091253879,-0.64486134001275,-2.97084321764441,-8.42951373565466e-10,5.07448815349834e-17
13.41,0.03798987,0.4015584,-8.21897355693231e-12,2.85004206762037e-24,-0.600219370448809,0.129382985508293,-0.188410677725076,0.333301921108962,-0.629646589371979,-2.85899740716917,-5.60740934248956e-10,3.01122989627261e-22
13.42,0.01915099,0.4065089,-3.30639592087771e-12,1.48249331120503e-25,-0.586803998509943,-0.0509503982089115,-0.194278717710175,0.332792417126873,-0.612101416490129,-2.75328093318461,-2.32734397818716e-10,1.4898372040951e-23
13.43,0.0007538271,0.4099685,-7.88810513331685e-13,1.45799305566061e-21,-0.566890341916682,-0.228868567224637,-0.199947621129342,0.330503731454626,-0.592146636230977,-2.54606949232751,-5.76668018492333e-11,1.05890444988455e-19
13.44,-0.01696697,0.4120457,-9.72811701165755e-14,5.57991021739393e-16,-0.539232992318023,-0.402561274722522,-0.205339951052522,0.326478118707401,-0.569222211418012,-2.45367949335041,-7.44655886130095e-12,3.48596863413949e-14
13.45,-0.03397971,0.4126693,-6.08640592152733e-15,7.79734317449361e-11,-0.504356759402086,-0.571820907825909,-0.210383518646543,0.320759909629142,-0.543560895470979,-2.3698175776541,-4.9147616745143e-13,4.4283560911881e-09
13.46,-0.05011651,0.4119581,-1.69351702311262e-16,1.64175175943119e-06,-0.461705009184019,-0.734967137779091,-0.215000568738383,0.313410238251351,-0.514819244627292,-2.29381210772603,-1.45220203085141e-14,8.71515105949664e-05
13.47,-0.06528477,0.4099554,-1.89557700912792e-18,0.00609507996542307,-0.4114181452114,-0.891093037242904,-0.219114750190497,0.304499307878922,-0.482934673732808,-2.22462760051413,-1.73067486022675e-16,0.306997469640221
13.48,-0.07948107,0.4068266,-8.21011749291742e-21,0.131816689412504,-0.354388108064839,-1.03843010826711,-0.222658631271145,0.294115006796251,-0.448173652401575,-2.16157258157226,-7.9299431250983e-19,6.35978996262993
13.49,-0.09264407,0.4028679,-1.30930974119967e-23,0.139562372157942,-0.291018483666896,-1.17436182474405,-0.225568816107814,0.28237138854881,-0.410522375430389,-2.10418462331306,-1.30992795528225e-21,6.49948412592124
13.5,-0.1048219,0.3985366,-9.26468379096481e-27,0.143653091120409,-0.222597485098397,-1.29526547954738,-0.227794790958798,0.269418733753337,-0.370412438157082,-2.05219467883404,-9.29299791424686e-25,6.49999456616867
13.51,-0.1156963,0.3944898,-3.85656176966099e-30,0.147027137898222,-0.147418806195947,-1.39630540039645,-0.229268979020758,0.255455679749372,-0.32662452419288,-2.00551578786983,-3.86484734886833e-28,6.49999983914528
13.52,-0.1266266,0.3895179,-1.10993796480409e-32,0.149957943253499,-0.0773498515705349,-1.48806954278584,-0.230042477536463,0.240574984321514,-0.285583598407145,-1.96115550180564,-1.16483420330015e-30,6.49999999202705
13.53,-0.1366013,0.3854524,-6.53614776113189e-34,0.152360658738293,-0.00435322494743318,-1.55606767019762,-0.230086009785938,0.225014307619537,-0.242606197734284,-1.92108915978184,-8.15285753066086e-32,6.49999999902994
13.54,-0.1462051,0.3817717,-2.54906240015448e-33,0.154385529520472,0.066204476140431,-1.60591311434177,-0.229423965024533,0.20895517647612,-0.200663855744715,-1.88368813236101,-5.16757519048583e-31,6.49999999977893
13.55,-0.1555326,0.3783832,-5.89751664624055e-32,0.156104593960568,0.133314896514584,-1.63946506518975,-0.228090816059387,0.192560525824222,-0.160295010275274,-1.84824077724535,-8.11020226076392e-29,6.49999999991507
13.56,-0.1646909,0.3754506,5.03468858903447e-29,0.157558432833662,0.195968814177824,-1.65648784878537,-0.226131127917609,0.175995647336368,-0.122079083942525,-1.81444335128243,-4.10418573661973e-26,6.4999999999461
13.57,-0.1738188,0.3726693,-3.22986795964177e-26,0.158794403403865,0.253015995434641,-1.66061430088156,-0.223600967963263,0.159389504327553,-0.0867275002342509,-1.78162357246131,-1.72549727347582e-23,6.49999999994989
13.58,-0.1826838,0.3703029,-3.30031180586692e-23,0.159828223312073,0.306396251773087,-1.65073317539573,-0.220537005445532,0.142882172573596,-0.052997746422075,-1.7497064628286,-4.56505067214064e-21,6.49999999992953
13.59,-0.1914728,0.3682388,-3.94769472552567e-21,0.160681325959128,0.354568434826454,-1.62891675239631,-0.216991321097267,0.126593005049632,-0.021871205440169,-1.71833473351896,-5.64623127559366e-19,6.4999999998579
13.6,-0.1996014,0.3668724,2.99002291408909e-19,0.161360961794526,0.402306550464246,-1.59309104985808,-0.212968255592625,0.110662094551052,0.00983453622919662,-1.68751435378273,-5.28413062975223e-17,6.49999999955473
13.61,-0.2075284,0.3657839,8.0015209217725e-17,0.161881409080891,0.445678076241066,-1.54795186830586,-0.208511474830214,0.095182575867993,0.0395647668392129,-1.65678725005444,-2.58851923556516e-15,6.49999999807661
13.62,-0.2145047,0.3654113,7.98398358441507e-15,0.162243508145631,0.490731007446378,-1.4910288867464,-0.20360416475575,0.0802722870005291,0.0715095763432593,-1.62615774684157,-1.20113581932342e-13,6.49999998720068
13.63,-0.2203289,0.3656386,6.13424307403158e-13,0.162449418774274,0.53864817027107,-1.42454901542429,-0.19821768305304,0.0660267968462862,0.106717076717028,-1.59537773746524,-5.71559259372358e-12,6.4999998724313
13.64,-0.2241224,0.3671848,6.73398717910915e-11,0.162496495306277,0.595900171330644,-1.34395857789953,-0.192258681339733,0.0525872110672909,0.150102377689757,-1.5643809999811,-4.43341342028615e-10,6.49999761763335
13.65,-0.2268906,0.367631,5.04873637928794e-09,0.162377927849181,0.653352775129278,-1.27021061299664,-0.18572515358844,0.0398851049373245,0.195576432503986,-1.53276529296646,-2.59417011235523e-08,6.49995940954907
13.66,-0.2272556,0.3686679,5.82893319712083e-07,0.162059879966132,0.721606508189925,-1.18973178759214,-0.178509088506541,0.0279877870614031,0.251136786989903,-1.50052985295816,-2.35950384215616e-06,6.49891761699513
13.67,-0.224983,0.3696608,9.42008803578944e-05,0.160689962006011,0.801222317384283,-1.10863780233485,-0.170496865332698,0.0169014090380546,0.317657292190941,-1.46765896288592,-0.000302958407466934,6.46298092303462
13.68,-0.2199066,0.3702621,0.0184549212554106,0.131391849645738,0.892100188379604,-1.03027018886504,-0.161575863448902,0.00659870714940411,0.395274548296921,-1.43427942912228,-0.0479541186380593,5.30653660090097
13.69,-0.2118543,0.3701944,1.72315012592161,0.0160984549924597,0.994119247555242,-0.957121962464844,-0.15163467097335,-0.00297251247524434,0.483643476279301,-1.40064900332346,-3.70217640116579,0.653661314986945
13.7,-0.2004023,0.3697202,3.56650695362948,0.000399985102911016,1.10910257033547,-0.887144916510223,-0.140543645269995,-0.0118439616403466,0.58302833444597,-1.36675588723838,-6.47546827883168,0.0163486956093126
13.71,-0.1858067,0.3683695,4.13220567787796,1.01907717950189e-05,1.23322048583758,-0.824277914232478,-0.128211440411619,-0.0200867407826713,0.689079888611981,-1.33320893145777,-6.49986063824519,0.00041977264833401
13.72,-0.1663412,0.3678194,4.68938179482497,1.27359011976797e-07,1.37869194079881,-0.754968894772861,-0.114424521003631,-0.0276364297304,0.80602080255591,-1.29829108186352,-6.49999941786926,5.29547716488461e-06
13.73,-0.1461219,0.3643045,5.14100660620371,6.09660193027396e-09,1.51005751471748,-0.710206044221926,-0.0993239458564564,-0.0347384901726192,0.912333432976897,-1.26718674368958,-6.4999999934481,2.5590385489403e-07
13.74,-0.1216169,0.3612505,5.54110581305828,1.7261565696281e-10,1.65572452917695,-0.660981723773555,-0.082766700564687,-0.0413483074103548,1.02064271557308,-1.23517324117237,-6.49999999993139,7.32471076606026e-09
13.75,-0.09457245,0.357243,5.85777193863846,6.87018788861371e-12,1.79968222100465,-0.619238639912613,-0.0647698783546404,-0.0475406938094809,1.12243430580125,-1.20479171078783,-6.49999999999891,2.94864104232815e-10
13.76,-0.06581179,0.3522628,6.09499130172149,4.12335017037655e-13,1.93456155269081,-0.584787692105541,-0.0454242628277323,-0.0533885707305363,1.21584339532786,-1.17634163313094,-6.49999999999997,1.79037686784162e-11
13.77,-0.03643596,0.345383,6.26401223731918,7.5416497566291e-14,2.05142476790345,-0.564646550553365,-0.0249100151486978,-0.05903503623607,1.30044317611588,-1.15202805652915,-6.5,3.30968694275057e-12
13.78,-0.006934152,0.3365576,6.37954463527126,4.45379628298952e-14,2.14703588666658,-0.558151946737325,-0.00343965628203196,-0.0646165557034432,1.37793182866171,-1.1319973536397,-6.5,1.97280340225195e-12
13.79,0.02374727,0.3275512,6.45358898283932,2.30356591655976e-14,2.23084163648748,-0.550177830212871,0.0188687600828428,-0.0701183340055719,1.45119496374555,-1.11189546310433,-6.5,1.03039360410339e-12
13.8,0.05352666,0.3164904,6.49165148604751,4.02301473943567e-14,2.28663679757248,-0.555807859789418,0.0417351280585677,-0.0756764126034661,1.52009516080718,-1.09633396379745,-6.5,1.81377111431126e-12
13.81,0.08231936,0.3037528,6.49919444879922,1.59328114812862e-13,2.31559235987163,-0.570894686757658,0.064891051657284,-0.0813853594710427,1.58654405488328,-1.08389169283944,-6.5,7.23022341844891e-12
13.82,0.1105468,0.2901224,6.47859409091583,7.42116702239865e-13,2.32298759222374,-0.588324499262123,0.0881209275795214,-0.0872686044636639,1.65199575501846,-1.07218087024475,-6.5,3.38894463432096e-11
13.83,0.1378292,0.2755597,6.43016681891229,4.00095462728942e-12,2.30743880732624,-0.608095381045334,0.111195315652784,-0.0933495582741173,1.71754940847764,-1.06115305719683,-6.5,1.83819736825802e-10
13.84,0.1640082,0.2601425,6.35251131795002,2.28241651308472e-11,2.2695823112446,-0.629258046594986,0.13389113876523,-0.0996421387400671,1.78428254264946,-1.05046753030592,-6.5,1.0549592858539e-09
13.85,0.1890484,0.2440275,6.2427436015098,1.22054763989805e-10,2.21112675971084,-0.650300607571564,0.156002406362338,-0.106145144815783,1.85314728196777,-1.03964043055494,-6.5,5.67675762226638e-09
13.86,0.2132758,0.2277513,6.09764884130139,4.45326802844581e-10,2.13665260374671,-0.666808173431365,0.177368932399805,-0.112813226550096,1.92457056938394,-1.02734318985745,-6.5,2.08625305900153e-08
13.87,0.2365244,0.2110337,5.91239693185503,1.36104310034264e-09,2.0465626950891,-0.681249020032915,0.197834559350696,-0.119625716750426,1.99935998605066,-1.01446167739146,-6.5,6.42586826016588e-08
13.88,0.2586665,0.1945803,5.68092279572325,2.3830359780783e-09,1.94163281263858,-0.688062315461147,0.217250887477082,-0.126506339905037,2.07832114961217,-0.999319356858183,-6.49999999999998,1.13568517084946e-07
13.89,0.2799962,0.1778948,5.39944898706347,3.34427343135231e-09,1.82603093320217,-0.691745098473067,0.235511196809104,-0.133423790889768,2.16129971934619,-0.983458510641735,-6.49999999999964,1.60993654115806e-07
13.9,0.3004749,0.1612729,5.0631942204615,3.25538490676649e-09,1.7010123453173,-0.690152905524863,0.252521320262277,-0.140325319945016,2.24856041769722,-0.966226435299002,-6.49999999998901,1.5849079286395e-07
13.91,0.3200647,0.1447085,4.66842277389016,2.27272149089116e-09,1.56779943854605,-0.683746792561937,0.268199314647737,-0.147162787870636,2.34021319982472,-0.947813541896103,-6.49999999945648,1.12029504857764e-07
13.92,0.3386775,0.1281732,4.2127038440805,1.1839045154843e-09,1.42716922754642,-0.673159351161523,0.282471006923201,-0.153894381382251,2.43635576102028,-0.928448180120533,-6.49999995301774,5.9147196205878e-08
13.93,0.3562027,0.1116114,3.69562128641192,4.83756571199142e-10,1.27970789969785,-0.659216267855168,0.29526808592018,-0.160486544060803,2.53700247098422,-0.908414089262124,-6.49999216172568,2.45164215954211e-08
13.94,0.3725837,0.09498551,3.11691911515506,1.60701135083426e-10,1.1264268485661,-0.642555594667815,0.306532354405841,-0.166912100007481,2.64174324586818,-0.887926563628405,-6.49716909825343,8.26817281349233e-09
13.95,0.3876421,0.07824709,1.74870507459492,4.51834959883766e-11,0.967326715863251,-0.623867755451865,0.316205621564473,-0.173150777561999,2.7504745617838,-0.8672209516817,-4.59044456551125,2.36179585067686e-09
13.96,0.4017989,0.06173803,0.00168982841980255,8.81126930249572e-12,0.807218549706263,-0.600695278819654,0.324277807061536,-0.179157730350196,2.85991355163226,-0.845367686002558,-0.00611544980324032,4.68658934845519e-10
13.97,0.4133625,0.04417057,5.49570351641111e-08,2.69993450425321e-12,0.633720307162179,-0.583770267143489,0.330615010133158,-0.184995433021631,2.97733778383197,-0.826416482706903,-3.32257509098971e-07,1.45886310913985e-10
13.98,0.4250166,0.0278828,3.70426450523721e-13,2.90829884611984e-13,0.470348901828551,-0.554084506890327,0.335318499151443,-0.190536278090534,3.08689217083913,-0.802993018294336,-7.86558953038292e-12,1.60395492809344e-11
13.99,0.4343002,0.01068339,-2.07776715562207e-19,4.7396459264175e-14,0.297738694023096,-0.530257588215587,0.338295886091674,-0.19583885397269,-3.08276589869616,-0.782425366546544,-3.20078940800393e-17,2.6642028518292e-12
14,0.442166,-0.006298992,-9.0649747608337e-25,5.47064962178409e-15,0.125294494632101,-0.502978639625862,0.339548831037995,-0.200868640368949,-2.97215018475194,-0.760938565892617,-5.54680054881531e-22,3.14077791079839e-13
14.01,0.4480147,-0.02363173,-3.44828494029567e-25,6.74102852090772e-16,-0.0506771305973501,-0.477192089847986,0.339042059732022,-0.205640561267428,-2.8627029421987,-0.740560509435624,-3.67700731517691e-23,3.95385531553828e-14
14.02,0.4533133,-0.03988116,-1.01268003314879e-21,3.13036648623481e-17,-0.217106128499722,-0.441521168186952,0.336870998447025,-0.210055772949298,-2.64861830002976,-0.716412209883408,-9.07215810648042e-20,1.88705558333154e-15
14.03,0.4579732,-0.05477494,-8.52243666603717e-17,4.29252035512361e-19,-0.374401211032094,-0.394795888819008,0.333126986336704,-0.214003731837488,-2.56870745009915,-0.687785212743186,-6.47495399777483e-15,2.68214543314287e-17
14.04,0.4599467,-0.07040362,-9.52188896789925e-12,9.26067763437036e-21,-0.538589613487417,-0.354808963782645,0.327741090201829,-0.217551821475315,-2.48864751602818,-0.662567518293834,-6.25389112123784e-10,5.99447463128995e-19
14.05,0.4609618,-0.08469872,-1.64727848411497e-07,5.7013365618937e-23,-0.694323648730681,-0.304810347812801,0.320797853714523,-0.220599924953443,-2.41485964000932,-0.632945092903385,-9.81174164865353e-06,3.86790680440964e-21
14.06,0.4603209,-0.09829835,-0.000693602880623743,1.82618149893622e-25,-0.846834025928306,-0.250978403694763,0.31232951345524,-0.22310970899039,-2.34447916150655,-0.601612729562624,-0.0384574505842704,1.31090152231633e-23
14.07,0.4579758,-0.1111918,-0.109208604909584,3.70636074589314e-28,-0.995786994737962,-0.19386521076882,0.30237164350786,-0.225048361098078,-2.27717310780977,-0.568655199398562,-5.72096990015453,2.84040319754548e-26
14.08,0.4538513,-0.1234131,-0.130122248255994,8.25018919956845e-31,-1.14110786923202,-0.134356603842267,0.29096056481554,-0.226391927136501,-2.21256154119088,-0.534338550272185,-6.49816953709765,6.7924713384076e-29
14.09,0.448082,-0.1354709,-0.135662702519266,7.36255295779793e-33,-1.28108021208812,-0.0770614109873264,0.278149762694659,-0.227162541246374,-2.1507478017503,-0.501032078811367,-6.49999141063961,6.49234436098586e-31
14.1,0.4409456,-0.1470543,-0.140561673164348,5.71980582939174e-34,-1.41301645564224,-0.0196881548090957,0.264019598138236,-0.227359422794465,-2.09195651890721,-0.46742573778789,-6.49999991430329,5.36627928960358e-32
14.11,0.4328814,-0.1582631,-0.144822226089964,7.94306141790764e-34,-1.53320618103576,0.0366034415681611,0.248687536327879,-0.226993388378784,-2.03646284695611,-0.434108905649085,-6.49999999821791,7.80343267923344e-32
14.12,0.423938,-0.1697817,-0.148502055492725,9.99482323625196e-33,-1.64141705190647,0.0861018372160238,0.232273365808814,-0.226132370006623,-1.98371640976821,-0.40455204957326,-6.49999999993134,1.00223593029079e-30
14.13,0.4150564,-0.1810217,-0.151589576070007,4.89442453955666e-31,-1.73040669714786,0.133716904152784,0.214969298837335,-0.224795200965096,-1.93438726150377,-0.375837189511671,-6.49999999999451,4.91353405242767e-29
14.14,0.4066049,-0.192125,-0.154159075636523,3.88411151710008e-29,-1.79818990273503,0.178171916332531,0.196987399809985,-0.22301348180177,-1.88807632927051,-0.348784275397513,-6.49999999999913,3.88348372562003e-27
14.15,0.3990286,-0.2028952,-0.156276102756226,3.52364132487214e-27,-1.84246378739786,0.221000824256912,0.178562761936006,-0.220803473559201,-1.84446374564978,-0.322404209086779,-6.49999999999972,3.53722305767319e-25
14.16,0.3923618,-0.2133949,-0.158014878247528,2.59750864877949e-25,-1.86452554452915,0.261565314873824,0.159917506490715,-0.218187820410463,-1.80285160581523,-0.297113531586159,-6.49999999999984,2.66964652999973e-23
14.17,0.3867017,-0.223445,-0.159426581608423,1.57354796476846e-23,-1.86521608875261,0.301216183208801,0.141265345603189,-0.215175658578375,-1.76272783830098,-0.271960027523075,-6.49999999999984,1.71176326035494e-21
14.18,0.3821737,-0.2329506,-0.160547538119235,7.6735845068065e-22,-1.84521791903317,0.340529944388841,0.122813166412857,-0.211770359134486,-1.72367639172662,-0.246466390119879,-6.49999999999971,9.34456848273445e-20
14.19,0.378793,-0.2418406,-0.161404435818071,2.88747917087521e-20,-1.80617457602238,0.379851303488259,0.104751420652633,-0.207971846099604,-1.68526264971502,-0.220282592800856,-6.49999999999913,4.36737729069409e-18
14.2,0.3767454,-0.2499685,-0.162011824121689,7.73803006351017e-19,-1.74836146127057,0.42009461770494,0.0872678060399276,-0.203770899922554,-1.64718165839619,-0.192582238938761,-6.49999999999549,1.88117269286222e-16
14.21,0.3760478,-0.2571141,-0.162377486198757,7.46665976742e-18,-1.67349902273075,0.462681806709114,0.0705328158126201,-0.199144081855463,-1.6090553559576,-0.162041254431194,-6.49999999995904,8.36237224642934e-15
14.22,0.3767227,-0.2630481,-0.162499993646376,-5.08367030174906e-16,-1.58323707994512,0.508977673514575,0.0547004450131688,-0.194054305120318,-1.570521184786,-0.12721803128672,-6.49999999933524,4.18228426739811e-13
14.23,0.3787163,-0.2674947,-0.162368795705685,4.97090372332509e-14,-1.47980114744733,0.560583676640565,0.0399024335386955,-0.188448468353912,-1.53120349716838,-0.086273700673851,-6.49999998028241,2.55493907585807e-11
14.24,0.3817939,-0.2701754,-0.161963820162489,1.62938391201717e-11,-1.3667661576099,0.618957716278,0.0262347719625966,-0.182258891191132,-1.49074343172099,-0.0372368492862229,-6.49999894268862,1.98964999971761e-09
14.25,0.3858722,-0.2709849,-0.161253251926279,-2.47225092160003e-09,-1.246277599788,0.684022519095851,0.0137719959647165,-0.175418666000173,-1.44880809080357,0.0207293884651869,-6.49989264037855,1.81131644068284e-07
14.26,0.3906218,-0.2694619,-0.159711321647493,-1.91263333914662e-06,-1.12231797246988,0.758491199470612,0.00254881624001772,-0.167833754005467,-1.40518290170716,0.0911148136886704,-6.47978337720402,2.13516397394757e-05
14.27,0.395222,-0.2657567,-0.0843688832892703,-0.000444929584483241,-1.00248133739893,0.839938982199804,-0.00747599713397163,-0.159434364183469,-1.36017385786952,0.172681247639969,-3.45335221165136,0.00256708684797934
14.28,0.3996972,-0.2595188,-0.000393473394730112,-0.0824466354808508,-0.887008917396397,0.930067478119499,-0.0163460863079356,-0.150133689402274,-1.31382548682129,0.267663714199645,-0.0162895646042977,0.313650830023648
14.29,0.4025708,-0.2520537,-1.06518557107128e-06,-1.82840756575225,-0.788028912618098,1.01723054070082,-0.0242263754341166,-0.139961383995266,-1.26818684504616,0.364953772193106,-4.46966284631294e-05,5.13297038105614
14.3,0.4063475,-0.2397783,-9.72299548134305e-10,-3.0572969462872,-0.684941035692621,1.1295576214399,-0.0310757857910428,-0.128665807780867,-1.22014477009879,0.490065815209625,-4.1485745615026e-08,6.48936313380747
14.31,0.4078653,-0.2264282,-1.83209729120205e-12,-3.72873332241681,-0.603863151105573,1.23464843735299,-0.0371144173020985,-0.116319323407337,-1.17561608095715,0.610838318299351,-7.95749862305699e-11,6.49986202708043
14.32,0.4070358,-0.2118994,-1.05585049063928e-14,-4.31963611283966,-0.544251791752906,1.33322159366013,-0.0425569352196276,-0.102987107470736,-1.1362206746975,0.727061992377434,-4.66754908170192e-13,6.49999681432044
14.33,0.4071729,-0.1926171,-1.80041684218987e-17,-4.91371004618069,-0.478433761452338,1.45353377713122,-0.047341272834151,-0.0884517696994238,-1.09459795143485,0.857193545936801,-8.12444884398519e-16,6.49999995517446
14.34,0.405618,-0.1716001,-7.961816971801e-20,-5.39238202126039,-0.428440422418702,1.56910576668797,-0.051625677058338,-0.0727607120325441,-1.05824948649249,0.978344196766373,-3.66391094048469e-18,6.4999999989838
14.35,0.4016531,-0.1496528,-2.52231097497059e-21,-5.75538002607247,-0.399024376248749,1.67317169672393,-0.0556159208208255,-0.0560289950653047,-1.03006415106967,1.08736377792026,-1.17973647527055e-19,6.49999999995795
14.36,0.3964154,-0.1259745,-2.34770044522214e-22,-6.03111958576731,-0.379686570244903,1.77231902446784,-0.0594127865232745,-0.0383058048206263,-1.00652416130474,1.18856100102339,-1.11383484380162e-20,6.4999999999976
14.37,0.389593,-0.1011911,-9.53657535379493e-23,-6.22912644063389,-0.372213415617417,1.86131764882125,-0.0631349206794487,-0.0196926283324139,-0.988542127934258,1.28101792344554,-4.57596295123749e-21,6.49999999999979
14.38,0.381107,-0.07578196,-1.75367267103527e-22,-6.36373099054959,-0.376319958591838,1.93657942504353,-0.0668981202653671,-0.00032683408197853,-0.975920127299018,1.36562047688223,-8.48358477810084e-21,6.49999999999997
14.39,0.3719322,-0.04907652,-4.63262542660963e-22,-6.4486949158299,-0.383304768268191,2.0040134022381,-0.070731167948049,0.0197132999404025,-0.964675967913543,1.44503905826643,-2.25775169333602e-20,6.49999999999999
14.4,0.3607644,-0.02276101,-5.86401078945143e-21,-6.49131538459156,-0.403233381038704,2.05040674021868,-0.074763501758436,0.0402173673425893,-0.958943829263732,1.51908442302157,-2.86884591246974e-19,6.5
14.41,0.3487123,0.003906739,-9.25361552135721e-20,-6.49878381954911,-0.42613282439906,2.08299750460376,-0.0790248300024266,0.061047342388627,-0.953986992049093,1.59014595520787,-4.54228901624423e-18,6.5
14.42,0.3355463,0.03042748,-2.0362621761365e-18,-6.47452292220914,-0.453427373118941,2.0986867363917,-0.083559103733616,0.082034209752544,-0.950254094106106,1.65938610946686,-1.00206788886413e-16,6.5
14.43,0.3218104,0.05677039,-3.58821339338197e-17,-6.41987724570958,-0.480262857849899,2.09844463183832,-0.088361732312115,0.103018656070927,-0.945637007482808,1.72801050719368,-1.77137835789453e-15,6.5
14.44,0.3068782,0.08241946,-8.23443520964779e-16,-6.3338190703949,-0.511457422541721,2.07941650144335,-0.0934763065375322,0.123812821085361,-0.942077411930104,1.79746200482084,-4.07501765747422e-14,6.5
14.45,0.2918646,0.1080956,-1.00194435400121e-14,-6.2153543973989,-0.53760781922953,2.04890440544696,-0.0988523847298275,0.14430186513983,-0.935861328019539,1.86790299139705,-4.97976394143206e-13,6.5
14.46,0.2759415,0.1327287,-1.26165261515856e-13,-6.05844845668034,-0.565499280776628,1.99949918702504,-0.104507377537594,0.164296857010081,-0.9298257239583,1.9415930088042,-6.29704608681745e-12,6.49999999999999
14.47,0.2598684,0.1568808,-9.65834484381141e-13,-5.85982435755108,-0.588777450095911,1.93744299526798,-0.110395152038553,0.18367128696276,-0.92162416777156,2.01842929108145,-4.84858875523766e-11,6.49999999999998
14.48,0.243835,0.1805541,-4.27712372185618e-12,-5.61472035972321,-0.606141118794769,1.86412378803317,-0.116456563226501,0.202312524843092,-0.911031039188015,2.09889509586662,-2.16351362661324e-10,6.49999999999986
14.49,0.2275016,0.2033119,-1.45466087666648e-11,-5.31338651606093,-0.620625941777966,1.77741096102326,-0.12266282264428,0.220086634453325,-0.89938130654215,2.18465940932536,-7.42090794979951e-10,6.49999999999856
14.5,0.2110775,0.2251986,-3.44055811879003e-11,-4.9489752550834,-0.630692623304988,1.67924160727283,-0.12896974887733,0.236879050526053,-0.886226257209495,2.2760811871107,-1.77245089799157e-09,6.49999999997795
14.51,0.1945243,0.2460684,-6.02373914248276e-11,-4.513042350363,-0.636917228791553,1.56996622685478,-0.135338921165246,0.252578712794601,-0.871901654479049,2.37396555466478,-3.13727238474333e-09,6.49999999944925
14.52,0.177847,0.2658115,-8.01562841601071e-11,-3.99924367800208,-0.639508025381947,1.45026336382442,-0.141734001419065,0.267081346432845,-0.856573495770248,2.47880712221497,-4.22512747861305e-09,6.49999997609728
14.53,0.1610719,0.2843173,-8.18114874243894e-11,-3.40414523957557,-0.638511171572409,1.32081651648128,-0.148119113134789,0.280289511597658,-0.840327508228401,2.59078268594454,-4.36942823054726e-09,6.49999803871417
14.54,0.1441671,0.3014575,-6.6736444176417e-11,-2.72200015588447,-0.634454773582039,1.18217935699874,-0.15446366087061,0.292111305167645,-0.823412311163632,2.70970353469758,-3.61523517439446e-09,6.4996570254702
14.55,0.127168,0.3171538,-4.33455850040314e-11,-1.91148765743109,-0.627308404377438,1.03531583400901,-0.160736744914384,0.302464463507735,-0.805851053271147,2.83450621850489,-2.38443137001227e-09,6.35537149350428
14.56,0.1100476,0.3312931,-2.31612001063006e-11,-0.0374300567558254,-0.617559603951438,0.880892670805206,-0.166912340953898,0.311273390215787,-0.787853455169505,2.96367835668863,-1.29525263620376e-09,0.210039179189621
14.57,0.09296756,0.3439638,-9.35029769904128e-12,-1.75748994065508e-06,-0.604177616565522,0.721167938698432,-0.172954117119554,0.318485069602772,-0.769039628049772,3.09388741952058,-5.32468157420383e-10,4.45879066290909e-05
14.58,0.07648149,0.3557238,-2.05008408284269e-12,9.11736223912906e-12,-0.583131063656602,0.561979014128692,-0.17878542775612,0.324104859744058,-0.747860680510847,-3.06441806951808,-1.19306447489216e-10,2.60896003970309e-09
14.59,0.0587447,0.3644743,-8.06864054942065e-13,6.9166265791772e-17,-0.569759755986688,0.387638340826413,-0.184483025315986,0.327981243152323,-0.730364894667558,-2.93442974851614,-4.78621265441931e-11,1.24872747145968e-14
14.6,0.04188455,0.3725201,-1.4218162258809e-13,4.99413966271434e-22,-0.546666325538052,0.218707044519569,-0.189949688571367,0.330168313597518,-0.709567353214712,-2.81630643632104,-8.64173750812826e-12,5.00729581082093e-20
14.61,0.02540905,0.3792295,-1.57757867900307e-14,1.10763411657961e-25,-0.518647691722069,0.0508063793358673,-0.195136165488588,0.330676377390877,-0.687416385923409,-2.70684229945168,-9.86219633475841e-13,1.08741910021222e-23
14.62,0.009344074,0.3845976,-1.08392200064619e-15,9.0580431702096e-25,-0.486049219008375,-0.115131417034576,-0.199996657678671,0.329525063220531,-0.664020453861943,-2.73439324992603,-7.00125669169042e-14,9.07485658639471e-23
14.63,-0.006153781,0.3886618,-4.08933310431098e-17,3.07340426851332e-20,-0.448182759507695,-0.277923310555465,-0.204478485273748,0.326745830114977,-0.639034180243827,-2.64127229077457,-2.74617918439541e-15,2.71398222512744e-18
14.64,-0.02104611,0.3914469,-8.0925251925542e-19,4.71590408498583e-15,-0.405385391638536,-0.436597148171217,-0.208532339190134,0.322379858633264,-0.612519431840507,-2.55438554529884,-5.69188778159727e-17,3.48125473672729e-13
14.65,-0.03535898,0.3927999,-8.44486644452953e-21,2.19824400435617e-10,-0.358510612251713,-0.591693076847584,-0.212117445312651,0.316462927864789,-0.584749306612752,-2.47280616106083,-6.26442836345268e-19,1.41008047648445e-08
14.66,-0.0490796,0.3927577,-4.61158657583616e-23,2.0385319913815e-06,-0.308063695131434,-0.742221126468401,-0.215198082263965,0.309040716600105,-0.55583759239367,-2.39633128741084,-3.62923689373387e-21,0.000118962927028213
14.67,-0.06219902,0.3913699,-1.38345459685894e-25,0.00434830155852473,-0.254564221060225,-0.887197809549654,-0.217743724474567,0.300168738504608,-0.525899973332929,-2.32466006568058,-1.15934458405971e-23,0.236875068460362
14.68,-0.07468034,0.3888927,-2.65922986716682e-28,0.120595342436108,-0.198289747892129,-1.02411127716477,-0.219726621953489,0.28992762573296,-0.494933221871607,-2.25795391297122,-2.37325301371115e-26,6.22476822953923
14.69,-0.08663681,0.3855206,-5.77364060243669e-31,0.131640237619774,-0.140704811410931,-1.1511860328697,-0.221133670067598,0.278415765404263,-0.463520743953249,-2.19595476158254,-5.45138489293579e-29,6.49862483070309
14.7,-0.09817733,0.3817187,-3.62418306335425e-33,0.136679909067657,-0.0831326389165383,-1.26470398258488,-0.221964996456763,0.265768725578414,-0.432220925004555,-2.13888494155165,-3.56746064154389e-31,6.49998244945488
14.71,-0.1088102,0.3782755,-1.7913207652795e-34,0.140931073290025,-0.022034701188538,-1.35876110213129,-0.222185343468649,0.252181114557102,-0.399055402434108,-2.08733025172056,-1.79864897952874e-32,6.49999938614991
14.72,-0.1196749,0.3745857,-2.24635349142404e-34,0.144636101476897,0.0329017420165876,-1.43909229132464,-0.221856326048483,0.237790191643855,-0.369105758201045,-2.03899650534471,-2.25272112239645e-32,6.49999995869364
14.73,-0.1304174,0.3714024,-3.30470652937581e-33,0.147783973412799,0.0846260402350616,-1.50029583780061,-0.221010065646132,0.222787233265849,-0.340801848983551,-1.99445168836289,-3.30349900791075e-31,6.49999999414867
14.74,-0.1407007,0.3693034,-2.5544335178688e-31,0.150421138238477,0.135740124682911,-1.53890816773777,-0.219652664399303,0.207398151588471,-0.312640685239951,-1.95372919726409,-2.57994390038336e-29,6.49999999819346
14.75,-0.1518438,0.3669788,-1.37680216428071e-29,0.152750746187357,0.175523581727013,-1.56684806921255,-0.217897428582033,0.191729670896346,-0.290863335152329,-1.91418064764199,-1.42977584267658e-27,6.4999999992053
14.76,-0.1621936,0.3659168,-1.23268734088164e-27,0.154705077426543,0.217723100319354,-1.57297632037896,-0.21572019757884,0.175999907692556,-0.267431432991758,-1.87739493340334,-1.36147572283748e-25,6.49999999930542
14.77,-0.1721533,0.3656075,-9.68117318650095e-26,0.156379346086078,0.258689367677256,-1.56301611982927,-0.213133303902067,0.160369746494264,-0.244436178871791,-1.84216569284054,-1.19358444778765e-23,6.4999999989976
14.78,-0.1816424,0.3660362,-5.97622139643017e-24,0.157811203166119,0.298901240153942,-1.53841438259644,-0.210144291500528,0.144985602668299,-0.221524677647959,-1.80809223447412,-8.9156782438308e-22,6.49999999769198
14.79,-0.1905544,0.3671314,-2.68073958691051e-22,0.159029933805113,0.339011412365537,-1.50104676451746,-0.206754177376872,0.129975135023125,-0.198205433416565,-1.77478475461938,-5.7155115417014e-20,6.4999999918323
14.8,-0.1986274,0.3689532,-7.42611438485466e-21,0.160051898325252,0.380848174026141,-1.45167954316341,-0.202945695636611,0.115458339591491,-0.173164793047512,-1.74203203115243,-3.66680465157941e-18,6.49999995523781
14.81,-0.205821,0.3713252,9.44548750282005e-20,0.160893332162334,0.424332350258204,-1.39297185840286,-0.198702372134029,0.101528621007462,-0.146258807462857,-1.70945254396752,-2.2427628194531e-16,6.49999963836537
14.82,-0.2115921,0.3744263,1.90533693176054e-17,0.161557131605285,0.473358806856229,-1.32461448619096,-0.193968784065466,0.0882824761455523,-0.114529813170288,-1.67697157646112,-1.81006075690475e-14,6.49999542577651
14.83,-0.2158632,0.377966,-5.9765233354618e-15,0.162046910418411,0.52778950496641,-1.25010488916038,-0.188690889015802,0.0757814272539484,-0.0775789940801396,-1.64421325036869,-1.74539358543776e-12,6.49991571318701
14.84,-0.2183074,0.3818591,-1.74395127616006e-12,0.162308779900185,0.589438006942135,-1.17107595070023,-0.182796508946381,0.0640706677469461,-0.0334647360673388,-1.61098202574118,-2.14689897546116e-10,6.49775581007176
14.85,-0.2186216,0.3858333,4.35043713795173e-10,0.160512337078344,0.659737726758085,-1.09054148233444,-0.1761991316788,0.0531652529236017,0.0197358062728628,-1.57705803619272,-3.38492296955828e-08,6.4206231647697
14.86,-0.2165624,0.3895445,5.22768494782417e-07,0.106151930592659,0.739477634552461,-1.01185620321132,-0.168804355333276,0.0430466908914885,0.0836733940882263,-1.54231932881952,-6.46679386253871e-06,4.24785159803155
14.87,-0.2117113,0.3929834,0.000247682828484891,0.00574355466374883,0.830710220765237,-0.935441448993315,-0.160497253125623,0.0336922764015554,0.161125308903626,-1.50678996826377,-0.00152472992463184,0.230227890308609
14.88,-0.2043374,0.3954296,0.0768628741217836,0.000133611104677274,0.929809957961917,-0.867303767919538,-0.151199153546004,0.02501923872236,0.250150097067042,-1.47071583349417,-0.312325738242971,0.00537213862000176
14.89,-0.1936217,0.3974217,2.08678247503706,2.79174122084384e-06,1.04199541969079,-0.802947585994585,-0.140779199349096,0.0169897628624142,0.355449937872859,-1.43415479492792,-6.01105212616211,0.000112752339451115
14.9,-0.179915,0.3982595,2.96159261064597,7.97117126792533e-08,1.16273143039222,-0.748019421981005,-0.129151885045174,0.00950956864260412,0.472813684407495,-1.39780154477649,-6.49745531022307,3.23825825944828e-06
14.91,-0.1622171,0.399185,3.69846168899357,1.64106163938574e-09,1.29847526320957,-0.692278775753279,-0.116167132413078,0.00258678088507133,0.605124289366548,-1.36088281309944,-6.49998865841485,6.71607897323249e-08
14.92,-0.1416229,0.3987997,4.38553502952761,5.62018289144224e-11,1.43850134271034,-0.647206294637912,-0.101782118985975,-0.00388528206130779,0.740717688120204,-1.32518562853526,-6.4999999270241,2.31975036496213e-09
14.93,-0.1197397,0.3960176,4.96012052059072,6.99581099259472e-12,1.56885473452122,-0.620829437612213,-0.0860935716407627,-0.0100935764374299,0.868157202594282,-1.29286292868718,-6.4999999989974,2.91338562411467e-10
14.94,-0.09343186,0.3939476,5.46585020549389,4.33235660061849e-13,1.71425577896256,-0.587216365110299,-0.0689510138511371,-0.0159657400885329,0.998890230537915,-1.25920350382192,-6.49999999998765,1.82324084292646e-11
14.95,-0.06629143,0.3895774,5.83962165227778,1.07427320370861e-13,1.84416673940893,-0.570981043947574,-0.0505093464570478,-0.0216755505280087,1.11603448206743,-1.23000961773834,-6.49999999999967,4.56702356762083e-12
14.96,-0.03777339,0.3837744,6.11175068047353,5.86702433509896e-14,1.96327902870084,-0.563972615777885,-0.0308765561700393,-0.0273152766857875,1.22334073396088,-1.20372002036627,-6.49999999999999,2.51914880294444e-12
14.97,-0.008651719,0.3760201,6.29822714828308,9.79004522046314e-14,2.06555035922934,-0.569592620993693,-0.0102210525777459,-0.0330112028957244,1.32091946475624,-1.18148187163276,-6.5,4.24168587309536e-12
14.98,0.02084472,0.3667822,6.41705751096167,3.21670366054925e-13,2.14983171188127,-0.583091265569041,0.0112772645410667,-0.0388421155514149,1.41083387072138,-1.16192731952848,-6.5,1.40544057275417e-11
14.99,0.05062885,0.35636,6.48138104999243,1.53654954024398e-12,2.21629819121407,-0.601375846925964,0.0334402464532075,-0.0448558740206745,1.49506977352182,-1.14404804779313,-6.5,6.76783499071433e-11
15,0.07931353,0.3435523,6.49994560681565,2.09922224378684e-11,2.25494570959595,-0.633436224158912,0.055989703549167,-0.0511902362622636,1.57488836227305,-1.13043341070153,-6.5,9.30540330274777e-10
15.01,0.1076945,0.3297015,6.47829705082236,2.89952593638889e-10,2.27399131982869,-0.667346681502907,0.0787296167474539,-0.0578637030772927,1.652557509572,-1.11709854404205,-6.5,1.29363062877594e-08
15.02,0.1352238,0.3145708,6.41834053675851,4.46367901368498e-09,2.27050363115986,-0.704603878235284,0.101434653059053,-0.0649097418596455,1.72951412314531,-1.10446532027069,-6.5,2.00409017837107e-07
15.03,0.1617616,0.2983257,6.31935482530422,6.61875099323588e-08,2.24515314959901,-0.743380037208804,0.123886184555043,-0.0723435422317336,1.80716471977175,-1.09192716112177,-6.5,2.99088564717472e-06
15.04,0.1873795,0.2812905,6.17881457795044,7.829765669251e-07,2.20036414062472,-0.780731426842739,0.14588982596129,-0.0801508565001609,1.88654659372394,-1.0786425853053,-6.5,3.5630717651746e-05
15.05,0.2120837,0.2636974,5.99289274621247,6.72379200193092e-06,2.137975610817,-0.814682832242383,0.16726958206946,-0.0882976848225848,1.96850608261398,-1.06416173115205,-6.5,0.000308402240353212
15.06,0.2359357,0.2457971,5.75734145092645,3.87364011478523e-05,2.06023101888616,-0.843289378459913,0.187871892258321,-0.0967305786071839,2.05357927701583,-1.04808828301261,-6.5,0.00179287271538879
15.07,0.2589548,0.2277209,5.46785100430241,0.000148467205809095,1.96895808019236,-0.865740191023701,0.207561473060245,-0.105387980517421,2.14213369952568,-1.03036864240687,-6.49999999999999,0.00694286318853315
15.08,0.2811781,0.2095776,5.12110376829541,0.000378970831554274,1.86606711744501,-0.881501326923727,0.226222144234695,-0.114202993786658,2.23424154637766,-1.01100112512647,-6.49999999999987,0.0179302113894157
15.09,0.3026307,0.1915039,4.71566366613239,0.000635566498661837,1.75329700303025,-0.889905741051775,0.243755114264998,-0.123102051197176,2.32972034753604,-0.98990718693921,-6.49999999999742,0.0304700167124862
15.1,0.3232574,0.1735464,4.25195860147945,0.000716777412203001,1.63167757104304,-0.891095381700426,0.260071889975428,-0.13201300501418,2.42839029784374,-0.967215445574628,-6.49999999991894,0.0348739606131617
15.11,0.3429717,0.1557457,3.73284955957247,0.000553008779697225,1.50196315269902,-0.8852945071822,0.275091521502418,-0.140865950086002,2.52999244739859,-0.943040538963038,-6.49999999581488,0.0273488847164394
15.12,0.3616307,0.1380412,3.16041429788716,0.000307778065149413,1.36445945265424,-0.873551483161281,0.288736116028961,-0.149601464917615,2.63433657704862,-0.917729720795173,-6.49999961161387,0.0154937152009892
15.13,0.3790793,0.1204417,2.5328739189201,0.000125404271146445,1.2193962962647,-0.85632238845327,0.300930078991608,-0.158164688802148,2.74115625915439,-0.891420082537603,-6.49992692497321,0.00643529264231049
15.14,0.3951104,0.1028839,1.84671385190739,3.9085128886027e-05,1.06662630450829,-0.834629418449332,0.311596342036691,-0.166510982986641,2.85030002727011,-0.864429578804152,-6.46681696231224,0.00204748599320829
15.15,0.4101013,0.08570341,0.175280058015134,8.04985043820821e-06,0.910679311558042,-0.806294311135993,0.320703135152271,-0.174573926098001,2.95851687885314,-0.835954438607283,-0.957775587182958,0.000431488204929193
15.16,0.4224615,0.06793202,1.07379101616141e-05,1.76548272666214e-06,0.740203080568619,-0.779643826054951,0.328105165957957,-0.18237036435855,3.07260721419173,-0.808939645307617,-0.000169085837473253,9.68522368406837e-05
15.17,0.4335113,0.05049207,-4.50467119323086e-11,2.62554633204565e-07,0.567829252517811,-0.747413136702662,0.333783458483135,-0.189844495725577,-3.09931660876181,-0.780681161896108,-5.57429064700872e-09,1.47830604695558e-05
15.18,0.4434231,0.03364496,1.10374297372835e-17,2.31540856935761e-08,0.396139544023228,-0.708163270470639,0.337744853923368,-0.196926128430283,-2.9929681895934,-0.75054965994022,-4.33581252626893e-14,1.3436539479262e-06
15.19,0.4510837,0.01663291,-1.08845119958923e-21,1.81167217624619e-09,0.217352403401669,-0.668657235044954,0.339918377957384,-0.203612700780733,-2.88702365764656,-0.721105762402747,-1.26875489374592e-19,1.08611302619628e-07
15.2,0.4561328,-0.0009221714,-3.0631498806062e-25,1.57297269709938e-10,0.0302939835692015,-0.632129172019546,0.340221317793076,-0.209933992500928,-2.7814146797548,-0.693637516653981,-3.06713121595714e-23,9.75348312847198e-09
15.21,0.4609443,-0.01674139,-1.34088082006774e-23,3.95928854226939e-12,-0.144461183058489,-0.580568747904653,0.338776705962491,-0.215739679979975,-2.71407080437906,-0.660619525460906,-1.32587632951878e-21,2.57029216694053e-10
15.22,0.4633521,-0.03299354,-2.10480971212553e-18,1.05781557392638e-13,-0.323904431617322,-0.532584982610754,0.335537661646318,-0.221065529806083,-2.61890894700621,-0.629785516290149,-1.77572243319853e-16,7.21524282317813e-12
15.23,0.4637169,-0.04911394,-9.16955157137017e-13,2.12206169726732e-15,-0.503690727881221,-0.483723087968105,0.330500754367506,-0.225902760685764,-2.52796360808505,-0.599181086241124,-6.43631934806689e-11,1.53038223807846e-13
15.24,0.4629333,-0.06415176,-5.63956818334288e-08,1.62242162730643e-17,-0.675598000542941,-0.426838303853316,0.323744774362076,-0.230171143724297,-2.44438913733315,-0.56546615313295,-3.48091231301214e-06,1.25154700137064e-15
15.25,0.4604274,-0.07868507,-0.000612276508416371,7.02929506144051e-20,-0.843699879661575,-0.367467154670454,0.315307775565461,-0.233845815271001,-2.36556702400262,-0.531010397201646,-0.0346290718913331,5.82788420666637e-18
15.26,0.4561217,-0.09283868,-0.114123732239662,1.99474827391011e-22,-1.00784957374209,-0.307149458845032,0.30522927982804,-0.236917309859452,-2.29094723575516,-0.496432418001736,-6.04419656499486,1.77502634426533e-20
15.27,0.450231,-0.1065283,-0.129398077888301,3.99187967788286e-25,-1.16562371685832,-0.245660529091509,0.293573042659457,-0.239373915150367,-2.22071027373614,-0.46151664961448,-6.49934355720986,3.78108373815805e-23
15.28,0.4428234,-0.1199975,-0.135340884746365,9.51266011948005e-28,-1.315988686681,-0.18538853130336,0.280413155792647,-0.2412278004634,-2.15446907274685,-0.427384600308641,-6.49999766544949,9.40738169937774e-26
15.29,0.4341995,-0.133346,-0.140539256892929,4.92714479387721e-30,-1.45619879881458,-0.127392198652718,0.265851167804501,-0.242501722449927,-2.09223626897211,-0.394547208535428,-6.49999998023469,4.95033546246522e-28
15.3,0.4247987,-0.1465588,-0.144998679284833,1.04117363474615e-31,-1.5826898024324,-0.071729622473832,0.250024269780177,-0.243219018674666,-2.03405027207293,-0.363009158765844,-6.49999999962373,1.04302332710302e-29
15.31,0.4151763,-0.1595625,-0.148753842764591,1.5404683194759e-32,-1.69134959867311,-0.0179767025765791,0.233110773793446,-0.243398785700432,-1.97989373948295,-0.332505037023209,-6.49999999998426,1.54133880284193e-30
15.32,0.4057957,-0.1725456,-0.151879935728342,1.90969493134283e-32,-1.77922688273157,0.0321987364889011,0.21531850496613,-0.243076798335543,-1.92943308913783,-0.303947162393606,-6.49999999999861,1.94511557369721e-30
15.33,0.3987291,-0.1841775,-0.154365083533385,2.32212511781743e-31,-1.83102333159235,0.0892728706132146,0.197008271650206,-0.24218406962941,-1.88408671902554,-0.271215656120579,-6.49999999999964,2.53209697361333e-29
15.34,0.39029,-0.1972525,-0.156528161308164,4.0478508432407e-30,-1.87836800341052,0.130297150332975,0.178224591616101,-0.240881098126081,-1.8388198797264,-0.247721446041105,-6.49999999999989,4.89324613845273e-28
15.35,0.384694,-0.2087463,-0.158226712080643,2.71947433445103e-28,-1.88799923395509,0.180151851736667,0.15934459927655,-0.239079579608714,-1.79727563177953,-0.218661579106642,-6.49999999999991,4.19061564791797e-26
15.36,0.38051,-0.2196585,-0.159597609412421,2.07620923889752e-26,-1.87412271925152,0.229944185323859,0.140603372084035,-0.236780137755475,-1.7572926639373,-0.189209749308303,-6.49999999999987,5.52731367584621e-24
15.37,0.3775902,-0.2298163,-0.160684016118568,5.11682367946443e-25,-1.83983873456019,0.280733369540574,0.122204984738433,-0.23397280406007,-1.71822535766895,-0.158577991418868,-6.49999999999966,9.00277348384424e-22
15.38,0.3758954,-0.2393006,-0.161509813782495,-1.61401453463565e-22,-1.78727448084709,0.331487127267092,0.104332239929962,-0.230657932787399,-1.67961243097312,-0.127275036221945,-6.49999999999853,1.32856703810416e-19
15.39,0.3754219,-0.248004,-0.162086835517949,1.11173350099249e-20,-1.71822543897234,0.382738610923219,0.087149985540239,-0.226830546678167,-1.64106579772673,-0.0948064933673512,-6.49999999998926,1.68385282984986e-17
15.4,0.3760742,-0.2558102,-0.162417489649359,1.14005687243415e-17,-1.6351769650604,0.435045921543647,0.070798215889635,-0.22248008746273,-1.60219323991891,-0.0606167349398152,-6.49999999986988,1.82834927877438e-15
15.41,0.377864,-0.2625396,-0.1624944568773,1.31057096591539e-15,-1.53965917704537,0.489414763504847,0.0554016241191813,-0.217585939827682,-1.56265883264302,-0.0237848623596557,-6.49999999732308,1.79911447232122e-13
15.42,0.3806913,-0.2680046,-0.16230159762442,-1.76838250361203e-13,-1.43404654784098,0.546820501033416,0.0410611586407715,-0.212117734817347,-1.52210755295201,0.0166778440180468,-6.49999990540828,1.68687356440078e-11
15.43,0.3842641,-0.2719617,-0.161813699651201,-8.94029272630838e-11,-1.3221043726795,0.608582839845958,0.0278401149139765,-0.206031906418888,-1.48022737818469,0.0621076890132158,-6.49999444335498,1.61060842241072e-09
15.44,0.3883364,-0.2740612,-0.16098621314362,-1.99462842928901e-08,-1.20697810721432,0.676723766963377,0.0157703338418333,-0.199264668749254,-1.43680216816035,0.114482081430686,-6.49946782464585,1.72291434518057e-07
15.45,0.3926832,-0.2743831,-0.157835509709262,-3.05383725142504e-06,-1.09142064504487,0.749677302418338,0.00485612739138456,-0.191767895725071,-1.39172261045892,0.173194820530672,-6.41915471850997,1.75708790343821e-05
15.46,0.3971206,-0.2724306,-0.0386408147040171,-0.000471068334948258,-0.977642319130245,0.830517195279025,-0.0049202957999179,-0.18346272377228,-1.34499051103515,0.241082133226429,-1.58712283476513,0.00198382924488328
15.47,0.4007503,-0.2684052,-0.000179663229119972,-0.0607446328613854,-0.873307362892119,0.91651786237793,-0.0136533694288391,-0.174297545148501,-1.29758053831707,0.316500709309668,-0.00747176868871873,0.196061470422868
15.48,0.4038965,-0.2618032,-4.80992166846096e-07,-1.94568863867919,-0.775764354359594,1.01069363568716,-0.021411012972435,-0.16419060879163,-1.24952299766087,0.401889608352071,-2.0308156714765e-05,4.97573975136289
15.49,0.4055851,-0.2531738,-1.68885019027004e-09,-3.06661542702066,-0.692771159208267,1.10746789837594,-0.0283387245645177,-0.15311592980787,-1.20296509264309,0.492840484515684,-7.25364096642096e-08,6.47550179231105
15.5,0.4064959,-0.2417407,-5.84024227570301e-12,-3.6309672089333,-0.61832920630554,1.21213636787286,-0.0345220166275731,-0.140994566129142,-1.15745957283902,0.592524357119103,-2.55677428604332e-10,6.4996913955949
15.51,0.4061738,-0.2278484,-2.92213457012429e-14,-4.17078836149973,-0.555813759815707,1.32068857867759,-0.0400801542257302,-0.127787680342366,-1.11473774280825,0.696789096559137,-1.30523781469653e-12,6.49999530412849
15.52,0.4044772,-0.2115082,-2.74517508060963e-16,-4.67739263465167,-0.505783476638751,1.4320342588153,-0.0451379889921177,-0.113467337754213,-1.07594892281218,0.803363085937542,-1.25105232679695e-14,6.49999991142903
15.53,0.4019979,-0.1924564,-3.4997323816422e-18,-5.1359558371234,-0.462888281118251,1.54731299188937,-0.0497668718033002,-0.0979942078353191,-1.03993769066415,0.911066016778456,-1.62744160503747e-16,6.49999999804771
15.54,0.3981316,-0.171265,-1.14818682588347e-19,-5.52339404336916,-0.431587702289948,1.66096780044507,-0.0540827488261997,-0.0813845298308683,-1.00897432173386,1.01545444160946,-5.43918151243373e-18,6.49999999994128
15.55,0.3931226,-0.1479906,-8.82029466471833e-21,-5.83762322706143,-0.409225620587497,1.77194704207485,-0.0581750050320746,-0.0636650594101198,-0.982409118454857,1.11533495868523,-4.24897432232927e-19,6.49999999999762
15.56,0.3865651,-0.1233066,-2.52644342272349e-21,-6.07864797772783,-0.398423064553852,1.87443846302,-0.0621592356776132,-0.0449206747799198,-0.961627510164459,1.20867552398317,-1.23379019981012e-19,6.49999999999985
15.57,0.378678,-0.0973501,-2.15998890911092e-21,-6.25620874606241,-0.396594016665322,1.96736702099003,-0.0661251758442664,-0.0252470045700194,-0.945470193245886,1.2959818672787,-1.06643468106135e-19,6.49999999999999
15.58,0.3697482,-0.07018474,-3.86925439864722e-21,-6.37968852314351,-0.400767340089484,2.05037754025275,-0.0701328492451612,-0.00474322916749192,-0.932426112810708,1.37804741174491,-1.92767175548168e-19,6.5
15.59,0.3588218,-0.04325035,-3.215717672123e-20,-6.45611773099854,-0.417945082488324,2.11236681972953,-0.0743123000700445,0.0163804390298034,-0.925468282531475,1.45450267307669,-1.60993269758658e-18,6.5
15.6,0.346712,-0.016006,-4.50588644548182e-19,-6.49392871054257,-0.440568982598859,2.15883656608249,-0.078717989896033,0.0379688046906283,-0.920615723046116,1.52756076174758,-2.26362407507116e-17,6.5
15.61,0.333025,0.01094057,-1.27256592681289e-17,-6.49756202154826,-0.471154953402985,2.1859060464817,-0.0834295394300629,0.0598278651554453,-0.918658984915763,1.5981928441127,-6.40191584766192e-16,6.5
15.62,0.3187164,0.03773453,-2.81606924038552e-16,-6.4695896928403,-0.501338368640733,2.19604975146072,-0.0884429231164702,0.0817883626700525,-0.915644692329891,1.66758994851091,-1.41974201902134e-14,6.5
15.63,0.3035388,0.06411289,-5.92326113874636e-15,-6.41076066274062,-0.532896300196965,2.188439058808,-0.0937718861184399,0.103672753258132,-0.912405091807951,1.73673319104706,-2.99321731395861e-13,6.5
15.64,0.2877197,0.09016091,-9.84933840876782e-14,-6.3205704103821,-0.56371354576096,2.16516329342077,-0.0994090215760495,0.12532438619234,-0.908096912587401,1.80636440496871,-4.99271949520479e-12,6.5
15.65,0.2714557,0.1155939,-1.15830184002701e-12,-6.19700871749846,-0.592091393693178,2.12533251442627,-0.105329935512981,0.146577711336603,-0.902183116787778,1.87740077030155,-5.89690126491772e-11,6.5
15.66,0.2550427,0.1405524,-8.36017531746167e-12,-6.03783984568361,-0.615700028594597,2.07157924706182,-0.111486935798927,0.167293503807221,-0.893970169178232,1.95024932179083,-4.28200732470416e-10,6.5
15.67,0.2384418,0.1649048,-4.05868731383819e-11,-5.83966925285941,-0.635057186192014,2.00427019850692,-0.117837507660847,0.18733620579229,-0.883918510694223,2.02554149732098,-2.0945293080909e-09,6.5
15.68,0.2220286,0.1887795,-1.11652524307175e-10,-5.60015536113413,-0.647404154632161,1.9258784948721,-0.124311549207169,0.206594990741011,-0.871187707597415,2.10332429706108,-5.81827403418981e-09,6.49999999999997
15.69,0.2055842,0.2119066,-2.11680035312282e-10,-5.31437215349745,-0.654923697927517,1.83561434263774,-0.130860786186444,0.224951134167389,-0.856834193415797,2.18439631271472,-1.11555786324576e-08,6.49999999999971
15.7,0.1893318,0.2343287,-2.52566504717362e-10,-4.97978787167368,-0.65617449392365,1.73528632868607,-0.137422531125681,0.242303997454249,-0.840439611815503,2.26874638447052,-1.34879518503734e-08,6.49999999999569
15.71,0.1731009,0.2557897,-2.1817832496225e-10,-4.59115206401501,-0.652969040040505,1.62427012118511,-0.143952221526086,0.2585466986661,-0.822815683708307,2.35713837646737,-1.18251569709856e-08,6.49999999989806
15.72,0.1569304,0.2761726,-1.36774799665234e-10,-4.14552140875081,-0.645355874764105,1.50315517673105,-0.150405780273727,0.273578250433411,-0.804040668065342,2.44986929606409,-7.53616170263475e-09,6.49999999593649
15.73,0.1407718,0.2953067,-6.54013568340201e-11,-3.64049774875452,-0.634093990355215,1.37212369599593,-0.156746720177279,0.28729948739337,-0.784450733920903,2.54732337037023,-3.66921206816925e-09,6.49999969981535
15.74,0.1245982,0.3130108,-2.46325086490491e-11,-3.0722266489298,-0.619736946687151,1.23132635447818,-0.16294408964415,0.299612750938152,-0.7642825770257,2.64979369091165,-1.40941543840873e-09,6.49995325568661
15.75,0.1083504,0.3291285,-7.6735920904182e-12,-2.42788379592512,-0.603066247361774,1.08115679025008,-0.168974752117768,0.310424318840653,-0.743853533224604,2.7572557209892,-4.48485247349836e-10,6.48192071484841
15.76,0.09202288,0.3434811,-2.00484275811608e-12,-0.392776900482225,-0.584394526945513,0.92186206816567,-0.174818697387223,0.319642939522309,-0.723283538420046,2.8695062485452,-1.19888884241288e-10,1.47049504461261
15.77,0.07560875,0.3560347,-4.45497961656361e-13,-5.94365103967043e-05,-0.56403352143278,0.754868665020755,-0.180459032601551,0.327191626172517,-0.702688418759378,2.98525030449978,-2.73076973810423e-11,0.000376441317460468
15.78,0.05979811,0.3674644,-5.39433769741791e-14,-6.42824362700699e-10,-0.536797986137152,0.587119110889525,-0.185827012462923,0.333062817281412,-0.679876162191002,3.09915199733616,-3.40675544519478e-12,1.89868125625283e-08
15.79,0.04330669,0.3761746,-8.56160072597214e-15,3.40005389311956e-16,-0.513483058988836,0.407148987107242,-0.190961843052811,0.337134307152485,-0.659427791692216,-3.06528318456665,-5.56794288738896e-13,9.32680421794948e-14
15.8,0.0272051,0.3835188,-8.51692214323423e-16,9.4290778335696e-22,-0.485488594727432,0.227678999717405,-0.195816729000085,0.339411097149659,-0.63759207232524,-2.95102172233193,-5.73318195093579e-14,2.41696676018633e-19
15.81,0.01033572,0.3880097,-1.23806366779821e-16,3.17795279689527e-25,-0.462445527192695,0.0380749738976718,-0.200441184272012,0.339791846888635,-0.618566097649582,-2.83537489753606,-8.61284962300545e-15,3.22877638261291e-23
15.82,-0.005313247,0.3919419,-6.01962971609808e-18,1.40547206289915e-23,-0.428454530000923,-0.1416376091411,-0.204725729572021,0.338375470797224,-0.595252750774069,-2.57684065851222,-4.37419883033368e-16,1.08579033804214e-21
15.83,-0.02058707,0.3943131,-1.85909120372472e-19,1.83698178829216e-18,-0.391220651909023,-0.31900870498945,-0.208637936091112,0.33518538374733,-0.571069865245438,-2.4850408440163,-1.41769785965804e-17,1.19986121973508e-16
15.84,-0.03526635,0.3952928,-3.05296549212645e-21,4.7300310385425e-13,-0.349491182423147,-0.491788126902712,-0.212132847915343,0.330267502478303,-0.545370934800811,-2.40174074637465,-2.45590285568434e-19,2.77647243561132e-11
15.85,-0.04950044,0.3947363,-3.06424332800675e-23,2.53534843057914e-08,-0.305041276040441,-0.660399618523648,-0.215183260675748,0.323663506293066,-0.51889926692057,-2.32549083800535,-2.60555691311055e-21,1.3821372968786e-06
15.86,-0.06305236,0.392848,-1.60339116184882e-25,0.00022230226763068,-0.256486201508345,-0.822512700733679,-0.217748122690831,0.31543837928573,-0.490891437683868,-2.25597796713225,-1.44217533090058e-23,0.0114574806128206
15.87,-0.07602248,0.3896742,-5.55615841666726e-28,0.101049367531179,-0.205230545831991,-0.977260427219889,-0.219800428149151,0.305665775013531,-0.461911419232873,-2.19229615281847,-5.25948667768662e-26,4.97599924342928
15.88,-0.08836239,0.3851879,-1.73343385560979e-30,0.137066720294733,-0.15141621755053,-1.12446546752086,-0.221314590324656,0.294421120338322,-0.431904789973186,-2.13346106851941,-1.70685037777559e-28,6.49648892542799
15.89,-0.09989338,0.3798646,-8.84054902533452e-33,0.14154519017309,-0.0941667906331602,-1.26005553092941,-0.222256258230988,0.281820565029028,-0.400270287021347,-2.07956414529622,-8.87461984066069e-31,6.49998165735187
15.9,-0.1106971,0.3742082,-2.81682956606313e-34,0.145259192938171,-0.034744755632282,-1.38012461779772,-0.222603705787311,0.268019318851051,-0.36749879977378,-2.03046911708184,-2.8240333278208e-32,6.49999973994652
15.91,-0.1208705,0.3684621,-2.02727944980338e-34,0.148383606846282,0.0255511384808784,-1.48321875937849,-0.222348194402502,0.253187131257266,-0.334134275431428,-1.9855039693506,-2.02783058883648e-32,6.49999999127424
15.92,-0.1304686,0.3631365,-3.89371983965527e-33,0.150989760098366,0.0858475981054418,-1.56600481711495,-0.221489718421447,0.237527083086116,-0.300523416171321,-1.94443041745673,-3.98276465603261e-31,6.49999999932965
15.93,-0.1392235,0.3590489,-8.63848376644359e-31,0.153130305588983,0.147878844238384,-1.62311793936976,-0.220010929979064,0.221295903692419,-0.26551797630568,-1.90733213368876,-9.60770862617885e-29,6.49999999987542
15.94,-0.1478101,0.3556756,-3.34155868503236e-28,0.154937186588387,0.205817667188914,-1.66032801846458,-0.217952753307174,0.204692623507773,-0.232408109190973,-1.87274578508752,-4.49360648615696e-26,6.4999999999564
15.95,-0.1567063,0.3527285,-5.5809153957313e-26,0.156483296968666,0.25586911140487,-1.68122401898116,-0.215394062193126,0.187880383317961,-0.203533721759305,-1.83983278930046,-1.07184887587019e-23,6.49999999997506
15.96,-0.1649174,0.3514261,-4.98557553186935e-24,0.157763678030156,0.306165700964559,-1.67735970927534,-0.21233240518348,0.171106786225208,-0.173916930113585,-1.80929892097897,-2.36814804479899e-21,6.49999999997054
15.97,-0.1729271,0.3510526,1.19210405513919e-22,0.158849192981476,0.352572341869081,-1.65632792109427,-0.208806681764789,0.154543507014265,-0.146081034373617,-1.78005229525679,-2.75210421310223e-19,6.49999999994226
15.98,-0.1806371,0.3516628,2.20816968736152e-20,0.159764439235693,0.395880112486605,-1.61917220314376,-0.204847880639923,0.138351784982828,-0.119517116774206,-1.75183605678977,-1.84914215294045e-17,6.4999999998141
15.99,-0.1884144,0.3529621,-2.71099268678139e-19,0.1605341671559,0.433179342627621,-1.56970344044669,-0.200516087213647,0.122654750578361,-0.0961857243767485,-1.72420010978244,-5.67791560218841e-16,6.49999999909647
16,-0.1959267,0.3549635,-4.49982660703962e-17,0.161169170632013,0.467323682481634,-1.50909238753586,-0.195842850388831,0.107563826703002,-0.0742407759281789,-1.69697159254959,-1.1233084084557e-14,6.49999999336102
16.01,-0.2032391,0.3575351,-1.0186467664358e-15,0.161678173453874,0.497836735474241,-1.43962697691836,-0.190864483034088,0.0931675569338188,-0.0540443659834964,-1.66992199800199,-1.43289555037411e-13,6.49999992837964
16.02,-0.2101561,0.3606342,-1.14961986162559e-14,0.162064923299233,0.526352761378824,-1.36277108964292,-0.1856009554203,0.0795398460373896,-0.0344703457148494,-1.64290355942537,-1.40990030655536e-12,6.49999886539773
16.03,-0.2167311,0.363921,-6.0779944208545e-14,0.162330778729141,0.552430538190166,-1.2822561246487,-0.180076650038398,0.0667172847909026,-0.0158382475181638,-1.61568122384297,-1.05487894319289e-11,6.4999757440196
16.04,-0.2224865,0.3674131,2.08340863979248e-13,0.162456797732578,0.579852556862257,-1.19873346023253,-0.174278124469776,0.0547299501885773,0.00472043280888461,-1.58819443803584,-8.27522350779449e-11,6.49928529728019
16.05,-0.2272182,0.3708412,1.51215537401755e-11,0.161819055449522,0.609944174221337,-1.11507591157854,-0.168178682727563,0.0435791910727919,0.0284533328487207,-1.56034188729928,-7.4642490242391e-10,6.47312666009478
16.06,-0.2305263,0.3740096,4.69944546420037e-10,0.136569506591354,0.645445655935539,-1.03335199578182,-0.161724226168207,0.0332456711149738,0.0579058921540343,-1.53210532067923,-9.26820866597474e-09,5.46699559108157
16.07,-0.2320609,0.3767987,1.65288304102942e-08,0.0148505963395676,0.688456793848292,-0.954858117556012,-0.154839658229724,0.0236970899394136,0.0954136225115779,-1.50353112259859,-1.74789293893876e-07,0.595411086418963
16.08,-0.2314387,0.379012,7.79758694710106e-07,0.000294446273240202,0.741123118327835,-0.881370111031589,-0.147428427046446,0.0148833888290977,0.143646550297783,-1.47474092073272,-5.35536923664674e-06,0.0118340531295014
16.09,-0.2283484,0.3805725,5.32197854291675e-05,5.33780743419158e-06,0.804794876720136,-0.813552388962197,-0.139380478279245,0.00674786493947577,0.204849869112453,-1.44589889211609,-0.000261832006866946,0.000215239574725027
16.1,-0.22249,0.3813088,0.0053226582392076,1.08979823865022e-07,0.880556000691907,-0.7527235710676,-0.130574918272325,-0.000779370771200229,0.281076155672302,-1.41726947745911,-0.0193030680391906,4.41266031454651e-06
16.11,-0.2135795,0.381344,0.557819608394593,2.45111811209214e-09,0.969202492972393,-0.697737589039072,-0.120882893342602,-0.00775674666159095,0.373790499756524,-1.38898120025667,-1.52997045979303,9.97381055533724e-08
16.12,-0.2013647,0.3807588,2.94966870864817,6.01852988378708e-11,1.07113649725247,-0.64783739974199,-0.110171528370077,-0.0142351206590109,0.483172311286641,-1.36115799490464,-6.3430365863895,2.46294728928994e-09
16.13,-0.1859426,0.3793702,3.69954532420653,1.88483191222167e-12,1.18390126865781,-0.604361645428934,-0.0983325156834987,-0.0202787371133002,0.605453174205697,-1.33417615896703,-6.49881854745076,7.76202789251433e-11
16.14,-0.1670967,0.3773724,4.36939954452479,6.9392871162546e-14,1.30762663666458,-0.565542978249348,-0.0852562493168529,-0.0259341668957937,0.737359983780812,-1.30799362324893,-6.49999123668003,2.87741023406951e-12
16.15,-0.1446763,0.3750247,4.98317615401249,2.57694794064273e-15,1.44184391964078,-0.529209379200072,-0.0708378101204451,-0.0312262606877944,0.873656761668403,-1.28239115241232,-6.4999999306853,1.07652928700591e-13
16.16,-0.1199025,0.3715606,5.48140258794368,1.79729667968645e-16,1.57529219049468,-0.501402558119533,-0.0550848882154983,-0.0362402862689897,1.00332435697228,-1.25869455598176,-6.49999999914574,7.5650665955493e-15
16.17,-0.09348259,0.3662784,5.85742188922492,4.41260651903903e-17,1.70162920214139,-0.487123569835821,-0.0380685961940844,-0.0411115219673479,1.1223100723083,-1.23824482998962,-6.49999999998162,1.87038453064204e-15
16.18,-0.06546339,0.3596996,6.12891533196334,2.52050358071267e-17,1.82023791411499,-0.481288571461056,-0.0198662170529345,-0.0459244076819585,1.23118388453492,-1.2200663888448,-6.49999999999936,1.07547144049749e-15
16.19,-0.03633738,0.351676,6.31287235471765,3.63039617720565e-17,1.92709986878813,-0.48442149523651,-0.000595218365053187,-0.0507686226343236,1.33020413275024,-1.20432836439087,-6.49999999999996,1.55842608263343e-15
16.2,-0.006622475,0.3421485,6.42690407293529,1.25544672569909e-16,2.01838480586358,-0.496246333864153,0.0195886296935826,-0.0557310859729651,1.42064778270338,-1.19091239717167,-6.5,5.41827172244796e-15
16.21,0.02262059,0.330511,6.48549560581863,1.42890550046452e-15,2.08640158051687,-0.520746493175428,0.0404526454987513,-0.0609385509047194,1.50396232580797,-1.180678859266,-6.5,6.19303257825828e-14
16.22,0.05221063,0.3180353,6.49952063014694,1.67389591550171e-14,2.13894829583565,-0.546779500118691,0.0618421284571078,-0.0664063459059063,1.58294432935447,-1.17052861941742,-6.5,7.28621559846923e-13
16.23,0.08126886,0.3042774,6.47479332521718,2.62672803598502e-13,2.1699927186976,-0.577530446394364,0.0835420556440838,-0.0721816503698499,1.65891442209648,-1.16124389835612,-6.5,1.14801474240647e-11
16.24,0.1094103,0.2892274,6.41410847674743,5.03488885771727e-12,2.17798111478505,-0.61249867280001,0.105321866791934,-0.07830663709785,1.73358386621764,-1.15258793439202,-6.5,2.20902484703463e-10
16.25,0.1367051,0.2732688,6.3176475645396,8.62219052253024e-11,2.16519498409303,-0.648110441571034,0.126973816632865,-0.0847877415135604,1.80828427360965,-1.14359283885709,-6.5,3.79849927467172e-09
16.26,0.1630903,0.2566324,6.18368854045567,1.14469607519728e-09,2.13282061882612,-0.682268161585945,0.148302022821126,-0.0916104231294198,1.88412189020226,-1.13378363818297,-6.5,5.06612456402049e-08
16.27,0.1885484,0.2395912,6.00921624808451,1.03962283543842e-08,2.08242930075776,-0.71271677208683,0.169126315828703,-0.0987375908502881,1.96196936346918,-1.12270857901049,-6.5,4.62559431021971e-07
16.28,0.2130841,0.2223026,5.79046639251275,6.24920399620105e-08,2.01575554245125,-0.738307047176257,0.189283871253216,-0.106120661322051,2.04248401664412,-1.11022699893541,-6.5,2.79762166434813e-06
16.29,0.2367295,0.2049561,5.52361371191494,2.38310394047892e-07,1.93471575950648,-0.757759626866665,0.20863102884828,-0.113698257590717,2.12607413188826,-1.09615956015777,-6.49999999999998,1.07451616307292e-05
16.3,0.2595683,0.1878237,5.20590259815824,5.32863588879679e-07,1.84156705695352,-0.76928579105617,0.227046699417816,-0.121391115501279,2.2127839218295,-1.08018039275109,-6.49999999999975,2.42289184579473e-05
16.31,0.281527,0.1707767,4.83426620920515,7.90553478563125e-07,1.73723418828375,-0.77442908441304,0.244419041300653,-0.129135406345409,2.30285193365142,-1.06278902916541,-6.49999999999595,3.62881515087557e-05
16.32,0.3026488,0.1539076,4.40903500016842,7.73165204753239e-07,1.62355386671227,-0.772915730288696,0.260654579967776,-0.136864563648296,2.39596492370143,-1.04396315826372,-6.4999999998969,3.58699719509399e-05
16.33,0.3228358,0.1371913,3.93107842180349,5.21971042833154e-07,1.50117238681608,-0.765456620452014,0.275666303835937,-0.144519129852817,2.49208122185366,-1.02391825108243,-6.49999999572145,2.45032161233911e-05
16.34,0.3420364,0.1206304,3.40391322888685,2.49018441439674e-07,1.37110004206541,-0.752526547646619,0.289377304256591,-0.152044395329283,2.5908248963023,-1.0027843411353,-6.49999969360185,1.18418150839025e-05
16.35,0.3600917,0.1041097,2.82625438371309,9.07365558286601e-08,1.23347813171753,-0.735521407872465,0.301712085573766,-0.159399609408007,2.69212386669488,-0.980947422546641,-6.49995778880364,4.37515797575192e-06
16.36,0.3768757,0.08760583,2.19322136577815,2.58927556860604e-08,1.08873977737271,-0.715031175084759,0.312599483347493,-0.166549921158855,2.79564302771953,-0.958559679024953,-6.48724213046461,1.26707629446573e-06
16.37,0.392357,0.07108247,0.615078398637418,5.96120051001215e-09,0.938072488445975,-0.691723074105695,0.321980208231953,-0.173467151899912,2.90044856671062,-0.935800339666883,-2.58966163222192,2.96290217468731e-07
16.38,0.4063613,0.05450451,0.000237906075597561,1.13864564905722e-09,0.781488412392157,-0.666220001556354,0.329795092355874,-0.180129351915475,3.00621335081362,-0.912842017152931,-0.00173141326694729,5.75213772119335e-08
16.39,0.4188837,0.03794704,3.7340989733024e-09,1.74250745420916e-10,0.620362960360822,-0.638246333218696,0.335998721959483,-0.186511815247662,3.11168380523857,-0.889564978840627,-1.73018879759225e-07,8.95431297494005e-09
16.4,0.4305923,0.02209954,-2.50925620766849e-14,1.43028680401177e-11,0.461269591256723,-0.602750769072731,0.34061141787205,-0.19253932293839,-3.07085833476169,-0.864173933349297,-5.44175271296515e-12,7.49410022121248e-10
16.41,0.4404318,0.006145949,-8.33567745464885e-20,1.03030790270961e-12,0.296748745681384,-0.566916859577141,0.343578905328864,-0.198208491534161,-2.97054255168206,-0.839132834913141,-4.62587715518546e-17,5.50814002073523e-11
16.42,0.4488507,-0.009667709,-1.35999502500976e-23,5.60335408575999e-14,0.131744911659013,-0.529048968807544,0.344896354445454,-0.203498981222237,-2.87378954883469,-0.813789465681481,-1.50011167351894e-21,3.0608251228131e-12
16.43,0.4560008,-0.02472398,-5.85249591407278e-25,1.50913035830027e-15,-0.0315040923072658,-0.484688060208221,0.344581313522381,-0.208345861824319,-2.78179714539369,-0.786349897350433,-5.8597372739653e-23,8.45150185875902e-14
16.44,0.4610687,-0.04000026,-5.14372506320116e-22,3.95978408793968e-17,-0.198507873561098,-0.442255864532402,0.34259623478677,-0.212768420469643,-2.69141631339749,-0.760056250631882,-4.95462286602785e-20,2.27541034497139e-15
16.45,0.4661481,-0.0531996,-2.17909320105513e-17,1.77083044330392e-19,-0.351538180332611,-0.383858776780862,0.339080852983444,-0.216607008237451,-2.60592083731996,-0.727367606419493,-1.78905080267447e-15,1.05400350481966e-17
16.46,0.4685065,-0.06689059,-1.94918749115825e-12,9.84991963218406e-22,-0.512162001527479,-0.331211033729428,0.333959232968169,-0.219919118574746,-2.52014132660776,-0.697315658692755,-1.34902304414159e-10,6.07879866085661e-20
16.47,0.4698534,-0.07921752,-3.39516022874095e-08,1.53014794722599e-24,-0.665393590747911,-0.26964142567412,0.32730529706069,-0.222615532831487,-2.44121664068633,-0.663265923664327,-2.08717923284669e-06,9.89449883630566e-23
16.48,0.4693556,-0.09092936,-0.000166609918754723,1.52780319500807e-27,-0.817395042797767,-0.206083700876054,0.319131346632712,-0.224676369840247,-2.36572779906443,-0.628135281471467,-0.00942457722716082,1.04506638669408e-25
16.49,0.4667496,-0.1021863,-0.0863809576326367,1.94395944198701e-30,-0.969383637473502,-0.142331052767926,0.309437510257977,-0.226099680367927,-2.29294516147268,-0.592660887660963,-4.58227064363569,1.41972541013084e-28
16.5,0.4621068,-0.113067,-0.129101714137596,9.19797991283626e-33,-1.11985504925713,-0.0794012076660167,0.298238959765406,-0.226893692444587,-2.22318865312888,-0.557283647221054,-6.49592090233004,7.21684804711055e-31
16.51,0.4554445,-0.1239272,-0.135168201245048,6.10260840202581e-34,-1.26785405179601,-0.0203965205446828,0.285560419247446,-0.227097657650034,-2.15645623989127,-0.523679967296057,-6.49998675109725,5.13778593794523e-32
16.52,0.4473723,-0.1343218,-0.140414854224046,8.60893121486658e-34,-1.40787098166471,0.0381169121725087,0.271481709430799,-0.226716488528309,-2.09378662970777,-0.489950398033313,-6.49999990264106,7.7572701032342e-32
16.53,0.4378199,-0.1452376,-0.144969203033336,1.15744095987388e-32,-1.54020271608456,0.0880940552316751,0.256079682269953,-0.225835547975992,-2.03445401180943,-0.460874151593732,-6.4999999986261,1.09742567844239e-30
16.54,0.4275098,-0.1563744,-0.148810152959617,4.14176209000322e-31,-1.65895723629252,0.132249830842397,0.239490109907028,-0.224513049667568,-1.97903450929944,-0.435065318986343,-6.49999999996044,4.06479297395226e-29
16.55,0.4172674,-0.1675172,-0.151976025757341,2.01900461679418e-29,-1.75797905121181,0.172456624050493,0.22191031939491,-0.222788483427063,-1.92777965460278,-0.411490080432895,-6.49999999999754,2.01903099977096e-27
16.56,0.4090988,-0.1775053,-0.15447492120107,2.41515373344942e-27,-1.82246177292329,0.217869117917694,0.203685701665677,-0.220609792247886,-1.88193980127432,-0.384189754129522,-6.49999999999956,2.42673922566358e-25
16.57,0.4005196,-0.188474,-0.15658350218896,8.06761735672552e-26,-1.87416552529252,0.251080663035879,0.184944046412752,-0.218098985617527,-1.83756532905007,-0.364689513900192,-6.49999999999988,8.08429785498837e-24
16.58,0.3921169,-0.2001197,-0.158319421180375,9.61163754332426e-25,-1.90915564043594,0.27522443326415,0.165852490008393,-0.215346741284886,-1.7947926696159,-0.351225811825889,-6.49999999999995,9.61222602367884e-23
16.59,0.3862863,-0.2103205,-0.159670698682076,2.7227148995442e-23,-1.90973568287943,0.307479945030348,0.146755133179598,-0.212271941834582,-1.75492171821581,-0.331860653572255,-6.49999999999995,2.72461405198417e-21
16.6,0.3817505,-0.2199842,-0.160733444364632,7.15391040767833e-22,-1.88859286218631,0.33990710428661,0.127869204557735,-0.208872870791716,-1.71620119197929,-0.312001829441533,-6.49999999999991,7.22908452678914e-20
16.61,0.3788008,-0.2288182,-0.161533907143856,2.09381212301522e-20,-1.84526570790328,0.374585772788301,0.109416547478702,-0.205127013063833,-1.67827905513393,-0.289996618989527,-6.4999999999997,2.17787900433671e-18
16.62,0.377444,-0.2368378,-0.162091596258576,6.14539487003947e-19,-1.78169719227407,0.411006599803752,0.0915995755559617,-0.201016947065796,-1.6406596109876,-0.266022525117387,-6.49999999999825,6.82213027522202e-17
16.63,0.3775491,-0.2438911,-0.162414044441333,1.83043619198064e-17,-1.70088642441097,0.449998054199561,0.0745907113118519,-0.1965169665238,-1.60284207929886,-0.239186605479717,-6.49999999998187,2.33677371858757e-15
16.64,0.3791831,-0.2497503,-0.162496586095933,5.34596598019932e-16,-1.60415419262579,0.492900193661505,0.058549169385594,-0.191587964587185,-1.56441015327511,-0.208039430985652,-6.49999999965632,9.51783589282132e-14
16.65,0.3820305,-0.2542465,-0.162323640495477,8.58384937504751e-15,-1.4958153207911,0.540462804161571,0.043591016177683,-0.186183336545569,-1.52489214432239,-0.171415748569087,-6.49999998852381,4.66420542717633e-12
16.66,0.3859434,-0.2573582,-0.161868000092878,-2.97107664822003e-13,-1.37860769238518,0.59219195117954,0.0298049392538311,-0.180261417033774,-1.48387897265925,-0.129067626192117,-6.49999931481978,2.50114928535637e-10
16.67,0.390456,-0.258485,-0.161091886506966,6.82262761018359e-11,-1.25759934534466,0.652136145625548,0.0172289458003845,-0.173740055577518,-1.44108178288414,-0.07641229330435,-6.49993180444295,1.88078895356607e-08
16.68,0.3952453,-0.2579606,-0.159692075616197,8.07395663831971e-09,-1.13636597933383,0.716665471898111,0.00586528600704624,-0.166573400858537,-1.39634742306754,-0.015652080148597,-6.48913608206927,1.4125019663498e-06
16.69,0.3996868,-0.2552967,-0.116393600474246,-6.20731557705451e-06,-1.02056535399738,0.788836034320795,-0.00434036753292759,-0.158685040515329,-1.34997202667621,0.0573839706441472,-4.77515506554135,0.000123864670026898
16.7,0.4042006,-0.250274,-0.00119832950728899,-0.00180173124540614,-0.907197574684393,0.8693091688023,-0.0134123432797715,-0.149991948827306,-1.30159792286813,0.144746105999017,-0.0497784731817437,0.0122833533828251
16.71,0.4068835,-0.2438203,-4.61999741383787e-06,-0.175657565105034,-0.81167038256874,0.949672329912795,-0.0215290471054589,-0.140495225528178,-1.25395923416802,0.238494949181569,-0.000194769623410146,0.747501204446091
16.72,0.4099262,-0.233218,-8.78837444748947e-09,-2.16464084923815,-0.71602198599382,1.05068064880101,-0.0286892669653971,-0.129988419040168,-1.20428708224609,0.360796441887324,-3.77266092554325e-07,6.14513079190995
16.73,0.4099813,-0.2222998,-5.63648193730922e-11,-2.98255758587932,-0.647050064988032,1.14010762994251,-0.0351597676152774,-0.118587342740743,-1.15979565493868,0.476790129955749,-2.46500998312867e-09,6.49294795659902
16.74,0.4107431,-0.2066178,-1.47715446654938e-13,-3.77576790975668,-0.574166542693807,1.25307368300805,-0.0409014330422155,-0.106056605910663,-1.11311516995043,0.61973204215746,-6.60335791688799e-12,6.49993135966444
16.75,0.4095104,-0.1897682,-1.01781841767284e-15,-4.45578304282324,-0.519259314946066,1.35890481136003,-0.0460940261916762,-0.0924675577970624,-1.071820493073,0.755460698118109,-4.64887386099681e-14,6.49999873145577
16.76,0.4081043,-0.1694263,-5.45329664070779e-18,-5.07386019964844,-0.467000920647796,1.47566275090112,-0.0507640353981541,-0.0777109302880512,-1.0312507408619,0.895650173073956,-2.54882845043321e-16,6.49999997844793
16.77,0.403462,-0.1489162,-3.53370261107203e-19,-5.53221721613648,-0.441455441345461,1.57576877112714,-0.0551785898116087,-0.0619532425767797,-1.00221314724427,1.01803352259165,-1.68101432567166e-17,6.49999999916532
16.78,0.398618,-0.1256526,-2.23461965085311e-20,-5.89456022720306,-0.416939122360595,1.68009413976058,-0.0593479810352147,-0.045152301179174,-0.974172471978381,1.13567514312442,-1.08225783886333e-18,6.49999999996545
16.79,0.3926886,-0.1007131,-3.27507637451251e-21,-6.15393869526881,-0.400421465546778,1.77922189381441,-0.0633521956906825,-0.0273600822410298,-0.950499804309991,1.24294081135813,-1.61143306557797e-19,6.49999999999801
16.8,0.3844171,-0.07579571,-3.85416399063438e-21,-6.324104221912,-0.40119025281614,1.8596551987627,-0.0673640982188439,-0.00876353025340286,-0.935818331866736,1.33757014055639,-1.91561546881753e-19,6.49999999999978
16.81,0.3757632,-0.04924643,-4.89217264792204e-21,-6.43161829419632,-0.402551235628406,1.93526059153142,-0.0713896105751279,0.0105890756619113,-0.921731057297295,1.42557908702318,-2.45573464052516e-19,6.49999999999997
16.82,0.3648624,-0.0233032,-3.70700746857146e-20,-6.48635703896739,-0.419009103021797,1.98843867961988,-0.0755797016053459,0.0304734624581101,-0.915239572052911,1.50597809461696,-1.86945817604919e-18,6.49999999999999
16.83,0.3536761,0.003312838,-2.19417992415104e-19,-6.49957459643782,-0.433934946748033,2.03058133242202,-0.0799190510728262,0.0507792757823303,-0.907741128697243,1.58224011406476,-1.11253701299329e-17,6.5
16.84,0.341057,0.02951224,-2.72483445297841e-18,-6.47664609925113,-0.456307256979734,2.05375439442737,-0.0844821236426236,0.071316819726604,-0.903531505421106,1.6556121160242,-1.38584236982065e-16,6.5
16.85,0.3274831,0.05530583,-4.06589029249954e-17,-6.42007207990116,-0.481653962156724,2.05935601863879,-0.0892986632641908,0.0919103799129919,-0.900162677511817,1.72781884881795,-2.07301020818404e-15,6.5
16.86,0.3130805,0.08058727,-6.16957436436941e-16,-6.32967396171339,-0.508585427286315,2.04786772563145,-0.0943845175370539,0.112389057169306,-0.896883030117981,1.80028376431286,-3.15319174465504e-14,6.5
16.87,0.2976446,0.1049722,-1.05948436936419e-14,-6.20230151136888,-0.538392833016832,2.01766693737092,-0.0997684458672223,0.132565726543016,-0.894209112512037,1.87469017297421,-5.42562223929931e-13,6.5
16.88,0.2820852,0.1289822,-1.05108146280054e-13,-6.03534625038068,-0.563546364239333,1.9744493604957,-0.105403909509616,0.152310220147973,-0.888857636610812,1.95128398337654,-5.40410669783332e-12,6.49999999999999
16.89,0.2672998,0.1530714,-3.64151797646166e-13,-5.82811598715805,-0.577230140027782,1.92301890005461,-0.111176210909893,0.171540409148519,-0.878298933387475,2.02957197740445,-1.88727904347479e-11,6.49999999999997
16.9,0.251337,0.1760169,-1.78231549162052e-12,-5.56799388394157,-0.595479491952114,1.85475683237481,-0.117131005829415,0.190087977472267,-0.869691786750556,2.11298833087147,-9.29850631258724e-11,6.49999999999981
16.91,0.236298,0.1987569,-3.12611802538276e-12,-5.257752190586,-0.601403036534657,1.7786985226564,-0.123145036194761,0.207874962698831,-0.855914726936041,2.19935356311928,-1.64867610754635e-10,6.49999999999855
16.92,0.2207017,0.220548,-5.53370980116776e-12,-4.88422864180796,-0.607475881176352,1.69009185862239,-0.129219795006525,0.224775881285055,-0.842506426952963,2.29129201268289,-2.95018772041693e-10,6.49999999998313
16.93,0.2052153,0.2417105,-6.53152878067348e-12,-4.44863280426774,-0.608425101966438,1.5929360683304,-0.135304046026189,0.240705241968359,-0.827269851247396,2.38764182396636,-3.52664431344055e-10,6.49999999971301
16.94,0.1897182,0.2620545,-5.73700900999423e-12,-3.94756404132769,-0.605569828092266,1.48699084757411,-0.141359744307112,0.2555751504441,-0.810859244637467,2.48888257252538,-3.14191542076148e-10,6.49999999238954
16.95,0.1742147,0.2815006,-3.82709874265126e-12,-3.38206526489972,-0.599176733936133,1.37294831263405,-0.147351511646473,0.26930463357044,-0.793441301658839,2.59477977415,-2.1291423519849e-10,6.49999966863838
16.96,0.1586751,0.2999335,-2.01305564654181e-12,-2.75033624818912,-0.589776335561368,1.25121986892965,-0.153249275002087,0.281816832259737,-0.77527722946556,2.70496156664376,-1.13936998617676e-10,6.49997435813334
16.97,0.1430698,0.3172254,-8.63645573184117e-13,-2.05193019303026,-0.577876398397292,1.12213304517136,-0.15902803898606,0.293038162711451,-0.756603648776642,2.81880107740659,-4.98035177407835e-11,6.49607211877468
16.98,0.1273573,0.3332153,-3.14259098613619e-13,-1.09378200279466,-0.564053481711355,0.985777646377166,-0.164668573803173,0.302895939175222,-0.737677617265543,2.93554683052351,-1.84905381592783e-11,5.35178027682326
16.99,0.1119142,0.3482691,-7.6541555262706e-14,-0.00328761124203791,-0.545588867045371,0.846394916483042,-0.170124462473627,0.311359888340053,-0.717291358817105,3.05090462591797,-4.60930193903945e-12,0.0369063723724838
17,0.09558603,0.3608031,-2.74407882655506e-14,6.65760169833566e-08,-0.53194774828053,0.692695383779434,-0.175443939956432,0.318286842177847,-0.699691071089283,-3.11055042242608,-1.68838515223394e-12,8.31397818926088e-06
17.01,0.08020109,0.3730459,-4.1415691925584e-15,-4.92944442944002e-13,-0.508558823284684,0.544121081607116,-0.180529528189279,0.323728052993918,-0.678224953090158,-2.9987400397077,-2.6215290072179e-13,7.7256914068252e-10
17.02,0.06370694,0.3822851,-1.13150034180968e-15,5.98371447072236e-17,-0.492320814659195,0.37999570677308,-0.185452736335871,0.327528010061649,-0.660670726796418,-2.88213625419308,-7.34491626167157e-14,6.81957261588348e-15
17.03,0.04807518,0.3908849,-1.35628412118627e-16,5.59997483492791e-22,-0.467379398865354,0.220983262955677,-0.190126530324524,0.329737842691206,-0.639609876283741,-2.77658293872583,-9.09944948146014e-15,5.61186574334838e-20
17.04,0.03248436,0.3978457,-1.32157989473344e-17,1.371505257836e-25,-0.44095811060582,0.0598465181768617,-0.194536111430583,0.330336307872974,-0.618435401273656,-2.67680237263924,-9.19600649044968e-16,1.29230782601995e-23
17.05,0.01727638,0.403413,-8.10326422698625e-19,4.92252889162688e-25,-0.410651844442295,-0.100351374509927,-0.198642629875006,0.329332794127875,-0.595960889477346,-2.66633246411847,-5.88021947570236e-17,4.55685422653027e-23
17.06,0.002618261,0.4077241,-2.73420644167877e-20,7.72412260979058e-21,-0.375631369608136,-0.257636799776556,-0.202398943571087,0.326756426130109,-0.571727126903912,-2.57402832378851,-2.0822398600241e-18,5.93273833627116e-19
17.07,-0.01162397,0.4106109,-5.6796980523062e-22,8.95535135324837e-16,-0.337509878858164,-0.412587099704091,-0.205774042359669,0.322630555133069,-0.546458526780931,-2.48832627260987,-4.55850278830332e-20,5.87887668369869e-14
17.08,-0.02534988,0.4121096,-6.75697822861036e-24,3.88802802557248e-11,-0.29596612488378,-0.56415385382293,-0.208733703608506,0.316989016594839,-0.519908421331119,-2.40897840910874,-5.73351422840795e-22,2.30051746614838e-09
17.09,-0.03856096,0.4121947,-4.836060821728e-26,3.77205144501733e-07,-0.251521134184475,-0.71187034889984,-0.211248914950351,0.309870313105841,-0.492245200962654,-2.33534796831182,-4.33851438126443e-24,2.07426813280111e-05
17.1,-0.0511944,0.4109448,-2.22887913610021e-28,0.00089634114702345,-0.204172695240249,-0.854515554124319,-0.213290641902754,0.301325157564598,-0.463355281286311,-2.26707601030263,-2.10503189750415e-26,0.0465891408078534
17.11,-0.06326312,0.408419,-8.97358613021902e-31,0.109478658969153,-0.154528579988948,-0.99114367818434,-0.214835927702643,0.291413720782754,-0.433442863698452,-2.20364904831254,-8.8220214263729e-29,5.43333429219587
17.12,-0.07482916,0.4047825,-5.88385078516383e-33,0.136074607801899,-0.103547735407819,-1.12009080313778,-0.215871405056721,0.280212812751376,-0.402917492378308,-2.14476838494999,-5.90282365763287e-31,6.49509281013064
17.13,-0.08588246,0.4001587,-1.48814373441119e-34,0.140720495043617,-0.0515612405328127,-1.24019266104865,-0.216387017462049,0.26781088614089,-0.371852092581222,-2.08995943957248,-1.49304591603747e-32,6.49995598416773
17.14,-0.09643912,0.3951596,-3.7488880115176e-35,0.144590734331017,0.000914274387117331,-1.3466163219261,-0.216377874718178,0.254344722921629,-0.340433343623209,-2.03961209763955,-3.74756987059547e-33,6.49999906644983
17.15,-0.1062054,0.3905188,-1.6369197190929e-34,0.147816393041129,0.0558153271974966,-1.43403728064741,-0.215819721446203,0.240004350115155,-0.30736560941598,-1.99397213750536,-1.66113007831671e-32,6.49999995158779
17.16,-0.1166837,0.3849915,-3.57976098179682e-33,0.150639283048385,0.100901319367079,-1.51310864513091,-0.214810708252533,0.224873263663846,-0.280103749967956,-1.95018629385765,-3.8052986165344e-31,6.49999999617869
17.17,-0.1257686,0.3814588,-4.90541854953546e-31,0.152892666672542,0.153087554640248,-1.56149323037384,-0.21327983270613,0.209258331360107,-0.248066437843241,-1.91163494732512,-5.9181887877534e-29,6.49999999912371
17.18,-0.1353514,0.3780613,-4.58898372164631e-29,0.154829685137472,0.196752347209443,-1.59579193698431,-0.211312309234036,0.193300411990264,-0.221108186144639,-1.87490743807983,-6.87743084517196e-27,6.49999999967941
17.19,-0.1458306,0.3744864,-1.23561393308158e-27,0.156509101101418,0.229187666479433,-1.61932237966065,-0.209020432569241,0.177107188193658,-0.201209865598178,-1.83925065545626,-2.47830842265171e-25,6.49999999983513
17.2,-0.1552764,0.3728919,-3.834582685198e-26,0.157875068032666,0.266124245269562,-1.61592733600678,-0.206359190116546,0.16094791483359,-0.17796541319838,-1.8064611989328,-1.50951043160338e-23,6.49999999980741
17.21,-0.1645681,0.3719844,-2.19572311210176e-25,0.159031108060975,0.300130499433095,-1.5978151229262,-0.203357885122215,0.144969763604328,-0.156293427256282,-1.77475010088579,-6.03257747500634e-22,6.49999999964716
17.22,-0.173658,0.3718902,1.61034227957645e-23,0.159998007987836,0.331599814538748,-1.56525240401857,-0.200041886976827,0.129317239564142,-0.135934261311043,-1.74391180187624,-1.63455347645047e-20,6.49999999897709
17.23,-0.1822143,0.37268,4.28718686976308e-22,0.160793189533396,0.363127205615484,-1.5190086846645,-0.196410614920672,0.114127152717497,-0.115030492403231,-1.713716575543,-4.00042154419832e-19,6.49999999528172
17.24,-0.1902751,0.3741382,-6.59174905799088e-21,0.161432591043867,0.394220263593837,-1.46211460014901,-0.192468412284734,0.0995060067160072,-0.0938582648262816,-1.68378050408471,-8.33816178665084e-18,6.49999996736593
17.25,-0.1977334,0.3763041,-7.01550418683121e-19,0.161921860213289,0.425555165799366,-1.39543936768159,-0.18821286062674,0.0855516130391914,-0.0718362786531513,-1.6539258012284,-1.58645590131726e-16,6.49999965594171
17.26,-0.204394,0.3790329,-2.40534768333408e-17,0.162263842025543,0.458445406982921,-1.32128295989404,-0.183628406556911,0.072338783440251,-0.047842064253894,-1.62390238202099,-3.11052477320982e-15,6.49999462193977
17.27,-0.2100367,0.3822786,-4.73945236761826e-16,0.162453587992704,0.49428160458071,-1.24104213228754,-0.178685590511104,0.0599283621173755,-0.0205843410831154,-1.59353458907415,-7.00147117474698e-14,6.49987460190398
17.28,-0.2143856,0.3858993,1.38470045400965e-14,0.162387562332537,0.534764788178506,-1.156789375677,-0.173337942629319,0.0483604683606056,0.0116164378447125,-1.56264498731467,-2.02189074231191e-12,6.49572482432973
17.29,-0.2171376,0.3897288,3.47268071261176e-12,0.157343898145401,0.581642462352448,-1.07064923669003,-0.167521518005795,0.0376539759937052,0.0506663287439202,-1.53110083170752,-8.14615826347759e-11,6.29886808812937
17.3,-0.2180369,0.3935865,4.52349359085395e-10,0.0519683437588963,0.636117127459823,-0.984704833415974,-0.161160346731196,0.0278069276595455,0.0982188497955788,-1.49883411951446,-4.62603806439928e-09,2.08429144570622
17.31,-0.2169249,0.397174,5.40886940865048e-08,0.000924643118353485,0.698493247469171,-0.901794017430234,-0.154175414256505,0.0187889874852432,0.155296609783351,-1.46589579208764,-3.44755342997724e-07,0.0371963764565967
17.32,-0.213418,0.4005365,7.75311472159458e-06,8.86063121515581e-06,0.770753270676208,-0.821831630612401,-0.146467881549742,0.0105706711791191,0.224396130342718,-1.43232923264978,-3.49824006643529e-05,0.000357954763178462
17.33,-0.2075002,0.4031747,0.00121944600080009,8.46359274215752e-08,0.851797534307577,-0.748968833562658,-0.137949906206667,0.00308098284349256,0.3052014849516,-1.39857001007103,-0.00407905237366704,3.43782807593805e-06
17.34,-0.1988806,0.4052261,0.193203616532956,7.78906930615837e-10,0.942701909059943,-0.682020442650724,-0.128522887116067,-0.00373922158301468,0.398827955024548,-1.36477279750063,-0.497725317637388,3.18499913159282e-08
17.35,-0.1875944,0.4064575,2.86947861237845,8.24736357859201e-12,1.04185173722643,-0.622747963021471,-0.118104369743803,-0.00996670121322938,0.503300300139398,-1.33148256159383,-5.9439130014137,3.39867622400069e-10
17.36,-0.1723542,0.4080296,3.79548376866092,4.82779187673759e-14,1.15800858519859,-0.561861717745367,-0.106524283891817,-0.0155853183906831,0.623853531429791,-1.29739232685444,-6.4965675327217,2.00787336579032e-12
17.37,-0.1564513,0.4067752,4.36653545200906,1.56994094956673e-15,1.26349381028995,-0.524535693743491,-0.0938893457889176,-0.020830675328118,0.736770180504574,-1.26788229300868,-6.49995274299296,6.58832836969216e-14
17.38,-0.1358508,0.4066105,4.93371979883178,1.64712648828334e-17,1.38988756039374,-0.478636578106546,-0.0799904701849802,-0.0256170411091834,0.861903375380629,-1.23629189519749,-6.4999995753535,6.98656765071654e-16
17.39,-0.1150584,0.4033158,5.37386371224045,1.86568109815146e-18,1.49969394256472,-0.457980187876931,-0.064993530759333,-0.0301968429879527,0.973264387434493,-1.21158034803955,-6.49999999017328,7.98632361489154e-17
17.4,-0.09058002,0.4003366,5.74861178913154,1.29916230207913e-19,1.62071101325024,-0.433872074213729,-0.0487864206268306,-0.03453556373009,1.08512838227873,-1.1861604803475,-6.49999999979213,5.61788218712875e-18
17.41,-0.06551319,0.3949884,6.02354162784347,6.54237112931491e-20,1.72719488746673,-0.427626560782946,-0.0315144717521633,-0.0388118293379195,1.18544650445335,-1.16675268734528,-6.49999999999125,2.85245523504121e-18
17.42,-0.03934484,0.3881152,6.2231245873808,1.04105528674866e-19,1.82359694399477,-0.431302338938441,-0.0132785023122156,-0.0431248527273039,1.27780237869795,-1.15092336075514,-6.49999999999942,4.57100340135127e-18
17.43,-0.01219725,0.3800448,6.36074476920617,3.47678897302327e-19,1.90913735633533,-0.441536998743467,0.00581287125113766,-0.0475402227147386,1.36337654988255,-1.1374622037193,-6.49999999999994,1.53607218908583e-17
17.44,0.01498659,0.3697715,6.44665479123759,5.02119437163164e-18,1.97677715867144,-0.465571737014439,0.0255806428378521,-0.052195940084883,1.44255972884138,-1.12862456074003,-6.49999999999999,2.22771327500527e-16
17.45,0.04235055,0.3581398,6.4907448703134,1.1588059103515e-16,2.02859029104869,-0.495592664916542,0.045866545748339,-0.0571518667340484,1.51741250468854,-1.12132603936847,-6.5,5.15934555962528e-15
17.46,0.06978595,0.3451545,6.49889253928433,3.65400256141317e-15,2.06462037122765,-0.530896925810816,0.0665127494606155,-0.0624608359921565,1.58926081095774,-1.11510392497014,-6.5,1.63184758165732e-13
17.47,0.09678505,0.3307068,6.47458141687145,1.48980482253062e-13,2.0818993448124,-0.5716876718806,0.0873317429087395,-0.0681777127109625,1.65928428473612,-1.10981748062817,-6.5,6.67087287958529e-12
17.48,0.123352,0.3150816,6.41921869741285,5.80463058093979e-12,2.08178573313785,-0.61505466961039,0.108149600240118,-0.0743282594070664,1.72865661278001,-1.10438427110241,-6.5,2.60625395802968e-10
17.49,0.1494791,0.298541,6.33260756147736,1.77408800797335e-10,2.06554689577968,-0.658476003011859,0.128805069197915,-0.080913019437185,1.79829029002182,-1.09804006464067,-6.5,7.99142493313451e-09
17.5,0.1751015,0.2812988,6.21331441191653,3.82338549651966e-09,2.03400514307439,-0.700003346733322,0.149145120628659,-0.0879130529045182,1.86897361444668,-1.09033601128994,-6.5,1.7291503276268e-07
17.51,0.2002029,0.2635833,6.05908354563428,5.37177532749179e-08,1.98838941248045,-0.737737876493064,0.169029014753463,-0.0952904316694489,1.94132318768342,-1.0809179678709,-6.49999999999999,2.44154437213755e-06
17.52,0.2247773,0.2455584,5.86718176992175,4.81214692782774e-07,1.92999939083172,-0.770452757188451,0.18832900866178,-0.102994959241333,2.01580664001229,-1.06966522677975,-6.49999999999997,2.20052939531595e-05
17.53,0.2487701,0.2271993,5.63436566727984,2.96142078002968e-06,1.85973323927147,-0.79851422460248,0.206926341054495,-0.110980101487358,2.09286697576125,-1.05689907813623,-6.49999999999984,0.000136383485669835
17.54,0.2717866,0.2089975,5.35388826014383,1.0440290110024e-05,1.77584891857343,-0.818276330881559,0.224684830240229,-0.119162864796174,2.17376541461412,-1.04175096950578,-6.49999999999852,0.000484982831040828
17.55,0.2941584,0.1906264,5.02520110784925,2.62894852502211e-05,1.68246824346868,-0.832785256343879,0.241509512674916,-0.127490717359613,2.25781721929592,-1.02528333305433,-6.49999999998032,0.00123311598717541
17.56,0.3155893,0.1722506,4.6423814021481,4.55078426766317e-05,1.57857137864773,-0.84106387030975,0.257295226461393,-0.13590135606271,2.34594944640414,-1.007303457027,-6.49999999958788,0.00215801790331694
17.57,0.3359094,0.1538705,4.20100127395226,5.620276537847e-05,1.46426351082842,-0.843526466730761,0.271937861569678,-0.144336620730018,2.43872034984541,-0.988007631474837,-6.49999998541899,0.00269771541028798
17.58,0.3549091,0.1354629,3.69678767022466,5.15478297767783e-05,1.33939743563053,-0.840771903174836,0.285331835925983,-0.152744339761766,2.5367840567225,-0.967619322433973,-6.49999903268713,0.00250732832038005
17.59,0.3724329,0.117036,3.12563824561037,3.58024415265217e-05,1.20432350540204,-0.833141258922007,0.297375070980003,-0.161075752350986,2.64044043975792,-0.94626265766364,-6.49986411889747,0.00176668673076103
17.6,0.3887197,0.09896068,2.47667804532382,1.62013330968688e-05,1.06249531524703,-0.818160873452602,0.308000024132474,-0.169257361085512,2.74778054182878,-0.923149535442001,-6.45853089608371,0.000812443618614403
17.61,0.4023591,0.08013962,0.187285468128214,8.12699335838079e-06,0.904315352739797,-0.80499985384369,0.317043177659872,-0.177307359623949,2.86498901350178,-0.901260629545503,-0.68996135734881,0.000414024116407439
17.62,0.4151927,0.06234478,3.54309412027009e-05,1.95988910840084e-06,0.746318297057531,-0.779812651900563,0.324506360630447,-0.185105486142955,2.98066919843463,-0.875940241735774,-0.000218369450728008,0.000101757975873394
17.63,0.4251477,0.0436784,1.99278046774478e-10,5.80810338160333e-07,0.573322366458136,-0.758411381795025,0.330239584295028,-0.192689599960905,3.10437859012021,-0.852581997177425,-6.97804668631938e-09,3.07129201689182e-05
17.64,0.4346389,0.02667374,-2.36818550554472e-16,6.00359817404241e-08,0.406305905619433,-0.720934935676688,0.334302643351223,-0.199898949317672,-3.06274710420233,-0.824107155247848,-7.39166161420381e-14,3.25032783420731e-06
17.65,0.4410307,0.008517513,-7.47912214152958e-22,9.25265425143263e-09,0.225319746248509,-0.690695270737567,0.336555840813708,-0.206805902025047,-2.94160161223629,-0.798924984732103,-1.53666572829431e-19,5.12174988339518e-07
17.66,0.4475462,-0.007420135,-3.22732436541489e-25,3.48664535250293e-10,0.0575986826801866,-0.641117849644086,0.33713182764051,-0.213217080521488,-2.8343755124287,-0.766942940510266,-3.27554838821834e-23,1.98967055476499e-08
17.67,0.4518409,-0.02346395,-2.15060826535944e-24,1.13259986414891e-11,-0.115099743668551,-0.592046312096411,0.335980830203824,-0.219137543642452,-2.77681085283273,-0.735637382047585,-2.15508940579459e-22,6.67903865775738e-10
17.68,0.4546698,-0.0388069,-8.88978860328235e-20,1.94441107033172e-13,-0.285475702724291,-0.537454871713145,0.333126073176581,-0.224512092359584,-2.67524095826274,-0.702482464747574,-8.35513110806795e-18,1.19217280316873e-11
17.69,0.4559173,-0.05386801,-2.1648173922826e-14,2.23664213972981e-15,-0.453573240357969,-0.481342980408652,0.328590340773001,-0.22932552216367,-2.57955742362161,-0.669019225807042,-1.68184738118584e-12,1.43423113016472e-13
17.7,0.4569318,-0.06702016,-7.58948030891557e-10,5.33817038711427e-18,-0.608065756921292,-0.411516406390263,0.322509683203789,-0.233440686227573,-2.49474641603463,-0.629601648168922,-5.03259507048629e-08,3.64225763646919e-16
17.71,0.4555368,-0.08052666,-8.81991338498097e-06,1.3230668280583e-20,-0.765988488810198,-0.347031505389211,0.314849798315687,-0.236911001281465,-2.41173448349215,-0.592684179977538,-0.000523484633010162,9.66227072477382e-19
17.72,0.4531932,-0.0929862,-0.0166471162858384,1.27300433981852e-23,-0.914754867290103,-0.276968873608965,0.305702249642786,-0.239680690017555,-2.33562637948905,-0.552994124176184,-0.915660051125153,1.0078026505193e-21
17.73,0.4497512,-0.1045756,-0.123978864750545,7.26575506971678e-27,-1.05532973299952,-0.20354985631749,0.29514895231279,-0.24171618858073,-2.26498334087121,-0.511335646349643,-6.43371886321639,6.27511838589222e-25
17.74,0.4446194,-0.1165972,-0.131516486839348,1.41498832439948e-29,-1.19208421544597,-0.13758946144733,0.283228110158331,-0.243092083195203,-2.19757688496379,-0.473314837500452,-6.49974803930862,1.31433182895879e-27
17.75,0.4384803,-0.1284536,-0.137040207405609,1.37885813325155e-31,-1.31916936801117,-0.0742595783577507,0.270036416478219,-0.24383467897878,-2.13464823988072,-0.436463014331193,-6.49999774988531,1.35116242957188e-29
17.76,0.4313693,-0.1402301,-0.141863275303295,1.64690346211337e-32,-1.43627534352504,-0.0143966374697975,0.255673663042969,-0.243978645353478,-2.07551336188651,-0.401279330581254,-6.49999995904402,1.65288605781354e-30
17.77,0.4236892,-0.1526416,-0.145997188485994,2.43179943509559e-32,-1.54032214246806,0.0363587194203561,0.240270441618288,-0.243615058159275,-2.02019550691122,-0.371182656963495,-6.4999999985164,2.43954320261448e-30
17.78,0.4161865,-0.1649266,-0.149457387259271,2.04043477562405e-31,-1.6258743152471,0.0843251093656257,0.224011698465817,-0.242771807065619,-1.96904064056968,-0.342541888101074,-6.49999999988666,2.03961817164615e-29
17.79,0.409313,-0.1771109,-0.152327350424295,4.87623024694923e-30,-1.69032106596452,0.129234814254229,0.207108487806172,-0.241479458923076,-1.92167320579996,-0.315536605581402,-6.49999999998211,4.91435563635519e-28
17.8,0.4030938,-0.1895608,-0.154715981489076,1.36258795625401e-28,-1.73470025220812,0.168211926490763,0.18976148528409,-0.239797339658169,-1.8771780260524,-0.29203614926848,-6.49999999999472,1.41203197044759e-26
17.81,0.3980533,-0.2013709,-0.156679973987591,5.86416232166232e-27,-1.75621140921406,0.208516669422732,0.17219937119195,-0.237712172963941,-1.83536463405004,-0.267392222969515,-6.49999999999698,6.47773940425362e-25
17.82,0.3936891,-0.2132113,-0.158311138262212,1.81343550096145e-25,-1.76039374274087,0.244601805552325,0.154595433764541,-0.235266154908418,-1.79501559846246,-0.245207096537753,-6.49999999999719,2.22515217491049e-23
17.83,0.3902863,-0.2245629,-0.159641038207823,5.28529200705258e-24,-1.74634031249521,0.280611527848865,0.137132030639589,-0.23246003962993,-1.75588748575577,-0.222709847248927,-6.49999999999564,7.78521866694094e-22
17.84,0.3877108,-0.2353065,-0.1607039037686,1.34179829203996e-22,-1.71658685637495,0.317260628664325,0.11996616207584,-0.229287433343286,-1.71741425911205,-0.199325684304403,-6.49999999998936,2.79446197422415e-20
17.85,0.3860829,-0.2454328,-0.161515771828147,2.14528595066702e-21,-1.67158990958485,0.354353193110434,0.103250262979991,-0.225743901412182,-1.67928421930446,-0.175084863732379,-6.49999999995878,9.61968344190481e-19
17.86,0.3854167,-0.2547185,-0.162086076070909,-8.61099266336909e-21,-1.61269324535366,0.393364387827628,0.0871233305264544,-0.221810257533906,-1.64113037671048,-0.148788369681756,-6.49999999974667,3.54997431360793e-17
17.87,0.3856689,-0.2630542,-0.162415436719521,-1.69461861721981e-18,-1.54166566121864,0.434758464417104,0.071706673914268,-0.217462672889735,-1.60258145320416,-0.119883413963857,-6.49999999754563,1.41167009105564e-15
17.88,0.3868934,-0.2702119,-0.162495299531172,1.18819660213114e-16,-1.45946046189043,0.479869398456511,0.0571120692953637,-0.212663978905169,-1.56330356582937,-0.0870784279594184,-6.49999996139149,6.54602075007659e-14
17.89,0.3889919,-0.275963,-0.16230817437587,2.83488128959865e-14,-1.36820612388566,0.529908731985454,0.0434300080565071,-0.207364891585315,-1.52292428507022,-0.0490310247656865,-6.49999901280554,3.71492942583088e-12
17.9,0.3917308,-0.2801285,-0.161826172109162,5.38787459473704e-13,-1.27097597798106,0.585575038484826,0.0307202482766966,-0.201509141200467,-1.48111168660562,-0.00465858290603562,-6.4999602165563,2.5536566131344e-10
17.91,0.3949596,-0.282424,-0.160954780519485,-8.70430999121988e-10,-1.16999440825921,0.64829850059072,0.0190203041941044,-0.195026156194559,-1.43759640876181,0.0478556546039605,-6.49748413753014,2.19927336985566e-08
17.92,0.3985831,-0.2826303,-0.153809883981734,-2.54933616280817e-07,-1.06690535023197,0.718844046917191,0.00835125069178475,-0.187837715725388,-1.39214143116448,0.109910039561061,-6.25494496642919,2.30027109592856e-06
17.93,0.4016546,-0.2809861,-0.0281575218072828,-4.08015091795277e-05,-0.969851871714837,0.794317617154611,-0.00134726802536362,-0.179894539553841,-1.34534566711246,0.179714737118546,-1.15643770332073,0.000226824216872936
17.94,0.4044484,-0.2777329,-0.000218931307445803,-0.00444344620216512,-0.876822258475011,0.871995853177481,-0.0101154906101137,-0.171174581022067,-1.29713616446777,0.255323908337757,-0.00910600208628309,0.0177000012370629
17.95,0.4069226,-0.271567,-1.0712023082906e-06,-0.478957176065219,-0.788391553374413,0.961340358591912,-0.0179994061438579,-0.161561177436148,-1.24775966502986,0.345230648049495,-4.5254963233978e-05,1.41957645241593
17.96,0.4084956,-0.2632004,-5.40523155956639e-09,-2.67941685298557,-0.709252018212238,1.05536916062158,-0.0250919263259802,-0.151007485829932,-1.19864413807281,0.44306980808903,-2.32553549552615e-07,6.24571491739351
17.97,0.4093048,-0.2524034,-2.75863822672843e-11,-3.39030767531254,-0.63808942764703,1.15491495982081,-0.0314728206024505,-0.139458336231724,-1.15021227765402,0.548622236457394,-1.21163728198461e-09,6.49662698033138
17.98,0.4096977,-0.238689,-1.19203313874232e-13,-3.99646303483774,-0.572012992464207,1.2627085377678,-0.0371929505270926,-0.126831250854046,-1.10219592431563,0.662246756524947,-5.35813304934349e-12,6.49995647247122
17.99,0.4101364,-0.2215628,-3.11086286324579e-16,-4.58280615514238,-0.507433662721772,1.38127128345167,-0.0422672871543103,-0.113018538019529,-1.05360769242165,0.782643232705713,-1.43531786680745e-14,6.49999946725681
18,0.4077547,-0.2038186,-5.10208493605501e-18,-5.06006027306316,-0.466865947875004,1.48736762024638,-0.0469359466330604,-0.0981448618170651,-1.01483433839115,0.892264643940794,-2.40829083941449e-16,6.49999998604192
18.01,0.4035523,-0.184509,-3.12236112865877e-19,-5.45662332780574,-0.440917840409104,1.58864759272242,-0.0513451250371514,-0.0822583858898409,-0.983275562267828,0.996274006802792,-1.50328503413097e-17,6.49999999945991
18.02,0.399107,-0.162302,-1.93345130472654e-20,-5.78912660629171,-0.416359007161558,1.69517696481264,-0.055508715108767,-0.0653066162417144,-0.952969033477977,1.09865519399079,-9.49720731707417e-19,6.49999999997832
18.03,0.3923714,-0.1393872,-8.61120344871981e-21,-6.0384381552889,-0.40910141379958,1.78890701414799,-0.0595997292467628,-0.0474175461002345,-0.932367773437441,1.19159198684122,-4.29029710244327e-19,6.4999999999985
18.04,0.3848157,-0.1146087,-6.64324179931594e-21,-6.22596641224482,-0.40642680270759,1.8791986289259,-0.0636639972738387,-0.0286255598109755,-0.914757640477578,1.27932061383368,-3.35137144394869e-19,6.49999999999987
18.05,0.3758985,-0.08884212,-1.41314791917784e-20,-6.35708730673614,-0.412180171237238,1.95896209687285,-0.0677857989862111,-0.00903593884224698,-0.902101653379,1.36066041561968,-7.19474896003339e-19,6.49999999999998
18.06,0.3659869,-0.06202753,-5.25765720467004e-20,-6.4418703249622,-0.422812539434574,2.02896895157748,-0.0720139243805568,0.0112537506735278,-0.892221890592402,1.43692427232066,-2.6964277313354e-18,6.5
18.07,0.3544453,-0.03525322,-5.37153864916953e-19,-6.48737235083532,-0.442791322534688,2.08109269133692,-0.0764418376059037,0.032064677586897,-0.887202972043944,1.50843742502991,-2.76519123677782e-17,6.5
18.08,0.342333,-0.007766854,-5.11119885401888e-18,-6.49987321168047,-0.4630447286419,2.1222071492992,-0.0810722848923227,0.053286749079889,-0.881885802387599,1.57704383987831,-2.64174973094889e-16,6.5
18.09,0.329315,0.01979938,-5.81565355266477e-17,-6.48283091452661,-0.486010272613177,2.14799153969373,-0.0859323876184545,0.0747666644768263,-0.877503991911718,1.64351335084933,-3.01589212039735e-15,6.5
18.1,0.3154615,0.04727707,-7.04514695945233e-16,-6.43817194408637,-0.510777118606615,2.15814578999177,-0.0910401588045206,0.096348122376744,-0.87348313430702,1.70886794668975,-3.66476912708695e-14,6.5
18.11,0.3008563,0.07434139,-8.21597139855986e-15,-6.36609903118359,-0.53639256145185,2.15127563438853,-0.0964040844190391,0.117860878720629,-0.869308163583063,1.77417541670068,-4.2876245044959e-13,6.5
18.12,0.2874866,0.1025132,-2.3421645190605e-14,-6.26831873854339,-0.547224523988652,2.14049532419801,-0.101876329658926,0.139265831962609,-0.857727316243469,1.83865639034724,-1.23344985232363e-12,6.5
18.13,0.2731277,0.1297567,-8.89201663226619e-14,-6.14086554380391,-0.5615731473693,2.11037467284297,-0.107492061132619,0.160369578691039,-0.847928908599028,1.90484382121143,-4.71971212942408e-12,6.5
18.14,0.2587068,0.1566741,-2.32586508583781e-13,-5.98257525405405,-0.571883216203252,2.06723166325619,-0.113210893294651,0.181041895323601,-0.836296775416715,1.97258568534789,-1.24635603090576e-11,6.5
18.15,0.2442195,0.1831228,-4.37924916010369e-13,-5.79034972442989,-0.578424224498796,2.01120178515503,-0.118995135539639,0.201153913175151,-0.823114332420093,2.04252351833742,-2.37292434751052e-11,6.5
18.16,0.2286591,0.2081668,-1.1646492266897e-12,-5.55393042885959,-0.589228216514959,1.93634702690868,-0.124887417704789,0.220517383444238,-0.812179749451498,2.11716559336013,-6.37087418493794e-11,6.49999999999998
18.17,0.2141086,0.2332756,-1.12972265836318e-12,-5.2807191885717,-0.587757392438588,1.85592849663227,-0.130764991629175,0.239076668410561,-0.795815594182118,2.19332421121337,-6.27130203827348e-11,6.49999999999984
18.18,0.1993023,0.2573023,-9.71591293115203e-13,-4.95695959084915,-0.584755757346493,1.76195686747783,-0.13661254920264,0.256696237085339,-0.779248285051549,2.27418665194521,-5.47803995992435e-11,6.49999999999807
18.19,0.1836056,0.2797088,-1.1168161291949e-12,-4.56927401719653,-0.585257663045804,1.6518544161546,-0.142465125833098,0.273214781246885,-0.764816838845034,2.36187927097399,-6.38673570319857e-11,6.49999999995819
18.2,0.1674153,0.3006923,-1.30328514259046e-12,-4.11449151816069,-0.585900716192256,1.52903826043854,-0.14832413299502,0.288505163851271,-0.750873120929244,2.45606201791951,-7.56052099637586e-11,6.49999999837004
18.21,0.1509061,0.3204198,-1.38103337988935e-12,-3.59394747180205,-0.58530235017073,1.39650290401451,-0.154177156496727,0.302470192891416,-0.73676483163387,2.55598288657838,-8.13395113874399e-11,6.49999988437027
18.22,0.1332151,0.3374821,-2.28488939521518e-12,-2.9691406605468,-0.590223845285864,1.24486842890364,-0.160079394949586,0.314918877180452,-0.725610418710607,2.66767576962525,-1.36270389800599e-10,6.49997583188704
18.23,0.1150968,0.3530118,-3.54499863782179e-12,-2.25825664463193,-0.594352487259858,1.0852762153268,-0.166022919822185,0.32577163933372,-0.714363198105262,2.7851590630844,-2.14221963276474e-10,6.48745825264383
18.24,0.09623627,0.3665241,-6.25714679101142e-12,-0.32586030731988,-0.600145060624509,0.915535371511339,-0.17202437042843,0.334926993048833,-0.704149396689032,2.90934784786314,-3.82847195395559e-10,1.42260878023857
18.25,0.07763063,0.3786826,-6.80676962121336e-12,-2.98540856811961e-05,-0.599703694509174,0.742576045689738,-0.178021407373521,0.342352753505731,-0.69136743689022,3.03446006391997,-4.23313730591933e-10,0.000276983238269442
18.26,0.05865978,0.388979,-6.89737154200483e-12,4.84509773429354e-11,-0.598293877967667,0.563741422167091,-0.184004346153198,0.347990167727402,-0.678532649376817,-3.1224014457073,-4.36404209354645e-10,7.44888327173156e-09
18.27,0.03976203,0.397665,-5.03756400850957e-12,-2.56922708993879e-17,-0.592589661056561,0.382500455124315,-0.189930242763764,0.351815172278645,-0.664164573277516,-2.99885697646762,-3.25316873216799e-10,3.98331478151184e-14
18.28,0.02117832,0.4048202,-2.34697074035262e-12,1.69034427964988e-21,-0.581075024780283,0.20073887462037,-0.195740993011567,0.353822561024849,-0.647650842549446,-2.8806313050011,-1.55429322065206e-10,1.9141574523892e-19
18.29,0.003086406,0.4104918,-6.40391999233738e-13,1.98333591697937e-24,-0.562875578601243,0.0199492192072412,-0.201369748797579,0.354022053216921,-0.628658472727687,-2.76937126331114,-4.37652842133424e-11,1.98998797638701e-22
18.3,-0.01429347,0.414728,-9.05155669975153e-14,1.84395413171263e-22,-0.536896394473224,-0.1584862544725,-0.206738712742311,0.352437190672196,-0.60671496204268,-2.59111041945153,-6.43529389285867e-12,1.4675072574892e-20
18.31,-0.03082599,0.4174736,-6.07976870706264e-15,1.57307971152753e-17,-0.502832238996891,-0.334106743722622,-0.21176703513228,0.34909612323497,-0.581657773092094,-2.49696703275061,-4.53791920952439e-13,1.04682115238736e-15
18.32,-0.04493395,0.4202646,-6.29215837766775e-17,1.05806934746466e-12,-0.449295057491454,-0.494181373772541,-0.216259985707195,0.344154309497244,-0.547940656572237,-2.41653870683695,-5.03436919496935e-15,6.31433347516485e-11
18.33,-0.05970235,0.4196712,-8.7734429551205e-19,5.18337368424255e-08,-0.401970110696379,-0.665502966906885,-0.220279686814158,0.337499279828176,-0.517811708403389,-2.33661840957042,-7.47696586207093e-17,2.85360006724363e-06
18.34,-0.07522845,0.4156672,-1.93164171252444e-20,0.00100588896140235,-0.361403329657573,-0.846369657852875,-0.223893720110734,0.329035583249647,-0.491598392624533,-2.2587092808592,-1.73506694296214e-18,0.0519506259633169
18.35,-0.08800898,0.4120074,-4.06474805611758e-23,0.123575701709673,-0.300199385319942,-1.00587761945543,-0.226895713963934,0.318976807055093,-0.455283025758042,-2.19253142010064,-3.88684414480508e-21,6.08624523824229
18.36,-0.09994911,0.4069842,-4.26807953597695e-26,0.137268744115491,-0.235055015900215,-1.15793042069332,-0.229246264122936,0.307397502848159,-0.417113162030694,-2.13175410770347,-4.25458063605574e-24,6.49922496008123
18.37,-0.11127,0.4011573,-4.10841638341824e-29,0.141785029559169,-0.168371770186692,-1.29784628113239,-0.230929981824803,0.294419040036835,-0.378180578892992,-2.07651227379857,-4.12574244883309e-27,6.49999595505715
18.38,-0.1217804,0.3949691,-8.01236975313449e-32,0.14555222959537,-0.0991851604588234,-1.4222857158068,-0.231921833429391,0.280196182878767,-0.337778385806384,-2.02641305115226,-8.01091472432256e-30,6.49999994374498
18.39,-0.1318039,0.3889056,-1.92284350579961e-33,0.148678583879766,-0.0306056595608872,-1.52792044921352,-0.232227890025,0.264916978386632,-0.29749660240575,-1.9810396215976,-1.9751252518114e-31,6.49999999806673
18.4,-0.1410145,0.3839899,-2.08467395145799e-33,0.151218691348917,0.0395270095005138,-1.60763373390844,-0.231832619929995,0.248840641047548,-0.25593276072558,-1.94062668606252,-2.41412123388109e-31,6.4999999998236
18.41,-0.1508211,0.3785213,-4.52754249461863e-32,0.153418223197428,0.0997717966834024,-1.67610467389647,-0.230834901963161,0.232079594308583,-0.219875127146224,-1.90204904850528,-6.87964853425449e-30,6.49999999997536
18.42,-0.1603203,0.3742718,-3.50999282231446e-30,0.155230812987878,0.157524460690542,-1.72005799499314,-0.229259657356255,0.214879014358652,-0.184901187502557,-1.86676498322812,-1.06606095331816e-27,6.49999999999263
18.43,-0.1695598,0.3708965,1.45066765170614e-29,0.156752906479706,0.212260674859028,-1.74378220207564,-0.227137050607665,0.197441192337895,-0.151290915331871,-1.83368910539214,-2.77007669360494e-25,6.49999999999602
18.44,-0.178933,0.3681635,5.45468955375519e-26,0.158043255892701,0.2608448313559,-1.75048359321273,-0.224528602294106,0.179936356405768,-0.121044017136525,-1.80211225095384,-4.48307392087682e-23,6.49999999999653
18.45,-0.1881868,0.3661934,-4.14713935807159e-24,0.159131682482829,0.305419155879303,-1.74049447168889,-0.221474410735313,0.162531411688879,-0.0928141368165904,-1.77175975435982,-4.42038423826901e-21,6.49999999999516
18.46,-0.197089,0.3650779,-1.65465332560475e-21,0.160042167193288,0.347823220135808,-1.7144482686445,-0.217996178533955,0.145386929002434,-0.0653746731287567,-1.74237300412248,-3.00694384363156e-19,6.49999999998931
18.47,-0.2056817,0.3648564,-1.09235388528905e-19,0.160793730871627,0.387646654664675,-1.67343094866929,-0.214119711987308,0.128652619515741,-0.0389646149270379,-1.71369387193095,-1.33599351099657e-17,6.49999999996297
18.48,-0.2134984,0.3655305,-2.4507753816108e-18,0.16140034514323,0.428455655125035,-1.61883035489379,-0.209835155436058,0.112464315966803,-0.011068567719351,-1.68547639810326,-5.52662840715841e-16,6.49999999980021
18.49,-0.220612,0.3669512,2.19983040715091e-16,0.161872062441386,0.469366456943956,-1.55317681307307,-0.205141490866618,0.0969325478360725,0.0178457403316939,-1.65743487460453,-1.93423189064043e-14,6.49999999837945
18.5,-0.2263893,0.3690987,3.67812345171909e-14,0.162212778358172,0.515019911992923,-1.47787186837208,-0.199991291746689,0.0821538291523516,0.0512881727060919,-1.629381221142,-8.49222635990493e-13,6.49999998015848
18.51,-0.2303545,0.3722641,5.05453555404983e-12,0.162422463233348,0.568448999221651,-1.39186130094164,-0.194306801754472,0.0682352161429352,0.0918643348538807,-1.60123019719599,-5.58812933626459e-11,6.49999959537557
18.52,-0.2328113,0.3749346,5.45523611742235e-10,0.162499529155776,0.626380319650391,-1.3081992957883,-0.188042998557969,0.0551532231850522,0.137644823352543,-1.5724996878015,-3.90581141460056e-09,6.49999088123422
18.53,-0.2329594,0.3774061,7.74628485710454e-08,0.162430218784513,0.694296161872387,-1.22491602146875,-0.181100036939245,0.0429040629703647,0.193224978769474,-1.54323435827617,-4.02543500380114e-07,6.49975210425617
18.54,-0.2302898,0.3798234,1.64453849690551e-05,0.162010633996345,0.77494382435663,-1.1413630770168,-0.173350598695678,0.0314904322001968,0.261272986362524,-1.51341700342646,-6.40557086567996e-05,6.49143183419142
18.55,-0.2247341,0.3814529,0.00426754090468431,0.154874008931979,0.867369873437966,-1.06373785167793,-0.164676899961299,0.0208530536834175,0.341428115135802,-1.48316222879432,-0.0127864652386116,6.21954927442582
18.56,-0.2158145,0.3825479,0.907873742212107,0.0610921847516937,0.97378865713411,-0.990084946083512,-0.154939013389958,0.0109522042225823,0.435168674307091,-1.4525324226639,-2.15241233995292,2.46139996555303
18.57,-0.2031766,0.3831579,3.33258705234563,0.00246708045023963,1.09520011873665,-0.92015331397867,-0.143987012202591,0.00175067108279564,0.542036532294561,-1.42161915738536,-6.45541506229268,0.0998253534368092
18.58,-0.1869053,0.382978,3.97374212274057,6.89662239321467e-05,1.22904241453888,-0.856429276780172,-0.131696588057202,-0.00681362168500608,0.657823869612133,-1.39075278381902,-6.49983759266596,0.00280535827548682
18.59,-0.1660123,0.3830528,4.58184981453446,1.27638086485698e-06,1.38116514848726,-0.790731562290401,-0.11788493657233,-0.0147209373079101,0.782435903960078,-1.35926512167562,-6.49999947298333,5.22547705651204e-05
18.6,-0.1426497,0.3813263,5.09714071987949,4.51095826542538e-08,1.53259401000582,-0.73949922057934,-0.102558996472272,-0.0221159295137035,0.901394395386627,-1.32927109717669,-6.49999999688796,1.85996947668229e-06
18.61,-0.1173211,0.3776839,5.5107808535115,3.58565000288259e-09,1.67856044773888,-0.702796903841461,-0.0857733919948828,-0.0291438985521181,1.01178608056146,-1.30138096254692,-6.4999999999655,1.48956671968809e-07
18.62,-0.08856741,0.3738103,5.84359244396317,2.61966568799188e-10,1.82985342516699,-0.666688411733324,-0.0674748577432129,-0.0358107826694513,1.1174273908488,-1.27366603850017,-6.49999999999952,1.09733606938401e-08
18.63,-0.05666647,0.3696999,6.09553938059161,1.77649486585321e-11,1.98298084139233,-0.631377480710503,-0.0476450493292896,-0.0421245574765564,1.21608617551816,-1.24620902335571,-6.49999999999999,7.5091452982402e-10
18.64,-0.02481152,0.3629576,6.2682255507619,5.14973293775195e-12,2.11219527338424,-0.615513692816416,-0.0265230965954472,-0.0482796944047205,1.30288207601148,-1.22316359311621,-6.5,2.19479954125815e-10
18.65,0.008329188,0.3554291,6.38543080701575,1.98580513346567e-12,2.2288215228939,-0.603410975452072,-0.00423488136650824,-0.0543138041592413,1.38271736215519,-1.20130685613386,-6.5,8.53465344500755e-11
18.66,0.04028597,0.3450309,6.45671769565163,3.82028571833818e-12,2.31403377649932,-0.610933239140779,0.018905456398485,-0.060423136550649,1.45530129096466,-1.18457748778667,-6.5,1.65306378546957e-10
18.67,0.07352846,0.3345291,6.4930197048807,5.60364020777784e-12,2.38878151371536,-0.615134917989584,0.0427932715356386,-0.0665744857305449,1.52443641224644,-1.16720967625747,-6.5,2.44268567895161e-10
18.68,0.1051067,0.3217445,6.49876675526538,2.43370150629377e-11,2.4306193442708,-0.633062127514589,0.0670994649783466,-0.0729051070056908,1.59028123437598,-1.15360670088443,-6.5,1.06728043706741e-09
18.69,0.135252,0.307223,6.47709877861101,1.905151407998e-10,2.44359142368534,-0.659312986940318,0.0915353792152,-0.079498236875094,1.65478559387249,-1.14215630624212,-6.5,8.39870900228042e-09
18.7,0.1644991,0.2919343,6.42861233136698,1.38065709693094e-09,2.43394422589696,-0.685580503310744,0.11587482147417,-0.0863540419082014,1.71917674695002,-1.13054510266037,-6.5,6.11983170665767e-08
18.71,0.1923883,0.2757041,6.35201006361348,1.01012716472995e-08,2.39990258764601,-0.71303276626794,0.13987384735063,-0.0934843695708808,1.78464639337344,-1.11909900165572,-6.5,4.50228144469172e-07
18.72,0.2189222,0.2588146,6.24447630738374,6.31369888472035e-08,2.34354488962398,-0.739219433954666,0.16330929624687,-0.100876563910427,1.85218850379701,-1.10718340229758,-6.5,2.83081623620203e-06
18.73,0.2441427,0.2414921,6.10196031170684,3.04019689338437e-07,2.26722521152804,-0.762314627179645,0.18598154836215,-0.108499710182224,1.92265026905178,-1.0943810578344,-6.5,1.37205456247924e-05
18.74,0.2681614,0.2240382,5.91964777344411,1.00157338375183e-06,2.1737776702449,-0.780074316919118,0.207719325064599,-0.116300453351415,1.99666718604992,-1.08019045152551,-6.5,4.55405657067517e-05
18.75,0.2909209,0.2064228,5.69137293248774,2.39301441289787e-06,2.06461323619444,-0.793017690018772,0.228365457426543,-0.124230630251603,2.07500359335466,-1.06485129276261,-6.5,0.000109719288225429
18.76,0.3125563,0.1888645,5.41147405377484,3.86930099525638e-06,1.94261935136754,-0.799736483785638,0.247791650940219,-0.132227995089459,2.15797061658077,-1.04805281431696,-6.49999999999998,0.000179090072022536
18.77,0.333078,0.1714155,5.07397036308215,4.29046512023527e-06,1.80957323972315,-0.800249325869514,0.26588738333745,-0.140230488348154,2.24591540056194,-1.0298568032932,-6.4999999999995,0.000200698488907481
18.78,0.3524525,0.1541372,4.67340846270718,3.27158589496478e-06,1.6668450519189,-0.794541574147068,0.282555833856639,-0.148175904089625,2.33911114920221,-1.01028668933491,-6.49999999997426,0.000154856183569929
18.79,0.370631,0.1370521,4.20620063023507,1.74234238116629e-06,1.51563770972747,-0.782936719684551,0.297712210953914,-0.156005271286471,2.43767034967091,-0.989438112647695,-6.49999999764437,8.35555130631237e-05
18.8,0.3874669,0.1200739,3.66996430205555,6.8951511933529e-07,1.35636230328629,-0.766608028533863,0.311275833986777,-0.163671351571809,2.54181565748927,-0.967644296083195,-6.49999956663728,3.35380211999475e-05
18.81,0.4028139,0.1031607,3.06205848865171,2.09918865865587e-07,1.18944586203384,-0.74632324971374,0.323170292607115,-0.171134584068947,2.65155498712052,-0.945113797608104,-6.4998127677876,1.0366696089048e-05
18.82,0.41661,0.08638025,2.29885824770671,4.80146315714337e-08,1.01598405822957,-0.721969957386325,0.333330133189411,-0.17835428364281,2.76621807334294,-0.921773430331107,-6.27940092215943,2.41012844878707e-06
18.83,0.4287133,0.06964841,0.0101995915647269,8.69127877516494e-09,0.836409231365842,-0.694639344487005,0.341694225503069,-0.18530067708768,2.88510645709282,-0.897940844750208,-0.0404498859575462,4.43853619494732e-07
18.84,0.4395871,0.0534695,3.11736885936742e-07,9.54159630742774e-10,0.655830357159822,-0.660818913636746,0.348252529074668,-0.191908866224047,3.00419416871546,-0.872349125820735,-2.23588754870811e-06,4.96772021951653e-08
18.85,0.4484626,0.03721226,1.82944636565371e-13,9.02045656822859e-11,0.469460402793878,-0.62606213007378,0.352947133102606,-0.198169487524785,3.12540308042328,-0.846888585700005,-1.80834501046984e-11,4.79192518569029e-09
18.86,0.455669,0.02123845,1.44755765767338e-20,5.97498732579438e-12,0.281393388617921,-0.587843260740289,0.355761066988786,-0.204047920132188,-3.03819396573778,-0.820586316065297,-4.42907667162465e-17,3.24462088924968e-10
18.87,0.461036,0.005561868,-8.71521187503976e-24,2.73637440722799e-13,0.0915628138334057,-0.546535147816662,0.35667669512712,-0.209513271610355,-2.92122546673488,-0.793503194962852,-1.31694255258397e-21,1.52224911611645e-11
18.88,0.4644631,-0.0102452,-1.529253970666e-23,1.13782623145463e-14,-0.0995387501734442,-0.505904488683804,0.355681307625385,-0.214572316497193,-2.80801218683344,-0.767078702527682,-1.52981208452803e-21,6.49217998555403e-13
18.89,0.4677167,-0.02404743,-3.07534418934911e-19,9.96309787090116e-17,-0.277045122656681,-0.44966377411021,0.352910856398818,-0.219068954238295,-2.61334885602837,-0.734442935128589,-2.56455278301624e-17,5.88310139169985e-15
18.9,0.4688806,-0.0378782,-7.90428225232864e-14,7.24765555587738e-19,-0.455728552638256,-0.395014435229353,0.348353570872436,-0.223019098590588,-2.52788392592569,-0.702624179353466,-5.54738957171646e-12,4.44295338328778e-17
18.91,0.4680529,-0.05150321,-7.76925072899586e-09,3.81431729911961e-21,-0.633672041281365,-0.340341037309379,0.342016850459622,-0.226422508963682,-2.4464305335532,-0.670898801832077,-4.80798174154169e-07,2.43933220777613e-19
18.92,0.4660512,-0.06402194,-0.000109282806609305,7.32278979951523e-24,-0.803557113822563,-0.279016943284368,0.333981279321396,-0.229212678396526,-2.37121299316952,-0.6360172035746,-0.00621504874935706,4.94230384856619e-22
18.93,0.4624546,-0.07590243,-0.0900814630505796,8.97823813611899e-27,-0.968229578553753,-0.215518312794096,0.324298983535859,-0.231367861524467,-2.3003157503054,-0.599872831142386,-4.80736087201873,6.4663335398378e-25
18.94,0.4570909,-0.08742934,-0.128236130469548,1.44310862580118e-29,-1.12843012302184,-0.15257703246121,0.313014682305641,-0.232893631849079,-2.23289552489394,-0.563725054607238,-6.49757796491774,1.1172353083609e-27
18.95,0.450156,-0.09857499,-0.134069251175221,6.96473846211497e-32,-1.28202188806552,-0.090304404973562,0.300194463424985,-0.233796675898814,-2.16902363735662,-0.527575107190115,-6.49999310421087,5.8160852170559e-30
18.96,0.4418567,-0.1098865,-0.139211106586909,3.55491817263702e-33,-1.42698943496317,-0.0332311854849188,0.285924569075354,-0.234128987753664,-2.10861684253634,-0.493974193801834,-6.49999995381516,3.17853710849604e-31
18.97,0.4325313,-0.1212004,-0.143692123853123,2.34457770310277e-33,-1.56050574531704,0.0199683619273152,0.270319511622183,-0.23392930413439,-2.05167776709165,-0.462295582773173,-6.49999999932603,2.21804081556147e-31
18.98,0.4226483,-0.1327189,-0.147527646204806,1.23132889011281e-32,-1.67902598534381,0.0677226474859438,0.253529251768745,-0.233252077659531,-1.9982266850714,-0.433599581911754,-6.49999999997933,1.21033314946047e-30
18.99,0.412739,-0.1445152,-0.150761629086862,1.93231010637049e-31,-1.77887951676344,0.109606503442574,0.235740456601111,-0.232156012625105,-1.94818607522667,-0.408307849416881,-6.49999999999869,1.93506747755243e-29
19,0.4036168,-0.156211,-0.153439716826743,5.43830598716366e-30,-1.85461670864678,0.148744949291647,0.217194289514643,-0.230668563132189,-1.9016514884597,-0.384545471306941,-6.49999999999982,5.46451408092995e-28
19.01,0.3975031,-0.1664567,-0.15556088703562,5.41523006752401e-28,-1.89048429297448,0.195524192991225,0.198289446584898,-0.228713321202277,-1.85990102377396,-0.355400294024953,-6.49999999999993,5.41832252639904e-26
19.02,0.3889655,-0.1796765,-0.157454282579237,3.49292108344582e-27,-1.9312427891167,0.214973940058574,0.178977018693731,-0.226563581801691,-1.81701385583162,-0.344475709819836,-6.49999999999997,3.49158126574468e-25
19.03,0.3840215,-0.1907316,-0.158927524547658,1.11704376132248e-25,-1.92982567929857,0.248702966748485,0.159678761900745,-0.224076552134206,-1.7777855487289,-0.32356963557386,-6.49999999999997,1.12076537985091e-23
19.04,0.3803718,-0.2012469,-0.16011852954363,3.68623888988773e-24,-1.90722075100285,0.282886531379681,0.140606554390717,-0.221247686820409,-1.73967934306061,-0.302003171651947,-6.49999999999995,3.76339175410594e-22
19.05,0.3787548,-0.2105216,-0.161045944859988,2.01080099604529e-22,-1.85948973533936,0.322690036717422,0.122011657037323,-0.218020786453235,-1.70269249580921,-0.275880290984828,-6.4999999999998,2.16185879347484e-20
19.06,0.3777291,-0.2197985,-0.161747066152884,5.74257166063872e-21,-1.7999690040702,0.357865989941555,0.104011966996621,-0.214442126553819,-1.6656729902361,-0.252588477897445,-6.49999999999897,6.76054804003012e-19
19.07,0.3785349,-0.2276465,-0.162217790020067,2.43882208181853e-19,-1.72034963776098,0.399589996215884,0.0868084706190116,-0.210446226591661,-1.62886775788306,-0.223558384903118,-6.4999999999899,3.56062874734236e-17
19.08,0.3808672,-0.2341257,-0.162463065517014,9.54526546503963e-18,-1.62501063640132,0.446646137925402,0.0705583642549985,-0.205979765212407,-1.59180210835127,-0.189234352305963,-6.49999999982231,2.5393775677872e-15
19.09,0.3845105,-0.2390675,-0.162476671705981,-6.15199950840124e-17,-1.51739433833956,0.499638277960841,0.0553844208716029,-0.200983382432798,-1.55410233814882,-0.148550327895762,-6.49999999445967,2.36640227983896e-13
19.1,0.3891073,-0.2421055,-0.162243604754914,4.01789955856988e-15,-1.40185306287862,0.560612675498028,0.0413658902428167,-0.195377255677818,-1.51544609437231,-0.0990165824038339,-6.49999970600567,3.09473643275281e-11
19.11,0.3945549,-0.2432937,-0.161740970928159,3.70480521388069e-11,-1.2804839224559,0.628169593803818,0.0285610510182577,-0.18909555973978,-1.4755790403972,-0.0408833570246217,-6.49997253341003,4.55579030505438e-09
19.12,0.4003828,-0.2419999,-0.160840947808212,-2.01358753377503e-08,-1.15809416569181,0.706260238897489,0.0169801093613396,-0.182032957350805,-1.43438721944845,0.0304776796468663,-6.49580139311271,9.10898056831079e-07
19.13,0.4060984,-0.2384442,-0.1395411637706,-2.0821822455682e-05,-1.03929677728774,0.791903617817333,0.00658714158846218,-0.174113921172631,-1.39199300528129,0.113452290274089,-5.67483953651257,0.00018158902118265
19.14,0.4108223,-0.2326028,-0.00438857042603388,-0.00667748283252018,-0.93130778747271,0.884179416505436,-0.00272593628626492,-0.165272127007577,-1.34912844336309,0.207834625952649,-0.180080339100189,0.032406956671297
19.15,0.414369,-0.2246513,-1.95350033545999e-05,-0.816307255005023,-0.835369026977704,0.980660068597393,-0.011079626556042,-0.155465526321603,-1.30644245340859,0.311340010628328,-0.000810377576390219,2.67764471282615
19.16,0.4176522,-0.2127187,-5.98445530450065e-08,-2.72660381832949,-0.744077708100552,1.09484103565356,-0.0185204036370475,-0.144517115965068,-1.26335693170023,0.435845631758232,-2.51508276284397e-06,6.45483652512221
19.17,0.4181264,-0.1998859,-5.44092954520273e-10,-3.42866245963172,-0.677238621469008,1.20093705671423,-0.0252927898517376,-0.132507745397925,-1.22410091937587,0.555308901134722,-2.31810144321287e-08,6.49949244268496
19.18,0.4186102,-0.1827827,-3.38798264795916e-12,-4.13489384425281,-0.61163417516252,1.3248702569071,-0.0314091316033628,-0.119259042828854,-1.184799725904,0.689599507464666,-1.46586819145165e-10,6.49999586357769
19.19,0.4178468,-0.1631803,-3.30852058855669e-14,-4.75639952253587,-0.557239196092314,1.45087076819613,-0.0369815235642859,-0.104750335146893,-1.14819148235955,0.821013574905342,-1.45449194287146e-12,6.49999995268173
19.2,0.4153691,-0.1416253,-8.20376324837087e-16,-5.26366872218569,-0.517105187261894,1.57379888437199,-0.0421525754369048,-0.0890123463031729,-1.11584021225278,0.943787482790819,-3.66240056765161e-14,6.49999999914734
19.21,0.4109755,-0.118468,-7.08781088407922e-17,-5.65739478957007,-0.491912881789514,1.69043963830284,-0.0470717042548,-0.0721079499201445,-1.08861155029443,1.05587379188037,-3.20840622341148e-15,6.49999999997527
19.22,0.4056871,-0.09328106,-1.03287361260904e-17,-5.95745548607762,-0.47278382870246,1.80384722247381,-0.0517995425418246,-0.0540694776954064,-1.06395577764339,1.15923454480475,-4.73805326573172e-16,6.49999999999902
19.23,0.3994007,-0.06647528,-2.83621183261512e-18,-6.17523368980199,-0.46014718956828,1.91040875270039,-0.0564010144375074,-0.0349653901684024,-1.04212728424677,1.25327604753625,-1.31721864480088e-16,6.49999999999994
19.24,0.390694,-0.039864,-4.76494641524858e-18,-6.32243702981843,-0.46451591246794,1.99603532566774,-0.0610461735621868,-0.0150050369117251,-1.02690708916388,1.33646241284905,-2.2328471215373e-16,6.49999999999999
19.25,0.3809784,-0.01245528,-1.3178460204467e-17,-6.41965866668099,-0.473670452690373,2.06943485983405,-0.0657828780890905,0.00568931168661545,-1.01363332242491,1.4133674056612,-6.22506973896559e-16,6.5
19.26,0.3698785,0.01508868,-7.44632319192083e-17,-6.47611243813435,-0.490062877774475,2.12598908103253,-0.0706835068668353,0.0269492024969408,-1.00305485573916,1.48501635874136,-3.54042549069624e-15,6.5
19.27,0.3576856,0.04239814,-6.04571404376077e-16,-6.49897401461554,-0.510779817293448,2.16378516543213,-0.0757913050397697,0.0485870541512621,-0.993892282618606,1.55302404675993,-2.89107838721152e-14,6.5
19.28,0.3450107,0.06973669,-4.1832155276747e-15,-6.49245982842478,-0.530645576338978,2.18604208344227,-0.0810977608031595,0.0704474749856848,-0.984181078338962,1.61897995158752,-2.01286694306792e-13,6.5
19.29,0.3307663,0.09596225,-5.21963855161067e-14,-6.45819020976715,-0.557960800128848,2.18500911472841,-0.086677368804448,0.0922975661329689,-0.97686884857598,1.68430757789399,-2.52349537820814e-12,6.5
19.3,0.3162081,0.1220378,-4.51183194551382e-13,-6.39600450196532,-0.582310497783025,2.16986474894001,-0.0925004737822783,0.113996213622369,-0.968102903093289,1.7499618527598,-2.19388962781979e-11,6.5
19.31,0.3012416,0.1474625,-3.00211166405849e-12,-6.30385193057588,-0.604489176277591,2.13790623111237,-0.0985453655450542,0.135375275933493,-0.95832026962509,1.8171477929322,-1.46933623375909e-10,6.5
19.32,0.285921,0.1722451,-1.52963513307669e-11,-6.17834098266213,-0.624100154840116,2.09065759509781,-0.104786367093455,0.156281851884471,-0.947502636629114,1.88678123914527,-7.54164901462186e-10,6.5
19.33,0.2705519,0.1965019,-5.13310565967222e-11,-6.01539659719764,-0.638856772838908,2.03044517129466,-0.111174934821844,0.176586303597417,-0.934993834869961,1.95946724051231,-2.55274625947098e-09,6.5
19.34,0.2551461,0.2201706,-1.18426398289244e-10,-5.80964065888822,-0.648940109886068,1.95811946604177,-0.117664335920705,0.196167498257835,-0.921012180911569,2.03594973027627,-5.94771426193923e-09,6.49999999999999
19.35,0.2396203,0.243016,-2.04995079142091e-10,-5.55319726516231,-0.65527293135114,1.8732094554655,-0.124217065234216,0.21489959281249,-0.905992110052404,2.11738257471067,-1.04072930887931e-08,6.49999999999989
19.36,0.2240078,0.2650744,-2.68553202386922e-10,-5.23894025290004,-0.657836059942341,1.77744352424881,-0.13079542583364,0.232674028054978,-0.890006303915819,2.20425487705998,-1.37957290248601e-08,6.49999999999862
19.37,0.2084043,0.2862777,-2.58500110136749e-10,-4.85890075473791,-0.6561519059359,1.67167916456339,-0.137356944892999,0.249390819700612,-0.872953319557722,2.2971709316272,-1.34522370903023e-08,6.49999999997392
19.38,0.1926956,0.3064297,-1.99864525204027e-10,-4.40370389049634,-0.651420539370132,1.55578212213173,-0.1438711502867,0.264948640921929,-0.855308296071906,2.39708069608942,-1.05457045220467e-08,6.49999999919634
19.39,0.1768486,0.3253903,-1.28515248448695e-10,-3.86630384775712,-0.644141292581047,1.43012332903572,-0.150312563212511,0.279249874212287,-0.837276201711601,2.50457954939146,-6.88112422605088e-09,6.4999999565519
19.4,0.1608471,0.3429973,-7.02854534794666e-11,-3.24114152362506,-0.634664703120075,1.29493219941741,-0.156659210243711,0.292199196206461,-0.818998699199707,2.620046639028,-3.82197114303579e-09,6.49999541489062
19.41,0.1449086,0.3595888,-2.91251138710256e-11,-2.53623149703981,-0.621526405655064,1.15432653730479,-0.162874474300262,0.303742461579509,-0.799950692903472,2.74054832482419,-1.61070087853429e-09,6.49906772799555
19.42,0.1283247,0.3735742,-1.4102197175276e-11,-1.5436021876135,-0.610514832127581,0.997310074471436,-0.168979622621538,0.313715562324223,-0.782280416261993,2.87361551505283,-7.92808214283399e-10,5.86560023415963
19.43,0.1121884,0.386868,-4.14132043375574e-12,-0.00471603112662895,-0.593116727858614,0.840783662188223,-0.174910789900124,0.322123398946105,-0.762778185254248,3.00504087898483,-2.37316377225994e-10,0.0340313190587075
19.44,0.09502628,0.397094,-1.84747405186234e-12,5.42983996487518e-09,-0.581231268304595,0.667354964475521,-0.18072310258317,0.32879694859086,-0.745969507507454,-3.13668931025442,-1.07731818478136e-10,2.45621817635198e-06
19.45,0.0782044,0.4061216,-5.3360138657698e-13,-2.86976388217367e-14,-0.56399369288631,0.493716173979514,-0.186363039512033,0.333734110330655,-0.72764429062047,-3.00103168728661,-3.17501179792501e-11,3.73872269203844e-11
19.46,0.06172643,0.4136304,-1.01050606537301e-13,1.20217746976563e-18,-0.541872842651163,0.318444962297271,-0.191781767938545,0.336918559953628,-0.708002545714444,-2.87201242789198,-6.15354563074923e-12,1.3179542513747e-16
19.47,0.04535305,0.4193979,-1.48029186767801e-14,1.03804379809776e-23,-0.517197409700053,0.140987912998291,-0.196953742035545,0.338328439083611,-0.687956118020362,-2.75047957410699,-9.24738380797337e-13,1.04315285233881e-21
19.48,0.02898323,0.4233463,-1.80949932314153e-15,2.81463297566834e-25,-0.491070343976943,-0.0380339278341779,-0.201864445475315,0.337948099805269,-0.667926717969207,-2.63742217792304,-1.16215678236785e-13,2.46643920378336e-23
19.49,0.01350506,0.4261145,-9.97577943429583e-17,6.93768656888387e-22,-0.456920268088698,-0.21252813484697,-0.206433648156202,0.3358228184568,-0.645217963563057,-2.62802795306507,-6.63217135365038e-15,5.96447657872531e-20
19.5,-0.001903385,0.4270849,-4.46046610069809e-18,2.0852899192047e-16,-0.421864896438354,-0.386555391162943,-0.210652297120585,0.33195726454517,-0.622723015170595,-2.53535042547837,-3.0801178106842e-16,1.48387083754544e-14
19.51,-0.01677414,0.4265938,-1.1422135504033e-19,3.18824292583521e-11,-0.382572990834603,-0.556530911008089,-0.214478027028931,0.326391955435089,-0.598991212889923,-2.44972259732501,-8.24037985476145e-18,1.98147076077902e-09
19.52,-0.03128698,0.4244876,-1.938799707492e-21,8.84664635488868e-07,-0.34097079585796,-0.722933415751282,-0.217887734987511,0.319162621277576,-0.574783653869917,-2.37005903562998,-1.46732943582324e-19,5.02548110654105e-05
19.53,-0.04537319,0.4208722,-2.11784883861131e-23,0.00457004141860971,-0.296942481899709,-0.884229113125862,-0.220857159806508,0.310320330146318,-0.549982448666291,-2.29612056764096,-1.68725263815518e-21,0.243053372106447
19.54,-0.05899503,0.4159003,-1.53972065960852e-25,0.126218274745633,-0.250634922958081,-1.03867239280891,-0.223363509036089,0.299933606218229,-0.524576620721643,-2.2276065642291,-1.29386808764304e-23,6.37096852264313
19.55,-0.07218857,0.4098461,-8.91804233112054e-28,0.134474037394053,-0.202765011303846,-1.18375258472749,-0.225391159149127,0.288096080370954,-0.498813625311888,-2.1643366772917,-7.89864156274714e-26,6.49966497929731
19.56,-0.08500776,0.4027558,-5.73577194896097e-30,0.13946502976747,-0.154142702415527,-1.31896124096317,-0.226932586173282,0.274906467961322,-0.472996246448524,-2.10551305275389,-5.33069396763992e-28,6.49999781421312
19.57,-0.09741741,0.3954631,-6.38283439885783e-32,0.143685207974459,-0.104836518401399,-1.43783105582861,-0.227980951357296,0.260528157403036,-0.447082876557139,-2.05176965878635,-6.17401481979261e-30,6.4999999622618
19.58,-0.1095533,0.3879987,-2.52451798111686e-33,0.147265658504604,-0.05622824425717,-1.54066173759016,-0.228543233799868,0.245121540027135,-0.421684746162968,-2.00205540962246,-2.50846505498617e-31,6.49999999856737
19.59,-0.1202714,0.3822277,-5.74124744653327e-34,0.150154194225888,0.000240894808069214,-1.61371687589727,-0.228540824851787,0.228984371268162,-0.39236063687801,-1.95802473214342,-5.76919136612723e-32,6.49999999983964
19.6,-0.1319422,0.3759003,-1.37740329253003e-33,0.15267381940997,0.0454282166801434,-1.67613781398981,-0.228086542684986,0.212222993128264,-0.368892148058489,-1.91555320920763,-1.38125734655052e-31,6.49999999997341
19.61,-0.1434026,0.3705193,-1.51013588190406e-32,0.154776918433003,0.0888696025761035,-1.71680114134495,-0.227197846659225,0.195054981714814,-0.346348599410193,-1.87596315075667,-1.50965794361233e-30,6.49999999999134
19.62,-0.154624,0.3661481,-4.36909542356742e-31,0.156536826985249,0.130665570571569,-1.73663583104599,-0.225891190953509,0.177688623404354,-0.324646184394553,-1.83862380751398,-4.38169767610099e-29,6.49999999999482
19.63,-0.1653968,0.3629452,-2.3642758545791e-29,0.158004685156766,0.172308000833105,-1.73589462050149,-0.224168110945178,0.16032967719934,-0.302921024894463,-1.80311661746875,-2.4110466938286e-27,6.49999999999445
19.64,-0.1764464,0.3599769,-9.00067788102937e-28,0.159249009768873,0.207993121589176,-1.72333190417773,-0.222088179729286,0.143096358157562,-0.284423189346713,-1.76821505722449,-9.46993133355899e-26,6.49999999999168
19.65,-0.1863116,0.358776,-6.72950366721096e-26,0.160254811562133,0.249191315984817,-1.68813751348239,-0.219596266569438,0.126214983022738,-0.262551471386257,-1.73476336942079,-7.57102637512189e-24,6.4999999999759
19.66,-0.1953941,0.3586757,-5.57594420676227e-24,0.161063308948057,0.29215270239116,-1.63737978290651,-0.216674739545527,0.109841185193673,-0.239309708567177,-1.70190136597798,-7.11219027536586e-22,6.49999999988606
19.67,-0.2038311,0.3595382,-3.76526079297902e-22,0.161689006695672,0.335433074414283,-1.57361093894592,-0.213320408801384,0.0941050758042141,-0.215430685856445,-1.66926604867139,-6.03642305742544e-20,6.49999999915026
19.68,-0.2112972,0.3614676,-2.06876468457288e-20,0.162137061630466,0.381251192675638,-1.49740868886628,-0.209507896874628,0.0791309889155513,-0.189402360838163,-1.6366546080232,-5.47750574733535e-18,6.49999998963385
19.69,-0.2179087,0.3640962,-3.845906047476e-19,0.162409390663518,0.428245843200418,-1.41300521629158,-0.205225438442623,0.0650009367526355,-0.161872389103086,-1.60369735673384,-4.38686170935203e-16,6.49999980823326
19.7,-0.223259,0.3675295,4.4576903315775e-17,0.162499830130197,0.479168450439083,-1.32072266547565,-0.200433753938233,0.051793710097879,-0.130807189359745,-1.57022373634207,-3.87257556096418e-14,6.49999430299486
19.71,-0.2267868,0.3717936,-4.20374272628997e-15,0.162391619213843,0.537720846495933,-1.22151556620519,-0.195056545473273,0.0395785544358271,-0.0932759961197581,-1.53601900577343,-4.81880414471419e-12,6.49971387785453
19.72,-0.2285895,0.3766564,-5.00710441311035e-12,0.161497281781536,0.602217279848318,-1.11829044024858,-0.18903437267479,0.0283956500333413,-0.0497717148316732,-1.50086523009744,-6.62044159330562e-10,6.47619920275411
19.73,-0.2285896,0.3810479,1.06043020736099e-11,0.118349892827772,0.672408217944017,-1.02019309559751,-0.18231029049535,0.0181937190773662,0.000232405179254152,-1.46483841230145,-9.22005089423573e-08,4.76150705329923
19.74,-0.2260531,0.3853595,9.11124793829595e-07,0.00310423307193416,0.753063888030447,-0.924405906470734,-0.174779651615045,0.00894966001265884,0.061125591453588,-1.42787335893625,-1.67549249555031e-05,0.125487423604607
19.75,-0.2212323,0.3890654,0.000392634739953315,1.98212583031087e-05,0.840958681841713,-0.835358743063951,-0.166370064796628,0.000596072582019332,0.131572547937451,-1.39034776523541,-0.00293956306966809,0.000806336141962384
19.76,-0.2133873,0.3923913,0.118688255177096,9.82831335315192e-08,0.940678804540996,-0.751327726772334,-0.156963276751218,-0.00691720468570401,0.216102647876668,-1.35230793564741,-0.555110562958302,4.02999171327297e-06
19.77,-0.2024307,0.395185,1.9070823197797,4.1709451518983e-10,1.05138340856674,-0.673591128278378,-0.146449442665551,-0.0136531159684878,0.314826590706963,-1.31414590458583,-6.18752123329963,1.72659701335573e-08
19.78,-0.1884724,0.3970779,2.68532283558517,1.94481629184127e-12,1.17071319863707,-0.604954433484134,-0.13474231067918,-0.0197026603033291,0.425841933519466,-1.27672196267135,-6.49823237635813,8.13873979271445e-11
19.79,-0.1715548,0.3979011,3.38144306367254,1.2170476453503e-14,1.29695694870482,-0.546417385518358,-0.121772741192132,-0.0251668341585127,0.546701476797291,-1.2408362471079,-6.49998821470557,5.15402420549449e-13
19.8,-0.1512761,0.3983224,4.06795387460421,6.87919562870791e-17,1.43189823964138,-0.492417063167068,-0.107453758795718,-0.0300910047901834,0.676298644671806,-1.20569775300212,-6.4999999095654,2.95146055307879e-15
19.81,-0.1277553,0.3981435,4.70456450406659,4.27055408175994e-19,1.57313529229705,-0.444440884948111,-0.0917224058727476,-0.0345354136396645,0.809396762124856,-1.17204618896579,-6.49999999913351,1.85769495178684e-17
19.82,-0.1036207,0.3949835,5.21577791754075,2.84046854195385e-20,1.69917333687437,-0.420575659914078,-0.0747306725040039,-0.0387411702388053,0.931347832389145,-1.1462298700344,-6.49999999998094,1.24984831597577e-18
19.83,-0.07596205,0.3922262,5.64765198121771,1.04239477151993e-21,1.83272093282685,-0.393131741995975,-0.0564034631757354,-0.042672487658765,1.05283870625367,-1.11955035793698,-6.49999999999956,4.64507591013581e-20
19.84,-0.04800648,0.3869822,5.96470052263853,3.74793414659697e-22,1.94764637164615,-0.384705341595901,-0.0369269994592739,-0.046519541074724,1.16203044251026,-1.10031677698098,-6.49999999999998,1.68629596916337e-20
19.85,-0.01927451,0.3801222,6.19398711183175,5.43479526695583e-22,2.04834680529968,-0.387193006476411,-0.0164435314062771,-0.0503914711394882,1.26265478981635,-1.08560153880693,-6.5,2.46404821622848e-20
19.86,0.009780155,0.3716595,6.35032033583023,2.72830635599263e-21,2.13181238600597,-0.39962582516116,0.00487459245378257,-0.0543877293910998,1.35572418586763,-1.07485990222846,-6.5,1.24409671085672e-19
19.87,0.03852566,0.3613574,6.44665308878981,4.72183151557839e-20,2.19400031879369,-0.422964618435413,0.0268145956417195,-0.0586173755754539,1.44255767979441,-1.06811238960417,-6.5,2.16106719918762e-18
19.88,0.06723136,0.3500758,6.49330761200024,1.0123084369125e-18,2.23821019611782,-0.449625771039529,0.0491966976028977,-0.0631136332858492,1.52540272054182,-1.06206455124708,-6.5,4.64858923209255e-17
19.89,0.09501646,0.3369948,6.49608440981358,4.66472038151854e-17,2.25878070911066,-0.485466774936056,0.0717845046940043,-0.0679683010352097,1.60551693104464,-1.05868360372707,-6.5,2.14611396583999e-15
19.9,0.1217632,0.3223993,6.45790725823712,2.90194187575128e-15,2.25647127929759,-0.527369166497638,0.0943492174869802,-0.0732419927001861,1.68469144299795,-1.05639014434986,-6.5,1.33682507619389e-13
19.91,0.1478761,0.3070811,6.37894419555847,1.24088340789862e-13,2.23612215917658,-0.56853507815541,0.116710439078746,-0.0789273434817402,1.76414241306911,-1.05264257317986,-6.5,5.72842768966849e-12
19.92,0.1729844,0.2908127,6.25704117130196,4.37004746056147e-12,2.19636748410479,-0.610502796633182,0.138674113919794,-0.085032371448072,1.8451382545912,-1.0481220880074,-6.5,2.02259043038949e-10
19.93,0.1974851,0.2743221,6.08969908318189,8.28158596797847e-11,2.14194585474864,-0.647369216144641,0.16009357246728,-0.0915060636095184,1.92808539734145,-1.04103673745486,-6.5,3.84863777985011e-09
19.94,0.2210715,0.2573568,5.8721936084988,1.07622376701788e-09,2.07192668544138,-0.681225467232945,0.180812839321694,-0.0983183182818479,2.01401180004726,-1.03239131035761,-6.5,5.02680049058884e-08
19.95,0.2438508,0.2401836,5.60058320851152,8.74400941881193e-09,1.98871645662319,-0.710042269873552,0.200700003887926,-0.105418740980583,2.10319466566492,-1.02175741728697,-6.49999999999999,4.11008544947726e-07
19.96,0.2658719,0.2229306,5.2716402113938,4.44240486632398e-08,1.8941660822618,-0.733037706954425,0.219641664710544,-0.112749118050128,2.1957137038009,-1.0091258907505,-6.49999999999994,2.10425600194493e-06
19.97,0.2871622,0.2057189,4.88372490761158,1.41317507031196e-07,1.78989152189734,-0.749578775565109,0.237540579929518,-0.120244905805779,2.29140931782045,-0.994503033453081,-6.49999999999904,6.75523424072253e-06
19.98,0.307703,0.1886092,4.43746781130236,2.88977739423672e-07,1.67708780939009,-0.759581280595167,0.254311458023418,-0.12784071861173,2.38999499939329,-0.978027810217968,-6.49999999997821,1.39604270499673e-05
19.99,0.3274261,0.1716285,3.93590466586924,3.92825603940319e-07,1.55652845491721,-0.763264675840153,0.269876742572591,-0.135473365370132,2.49114556011128,-0.959888965526455,-6.49999999923533,1.92059993769751e-05
20,0.3462322,0.1547703,3.38364112719939,3.69623207789568e-07,1.42873898584267,-0.761124568479223,0.284164132431017,-0.143084611054924,2.59449488417205,-0.940323273658519,-6.49999995593924,1.83138934673322e-05
