time (s),angle_right (deg),angle_left (deg),angle_right (rad),angle_left (rad),filtered_angle_right (rad),filtered_angle_left (rad),filtered_velocity_right (rad/s),filtered_velocity_left (rad/s),gait_phase_right (rad),gait_phase_left (rad),amplitude_right,amplitude_left,motor_command_right (rad/s),motor_command_left (rad/s)
0.0,-3.26714794,20.49210573,-0.0570224887027501,0.3576547156552961,-0.0570224887027501,0.3576547156552961,0.0,0.0,0.0,0.0,4.1230798763534525e-62,-3.062747082559295e-22,0.0,-0.0
0.01,-3.4343735,20.42783839,-0.0599411253182414,0.3565330389707975,-0.0052722882577543,0.0313598542717911,0.0,0.0,0.0,0.0,8.182211512923434e-114,-4.2816893028410317e-75,0.0,-0.0
0.02,-3.62101172,20.30468356,-0.063198576767303,0.3543835816975636,-0.0103253122607822,0.0595222258280013,-0.5053024003027937,2.816237155621081,0.0,0.0,9.885847660027371e-15,-6.5,0.0,-0.0
0.03,-3.77716912,20.21602356,-0.0659240375486568,0.3528361727827454,-0.0150916183199045,0.0845987902542054,-0.4766306059122417,2.507656442620461,0.0,0.0,5.406165165834342e-16,-6.5,0.0,-0.0
0.04,-3.90457869,20.17667536,-0.0681477540437069,0.3521494171380122,-0.0195145530761942,0.1067381181113513,-0.4422934756289823,2.213932785714645,0.0,0.0,1.3169077381678561e-17,-6.5,0.0,-0.0
0.05,-4.05382386,20.13258628,-0.0707525736529056,0.351379917527837,-0.0236227517594533,0.1260155818226256,-0.4108198683258439,1.9277463711271257,0.0,0.0,3.3987959838224214e-19,-6.499999999999967,0.0,-0.0
0.06,-4.22427602,20.11940995,-0.0737275250620418,0.3511499471860077,-0.0274437851496256,0.1425769392488683,-0.3821033390172404,1.6561357426243004,0.0,0.0,9.502089359829662e-21,-6.499999999940028,0.0,-0.0
0.07,-4.36705095,20.17726006,-0.0762194176798462,0.3521596220781486,-0.0309299557153472,0.1566378541739504,-0.3486170565721672,1.4060914925082402,0.0,0.0,1.0362744940939608e-22,-6.4999998101872665,0.0,-0.0
0.08,-4.54254065,20.28533998,-0.0792822907481833,0.3540459725374407,-0.034133056202066,0.1683825547048722,-0.3203100486718911,1.174470053092208,0.0,0.0,1.6369611609251921e-24,-6.498741581363085,0.0,-0.0
0.09,-4.71020071,20.44602953,-0.0822085108192745,0.3568505342584887,-0.0370402489655825,0.1780007447334882,-0.2907192763516544,0.9618190028616204,0.0,0.0,1.4502326596661296e-26,-1.6177821530878709,0.0,-0.0
0.1,-4.88955548,20.65002567,-0.0853388420849317,0.360410938562848,-0.0396720736399076,0.1856677090105791,-0.2631824674325115,0.766696427709104,0.0,0.0,1.1741030438479522e-28,-4.600806367758643e-05,0.0,-0.0
0.11,-5.08376554,20.88634871,-0.0887284470724274,0.3645355537091703,-0.0420542268893739,0.1915416450610189,-0.2382153249466322,0.5873936050439996,0.0,0.0,9.876702383292752e-31,-2.2725872424856148e-10,0.0,-0.0
0.12,-5.29230845,21.13360598,-0.0923682074836177,0.3688510071701629,-0.0442112526985439,0.1957479578844849,-0.2157025809170117,0.4206312823466097,0.0,0.0,8.963546978522117e-33,-1.368952521649042e-16,0.0,-0.0
0.13,-5.50371838,21.38565147,-0.0960580068335284,0.3732500308354653,-0.0461496516024059,0.1984045822698203,-0.1938398903861655,0.2656624385334983,0.0,0.0,6.076955862676686e-35,-6.948586895571253e-24,0.0,-0.0
0.14,-5.75859877,21.60807424,-0.1005065088377956,0.3771320405033714,-0.0479393527023633,0.1995783655891545,-0.1789701099957446,0.1173783319334151,0.0,0.0,1.6005833019122347e-36,-1.1063584872286598e-31,0.0,-0.0
0.15,-6.00248931,21.80533171,-0.1047632017752625,0.3805748328290254,-0.0495616426760873,0.1993486651462082,-0.1622289973724038,-0.0229700442946267,0.0,0.0,1.9415440562125863e-38,-8.645370460743987e-35,0.0,-0.0
0.16,-6.25510334,21.92797434,-0.1091721483354943,0.3827153505258305,-0.0510309851953532,0.1977228846948157,-0.1469342519265944,-0.1625780451392534,0.0,0.0,2.544084868938381e-40,-1.6720457194388978e-29,0.0,-0.0
0.17,-6.51566036,21.99991004,-0.113719726223679,0.3839708653405574,-0.0523605262339251,0.1947553303591018,-0.1329541038571955,-0.2967554335714003,0.0,0.0,3.659871595222515e-42,-2.0970582604442128e-22,0.0,-0.0
0.18,-6.76864227,21.99237242,-0.118135093501163,0.3838393090537932,-0.0535394839556465,0.1904618524481897,-0.117895772172141,-0.4293477910912177,0.0,0.0,2.652029216262615e-44,-2.5339687349223754e-16,0.0,-0.0
0.19,-7.0103074,21.90840748,-0.1223529457069231,0.3823738443945537,-0.0545534203268263,0.1848719307214871,-0.1013936371179803,-0.5589921726702731,0.0,0.0,7.478873352643252e-47,-2.042630007188587e-11,0.0,-0.0
0.2,-7.23380313,21.73560846,-0.1262536820595714,0.3793579325513342,-0.0553799034877457,0.1780035550146622,-0.082648316091943,-0.6868375706824977,0.0,0.0,5.026274787245817e-50,-2.2983420963223538e-07,0.0,-0.0
0.21,-7.41807355,21.50232884,-0.1294698076026042,0.375286435104533,-0.0559675887616282,0.1699266276922552,-0.0587685273882336,-0.8076927322405767,0.0,0.0,1.8994994811850995e-54,-0.000442006751877,0.0,-0.0
0.22,-7.56069646,21.2051837,-0.1319590469708797,0.3701002740552335,-0.0562677768115802,0.160709178662604,-0.0300188049952048,-0.9217449029651412,0.0,0.0,1.1098863642349138e-59,-0.2255531115715056,0.0,-0.0
0.23,-7.65359409,20.85831422,-0.1335804164816792,0.3640462595545529,-0.05622588774649,0.1504438884136975,0.004188906509018,-1.026529024890668,0.0,0.0,2.3432903447332926e-62,-5.609506383691242,0.0,-0.0
0.24,-7.68708981,20.47345524,-0.1341650270810053,0.3573292031976858,-0.0557799605596154,0.1392415130450104,0.0445927186874593,-1.1202375368687334,0.0,0.0,3.176770672717382e-57,-6.484866628702588,0.0,-0.0
0.25,-7.65766192,20.06118204,-0.1336514135085906,0.3501336784399527,-0.0548712451982037,0.1272266591712405,0.0908715361411716,-1.2014853873770166,0.0,0.0,1.2869334552138004e-48,-6.49949197000383,0.0,-0.0
0.26,-7.55981949,19.63134246,-0.1319437409569385,0.3426315625135632,-0.0534413670236185,0.1145344849030439,0.1429878174585296,-1.269217426819693,0.0,0.0,9.94279087649656e-41,-6.499964677376057,0.0,-0.0
0.27,-7.39688829,19.20717417,-0.1291000550627131,0.335228429270509,-0.0514462931376937,0.1013292473108521,0.1995073885924778,-1.3205237592192045,0.0,0.0,3.2347077576765627e-34,-6.499994849374408,0.0,-0.0
0.28,-7.15192126,18.73656003,-0.1248245738303814,0.3270146630210675,-0.0488243095457319,0.0876849668227347,0.2621983591961877,-1.3644280488117666,0.0,0.0,1.301688957649822e-28,-6.499998951344363,0.0,-0.0
0.29,-6.84004474,18.26777716,-0.1193813016967194,0.318832858462619,-0.045547297073744,0.073746674355629,0.3277012471987987,-1.3938292467106017,0.0,0.0,6.231084779216258e-24,-6.4999996266785125,0.0,-0.0
0.3,-6.47181835,17.77919422,-0.1129545387984867,0.3103054774905451,-0.0416109922468915,0.0596158975742405,0.3936304826851841,-1.4130776781386325,0.0,0.0,4.875342676434496e-20,-6.4999998071126015,0.0,-0.0
0.31,-6.01650535,17.28948437,-0.1050078278213538,0.3017584282285975,-0.0369695544643688,0.0454154669314559,0.464143778252279,-1.4200430642784907,0.0,0.0,1.6375883471253703e-16,-6.499999846277299,0.0,-0.0
0.32,-5.50402107,16.762576,-0.0960632897706413,0.292562142315781,-0.0316326719506434,0.0312028127245866,0.533688251372551,-1.4212654206869535,0.0,0.0,1.641996208866224e-13,-6.499999850747371,0.0,-0.0
0.33,-4.94112469,16.17858194,-0.0862388945920841,0.2823695231566917,-0.025625068791277,0.0170000854782067,0.6007603159366565,-1.4202727246380211,0.0,0.0,5.857484080735797e-11,-6.499999844127116,0.0,-0.0
0.34,-4.29727377,15.59397857,-0.0750015761460895,0.272166269531937,-0.0189277589240992,0.0029140707555923,0.6697309867177915,-1.408601472261469,0.0,0.0,1.3079815001239993e-08,-6.499999763702038,0.0,-0.0
0.35000000000000003,-3.60336472,14.94882516,-0.0628905785142035,0.2609062183469681,-0.0115763241417427,-0.0110503992817538,0.7351434782356663,-1.3964470037346528,0.0,0.0,1.362105223630348e-06,-6.499999636076125,0.0,-0.0
0.36,-2.84921634,14.26068167,-0.0497282062346222,0.2488958487203034,-0.0035928118648342,-0.0248628016349072,0.7983512276908747,-1.3812402353153694,0.0,0.0,8.371967321741622e-05,-6.499999374920978,0.0,-0.0
0.37,-2.0344455,13.53463506,-0.0355077724273822,0.2362239448528602,0.0049982036870906,-0.0384885159053122,0.8591015551925024,-1.362571427040533,0.0,0.0,0.0032755724171733,-6.49999878019656,0.0,-0.0
0.38,-1.16261856,12.77827583,-0.0202915218167952,0.2230229859615112,0.0141639673843685,-0.0518856148658268,0.9165763697276434,-1.3397098960512466,0.0,0.0,0.0828641116224596,-6.499997206801722,0.0,-0.0
0.39,-0.23245177,11.99833884,-0.0040570487385885,0.2094105175279171,0.023871950199254,-0.0650071386321259,0.9707982814885746,-1.3121523766299334,0.0,0.0,1.2183742131060482,-6.499992289489921,0.0,-0.0
0.4,0.7483889,11.21038982,0.0130618503903785,0.1956582127910544,0.0340763416723959,-0.07778838130679,1.0204391473142125,-1.2781242674664428,0.0,0.0,4.801918795556282,-6.49997219550898,0.0,-0.0
0.41000000000000003,1.77286394,10.42360797,0.0309423129428791,0.1819262790136223,0.0447205237270001,-0.0901587299393264,1.064418205460439,-1.2370348632536694,0.0,0.0,6.236850630724456,-6.499863136886589,0.0,-0.0
0.42,2.82709933,9.64980933,0.0493421915894256,0.168420944998168,0.0557279621440052,-0.1020386972523504,1.1007438417005402,-1.1879967313024171,0.0,0.0,6.450173002940613,-6.499017616461002,0.0,-0.0
0.43,3.90179893,8.90260379,0.0680992380792917,0.1553797481360258,0.0670115603198588,-0.1133385767444629,1.128359817585376,-1.12998794921128,0.0,0.0,6.485830368597167,-6.488785213319827,0.0,-0.0
0.44,4.98271844,8.18769542,0.0869648424778355,0.14290224322946,0.0784676573824699,-0.1239721383497464,1.1456097062611394,-1.0633561605283688,0.0,0.0,6.49354598566901,-6.291904475309382,0.0,-0.0
0.45,6.05379897,7.51470932,0.1056587242803414,0.1311564199643041,0.0899754913465897,-0.1338509970117838,1.1507833964120024,-0.9878858662037668,0.0,0.0,6.495025705966685,-2.9992535649130505,0.0,-0.0
0.46,7.10379389,6.88712892,0.1239845927635558,0.1202030756633211,0.1014070151383541,-0.1428948889057106,1.143152379176263,-0.9043891893925352,0.0,0.0,6.493360131536008,-0.0781890794005346,0.0,-0.0
0.47000000000000003,8.07734529,6.27101587,0.1409762701309562,0.1094498743763167,0.1125608478751697,-0.1510888222891438,1.1153832736815807,-0.819393338343339,0.0,0.0,6.478607520572245,-0.0007087639927151,0.0,-0.0
0.48,9.10118449,5.78377625,0.1588456351819409,0.1009459387611506,0.1234496997058602,-0.1582459900705223,1.0888851830690782,-0.7157167781378634,0.0,0.0,6.433823974464907,-1.1699806880759785e-06,0.0,-0.0
0.49,10.02004511,5.2974687,0.1748827783678574,0.0924582708363437,0.1338487573513214,-0.1643995486433853,1.0399057645461354,-0.6153558572863169,0.0,0.0,5.94293860661037,-1.0417705303823284e-09,0.0,-0.0
0.5,10.91059835,4.86876703,0.1904258645701606,0.0849760151860455,0.1436742338864644,-0.1695007136648649,0.982547653514325,-0.5101165021479668,0.0,0.0,2.68477338797688,-2.155043001614227e-13,0.0,-0.0
0.51,11.71001269,4.46144097,0.204378276890818,0.0778668343098695,0.1527575814497823,-0.1735683993508232,0.9083347563318076,-0.4067685685958336,0.0,0.0,0.1049420129970767,-1.248515636150622e-17,0.0,-0.0
0.52,12.4365496,4.04576509,0.2170587381075837,0.0706119215827447,0.1609787275641535,-0.1766731720512344,0.8221146114371423,-0.3104772700411328,0.0,0.0,0.0009289189937027,-2.883980737063696e-22,0.0,-0.0
0.53,13.15909713,3.71624639,0.2296695715082362,0.0648607353208532,0.1683404694547604,-0.1787422624090693,0.7361741890606972,-0.2069090357834912,0.0,0.0,5.191884349488081e-06,-4.515094031543871e-28,0.0,-0.0
0.54,13.83494734,3.42599023,0.2414653829230313,0.0597948096546578,0.1747864068912476,-0.1797888767034388,0.6445937436487358,-0.104661429436958,0.0,0.0,1.1156695943613769e-08,-5.243324286955741e-34,0.0,-0.0
0.55,14.45433272,3.12416424,0.2522756971427476,0.0545269523610663,0.1802571536599156,-0.1799105531469071,0.5470746768667162,-0.0121676443468258,0.0,0.0,6.8277536248475156e-12,-4.1237663284189354e-37,0.0,-0.0
0.56,15.03597841,2.82145942,0.2624273295132819,0.0492437565904095,0.1847348008448506,-0.1791869725230322,0.4477647184935136,0.0723580623874968,0.0,0.0,1.180450824609305e-15,-1.3132138530580627e-35,0.0,-0.0
0.5700000000000001,15.58774828,2.55019391,0.2720575304580829,0.0445092802938079,0.1882227471279949,-0.177647870056747,0.3487946283144352,0.1539102466285224,0.0,0.0,5.203738909093367e-20,-2.3477743799855273e-31,0.0,-0.0
0.58,16.10977467,2.27761961,0.281168609745883,0.0397519613024891,0.1907319395236384,-0.1753766153020133,0.2509192395643564,0.227125475473374,0.0,0.0,5.507100283057665e-25,-5.05326911266776e-27,0.0,-0.0
0.59,16.60810148,1.99918408,0.2898660533313431,0.0348923445494537,0.1922892009363423,-0.1724617788016663,0.1557261412703936,0.2914836500347024,0.0,0.0,3.0638632085682304e-30,-2.0069947597068875e-23,0.0,-0.0
0.6,17.08867001,1.73053111,0.2982535564613123,0.0302034656776921,0.192935470771196,-0.1689651419253603,0.0646269834853649,0.3496636876306127,0.0,0.0,1.7302812673777911e-34,-1.8790944438424652e-20,0.0,-0.0
0.61,17.55263835,1.46518567,0.3063513316193248,0.0255723140945391,0.1927169083063932,-0.1649573654007549,-0.0218562464802761,0.4007776524605435,0.0,0.0,1.5763848387205827e-35,-4.542017772198349e-18,0.0,-0.0
0.62,18.00108962,1.19797172,0.3141782828155748,0.0209085508597796,0.1916839628450665,-0.1605146842034972,-0.1032945461326728,0.4442681197257809,-2.2452051208201205,0.0,5.1313999457480805e-33,-3.3674918333407264e-16,1.0047203909177141e-34,-0.0
0.63,18.43532128,0.9366727,0.3217570549989754,0.016348022628545,0.1898909358644511,-0.1556980418476451,-0.1793026980615089,0.4816642355851327,-2.1744336777224014,0.0,4.5582719039931497e-29,-1.0695094691552531e-14,9.352247564637448e-31,-0.0
0.64,18.85623362,0.68604946,0.3291033611942493,0.0119738219085291,0.1873946132995774,-0.150558586054924,-0.2496322564873752,0.5139455792721208,-2.115183561893063,0.0,3.392858420525484e-25,-1.7893399125281457e-13,7.206984070989748e-27,-0.0
0.65,19.28438475,0.44851362,0.3365760081088835,0.0078280394090386,0.1842837592050361,-0.1451417300720038,-0.3110854094541437,0.5416855982920331,-2.0664567631042976,0.0,5.280558979062566e-22,-1.7908696359954544e-12,1.1512766588707636e-23,-0.0
0.66,19.67229444,0.20149305,0.3433463093997741,0.0035167171423855,0.1805712540696873,-0.1395254683435013,-0.3712505135348788,0.5616261728502612,-2.021611068306599,0.0,3.9971512063794164e-19,-8.620063301924025e-12,8.909858566759659e-21,-0.0
0.67,20.03773644,-0.0361916,0.3497244755248472,-0.0006316625815647,0.1763007691849243,-0.1337537164622704,-0.427048488476315,0.5771751881231009,-1.9813793529295995,0.0,1.110294083754241e-16,-2.794143489956102e-11,2.5209163558653253e-18,-0.0
0.68,20.4152853,-0.25134184,0.3563139462189983,-0.0043867426560207,0.1715694766969135,-0.1278475575060295,-0.4731292488010897,0.5906158956241068,-1.9469968084995748,0.0,8.002980897485566e-15,-7.505058757155108e-11,1.8438705240849476e-16,-0.0
0.6900000000000001,20.7573707,-0.46346082,0.3622844627720001,-0.0080889172629927,0.1663966197173758,-0.1218570322963262,-0.5172856979537759,0.5990525209703366,-1.914348059892646,0.0,3.702389227689943e-13,-1.3377353826255998e-10,8.641263120256552e-15,-0.0
0.7000000000000001,21.09341371,-0.67091326,0.3681495197248123,-0.0117096453822887,0.160848285378123,-0.1158259495796934,-0.5548334339252927,0.6031082716632999,-1.884704121971409,0.0,7.892580997546372e-12,-1.6823523006083586e-10,1.8622812263380958e-13,-0.0
0.71,21.4113617,-0.86453218,0.3736987590004104,-0.0150889330304442,0.154969179620148,-0.1097806042502915,-0.587910575797412,0.6045345329400902,-1.8568749346847089,0.0,1.0181392427413211e-10,-1.7227951980672812e-10,2.4251759326403067e-12,-0.0
0.72,21.71340647,-1.04214495,0.3789704347253393,-0.0181888606605316,0.1488060047983447,-0.1037418003669252,-0.6163174821803472,0.603880388336649,-1.830609484094733,0.0,8.285279817192986e-10,-1.5005484850496775e-10,1.9898333449642302e-11,-0.0
0.73,22.00093714,-1.20633871,0.3839887916173046,-0.021054582383761,0.1424056935539965,-0.0977324496552178,-0.6400311244348253,0.6009350711707484,-1.805657955566956,0.0,4.442065219179691e-09,-1.0907715363132003e-10,1.0744963583910785e-10,-0.0
0.74,22.26758984,-1.35607937,0.3886427591916373,-0.0236680499248704,0.1358031458004186,-0.0917716862873213,-0.660254775357805,0.5960763367896681,-1.7815489138366394,0.0,1.771602816958534e-08,-6.79771286258712e-11,4.312415390606381e-10,-0.0
0.75,22.51041525,-1.49315444,0.3928808621036425,-0.0260604612187721,0.129027256307591,-0.0858793628270702,-0.6775889492827736,0.5892323460251204,-1.7580362557900973,0.0,5.59692679250166e-08,-3.593053896272977e-11,1.369955372202507e-09,-0.0
0.76,22.72550282,-1.61647049,0.3966348483802562,-0.028212732311826,0.1220997526338202,-0.0800714354640533,-0.6927503673771008,0.5807927363017023,-1.734905177607196,0.0,1.4924721300020153e-07,-1.653487917777619e-11,3.6708432439793112e-09,-0.0
0.77,22.90954707,-1.72745427,0.3998470265121198,-0.0301497646891351,0.11503659166428,-0.0743640306465376,-0.7063160969540292,0.5707404817515829,-1.7120111335970778,0.0,3.524671850336883e-07,-6.5708311253532025e-12,8.705611156535451e-09,-0.0
0.78,23.05659158,-1.82771759,0.4024134373586016,-0.0318996897421157,0.1078442908938583,-0.0687735871310576,-0.7192300770421837,0.5590443515480126,-1.6891968141558693,0.0,7.901510866075671e-07,-2.230025417709684e-12,1.9585865520211532e-08,-0.0
0.79,23.16296096,-1.92526932,0.4042699332629065,-0.0336022886216323,0.1005242117540556,-0.0633264695568674,-0.7320079139802889,0.5447117574190313,-1.6664042165716693,0.0,1.7440145822536695e-06,-5.84806711939993e-13,4.335780308340997e-08,-0.0
0.8,23.22326963,-2.01495219,0.4053225181219053,-0.0351675499857703,0.0930703930777945,-0.0580377857665565,-0.7453818676259897,0.5288683790310027,-1.6435829013322896,0.0,3.97944125342958e-06,-1.2890362014592638e-13,9.916430139138933e-08,-0.0
0.81,23.24219086,-2.10125446,0.4056527558839324,-0.0366738087492154,0.085485653216563,-0.0529269843087823,-0.7584739861231727,0.5110801457774321,-1.6208340615345649,0.0,8.851141913442635e-06,-2.2551917779793e-14,2.209396278845219e-07,-0.0
0.8200000000000001,23.22991907,-2.20395907,0.4054385727433191,-0.0384663423506921,0.0777892526631696,-0.0480406761528179,-0.7696400553393584,0.4886308155964476,-1.5982541552793748,0.0,1.728411215105332e-05,-2.324885663482033e-15,4.319032456679669e-07,-0.0
0.8300000000000001,23.16664545,-2.31123182,0.4043342397446633,-0.0403386050358609,0.0699693738492975,-0.0434016117598698,-0.781987881387225,0.4639064392948215,-1.5757066159432138,0.0,3.626519942089899e-05,-1.694544881056928e-16,9.066165875394548e-07,-0.0
0.84,23.05924535,-2.43613147,0.4024597543826922,-0.0425185151629494,0.0620268039522976,-0.039048601159985,-0.794256989700007,0.4353010599884905,-1.5532620735844078,0.0,7.533125580612833e-05,-6.90905470932153e-18,1.882926590160155e-06,-0.0
0.85,22.94045016,-2.5868417,0.40038638718166,-0.0451489048928874,0.0540133894962714,-0.0350273573247712,-0.8013414456026391,0.4021243835213908,-1.5309154953541355,0.0,0.000112980157244,-1.2971856625334995e-19,2.821753887551255e-06,-0.0
0.86,22.80059792,-2.76727914,0.3979455051273707,-0.0482981323147571,0.0459622674927559,-0.0313830171867345,-0.8051122003515666,0.3644340138036794,-1.5085929060173886,0.0,0.0001383730697705,-9.420551684518e-22,3.4511472766921274e-06,-0.0
0.87,22.65592696,-2.97512478,0.3954205205433496,-0.0519257230686719,0.0379288860042015,-0.0281503196474779,-0.8033381488554506,0.3232697539256614,-1.4861393816460806,0.0,0.0001207816135423,-2.3614944019944527e-24,3.006349619965346e-06,-0.0
0.88,22.51734405,-3.20501571,0.3930017924768546,-0.0559380767176437,0.029980451845483,-0.0253496002200819,-0.7948434158717261,0.2800719427395539,-1.4633601380187296,0.0,6.957024753927518e-05,-1.840676145146789e-27,1.727060395650599e-06,-0.0
0.89,22.38837028,-3.4549236,0.3907507755416448,-0.0602997922248555,0.0221830765470879,-0.0229929846077465,-0.7797375298395335,0.2356615612335454,-1.4400952756169,0.0,2.6249289869309405e-05,-3.390146502001707e-31,6.49450747833967e-07,-0.0
0.9,22.27068178,-3.72197442,0.3886967237249114,-0.0649607083040062,0.0145985386334615,-0.0210837240155776,-0.7584537913626503,0.1909260592168986,-1.4162022548943287,0.0,6.507151295652905e-06,-9.722393332336616e-36,1.6033895800083949e-07,-0.0
0.91,22.17080577,-3.99734365,0.3869535585066567,-0.0697668080261878,0.0072916028549012,-0.0196078719375035,-0.7306935778560457,0.1475852078074154,-1.391444786000704,0.0,1.001749040908753e-06,-2.8512092040611075e-41,2.4561914417497356e-08,-0.0
0.92,22.05363584,-4.29931473,0.3849085574438253,-0.075037197617991,0.0002656085500103,-0.0185772503875929,-0.7025994304891094,0.1030621549910603,-1.3664728833241138,0.0,1.4070339295507746e-07,-6.531790488699937e-49,3.4303775560529557e-09,-0.0
0.93,21.944339,-4.59495253,0.3830009677237999,-0.0801970506213435,-0.0064400105355167,-0.0179489816100124,-0.6705619085527155,0.0628268777580459,-1.3406622086533146,0.0,1.3672839522102992e-08,-3.7328455526792024e-59,3.311586785805685e-10,-0.0
0.9400000000000001,21.82152074,-4.89482149,0.3808573847052295,-0.0854307512978747,-0.012824371849106,-0.0176969617067992,-0.6384361313589516,0.0252019903213279,-1.3145912360280605,0.0,1.1834944359029835e-09,-1.7251140634698583e-75,2.84539701525502e-11,-0.0
0.9500000000000001,21.67519789,-5.18733238,0.3783035692018276,-0.0905360294263136,-0.0189043123216028,-0.0177768147552061,-0.6079940472496913,-0.0079853048406902,-1.2886580172361006,0.0,1.0432087395728018e-10,-2.0008860867137035e-85,2.488069721477089e-12,-0.0
0.96,21.48195484,-5.46561961,0.3749308417227316,-0.0953930578560683,-0.0247332128241613,-0.0181350471180626,-0.5828900502557592,-0.0358232362856477,-1.2638836636980215,0.0,1.2935294632397356e-11,-9.960469666816444e-70,3.0596115293304285e-13,-0.0
0.97,21.23024003,-5.73480656,0.3705375895121997,-0.1000912564369697,-0.0303792334678468,-0.0187285361884236,-0.5646020643685633,-0.0593489070360978,-1.2409476623158775,0.0,2.700377925181127e-12,-3.2677083365323525e-60,6.335065313944563e-14,-0.0
0.98,20.9134203,-5.97841939,0.3650080420884202,-0.1043431024205709,-0.0359159634872065,-0.0194910468451129,-0.5536730019359806,-0.0762510656689348,-1.220296939934913,0.0,1.0499578332555477e-12,-4.0965108351385154e-55,2.44403222273137e-14,-0.0
0.99,20.55257298,-6.18016664,0.3587100682574227,-0.107864256189915,-0.0413790511652253,-0.0203360602699301,-0.5463087678018909,-0.0845013424817208,-1.200961677820816,0.0,5.583834794175575e-13,-5.853076371506788e-53,1.2898492606701932e-14,-0.0
1.0,20.13807355,-6.33047156,0.3514756884562829,-0.1104875719258617,-0.0468161419663119,-0.0211694592388259,-0.5437090801086666,-0.0833398968895793,-1.1834232921159673,0.0,4.586096731568756e-13,-3.423230174087255e-53,1.051731578051539e-14,-0.0
1.01,19.66671137,-6.42922326,0.3432488664459048,-0.1122111142328034,-0.0522756556123989,-0.0219053409241753,-0.5459513646087126,-0.0735881685349442,-1.1677713328210302,0.0,5.884392861265573e-13,-1.1888408539011719e-55,1.3404727981746258e-14,-0.0
1.02,19.15074365,-6.46168033,0.3342435308978965,-0.1127775969698537,-0.0577827291641346,-0.0224436855483895,-0.5507073551735796,-0.0538344624214222,-1.153208390450401,0.0,9.502426230320245e-13,-1.2760008763019664e-61,2.150824771503048e-14,-0.0
1.03,18.59121301,-6.42580152,0.3244778789641055,-0.1121513936036562,-0.0633581834251144,-0.0226917045217138,-0.557545426097999,-0.0248018973324283,-1.13957391189305,0.0,1.846016224378288e-12,-1.3814381835515511e-73,4.152660065018894e-14,-0.0
1.04,18.0015993,-6.30863244,0.3141871784097064,-0.1101064073761236,-0.0689997612172352,-0.0225473137387124,-0.5641577792120901,0.0144390783001386,-1.1260171718949317,0.0,3.500674514195301e-12,-1.5808779923123075e-78,7.825465854157607e-14,-0.0
1.05,17.39128887,-6.10496962,0.3035352519469441,-0.106551820603227,-0.0746904193981684,-0.0219125341356842,-0.5690658180932283,0.063477960302811,-1.1119962299245492,0.0,5.707990789157394e-12,-1.4668625269262149e-58,1.267490437418514e-13,-0.0
1.06,16.76531542,-5.80873367,0.2926099542143759,-0.1013815279129537,-0.0804063997417281,-0.0206925553956562,-0.5715980343559812,0.1219978740028002,-1.0972708231946204,0.0,7.589201624383881e-12,-2.74455845118535e-45,1.673158681046192e-13,-0.0
1.07,16.13115471,-5.41101356,0.281541761838091,-0.0944400024920597,-0.0861142777690366,-0.0187918833544209,-0.5707878027308638,0.1900672041235388,-1.0814760875698526,0.0,7.603383363655049e-12,-7.309544628811058e-36,1.6630756020920385e-13,-0.0
1.08,15.4944059,-4.90756134,0.2704283985954352,-0.0856531036265848,-0.0917749325270697,-0.016122230083225,-0.5660654758033258,0.2669653271195898,-1.0643808743462542,0.0,5.469538368842248e-12,-1.4968612557781535e-28,1.18585652899057e-13,-0.0
1.09,14.85683311,-4.29468944,0.2593006541888089,-0.0749564710786314,-0.0973501968661234,-0.0126034163645075,-0.5575264339053831,0.35188137187176,-1.045996754691489,0.0,2.8331541519484517e-12,-1.4016735610439267e-22,6.082974973663877e-14,-0.0
1.1,14.22397801,-3.56455215,0.2482552490057709,-0.0622131713765427,-0.1027973097916844,-0.0081569595297987,-0.5447112925561123,0.4446456834708897,-1.0260773902311209,0.0,1.002740844755487e-12,-1.649189802705611e-17,2.1295916277602028e-14,-0.0
1.11,13.59048552,-2.72194376,0.2371987192686136,-0.0475068806661143,-0.1080862601193287,-0.0027257479537039,-0.5288950327644358,0.5431211576094911,-1.0051068352185752,0.0,2.664534359243228e-13,-3.6142890725776905e-13,5.591992406753722e-15,-0.0
1.12,12.96162873,-1.76246847,0.2262230977595911,-0.0307608777640869,-0.113182700252887,0.0037413556315388,-0.5096440133558461,0.6467103585242929,-0.9828092995743284,0.0,4.999910261268945e-14,-2.2323772715349033e-09,1.0356462579123311e-15,-0.0
1.1300000000000001,12.30754029,-0.73174737,0.2148071008823577,-0.0127714008993091,-0.1181021388034508,0.0112136207892241,-0.4919438550563004,0.7472265157684095,-0.9614996799112554,0.0,1.0401194008887168e-14,-3.0758970388289066e-06,2.1265485134956675e-16,-0.0
1.1400000000000001,11.68045576,0.43205657,0.2038624111455365,0.0075408097013733,-0.1227803498833341,0.0197491402658788,-0.4678211079883354,0.8535519476654879,-0.9372092134085652,0.0,1.0968210964882188e-15,-0.0023991744424122,2.2080169355606776e-17,-0.0
1.1500000000000001,11.05988967,1.69610807,0.1930314896488091,0.0296026702911464,-0.1271916572731492,0.029342747540004,-0.4411307389815194,0.959360727412549,-0.9117191712917178,0.0,8.097327266388313e-17,-0.7406642379788666,1.6025046852299016e-18,-0.0
1.16,10.48155764,3.086425,0.1829376915555665,0.0538682783658659,-0.1312601460534322,0.040020996865105,-0.4068488780283072,1.0678249325101206,-0.8820897843651703,0.0,2.2890698172267654e-18,-6.272390753225853,4.435995103679021e-20,-0.0
1.17,9.88617271,4.49617117,0.1725462642103105,0.0784729906497457,-0.1350093468463334,0.0516373166878199,-0.3749200792901305,1.161631982271513,-0.853714649416141,0.0,6.818190603148676e-20,-6.49654997998839,1.2931930115763466e-21,-0.0
1.18,9.28762217,5.91309297,0.1620995865477205,0.1032029413030302,-0.1384418968723852,0.0640319091307735,-0.3432550026051879,1.2394592442953836,-0.8254334232770499,0.0,1.698819872310921e-21,-6.499867457975428,3.148841197338675e-23,-0.0
1.19,8.68055998,7.31120696,0.1515043525678531,0.1276046337467253,-0.1415706384229714,0.0770132341836852,-0.3128741550586245,1.2981325052911996,-0.7979099050951663,0.0,4.015590130458592e-23,-6.499987152612217,7.2653647497292455e-25,-0.0
1.2,8.08875974,8.66969821,0.1411754898657604,0.1513147789187587,-0.1443732957357031,0.0903700612380225,-0.2802657312731775,1.3356827054337612,-0.768821987951575,0.0,5.5815760646864165e-25,-6.499996992814407,9.82178633367213e-27,-0.0
1.21,7.52594861,10.01757546,0.1313525825803906,0.1748396748439855,-0.1468110240792395,0.1039504742854122,-0.2437728343536012,1.3580413047387496,-0.7368053955094092,0.0,3.327971174158594e-27,-6.499998729905165,5.661352160754678e-29,-0.0
1.22,6.97265513,11.25391464,0.1216957896245732,0.1964178642063923,-0.1488806933333792,0.1174604345472302,-0.2069669254139777,1.3509960261818383,-0.7041922675199901,0.0,1.3673375272205653e-29,-6.4999984207696055,2.237715697937492e-31,-0.0
1.23,6.4520614,12.42785512,0.1126097149708348,0.216906990804835,-0.1505468735938665,0.130706397441229,-0.1666180260487323,1.3245962893999077,-0.6683503915976262,0.0,2.3947533420325363e-32,-6.499995986444524,3.73284649439043e-34,-0.0
1.24,5.94968505,13.4748202,0.1038415935791834,0.2351799786042408,-0.1518022553142917,0.1434152758711403,-0.1255381720425246,1.2708878429911523,-0.6312114847741043,0.0,3.4257673277848885e-35,-6.499970476915636,5.03366024436662e-37,-0.0
1.25,5.45142372,14.40322167,0.0951452928353174,0.2513836410360962,-0.1526646654435591,0.1553543805941839,-0.0862410129267373,1.193910472304386,-0.5948285521434604,0.0,1.0160779272530346e-37,-6.499394674487252,1.3961779046213176e-39,-0.0
1.26,5.04041376,15.27901138,0.0879718157748272,0.2666690550306825,-0.153026806308381,0.1664171621985275,-0.0362140864821954,1.1062781604343803,-0.5477040464679037,0.0,4.394702511561899e-40,-6.4762778138762185,5.4847359702917675e-42,-0.0
1.27,4.65026483,16.03330207,0.0811624323731943,0.2798339110883224,-0.1528955001708701,0.1764081774389147,0.0131306137510919,0.9991015240387416,-0.4995005986527173,0.0,1.2954814049015115e-40,-4.375593396124769,1.4634638576908534e-42,-0.0
1.28,4.31031608,16.66687092,0.0752292073976553,0.2908917735588964,-0.1522360442040938,0.1851582182630366,0.0659455966776315,0.8750040824122111,-0.4457901621230623,0.0,6.396649021025552e-39,-0.0243997673896975,6.599547157525114e-41,-0.0
1.29,3.97394366,17.20990278,0.069358401155754,0.3003694674591253,-0.151091646190689,0.192568047746264,0.1144398013404848,0.7409829483227595,-0.3944786279335622,0.0,4.987457663617625e-36,-1.03017974223953e-05,4.964680695038104e-38,-0.0
1.3,3.66714757,17.67188657,0.0640037992530092,0.3084326056854674,-0.1494658374233261,0.19857164100511,0.1625808767362675,0.600359325884498,-0.34141844329425,0.0,1.0406535345141216e-32,-7.255496875650247e-10,1.041360492601757e-34,-0.0
1.31,3.37572105,18.06024941,0.0589174469513801,0.3152108159358633,-0.1473870610630675,0.2031306834446796,0.2078776360258594,0.4559042439569741,-0.2895185364093555,0.0,1.3337095655296744e-29,-5.281110711587149e-15,1.2813833132273175e-31,-0.0
1.32,3.10703504,18.39291643,0.0542279914228337,0.3210169507476611,-0.1448734715351304,0.2062484188256907,0.2513589527937147,0.3117735381011133,-0.2377013393194552,0.0,8.745826548909517e-27,-2.7926797019380696e-21,6.77874430903752e-29,-0.0
1.33,2.85841094,18.68404901,0.049888682278026,0.3260981728284869,-0.1419489799215862,0.2079602953503312,0.2924491613544279,0.1711876524640618,-0.186802704907674,0.0,2.58419372523795e-24,-2.13428471350485e-28,9.03886061553813e-27,-0.0
1.34,2.62216369,18.93972429,0.0457653899167439,0.3305605482804453,-0.138650184083777,0.2083186126636937,0.3298795837809219,0.0358317313362507,-0.1386997774573635,0.0,3.1399969308106284e-22,-1.1637988001527148e-33,-2.708635265277613e-25,-0.0
1.35,2.40382835,19.17831303,0.0419547193602826,0.33472470735163,-0.1350048884572569,0.2074093437548226,0.3645295626520212,-0.0909268908871183,-0.0924356159444236,0.0,1.972915824893922e-20,-3.655569575970437e-32,1.958624417322764e-23,-0.0
1.36,2.1919886,19.39807937,0.0382574182361809,0.3385603535696874,-0.1310584338657371,0.2053179959972344,0.394645459151985,-0.2091347757588252,-0.050705882150347,2.979032658257574,5.742868703896387e-19,-1.4515655559384548e-26,4.291483572175761e-21,2.377708955960758e-27
1.37,2.00630474,19.61817094,0.0350166235113687,0.3424016761220709,-0.1268245880766496,0.2021607387959816,0.4233845789087594,-0.3157257201252856,-0.0091594569130942,3.082153564818878,1.209584255441229e-17,-3.2271229757457722e-21,4.607534818811631e-20,1.6926002822733382e-22
1.3800000000000001,1.82722539,19.83387991,0.0318910992315374,0.3461665078746566,-0.1223478078649199,0.1980445987720714,0.4476780211729072,-0.4116140023909498,0.0275530218668007,-3.103809794054355,1.3908471092129542e-16,-6.284286903540412e-17,-2.7054572688498256e-18,-5.145624196394608e-19
1.3900000000000001,1.66928127,20.05393184,0.0291344543033724,0.3500071385785247,-0.1176484253085091,0.1930878552282112,0.4699382556410811,-0.4956743543860381,0.0628729424842561,-3.0145635384299534,1.1883914234869073e-15,-1.2783591405550436e-13,-6.701479146355833e-17,1.556804411433243e-16
1.4000000000000001,1.52046766,20.27305334,0.0265371668370936,0.3538315302154334,-0.112764940633758,0.187396888248094,0.4883484674751214,-0.5690966980117295,0.0938499364308244,-2.9326062860367417,6.507453023261258e-15,-4.8970119626545135e-11,-6.036137722548462e-16,-2.791299556394891e-13
1.41,1.39281753,20.49755894,0.0243092517779948,0.3577498921245988,-0.1077156176567111,0.1810840118569787,0.5049322977047004,-0.6312876391115464,0.1235057348426524,-2.858803322557134,2.869184691097077e-14,-4.817148780101618e-09,-3.594881442521742e-15,-4.5624393130124605e-11
1.42,1.27439044,20.71522553,0.0222423091339392,0.3615488907916874,-0.1025365594650365,0.1742379368126134,0.51790581916748,-0.6846075044365442,0.148806490115659,-2.790730395645889,8.768047603462632e-14,-1.8468609932059973e-07,-1.3207898436394444e-14,-1.847344297802681e-09
1.43,1.16619414,20.93291499,0.0203539274604637,0.3653482886155759,-0.0972602076520939,0.1669541467032437,0.5276351812942713,-0.7283790109369848,0.1700694852127668,-2.729068099902544,1.9605921611632933e-13,-3.067159946268265e-06,-3.350166164884131e-14,-3.068687948347939e-08
1.44,1.06146736,21.14749718,0.0185261003344519,0.3690934543472159,-0.091927232890552,0.1593183997021183,0.533297476154192,-0.7635747001125567,0.185531321977956,-2.672749370749907,3.015065135431427e-13,-2.619108311903922e-05,-5.586583872576556e-14,-2.796661731945518e-07
1.45,0.97579148,21.34969985,0.0170307741389083,0.3726225566950395,-0.0865515526102261,0.1513975941684962,0.537568028032601,-0.7920805533622235,0.1995119739767669,-2.6197409236510625,4.096873492924644e-13,-0.0001383446107215,-8.123281733203797e-14,-1.635480967559501e-06
1.46,0.88238386,21.54872095,0.0154005036234566,0.3760961301709803,-0.081186959360739,0.1432689579803448,0.5364593249486344,-0.8128636188150107,0.2044154583727396,-2.5711028907443985,3.4325611885879805e-13,-0.0004425041254131,-6.963066417134355e-14,-5.790801874664449e-06
1.47,0.799386,21.73117329,0.0139519176943473,0.3792805242319486,-0.0758549484235443,0.1349842588170677,0.5332010937194767,-0.8284699163277353,0.2054880776425553,-2.524140508937739,2.3714355970186733e-13,-0.0010260089702813,-4.834306826164062e-14,-1.4712700372171595e-05
1.48,0.71813863,21.90052412,0.0125338835792613,0.3822362538064337,-0.0705881081189868,0.1265972287349707,0.5266840304557612,-0.8387030082097081,0.200023807145393,-2.479025797911889,1.212588936311128e-13,-0.0017290482650039,-2.4101021964664792e-14,-2.672174212679357e-05
1.49,0.63732729,22.05663872,0.0111234596233127,0.3849609675868676,-0.0654177375249688,0.1181575155363329,0.5170370594018174,-0.8439713198638051,0.1874368334217467,-2.435304592454888,4.585950622737758e-14,-0.0021872715026161,-8.578415090135005e-15,-3.58902198704755e-05
1.5,0.55568316,22.19984322,0.0096985007398864,0.3874603576155399,-0.0603736466781465,0.1097113627058548,0.504409084682236,-0.8446152830478295,0.1670789378813415,-2.392587854531328,1.2779054779944336e-14,-0.0021251184394949,-2.147732124106676e-15,-3.663650171568829e-05
1.51,0.47391024,22.32797898,0.0082712940469165,0.3896967485170851,-0.0554810553091555,0.1012977846293146,0.4892591368991082,-0.8413578076540306,0.1389376943541204,-2.350037514220728,2.682790521534065e-15,-0.001652320919491,-3.781546789794909e-16,-2.9720546549764756e-05
1.52,0.3888613,22.44522705,0.0067869100185854,0.3917431133801939,-0.0507666501007957,0.0929585262452154,0.4714405208359928,-0.8339258384099363,0.1016417722924923,-2.307874207828854,4.068505438182739e-16,-0.0010076214515123,-4.136274569721283e-17,-1.8806376052813667e-05
1.53,0.3034604,22.55288021,0.005296383129419,0.3936220154723702,-0.046249020317471,0.084733124824239,0.451762978332476,-0.8225401420976575,0.0561571470650791,-2.265767022986981,4.6950923992789697e-17,-0.0004845582899757,-2.287865840992149e-18,-9.346957713933217e-06
1.54,0.21877497,22.66013388,0.0038183435474518,0.3954939451487176,-0.0419420410868601,0.0766707954405814,0.4306979230610979,-0.8062329383657826,0.0030167526355306,-2.224753462484334,4.207550227208159e-18,-0.0001712681150952,-6.5867721841419e-21,-3.401365040757315e-06
1.55,0.13485067,22.77076149,0.0023535881900203,0.3974247611868299,-0.0378567297588879,0.0688209834828543,0.4085311327971637,-0.7849811957725905,-0.0573428792733234,-2.184888225020432,2.930921810036732e-19,-4.3551999138505584e-05,1.9619737039216825e-21,-8.877623012135683e-07
1.56,0.05772729,22.89004741,0.0010075312787535,0.3995066932421004,-0.0339923012086284,0.0612352597204003,0.3864428550259534,-0.758572376245416,-0.1215775572190239,-2.146516451897756,1.781808456638007e-20,-7.643383229486042e-06,-2.178306014526845e-23,-1.594761401559659e-07
1.57,-0.02506382,23.01925728,-0.0004374461821272,0.4017618308996742,-0.0303653291573769,0.0539606446114468,0.3626972051251632,-0.7274615108953604,-0.1939810813278947,-2.109228271731438,7.344455601389044e-22,-9.18310696351914e-07,3.128207213262844e-24,-1.9570854937920952e-08
1.58,-0.0962967,23.16543675,-0.0016806944738052,0.4043131439499945,-0.026962984422017,0.0470484131241397,0.3402344735359965,-0.6912231487307284,-0.265424117650753,-2.0738281782387173,2.949872348999863e-23,-6.982517304749201e-08,2.651867700055925e-25,-1.5165579785389623e-09
1.59,-0.13590509,23.35480812,-0.0023719912907192,0.4076182978655069,-0.0237413914952156,0.0405824098630946,0.322159292680147,-0.6466003261045224,-0.3262117187522544,-2.0462500732159,1.8847428798970622e-24,-2.4400246405071118e-09,1.880990235047884e-26,-5.3742855066336157e-11
1.6,-0.20406505,23.53034664,-0.0035616070107468,0.4106820230035848,-0.0207505739233292,0.034549334120344,0.2990817571886435,-0.6033075742750696,-0.4017070778109832,-2.0124814615677944,4.513863196318083e-26,-7.505855984290268e-11,4.498319802655692e-28,-1.6803055451672825e-12
1.61,-0.23819005,23.74028542,-0.0041572006179899,0.4143461459422048,-0.0179393982850225,0.0290069119359037,0.2811175638306775,-0.5542422184440461,-0.4628973143829349,-1.9843651192762917,2.00187538105376e-27,-1.065594667072692e-12,2.1170176767483538e-29,-2.4162357634698463e-14
1.62,-0.28533424,23.9693173,-0.0049800219566757,0.4183435063402374,-0.0153313255637933,0.0239809265405429,0.260807272122919,-0.5025985395360925,-0.5293575481357954,-1.9584992482297008,4.638226151684687e-29,-7.918891685681099e-15,5.5697685076268795e-31,-1.8157908700791444e-16
1.6300000000000001,-0.33396191,24.17478815,-0.0058287349057489,0.4219296491896088,-0.0129287372137117,0.0194263689090298,0.2402588350081304,-0.455455763151237,-0.5942464218197716,-1.9062002018319049,7.555721230956094e-31,-5.687975139320237e-17,1.0370423113300624e-32,-1.3316459001671008e-18
1.6400000000000001,-0.42587277,24.35621758,-0.0074328820310885,0.4250961901031254,-0.0107957356223971,0.0152978837436661,0.2133001591314635,-0.4128485165363726,-0.6703296453889015,-1.734449943072197,1.9509658930268705e-33,-4.143306661787802e-19,3.0498706068873754e-35,-1.0191671980043746e-20
1.6500000000000001,-0.5004829,24.53064439,-0.0087350744549295,0.4281405122413759,-0.0088968259411215,0.0115766922431086,0.1898909681275657,-0.3721191500557658,-0.732946737593528,0.202431050587542,5.780109473094618e-36,-2.2778100963814133e-21,9.790215078715932e-38,4.578417189372728e-22
1.6600000000000001,-0.59659569,24.66095736,-0.0104125590937074,0.4304149026259286,-0.0072567569938822,0.0081863859853438,0.1640068947239307,-0.3390306257764846,-0.7948743062762265,0.8526855767805127,3.7779312526580034e-39,-2.143820753791264e-23,6.816354305419301e-41,1.6142271698936345e-23
1.67,-0.70948689,24.73311339,-0.0123828822302348,0.4316742629245964,-0.0058889986066333,0.0050334948362643,0.1367758387248903,-0.3152891149079541,-0.8526242239565498,0.8928690645140381,4.300228065684825e-43,-5.638052350679608e-25,8.14917899843233e-45,4.391114875609972e-25
1.68,-0.87216869,24.72180555,-0.0152222152733057,0.4314769038853076,-0.0048538799652366,0.001992642926142,0.1035118641396697,-0.3040851910122337,-0.912280383693113,0.8353217073940682,3.857158372256561e-49,-9.186352193534212e-26,7.636465388520186e-51,6.810877917650884e-26
1.69,-1.06305166,24.62781222,-0.0185537515857913,0.429836410801894,-0.0041711829553135,-0.0010502013913832,0.0682697009923178,-0.3042844317525377,-0.96564034298409,0.7221572077391164,3.67086895015744e-58,-9.484825271403679e-26,7.52449443104985e-60,6.268245489496105e-26
1.7,-1.28680457,24.44192621,-0.0224589765762098,0.4265920878939989,-0.0038633656208605,-0.0042129560615308,0.0307817334452939,-0.3162754670147735,-1.0128878511139288,0.5441098323954399,2.4961055874405673e-75,-6.578319489290418e-25,5.2619300386963194e-77,3.4077224253725347e-25
1.71,-1.5365074,24.16741638,-0.0268171131112575,0.421800987531409,-0.0039375762449991,-0.0075972957491808,-0.0074210624138515,-0.3384339687649453,-1.052676200844838,0.3074958181481952,1.0701460680830592e-103,-1.9592085731278428e-23,2.305912544428017e-105,5.900340662150355e-24
1.72,-1.80481428,23.79890012,-0.0314999515730108,0.4153691654472736,-0.0043862908135865,-0.0113023818160511,-0.0448714568587469,-0.3705086066870385,-1.0847410403844484,0.0324486019814091,3.2709740658054286e-67,-1.8320068903591417e-21,7.166383345066539e-69,4.38691170778303e-23
1.73,-2.08620733,23.33066956,-0.0364111867877398,0.4071970005168167,-0.0051914253790016,-0.0154248112148086,-0.0805134565415073,-0.4122429398757568,-1.1096633376178595,-0.2350072325694422,1.4170437990908466e-54,-3.852694259256601e-19,3.143081675441839e-56,-2.9259163229173618e-21
1.74,-2.36068373,22.79904107,-0.0412017036867608,0.397918332968911,-0.0063034455564395,-0.0199945246054325,-0.1112020177437931,-0.4569713390623949,-1.1267282524032185,-0.4274178952486339,1.4235643782936449e-47,-6.731742348056427e-17,3.1833220750186136e-49,-6.806279930532204e-19
1.75,-2.62425401,22.19728206,-0.0458018728831642,0.3874156569408695,-0.0076687699172103,-0.0250455089400059,-0.1365324360770869,-0.5050984334573523,-1.1373536199834673,-0.5616891605627091,4.063542686215996e-43,-1.019475511957533e-14,9.131724972024808e-45,-1.3100939799365266e-16
1.76,-2.86755953,21.54031969,-0.0500483552954411,0.3759495005226643,-0.0092224024087701,-0.0305824232042816,-0.1553632491559814,-0.5536914264275796,-1.1420854912856582,-0.6480084280884358,2.6213095365593497e-40,-1.0218239782795985e-12,5.903478084730874e-42,-1.5439527694903455e-14
1.77,-3.05715436,20.8659293,-0.0533574093237,0.3641791677733557,-0.0108529488214594,-0.0365485702647377,-0.1630546412689297,-0.5966147060456221,-1.139142000203362,-0.6917170827648285,3.003075964495646e-39,-4.347905241719484e-11,6.75415739398644e-41,-7.001607899874007e-13
1.78,-3.13446773,20.26342926,-0.0547067821860126,0.353663558331958,-0.0123694946492188,-0.0427537557226619,-0.1516545827759488,-0.6205185457924347,-1.124362339486904,-0.6852540517459161,8.46605353682303e-41,-3.1774004166049276e-10,1.8910425980218666e-42,-5.072427758302326e-12
1.79,-3.19750544,19.56723638,-0.05580699777843,0.3415127003470163,-0.0137471019906538,-0.0492726909503634,-0.1377607341434968,-0.6518935227701688,-1.1081352753485572,-0.6909785805524242,7.529540070097099e-43,-3.833518296224229e-09,1.6688581948754094e-44,-6.167214702395183e-11
1.8,-3.18344331,18.88084456,-0.0555615673100865,0.32953290312926,-0.0148689982668067,-0.0560146318333452,-0.1121896276152767,-0.6741940882980711,-1.0838618959595727,-0.6793869202862838,3.159416996068062e-47,-2.1225132469731123e-08,6.918898934338571e-49,-3.36109037784692e-10
1.81,-3.07220093,18.2222396,-0.0536200215113318,0.3180380781072945,-0.0156002050186553,-0.0628677116356115,-0.0731206751848656,-0.6853079802266467,-1.0484905316398918,-0.6518102638704903,3.149253732866057e-56,-4.9910441565108724e-08,6.770732670886113e-58,-7.587004863582498e-10
1.82,-2.88696769,17.56996884,-0.0503870915891949,0.3066538057308088,-0.0158556337204621,-0.0697612205241344,-0.0255428701806726,-0.6893508888523048,-1.0030855524627558,-0.6170527064951611,5.1903224114736944e-76,-7.007391645945974e-08,1.088008342315268e-77,-1.0041120160045872e-09
1.83,-2.56871904,16.9875105,-0.0448326048066679,0.2964879899421082,-0.015471990433517,-0.0765342461068672,0.0383643286945105,-0.6773025582732953,-0.934666341442093,-0.5631221681203218,4.4203771021082986e-69,-3.088913657626624e-08,8.883899235155433e-71,-3.981285753936724e-10
1.84,-2.15778014,16.42239611,-0.0376603679771441,0.2866248831862089,-0.0143661339161027,-0.0831198987579784,0.1105856517414323,-0.6585652651111317,-0.8414141802646598,-0.504442055730772,1.5120204597646539e-47,-8.211976359022305e-09,2.839861080443778e-49,-9.368431769076423e-11
1.85,-1.65438385,15.87856462,-0.0288744452743199,0.2771332331096822,-0.0124680674039823,-0.0894524355976757,0.1898066512120378,-0.6332536839697391,-0.7106785338280956,-0.4410640466896499,5.959816045153669e-36,-1.2773611876964395e-09,9.832710916359237e-38,-1.3101451724428429e-11
1.86,-1.07596726,15.33281042,-0.0187791713306618,0.2676080254130946,-0.0097463389139604,-0.0955086518886677,0.2721728490021983,-0.6056216290992168,-0.52911015736197,-0.3790434580289817,3.707378455280287e-28,-1.5477681610832424e-10,4.449663534954543e-30,-1.5414255882677659e-12
1.87,-0.42709598,14.78297847,-0.0074542310730318,0.2580116475529337,-0.0061854598880242,-0.1012725678622011,0.3560879025936299,-0.5763915973533552,-0.2785657779278241,-0.3191743653368659,2.477706828363349e-22,-1.509738465524563e-11,2.322128158090324e-24,-1.5018853293062474e-13
1.8800000000000001,0.27921148,14.21636587,0.0048731596353662,0.2481223920996481,-0.0017974149531897,-0.1067508444741408,0.438804493483383,-0.5478276611938814,0.0382644003630546,-0.2644348835984385,8.445956439906388e-18,-1.411705698430025e-12,-2.5002891021549776e-19,-1.2643438370147887e-14
1.8900000000000001,1.03107226,13.62368762,0.017995605762979,0.2377782052321901,0.0033825318997964,-0.1119656011689611,0.5179946852986274,-0.5214756694820453,0.3762901170585285,-0.2165763096173455,3.385645744133582e-14,-1.45863339785024e-13,-1.2423974780315372e-14,-9.230982859587222e-16
1.9000000000000001,1.81908508,12.99992445,0.0317490240199044,0.2268914841630129,0.009301872998647,-0.1169464624117097,0.5919341098850708,-0.498086124274868,0.673696139177025,-0.1760545402496172,2.6869679910346723e-11,-1.8228677080285688e-14,-1.676144390404242e-11,-4.254465401482076e-17
1.9100000000000001,2.63023911,12.34418892,0.0459063325842253,0.2154467401422029,0.0158872903352002,-0.1217234424714598,0.658541733655338,-0.4776980059750223,0.9027601744676848,-0.1422720996337186,5.602679525652479e-09,-2.841878566424838e-15,-4.398170311298816e-09,1.9108543202323153e-18
1.92,3.45840964,11.65046375,0.0603606351007117,0.2033389518217455,0.0230574149760872,-0.1263344223647383,0.7170124640887108,-0.4610979893278578,1.0737398619908862,-0.1156543598205842,3.985387230416396e-07,-6.144362254357336e-16,-3.503610781041188e-07,6.721661094670484e-19
1.93,4.29215079,10.93051915,0.0749121632775757,0.1907735481197919,0.0307160916010709,-0.1307973398578593,0.7658676624983912,-0.4462917493121122,1.2032045749140712,-0.0929925671370474,1.091564558736962e-05,-1.543606909988121e-16,-1.0187939867817633e-05,-1.408829129969472e-19
1.94,5.1222622,10.18336325,0.0894003405404482,0.1777332176390904,0.0387577721904317,-0.1351310385505931,0.8041680589360991,-0.4333698692733876,1.3055537181794248,-0.0740349916137229,0.0001274784397131,-4.6054732682059226e-17,-0.0001230329005324,-1.8613975207898905e-19
1.95,5.9477198,9.43182073,0.1038072934960586,0.1646163261963551,0.0470814723225807,-0.1393191208544652,0.8323700132149181,-0.4188082303872193,1.3914301366253845,-0.0541351498070879,0.0007300748089961,-1.1303239932380613e-17,-0.0007184007558671,-8.023437584893783e-20
1.96,6.75589059,8.6705693,0.1179125347000022,0.15132998230734,0.0555735919635197,-0.1433555860673847,0.849211964093762,-0.403646521291879,1.4669660777367943,-0.0345666710070273,0.0020416452715346,-2.527614457634677e-18,-0.0020306893120045,-2.0616197550984902e-20
1.97,7.53321328,7.90165734,0.1314793749909615,0.137909936947377,0.0641084580573629,-0.1472328565019532,0.8534866093843408,-0.3877270434568674,1.5371318619544307,-0.0150788358277988,0.0027142710372084,-5.032010101025388e-19,-0.0027127388564417,-2.8039601293939127e-21
1.98,8.29161533,7.16039504,0.1447159878173361,0.124972469191471,0.0725888203640077,-0.1508918158802294,0.8480362306644951,-0.3658959378276283,1.6065977099875175,0.0102886078777008,0.0020547332347697,-4.8534103706989605e-20,-0.0020534214458688,2.8912631510971147e-22
1.99,9.01521768,6.43737689,0.1573452313000045,0.1123534219222928,0.0809021155008742,-0.1542941531513274,0.8313295136866722,-0.3402337271098,1.679082516006423,0.0388947586667636,0.0008014208960866,-2.7063181294986647e-21,-0.0007967435385135,8.18273053772319e-23
2.0,9.70486186,5.7466914,0.1693817929082209,0.1002986860260424,0.0889479012924011,-0.1573854269598589,0.8045785791527015,-0.3091273808531591,1.7590437730573496,0.0724063049494816,0.0001671927454121,-6.641301132758153e-23,-0.0001642486682103,4.484614127053403e-24
2.0100000000000002,10.35760902,5.09370802,0.1807743800332632,0.0889019760842411,0.0966318575641226,-0.1601100228361456,0.7683956271721676,-0.2724595876286792,1.8522267298224253,0.1107670533893055,1.830301200761568e-05,-6.2911408461384395e-25,-1.758490085495263e-05,7.03101929737025e-26
2.02,10.97389632,4.48554085,0.1915306225564892,0.078287456565205,0.103871072978751,-0.1624090480782309,0.7239215414628535,-0.2299025242085272,1.9664246259349865,0.1541584852954564,1.0441087357051017e-06,-1.929349671274706e-27,-9.6360509471514e-07,3.005913260898669e-28
2.0300000000000002,11.55213808,3.92302004,0.2016228451410161,0.0684696163197196,0.1105906344401121,-0.1642305367191784,0.6719561461361272,-0.1821488640947621,2.1133055772609013,0.2016894252759663,2.9521382508729635e-08,-1.9668992088823508e-30,-2.52854391933384e-08,3.9398779989757485e-31
2.04,12.09565259,3.4078845,0.2111089628728797,0.0594788050526807,0.1167309168489153,-0.1655278767377412,0.6140282408803341,-0.129734001856277,2.307471561400178,0.2526829666005672,4.053197049825027e-10,-9.03508792022765e-34,-3.0018199673111726e-10,2.245371173656061e-34
2.05,12.5977353,2.93638908,0.2198719592797156,0.0512496575656071,0.1222315783689531,-0.1662679694994661,0.5500661520036949,-0.0740092761724759,2.567422188480347,0.3057036794259109,2.2749006631520598e-12,-6.5457857212025865e-37,-1.2361766549864568e-12,1.960035773137962e-37
2.06,13.0597983,2.5049815,0.2279364799813582,0.0437201748765463,0.1270443505865467,-0.1664300253334498,0.4812772217593719,-0.0162055833983768,2.891991538641166,0.3595545322419055,4.61365487209181e-15,-9.483176452157187e-39,-1.1329914498671067e-15,3.32924436129636e-39
2.07,13.47523417,2.10138936,0.2351872037437453,0.0366761631983764,0.1311202551006648,-0.1660178044347505,0.4075904514118132,0.0412220898699309,-3.040727466986324,0.4120570641992794,2.4734747452283706e-18,-2.952611530980637e-38,-1.861914024111692e-22,1.1825253283120055e-38
2.08,13.8513786,1.72834105,0.2417521625102826,0.0301652419198759,0.1344311115967556,-0.1650348650330289,0.3310856496090906,0.0982939401721665,-2.7345699944611948,0.4634530706760126,2.929457227001514e-22,-9.728467778953769e-36,2.9239452687174633e-24,4.352810755883826e-36
2.09,14.23495757,1.39611679,0.2484468784781912,0.0243668347278742,0.1370274670573315,-0.1634731828800155,0.2596355460575905,0.1561682153013449,-2.520318134849333,0.5149052045061229,1.581158967592692e-26,-3.35725049044464e-32,2.28303575687286e-28,1.6547450019733875e-32
2.1,14.58407387,1.05906617,0.2545401073855715,0.0184841916629859,0.1388975206022782,-0.1613985139552877,0.1870053544946804,0.2074668924727812,-2.35881525986896,0.5606170194993042,1.4983497007444092e-31,-6.289355935002139e-29,2.6728646617997016e-33,3.346061471359303e-29
2.11,14.90818801,0.75056802,0.2601969662808413,0.0130998832091746,0.1400502083398071,-0.1588244310061658,0.1152687737528853,0.2574082949121924,-2.2384594253822843,0.6051992396924954,5.53508966577753e-37,-7.023754191966165e-26,1.0889249817598297e-38,3.996950404956608e-26
2.12,15.19258144,0.4487053,0.2651605680053813,0.0078313848561489,0.1404768237523979,-0.1558000775941466,0.0426615412590823,0.3024353412019268,-2.1431495418269693,0.6462175925376885,1.4157348591417e-41,-2.5123221861424858e-23,2.9597010593350106e-43,1.512827480289216e-23
2.13,15.50011874,0.16059318,0.2705281064630749,0.0028028797472479,0.1402698229564513,-0.1523629835166844,-0.0207000795946539,0.3437094077461723,-2.075203402943537,0.68486407116734,2.4833514016378098e-42,-3.718412000482176e-21,5.389823706516432e-44,2.3518002043007808e-21
2.14,15.8107433,-0.11307478,0.2759495277726336,-0.0019735272119682,0.1394880994654248,-0.1485494760114503,-0.0781723491026553,0.3813507505234096,-2.0217539490477447,0.7214702188901366,1.0122013817116172e-39,-2.588103788827635e-19,2.2560965621629515e-41,1.7090691598818354e-19
2.15,16.12654508,-0.37862161,0.2814613086172923,-0.0066081937137018,0.1381929066852039,-0.144405096343155,-0.1295192780220888,0.4144379668295427,-3.0509736567085857,0.7556290431037173,4.807965861531884e-36,-8.510943788719208e-18,6.065768631750909e-39,5.835129790062664e-18
2.16,16.45317008,-0.63089435,0.2871619902866188,-0.0110111836397294,0.1364525651655538,-0.139966175841875,-0.1740341519650144,0.4438920501280069,-2.974287192605422,0.7881311766507897,1.1148869042011683e-32,-1.6066177407588054e-16,1.5767822442798115e-35,1.1389347725988635e-16
2.17,16.79101845,-0.87716977,0.2930585567156148,-0.0153095005854613,0.1343334112284577,-0.1352790989137145,-0.211915393709618,0.4687076928160633,-2.9080697026110927,0.8184825933755386,6.143664919780179e-30,-1.6856194828937657e-15,4.6110270072571717e-32,1.2304944400850453e-15
2.18,17.14110005,-1.10614447,0.2991686332862646,-0.0193058630042276,0.1319003892044296,-0.1303710900708298,-0.2433022024028088,0.4908008842884774,-2.851913951196736,0.8479719028761384,8.274389463944008e-28,-1.2544245266764227e-14,7.952187605965327e-30,9.40633820865646e-15
2.19,17.50493883,-1.32075852,0.3055188179437039,-0.0230515847977673,0.129217457389601,-0.1252731354500416,-0.268293181482865,0.5097954620788295,-2.805412072088229,0.8764418835884576,3.223720889513948e-26,-6.596198910566733e-14,3.224732849974093e-28,5.0685826620726686e-14
2.2,17.8777564,-1.52384144,0.3120257120494883,-0.0265960504063316,0.1263376708642406,-0.1200192614050566,-0.2879786525360534,0.525387404498512,-2.766584740879121,0.903774284792494,4.920876018480982e-25,-2.450163187579705e-13,4.9034145567194246e-27,1.9249483426268505e-13
2.21,18.25847622,-1.70715775,0.3186705264360885,-0.0297955235884382,0.1233093163806343,-0.1146293436048744,-0.3028354483605789,0.538991780018142,-2.7345640559095137,0.9308080029211588,3.4580256580796966e-24,-7.452773306665688e-13,3.4515265415324834e-26,5.977919036944377e-13
2.22,18.64303711,-1.87407204,0.3253823801409883,-0.0327087275175668,0.1201714536204255,-0.1091276637593046,-0.3137862760208829,0.5501679845569893,-2.7078545608943627,0.9573254804393008,1.350675160156932e-23,-1.8057700543300796e-12,1.3740149445980098e-25,1.476555440449535e-12
2.23,19.02524398,-2.02050983,0.3320531484462302,-0.0352645491024109,0.1169511991137053,-0.1035311385179772,-0.3220254506720351,0.5596525241327471,-2.6845749342640097,0.983739216731557,3.56926317264179e-23,-3.751290640606171e-12,3.740577109397625e-25,3.123450301061972e-12
2.24,19.40095905,-2.14881093,0.3386106134670912,-0.0375038257313413,0.1136676658188454,-0.0978594963284995,-0.3283533294859892,0.5671642189477837,-2.663486281435535,1.0099151780741464,7.225288250575172e-23,-6.559448230931124e-12,7.839466080618275e-25,5.55499460262725e-12
2.25,19.76011484,-2.25701796,0.3448790645301925,-0.0393923946786456,0.1103235642335564,-0.0921284135310027,-0.3344101585289071,0.5731082797496954,-2.641923801413351,1.0360667360797753,1.4079324834600898e-22,-1.0040414632377282e-11,1.5910244970695243e-24,8.639865327887939e-12
2.2600000000000002,20.09988285,-2.3453159,0.3508091349976415,-0.040933484454374,0.1069175381137352,-0.0863529771960016,-0.3406026119821274,0.5775436335001214,-2.6191707989401203,1.0622273366695407,2.7905201010648705e-22,-1.3558204832473934e-11,3.3028058980300845e-24,1.1843914493901229e-11
2.27,20.41364053,-2.41279075,0.3562852395670602,-0.0421111427491633,0.103438805910164,-0.0805459698202935,-0.3478732203571302,0.5807007375708174,-2.5935813183441643,1.0885081682975095,6.365379005846637e-22,-1.6498073935805418e-11,7.949335340082578e-24,1.4618392684078802e-11
2.2800000000000002,20.69781791,-2.46402195,0.3612450705077514,-0.043005295868911,0.0998726736064596,-0.074726250027618,-0.3566132303704512,0.5819719792675634,-2.5643931985229247,1.114630380730781,1.7482939893236196e-21,-1.7201370643869e-11,2.3194441665756152e-23,1.544488273207254e-11
2.29,20.94040487,-2.4944337,0.3654790116821551,-0.0435360810377044,0.0961882556237886,-0.0689042979938252,-0.368441798267106,0.5821952033792973,-2.52882688880728,1.1409634010140255,7.034426025720473e-21,-1.6495742734103173e-11,1.0000944209164825e-22,1.4997570672529558e-11
2.3000000000000003,21.14488308,-2.51174796,0.3690478296952395,-0.0438382718822508,0.0923634972746741,-0.0631013854006533,-0.3824758349113859,0.5802912593170945,-2.488324384723803,1.1670429908087296,3.6182983272516166e-20,-1.326922153133734e-11,5.512855735592443e-22,1.2204182653894067e-11
2.31,21.30629392,-2.51773175,0.3718649803016493,-0.0439427087194987,0.0883718469643197,-0.057339515233484,-0.3991650310354535,0.57618701671695,-2.4422787018149075,1.1928359451693522,2.455121872326056e-19,-8.873231804856657e-12,3.993024117260748e-21,8.248196935421372e-12
2.32,21.42320592,-2.51936369,0.3739054796367409,-0.0439711914456937,0.0841881753475995,-0.0516490412554052,-0.4183671616720236,0.5690473978078866,-2.391197993123878,1.2180077505868936,2.097870780161302e-18,-4.564709900369218e-12,3.622043848139633e-20,4.284196304177024e-12
2.33,21.50154613,-2.53080615,0.3752727742379447,-0.0441709000472214,0.0797999468748404,-0.0460785310325011,-0.4388228472759239,0.5570510222904204,-2.3373406608851583,1.2418565348455692,1.9081507907100748e-17,-1.5194952391666825e-12,3.472270498424569e-19,1.4382206074101176e-12
2.34,21.55140166,-2.52831246,0.3761429173867715,-0.0441273769461974,0.0752124991047012,-0.0406357572493633,-0.4587447770139281,0.5442773783137946,-2.2834747015710297,1.2658274211022282,1.5117081146350646e-16,-4.616148091707656e-13,2.877090225712412e-18,4.403682446647045e-13
2.35,21.57349949,-2.53545772,0.3765285972778175,-0.0442520852591084,0.0704333399146129,-0.0353624018214054,-0.4779159190088427,0.5273355427958017,-2.229920981479081,1.2887145078252,1.0322437028694901e-15,-9.246559196077353e-14,2.042799246373459e-17,8.882102410690765e-14
2.36,21.57760515,-2.54780119,0.3766002545627849,-0.0444675194517296,0.0654855339215837,-0.0302886399486941,-0.4947805993029278,0.5073761872711369,-2.178530735267186,1.3108423169831422,5.273400638167429e-15,-1.3123232729351266e-14,1.0792077312788942e-16,1.2683568815232791e-14
2.37,21.56951675,-2.56971954,0.3764590853515666,-0.0448500668258341,0.0604001991816175,-0.0254471780722839,-0.5085334739966333,0.4841461876410327,-2.129916420014253,1.3320594583457943,1.909792481636956e-14,-1.2350738753586397e-15,4.0231699434451245e-16,1.200148184310432e-15
2.38,21.55461662,-2.60502537,0.3761990290240914,-0.0454662698044835,0.0552149487842805,-0.0208719385591106,-0.5185250397336216,0.4575239513172634,-2.0843639699875065,1.3522311349840923,4.718659747123454e-14,-7.180870654006212e-17,1.0192194258351484e-15,7.010562490485059e-17
2.39,21.53905153,-2.65524693,0.3759273669552221,-0.0463428013819714,0.0499741970115222,-0.0165942611086209,-0.5240751772758332,0.4277677450489776,-2.042104016984572,1.371304304023072,7.60102353089177e-14,-2.4526848139606733e-18,1.677599115935769e-15,2.404196928518479e-18
2.4,21.5227001,-2.72317785,0.3756419806643128,-0.0475284195998802,0.0447187899872305,-0.01264479235414,-0.5255407024291872,0.3949468754480972,-2.0023670183821856,1.3891343942948944,8.34757831356536e-14,-4.476835507280943e-20,1.87750897195235e-15,4.403410014481728e-20
2.41,21.51059604,-2.79191979,0.3754307249644538,-0.0487281927870886,0.039493775930959,-0.0090236996457725,-0.5225014056271634,0.362109270836753,-1.9651787215228893,1.4063896782863243,6.013685202383479e-14,-5.7761153268863455e-22,1.3750318022670078e-15,5.698489845339658e-22
2.42,21.48502972,-2.88656301,0.3749845085028354,-0.050380028590778,0.0343134411603889,-0.0057664487658046,-0.5180334770570123,0.3257250879968048,-1.927683559949264,1.4219565336986577,3.7873608250933013e-14,-2.876577942735192e-24,8.794036523055922e-16,2.8448828426375394e-24
2.43,21.44684583,-3.00018504,0.3743180739011161,-0.0523631071170777,0.029191824251626,-0.0028923436215622,-0.5121616908763094,0.2874105144242374,-1.8897589010268896,1.435931711322811,2.0820105287832524e-14,-5.484606338739273e-27,4.903744297067264e-16,5.434976869402481e-27
2.44,21.38240569,-3.11324509,0.3731933812876699,-0.0543363772420471,0.024120823373736,-0.0003868137122526,-0.5071000877890083,0.2505529909309645,-1.849727494003981,1.4488915579938693,1.2363321021843684e-14,-5.7268895270807274e-30,2.951708477474269e-16,5.684538970028377e-30
2.45,21.2777857,-3.23726425,0.3713674179987664,-0.0565009199196048,0.0190717563240938,0.0017488539801496,-0.5049067049642253,0.2135667692402374,-1.8064409704347293,1.460217816265368,9.748781961197028e-15,-1.9513055507437118e-33,2.357637658859613e-16,1.9394302299396107e-33
2.46,21.12093072,-3.39063475,0.3686297821496165,-0.0591777401200348,0.0140001833379555,0.0034885776246694,-0.5071572986137585,0.1739723644519548,-1.75964993707069,1.4688618485046867,1.19761720622411e-14,-6.938914651454382e-38,2.930342619335869e-16,6.90302511212266e-38
2.47,20.89123135,-3.54505181,0.3646207718533599,-0.0618728262382844,0.0088347411245304,0.0048539899206737,-0.5165442213425133,0.1365412296004289,-1.7093912838864438,1.475421212412285,2.96117710004728e-14,-3.888807475777712e-43,7.317059620493791e-16,3.8711974571572795e-43
2.48,20.60597061,-3.70976045,0.3596420327136844,-0.0647475343127664,0.0035370573613332,0.0058537301925839,-0.5297683763197378,0.0999740271910267,-1.6586292604547064,1.479148413691259,1.0415949048180701e-13,-6.989279020534504e-50,2.5917474915726605e-15,6.9600528564517255e-50
2.49,20.24726354,-3.87897583,0.3533814132920025,-0.0677008998387798,-0.0019537406821155,0.0065070818714072,-0.5490798043448866,0.0653351678823319,-1.6081581256541475,1.4797554448730896,6.234825917466489e-13,-4.758062103905652e-59,1.55737432608136e-14,4.7384284719115e-59
2.5,19.81904193,-4.04280893,0.3459075362693115,-0.0705603268575289,-0.0076857804848006,0.0068490677592082,-0.5732039802685214,0.0341985887800974,-1.5595953871395258,1.4772463831259934,5.374339060029683e-12,-8.715624673077786e-73,1.343481456729583e-13,8.67765217027373e-73
2.5100000000000002,19.32660989,-4.19697946,0.3373129758289991,-0.0732511102155736,-0.0136931166488979,0.006920400433687,-0.6007336164097462,0.0071332674478823,-1.5138054485273456,1.4716381353548402,5.657828411516753e-11,-4.776814876622026e-100,1.4116483499550033e-12,4.753434763792059e-100
2.52,18.78211832,-4.3210427,0.3278098051831459,-0.0754164222342655,-0.0199863904865931,0.0067909458450819,-0.6293273837695275,-0.0129454588605153,-1.470892787896278,1.4643066779894136,5.857198747632464e-10,-1.1431953043976328e-91,1.4554106167003435e-11,1.1367426165581401e-91
2.5300000000000002,18.18846164,-4.41494258,0.3174485414906876,-0.0770552843074931,-0.0265686968418307,0.0065260678324875,-0.6582306355237781,-0.0264878012594313,-1.430606577914234,1.4562327097804029,5.616849062043342e-09,-4.027684597663205e-78,1.3875502548317182e-10,4.001375839408663e-78
2.54,17.56408968,-4.45673155,0.3065511950315572,-0.0777846394250102,-0.0334128180005038,0.006219374060375,-0.6844121158673222,-0.0306693772112538,-1.3920565768133055,1.4502097238209997,4.023871398510777e-08,-3.8522183774916917e-75,9.867428795662942e-10,3.8243432009110243e-75
2.5500000000000003,16.93288765,-4.4364393,0.2955346413627852,-0.0774304728498724,-0.0404558800835534,0.005971591263804,-0.7043062083048546,-0.024778279657099,-1.3538535759757804,1.4485331871570786,1.724858309667974e-07,-1.3472522814283594e-79,4.192098615418728e-09,1.3372306991107076e-79
2.56,16.29110565,-4.35275666,0.2843334323827509,-0.0759699352551113,-0.0476444587317154,0.0058761979290266,-0.7188578648162144,-0.0095393334777373,-1.3157022408205084,1.4522246565447017,4.927813114698047e-07,-1.9119618224616982e-97,1.1851506209370761e-08,1.8985846513598847e-97
2.57,15.67025151,-4.17354448,0.2734974834651131,-0.0728420926544346,-0.0548811603867546,0.0060655828182553,-0.7236701655039322,0.0189384889228727,-1.275530869975416,1.463238948057447,7.115602611159315e-07,-5.500638403612559e-85,1.6897687967344236e-08,5.468965196477612e-85
2.58,15.05551868,-3.91505379,0.2627683715615105,-0.0683305790281826,-0.0620987715053775,0.0066341208453145,-0.7217611118623076,0.0568538027059153,-1.2337747176811964,1.4795190912186476,6.496253703658111e-07,-4.985687815657261e-62,1.5199556838315017e-08,4.965008014187057e-62
2.59,14.46484461,-3.55221035,0.2524591642338551,-0.0619977663309201,-0.069208940522707,0.0077027093869775,-0.7110169017329608,0.1068588541663058,-1.1887951151101843,1.5006049626460245,3.230690247145703e-07,-2.0403627822141824e-48,7.425620296966571e-09,2.0353569784694623e-48
2.6,13.89550987,-3.08093087,0.2425223984748692,-0.0537723877078333,-0.0761357109260706,0.0093840999293979,-0.6926770403363767,0.1681390542420469,-1.1402786888558545,1.5248209068919527,9.32907236707155e-08,-1.3493067980875906e-38,2.099275938309511e-09,1.3478862826572856e-38
2.61,13.35195869,-2.51267859,0.2330356407307688,-0.0438545144398686,-0.082804256016023,0.0117594601740505,-0.6668545089952519,0.2375360244652628,-1.0872653288466942,1.550503953584819,1.5156367619702038e-08,-4.2263425165141074e-31,3.324836851350882e-10,4.225475623590508e-31
2.62,12.82139482,-1.83075093,0.2237755543071457,-0.0319526315124482,-0.0891672428596382,0.0149227000914311,-0.6362986843615398,0.3163239917380617,-1.0305069480000062,1.5770012427360318,1.6110565160666115e-09,-6.976801292335112e-25,3.429933674338233e-11,6.976667486676942e-25
2.63,12.2885957,-1.05277799,0.2144764554114173,-0.0183744422180279,-0.0952064524522713,0.0189272305199136,-0.6039209592632155,0.4004530428481942,-0.9715479460864386,1.6036131802702585,1.3441696669276922e-10,-9.219786613704115e-20,2.7652905445233746e-12,9.214840890505233e-20
2.64,11.73314214,-0.19896294,0.2047819619474934,-0.0034725583924479,-0.1009382005076792,0.023785208700489,-0.5731748055407976,0.4857978180575487,-0.9133229084863836,1.63013071016956,1.1451604893078848e-11,-1.4510667282130028e-15,2.2688278088404114e-13,1.44852258412964e-15
2.65,11.22293653,0.79322053,0.1958771941908473,0.0138443099429144,-0.1062775946166858,0.0295949072476061,-0.5339394109006749,0.5809698547117155,-0.8460198310649355,1.6562001669174315,4.0678376836970963e-13,-1.1187445946119382e-11,7.668524948960257e-15,1.1146819072696232e-11
2.66,10.63589415,1.79327149,0.1856313718111036,0.0312984918826445,-0.1113331965506344,0.0362434840498755,-0.5055601933948686,0.6648576802269618,-0.7894926158835173,1.6828250833275218,3.2788662884541844e-14,-9.584393765054268e-09,5.886393069329737e-16,9.52452607315185e-09
2.67,10.07341656,2.90304868,0.1758142858969209,0.0506677578116752,-0.1160539406213786,0.0437739495846213,-0.4720744070744315,0.753046553474595,-0.7270329603736385,1.7089002411518788,1.414334855815374e-15,-4.904891895808339e-06,2.3794057343644928e-17,4.858353356937681e-06
2.68,9.49687036,4.08224717,0.1657516564170592,0.0712486539967206,-0.1204535401006636,0.0521585524480876,-0.439959947928514,0.8384602863466489,-0.6660839977972114,1.7350294822855632,5.866092439768799e-17,-0.001068811919475,9.11341104888693e-19,0.0010544783486665
2.69,8.88682219,5.26354073,0.1551043072547931,0.0918661160513258,-0.1245759628394339,0.061264624721072,-0.4122422738770327,0.910607227298451,-0.6111924822615444,1.762283474487218,3.3062625909191923e-18,-0.0666843433864425,4.686886424494445e-20,0.0654694471912543
2.7,8.25848635,6.46499335,0.1441377780385088,0.1128354200770381,-0.1284404829686912,0.0709924126268767,-0.3864520129257364,0.9727787905804904,-0.5596308601018569,1.790270910298521,2.019687196990421e-19,-1.4507787778931371,2.584344491622621e-21,1.4160848226762557
2.71,7.60565682,7.63282383,0.1327437532857617,0.1332179070581839,-0.1320758154514815,0.0811654338672953,-0.3635332482789758,1.017302124041703,-0.5130557132763879,1.8200554297798088,1.535448985394584e-20,-4.772689047152717,1.7825266688078276e-22,4.625620375293047
2.72,6.95010968,8.8002458,0.1213022972907294,0.1535932641948024,-0.1354770945534615,0.0916685819652013,-0.3401279101980115,1.050314809790623,-0.4667199372508801,1.8508432654206768,9.859569446623149e-22,-6.068745265652352,1.0491077392980857e-23,5.83296267255055
2.73,6.28996423,9.88897804,0.1097805856461698,0.1725952264554155,-0.1386443067134352,0.1022768253560376,-0.3167212159973771,1.0608243390836525,-0.4213217848186987,1.884621415671766,5.626672903454244e-23,-6.241387132441585,5.6606265221455205e-25,5.937310330313982
2.74,5.63910955,10.93595909,0.0984210285281558,0.1908684929839029,-0.1415582114330342,0.1128387515819743,-0.2913904719599048,1.0561926225936924,-0.3738557816049773,1.920423898359397,2.173591708287123e-24,-6.196760117474158,2.166262109045067e-26,5.8226859512792295
2.75,5.00936422,11.93563156,0.0874298990705975,0.2083160690269471,-0.1441852516966162,0.1232077668374158,-0.2627040263582043,1.0369015255441787,-0.3219095222105034,1.9585275655233068,4.4173251767941497e-26,-5.829313277854513,4.4006355500709085e-28,5.397425300113936
2.7600000000000002,4.4059943,12.84088182,0.0768991073591028,0.2241156666184818,-0.1464888717044499,0.1331805788220739,-0.2303620007833705,0.997281198465826,-0.2647549401343451,2.0007865970118672,4.174037538931777e-28,-3.743078182111135,3.742901723438493e-30,3.402879788158075
2.77,3.85662153,13.67804473,0.0673107437018012,0.2387269157735588,-0.1483965156391397,0.1426134917047825,-0.1907643934689825,0.9432912882708788,-0.1961818998437967,2.046540334796557,9.453073092059866e-31,-0.5638633780163739,4.240487404415496e-33,0.501322616463775
2.7800000000000002,3.33109252,14.41959209,0.058138532162555,0.2516693587650305,-0.1498899434450711,0.1513377623134908,-0.1493427805931484,0.8724270608708526,-0.124858237706696,2.0974650874642173,1.2236411559418861e-33,-0.0148002613897697,-1.5088586627418663e-36,0.0127962182093963
2.79,2.86258912,15.08883716,0.049961605275767,0.2633498887392704,-0.1509056887638188,0.1592390971506017,-0.1015745318747728,0.7901334837111031,-0.0431162826239975,2.153031397199539,6.3871012600227625e-37,-0.0001349557631322,5.13723131084297e-39,0.0001127284609425
2.8000000000000003,2.43839003,15.69198787,0.0425579344713033,0.2738768545145119,-0.1514082894842045,0.1662282460459682,-0.0502600720385608,0.6989148895365439,0.0442101741540345,2.2134622504789325,9.02278298317312e-40,-4.281059091784542e-07,-3.2212933110166787e-41,3.426995362456704e-07
2.81,2.06108464,16.22763167,0.035972713130282,0.2832256024424059,-0.1513651847108232,0.172228126138601,0.0043104773381292,0.5999880092632875,0.1361990466739691,2.2794552303677174,6.652952467847234e-41,-3.799518003319111e-10,-9.196153634465116e-42,2.8844516506060834e-10
2.82,1.71824169,16.68893902,0.0299889748355317,0.2912769345635558,-0.1507692481259825,0.1771652587245427,0.0595936584840679,0.4937132585941856,0.2279745463249038,2.35224000475105,2.016934755476309e-39,-6.335325559316661e-14,-4.538353582527141e-40,4.4965833997872564e-14
2.83,1.41391803,17.09267467,0.0246775249768119,0.2983234509637352,-0.1496119322847112,0.1810053298177451,0.1157315841271319,0.38400710932025,0.3192076010964614,2.431108958213924,4.499582032794321e-36,-1.6152971571307945e-18,-1.4057838424952089e-36,1.0532955920478396e-18
2.84,1.11814762,17.43136207,0.0195153574923384,0.3042346612287542,-0.147934498089104,0.1837138238277973,0.1677434195607321,0.2708494010052272,0.4018806441006934,2.5173146306732987,1.95903313957198e-32,-3.619768336289916e-24,-7.660332514371801e-33,2.1160268846139748e-24
2.85,0.85107049,17.76549884,0.0148539822170614,0.3100664480172332,-0.1457482780788084,0.1853580332126207,0.2186220010295577,0.1644209384823382,0.4808393031738021,2.6042118467285413,6.167943645495159e-29,-3.278540682103564e-30,-2.855505905136274e-29,1.67951114678548e-30
2.86,0.5753375,18.01119935,0.0100415336851928,0.3143547308905625,-0.1431234078701,0.1858817693946925,0.2624870208708441,0.052373618207181,0.5483021737933724,2.701714659155337,3.929860625880903e-26,-1.2711207777698151e-35,-2.0497852866239355e-26,5.416189332531289e-36
2.87,0.30237726,18.25123577,0.0052774787701589,0.3185441567442625,-0.1401100919856953,0.1853657913220615,0.3013315884404797,-0.0515978072630968,0.6081289467755346,2.7985411719780298,7.766832464906041e-24,-1.0583953007404062e-35,-4.4384127001984046e-24,3.548873053834506e-36
2.88,0.02163657,18.46518974,0.0003776293853382,0.3222783579684757,-0.1367729240241625,0.1838610443658065,0.3337167961532306,-0.1504746956254841,0.6594189511859437,2.8964964066558547,4.65214717446451e-22,-4.018227849474615e-31,-2.8499747215562723e-22,9.695041087769053e-32
2.89,-0.24236312,18.68912408,-0.0042300344294061,0.3261867495097561,-0.1331365652234794,0.181475374148915,0.3636358800683187,-0.2385670216891562,0.7077300985205969,2.988698573959459,1.6294400100685266e-20,-4.472677168945242e-26,-1.0591167562499115e-20,6.914068572108316e-27
2.9,-0.52411987,18.8924321,-0.0091476174066246,0.3297351438544666,-0.1292775271907243,0.1782680842109724,0.3859038032755112,-0.3207289937942599,0.7475917542696746,3.079269872066694,1.9573947915324606e-19,-1.103565015725621e-21,-1.3305029419118926e-19,6.153099633537057e-23
2.91,-0.82481179,19.08792673,-0.014395681444768,0.3331471688179346,-0.1252691663967322,0.1743186475602558,0.4008360793992224,-0.3949436650716704,0.7800246371939149,-3.11788684608584,9.397973546085946e-19,-3.733939094902649e-18,-6.608267634489377e-19,-2.7158232213949644e-20
2.92,-1.13020231,19.27851575,-0.0197257515231456,0.336473574735084,-0.1211582882560586,0.1697095718690399,0.411087814067367,-0.4609075691216034,0.8082307208849222,-3.037344077312904,2.5942873084567002e-18,-2.366012337026562e-15,-1.875524203313265e-18,9.552324084491001e-19
2.93,-1.44081733,19.46831641,-0.0251470063282936,0.3397862211745423,-0.1169892240819291,0.1645273430808425,0.4169064174129563,-0.5182228788197517,0.8325908599584099,-2.963178110620825,4.3430705590001376e-18,-3.8142827288125323e-13,-3.2120271044613257e-18,-9.873742341623458e-16
2.94,-1.74627047,19.66438107,-0.0304781693318488,0.3432081950383455,-0.11278734687337,0.1588658383571895,0.4201877208559266,-0.5661504723653048,0.8551022483495203,-2.8965826744902574,5.501198732381243e-18,-1.9161524391370128e-11,-4.150972314906046e-18,-1.5599327153725865e-13
2.95,-2.0774753,19.82976984,-0.0362587841138569,0.3460947736206691,-0.1086224512923175,0.1527591729448617,0.416489558105256,-0.6106665412328007,0.8711186949570652,-2.830259907214021,3.218065317332299e-18,-5.782525401658003e-10,-2.4617769989468494e-18,-5.7208362985527154e-12
2.96,-2.37395351,20.00447001,-0.0414333050387761,0.3491438667909629,-0.1044673514007047,0.146301685437088,0.4155099891612129,-0.6457487507772687,0.8904946297976666,-2.771705402391397,2.5555337068677698e-18,-7.237170802232126e-09,-1.9865220161995112e-18,-7.217496849732305e-11
2.97,-2.67125845,20.16614779,-0.0466222551242203,0.351965676379278,-0.1003504441042361,0.1395488224639064,0.4116907296468732,-0.6752862973181734,0.9075689679179922,-2.7161119212038933,1.4727232307835493e-18,-5.5124455871598776e-08,-1.1604869021835241e-18,-5.56408821739983e-10
2.98,-2.94707928,20.31473431,-0.0514362367533038,0.3545590003773584,-0.0962639460009776,0.1325533811186593,0.408649810325858,-0.6995441345247221,0.9260011563724738,-2.6631130800275127,9.2649834802673e-19,-2.733156309210291e-07,-7.404773480318767e-19,-2.9674602744118643e-09
2.99,-3.20884831,20.44450172,-0.0560049682065556,0.3568238689436439,-0.0922116670028324,0.1253568813242309,0.4052278998145243,-0.7196499794428588,0.9446368256757738,-2.611210198490949,5.572070060094599e-19,-9.851928480891604e-07,-4.5150666340716295e-19,-1.1856021009503642e-08
3.0,-3.43024926,20.55720623,-0.059869143751099,0.3587909337249907,-0.0881573923305604,0.1180014250327247,0.405427467227214,-0.7355456291506278,0.9676081712800872,-2.5603813577739496,5.130473419090429e-19,-2.625989636332328e-06,-4.2253271964299057e-19,-3.5122373414499125e-08
3.0100000000000002,-3.63531312,20.63834719,-0.0634481832849477,0.3602071106352197,-0.0841040806425391,0.1105050204624456,0.4053311688021369,-0.7496404570279301,0.991023036932136,-2.507336023635233,4.582303782130231e-19,-6.151294089887257e-06,-3.8337973124970404e-19,-9.085698138877895e-08
3.02,-3.80767395,20.69725369,-0.0664564472699179,0.3612352230110457,-0.0800299181492644,0.1028991656319579,0.4074162493274805,-0.7605854830487836,1.0173382545291614,-2.4535815748224823,5.319743466540895e-19,-1.1674604204198708e-05,-4.526039934623889e-19,-1.8707172860100578e-07
3.0300000000000002,-3.95006646,20.74312962,-0.0689416653995969,0.3620359090369602,-0.0759192496312852,0.0952272704696428,0.4110668517979245,-0.7671895162315268,1.045924630594967,-2.400471994845307,7.459372998596196e-19,-1.6751309433409545e-05,-6.456065904586756e-19,-2.863295271602433e-07
3.04,-4.07199972,20.75018136,-0.0710698022542871,0.3621589851179548,-0.071772319515818,0.0874909792682477,0.4146930115467314,-0.7736291201395294,1.0752535746230436,-2.342275015197336,1.0464031824215538e-18,-2.385252045663789e-05,-9.206629496671138e-19,-4.32115354335285e-07
3.0500000000000003,-4.17160954,20.73829779,-0.0728083215806061,0.3619515776945636,-0.0675868607558997,0.0797220626659785,0.4185458759917602,-0.7768916602268007,1.1055275011296006,-2.2825135812494968,1.5120053442696534e-18,-2.7839842075513884e-05,-1.351486842790298e-18,-5.302438814606256e-07
3.06,-4.25327689,20.71613133,-0.0742336857294846,0.3615646999840519,-0.0633676881152079,0.0719627937304513,0.4219172640691916,-0.7759268935527348,1.13611729602533,-2.222151735861257,2.072364803314145e-18,-2.494262848272623e-05,-1.8799408761992413e-18,-4.962319814969782e-07
3.0700000000000003,-4.3167071,20.70074322,-0.0753407517392161,0.3612961267988929,-0.0591190503616049,0.0642773026204586,0.424863775360311,-0.7685491109992835,1.16706742501228,-2.1634857415028588,2.7140138194062552e-18,-1.4865301486122175e-05,-2.496202655796764e-18,-3.0703868816875785e-07
3.08,-4.37541601,20.68179759,-0.0763654155189731,0.3609654631765283,-0.0548653346096863,0.0567082686468934,0.4253715751918651,-0.7569033973565407,1.1968709128081323,-2.103295203630278,2.694498348602349e-18,-6.694373840006519e-06,-2.5086862558506864e-18,-1.431340636999888e-07
3.09,-4.42073553,20.70337682,-0.0771563903583965,0.3613420917900733,-0.0506159266429301,0.0493597810648197,0.4249407966756325,-0.7348487582073853,1.2267010048251172,-2.048342591115304,2.4115438244295507e-18,-1.4848672679181324e-06,-2.2704996325694073e-18,-3.267102583217188e-08
3.1,-4.44976384,20.76687812,-0.0776630299441861,0.3624503985543701,-0.0463750726937025,0.042327488106583,0.4240853949227713,-0.7032292958236809,1.2569238800687792,-1.997090270936907,2.0636809234934804e-18,-1.6107370985732374e-07,-1.9631094405768232e-18,-3.631550479638631e-09
3.11,-4.49218489,20.86584101,-0.0784034169388392,0.364177626822159,-0.0421910783465214,0.0356868679048718,0.4183994347181182,-0.6640620201711394,1.2848132644357368,-1.9463738066782372,1.00534218386825e-18,-9.00858357076291e-09,-9.646190259775652e-19,-2.0760901735652383e-10
3.12,-4.52961375,21.00438448,-0.0790566737811073,0.366595666530797,-0.0380801898730474,0.0295102060100759,0.4110888473474104,-0.6176661894795953,1.312444522294859,-1.894217836987041,4.0037347634501784e-19,-2.373340129252586e-10,-3.871239336051576e-19,-5.580934302134651e-12
3.13,-4.53238754,21.19958328,-0.0791050855493662,0.3700025282867389,-0.0340123633815418,0.0238856814764202,0.4067826491504884,-0.5624524533654874,1.3423802776994214,-1.8395216695095409,2.2733994133938924e-19,-2.1715367504403057e-12,-2.2145299272469777e-19,-5.201134635985358e-14
3.14,-4.54333447,21.42143724,-0.0792961455208515,0.3738746103473267,-0.0300239699924868,0.0188450268151219,0.3988393389055088,-0.5040654661298428,1.3711644090676074,-1.7620733035118776,8.206649832561738e-20,-8.962424828671405e-15,-8.044183046615784e-20,-2.1917379942112852e-16
3.15,-4.55800605,21.65386199,-0.0795522128983212,0.3779311874979514,-0.0261410532212861,0.0143889326988235,0.38829167712008,-0.4456094116298421,1.399457589132744,-1.5915435295315417,2.088893824019092e-20,-1.870449086293782e-17,-2.058408811826648e-20,-4.674889430247871e-19
3.16,-4.57659305,21.88580916,-0.0798766172463894,0.3819794293051344,-0.0223869673075993,0.010497235973431,0.3754085913686856,-0.3891696725392601,1.4275097132154784,-0.6427160902559949,3.7728177406205175e-21,-2.1269602350808442e-20,-3.7342872836541136e-21,-3.1863420387813136e-22
3.17,-4.60687299,22.09259906,-0.0804051018966958,0.3855885939200043,-0.0187937837811897,0.0071105174128203,0.3593183526409721,-0.3386718560610821,1.4551523990140345,0.7744417023332314,4.135665106444002e-22,-2.026066286243644e-23,-4.1081396220577577e-22,1.4165788590410737e-23
3.18,-4.66121721,22.25479761,-0.0813535874651239,0.3884194926594649,-0.0154081695886769,0.0041417597432456,0.3385614192512863,-0.2968757669574757,1.4821419872591648,0.9766650623459489,2.076115271818365e-23,-2.778201986879881e-26,-2.067991419200876e-23,2.3022610266081463e-26
3.19,-4.70601407,22.35642408,-0.0821354401666789,0.3901932091681441,-0.012221017525156,0.0014845319508099,0.318715206352097,-0.2657227792435725,1.5102296687363623,1.0220356590481292,9.977105582558423e-25,-1.083157320547597e-28,-9.958878851341423e-25,9.242189123925091e-29
3.2,-4.7794,22.38074043,-0.0834162662698169,0.3906176095377114,-0.0092796001454635,-0.0009856704638565,0.2941417379692557,-0.247020241466656,1.5383372138721016,1.0128628487220304,1.784624311319377e-26,-2.8165231297944044e-30,-1.7836877507655167e-26,2.389639312226641e-30
3.21,-4.86995378,22.29902873,-0.0849967278809435,0.3891914713353096,-0.0066082664983733,-0.003426808786345,0.267133364708974,-0.2441138322488059,1.5673086579616933,0.9541412213656458,1.432063417603783e-28,-1.5655686273045256e-30,-1.43205474039906e-28,1.2772640119503688e-30
3.22,-4.96494622,22.12767115,-0.0866546587234467,0.3862007173660601,-0.0042082827601944,-0.0059589636615357,0.2399983738179036,-0.2532154875190771,1.597766761409375,0.85371816842619,6.7091273388314815e-31,-9.850037052235105e-30,-6.706696436508636e-31,7.423455600133047e-30
3.23,-5.08565065,21.82737144,-0.0887613484486897,0.3809594986837759,-0.0021106268243412,-0.008749740806168,0.2097655935853186,-0.2790777144632343,1.6302846505606985,0.6703591939360355,7.95655874151694e-34,-1.2877704401555354e-27,-7.942536106253466e-34,7.999634936929998e-28
3.24,-5.19914894,21.4348015,-0.0907422673045731,0.3741078606864193,-0.0002922218691382,-0.0118956464204525,0.1818404955203085,-0.314590561428461,1.6650786270166755,0.41329686723267,6.272948255601088e-37,-5.196499445412659e-25,-6.245188762436224e-37,2.0871831981038884e-25
3.25,-5.31016322,20.94414759,-0.092679832007304,0.3655443344691354,0.0012629966467393,-0.0154908333705403,0.155521851587755,-0.3595186950087852,1.7025284658763198,0.0978012976542465,2.5304647719218e-40,-4.1603113632711816e-22,-2.508616996386579e-40,4.048239427102792e-23
3.2600000000000002,-5.40815181,20.36912075,-0.0943900555321907,0.3555082228237968,0.0025873650027676,-0.0195974960767342,0.1324368356028342,-0.4106662706194014,1.7419832688590986,-0.1983018492044168,8.269825682614013e-44,-3.2513415367574733e-19,-8.149350362855507e-44,-1.5280903356469833e-21
3.27,-5.47830564,19.72853624,-0.0956144708485751,0.3443279139870222,0.0037342183049928,-0.0242405485118232,0.114685330222521,-0.4643052435089104,1.7809435227990935,-0.415556203098502,6.30683684019449e-47,-1.5228123847754044e-16,-6.168522974964913e-47,-1.5261135777404589e-18
3.2800000000000002,-5.50916359,19.04047972,-0.0961530436764909,0.332319062273208,0.0047706809688126,-0.0294117299026182,0.1036462663819919,-0.5171181390795122,1.8155267868752232,-0.5538599170220069,4.107473592982866e-49,-3.3687424123941284e-14,-3.9854413114806735e-49,-4.258933351838472e-16
3.29,-5.48631908,18.31897277,-0.0957543317609861,0.3197263904196858,0.0057803721416374,-0.0350785693915916,0.1009691172824767,-0.566683948897349,1.840651673482672,-0.6356765037835946,1.1425296397975626e-49,-3.322634611573547e-12,-1.1012957498580996e-49,-4.9195005754887485e-14
3.3000000000000003,-5.39314935,17.58514928,-0.094128213209292,0.3069187543907102,0.0068646653402256,-0.0411761063089108,0.1084293198587995,-0.6097536917318309,1.852343202970324,-0.6770970583066969,4.1084794748927806e-48,-1.3183606103128038e-10,-3.9471522750841636e-48,-2.0809848542751278e-12
3.31,-5.21431569,16.85597785,-0.0910069770288999,0.2941923121257348,0.0081384833563127,-0.0476163619061293,0.1273818016087177,-0.6440255597218577,1.8509049912541065,-0.6898328072771907,1.2957229873977073e-44,-2.076147724922333e-09,-1.2453595516693508e-44,-3.3349245711667396e-11
3.3200000000000003,-4.94231151,16.13588289,-0.0862596085087126,0.281624284146718,0.009716586069229,-0.0543096452204358,0.1578102712916349,-0.6693283314306683,1.8415874292394447,-0.6834104749478768,5.764470305568449e-40,-1.4659595979916388e-08,-5.554992841465146e-40,-2.334376643962844e-10
3.33,-4.56038485,15.43822182,-0.0795937307905677,0.2694478014122314,0.011726520410825,-0.0611520554239883,0.2009934341595995,-0.6842410203552599,1.828686199541521,-0.6610425351796492,1.0207075236904695e-34,-4.568209031194218e-08,-9.870494042703247e-35,-7.043799488948504e-10
3.34,-4.0632212,14.76212825,-0.070916588176835,0.2576477425641686,0.0142895083344958,-0.0680486452974157,0.2562987923670832,-0.6896589873427597,1.8168524327455,-0.6272865223011439,1.922818902442072e-29,-7.076636062216654e-08,-1.8650744144250232e-29,-1.032739061210322e-09
3.35,-3.45044938,14.08709657,-0.0602217023543969,0.2458662171928998,0.0175127172179043,-0.0749425906557038,0.3223208883408639,-0.6893945358288253,1.8085437303941971,-0.5891207551920807,1.8169403017894925e-24,-7.309012829154861e-08,-1.7659837757171683e-24,-9.931271042139318e-10
3.36,-2.71396571,13.45058811,-0.0473676374257256,0.2347570488491012,0.0215012017089089,-0.0817260438993373,0.3988484491004621,-0.6783453243633614,1.8038174596602496,-0.5398063110633987,7.670355544454378e-20,-3.4827136318826896e-08,-7.463673804952223e-20,-4.2749629626429734e-10
3.37,-1.85857238,12.81438265,-0.0324382074176272,0.2236531688529361,0.026338063004118,-0.0883579563760515,0.4836861295209211,-0.6631912476714369,1.8029296620013888,-0.4892341484735505,1.1836972494977841e-15,-1.2186728848935886e-08,-1.1520435594828737e-15,-1.3496158998374028e-10
3.38,-0.88224035,12.19172338,-0.0153979989014471,0.2127857144733718,0.0320959006592383,-0.0947820578408439,0.575783765511947,-0.6424101464791313,1.805211828797681,-0.4351640915498965,7.237168535420983e-12,-2.737443368206329e-09,-7.039827544438117e-12,-2.7889462894868272e-11
3.39,0.19206925,11.55573509,0.0033522408043361,0.2016856248087432,0.0387999278002589,-0.1009882777798728,0.6704027141020714,-0.620621993902907,1.811011686716228,-0.3839508853234096,1.4655761018182696e-08,-5.470338248295393e-10,-1.4236194115115572e-08,-5.445305759870389e-12
3.4,1.3646866,10.92304726,0.0238182744278468,0.1906431390379451,0.0464665594004932,-0.1069441234439715,0.7666631600234415,-0.5955845664098807,1.819392137906204,-0.3322045034344596,1.2104670778978332e-05,-8.028366113459157e-11,-1.173364358035147e-05,-8.025742378391352e-13
3.41,2.57011686,10.23493005,0.0448570013680181,0.1786332280838078,0.0550059556190417,-0.1127089618053751,0.8539396218548685,-0.5764838361403775,1.831940934665522,-0.292199314516618,0.0026856434847418,-1.8178275181762304e-11,-0.0025948450687792,-1.755124121656322e-13
3.42,3.8745097,9.58695207,0.0676229511654577,0.1673238788523859,0.0644279301349596,-0.1181961605810422,0.9421974515918148,-0.548719877566716,1.8452829454830832,-0.2436872110251767,0.3519516988364639,-1.874464760494015e-12,-0.338812401208369,-1.5134339724298843e-14
3.43,5.2239285,8.93870968,0.0911747522137686,0.1560099147958887,0.0746544176243589,-0.1233884973477741,1.0226487489399467,-0.5192336766732031,1.8610666674381855,-0.1961097360347578,5.055460928690179,-1.5048493719147098e-13,-4.844531943848215,-6.739419042543706e-16
3.44,6.64346776,8.32957413,0.1159503861620924,0.1453784938574421,0.0856452972823686,-0.1282136842279245,1.0990879658009949,-0.4825186880150536,1.8779500399009048,-0.1421515062719412,6.450766516485751,-5.362412765068266e-15,-6.149619184134661,3.6430429537648974e-18
3.45,7.89975384,7.5866091,0.1378767146050653,0.1324113078567637,0.0970104214164217,-0.1328653790403002,1.1365124134053377,-0.465169481237575,1.9033639261440087,-0.1157326917066807,6.490988815743987,-1.109106652700055e-15,-6.136160464935709,1.2162713045034e-18
3.46,9.26140876,6.95844319,0.1616420762350453,0.1214477444784773,0.1087901432170539,-0.1371520512560865,1.1779721800630336,-0.4286672215785654,1.926983019953665,-0.0671957107174968,6.49854168233665,-2.9997961585484465e-17,-6.091529878687864,-1.5617391145276352e-19
3.47,10.57858656,6.34132631,0.1846311656792206,0.1106770230528426,0.1207949069707852,-0.1410553620872255,1.2004763753731515,-0.3903310831139067,1.954417368063622,-0.0188535598748986,6.499455723777957,-5.214436276509828e-19,-6.027963233048027,-3.356274684006243e-21
3.48,11.82865375,5.72263759,0.2064489540158742,0.0998788678438933,0.1328157522383386,-0.1445799819313392,1.2020845267553697,-0.3524619844113805,1.9863355110276768,0.0267098058704879,6.4995165058769135,-7.195389795780767e-21,-5.947332656814064,1.3458712359823217e-22
3.49,13.00977329,5.13187104,0.227063378848515,0.0895680464357456,0.1446584735039369,-0.1476889685391896,1.1842721265598577,-0.3108986607850427,2.022822397312264,0.0746694284232291,6.499046165300842,-4.499081557326618e-23,-5.84721534083138,3.1581620777832576e-24
3.5,14.14081397,4.59168393,0.2468037626885106,0.0801400027894128,0.1561746220966425,-0.1503177623394617,1.1516148592705802,-0.26287938002722,2.0632109489621437,0.1281638955964609,6.496456362949829,-7.451864096489602e-26,-5.72545913634816,9.694669122662964e-27
3.5100000000000002,15.1502835,4.06439122,0.2644223296855703,0.0709370088781492,0.1671241165409376,-0.1524667408946583,1.0949494444295311,-0.2148978555196597,2.1114742289293136,0.1797485457947656,6.461045063952129,-7.098292603944008e-29,-5.540075437820142,1.2770768700419342e-29
3.52,16.09220082,3.56574023,0.2808618882011313,0.0622339072843198,0.177371763103941,-0.1541162344283679,1.0247646563003638,-0.1649493533709613,2.1654751635936225,0.2318617617712693,5.698246752940332,-3.1165260516251716e-32,-4.72031495659084,7.127326989107318e-33
3.5300000000000002,17.02799443,3.18358444,0.2971945678147551,0.0555640304932598,0.1868903430010184,-0.1551211872885279,0.951857989707767,-0.1004952860160079,2.22183744076413,0.2976568145338322,1.1652342618181422,-1.4172912235585227e-36,-0.9268795648489704,4.134101674788608e-37
3.54,17.92905212,2.88441248,0.3129209912556695,0.050342494761615,0.195617504539663,-0.1554033678036434,0.8727161538644771,-0.0282180515115532,2.2825979244425807,0.3691948435192149,0.0243876022117381,-5.471907621196737e-40,-0.0184641008015232,1.971175986931577e-40
3.5500000000000003,18.68785316,2.56812506,0.3261645677712266,0.0448222378999769,0.2033417112283651,-0.1550452473826043,0.7724206688700899,0.0358120421039081,2.356948777795975,0.4306262290783398,8.572558637574482e-05,-7.94625345090757e-40,-6.055972900976418e-05,3.318631743471926e-40
3.56,19.40159867,2.28272525,0.3386217769420527,0.0398410715309106,0.2100214490098401,-0.1540555173765816,0.6679737781475157,0.0989730006022697,2.437926118882804,0.4898140118893005,1.186904808411392e-07,-8.878708138027902e-37,-7.678079169361426e-08,4.181050486397924e-37
3.5700000000000003,20.09415848,2.08795433,0.3507092258935391,0.0364416776897722,0.2156618231404138,-0.1523578787701053,0.5640374130573731,0.1697638606476351,2.5231769374242776,0.5543091443043466,7.240456728761955e-11,-5.245907884735151e-32,-4.198234650222758e-11,2.762963191500603e-32
3.58,20.70215017,1.87134835,0.3613206827088038,0.0326611901592632,0.2201806077122517,-0.150054873825519,0.4518784571838005,0.23030049445864,2.619622587438959,0.6090513814282761,7.532025479029372e-15,-5.881152051509397e-28,-3.7585677443248166e-15,3.365256761629723e-28
3.59,21.277092,1.69636722,0.3713553106497453,0.029607193311903,0.2235874508712723,-0.1471503585681732,0.3406843159020695,0.2904515257345786,2.720937423088407,0.662829397097771,2.086185583117241e-19,-2.799811197760249e-24,-8.52123494951862e-20,1.7227204095032378e-24
3.6,21.79106501,1.52714589,0.3803258319406311,0.0266537239387991,0.2258576679863387,-0.1437055635787774,0.2270217115066495,0.3444794989395862,2.8298683324854,0.7116865637661252,1.2200075996221674e-24,-2.588501879362666e-21,-3.7238055889992268e-25,1.6902547707885373e-21
3.61,22.23200696,1.327739,0.3880217207782953,0.0231734171571369,0.2269589900388437,-0.1398338848382501,0.1101322052504984,0.3871678740527406,2.946975494722308,0.7526853386564667,8.055266327121889e-30,-3.4602817606340235e-19,-1.5605228996516851e-30,2.364955922130841e-19
3.62,22.60033424,1.09966899,0.3944502445392103,0.0191928445575806,0.226871053786922,-0.1356399107118551,-0.0087936251921746,0.4193974126395139,3.07032419510645,0.7871846334258817,4.151139577183088e-32,-1.0575655346861493e-17,-2.7474959578422854e-33,7.490037541809126e-18
3.63,22.92714085,0.8583609,0.4001540959009914,0.0149812238753817,0.2256302409386045,-0.1311987423973599,-0.1240812848317285,0.4441168314494508,2.936790907259568,0.8175392460150938,2.2469754189782738e-29,-1.2479866053158208e-16,-4.5661748192833054e-30,9.102186349247676e-17
3.64,23.14353146,0.54950641,0.4039308245158903,0.0095906961153138,0.2231756688408317,-0.1266616300127268,-0.2454572097772802,0.4537112384633126,-3.001588571629946,0.839141840033747,7.133747382894417e-24,-2.928882068123319e-16,-5.686806366208536e-27,2.179011899639104e-16
3.65,23.32442642,0.23022677,0.4070880371681538,0.0040182151627317,0.2195721442334608,-0.122082710996807,-0.3603524607371032,0.4578919015919919,-2.6916864605103683,0.8580390680341833,1.1951642879150193e-18,-3.950638364881404e-16,1.2398457167272143e-20,2.988596886914829e-16
3.66,23.44541,-0.11995343,0.4091995989800037,-0.0020935823025605,0.2148510272170437,-0.1175422485684379,-0.4721117016417187,0.4540462428369237,-2.4461242412140147,0.8724911530946046,3.6203897358038897e-14,-2.3561644034777403e-16,5.858930528738082e-16,1.804518576113086e-16
3.67,23.51416751,-0.49421871,0.4103996439149767,-0.008625743714459,0.2090606764482553,-0.1131032398686828,-0.5790350768788461,0.4439008699755134,-2.266422942961443,0.8832954099494298,1.899107069470188e-10,-7.246647296282571e-17,3.661523090316216e-12,5.60009778006202e-17
3.68,23.53637544,-0.89403723,0.4107872454135291,-0.0156038932989098,0.2022616613158041,-0.1088247351944106,-0.6799015132451409,0.4278504674272356,-2.1360735284699843,0.8903540958081575,2.2693840964088354e-07,-1.1432600254332204e-17,4.7638329989210515e-09,8.886020352481567e-18
3.69,23.5256227,-1.28116675,0.4105995746969182,-0.022360578054575,0.1945370650022746,-0.1047027104612553,-0.7724596313529645,0.4122024733155376,-2.040300430436889,0.8973943455688977,7.487876611232207e-05,-1.767213885493858e-18,1.6540925118797483e-06,1.3813793587558917e-18
3.7,23.48544005,-1.6742689,0.4098982551522417,-0.0292215048687436,0.185974980862105,-0.1007600610463874,-0.8562084140169806,0.3942649414867911,-1.967336816234091,0.9026007642914452,0.0087463681693757,-1.9464956123088408e-19,0.0001998016152117,1.5278297122769956e-19
3.71,23.43159939,-2.04043307,0.4089585583637948,-0.0356122752380759,0.1766856689841807,-0.0969674868410563,-0.9289311877922832,0.3792574205330527,-1.9105816605510015,0.9093341169071272,0.3734597679051744,-2.7998702507639724e-20,0.0087289061561794,2.209306524613942e-20
3.72,23.37900152,-2.36165995,0.4080405523527589,-0.0412187419399846,0.1667975572867863,-0.0932703328399063,-0.9888111697394552,0.3697154001150139,-1.865473127293344,0.919542640288454,3.4752494422615983,-7.519510185705563e-21,0.082544335111485,5.980384854724002e-21
3.73,23.31154526,-2.66891944,0.4068632185146775,-0.0465814316984832,0.1564085927955026,-0.0896639307195517,-1.0388964491283958,0.3606402120354603,-1.8274859920902184,0.9300689306807864,5.992271060914084,-2.078895238702608e-21,0.1440474925091852,1.6665759821921352e-21
3.74,23.25912934,-2.9161063,0.4059483881302156,-0.0508956562731495,0.1456566078655852,-0.0860748452932791,-1.075198492991767,0.3589085426272738,-1.7957541238633128,0.9457304528655897,6.391918588315853,-1.476629975456083e-21,0.1550269327392108,1.1974655232246758e-21
3.75,23.21368966,-3.11066348,0.405155316103163,-0.0542913196475447,0.1346583857302642,-0.0824468581281737,-1.0998222135321158,0.3627987165105408,-1.7680990030793446,0.9656039644743474,6.461746251176827,-2.2024969437648465e-21,0.1578013842178805,1.8114081559348628e-21
3.7600000000000002,23.17560626,-3.25244661,0.404490635382809,-0.0567659020898279,0.1235231706427479,-0.0787286446513997,-1.113521508751654,0.3718213476774156,-1.7433519478845354,0.9894388547180024,6.477934386545665,-6.394409640156673e-21,0.1590591374512681,5.34433519504356e-21
3.77,23.14661776,-3.35475513,0.4039846906125947,-0.0585515226166704,0.1123545309862482,-0.0748937072771859,-1.1168639656499977,0.3834937374213835,-1.7207061997223052,1.0156049603137502,6.479944520453695,-2.5539902908614964e-20,0.1598052703406175,2.17060233097929e-20
3.7800000000000002,23.10105787,-3.41774708,0.4031895205252482,-0.059650939546422,0.1012093007225743,-0.0709189345086774,-1.1145230263674115,0.3974772768508607,-1.6988964268054103,1.0438351509243224,6.4766797351050585,-1.3145621369246627e-19,0.160308853765503,1.136369109355706e-19
3.79,23.05053747,-3.43961699,0.4023077732058236,-0.0600326414830368,0.0901566330322873,-0.066781570670006,-1.1052667690287246,0.4137363838671475,-1.677839791675028,1.0740241614440584,6.4632637996136335,-8.479086600509267e-19,0.1604567686243358,7.455236325137289e-19
3.8000000000000003,22.98826412,-3.46309252,0.4012208982120768,-0.0604423667751875,0.0792490573525958,-0.0625254774106039,-1.0907575679689852,0.4256093259401461,-1.6570508787066138,1.1023779036768906,6.426815111340124,-3.128246603536426e-18,0.1599419086173447,2.7917063236943188e-18
3.81,22.91388755,-3.4725115,0.3999227821792367,-0.060606758988367,0.0685331031452832,-0.0581684297514083,-1.0715954207312757,0.4357047659195668,-1.6362469548056529,1.1303975406900917,6.3201673793845154,-9.211692722631978e-18,0.1575906970241344,8.334034042159496e-18
3.8200000000000003,22.82802743,-3.48778622,0.3984242403890793,-0.0608733531446872,0.0580509172320186,-0.0537570261600894,-1.048218591326481,0.4411403591318992,-1.6151770404911054,1.156660207859582,5.974625309748411,-1.5914605541733838e-17,0.1491855877831807,1.4571537249526786e-17
3.83,22.72790433,-3.52785603,0.3966767626367758,-0.0615727032598358,0.047835276441221,-0.0493624368640595,-1.0215640790797873,0.4394589296029958,-1.5935643897354703,1.180035797104892,4.90273319909508,-1.2443958133042556e-17,0.1225294022095568,1.1507697009283125e-17
3.84,22.61159424,-3.60392787,0.3946467686129848,-0.0629004073358861,0.037911424698035,-0.0450663033606264,-0.9923851743186194,0.429613350343322,-1.571167421407741,1.2000147367750245,2.693703787149644,-3.8514390309105674e-18,0.0673425889946318,3.5902471779059025e-18
3.85,22.49175384,-3.70413247,0.3925551590560779,-0.06464930753153,0.0283192177742832,-0.0409250016979063,-0.9592206923751972,0.4141301662720231,-1.5477511621516151,1.2176028472090463,0.7348472802940555,-5.960354981483009e-19,0.0183652044805774,5.593241634927037e-19
3.86,22.34376953,-3.86622032,0.3899723456052859,-0.0674782741915087,0.0190561661224192,-0.0370450024425437,-0.9263051651864193,0.3879999255362676,-1.5230899383431298,1.2302077804661735,0.1398825271727173,-2.254347637557933e-20,0.0034921935541534,2.1251486872195332e-20
3.87,22.2020074,-4.04733543,0.3874981296821457,-0.0706393291861205,0.0101687670831954,-0.0334582308952318,-0.8887399039224007,0.3586771547311948,-1.496671719320432,1.2406178549525626,0.0178596822763056,-4.3869912598111665e-22,0.0004449947885859,4.1505836135497567e-22
3.88,22.05624033,-4.25815687,0.3849540143696606,-0.0743188574479161,0.001681681151932,-0.0302076094585259,-0.8487085931262093,0.3250621436705415,-1.4680869439267514,1.2478707184218345,0.0017814224190542,-3.1958913769334633e-24,4.424993124567076e-05,3.031096908818725e-24
3.89,21.90689942,-4.49319926,0.3823475237822361,-0.0784211210351727,-0.006384736043115,-0.0273218288076224,-0.8066417195047247,0.2885780650903556,-1.4367833120236888,1.2520002056995074,0.0001404811863716,-8.374694948168155e-27,3.4738991460722205e-06,7.95375163852223e-27
3.9,21.75878902,-4.74191364,0.3797625096457903,-0.082762005863229,-0.0140077144082048,-0.0248088458155496,-0.7622978365090032,0.2512982992072811,-1.4019169121130384,1.2534075230637705,8.371681205010048e-06,-8.466349530962064e-30,2.0571220768247013e-07,8.044520999546679e-30
3.91,21.60920229,-5.00465086,0.3771517286899985,-0.0873476354197657,-0.0211736034600931,-0.0226737567921102,-0.716588905188836,0.2135089023439458,-1.3626769905049223,1.251675543727721,3.853828894562939e-07,-2.5437355919828525e-33,9.387043154129861e-09,2.4156193399125604e-33
3.92,21.42163184,-5.28870904,0.3738780067580511,-0.0923053859279884,-0.027927405071667,-0.0209293006260026,-0.6753801611574043,0.1744456166107663,-1.3205091449892106,1.2456353155154607,2.0364662228954884e-08,-1.1248276413937535e-37,4.904643273324935e-10,1.0660268465644892e-37
3.93,21.25491315,-5.53329437,0.3709682166929394,-0.0965742052385653,-0.0342257894571006,-0.0194942025465757,-0.6298384385433792,0.143509807942687,-1.270532089547246,1.2407156766589642,6.403020576748648e-10,-7.169825999888649e-42,1.517982962934602e-11,6.783683132703723e-42
3.94,21.01894165,-5.80904928,0.3668497370770696,-0.1013870363466059,-0.0401661886298152,-0.0183965664851749,-0.5940399172714746,0.1097636061400872,-1.2204832604481244,1.2301162198579083,3.5745360691843514e-11,-1.3696624034178566e-47,8.321202949238513e-13,1.291123805718346e-47
3.95,20.76251797,-6.05143928,0.3623742995809892,-0.105617539920515,-0.0457677415576763,-0.0175640499900402,-0.5601552927861215,0.0832516495134671,-1.1662423347977098,1.2204565241387135,1.997910631137887e-12,-2.0201201782297711e-53,4.5482427705471546e-14,1.8976805095394758e-53
3.96,20.46837922,-6.26470214,0.3572406099357887,-0.1093396789997347,-0.0510759478807472,-0.0169348580670845,-0.5308206323070028,0.0629191922955684,-1.1108555507055389,1.212210533231936,1.4466475328580118e-13,-3.246582751131776e-59,3.2105932793258527e-15,3.040522501660148e-59
3.97,20.14147076,-6.44994975,0.3515349809561646,-0.1125728597256851,-0.0561271030701889,-0.0164526655752794,-0.5051155189441822,0.0482192491805078,-1.0548510646521527,1.206088130680129,1.305222878548038e-14,-1.477870300791265e-64,2.815702105371347e-16,1.380870907286713e-64
3.98,19.77993624,-6.6067504,0.3452250132225473,-0.1153095473374523,-0.0609589136325383,-0.0160642773012028,-0.4831810562349477,0.038838827407662,-1.0000251624347585,1.2028670659958338,1.5483224678053328e-15,-9.791512620245334e-69,3.2398713916614336e-17,9.137561281914528e-69
3.99,19.36834247,-6.71398418,0.3380413467553511,-0.1171811298678116,-0.0656302458276048,-0.01568912516157,-0.4671332195066597,0.0375152139632789,-0.9518256441819064,1.2059794226346634,3.1417917913085333e-16,-1.8762059431588828e-69,6.3845138621695766e-18,1.7529892478082675e-69
4.0,18.92515356,-6.78828696,0.3303062410675262,-0.1184779580221966,-0.070168578980043,-0.0152780840548832,-0.4538333152438275,0.0411041106686794,-0.9070642346933784,1.2134336345696812,8.207783471580348e-17,-8.169838425367248e-68,1.619154258465699e-18,7.654798234106484e-68
4.01,18.44866827,-6.81544263,0.3219900039197062,-0.1189519138742816,-0.0746024079233473,-0.0147654866871273,-0.4433828943304474,0.0512597367755871,-0.8670346568208321,1.226889572986356,2.8508017309393246e-17,-1.4695492911918733e-63,5.462904366420131e-19,1.383692992835658e-63
4.0200000000000005,17.94566446,-6.79548685,0.3132109312851302,-0.118603619808478,-0.078948367060126,-0.014092106974222,-0.4345959136778788,0.0673379712905384,-0.8302229333928948,1.245687318947953,1.1740975668987717e-17,-4.9125015388247496e-58,2.185005639344464e-19,4.655780152513688e-58
4.03,17.42497788,-6.72396575,0.3041232360931813,-0.1173553411288299,-0.0832090701669127,-0.0131984025157542,-0.42607031067868,0.0893704458467845,-0.794099356927561,1.2693716474741503,4.935979880814798e-18,-4.044481785988174e-52,8.899402078930577e-20,3.862601623300674e-52
4.04,16.92348739,-6.57636755,0.2953705758752417,-0.1147792665688128,-0.087332703629335,-0.0119953132038722,-0.4123633462422328,0.1203089311881977,-0.7465573293478455,1.2990559898432503,1.1305722740343558e-18,-8.614026899004899e-46,1.943960184387281e-20,8.298811356882917e-46
4.05,16.35411468,-6.39962465,0.2854331474147388,-0.1116945210342897,-0.0914018638195839,-0.0104730859455479,-0.4069160190248321,0.1522227258324022,-0.7179212140052225,1.3291150806483183,6.646371338087541e-19,-9.7310810940067e-41,1.1062245508300231e-20,9.449102230713735e-41
4.0600000000000005,15.80488662,-6.15693879,0.2758473094233978,-0.1074588537292557,-0.0953618464788682,-0.0085707740217566,-0.3959982659284323,0.1902311923791426,-0.6768025308923123,1.361766071909339,2.0399983958535088e-19,-6.295307994509547e-36,3.2187267507467628e-21,6.158706158080674e-36
4.07,15.25739708,-5.8387716,0.2662918143301687,-0.1019057886919373,-0.0991905639687372,-0.0062213566964149,-0.3828717489869111,0.2349417325341658,-0.6302320607707119,1.3963726630616902,4.686869379285683e-20,-2.336320195346099e-31,6.875021581399408e-22,2.300988085122809e-31
4.08,14.71073994,-5.44734433,0.2567508473576331,-0.0950740940483445,-0.1028699807945686,-0.003370131343309,-0.3679416825831458,0.2851225353106015,-0.5787547007937339,1.431715466492988,8.298627871243408e-21,-3.681352035502071e-27,1.1044451997794693e-22,3.645927415283657e-27
4.09,14.15641817,-4.98702707,0.2470761073556503,-0.0870400422575857,-0.1063971490333736,2.2760037266577982e-05,-0.3527168238805103,0.3392891380575691,-0.5261117163341625,1.4669128741745734,1.3482501624789474e-21,-2.194882255910324e-23,1.6080804390468182e-23,2.1830919252635865e-23
4.1,13.59110364,-4.44823232,0.2372095074977861,-0.077636299877626,-0.1097752815267534,0.0040039252698368,-0.3378132493379901,0.3981165232570333,-0.4741352986164541,1.5018014745046946,2.1710937601044853e-22,-6.524115236238169e-20,2.3392495728689504e-24,6.508649910083437e-20
4.11,13.0286671,-3.83117831,0.2273931380412613,-0.0668666757404919,-0.1129877213882929,0.0086113151896942,-0.321243986153953,0.4607389919857569,-0.4172158950934194,1.5360251607157922,2.6362458320464652e-23,-9.760090116240715e-17,2.6446529686574207e-25,9.754212470293817e-17
4.12,12.44633933,-3.13716546,0.217229601128965,-0.0547538664568424,-0.1160540389219852,0.0138730812866739,-0.3066317533692307,0.526176609697972,-0.3661164729457751,1.5693997504990354,3.9561588830058905e-24,-7.53416662641024e-14,3.948013508374151e-26,7.534159306395195e-14
4.13,11.84742008,-2.36764625,0.20677648826289,-0.0413232225849967,-0.118988181444654,0.0198079751234604,-0.2934142522668422,0.5934893836785625,-0.3196107862259574,1.6018775845132749,6.9188654370538015e-25,-3.1307515266481856e-11,6.884556380312254e-27,3.129245043876411e-11
4.14,11.22453781,-1.53835274,0.1959051417990936,-0.0268493203700762,-0.1218146554750208,0.0264049198593331,-0.282647403036682,0.6596944735872806,-0.2812183622139592,1.6335156095839862,1.6784730149164905e-25,-6.2724338272689395e-09,1.5837442157758766e-27,6.2601462218832e-09
4.15,10.60699903,-0.6043744,0.1851270568293448,-0.0105483231947652,-0.1245131328007848,0.033715159638038,-0.269847732576402,0.7310239778705113,-0.2371763976216766,1.664209813279334,2.914419167557699e-26,-1.0778653850618709e-06,2.250196277828255e-28,1.0731829894804008e-06
4.16,9.96742268,0.37544599,0.1739643437039571,0.0065527686889097,-0.1271063605146933,0.0416934048772104,-0.2593227713908547,0.79782452391725,-0.2009053345130348,1.6944670787011855,6.960298557625107e-27,-8.667374743411543e-05,3.449691304497829e-29,8.601410683287824e-05
4.17,9.31853938,1.4102125,0.162639193657751,0.0246128512777805,-0.1295969346458506,0.0503066635360423,-0.2490574131157383,0.8613258658832165,-0.1661477655557636,1.7243218941122904,1.6963185099569463e-27,-0.0040550029096179,2.2001576614722986e-30,0.0040074707620731
4.18,8.67546367,2.4959966,0.1514154051786508,0.0435633587885838,-0.1319654711491274,0.0595141894798538,-0.2368536503276836,0.9207525943811692,-0.1260813072149306,1.75392549128399,2.9664979489053107e-28,-0.1141904285559061,-3.638724441081519e-31,0.1122872642401271
4.19,8.02960127,3.60585587,0.1401429797838182,0.0629340572838646,-0.1342077160612409,0.0692344637663651,-0.2242244912113603,0.972027428651148,-0.0854677955675469,1.7838093119368117,4.694358119173143e-29,-1.400787210711157,9.753826285240246e-32,1.369225966584433
4.2,7.40275206,4.73794759,0.1292023971557928,0.0826927852324303,-0.136288301593233,0.0793862782210844,-0.2080585531992129,1.015181445471953,-0.0347764298724711,1.814058340971576,3.96884086298061e-30,-4.628882969671057,3.239124050034949e-32,4.492998207023294
4.21,6.78865661,5.86700783,0.1184844096317766,0.1023986038737877,-0.1381851829285695,0.0898547288355058,-0.1896881335336173,1.0468450614419758,0.0216316500718192,1.8452550639211915,2.173289561661048e-31,-5.994270714668759,-3.125901102863616e-33,5.770533782926464
4.22,6.20847956,7.00294884,0.1083584098647688,0.1222245146067175,-0.1398480814214855,0.1005467977288497,-0.1662898492916017,1.069206889334407,0.091895469254537,1.8771710183047257,4.6101742205481525e-33,-6.321299249392163,-4.1716327859222735e-34,6.027680903256498
4.23,5.60245478,8.01680866,0.0977812821050945,0.1399197066193946,-0.1413210173930139,0.111185279049774,-0.1472935971528508,1.063848132092456,0.1472679821966852,1.9133321069792544,2.0310843450501795e-34,-6.283108447067203,-3.0292003682425736e-35,5.918922958347197
4.24,5.06696476,9.05470128,0.0884352181445242,0.1580343501205449,-0.1425029104885709,0.1217321954961458,-0.1181893095557021,1.054691644637207,0.229904806512923,1.949463248542045,1.5402845088322298e-36,-6.189748377487067,-3.4939821261706787e-37,5.752124884318772
4.25,4.52298482,9.98207243,0.078940977126723,0.1742200300760512,-0.1434202042777696,0.1319547662150724,-0.0917293789198683,1.0222570718926762,0.3017526648934092,1.990130282305289,2.326667162505478e-38,-5.327525436687315,-6.878379433796854e-39,4.866714643108182
4.26,4.07106487,10.91670468,0.0710534860437749,0.1905324401338739,-0.1439501335754202,0.1418158085576499,-0.0529929297650566,0.986104234257769,0.401692492269356,2.0311652024407163,1.2688535512975715e-40,-2.9456027342006084,-4.959319757852806e-41,2.6393377081303333
4.2700000000000005,3.58398418,11.69265904,0.0625523242803891,0.2040753985610793,-0.1441713119544614,0.1510389487039959,-0.0221178379041263,0.9223140146346206,0.4758735337263353,2.07966323080397,1.0219533220482052e-41,-0.2136352049731797,-4.6860802106132726e-42,0.1865922795223928
4.28,3.17336219,12.42916889,0.0553856185737978,0.2169299204169489,-0.1439926775873058,0.1595514948439999,0.0178634367155653,0.8512546140004171,0.5650261391500955,2.130757252926482,7.866106139557326e-42,-0.0049027069520849,-4.214128734599541e-42,0.0041543532882219
4.29,2.76472488,13.06264378,0.0482535520678051,0.2279861429761578,-0.1434439096892473,0.1671980787002486,0.0548767898058478,0.7646583856248859,0.6406458705233008,2.1882014111380417,1.3490100120184098e-40,-3.1142802524612006e-05,-8.063330125245317e-41,2.539421380395541e-05
4.3,2.37011378,13.63243494,0.0413662891078885,0.2379308747669156,-0.1425369664700832,0.173900609262898,0.0906943219163955,0.6702530562648336,0.7079350251567135,2.2504121245818904,1.585321313772156e-38,-6.794991726177622e-08,-1.0306866413176475e-38,5.2849637385289764e-08
4.3100000000000005,2.00968694,14.12464436,0.0350756540373297,0.2465215497552472,-0.1412555026781913,0.179573773220443,0.128146379189195,0.5673163957545118,0.7724240669001894,2.3189361910663915,6.805694583998096e-36,-3.4745371515802326e-11,-4.748555581371787e-36,2.5462957360371382e-11
4.32,1.66153277,14.5237605,0.0289992174662816,0.2534874404960979,-0.139619645924968,0.1841238937500216,0.1635856753223343,0.4550120529578719,0.8287190111692121,2.395883845179402,2.7645641625628338e-33,-2.293648171476038e-15,-2.0373746849880013e-33,1.5558956518319012e-15
4.33,1.33028393,14.88855734,0.0232178345648697,0.2598543464549688,-0.137643492065969,0.1875598798077351,0.1976153858998978,0.3435986057713603,0.8789421241771755,2.476823336964342,7.909674459693533e-31,-2.799790711430148e-20,-6.090527291997667e-31,1.726973607084806e-20
4.34,1.01891222,15.2163143,0.0177833730278048,0.2655747845532962,-0.135337982026248,0.1898938027088333,0.2305510039721119,0.2333922901098289,0.9243857914255944,2.561891651969184,1.4656436442621192e-28,-5.406551441598313e-26,-1.169946667686133e-28,2.962853167774039e-26
4.3500000000000005,0.72464479,15.51240271,0.0126474374929228,0.2707425021847911,-0.1327195993238278,0.1911524831526821,0.2618382702420264,0.1258680443848746,0.9651596318176764,2.650207747291729,1.5750375609535232e-26,-6.20115818211943e-32,-1.2949652909193895e-26,2.9287702049477084e-32
4.36,0.44813589,15.79110584,0.0078214467768551,0.2756067894389049,-0.1298047180201775,0.1913892016141466,0.2914881303650342,0.0236718461464507,1.0019980511112538,2.739403466734548,1.0189768189486468e-24,-1.1847348971194152e-35,-8.586149329276118e-25,4.6360373867158326e-36
4.37,0.188303,16.05907004,0.0032865073413828,0.2802836470063775,-0.1266120701200096,0.1906698231456006,0.3192647900167918,-0.0719378468546015,1.035288563528717,2.827681079316016,4.0396128497103096e-23,-1.8705566042521247e-34,-3.474517288109706e-23,5.748823224231494e-35
4.38,-0.05348706,16.32368934,-0.0009335253042117,0.2849021250557001,-0.1231587917356322,0.1890723707561989,0.3453278384376925,-0.1597452389401454,1.0656935112906594,-2.5249577544370725,1.0579435414498762e-21,-3.1157420949533475e-30,-9.25959832080791e-22,-4.461252775280613e-32
4.39,-0.28162509,16.58914218,-0.0049152850767253,0.2895351511224698,-0.1194689574850543,0.1866807035471828,0.3689834250577973,-0.2391667209016147,1.093106776873085,-2.3580980412096,1.7606313734267814e-20,-8.195132925927746e-26,-1.5637784025952856e-20,-1.4629096829506846e-27
4.4,-0.49118334,16.85792847,-0.0085727665139427,0.2942263568671901,-0.115559034284227,0.1835809547849281,0.390992320082735,-0.3099748762254755,1.1184910239931023,-2.239074514911794,2.1407977355163552e-19,-4.401921019032545e-22,-1.925822161430481e-19,-8.65622611974654e-24
4.41,-0.67922662,17.13852168,-0.0118547408861923,0.29912363224043,-0.1114413594268757,0.1798695392647095,0.4117674857351376,-0.3711415520218693,1.1423777205444106,-2.153227208546507,2.0559190906756583e-18,-3.8059574504781307e-19,-1.870407009711092e-18,-7.909576326959513e-21
4.42,-0.87067676,17.40201171,-0.0151961761825964,0.3037224008101086,-0.107165613355755,0.1755964702057738,0.4275746071120808,-0.4273069058935715,1.1626844414775046,-2.085238059736488,1.0592185329246433e-17,-1.1067804770761768e-16,-9.723787604985797e-18,-2.389514531736476e-18
4.43,-1.04176447,17.67177835,-0.0181822200317936,0.3084307168901509,-0.1027432621049921,0.1708460454398714,0.442235125076294,-0.4750424765902584,1.1820620120921093,-2.032825428683618,4.638125595412942e-17,-9.336584540483924e-15,-4.292730940818402e-17,-2.0700081071660136e-16
4.44,-1.20845813,17.9328427,-0.0210915732409936,0.3129871493572297,-0.0982095007173632,0.1656767816931186,0.4533761387629023,-0.516926374675286,1.1993158991530286,-1.9897899916863784,1.3605648324658743e-16,-3.515641708372599e-13,-1.2679511916641675e-16,-7.95247001412591e-15
4.45,-1.36588667,18.1842203,-0.0238392196006012,0.317374516142991,-0.0935901596430834,0.1601438177119303,0.4619341074279902,-0.5532963981188472,1.215148290281521,-1.9536192885993109,3.010869339604801e-16,-6.827549385919871e-12,-2.8228595111751124e-16,-1.568749939891052e-13
4.46,-1.52051645,18.41602921,-0.0265380183832357,0.3214203448579502,-0.0889190812771761,0.1542856878570135,0.4671078365906569,-0.585812985491585,1.2292827993741258,-1.9218722625440945,4.680059481708439e-16,-8.491818518336324e-11,-4.410393987738079e-16,-1.9762352561080533e-12
4.47,-1.68272136,18.636932,-0.0293690281256368,0.3252758258702918,-0.0842429711322648,0.1481528002418771,0.4676110144911458,-0.6132887615136465,1.241212154014796,-1.8942396190720583,4.507555238876728e-16,-6.485804740126704e-10,-4.265517386524171e-16,-1.5251317693070298e-11
4.48,-1.8253517,18.80468694,-0.0318583971718757,0.3282037019097774,-0.0795644813700959,0.1417310111723952,0.4678489762168977,-0.642178906948204,1.253109031813191,-1.8671292596574545,4.2438302650662637e-16,-5.153471947241369e-09,-4.031990090988789e-16,-1.2233754129691946e-10
4.49,-1.97994334,18.98255845,-0.0345565302859335,0.3313081454047714,-0.0749327065928724,0.1351027666982981,0.4631774777223542,-0.6628244474097325,1.2628376953691265,-1.8443389030448647,2.403234163732361e-16,-2.112530007338721e-08,-2.290456896982887e-16,-5.052218871212345e-10
4.5,-2.13501749,19.10213669,-0.0372630847881651,0.3333951794065113,-0.0703752850376769,0.1282441867814194,0.4557421555195673,-0.6858579916878834,1.2713846660233483,-1.8212793601482105,1.0109542068917671e-16,-9.948157879891178e-08,-9.660929530994452e-17,-2.3957869564575343e-09
4.51,-2.28227218,19.20021982,-0.0398331639676686,0.335107052965673,-0.0659047205689978,0.1211893619996958,0.4470564468679159,-0.7054824781723684,1.2794119090171854,-1.7999566454970282,3.6682669538554376e-17,-3.572564479655424e-07,-3.5140459165131093e-17,-8.655079057842483e-09
4.5200000000000005,-2.41908699,19.27586858,-0.0422210328676591,0.336427372902724,-0.0615279792308319,0.1139695662610804,0.4376741338165932,-0.7219795738615615,1.2871507519063763,-1.779997371878791,1.210414573100562e-17,-1.0148359084597678e-06,-1.1621782255351884e-17,-2.4712500985677792e-08
4.53,-2.55033219,19.34829139,-0.0445116937350976,0.3376913893907702,-0.0572579818681787,0.1066429733313899,0.4269997362653301,-0.7326592929690613,1.2943211377083113,-1.7618775160947031,3.3712179816377043e-18,-1.9303833813845525e-06,-3.2435411932363946e-18,-4.7209125356062257e-08
4.54,-2.6877939,19.35584488,-0.0469108531700192,0.3378232226612867,-0.0531232233110513,0.099172780711277,0.4134758557127552,-0.7470192620113065,1.3001926368601815,-1.7430386836788012,6.504000783023456e-19,-4.668677774421259e-06,-6.267974550329365e-19,-1.146420538337968e-07
4.55,-2.78978039,19.42753852,-0.0486908532130714,0.3390745127320262,-0.0490872313871221,0.0917165382748148,0.4035991923928506,-0.7456242436461078,1.3075982982888763,-1.7277950750159243,1.86147476559248e-19,-3.999095421369669e-06,-1.797551796998007e-19,-9.849515670400425e-08
4.5600000000000005,-2.90230308,19.44716857,-0.0506547446367723,0.3394171217368573,-0.0451839253811385,0.0842471376044548,0.3903306005983674,-0.746940067036015,1.313476837080645,-1.7119180846398818,3.3811556114312694e-20,-4.115776643058255e-06,-3.2701513762579873e-20,-1.0165745639752173e-07
4.57,-3.00512943,19.47709093,-0.0524494030020804,0.3399393654388244,-0.0414135311398556,0.0768318041539588,0.3770394241283021,-0.74153334504961,1.3192324816107102,-1.697194152870074,5.787044373039098e-21,-2.725116021951105e-06,-5.605420617391098e-21,-6.746890902895538e-08
4.58,-3.07912296,19.5497689,-0.0537408337257536,0.34120783530899,-0.0377470704335508,0.0695795646234965,0.3666460706304915,-0.7252239530462489,1.3261688632335948,-1.6841257678697936,1.3795539455748009e-21,-8.629866194421174e-07,-1.3386019978666734e-21,-2.1406497664974067e-08
4.59,-3.16472563,19.60702962,-0.0552348821657518,0.3422072234050526,-0.0342170350178789,0.0625033717632487,0.3530035415671982,-0.7076192860247963,1.3316045993827144,-1.6710135991272967,2.01095408967806e-22,-2.4393667640194764e-07,-1.9538718683435112e-22,-6.0611652187147994e-09
4.6000000000000005,-3.24047559,19.71814424,-0.0565569683760058,0.3441465393711549,-0.0308205212386342,0.0557159101748836,0.3396513779244745,-0.6787461588365267,1.3370155255273046,-1.6592443619364303,2.841949411997159e-23,-2.9593495127021522e-08,-2.7648734197696025e-23,-7.363112660226944e-10
4.61,-3.31969512,19.82496667,-0.0579396100063882,0.3460109424896361,-0.0275736143035325,0.0492326287968524,0.3246906935101764,-0.6483281378031287,1.3415315777328507,-1.6473772175229662,2.9135752962593034e-24,-2.9180089217999315e-09,-2.837568897270868e-24,-7.26891844069909e-11
4.62,-3.4010602,19.98089827,-0.0593596985485368,0.3487324623175389,-0.0244880372728558,0.0431441709553861,0.3085577030676804,-0.6088457841466435,1.3452563889499984,-1.6362940427358543,2.2279391724726244e-25,-1.237832417740721e-10,-2.171685407430173e-25,-3.086471093423704e-12
4.63,-3.49889404,20.15789602,-0.0610672211764061,0.3518216558236607,-0.0215945281095261,0.0374893943193189,0.2893509163329212,-0.565477663606635,1.3471788458689875,-1.6253047060782908,8.799575934467763e-27,-3.029023314438646e-12,-8.581151562838254e-27,-7.558799662392437e-14
4.64,-3.62774197,20.35917414,-0.0633160417892853,0.355334621729885,-0.0189413229689298,0.0323055081387223,0.2653205140596295,-0.518388618059671,1.346104082550721,-1.6143091754598355,1.1393305836898866e-28,-3.8705346760009244e-14,-1.1107784226073043e-28,-9.665123909409e-16
4.65,-3.75975687,20.56785432,-0.0656201364559764,0.3589767779545393,-0.0165297744320861,0.0275983611226622,0.2411548536843783,-0.4707147016060155,1.3438684751443426,-1.6028962492486771,9.519311446420199e-31,-3.076524548063341e-16,-9.275999621743236e-31,-7.686457754267049e-18
4.66,-3.93703803,20.75607417,-0.0687142763997313,0.3622618340546493,-0.0144215047040494,0.0233288932448994,0.2108269728036767,-0.4269467877762886,1.3367171975190628,-1.5905700347827585,1.1479076582426389e-33,-2.3118997789126093e-18,-1.1166962657232853e-33,-5.77836474272324e-20
4.67,-4.14324703,20.95433792,-0.0723133023969762,0.3657221892795002,-0.0126466393720887,0.0195031392644205,0.1774865331960764,-0.3825753980479041,1.3250105004420425,-1.5774850624427288,2.1191836977793664e-37,-9.482982393140611e-21,-2.0556812847976954e-37,-2.370680591110336e-22
4.68,-4.36728428,21.12273437,-0.0762234900565899,0.3686612617806701,-0.0112139933591727,0.0160647328449877,0.1432646012915994,-0.3438406419432844,1.3087110742207313,-1.563196666777659,4.854868254137619e-42,-4.5128244794747623e-23,-4.689552136422019e-42,-1.128166184226001e-24
4.69,-4.63873186,21.22880295,-0.0809611440741606,0.3705125077345851,-0.0101727943324903,0.0129115807423138,0.1041199026682457,-0.3153152102673957,1.2823628071373403,-1.547806116879497,6.205143810685858e-49,-5.866097335406057e-25,-5.949493387972639e-49,-1.466049435352629e-26
4.7,-4.92578006,21.30020392,-0.0859710802760838,0.3717586897502029,-0.0095183877156505,0.0099889359706188,0.0654406616839822,-0.2922644771695037,1.2468049254760818,-1.5316086038396863,6.8014057046946565e-59,-1.301338478964454e-26,-6.448393507780421e-59,-3.25028763240414e-28
4.71,-5.23894161,21.30440943,-0.0914367804142326,0.3718320897464284,-0.0092592295463671,0.0071972454272871,0.0259158169283333,-0.2791690543331279,1.1961130357394434,-1.5155124151913042,6.244735046256703e-78,-1.2986471311181274e-27,-5.812369809182038e-78,-3.240550380879426e-29
4.72,-5.56995474,21.25234445,-0.0972140494000647,0.3709233844204433,-0.0093880418682673,0.0044605838413978,-0.0128812321900233,-0.2736661585889341,1.1252839405946369,-1.5001089684203868,8.637412151034362e-90,-4.751735363562527e-28,-7.795531004152406e-90,-1.1843097147265459e-29
4.73,-5.90970071,21.08529361,-0.1031437351969465,0.3680077972442211,-0.0098819410597112,0.0016228005437621,-0.0493899191443879,-0.2837783297635785,1.028862943850701,-1.4877648352981694,8.336758928367314e-65,-2.898877201174609e-27,-7.143020893057892e-65,-7.216731668372721e-29
4.74,-6.24426815,20.8530053,-0.1089830385949151,0.3639536014208279,-0.0106968727002752,-0.0013850741125249,-0.0814931640564014,-0.3007874656287166,0.9065802400113416,-1.4772238293499762,3.58463907824645e-54,-5.322679304392567e-26,-2.8224618792955646e-54,-1.3235766741033838e-27
4.75,-6.56842067,20.53998271,-0.1146405673475519,0.3584903265922076,-0.0117825088280717,-0.0046476358765967,-0.1085636127796561,-0.3262561764071834,0.7628952895363308,-1.4688643872788902,5.2999141045366656e-48,-3.112099873832196e-24,-3.661574452496984e-48,-7.731097534839283e-26
4.76,-6.87062949,20.14760885,-0.1199151062851188,0.3516421108364483,-0.0130738824324757,-0.0082383573060917,-0.1291373604404033,-0.3590721429495144,0.6203241684929794,-1.462194187487459,2.993818005989364e-44,-3.781924660330123e-22,-1.740536803225917e-44,-9.387080062719133e-24
4.7700000000000005,-7.13860676,19.68485805,-0.1245921919671246,0.3435655857602105,-0.0144919881115741,-0.0122088428319827,-0.1418105679098369,-0.397048552589102,0.5141288708362163,-1.4564156324457576,3.2444578678568004e-42,-5.825792427011133e-20,-1.596961876497907e-42,-1.444886068778422e-21
4.78,-7.36416778,19.15718225,-0.1285289744302814,0.3343559056671155,-0.0159515894417763,-0.0165954833993206,-0.1459601330202248,-0.4386640567338071,0.4699989073010878,-1.4510066195199325,1.4240814016637195e-41,-8.610817510827868e-18,-6.45532020936722e-42,-2.133978703880297e-19
4.79,-7.53715367,18.57548722,-0.1315481477702741,0.3242034121511282,-0.0173594624645218,-0.0214124686293911,-0.1407873022745544,-0.4816985230070523,0.499283868099979,-1.44542778290825,2.5404819945413665e-42,-9.399653994341193e-16,-1.2175127908111945e-42,-2.3275473937310798e-17
4.8,-7.64794241,17.95265394,-0.1334817760574101,0.3133329207241325,-0.0186165409365346,-0.026650661391853,-0.1257078472012564,-0.5238192762461115,0.5949941397311163,-1.439258013010602,1.0389151205301419e-44,-6.31037908038918e-14,-5.824993995470626e-45,-1.5610851358360085e-15
4.8100000000000005,-7.6874137,17.29853619,-0.1341706800279196,0.3019164122908954,-0.0196198688692937,-0.0322840816262764,-0.1003327932759191,-0.5633420234423496,0.734138758254844,-1.43229045358853,1.9610644144410955e-49,-2.438486701671728e-12,-1.3135367485922686e-49,-6.025582798427283e-14
4.82,-7.6512391,16.6248583,-0.1335393141523276,0.2901585150125072,-0.0202707233342512,-0.0382687686549261,-0.0650854464957481,-0.5984687028649844,0.8835187568939179,-1.4243056254236124,3.1064990104623862e-58,-5.1202321842366185e-11,-2.401095768150292e-58,-1.2634958664919765e-12
4.83,-7.52432022,15.94700566,-0.131324161813384,0.2783277546011714,-0.0204591332780474,-0.0445392402576337,-0.0188409943796243,-0.6270471602707719,1.0234707551464588,-1.41498858702883,1.0598692652252495e-77,-5.402121214394199e-10,-9.051416937116663e-78,-1.3308049149078815e-11
4.84,-7.30208312,15.27048031,-0.1274453926983002,0.2665201597704644,-0.0200811028649655,-0.0510252896434984,0.0378030413081914,-0.6486049385864862,1.1402591792589358,-1.4043119140852711,2.4431498592222422e-68,-3.0124059762079462e-09,-2.220541065590008e-68,-7.405753277088924e-11
4.8500000000000005,-6.98018736,14.60082092,-0.1218272518380907,0.2548323985480676,-0.0190391986517643,-0.0576528318181235,0.1041904213201259,-0.6627542174625213,1.23277067573316,-1.3921790463421244,1.1506146213734719e-48,-9.170417130902762e-09,-1.0856522488237904e-48,-2.2488490953939048e-10
4.86,-6.5536996,13.94334709,-0.1143836362066353,0.2433573154688701,-0.0172418256024479,-0.0643450818120437,0.1797373049316469,-0.6692249993920398,1.3051343222996052,-1.3784308850750409,4.408379461370249e-37,-1.5539306038670868e-08,-4.254162515266247e-37,-3.7991569994134715e-10
4.87,-6.01365809,13.30438032,-0.1049581337596934,0.2322052415215368,-0.0145974758571281,-0.0710218613620476,0.2644349745319773,-0.6676779550004039,1.362420214860084,-1.36278984032967,9.159961096382397e-29,-1.4568846513947844e-08,-8.96243744655494e-29,-3.5487350235411354e-10
4.88,-5.36147989,12.68358375,-0.0935754768599634,0.2213702973899493,-0.0110306313236361,-0.0776102290320143,0.3566844533491515,-0.6588367669965661,1.4080515566684038,-1.3451499913231584,2.738427331864782e-22,-7.969516012829455e-09,-2.7023643580698514e-22,-1.9325421403382132e-10
4.89,-4.5943226,12.08340667,-0.0801860562687864,0.2108952312489439,-0.0064746994627274,-0.0840403029042864,0.455593186090877,-0.6430073872272192,1.44516856233945,-1.3252036650317809,5.545835593881604e-17,-2.556304623792422e-09,-5.5022834755451554e-17,-6.16494758789693e-11
4.9,-3.71450222,11.49636176,-0.0648302938116387,0.2006493647123701,-0.0008793174022651,-0.0902600790609988,0.5595382060462413,-0.6219776156712563,1.475928062116591,-1.303052777817563,1.601133247197836e-12,-5.344710727834349e-10,-1.5939595088937673e-12,-1.280520916959486e-11
4.91,-2.71902529,10.93677712,-0.0474559437554936,0.190882770300783,0.0057984500072743,-0.0962022949360073,0.6677767409539606,-0.5942215875008596,1.5020523776144632,-1.2775436076214417,1.1099319780259082e-08,-6.183653470930761e-11,-1.1073199944425616e-08,-1.4694443034364939e-12
4.92,-1.63055596,10.38026286,-0.0284585701400169,0.1811697641294832,0.0135567523355261,-0.1018429861507009,0.7758302328251965,-0.5640691214693719,1.524485944424819,-1.249744953579095,2.016330005242984e-05,-5.34339019074601e-12,-2.0141762256691912e-05,-1.257580621493531e-13
4.93,-0.43901045,9.85154418,-0.0076621778031619,0.1719418823466849,0.0224008214316782,-0.1071259748892004,0.8844069096152372,-0.5282988738499668,1.5443511143875084,-1.2174174082559817,0.0141753811380369,-2.479674781663672e-13,-0.0141704430902042,-5.765584886996085e-15
4.94,0.80467843,9.30597957,0.0140442880232787,0.1624199836198261,0.0322527613922188,-0.1120677085584851,0.9851939960540756,-0.4941733669284806,1.5621279364224443,-1.1836947777882274,2.1294055983016578,-1.1255683570120394e-14,-2.129325894225764,-2.581565530300852e-16
4.95,2.1053273,8.76591833,0.0367448932171224,0.1529941368194228,0.0430409443571005,-0.1166527882184137,1.0788182964881912,-0.4585079659928673,1.578518695998924,-1.1463704463659858,6.362300967743486,-3.6410867295127223e-16,-6.362111968086573,-8.21611010321042e-18
4.96,3.47067783,8.24978267,0.060574755409472,0.1439858701654688,0.0547042717702969,-0.1208425246695512,1.1663327413194606,-0.418973645113686,1.5939582898050868,-1.10269497082564,6.4971962193386,-6.163893878695285e-18,-6.495459986197637,-1.3625576309088025e-19
4.97,4.78015871,7.67411356,0.0834295082573848,0.1339385487939434,0.0670034201935387,-0.1247265329063332,1.2299148423242074,-0.3884008236782088,1.6089706890376123,-1.063121702782414,6.4998063699076125,-2.2005100052739384e-19,-6.495088482109032,-4.767808853711308e-21
4.98,6.09208197,7.1019519,0.1063268886778824,0.123952443973267,0.0798000572038656,-0.1282965224504964,1.279663701032711,-0.3569989544163217,1.6237984505109395,-1.0196658623241004,6.49997393972873,-5.821779344435552e-21,-6.490879812086912,-1.2319820237196768e-22
4.99,7.36989471,6.51339611,0.1286289282148126,0.1136802076060907,0.0929101114688993,-0.1315761831430809,1.3110054265034006,-0.3279660692584605,1.6388375914196798,-0.9755150638246648,6.499992443961898,-1.6777102032670596e-22,-6.4850071375656215,-3.4598243995683224e-24
5.0,8.57570219,5.90248438,0.1496742388859883,0.1030177864785361,0.1061069652245342,-0.1345978887485521,1.319685375563515,-0.3021705605471251,1.6545675536591828,-0.9323700397027146,6.49999475881671,-6.1757858528498205e-24,-6.477283628605191,-1.2393134663763034e-25
5.01,9.69510019,5.26804411,0.1692114196262278,0.0919447148597943,0.1191611138997812,-0.1373947143197237,1.3054148675247377,-0.2796825571171616,1.6714092271774257,-0.8912698016289449,6.499991382295409,-3.114252928808505e-25,-6.467237533802432,-6.0754295887795086e-27
5.0200000000000005,10.73788684,4.61853654,0.1874114800645695,0.0806086692466667,0.1318775513822376,-0.1399860224794099,1.2716437482456593,-0.2591308159686278,1.6896414053882511,-0.8510243000815001,6.499969905249191,-1.857838262204752e-26,-6.454282659590247,-3.51627505159053e-28
5.03,11.66387003,3.96394548,0.2035729355481897,0.069183899995547,0.1440209270711074,-0.1423762489063626,1.2143375688870122,-0.2390226426952769,1.710174591693975,-0.8096167312395225,6.499721857686593,-1.0760512123191848e-27,-6.436909443605666,-1.967462909528672e-29
5.04,12.49594122,3.30503813,0.2180953174246771,0.0576837972724563,0.1554131671831079,-0.1445696334005526,1.139224011200073,-0.2193384494190061,1.733407753974016,-0.7670667687363786,6.493948696281374,-6.104811213734141e-29,-6.4085682287777335,-1.0723607736366002e-30
5.05,13.22872075,2.64795084,0.2308847329143936,0.0462154605889495,0.1658884663548093,-0.1465623400641675,1.047529917169976,-0.1992706663614584,1.7603262043860852,-0.7218348546699016,6.173928408425125,-3.018586833801152e-30,-6.063729891947684,-5.047569678909917e-32
5.0600000000000005,13.86040436,1.99030736,0.2419096917397774,0.034737416558676,0.1752986956754877,-0.148355639527778,0.941022932067862,-0.1793299463610519,1.7922975165444417,-0.6747771636525314,0.6562729999549385,-1.4341967642210982e-31,-0.6402887077279708,-2.2564008252002214e-33
5.07,14.4117476,1.36878061,0.2515324465863907,0.0238897283819564,0.1835460766624488,-0.1498982569418847,0.8247380986961242,-0.1542617414106722,1.830656312430078,-0.6137826086674057,0.0014239030688199,-2.7829322121137738e-33,-0.001376232788565,-3.9639591673969714e-35
5.08,14.88755832,0.77373816,0.2598369102666756,0.0135042784403226,0.1905562638669214,-0.1511590104832548,0.7010187204472701,-0.1260753541370145,1.877825711837349,-0.5411157624582472,7.471223653774485e-07,-3.2963730219617367e-35,-7.122717731695401e-07,-4.05739308389357e-37
5.09,15.30446938,0.21529236,0.2671133809516552,0.0037575605363889,0.1962942590424557,-0.1520964222565797,0.5737995175534427,-0.0937411773324895,1.9367986186864845,-0.4519159075273842,8.964726075529047e-11,-2.5985658219235324e-37,-8.372187847285819e-11,-2.7032370233665438e-39
5.1000000000000005,15.68378819,-0.28949897,0.273733743100902,-0.0050527102076322,0.2007682157531113,-0.1526497131367825,0.4473956710655742,-0.0553290880202823,2.0113171759504147,-0.3375414970204216,2.185095328584548e-15,-2.1771288568818196e-39,-1.976793139087565e-15,-2.1781257903760726e-41
5.11,16.00295704,-0.79122346,0.2793042904032058,-0.0138094544960216,0.2039614229304263,-0.1528399884079148,0.3193207177315068,-0.0190275271132304,2.1111638896294185,-0.221458036242397,5.4853212310344504e-21,-1.5550548533843335e-40,-4.704310343383185e-21,-1.0416695858713213e-42
5.12,16.29228228,-1.25220888,0.2843539684503287,-0.0218551678787105,0.2059120592586741,-0.1526338936434251,0.1950636328247837,0.020609476448966,2.245199561760718,-0.0880733468583718,2.824946186648982e-27,-1.554640552033884e-40,-2.2064094375801056e-27,-2.5746295717179224e-43
5.13,16.57372314,-1.66491645,0.2892660381069731,-0.0290582738231155,0.2066960693418328,-0.1519925944890449,0.0784010083158609,0.0641299154380114,2.4231189842325715,0.0624079741653424,1.0938760075684203e-32,-4.818150821882593e-39,-7.198851390766858e-33,2.691166808294896e-40
5.14,16.83484894,-2.05706683,0.2938235430788773,-0.0359025891170624,0.2063730156325431,-0.150924190358741,-0.0323053709289734,0.1068404130303952,2.659237391489599,0.2090368504195324,6.4328631984577795e-34,-1.449902436670096e-36,-2.986810297935759e-34,3.0038600598408075e-37
5.15,17.087836,-2.42175479,0.2982390002408177,-0.0422675947614438,0.2050231313670099,-0.1494289870654917,-0.1349884265533203,0.1495203293249318,-3.052216397911512,0.3495422343156941,2.0558225620754973e-30,-1.166924374246159e-33,2.9846200173968098e-33,3.985224514551111e-34
5.16,17.33715347,-2.76469451,0.3025904109750599,-0.0482530220113112,0.2027337175063526,-0.1475186485235038,-0.228941386065739,0.1910338541987951,-2.9241279798459336,0.4769796757199147,1.2160713755430302e-25,-8.838350282314593e-31,7.780196027827919e-28,4.061458587846546e-31
5.17,17.58801939,-3.08417675,0.3069688472601046,-0.053829039000958,0.1995990361718044,-0.1452042896377387,-0.3134681334548234,0.2314358885765166,-2.809967852448423,0.5904810514006565,2.079295292026812e-21,-4.347117813543052e-28,2.0783607997749786e-23,2.4211506222914157e-28
5.18,17.86997404,-3.38296594,0.3118898842439128,-0.0590438941358249,0.1957547366225486,-0.1425030042023773,-0.3844299549255913,0.2701285435361441,-2.7147098915454158,0.6891209750470112,3.6052936846777495e-18,-1.1408370548369818e-25,3.6434820561675783e-20,7.252975232719126e-26
5.19,18.11870638,-3.68355317,0.3162310825331028,-0.0642901309887744,0.1912357722922575,-0.1394661450932552,-0.4518964330291238,0.3036859109122112,-2.6251346114297047,0.7678863448770126,2.2567921066971026e-15,-1.0277881140779878e-23,2.6383177834537638e-17,7.13772465509584e-24
5.2,18.38104788,-3.95705087,0.3208098054727236,-0.0690635663504061,0.1861476386705107,-0.1361008106225155,-0.5088133621746869,0.3365334470739794,-2.548669498899606,0.8386149168972675,3.196457048141013e-13,-6.441721518997368e-22,4.375881250288368e-15,4.790201239449748e-22
5.21,18.62656651,-4.23637221,0.3250949139412093,-0.0739386434044886,0.1805463809021018,-0.132464053140136,-0.5601257768407987,0.3636757482378975,-2.478727425043877,0.8944722884653158,1.9971618448486927e-11,-1.5892775254732122e-20,3.0879141487747773e-13,1.2393849549510587e-20
5.22,18.861919,-4.5175424,0.3292025897944763,-0.0788459889784466,0.1744967575774724,-0.1286042348011368,-0.6049623324629595,0.3859818338999231,-2.4154409458917563,0.9397888585729868,5.848388838195567e-10,-1.924166075926379e-19,9.828990381926795e-12,1.5536628847053012e-19
5.23,19.10728549,-4.77113879,0.333485042919038,-0.0832720809551183,0.1680908860093728,-0.1245241431396383,-0.6405871568099711,0.4080091661498617,-2.3605131391998766,0.9825199125595212,7.324681433030437e-09,-2.057643576350316e-18,1.304502855098361e-10,1.711869623877763e-18
5.24,19.33550583,-5.02091888,0.3374682392720589,-0.087631565931546,0.1613758590387681,-0.1202626991757968,-0.6715026970604864,0.4261443963841532,-2.309078988966022,1.0185430666112327,5.955492799492182e-08,-1.326655362395544e-17,1.110433863436841e-09,1.1295595242365433e-17
5.25,19.53687358,-5.26767885,0.3409827695168918,-0.0919383398701685,0.1543827984201266,-0.1158580120508299,-0.6993060618641616,0.4404687124967065,-2.2594398397768827,1.0490505060973043,3.6555093151558957e-07,-5.432557393702297e-17,7.0843493526000574e-09,4.710359927276261e-17
5.26,19.75351767,-5.47793083,0.3447639221923787,-0.0956079291800057,0.1472039956999019,-0.1112969755178498,-0.7178802720224906,0.4561036532980192,-2.2161471253340013,1.0802498450313682,1.155306060208144e-06,-2.47781047637701e-16,2.3077651235780784e-08,2.1859313343314662e-16
5.2700000000000005,19.92296625,-5.68063195,0.3477213578262078,-0.0991457311214859,0.139833716831972,-0.1066111122770156,-0.7370278867929977,0.4685863240834312,-2.171275890318487,1.1075507676909069,3.7244537908524166e-06,-7.949664171333616e-16,7.656349390825343e-08,7.112913097916101e-16
5.28,20.08005289,-5.85583955,0.3504630369051028,-0.1022036806160031,0.1323191844652916,-0.1018010001555034,-0.7514532366680559,0.4810112121512241,-2.1286687598291936,1.1343324068573528,8.700366185851296e-06,-2.491219846863414e-15,1.8341234406688819e-07,2.258027605637513e-15
5.29,20.20975979,-6.01271644,0.3527268493726578,-0.104941698866792,0.1246826887473392,-0.0968814873884229,-0.7636495717952548,0.491951276708063,-2.086397767368397,1.1593878812060636,1.750896414983935e-05,-6.6394953999889535e-15,3.777823954343409e-07,6.086438746527552e-15
5.3,20.30713225,-6.13637284,0.3544263194004242,-0.1070999101879552,0.1169382865278037,-0.0918451817706757,-0.7744402219534315,0.5036305617746376,-2.0438669707365675,1.1847000618448544,3.2142214349482254e-05,-1.8781511375714825e-14,7.087848319942825e-07,1.7401590712851205e-14
5.3100000000000005,20.37098185,-6.2366069,0.3555407051465056,-0.1088493245575967,0.1090979210688115,-0.086700515338119,-0.7840365458992417,0.5144666432556898,-2.0009363116373544,1.2089926177978088,5.469414518886255e-05,-4.8398670114249066e-14,1.2309685424201342e-06,4.5271958576936534e-14
5.32,20.40081994,-6.31727646,0.356061478059512,-0.1102572739857318,0.101172545829653,-0.0814616613197013,-0.7925375239158639,0.5238854018417769,-1.9575574635110475,1.2319804294391774,8.697741801466295e-05,-1.0817384624919785e-13,1.995170026405501e-06,1.0203812389254733e-13
5.33,20.39957497,-6.35961131,0.3560397492339234,-0.1109961565065697,0.0931771436335542,-0.0761148440758682,-0.7995402196098932,0.5346817243833238,-1.913944789329136,1.255609066355574,0.0001262944726379,-2.725874036821087e-13,2.9481273860841826e-06,2.591923896684454e-13
5.34,20.36719979,-6.38735097,0.3554746957469977,-0.1114803049069535,0.0851259237676243,-0.0706829915144556,-0.8051219865930109,0.5431852561412686,-1.870049936417622,1.2775560799033072,0.0001685336936112,-5.528668237184254e-13,3.996850534047195e-06,5.293280414385831e-13
5.3500000000000005,20.30796984,-6.40288184,0.354440938103706,-0.1117513697241527,0.0770386254864844,-0.0651912440727666,-0.808729828114011,0.5491747441689127,-1.826080725833792,1.297940458436179,0.0002000557389981,-8.92010175571587e-13,4.81111717460538e-06,8.591014717160859e-13
5.36,20.23373731,-6.38850443,0.3531453360431205,-0.1115004365817436,0.0689510175710731,-0.0596372140183202,-0.8087607915411471,0.5554030054446539,-1.7825086816698843,1.3183801790530485,0.0001916618368519,-1.4716030182762037e-12,4.664297203358575e-06,1.425105359776728e-12
5.37,20.14593362,-6.36965629,0.3516128725572202,-0.1111714744808667,0.0608980254689056,-0.0540564136934908,-0.8052992102167635,0.5580800324829516,-1.7390809110862493,1.337066729485041,0.000148826213147,-1.7747119380240104e-12,3.657453607063128e-06,1.7266012991860422e-12
5.38,20.06094248,-6.36185168,0.3501294973291967,-0.1110352583395326,0.052935461277064,-0.0485042983728896,-0.7962564191840317,0.555211532060034,-1.696040083973521,1.3533627901314125,8.192853313413931e-05,-1.3133697629090299e-12,2.0287570834266846e-06,1.282541321934453e-12
5.39,19.96951342,-6.34180689,0.3485337592001932,-0.1106854107561618,0.0451003135971498,-0.0429974659381389,-0.7835147679914432,0.5506832434750766,-1.652588657608242,1.3691746341505566,3.557827385685551e-05,-8.394553701316317e-13,8.858284755859915e-07,8.225047166030978e-13
5.4,19.88961625,-6.308077,0.3471392905206676,-0.1100967131193263,0.0374519426452043,-0.0375487429286257,-0.764837095194559,0.544872300951337,-1.6086712053937295,1.3847216939462097,1.040788113511856e-05,-4.776275410623204e-13,2.599685073474112e-07,4.694096175690664e-13
5.41,19.81879286,-6.30204288,0.3459031891777435,-0.1099913978578659,0.0300398515768965,-0.0322300097275646,-0.7412091068308038,0.5318733201061183,-1.5635904888438392,1.3978222396054754,2.12700979322632e-06,-1.3903336084918548e-13,5.31735525813699e-08,1.3696549264803878e-13
5.42,19.74896098,-6.31634691,0.344684392948886,-0.1102410502776699,0.0228959292232318,-0.0270954800281415,-0.714392235366482,0.5134529699423179,-1.5167308900245544,1.4092431338556624,3.318151933779924e-07,-2.334212096067843e-14,8.280551319498162e-09,2.3039199955377377e-14
5.43,19.67917484,-6.35128497,0.3434663950336283,-0.1108508344589292,0.0160461585914473,-0.0221939870081166,-0.684977063178463,0.4901493020025068,-1.4676304722276932,1.4191636946837782,4.0056349566778e-08,-2.246832315500272e-15,9.94929446886906e-10,2.2211396953162288e-15
5.44,19.60534819,-6.41344734,0.3421778769154108,-0.1119357724862722,0.0095063332193176,-0.0175782843079343,-0.6539825372129889,0.4615702700182305,-1.4159422618456328,1.427314305412848,3.922065451625052e-09,-1.09784361864385e-16,9.663668866310072e-11,1.0866011715808316e-16
5.45,19.51894636,-6.50690213,0.3406698805021624,-0.1135668662735321,0.0032762943872379,-0.0133006534899332,-0.6230038832079781,0.4277630818001226,-1.3616978543734803,1.4334035644738623,3.449461501825998e-10,-2.4186345190628397e-18,8.400074800848674e-12,2.3959214811828417e-18
5.46,19.40663587,-6.63411275,0.3387096926671342,-0.1157871104360354,-0.0026657423560951,-0.0094102251548844,-0.5942036743332173,0.3890428335048246,-1.3056905039194349,1.4369658807311283,3.235180553286695e-11,-2.0851377941058672e-20,7.757331384698224e-13,2.066557560648692e-20
5.47,19.24728045,-6.789453,0.3359284159072359,-0.1184983092594065,-0.0083726208640285,-0.0059410780981103,-0.5706878507933514,0.3469147056774089,-1.2501161048411584,1.4376566282391516,4.31699366955876e-12,-6.717886357329664e-23,1.0161513699778332e-13,6.658640234370295e-23
5.48,19.08792343,-6.9611795,0.3331471112220693,-0.1214955020973326,-0.0138254843513336,-0.0029043313060663,-0.5452863487305251,0.3036746792044154,-1.1919313509800125,1.4352119565066197,4.47839153736326e-13,-8.596773709962659e-26,1.0306804332665927e-14,8.518151185385262e-26
5.49,18.85958305,-7.17190668,0.3291618197758144,-0.1251733852117753,-0.0191096972100009,-0.0003401567245495,-0.5284212858667419,0.2564174581516814,-1.138689825987349,1.4254295391010114,9.464958201172899e-14,-1.821008615141261e-29,2.128302923534027e-15,1.8018682038465024e-29
5.5,18.57492066,-7.39981327,0.3241935238137182,-0.1291511055942681,-0.0242860119621698,0.0017498200951259,-0.5176314752169022,0.2089976819675572,-1.090587240584986,1.4050682895010351,3.450013265738552e-14,-6.618321665758574e-34,7.580871839322636e-16,6.527945008213594e-34
5.51,18.21270115,-7.66591876,0.3178716007492577,-0.133795522552401,-0.0294417813215474,0.0033367627564945,-0.5155769359377645,0.1586942661368575,-1.0512898042318195,1.3560572014277923,2.903587309157164e-14,-7.010906683857047e-40,6.251921853330064e-16,6.850381299585176e-40
5.5200000000000005,17.81993738,-7.9228122,0.3110165797802119,-0.1382791589071755,-0.0345882858900392,0.0044669764101711,-0.5146504568491904,0.1130213653676697,-1.0145433108583646,1.2445166963876484,2.7381792852430203e-14,-3.0753020933083527e-47,5.777670749688275e-16,2.9134399946281084e-47
5.53,17.40138697,-8.16546456,0.3037114970401397,-0.14251424152691,-0.0397288503125959,0.0051934120376621,-0.5140564422556828,0.0726435627491004,-0.9796436013887104,0.8916210861811802,2.6798560298027593e-14,-8.474644268618848e-57,5.540307535684687e-16,6.593702886660637e-57
5.54,16.95832493,-8.38473013,0.2959786056515369,-0.1463411476596721,-0.0448645793483219,0.0055807334874639,-0.5135729035726107,0.0387321449801802,-0.9463662551083076,-0.342757624170437,2.664161459045468e-14,-2.7516173559200477e-70,5.395093018540082e-16,-2.75353300660319e-72
5.55,16.49797706,-8.57256173,0.2879440196154941,-0.1496194275189611,-0.0499858367918501,0.0057022668954133,-0.5121257443527417,0.0121533407949332,-0.9135785811979682,-1.027156536115531,2.4248707216866348e-14,-1.6142109582645246e-93,4.805070442079443e-16,-3.430272890666137e-95
5.5600000000000005,16.03346709,-8.71676909,0.2798367912306539,-0.1521363207565699,-0.0550645984884904,0.0056447884995146,-0.5078761696640383,-0.0057478395898704,-0.879283823796167,-1.192246484115985,1.6892387980842955e-14,-1.3159754286422125e-104,3.2668356995162223e-16,-3.0290487981832174e-106
5.57,15.57378532,-8.80560316,0.2718138308327587,-0.153686767766017,-0.0600622412817936,0.0055061287539252,-0.499764279330338,-0.0138659745589379,-0.8422182849271703,-1.2360490621391131,8.069945581783456e-15,-3.1637249798031134e-91,1.5166741929541676e-16,-7.408602339431364e-93
5.58,15.12831237,-8.82904549,0.2640388611266866,-0.1540959136088561,-0.0649301409034712,0.0053910208120632,-0.4867899621677676,-0.0115107941862038,-0.8010461025927943,-1.2204370569350245,2.352140203413713e-15,-1.050411529741636e-94,4.267856499375232e-17,-2.445221102304089e-96
5.59,14.69879146,-8.77883527,0.2565423070410244,-0.1532195799517053,-0.0696220186213163,0.0054072114283516,-0.469187771784513,0.0016190616288427,-0.7556915701127966,-1.129304341484257,4.1373575664824974e-16,-2.4763824940570393e-112,7.183312657014206e-18,-5.544277298684497e-114
5.6000000000000005,14.29516417,-8.65421598,0.2494976818796224,-0.1510445630297077,-0.0740820989649195,0.0056535066626989,-0.4460080343603343,0.0246295234347342,-0.7045168156608458,-0.8063908271183842,3.763025337186637e-17,-8.774466431571961e-80,6.160899555062833e-19,-1.5997489211078356e-81
5.61,13.91455079,-8.44667872,0.242854725221478,-0.1474223545221402,-0.0782650336138429,0.006231115476431,-0.4182934648923503,0.0577608813732117,-0.648210886399254,0.5344797742140261,1.822070395058139e-18,-1.0476787987702536e-61,2.7539990771180476e-20,5.340936096224508e-62
5.62,13.50532323,-8.17115693,0.2357123569095754,-0.1426135921256518,-0.0822065328988406,0.0072085856539408,-0.3941499284997805,0.0977470177509749,-0.5974947876830844,1.2355244093370077,1.1436623431447044e-19,-2.382203302342934e-50,1.5796492811287329e-21,2.2498715453416146e-50
5.63,13.12659836,-7.80873121,0.2291023609688879,-0.1362880700177407,-0.0858545887916525,0.0086733626157727,-0.3648055892811279,0.1464776961831733,-0.5401844001565239,1.4175475842533047,3.171583002710548e-21,-1.3787625704764178e-41,3.896153317018704e-23,1.3626590530229427e-41
5.64,12.7187674,-7.381596,0.2219843679253186,-0.1288331542520433,-0.0892505584660383,0.010669718142133,-0.3395969674385868,0.1996355526360308,-0.4897249973572548,1.4920459867137228,1.2197332992783434e-22,-7.174261860938552e-35,1.3520476758443298e-24,7.152108342496929e-35
5.65,12.31156761,-6.87017594,0.2148773908763891,-0.1199071903442964,-0.0923905916198973,0.0132628707826806,-0.3140033153859062,0.2593152640547699,-0.4395885095942373,1.5346198183820166,3.6400458196649464e-24,-3.409431503645273e-29,3.726959602339425e-26,3.4072089955673897e-29
5.66,11.88501727,-6.2824582,0.2074326830178879,-0.1096495807089164,-0.0953020289140944,0.0164966431444036,-0.2911437294197231,0.3233772361723077,-0.3946570934225851,1.562748520228629,1.3287409512599375e-25,-2.12130923880441e-24,1.322693269789059e-27,2.1212407996600333e-24
5.67,11.42792529,-5.62892148,0.1994549229824278,-0.0982432131622321,-0.0980277539809752,0.0203913216113502,-0.2725725066880835,0.3894678466946646,-0.3575175539358515,1.5835350531124202,8.084195857494546e-27,-2.3238911202926792e-20,8.079312410924401e-29,2.3237032706447032e-20
5.68,10.94337667,-4.9052726,0.1909979541774329,-0.0856131575778628,-0.1006037495145935,0.0249669788393282,-0.2575995533618299,0.4575657227978046,-0.3270865227961793,1.600279637133853,7.969257834454323e-28,-7.376753801295646e-17,7.955781955015241e-30,7.373559770567319e-17
5.69,10.43093221,-4.11411729,0.1820541111168286,-0.0718048925237263,-0.1030645634759095,0.0302333078748826,-0.2460813961316113,0.526632903555455,-0.3030370814865887,1.6146086005093478,1.3231602614114683e-28,-8.395320065584698e-14,1.2980287298239352e-30,8.387293707512149e-14
5.7,9.8857063,-3.26595532,0.1725381238201463,-0.057001673557025,-0.1054496703738211,0.0361789368838153,-0.2385106897911571,0.5945629008932871,-0.2859828885743116,1.627531469044526,4.2340007722742413e-29,-3.655365252213824e-11,4.038891346182495e-31,3.6495054140866956e-11
5.71,9.31896129,-2.35832955,0.1626465573763981,-0.0411606154945762,-0.1077792226956427,0.0427921141128904,-0.2329552321821245,0.661317722907407,-0.272651272540523,1.6395519646377426,1.9164385098884081e-29,-7.564613579618294e-09,1.7658826556659286e-31,7.546805854063248e-09
5.72,8.76882233,-1.3541639,0.1530448211809007,-0.0236346186666472,-0.1100163537690764,0.0501111554143464,-0.2237131073433782,0.7319041301456154,-0.2540228854062626,1.6505033257608204,4.4580302944378686e-30,-1.2201139085365204e-06,3.814844694569472e-32,1.2162542460311771e-06
5.73,8.12272371,-0.41382842,0.141768272969309,-0.0072226684673259,-0.112291985909584,0.0579328897995487,-0.2275632140507667,0.7821734385202443,-0.2561377206106215,1.66297757451876,1.0817672665546673e-29,-3.4471753206911686e-05,9.352011436109312e-32,3.432592556425408e-05
5.74,7.53171993,0.63785228,0.1314533111165768,0.0111326224273527,-0.1145054003124438,0.0663221347912713,-0.2213414402859789,0.8389244991722713,-0.2428728895135178,1.6741982343495203,4.373395457148709e-30,-0.0011658033370532,3.5126765502359403e-32,0.0011595988280535
5.75,6.96368053,1.74087117,0.1215391533055237,0.0303839337695459,-0.1166114956989785,0.0752469115741091,-0.2106095386534837,0.8924776782838078,-0.2231972389855614,1.685381705949449,7.764521154219706e-31,-0.0261779873880653,5.2986766993490384e-33,0.0260069283686557
5.76,6.33828023,2.77481196,0.1106238589275634,0.0484296048257172,-0.1186867065807508,0.0844989639783816,-0.2075210881772304,0.9252052404272644,-0.2155384834757762,1.6987476064184095,5.477862140175236e-31,-0.1600218805353259,3.421715856277568e-33,0.1587183481583763
5.7700000000000005,5.75506819,3.84897434,0.1004448885922906,0.0671772750577756,-0.120656033859239,0.0940438241606684,-0.1969327278488281,0.9544860182286976,-0.1969434516847045,1.7121744246597457,9.756982867054531e-32,-0.7170080958855167,4.452331890705248e-34,0.7098790418747608
5.78,5.20313385,4.92702617,0.0908118171044687,0.0859928289984258,-0.1224672998228602,0.1037948741314668,-0.1811265963621144,0.9751049970798632,-0.1710459919713314,1.726495983918414,6.306165577187935e-33,-1.7752976393520836,1.1359065662274918e-35,1.7538953165361464
5.79,4.72537271,6.03903094,0.0824733121733871,0.1054009735328081,-0.1240111719576365,0.113714786928242,-0.1543872134776363,0.9919912796775456,-0.1293484757256596,1.741085279092999,4.456485383234771e-35,-3.127093896516405,-5.271155914682288e-38,3.082013921486643
5.8,4.21746142,7.05793413,0.0736085878548354,0.1231841889573814,-0.1253413234590634,0.1235833700163554,-0.1330151501426721,0.986858308811185,-0.0962264424162381,1.7592179619901571,8.085472652723209e-37,-2.810027634061381,3.818039574155708e-40,2.760454805026897
5.8100000000000005,3.70587657,8.01666478,0.0646797478190141,0.1399171954396668,-0.1264697488908793,0.1332468242130924,-0.1128425431815873,0.966345419673721,-0.0653358070857269,1.7804149624029906,1.8644988469923231e-38,-1.4578887108392855,1.0271688096044708e-40,1.4260762058469525
5.82,3.28544764,8.98701523,0.0573418787198773,0.1568530056903755,-0.1272705396941624,0.1426697382283391,-0.0800790803283147,0.942291401524687,-0.0159644108611041,1.8028271107472076,4.684283877219105e-41,-0.5379510511570976,2.7133814857013752e-43,0.5235781604937421
5.83,2.80702801,9.82491106,0.0489918809702043,0.1714770467126061,-0.1278479338345736,0.151611852265003,-0.0577394140411176,0.8942114036664058,0.0174696493813343,1.8322364557118664,1.455300410882803e-42,-0.0489050321281151,-1.613131409402893e-44,0.047247885026111
5.84,2.39046718,10.64024089,0.0417215229518639,0.1857072367358317,-0.1281242516165485,0.1600157681148112,-0.0276317781974905,0.8403915849808442,0.0622683823619185,1.8655883499413743,4.876122539036603e-44,-0.0026514404454635,-2.7157016790701843e-45,0.0025373626125272
5.8500000000000005,2.04470916,11.41885896,0.0356869070876875,0.1992966856728554,-0.1280173176945994,0.1678119237129899,0.0106933921949106,0.7796155598178783,0.1190288757067452,1.904639419095829,1.785840220870022e-44,-7.919078392547722e-05,-2.153825709898556e-45,7.482883736902738e-05
5.86,1.66355235,12.12497964,0.029034465786789,0.2116208164552767,-0.1276092608062139,0.1748886639648817,0.0408056888385447,0.7076740251892045,0.1634896219954342,1.9536137135482508,1.4590074909187289e-43,-8.876025225311665e-07,-2.402726425396568e-44,8.234794444493077e-07
5.87,1.3398038,12.7685258,0.0233839876407316,0.222852815835843,-0.1268421362254998,0.1811629325522914,0.0767124580714112,0.6274268587409809,0.2163165936696145,2.015532043470651,2.2935453584549286e-41,-3.634912173326882e-09,-4.908443673031111e-42,3.281836435719573e-09
5.88,1.01932872,13.35971065,0.0177906423241393,0.2331709379562518,-0.1257442327849917,0.1865788992137782,0.1097903440507941,0.5415966661485929,0.2649965494543855,2.094639558650567,8.701552039365842e-39,-5.180211797168571e-12,-2.2650358643301687e-39,4.486129128316401e-12
5.89,0.71994272,13.90433567,0.0125653708897636,0.2426764377439917,-0.1243178006857442,0.1910996815413571,0.1426432099247535,0.4520782327579006,0.3133906794816966,2.19741706086538,4.577157289452417e-36,-2.2832563653731e-15,-1.4044144319238136e-36,1.849511614638858e-15
5.9,0.43759175,14.40846224,0.0076374168170638,0.2514751062372774,-0.1225730973873544,0.1947064100862529,0.1744703298389836,0.360672854489582,0.3604649443293513,2.332542240528784,1.7972926918853123e-33,-2.7883943368170524e-19,-6.325312697490144e-34,2.0174325265672281e-19
5.91,0.17279041,14.88215901,0.0030157615703709,0.2597426745298397,-0.1205209946513517,0.1974026887224967,0.2052102736002747,0.2696278636243917,0.4062509792878765,2.5085454973380203,4.36853975107581e-31,-1.0257350424906048e-23,-1.726021656613048e-31,6.0686315901267956e-24
5.92,-0.08289576,15.33000752,-0.001446803947943,0.2675591055794905,-0.1181859008772536,0.1992047365955893,0.2335093774098192,0.1802047873092582,0.4490829958927071,2.73059502039926,5.061877565723741e-29,-1.861095286569648e-28,-2.1992040886163104e-29,7.43540774264225e-29
5.93,-0.31705491,15.76642238,-0.0055336520891142,0.2751759817911205,-0.115574078657691,0.2001545152350856,0.2611822219562659,0.0949778639496377,0.4914924611332844,2.984940189686203,3.996166083988671e-27,-1.2192922192316491e-32,-1.8877446849559388e-27,1.9287618867900085e-33
5.94,-0.52884454,16.19416027,-0.0092300784541948,0.2826414163071539,-0.1126919859873642,0.2003003681847324,0.2882092670326775,0.0145852949646838,0.5335281231811777,-3.0400035693601155,2.202813404346526e-25,-9.003637244461921e-35,-1.1211678626567012e-25,1.3560825541793094e-38
5.95,-0.73176306,16.61831335,-0.0127716747414688,0.2900442840856288,-0.1095671198629971,0.19969955375487,0.3124866124367156,-0.0600814429862496,0.5726861122331129,-2.8099752611038333,6.507439504142177e-24,-5.923406610287735e-34,-3.528053453524132e-24,-5.920734887963804e-36
5.96,-0.92143522,17.04347709,-0.0160820784328383,0.2974647912087219,-0.1062200164814023,0.1984163912620346,0.3347103381594319,-0.1283162492835187,0.609989191755207,-2.623859174422399,1.2251712214634738e-22,-3.0577787244690936e-31,-7.019934056654599e-23,-3.584133602084582e-33
5.97,-1.09692084,17.46986742,-0.0191448802917419,0.304906706365887,-0.1026696977139511,0.1965148725455676,0.35503187674513,-0.1901518716467028,0.6457466518086058,-2.479384527706757,1.578638437667944e-21,-4.5388343299887045e-28,-9.500061680534473e-22,-7.01080740434101e-30
5.98,-1.26212961,17.89786043,-0.0220283172814119,0.3123765935659081,-0.0989407334966279,0.1940584842714116,0.3728964217323309,-0.2456388274156087,0.6794360374226011,-2.3682620557107423,1.352005855027456e-20,-3.9196487589424558e-25,-8.494248406416724e-21,-6.928285381285205e-27
5.99,-1.42020134,18.32500103,-0.0247871894242354,0.3198316034048521,-0.0950614840081658,0.1911057029686689,0.3879249488462105,-0.2952781302742714,0.7107503175311103,-2.2815370633828165,7.646430534627943e-20,-1.327648232750365e-22,-4.987592921792461e-20,-2.5305777230208614e-24
6.0,-1.56912344,18.74467612,-0.0273863703982196,0.3271563155139557,-0.0910560765859377,0.1877039723684047,0.4005407422228174,-0.3401730600264236,0.7402580287367398,-2.211631736635129,3.1069985997488833e-19,-1.922103100888772e-20,-2.0951628205522745e-19,-3.851011899858762e-22
6.01,-1.71733599,19.15872354,-0.0299731673884964,0.3343828062523435,-0.0869598198560778,0.1839025718861717,0.4096256729859274,-0.3801400482232447,0.766815255332109,-2.154719368909065,8.14478680241413e-19,-1.2397020897663945e-18,-5.650064529369057e-19,-2.5740753745551742e-20
6.0200000000000005,-1.86252976,19.55668844,-0.0325072767283797,0.3413286040647135,-0.0828023591536066,0.1797342715517518,0.4157460702472021,-0.4168300334420723,0.7910693433292906,-2.1061659972182114,1.5020253096741805e-18,-4.595339721089018e-17,-1.067898715160135e-18,-9.809994556547765e-19
6.03,-2.006902,19.93821964,-0.0350270476648592,0.3479875797037985,-0.0786145070505565,0.1752311580011641,0.4187852103049447,-0.4503113550586958,0.8128927048719781,-2.0641984683943315,1.9430994792593626e-18,-1.0457967344778014e-15,-1.411000881101432e-18,-2.2827027137266066e-17
6.04,-2.15198921,20.28347793,-0.0375592971818916,0.3540134736341039,-0.0744269663365918,0.1703961709554642,0.4187540713965516,-0.4834987045700891,0.832247224104407,-2.025272031713248,1.7723037463297182e-18,-2.0127468843184035e-14,-1.3103413429341798e-18,-4.478698303119375e-16
6.05,-2.29787081,20.59539845,-0.040105411419969,0.3594575137126368,-0.0702680010923617,0.1652385924456792,0.4158965244229459,-0.515757850978421,0.8492930287833798,-1.9894591781870752,1.1688814081881674e-18,-3.133887302712219e-13,-8.775113779801054e-19,-7.089982121291306e-15
6.0600000000000005,-2.44503863,20.8693756,-0.0426739744319514,0.3642393170553671,-0.0661640428434709,0.159762509200169,0.4103958248891701,-0.5476083245511305,0.8640867589782304,-1.9559993187641764,5.644928736617999e-19,-4.200650851145725e-12,-4.292583377396634e-19,-9.642147492202581e-14
6.07,-2.58953221,21.10023803,-0.0451958631509452,0.368268626578022,-0.0621331758278193,0.1539664025973702,0.4030867015650947,-0.57961066027979,0.877358576026305,-1.9243079448750071,2.176671852223865e-19,-5.129096593152312e-11,-1.6738538772317718e-19,-1.1925237253791641e-12
6.08,-2.73420788,21.27570085,-0.047720929939974,0.3713310305018562,-0.0581956347570848,0.1478333061870321,0.3937541070735211,-0.6133096410339266,0.8887182350460535,-1.893491230373226,6.438465166221385e-20,-6.45777589379694e-10,-4.99767006018922e-20,-1.5189524940395894e-11
6.09,-2.87355397,21.41370084,-0.0501529780102543,0.3737395846950754,-0.0543613016417623,0.1413760977591869,0.3834333115321918,-0.645720842784427,0.8991228139947331,-1.8649021404064448,1.6348428543260643e-20,-6.6607520244839005e-09,-1.2796723846989508e-20,-1.5823681572245103e-10
6.1000000000000005,-3.01560295,21.50293919,-0.0526322004103539,0.3752970877216225,-0.0506502191011645,0.1345924830714292,0.3711082540597206,-0.6783614687756617,0.9072685108609532,-1.8376411979262115,3.07844999081624e-21,-6.385320190767026e-08,-2.425208256545775e-21,-1.5302599141875227e-09
6.11,-3.13836975,21.57190915,-0.0547748852824913,0.3765008406085913,-0.0470479134919294,0.1275240460675226,0.3602305609235858,-0.7068437003907931,0.9169550788498916,-1.8130472530369957,6.692378922583569e-22,-4.234961513782428e-07,-5.312019716204659e-22,-1.0222984772867174e-08
6.12,-3.27119208,21.58238497,-0.0570930722611617,0.3766836781594376,-0.043583074794024,0.1201554602044429,0.3464838697904814,-0.7368585863078551,0.9231144213504416,-1.7889402333751183,9.279146100249272e-23,-2.9312075872272603e-06,-7.399932024595034e-23,-7.121825920280949e-08
6.13,-3.40334534,21.54771466,-0.0593995817654058,0.3760785670972505,-0.0402654460300748,0.1124942059418738,0.3317628763949866,-0.7661254262570664,0.9276064523516108,-1.7659679427585586,1.0305467146134277e-23,-1.817645368512386e-05,-8.246301354214574e-24,-4.441043533228655e-07
6.140000000000001,-3.53372714,21.51093938,-0.0616751734600826,0.3754367173779077,-0.0371013426418952,0.1046117087136114,0.3164103388179134,-0.7882497228261165,0.93061409232686,-1.7454239888942342,9.412606970682107e-25,-6.849614108392664e-05,-7.548822493112331e-25,-1.681132359498523e-06
6.15,-3.66635544,21.4676933,-0.0639899739764054,0.3746819308933268,-0.0341013437830213,0.0965687116249746,0.2999998858874461,-0.8042997088638361,0.9313138641921,-1.726579512360438,6.43218759712457e-26,-0.0001734590095552,-5.161246532498158e-26,-4.273157744492837e-06
6.16,-3.78475009,21.4703992,-0.0660563504356517,0.3747291577575565,-0.0312500513151825,0.0884981359301643,0.2851292467838355,-0.8070575694809083,0.9330211738772768,-1.7103883002444094,4.950442586773632e-27,-0.0001940436745442,-3.977328243434822e-27,-4.794012697698729e-06
6.17,-3.92625927,21.44126856,-0.068526151548449,0.3742207321763434,-0.0285866476746153,0.0804092211033957,0.2663403640566872,-0.8088914826767378,0.9278199896629268,-1.6943243270654504,1.61854456932871e-28,-0.0002061461132998,-1.2953460468035995e-28,-5.1060142459229015e-06
6.18,-4.07006897,21.45300756,-0.0710361043097543,0.374425616377235,-0.0261154809876238,0.0724160947357089,0.2471166686991938,-0.7993126367688349,0.9197698014529596,-1.6798944227903163,3.789683146105151e-30,-0.0001090167926583,-3.0145174177818016e-30,-2.7057185789142976e-06
6.19,-4.21372841,21.48571939,-0.0735434345393255,0.3749965455150876,-0.0238356505401888,0.0645938986356004,0.2279830447434628,-0.7822196100107258,0.9092548305426886,-1.6662834798839057,6.700014132585865e-32,-3.573813090830725e-05,-5.286484102252173e-32,-8.884951912847777e-07
6.2,-4.37708944,21.56988152,-0.0763946223822747,0.3764654517890791,-0.0217738668299556,0.0570545705914333,0.2061783710233675,-0.7539328044168585,0.8907769298665369,-1.653788587121387,4.4206746632137836e-34,-5.515007315971583e-06,-3.437159471125801e-34,-1.3729621180358245e-07
6.21,-4.54888259,21.68674959,-0.0793929784821472,0.3785051844010303,-0.0199367219636162,0.0498716087141487,0.1837144866339066,-0.7182961877283527,0.8663512348297531,-1.6418021594471544,1.4034583647629663e-36,-4.789657660332571e-07,-1.0692987056834844e-36,-1.1937285028842049e-08
6.22,-4.73433447,21.83524434,-0.0826297243921607,0.3810969067104561,-0.0183362973837289,0.0431083773009758,0.1600424579887623,-0.6763231413174232,0.8334466304414385,-1.630107959293547,1.4664496165275642e-39,-2.315509630651504e-08,-1.0853949905861136e-39,-5.776326380609108e-10
6.23,-4.94851792,21.98833691,-0.0863679307979413,0.3837688761172961,-0.0170039191843817,0.0367808903280943,0.1332378199347002,-0.6327486972880495,0.7850495253462898,-1.618146775160009,1.6584381910715057e-43,-8.148937735921885e-10,-1.1720584302744734e-43,-2.0344397061230778e-11
6.24,-5.19076748,22.15031788,-0.0905959832314489,0.3865959773693702,-0.0159654616393033,0.0309070527776381,0.1038457545078622,-0.5873837550457377,0.7178068463217804,-1.6058367497362285,7.691234816734984e-49,-1.945489299207856e-11,-5.057780797132985e-49,-4.860066472732016e-13
6.25,-5.42799444,22.31483363,-0.0947363747579458,0.3894673188782581,-0.0151945380240786,0.025490951374698,0.0770923615224556,-0.5416101402939202,0.643916753207479,-1.5929494250418637,3.7780328250861676e-55,-3.321058528899225e-13,-2.2680710815871268e-55,-8.300149866715035e-15
6.26,-5.69372999,22.4421327,-0.0993743350450438,0.3916891067844848,-0.0147137943953167,0.0204755888916911,0.0480743628761829,-0.5015362483006189,0.5464960171137763,-1.5790433920936162,7.599662788529453e-65,-7.016346853708751e-15,-3.952249549204713e-65,-1.7540135944049644e-16
6.2700000000000005,-5.98384986,22.50803637,-0.1044378820020017,0.3928393428151326,-0.014535971604067,0.015770957689943,0.0177822791249758,-0.4704631201748999,0.4255433709546196,-1.5640949670885278,7.388489620004887e-82,-2.827395493028787e-16,-3.0511886180218094e-82,-7.068294178355096e-18
6.28,-6.26826399,22.54318309,-0.1094018450096969,0.3934527688004092,-0.0146269598535562,0.0113368429189004,-0.0090988249489217,-0.4434114771041888,0.303267013308426,-1.548367225530714,4.189769832655816e-88,-1.4466213345112695e-17,-1.244737606382396e-88,-3.6154386495452873e-19
6.29,-6.57046898,22.5026073,-0.1146763171011534,0.3927445876683114,-0.0149877272906399,0.0070694444314035,-0.03607674370838,-0.4267398487497793,0.1699908834711656,-1.53228687723394,2.528944243578593e-70,-2.1088833966047388e-18,-4.31947510796091e-71,-5.267421834958254e-20
6.3,-6.87004712,22.38261656,-0.1199049420111539,0.3906503541834069,-0.015587657298107,0.0028671954743276,-0.0599930007467002,-0.4202248957075274,0.0479155741867478,-1.5165013814866464,2.674418882153251e-60,-9.71645168155794e-19,-1.0602091103016575e-61,-2.4247338682288183e-20
6.3100000000000005,-7.15040376,22.18698615,-0.1247980884589824,0.3872359594118805,-0.0163729593919177,-0.0013578943402775,-0.0785302093810842,-0.4225089814605978,-0.0454217811592416,-1.501534014802685,1.0635089972064219e-54,-1.2729834894897397e-18,8.413977291806137e-57,-3.1731358238848457e-20
6.32,-7.42476453,21.88729312,-0.1295865872337893,0.3820053292931023,-0.0173122384120556,-0.0057273640943969,-0.0939279020137693,-0.4369469754118698,-0.1194401039408993,-1.4883440788291913,6.53673228693699e-51,-6.858284374128761e-18,-7.797490398089303e-54,-1.7074640999466177e-19
6.33,-7.66492079,21.5170392,-0.1337781046900648,0.3755431793206866,-0.0183347582824155,-0.0103030091158199,-0.1022519870360122,-0.4575645021423965,-0.1561913617574148,-1.4764145996504996,4.366080648039309e-49,-6.934786059567454e-17,1.5489345914329909e-52,-1.7242955862685981e-18
6.34,-7.86873252,21.06689765,-0.1373352904327505,0.367686727173156,-0.01937203144061,-0.0151534187179823,-0.103727315819439,-0.4850409602161648,-0.1598028134933256,-1.4659298001426762,9.545742580253362e-49,-1.2954661787973802e-15,6.500013202437497e-52,-3.2170200051787605e-17
6.3500000000000005,-8.03097961,20.5475773,-0.1401670363550301,0.3586228771930466,-0.0203536477527343,-0.0203239328168527,-0.0981616312124167,-0.5170514098869609,-0.1316820093792977,-1.456456886328304,7.3627466608760995e-50,-3.2089439029527195e-14,-8.311978318526419e-53,-7.958719590810795e-16
6.36,-8.1486926,19.94500709,-0.1422215156028972,0.348106043054113,-0.0212111922509952,-0.0258741126593721,-0.0857544498261007,-0.5550179842520414,-0.0738821207192119,-1.4481694591581669,1.3197255279494697e-52,-1.1267736764315828e-12,5.3689993399656e-55,-2.7912696044061932e-14
6.37,-8.20207447,19.29797719,-0.1431532049952688,0.3368132409402634,-0.0218541787536128,-0.031799665891747,-0.064298650261747,-0.5925553232374055,0.0229946811809714,-1.4398144267494093,2.570165843775836e-58,-3.024004580199899e-11,-3.986895511964091e-60,-7.481554627357938e-13
6.38,-8.20766898,18.58530782,-0.1432508476148046,0.3243748139556496,-0.0222251774248234,-0.0381245393407519,-0.0370998671210762,-0.6324873449006087,0.1428588296797717,-1.4319055802661422,4.083529345887109e-68,-8.03308430650794e-10,-5.914159536073628e-69,-1.9848745964990703e-11
6.390000000000001,-8.13001251,17.85135343,-0.1418954865278284,0.3115648932906831,-0.0222221271185457,-0.0448036188474624,0.0003050306277722,-0.6679079506709488,0.3008430376542226,-1.4231585054248108,1.4263963993677663e-82,-1.2516714796672648e-08,-4.204400917589134e-83,-3.0880653905123246e-10
6.4,-7.98589587,17.07794072,-0.139380176652917,0.298066295024411,-0.0217784568731288,-0.0518192120711878,0.0443670245417035,-0.701559322372676,0.4720372424418079,-1.414150861164412,3.234580871683347e-65,-1.4969495779754782e-07,-1.4721193099610824e-65,-3.6871356528779045e-09
6.41,-7.75934696,16.2862252,-0.1354261522566127,0.284248252461272,-0.0208131491559831,-0.0591220204245126,0.096530771714551,-0.7302808353323667,0.6488370595437313,-1.4043035148049658,3.463874171421228e-50,-1.1437666780051345e-06,-2.0930280121185813e-50,-2.811851966661799e-08
6.42,-7.44807177,15.48234446,-0.1299933753113418,0.2702178867549035,-0.019252318341271,-0.0666558225710268,0.1560830814711872,-0.7533802146513005,0.8156366653433017,-1.3935036263457588,4.41213666461153e-40,-5.60123012023914e-06,-3.212236057436152e-40,-1.3739677649444744e-07
6.43,-7.0442874,14.67695462,-0.1229460085867508,0.2561611822847932,-0.017021190408749,-0.0743519079730154,0.2231127932522451,-0.7696085401990146,0.9644364105834684,-1.3814812562682863,2.005140677087832e-32,-1.6876148150250188e-05,-1.6477602481857203e-32,-4.12884654604347e-07
6.44,-6.54469978,13.87448529,-0.1142265597155485,0.2421554503300203,-0.0140511996549819,-0.0821395908201135,0.2969990753766658,-0.7787682847096928,1.0916174769439528,-1.3681247872290678,2.984990838175433e-26,-3.1874407033305254e-05,-2.6491961790446585e-26,-7.774130446767756e-07
6.45,-5.9468772,13.08205607,-0.1037925873517813,0.2283249513520097,-0.010281201334066,-0.0899429764568071,0.3769998320916643,-0.7803385636695149,1.198138796482063,-1.3531826752824776,4.345532041617463e-21,-3.718407162342354e-05,-4.047873158291913e-21,-9.035675887579576e-07
6.46,-5.25015765,12.29998321,-0.091632537241268,0.2146752049545211,-0.005659844298813,-0.0976917505862935,0.4621357035252262,-0.7748774129485182,1.286945858824271,-1.3365828842647194,1.1298424255145283e-16,-2.791116371915797e-05,-1.0847522686708691e-16,-6.75266174007869e-07
6.47,-4.45608425,11.53395585,-0.0777733419087621,0.2013055053621612,-0.0001483074689473,-0.1053134398639013,0.5511536829866774,-0.7621689277609343,1.3614034264260984,-1.3179886408578858,7.525750836557384e-13,-1.3207349354000102e-05,-7.361884271211088e-13,-3.178533921146452e-07
6.48,-3.55743041,10.79115506,-0.0620888735650718,0.1883411858902462,0.006293149868272,-0.1127319393848143,0.6441457337218361,-0.7418499520911759,1.425011315339778,-1.2968951870296426,1.8329742329954282e-09,-3.772108011124508e-06,-1.8135971993324607e-09,-9.02016494941705e-08
6.49,-2.61273374,10.03245709,-0.0456008062409454,0.175099408285549,0.0136097347201512,-0.1199352241307804,0.7316584851880741,-0.7203284745967573,1.4787054096431784,-1.2749505757758868,1.0766883540986991e-06,-9.69033989315389e-07,-1.0721425006183608e-06,-2.3007529780251383e-08
6.5,-1.55504383,9.31783747,-0.0271406348463229,0.1626269430171983,0.0218418015327383,-0.1268269799595245,0.8232066812585755,-0.6891755828743065,1.526753206502828,-1.2488070274149856,0.0003944318585933,-1.233143137614866e-07,-0.000394050777658,-2.9012522854620633e-09
6.51,-0.37362389,8.66128576,-0.0065209670446091,0.1511679539680993,0.0310353678440774,-0.1333006914274435,0.9193566311337708,-0.6473711467917963,1.570137502348509,-1.2168219199248105,0.0983687413770042,-6.628763377798556e-09,-0.098368720108155,-1.5409202429705024e-10
6.5200000000000005,0.81794913,7.98435284,0.0142759054323231,0.13935324569896,0.0410616244052908,-0.1393747077181884,1.0026256561215403,-0.6074016290746096,1.609526087053374,-1.1834967047847282,3.530436546219788,-3.4981056908491005e-10,-3.527798876887972,-8.022468830691005e-12
6.53,2.01529481,7.29889293,0.0351735298328535,0.127389713379036,0.0517901945888495,-0.1450513547914834,1.0728570183556956,-0.5676647073294129,1.646542215188988,-1.1479476794564214,6.3227674731151415,-1.600384849879269e-11,-6.304704054328037,-3.613842274633817e-13
6.54,3.25338885,6.64080852,0.0567823472801719,0.1159039736684917,0.0631470335697407,-0.1502835325154176,1.1356838980893504,-0.5232177723935236,1.6819288755530322,-1.1065825741885784,6.489628752329707,-4.05268381353129e-13,-6.449737535227107,-8.975656860572528e-15
6.55,4.48785455,5.99085952,0.0783278382481084,0.104560223648447,0.0749955771474973,-0.1550587511476261,1.1848543577754729,-0.4775218632207731,1.716722088553668,-1.0604096908012666,6.498780525782907,-7.0950800773740454e-15,-6.429947042746744,-1.5350933230900263e-16
6.5600000000000005,5.70787248,5.35250417,0.0996211680599741,0.0934188209932262,0.0871913626542902,-0.1593635804840998,1.2195785506795311,-0.4304829336474521,1.7516259848203155,-1.008295220152705,6.4997200681008245,-8.038238812648105e-17,-6.394089152597488,-1.6900630787928781e-18
6.57,6.88654417,4.71957359,0.1201928698505201,0.0823720984356689,0.0995604448493636,-0.1631977177304933,1.2369082195071457,-0.383413724639296,1.7875822431440265,-0.9502993074793384,6.499866366852068,-6.369883377124434e-19,-6.348200914483792,-1.2931852658319419e-20
6.58,8.00242315,4.0934275,0.139668632105316,0.0714437875666801,0.1119109189109392,-0.1665620355142054,1.235047406157802,-0.3364317783712715,1.825542391714529,-0.8855717454551798,6.4998619804217865,-3.45097742667261e-21,-6.290697084955027,-6.70467561762257e-23
6.59,9.05371816,3.48373401,0.1580171914396028,0.060802628738205,0.1240641328438049,-0.1694464896482861,1.2153213932863869,-0.2884454134080276,1.8661108515826743,-0.8114620723299643,6.49970773461367,-1.0837126157676737e-23,-6.219072767257038,-1.9846929153263648e-25
6.6000000000000005,10.04390028,2.89787464,0.1752991296279804,0.0505774537780453,0.1358624271606821,-0.1718343969727769,1.1798294316875333,-0.2387907324490444,1.9097818906867885,-0.7249614569606299,6.498800931487392,-1.7552886142558704e-26,-6.129816623825668,-2.945912063255593e-28
6.61,10.96046842,2.33902887,0.1912962614898607,0.0408237550807024,0.1471454140742144,-0.1737091690745022,1.128298691353449,-0.1874772101725637,1.9576730955991213,-0.6235165754126384,6.489815909461324,-1.5470222199614672e-29,-6.0110856576624885,-2.242701736512076e-31
6.62,11.80375697,1.81460921,0.2060144232317295,0.0316709053515132,0.1577698604617922,-0.1750483160142643,1.0624446387576236,-0.1339146939761905,2.0106591964735223,-0.5032091871353506,6.322676046362549,-9.40257048285102e-33,-5.721717170574636,-1.0700269928798461e-34
6.63,12.57748875,1.30785317,0.2195185903200459,0.0228263439491451,0.1676141590789318,-0.1758589805085083,0.984429861714152,-0.0810664494244184,2.069608409941885,-0.369486311900375,3.1360011289451544,-1.4559936419654074e-35,-2.7542711581418704,-1.4521360269959896e-37
6.640000000000001,13.28502084,0.87499179,0.2318673548540628,0.0152714876634187,0.1765768578505356,-0.1760701167021509,0.8962698771602371,-0.0211136193642597,2.1355199695739766,-0.2017366002150863,0.0697611192027767,-1.7873565719705262e-37,-0.058935293829507,-9.00187754515195e-40
6.65,13.93148311,0.47165367,0.2431502499554793,0.0082319094706148,0.1845782613586718,-0.1756846276815395,0.8001403508137782,0.0385489020611494,2.209357149750327,-0.0231114369795533,0.000342072610653,-3.6319658651154473e-37,-0.0002746705906848,-2.6101603047607977e-39
6.66,14.52265868,0.10350589,0.2534682101093335,0.001806518575707,0.1915601322607756,-0.1747010324596541,0.6981870902102746,0.0983595221885276,2.291987001740036,0.1586156689460594,6.302611059761341e-07,-8.264692523612984e-35,-4.7328464269267243e-07,1.3228405214105787e-35
6.67,15.06616404,-0.22385557,0.2629541681435706,-0.0039070167454286,0.1974869735776915,-0.173113953271131,0.5926841316915,0.1587079188522829,2.383867324817693,0.3345937935342826,3.9554685207587956e-10,-2.253508824280323e-31,-2.7179111580781926e-10,7.373534297623862e-32
6.68,15.56662682,-0.52241065,0.2716888914382547,-0.0091177858899837,0.2023400821051879,-0.1709398480830001,0.4853108527497368,0.2174105188131314,2.48527423562838,0.4912947150711846,7.145626879056913e-14,-7.993052738135766e-28,-4.3600406702854494e-14,3.774435371871839e-28
6.69,16.02992793,-0.79010741,0.2797750212358991,-0.0137899757489047,0.2061181058979953,-0.1681948565374244,0.3778023792806804,0.2744991545575324,2.595645000547106,0.6266001999268328,3.19941065306416e-18,-1.588636999111149e-24,-1.66237880584624e-18,9.316554581405714e-25
6.7,16.46528061,-1.03016701,0.2873733589092804,-0.0179798061699253,0.2088404388409159,-0.1649023367153735,0.2722332942921138,0.329251982205152,2.712915184454395,0.7403113685524944,3.842891118647175e-23,-1.316368392449577e-21,-1.598051792732311e-23,8.877271847843487e-22
6.71,16.87323944,-1.25829935,0.2944935837053641,-0.0219614666332045,0.2105328714696603,-0.1611101394457991,0.1692432628744063,0.379219726957385,2.835298467217689,0.8319375884903425,2.461109743782074e-28,-3.6229167676352017e-19,-7.38340394152125e-29,2.6778237923946563e-19
6.72,17.26455186,-1.47013921,0.3013232738383111,-0.0256587696771683,0.2112416156884242,-0.1568592963648448,0.0708744218764103,0.4250843080955149,2.958491308604434,0.9073039798464898,1.6220510436109043e-32,-4.19485384086749e-17,-2.968861832486681e-33,3.304804956092837e-17
6.73,17.63412033,-1.68039779,0.3077734604513689,-0.0293284741787362,0.2110084188426114,-0.1522118361277447,-0.0233196845812763,0.4647460237099327,3.0807298613201715,0.9676109405681717,1.4444660819608897e-33,-1.905481938903737e-15,-7.811374841415936e-35,1.569309376738084e-15
6.74,17.99339753,-1.88206312,0.3140440305187151,-0.0328481981743571,0.2098945616391556,-0.1472172821530716,-0.1113857203455997,0.4994553974674126,-2.923440444018317,1.017683034876751,4.0449861827966995e-31,-4.388312382883634e-14,2.609357211312408e-33,3.7343742417178276e-14
6.75,18.33643665,-2.08720621,0.3200311926258591,-0.0364286205325721,0.207953697211211,-0.1419408858208837,-0.1940864427944307,0.5276396332187024,-2.795787508368198,1.0582744926445955,3.262448822023901e-27,-4.879431788934509e-13,3.2645143106931115e-29,4.2530440950414285e-13
6.76,18.66470396,-2.29449343,0.325760538012024,-0.040046465018878,0.2052428315161984,-0.1364425364979309,-0.2710865695012214,0.549834932295193,-2.6819655038866843,1.09177489914888,2.4436425613514653e-23,-2.97400051941056e-12,2.5710572891028785e-25,2.639658200159432e-12
6.7700000000000005,18.97886035,-2.50194557,0.3312436013837034,-0.0436671879021862,0.2018205000328217,-0.130775861883217,-0.3422331483377354,0.5666674614715111,-2.581526967088213,1.1199409976635817,5.879965979841682e-20,-1.103351080837592e-11,7.53068101291714e-22,9.932527605496066e-12
6.78,19.27461372,-2.71033758,0.3364054714640724,-0.0473043146115352,0.1977390933580572,-0.1249923502046713,-0.4081406674763894,0.5783511678544696,-2.4924167866669773,1.143747975623389,4.392293749089213e-17,-2.618932278133153e-11,6.649040005763079e-19,2.384106585380689e-11
6.79,19.56872001,-2.89720007,0.3415385945753977,-0.0505656803105101,0.1930754139452891,-0.1191076368141428,-0.4663679412769057,0.5884713390529767,-2.4157715140894385,1.1662522260338215,9.266722946047396e-15,-5.433725679372226e-11,1.5567973398161506e-16,4.9959044708755476e-11
6.8,19.82527491,-3.09512533,0.3460163222925225,-0.054020127770376,0.1878520721290013,-0.1131838025858018,-0.5223341816286936,0.5923834228340048,-2.344444361551012,1.1845258116303423,1.073890149698528e-12,-6.797549864934268e-11,1.9416250749599302e-14,6.29767233065797e-11
6.8100000000000005,20.05026258,-3.29221436,0.3499430979104129,-0.0574599802634379,0.1821023284031944,-0.107260912853772,-0.5749743725808087,0.592288973203099,-2.278799001514745,1.2003468403097295,6.810688066972914e-11,-6.165315146915707e-11,1.3008957501115957e-12,5.7479450346469515e-11
6.82,20.26769298,-3.4495417,0.3537379742843412,-0.0602058603498424,0.1758950211562611,-0.1013195804422493,-0.6207307246932277,0.5941332411521728,-2.2208470751217337,1.2175725008951994,1.979963230273773e-09,-6.581907799429479e-11,3.94259482622906e-11,6.176442406873405e-11
6.83,20.44785035,-3.5977805,0.3568823135625749,-0.0627931154890478,0.1692535560604818,-0.0953864203191451,-0.6641465095780635,0.5933160123105394,-2.166043432449152,1.2333665821309747,4.0671551994815395e-08,-5.6790520737136305e-11,8.387583725760201e-10,5.3595395432180756e-11
6.84,20.60329828,-3.71338552,0.3595953917564846,-0.0648108037198817,0.1622205735738172,-0.089451856186234,-0.7032982486663519,0.5934564132910146,-2.115251860008493,1.249914120654472,5.403661078360344e-07,-5.324384594675037e-11,1.14778201939521e-08,5.0532733663610215e-11
6.8500000000000005,20.72701076,-3.79365871,0.3617545818582922,-0.0662118351864607,0.1548277752836478,-0.0835032579347525,-0.7392798290168183,0.5948598251480586,-2.06721512735068,1.267334397007312,5.241121507654649e-06,-5.565569048295125e-11,1.1422336047950045e-07,5.3119134539026886e-11
6.86,20.81898168,-3.84188758,0.3633597772283805,-0.067053587762477,0.1471067533965607,-0.0775339188472665,-0.7721021887088657,0.596933908748721,-2.021541381998191,1.2852447906836275,3.835264616156092e-05,-6.178290136848578e-11,8.549287844393772e-07,5.928777885263997e-11
6.87,20.87634035,-3.85575442,0.3643608748744454,-0.0672956097773243,0.1390846501324875,-0.0715345336020605,-0.8022103264071928,0.599938524520508,-1.9776826593690509,1.3037231260909568,0.0002232897325799,-7.439205426087375e-11,5.07801713451884e-06,7.176203963303027e-11
6.88,20.90342672,-3.8426838,0.3648336212133587,-0.0670674844230472,0.1307947546989329,-0.0655075287975474,-0.8289895433556278,0.6027004804514228,-1.935656763620501,1.3221628485641632,0.0010168676555287,-8.820682833755663e-11,2.353645941590848e-05,8.550233452214332e-11
6.890000000000001,20.89975547,-3.79300805,0.3647695458131949,-0.0662004790271497,0.122268801391915,-0.0594414376341325,-0.8525953307016567,0.6066091163413989,-1.8951249496129297,1.3411588892754178,0.003722521609562,-1.1537582580393328e-10,8.750667132355173e-05,1.1235626140516275e-10
6.9,20.86811734,-3.72875363,0.364217356275521,-0.0650790278391904,0.1135416128116053,-0.0533578208564958,-0.8727188580311491,0.6083616777637888,-1.8559597586293213,1.359324773748019,0.0109178723321716,-1.2711810413403788e-10,0.0002601379091727,1.2429516740824347e-10
6.91,20.81228449,-3.67220698,0.3632428892122488,-0.0640921026157175,0.1046520233952407,-0.0473087527536723,-0.8889589416363167,0.604906810282258,-1.8180468115835893,1.3756622207259848,0.0253943708903129,-9.194842757065971e-11,0.0006121364459916,9.020901080556147e-11
6.92,20.7473508,-3.57922893,0.3621095825262795,-0.0624693295111336,0.0956586215201783,-0.0412782063391753,-0.8993401875061003,0.6030546414496103,-1.7816550262462498,1.3927593104209044,0.0425020939940633,-7.6119637970921e-11,0.0010345538796464,7.492040119144329e-11
6.93,20.67181357,-3.52822957,0.3607912091549433,-0.0615792227627237,0.0866137545652226,-0.0353644001495732,-0.904486695495744,0.5913806189603199,-1.7462822573276318,1.4068797095192478,0.053522931090676,-2.7862782390497044e-11,0.0013134027399931,2.7490557816651303e-11
6.94,20.60268055,-3.48014634,0.3595846103340962,-0.06074001208423,0.0775903972813926,-0.0296003881233691,-0.9023357283828616,0.5764012026203217,-1.7120277289544117,1.4203046214206072,0.0455252801579815,-7.546624594752415e-12,0.0011244288428222,7.461620327429916e-12
6.95,20.55450622,-3.43469032,0.3587438096606539,-0.0599466548703776,0.0686763934992061,-0.0240150962747694,-0.8914003782188259,0.558529184860086,-1.6787186331035668,1.4332297901887296,0.0239445349640794,-1.53200745155537e-12,0.0005943781210478,1.5175842290295561e-12
6.96,20.51699511,-3.44023404,0.3580891172850761,-0.0600434110371863,0.0599367606042983,-0.0187035534288733,-0.8739632894906487,0.5311542845895251,-1.645589354291625,1.4438012793558217,0.0086683961237541,-1.2229315271978788e-13,0.0002159700784541,1.2131177480586946e-13
6.97,20.48821172,-3.49664967,0.3575867523596905,-0.0610280495302731,0.0514271947144883,-0.0137508929605797,-0.8509565889811672,0.4952660468294598,-1.6121882246203894,1.4521725100014302,0.0022269851021133,-3.657695967534178e-15,5.561624060726339e-05,3.632082156149282e-15
6.98,20.48328275,-3.58120519,0.3575007256044585,-0.0625038217550091,0.0432190687591699,-0.0092000321009414,-0.8208125955317073,0.4550860859637594,-1.578239516874075,1.4592406528984363,0.0003590457185607,-5.272633551027304e-17,8.975838179664191e-06,5.239976049796001e-17
6.99,20.4932978,-3.69414764,0.3576755212017104,-0.0644750393727781,0.0353629678378445,-0.0050879616419426,-0.785610092132698,0.4112070458999601,-1.543168485947147,1.464812607732444,3.937679809372596e-05,-3.2930842048374495e-19,9.839596734388278e-07,3.274672676947503e-19
7.0,20.50918055,-3.86127613,0.3579527274834815,-0.0673919817971645,0.0278898262827886,-0.0014827612807002,-0.7473141555054773,0.3605200361241774,-1.5065340524769453,1.46708391302989,3.185554695351818e-06,-4.566330146305729e-22,7.943793266528959e-08,4.54188166585336e-22
7.01,20.52457817,-4.05470649,0.3582214666494525,-0.0707679784524825,0.0208162736378199,0.0015967259349777,-0.7073552644967573,0.3079487215677565,-1.4680164198625107,1.466141899350067,2.014612548841701e-07,-1.7263367777711284e-25,5.0041855158481735e-09,1.7169252986696019e-25
7.0200000000000005,20.5338269,-4.26895284,0.3583828874395804,-0.0745072826703626,0.0141467029137956,0.0041447040272427,-0.6669570724025667,0.2547978092265536,-1.4274131971172723,1.4601652370781435,1.0536371582734054e-08,-1.3352738752347952e-29,2.6014197317780125e-10,1.3271398974883502e-29
7.03,20.52314064,-4.49946101,0.3581963770178563,-0.0785304091896095,0.0078625514593425,0.0061660420952865,-0.6284151454452083,0.2021338068043472,-1.3849451900388727,1.444855366656551,5.332674056152094e-10,-1.273384701453419e-34,1.3056760696764572e-11,1.2633347891654716e-34
7.04,20.4935514,-4.71565821,0.3576799473566934,-0.0823037621632021,0.0019456970267846,0.0077127862330782,-0.5916854432559071,0.1546744137791951,-1.3406786060244855,1.4142827014693526,2.615622134480642e-11,-2.0455044978128573e-40,6.335112678211073e-13,2.0205865976066644e-40
7.05,20.36771448,-4.99314692,0.3554836787821247,-0.0871468537898139,-0.0037343907720732,0.0087271620208142,-0.5680087798857048,0.1014375787735891,-1.299077064261444,1.2990811649798384,3.3973093097776696e-12,-1.595611502107148e-49,8.129469419800507e-14,1.5372335968093083e-49
7.0600000000000005,20.18086886,-5.24761929,0.3522226075201946,-0.0915882345016671,-0.00924818066623,0.0092810738598484,-0.551378989415785,0.0553911839034301,-1.2596490006480623,0.5691652903709407,7.735315909315146e-13,-1.9300233209552235e-62,1.8269492806228038e-14,1.0406841643761254e-62
7.07,19.94033517,-5.48054181,0.3480245026677232,-0.0956534993777094,-0.0146507979659524,0.0094414973321375,-0.5402617299721548,0.0160423472289045,-1.2227365629655245,-1.1299936319349448,2.825563016176852e-13,-2.0204866822818727e-86,6.583390402085058e-15,-4.525045365469769e-88
7.08,19.62700156,-5.68754042,0.3425557995160634,-0.0992663066692611,-0.0200209857897153,0.0092788206801081,-0.5370187823763953,-0.0162676652029426,-1.1904376307030216,-1.3429069174974493,2.1255317420436262e-13,-2.737428991167156e-86,4.888787400364142e-15,-6.634089810883413e-88
7.09,19.24166017,-5.86239156,0.3358303235163518,-0.1023180347631267,-0.02542992565408,0.0088687315001936,-0.5408939864363851,-0.0410089179914438,-1.163007052134455,-1.3984685266549663,3.1080883992866746e-13,-8.976550655030629e-69,7.065567369516265e-15,-2.204204662674733e-70
7.1000000000000005,18.78648604,-6.0020993,0.3278860362779511,-0.1047563948166468,-0.0309393764392547,0.008286613675621,-0.5509450785173907,-0.058211782457248,-1.1401456245065165,-1.4171956605119291,7.98940885424636e-13,-1.911066911639053e-61,1.7977084369564968e-14,-4.709814259216345e-63
7.11,18.26904542,-6.09625118,0.3188549937753903,-0.1063996551195895,-0.0365942630857033,0.0076177063475279,-0.5654886646449733,-0.0668907328093288,-1.1207800744481826,-1.41900422682561,3.016346719799119e-12,-1.6638651912803174e-58,6.726142693793429e-14,-4.1019458417600374e-60
7.12,17.70221817,-6.13832743,0.3089619919728653,-0.1071340242189817,-0.0424161109053079,0.0069501029817916,-0.5821847819603653,-0.0667603365736134,-1.1033037285750882,-1.409047509882767,1.3287261108639128e-11,-1.4317831106503849e-58,2.93808638771406e-13,-3.523194509821408e-60
7.13,17.09528724,-6.12776338,0.2983690489121741,-0.1069496467641364,-0.0484100136205339,0.0063653523480228,-0.5993902715227212,-0.0584750633768926,-1.0865890724495668,-1.387305703559943,5.874772084276779e-11,-1.9469171329043696e-61,1.288304456844509e-12,-4.769389887966572e-63
7.140000000000001,16.46511515,-6.05834781,0.2873704710875,-0.1057381165154878,-0.0545550511830226,0.0059465469605044,-0.6145037562487705,-0.0418805387518357,-1.068998123691357,-1.3460227188145657,2.1104721937741642e-10,-1.349711242411749e-68,4.5867457017927726e-12,-3.273692266420248e-70
7.15,15.82020128,-5.92702452,0.2761146006642213,-0.1034460927204364,-0.060818624970679,0.005773091611442,-0.6263573787657652,-0.017345534906247,-1.0498784835113126,-1.2596069863077162,5.700449332253508e-10,-8.183705648711163e-87,1.2264789127573433e-11,-1.9328227718622211e-88
7.16,15.17639521,-5.73120622,0.2648780649983963,-0.1000284186497784,-0.0671470746274121,0.0059197886838117,-0.6328449656732165,0.0146697072369712,-1.0279813565801144,-1.0007745918676585,9.984552818676739e-10,-5.9158102598564215e-90,2.1227359882466497e-11,-1.2384255393009293e-91
7.17,14.54002831,-5.46479943,0.2537713673426867,-0.0953787430146093,-0.0734814866761394,0.0064617359259056,-0.6334412048726308,0.0541947242093829,-1.0030044578459736,0.3965399970799831,1.1049951899494192e-09,-4.613470714940536e-63,2.3162097461605203e-11,1.7809404530203558e-63
7.18,13.91803431,-5.12470093,0.2429155241150371,-0.0894429044085154,-0.079757669116838,0.007469493242105,-0.6276182440699842,0.1007757316199582,-0.9745241006980044,1.2601727913023688,7.440967764636473e-10,-1.0969729808534836e-49,1.5335743696035363e-11,1.0446064358502056e-49
7.19,13.31466946,-4.70523258,0.2323848208917354,-0.0821218005931074,-0.0859108821177791,0.0090126661762306,-0.6153213000940095,0.1543172934125404,-0.942299804161664,1.4337139011369686,3.003472054134052e-10,-1.864722918963009e-40,6.066322609494976e-12,1.8472904973817468e-40
7.2,12.72826119,-4.20357386,0.2221500658193115,-0.0733662042077671,-0.0918848555394323,0.0111554056808264,-0.5973973421654367,0.21427395045962,-0.9066267995053698,1.5037525821705684,7.584729874642879e-11,-2.4590653750982488e-33,1.4957900191067825e-12,2.4535611183277508e-33
7.21,12.15651047,-3.61640544,0.2121711332546633,-0.0631181820150342,-0.0976323758355824,0.013957132326473,-0.5747520296149212,0.280172664564613,-0.8678299455452806,1.542867626980443,1.2468013974067775e-11,-1.6259687557929022e-27,2.390648678702878e-13,1.6253370168745274e-27
7.22,11.59527709,-2.939761,0.2023757629015668,-0.051308508671721,-0.103117508387211,0.0174734447266954,-0.5485132551629684,0.3516312400223154,-0.8264570855364911,1.568915277916561,1.410473843263242e-12,-1.3933605658331548e-22,2.6166360740142758e-14,1.3933581099310656e-22
7.23,11.03639019,-2.17443418,0.1926213463503025,-0.037951035808903,-0.1083207050380603,0.0217492265957629,-0.5203196650848498,0.4275781869066836,-0.783623582575652,1.588298514832019,1.221982894368382e-13,-2.464597652326842e-18,2.181625019173102e-15,2.4642215820755575e-18
7.24,10.47473538,-1.32110372,0.1828186206561394,-0.0230576096743452,-0.1132331883658858,0.0268193860088086,-0.4912483327826531,0.5070159413046691,-0.7401598393319951,1.6039281399533116,8.710124246249155e-15,-1.2425990663904588e-14,1.4872435081585371e-16,1.2419196502415808e-14
7.25,9.91116873,-0.37377237,0.1729825270592049,-0.0065235585094824,-0.1178475396806316,0.0327190042342579,-0.4614351314745025,0.5899618225448343,-0.6961389210588701,1.6172496625917174,5.063940313949949e-16,-2.4403502716198077e-11,8.202224373975745e-18,2.437727451622157e-11
7.26,9.33022417,0.64463209,0.1628431317156551,0.0112509524345124,-0.1221810925343629,0.0394416236465561,-0.4333552853730593,0.6722619412297178,-0.6540504484833634,1.6293147759788025,3.05912555113354e-17,-1.687129215048876e-08,4.666591305370188e-19,1.6842519603195723e-08
7.2700000000000005,8.73406742,1.7327436,0.1524382335701664,0.0302420809128596,-0.1262484294776675,0.0469736123502476,-0.4067336943305443,0.7531988703692996,-0.6137921113608883,1.640627614939801,1.892811615628156e-18,-5.018146265836504e-06,2.696134369114658e-20,5.0059607476352925e-06
7.28,8.12405011,2.88375221,0.1417914230165075,0.0503309708761629,-0.130062678620852,0.0552870411280789,-0.3814249143183943,0.8313428777830032,-0.5753381980882164,1.651560108919067,1.1957725887994628e-19,-0.0007076002125652,1.5804293841663334e-21,0.0007053020953688
7.29,7.50146941,4.07800366,0.1309253399421364,0.0711745907753793,-0.1336356216693963,0.0643226432155342,-0.3572943048545013,0.9035602087457052,-0.5386329921065574,1.6625325778750286,7.687920373113587e-21,-0.0459799407833566,9.413514014532253e-23,0.0457873018015002
7.3,6.86882704,5.29666287,0.1198836475980162,0.0924442064496323,-0.1369759939302261,0.0739939652497499,-0.3340372260829232,0.9671322034214226,-0.5033900584452868,1.673882979618754,4.899259436944967e-22,-1.161634695767828,5.5774471437240915e-24,1.1554899850374811
7.3100000000000005,6.22947159,6.51470043,0.1087247899049462,0.1137029722845903,-0.1400884599015129,0.0841813122071613,-0.3112465971287373,1.0187346957413412,-0.4691616931034171,1.6860120916513517,2.95793668730312e-23,-4.874490319023523,3.1601393502811203e-25,4.84228705030207
7.32,5.59170342,7.7181245,0.0975936354740273,0.134706684603841,-0.1429668063632792,0.0947510972550218,-0.2878346461765901,1.0569785047858853,-0.4346447263475034,1.6991696929231714,1.4594548904420876e-24,-6.183047278230028,1.486089797096703e-26,6.132347934908863
7.33,4.96042782,8.87133503,0.0865757977665246,0.1548340053210099,-0.1455997603698521,0.1055269348634341,-0.2632954006573426,1.077583760841442,-0.3991686916180805,1.7140310901806648,5.394829919701364e-26,-6.380146334754853,5.373466428131576e-28,6.31503523105631
7.34,4.34534954,9.97747446,0.075840656623021,0.1741397803606432,-0.1479645937367774,0.1163498389676694,-0.2364833366924964,1.082290410423363,-0.3612274264588557,1.7307010720295697,1.2299842894969186e-27,-6.407793963204953,1.2285007974868433e-29,6.326322534142433
7.3500000000000005,3.75080094,11.00166949,0.0654638259898982,0.1920153558167053,-0.1500359411732571,0.1270234243507227,-0.2071347436479335,1.0673585383051614,-0.3203415920093731,1.7502114857302071,1.6030394377934426e-29,-6.328949617183008,1.5957205834059346e-31,6.227693211735853
7.36,3.18892832,11.9380057,0.0556572987940913,0.2083575055868504,-0.1517749748184543,0.1373597874392054,-0.173903364519752,1.0336363088484766,-0.2745939486543406,1.773292857432696,9.475800674138476e-32,-5.785666539356058,8.782831526449004e-34,5.667826715144821
7.37,2.64972908,12.75866719,0.0462464967318402,0.2226807506316729,-0.1531625867152024,0.1471487277222807,-0.1387611896747914,0.978894028307378,-0.2263317015995865,1.8017579905374084,3.7759701296103294e-34,-2.4418531186633534,2.659236123974523e-36,2.377209644326596
7.38,2.1673056,13.50454582,0.0378266186169112,0.2356987885454375,-0.1541345732296451,0.1562594150830141,-0.0971986514442856,0.9110687360735208,-0.1693317145325203,1.8358705076686543,6.966506136212069e-37,-0.1249731433399663,1.1303254073479588e-39,0.1206204764391103
7.390000000000001,1.70747618,14.14056718,0.0298010812403753,0.2467994553904496,-0.1546838382701473,0.164525986420253,-0.0549265040502175,0.8266571337237612,-0.1110399808509037,1.8793939351989213,3.7537850590017915e-39,-0.0012614611004356,-3.3356363391602876e-42,0.0012020199237956
7.4,1.2728508,14.67013485,0.0222154373466438,0.2560421548440644,-0.1548029192489588,0.1718066696110751,-0.0119080978811521,0.7280683190823484,-0.051389057894851,1.9365409345090143,2.3223519193256874e-40,-3.235008023128423e-06,1.7193145101570185e-42,3.021482924247223e-06
7.41,0.85535194,15.10094619,0.0149287076163209,0.2635612311819932,-0.1544994202178646,0.1779889383686004,0.0303499031094175,0.6182268757524373,0.0075132474325618,2.014108972438624,4.681085700119083e-40,-1.7174862029788042e-09,-1.9573499660649053e-42,1.5517091987289096e-09
7.42,0.45625681,15.44338756,0.0079631835691461,0.2695379605835333,-0.1537812964495652,0.1829917461719876,0.0718123768299243,0.5002807803386434,0.0655760034343439,2.1235023652358844,1.994692368533334e-38,-1.3707378090412486e-13,-1.1873210357566859e-39,1.1667666199930504e-13
7.43,0.07345243,15.71158903,0.0012819867470906,0.2742189592937221,-0.1526616476291317,0.1867688711134969,0.111964882043375,0.3777124941510031,0.1220563379068033,2.2834580145515764,4.70578896054297e-36,-1.1114498702964022e-18,-5.824968824297727e-37,8.408642238744132e-19
7.44,-0.31121767,15.91231525,-0.0054317730318851,0.2777222927278046,-0.1511812478389961,0.1892958380090375,0.1480399790135357,0.252696689554021,0.1731168810941243,2.5240111130168974,1.2245597064357805e-33,-6.012336599515854e-25,-2.1274074801880108e-34,3.4820646847564904e-25
7.45,-0.69685556,16.0638694,-0.0121624239328288,0.280367411640366,-0.1493786398838399,0.1905848361084242,0.1802607955156629,0.1288998099386991,0.2191558921355761,2.866299197556356,1.923086586053245e-31,-8.073250479660019e-32,-4.16702905220539e-32,2.181259127924724e-32
7.46,-1.0812767,16.17656194,-0.0188718385400989,0.2823342675058014,-0.1472882160646518,0.1906701909170521,0.2090423819187759,0.0085354808627855,0.2608560503344731,-3.0140329138176343,1.5889779301320453e-29,-7.059751951663893e-36,-4.073111457869973e-30,8.552747869731234e-39
7.47,-1.47438969,16.26370806,-0.0257329545479585,0.2838552542301394,-0.1449576940131893,0.1896106264422858,0.2330522051462966,-0.1059564474766561,0.296521441163462,-2.660495407716429,5.451865582383055e-28,-4.5354676447420226e-33,-1.584299453821703e-28,-4.947539558774287e-35
7.48,-1.85390846,16.34734723,-0.0323568066575775,0.2853150331302748,-0.1424004767912366,0.1874993656540279,0.2557217221952224,-0.2111260788257549,0.3308961026808047,-2.412127162188085,1.3608867791791074e-26,-2.2567800103011613e-27,-4.404571414551048e-27,-3.8073471684070754e-29
7.49,-2.23755014,16.42656932,-0.03905261712146,0.286697719441086,-0.1396558249154467,0.1844278076781,0.2744651875790529,-0.3071557975928452,0.3605737621461299,-2.2454275882128814,1.7263021806762308e-25,-3.3381995299382724e-22,-6.077260679947111e-26,-6.535112364680596e-24
7.5,-2.61060962,16.51769968,-0.045563733353238,0.2882882442716137,-0.1367399144672455,0.1805097474154596,0.2915910448200681,-0.3918060262639826,0.3886967165673378,-2.133018033786976,1.6210817562971242e-24,-3.6001751468009834e-18,-6.138504402696628e-25,-7.570686343108483e-20
7.51,-2.96560935,16.62671097,-0.0517596474854289,0.2901908502039602,-0.1336580083699474,0.1758639453917356,0.3081906097297627,-0.4645802023723245,0.4167532651234558,-2.0541201099059183,1.3337039178504726e-23,-4.167826485671106e-15,-5.3995506251857895e-24,-9.143870554861932e-17
7.5200000000000005,-3.30233362,16.75680652,-0.0576365946683032,0.2924614458936531,-0.1304157490366322,0.1706089536534073,0.3242259333315879,-0.5254991738329348,0.4447281953340657,-1.9964075289901293,9.62801144617514e-23,-8.502505506397938e-13,-4.144966423534004e-23,-1.9175598172218983e-14
7.53,-3.59675892,16.93348042,-0.0627752855544753,0.2955449871509922,-0.1269849169834742,0.1648942525619758,0.3430832053157409,-0.571470109143068,0.4770888579951029,-1.9546471378166208,9.48095561937166e-22,-3.3953391310966004e-11,-4.357674615432622e-22,-7.798047313850187e-13
7.54,-3.8857251,17.10165726,-0.0678186968223859,0.2984802267345919,-0.1233937873052958,0.1587813193235016,0.3591129678179129,-0.6112933238475332,0.5065125876469728,-1.9195798235001191,6.111567721946077e-21,-6.827634338340995e-10,-2.967623239385557e-21,-1.5903533159652697e-11
7.55,-4.15575706,17.27639679,-0.0725316436099995,0.3015300068664793,-0.1196500594172037,0.1523508751104302,0.3743727888091489,-0.6430444213070424,0.5357025348884152,-1.8905109805730853,3.420549370930544e-20,-6.5752722489993034e-09,-1.7473402469862812e-20,-1.5482514046052912e-10
7.5600000000000005,-4.36994881,17.49234823,-0.0762699948781081,0.3052990705189023,-0.1157088769310763,0.1457288069971837,0.3941182486128188,-0.6622068113247822,0.5713477662937316,-1.8679878117360016,3.104073291307587e-19,-2.3772173234642623e-08,-1.6794179414600214e-19,-5.641610318726568e-10
7.57,-4.57081978,17.7020862,-0.0797758546762828,0.3089596886618514,-0.1115914656072219,0.1389640735396506,0.4117411323853801,-0.6764733457532005,0.6051189117257578,-1.8478235955040008,2.059247923479363e-18,-5.945873621796372e-08,-1.1717040017037283e-18,-1.420421475162495e-09
7.58,-4.74887052,17.91243384,-0.0828834263248952,0.3126309475536511,-0.1073048881412597,0.1321123698580958,0.4286577465963093,-0.6851703681556163,0.6388306705437511,-1.8299052161158356,1.197693578432436e-17,-9.981085774984405e-08,-7.14150493865914e-18,-2.3976122423988838e-09
7.59,-4.904813,18.11753562,-0.0856051360446206,0.3162106489163522,-0.1028578211011634,0.1252170412038793,0.4447067040095536,-0.689532865421547,0.6723255960781128,-1.8135148570200712,6.059364053014077e-17,-1.2386049404364318e-07,-3.7733847688529316e-17,-2.9895359735591903e-09
7.6000000000000005,-5.04393611,18.31381475,-0.0880332923797348,0.3196363659878021,-0.0982669326132852,0.1183130659917911,0.4590888487877507,-0.6903975212087149,0.7047071713605314,-1.79820559931029,2.4782044669533034e-16,-1.2081916262513466e-07,-1.605111543370924e-16,-2.928396257085304e-09
7.61,-5.16761439,18.49847178,-0.0901918855789383,0.3228592391482561,-0.0935504956218161,0.1114286194730058,0.4716436991470057,-0.6884446518786664,0.7358552388345085,-1.7836554128619966,8.176819428073271e-16,-9.708136371314823e-08,-5.48730645833008e-16,-2.361902796919653e-09
7.62,-5.2821563,18.66211349,-0.0921910190399613,0.3257153257813499,-0.088735210596665,0.1045760043228868,0.4815285025150367,-0.6852615150117894,0.7648779274288529,-1.7693303906709854,2.0257719938613237e-15,-7.172794974408822e-08,-1.40245489863438e-15,-1.751153114524813e-09
7.63,-5.38944584,18.81105034,-0.0940635747659115,0.3283147641913988,-0.0838489825599987,0.0977753539964857,0.4886228036667204,-0.6800650326402418,0.7917024696785251,-1.755411931613152,3.7731562526769575e-15,-4.598097508927954e-08,-2.684290734644152e-15,-1.1261251653531035e-09
7.640000000000001,-5.49483533,18.93621393,-0.0959029683634091,0.330499280940515,-0.0789256065365363,0.091031842584238,0.4923376023461664,-0.6743511412246634,0.8157095974543296,-1.7414692110026342,5.0298841131475215e-15,-2.8398038835962438e-08,-3.662235993069505e-15,-6.975540400576799e-10
7.65,-5.59641338,19.04755443,-0.0976758397836645,0.3324425392563318,-0.0739936347098165,0.0843641027304975,0.4931971826720764,-0.6667739853741841,0.8374617717566655,-1.727812704106779,5.077108343062026e-15,-1.5285589155038234e-08,-3.771523990672928e-15,-3.764730136917136e-10
7.66,-5.69536992,19.14626705,-0.099402957223046,0.3341653994886017,-0.0690810624711508,0.077790464729758,0.4912572238664948,-0.6573638000738554,0.8569686778226334,-1.7143913349481337,3.899078020202224e-15,-7.148098207457346e-09,-2.9468570663617933e-15,-1.764793849237781e-10
7.67,-5.79369894,19.23576953,-0.1011191223723053,0.3357275124533021,-0.0642163369164425,0.0713320390022617,0.4864725554707491,-0.6458425727495238,0.8740841416286296,-1.7012206520633963,2.2562715918190225e-15,-2.824177125810166e-09,-1.7303260851621921e-15,-6.98778489256703e-11
7.68,-5.88766646,19.32879221,-0.102759164986239,0.3373510644983312,-0.0594199150833231,0.0650256681620551,0.4796421833120398,-0.6306370840207901,0.8895529251990293,-1.6885616221742947,1.0571737343119229e-15,-8.254934332965323e-10,-8.21157143462144e-16,-2.046377102020142e-11
7.69,-5.97786189,19.42821587,-0.104333372209991,0.3390863347197146,-0.0547109825052037,0.0589082902911757,0.470893257811869,-0.611737787087844,0.9033820976864888,-1.6763442306062502,4.023656641821192e-16,-1.7433941059361306e-10,-3.160170832031553e-16,-4.328979033104442e-12
7.7,-6.06238313,19.53835734,-0.1058085461358594,0.3410086660142012,-0.0501038578927613,0.0530187333972237,0.460712461244333,-0.588955689395311,0.915971023657414,-1.664535404581129,1.2944050534987263e-16,-2.539081717238065e-11,-1.0266464761566592e-16,-6.313748008992934e-13
7.71,-6.15613375,19.68120293,-0.1074448031306454,0.3435017918816551,-0.0456323798536824,0.0474225639613391,0.4471478039078201,-0.559616943588375,0.9248483252004496,-1.6535075843295155,2.805169817268856e-17,-1.928167851961903e-12,-2.2400030790167868e-17,-4.800313650407144e-14
7.72,-6.24165619,19.82949398,-0.1089374512929847,0.3460899589553945,-0.0413016979670179,0.0421390152774442,0.433068188666528,-0.5283548683895957,0.9330309556443772,-1.642487441383552,5.4831928016712624e-18,-1.0667010119073761e-13,-4.405387113923768e-18,-2.658385079747233e-15
7.73,-6.32689215,20.00448442,-0.1104250994360829,0.3491441182929082,-0.0371269951475105,0.0372140373597093,0.4174702819506791,-0.4924977917734136,0.9391260994151484,-1.6318086723460914,8.506013167638199e-19,-3.1256657339273986e-15,-6.864824627945308e-19,-7.7963867790369e-17
7.74,-6.41701946,20.19405535,-0.1119981177415485,0.3524527551874759,-0.0331285965426056,0.0326700701722052,0.3998398604905686,-0.4543967187504954,0.9420950206379828,-1.6210959713266042,9.582916381572048e-20,-5.503675631801965e-17,-7.750742369013696e-20,-1.3737894140557773e-18
7.75,-6.50591678,20.39750303,-0.1135496686717475,0.3560035870590197,-0.0293152243042369,0.0285241446835338,0.3813372238368113,-0.4145925488670745,0.9429678807766372,-1.6102061699191377,8.756865289320076e-21,-5.562372192330319e-19,-7.087126124423242e-21,-1.389270866867793e-20
7.76,-6.61468111,20.60258789,-0.1154479643389732,0.3595829931120113,-0.0257238707820196,0.0247717257992971,0.3591353522216706,-0.3752418884236108,0.9371206882639896,-1.5987989691698736,4.279392393509425e-22,-3.764374927919394e-21,-3.4486231725612883e-22,-9.406416984231152e-23
7.7700000000000005,-6.74368073,20.78790551,-0.1176994324417947,0.362817395742971,-0.022387530864159,0.021375427000701,0.3336339917861295,-0.3396298798596773,0.9234772588436828,-1.5864596433477691,1.0597550993704448e-23,-2.547594323381508e-23,-8.453657079228973e-24,-6.3680282648314195e-25
7.78,-6.93541486,20.9363277,-0.1210458242987415,0.3654078516414916,-0.019395612235106,0.0182740874801644,0.2991918629052564,-0.3101339520536193,0.8893349622127135,-1.5729946122064755,4.528294629741435e-26,-2.6792293844481918e-25,-3.5167191425851245e-26,-6.698053622121519e-27
7.79,-7.09764389,21.05540937,-0.1238772550145582,0.3674862188617649,-0.0166958167770613,0.0154204133392877,0.2699795458045231,-0.2853674140877262,0.8562089286614244,-1.5585603321294996,2.6357198628785013e-28,-4.1189799498880135e-27,-1.9907186386611054e-28,-1.029650502829246e-28
7.8,-7.29914583,21.11813751,-0.1273941273167143,0.3685810314384169,-0.0143366257558703,0.012730787982788,0.2359191021190558,-0.2689625356499245,0.8022964631562729,-1.543453214039001,3.098061274619601e-31,-2.09797632966839e-28,-2.2269727623047684e-31,-5.242538738292765e-30
7.8100000000000005,-7.51913615,21.10850838,-0.1312336827232302,0.3684129714158143,-0.0123304936835628,0.0101045648587646,0.2006132072307896,-0.2626223124023953,0.729133671496122,-1.5284847823602068,9.371936707179888e-35,-6.24533153195429e-29,-6.242515698090874e-35,-1.5596220201876038e-30
7.82,-7.74983509,21.02914635,-0.1352601388070911,0.3670278426912479,-0.0106753425376244,0.0074527600669709,0.1655151145938154,-0.2651804791793237,0.6354659093977283,-1.5144211239485743,6.307666590046516e-39,-9.966974348312042e-29,-3.7440901219885776e-39,-2.48690168466255e-30
7.83,-7.98404739,20.86241213,-0.1393479145907598,0.3641177815765032,-0.0093566119879367,0.0046687741270462,0.1318730549688008,-0.2783985939925275,0.5222305138166892,-1.502219159653631,7.503036439294223e-44,-1.1202586193449709e-27,-3.7457919217085263e-44,-2.7926030819195455e-29
7.84,-8.2126118,20.59858792,-0.143337116098138,0.3595131804655303,-0.0083455787349702,0.0016418822749306,0.1011033252966289,-0.302689185211511,0.3960858442131493,-1.4923394235656045,1.3332546128994372e-49,-7.295885780487012e-26,-5.141096415328221e-50,-1.8171225500865206e-27
7.8500000000000005,-8.42002601,20.24674664,-0.146957176978061,0.3533723916850991,-0.0075916576013858,-0.0017148511749345,0.0753921133584358,-0.335673344986473,0.2741319129431173,-1.484276270281968,6.148147703121333e-56,-1.2854036623922984e-23,-1.654269500290963e-56,-3.1988499942204604e-25
7.86,-8.59677259,19.80863688,-0.1500419867407005,0.3457259338879769,-0.0070331108701965,-0.0054763888994662,0.0558546731189397,-0.3761537724532406,0.1724971831416831,-1.477539033490988,2.1711304155104723e-62,-3.8325298461803556e-21,-3.759286699014388e-63,-9.530592461034868e-23
7.87,-8.72258755,19.2865806,-0.1522378720409655,0.3366143329212634,-0.0065830343992011,-0.0097053751494748,0.0450076470995335,-0.4228986250007909,0.1136026021292846,-1.4716242160775277,5.09395285049574e-67,-1.3503424828953617e-18,-5.8491971976193686e-68,-3.355659706240441e-20
7.88,-8.79211948,18.69042357,-0.1534514331547317,0.3262094298888529,-0.0061533435563621,-0.0144419883169088,0.0429690842839018,-0.4736613167435011,0.1030436596153829,-1.4659465452378015,4.910458007257401e-68,-3.9481903368050486e-16,-5.069571863137541e-69,-9.80452795019286e-18
7.890000000000001,-8.78481688,18.02979756,-0.1533239787407755,0.3146793308900398,-0.0056337583658379,-0.0197058186698272,0.0519585190524107,-0.5263830352917529,0.1555035765043239,-1.4601130220659773,5.280232571900279e-64,-7.820116469993041e-14,-8.294633265674714e-65,-1.9404870039056115e-15
7.9,-8.69869116,17.31863702,-0.1518208013561248,0.302267237956779,-0.0049209094849741,-0.0254912895707423,0.0712848880864011,-0.5785470900916262,0.2666613943229191,-1.4537696998797738,3.2689127179637454e-57,-8.931135016645164e-12,-8.561241288645243e-58,-2.214237896410105e-13
7.91,-8.508862,16.58028362,-0.1485076574978297,0.2893805400834843,-0.0038857816363019,-0.0317563483253023,0.1035127848672035,-0.6265058754558991,0.4424846233945991,-1.4464632684762435,3.7835744787416064e-49,-4.864414301405207e-10,-1.6211494122154483e-49,-1.2047170647591069e-11
7.92,-8.21569678,15.82142776,-0.1433909591564962,0.2761360067784312,-0.0024127668856687,-0.0384494843175097,0.1473014750632959,-0.6693135992206398,0.6516057575888444,-1.438213087948971,1.6833745648984778e-41,-1.3494809594359297e-08,-1.0208673448830949e-41,-3.3378407419149585e-10
7.930000000000001,-7.80318016,15.0688265,-0.1361911859182979,0.2630006368367733,-0.0003759589983545,-0.0454822470390832,0.2036807887314564,-0.7032762721574886,0.8629349039470869,-1.4285271531307755,1.8216030798129094e-34,-1.63880540831278e-07,-1.383839320509982e-34,-4.046968861358172e-09
7.94,-7.27057798,14.33154532,-0.1268955242739984,0.2501326527327843,0.0023373227993796,-0.0527580914719968,0.2713281797733815,-0.7275844432912433,1.0447723232714925,-1.417327797318763,3.079385714906063e-28,-9.204935966947284e-07,-2.6634173490339033e-28,-2.2686067896531975e-08
7.95,-6.61081132,13.62388397,-0.1153804237621124,0.2377816321861763,0.0058359100470538,-0.0601662337544701,0.3498587247674913,-0.740814228247481,1.1894998744276637,-1.404302532504557,1.0246355365044026e-22,-2.3429336889183983e-06,-9.511935545137996e-23,-5.7598997593122295e-08
7.96,-5.82938729,12.951831,-0.1017420015844095,0.2260520951118697,0.0102063984087734,-0.0675954105363341,0.4370488361718931,-0.7429176781862811,1.300248473808223,-1.3892483493696175,7.003761400051994e-18,-2.814885646601861e-06,-6.749703489404928e-18,-6.898572300607837e-08
7.97,-4.92605343,12.32320582,-0.08597585148266,0.2150805159599277,0.0155226049432909,-0.0749320614227578,0.5316206534518519,-0.733665088642513,1.385688985618338,-1.3717635108846584,1.2654885619918945e-13,-1.5866313161398323e-06,-1.2439401707672713e-13,-3.873118700200445e-08
7.98,-3.91418552,11.73333676,-0.0683154248578863,0.2047853587072837,0.021826672380443,-0.0820790803316176,0.6304067437151124,-0.7147018908858764,1.4526838065843042,-1.3517087583012566,6.411556635241678e-10,-4.5858789428923006e-07,-6.367044150811687e-10,-1.1139409669441817e-08
7.99,-2.79036889,11.19932617,-0.0487011244757194,0.1954651156712662,0.0291553333897552,-0.0889241076514586,0.7328661009313606,-0.6845027319842353,1.50720783294689,-1.32793340273828,1.2059098814668095e-06,-5.7993660386703946e-08,-1.2034816078465369e-06,-1.3996962269295862e-09
8.0,-1.59346238,10.6869315,-0.027811165037665,0.1865221416100964,0.0374798085430448,-0.0954146730822645,0.8324475153288369,-0.6490565430804867,1.552632862208411,-1.3012967632139956,0.0007123538952971,-4.5621957098495374e-09,-0.0007122368293089,-1.0924480150935576e-10
8.01,-0.37841829,10.15037153,-0.0066046451102667,0.1771574034991943,0.0466884292063824,-0.1015700706606623,0.9208620663336092,-0.6155397578396833,1.5919652435162004,-1.2738549936832912,0.1104268786838043,-3.6931112933283816e-10,-0.1104022293006095,-8.765228281770543e-12
8.02,0.93130855,9.68894159,0.0162544005494742,0.1691039317789145,0.0567816914340441,-0.1072687568100451,1.0093262227663764,-0.5698686149383926,1.6274582650247398,-1.2391516545412535,4.111536434239573,-9.54313437429175e-12,-4.104962311778703,-2.237326899020141e-13
8.03,2.35144152,9.32481852,0.0410403966921,0.1627487853249447,0.0677763127646021,-0.1123705303854802,1.0994621330556205,-0.5101773575434295,1.659899707803559,-1.1929945674151743,6.4487983344082425,-5.1680046901241586e-14,-6.423308011991079,-1.1899135321701897e-15
8.040000000000001,3.61269889,8.80012405,0.0630534905136444,0.1535911392564381,0.079297470392684,-0.1171177248862555,1.1521157628084258,-0.4747194500776292,1.692691424221629,-1.156842173900426,6.495141859100142,-1.8891777240228574e-15,-6.447117661074896,-4.2829782694769456e-17
8.05,4.97428961,8.38498713,0.0868177316422446,0.1463456331558498,0.0913668005405625,-0.121350561843894,1.206933014787659,-0.4232836957637796,1.7237125613989042,-1.1049327568017409,6.499535825908554,-1.0048035951955097e-17,-6.423951795079766,-2.2235954600512683e-19
8.06,6.17280468,7.83440548,0.1077357657485149,0.1367361705622867,0.1036247968578773,-0.1252744360570551,1.2257996317317272,-0.3923874213161902,1.7575777246620998,-1.065368488345621,6.499793647406782,-3.5686221750764664e-19,-6.3871109682579865,-7.741158069320278e-21
8.07,7.44365355,7.39579407,0.1299162628252643,0.129080957320972,0.1160754342424557,-0.1287277508616954,1.2450637384576408,-0.3453314804639772,1.790467943430142,-1.005145472943544,6.499908931451468,-1.372080018720857e-21,-6.344191703581549,-2.8796146167471527e-23
8.08,8.53640375,6.82904091,0.1489883517170909,0.1191892486328897,0.1283639214469187,-0.1319069080553586,1.2288487204465406,-0.3179157193663844,1.8285019365840287,-0.961771179883656,6.499833983404891,-4.498918552364548e-23,-6.28580484788967,-9.199700442340656e-25
8.09,9.59449988,6.29254767,0.1674556129882008,0.1098256751801976,0.1403698096054114,-0.1347685531351555,1.2005888158490834,-0.286164507979644,1.8688496130317471,-0.9091683265991812,6.499503688941623,-6.586162408854274e-25,-6.213681597417136,-1.3011493460731895e-26
8.1,10.56752552,5.74506982,0.1844381141125259,0.1002703841159579,0.1519123529576569,-0.1373335858509656,1.154254335224375,-0.2565032715809672,1.913820866871141,-0.8551399068829263,6.496755362228399,-1.009618172521186e-26,-6.119120090534287,-1.91706071840741e-28
8.11,11.45704179,5.20063916,0.1999631017740847,0.0907682765501521,0.1628307360312427,-0.1396031107919221,1.0918383073587952,-0.2269524940956953,1.9645243158204804,-0.7967318880343225,6.453966188494039,-1.2411697982248204e-28,-5.961062378740799,-2.2432155903579743e-30
8.120000000000001,12.26005922,4.6664482,0.2139783998784878,0.0814448854637628,0.1729770503935958,-0.1415697818826736,1.0146314362351496,-0.1966671090751185,2.0225956611826645,-0.7318545633241286,5.257490628523748,-1.0778447151834782e-30,-4.730704140645233,-1.82336739832629e-32
8.13,12.98171263,4.15222897,0.2265736279412324,0.0724700668231928,0.1822278230386933,-0.1432149323996119,0.9250772645099362,-0.1645150516938609,2.0896930310175126,-0.6570269260790511,0.3257055175353955,-5.59174539021011e-33,-0.2828685432606213,-8.569404523732572e-35
8.14,13.59571873,3.66693255,0.2372900560135619,0.0640000464460515,0.1904380918627256,-0.1445107404711054,0.8210268824030996,-0.1295808071493312,2.1703058172187006,-0.5681020225292244,0.001257959212315,-1.637239549530487e-35,-0.0010386459111953,-2.1320677071207862e-37
8.15,14.15545411,3.21177755,0.2470592813344636,0.0560560930891368,0.1975576650388336,-0.1454321687112746,0.7119573176109479,-0.0921428240169375,2.263430477515671,-0.4632183861319962,1.7417438928665875e-06,-4.075370876268654e-38,-1.3402913923897106e-06,-4.311969553727984e-40
8.16,14.67502435,2.80441429,0.2561274927178407,0.048946262950479,0.2035677642191465,-0.1459335360278162,0.6010099180311955,-0.0501367316541522,2.3698555162807438,-0.3337060583294507,8.633368181063018e-10,-1.7061999823454803e-40,-6.01953251743643e-10,-1.7061237849229845e-42
8.17,15.09455772,2.43804681,0.2634497313463283,0.0425519441522446,0.2083731807790389,-0.1459852926297591,0.4805416559891638,-0.005175660194289,2.4997642868138685,-0.1826499140305826,5.890178826083176e-14,-1.1015571606465745e-41,-3.526249858790922e-14,-3.357698080045949e-44
8.18,15.48365997,2.11606179,0.2702408467357464,0.0369322454111448,0.2119936704897139,-0.1455584249316165,0.3620489710675688,0.0426867698142626,2.645489890531806,-0.0124428999787861,8.953884781450669e-19,-7.253589386227278e-41,-4.266076838315416e-19,-3.518551132638268e-43
8.19,15.83487474,1.84143383,0.276370700853881,0.0321390832911095,0.2144446291943323,-0.1446252022200947,0.2450958704618039,0.0933222711521651,2.8062994900259146,0.1696448550374195,2.8284519456067683e-24,-4.023035779601456e-38,-9.273733461592224e-25,6.85834983472323e-39
8.2,16.1512997,1.60672729,0.2818933582413724,0.0280426813921457,0.2157523933042595,-0.143174076660698,0.1307764109927455,0.1451125559397037,2.9768696242276267,0.3477917120477619,8.093576769519383e-30,-1.9005514203973231e-34,-1.342295421982177e-30,6.458871513934952e-35
8.21,16.44079773,1.40420062,0.2869460520429097,0.0245079241775457,0.2159599689929072,-0.1412088863107737,0.0207575688647677,0.196519034992401,-3.1349809217261426,0.5086761366024797,4.279790977787888e-33,-1.006655464416352e-30,1.2355597139835624e-35,4.907079104001725e-31
8.22,16.70784959,1.22498611,0.2916069862734846,0.0213800409106974,0.2151205726130781,-0.1387491868216521,-0.0839396379829299,0.2459699489122075,-2.971521031915709,0.6451796227285957,9.676570279469825e-32,-2.2726270059437537e-27,1.6444315742931791e-34,1.3666147315885466e-27
8.23,16.9620134,1.07049352,0.2960429815973979,0.0186836365452637,0.2133036845661627,-0.1358142294831649,-0.181688804691512,0.2934957338486768,-3.0615113807633154,0.7594562382893815,1.5344004501351126e-27,-1.993766998265639e-24,4.587650897098886e-30,1.3724771611078191e-24
8.24,17.20773087,0.92702033,0.3003315604785683,0.0161795569914243,0.2105859742199391,-0.1324443638617959,-0.2717710346224158,0.3369865621369626,-2.848748418174935,0.8513250179864903,4.254970922771409e-23,-5.663709206033035e-22,4.112813961665155e-25,4.259506525510351e-22
8.25,17.45204368,0.7929008,0.3045956234178676,0.013838729601697,0.2070539128066024,-0.1286819336432376,-0.3532061413336121,0.376243021855776,-2.6696271218535506,0.925624436119766,2.6390127762277273e-19,-6.12965417160758e-20,2.8328066924401213e-21,4.897560237136211e-20
8.26,17.69778155,0.6626606,0.3088845583462054,0.0115656092932411,0.202796399913902,-0.1245762555510936,-0.4257512892699711,0.4105678092143333,-2.525348193106676,0.985599530627576,3.096143617479576e-16,-2.7439954997577373e-18,4.430035326476485e-18,2.2875710447445014e-18
8.27,17.94863421,0.53146954,0.3132627632005914,0.0092758933470597,0.1979052019136492,-0.1201818099264204,-0.4891198000253756,0.4394445624674073,-2.4113071980070675,1.0340442463979878,8.507958948865558e-14,-5.511291012230192e-17,1.436701097209778e-15,4.736816700271987e-17
8.28,18.20886503,0.4000877,0.317804647824756,0.0069828476617313,0.1924749254088446,-0.1155495066734924,-0.5430276504803833,0.4632303252927278,-2.3215488492572933,1.0739183317081844,6.901332226844352e-12,-5.729836641976642e-16,1.2733423746771261e-13,5.037669170921161e-16
8.290000000000001,18.47731958,0.2651127,0.3224900636142158,0.0046270895038519,0.1865944345472792,-0.1107325587605893,-0.5880490861566561,0.4816947912904088,-2.2498544117757304,1.1067388560588718,2.1143698896448798e-10,-3.2406000921496e-15,4.126197532775432e-12,2.8983295998300624e-15
8.3,18.75373506,0.12659865,0.3273144238436963,0.0022095632710799,0.1803479964632674,-0.1057810219153805,-0.6246438084010787,0.4951536845207983,-2.191726347363752,1.134052889228352,2.909747857088109e-09,-1.0825743809683131e-14,5.905612180491219e-11,9.811113125899707e-15
8.31,19.03625099,-0.00954534,0.3322452570115301,-0.0001665976112223,0.1738128154489273,-0.1007333883785301,-0.6535181014341441,0.5047633536851398,-2.143685911333096,1.157662662285467,2.0790622950923172e-08,-2.4622117153299902e-14,4.34507639297661e-10,2.255412380277805e-14
8.32,19.31830524,-0.16021299,0.3371680323432733,-0.0027962441799647,0.1670523927492468,-0.0956497052054225,-0.6760422699679411,0.508368317310685,-2.102663742875045,1.1763252200365266,9.017907539801517e-08,-3.15898256490144e-14,1.928805212778645e-09,2.916822865034127e-14
8.33,19.59530267,-0.3140799,0.3420025495163358,-0.0054817283693345,0.1601200225529488,-0.090569274703432,-0.6932370196299322,0.5080430501991429,-2.0666801147441163,1.1920747510202094,2.638212390174451e-07,-2.8029929661086963e-14,5.751217313564558e-09,2.60476100175467e-14
8.34,19.8691247,-0.47011013,0.3467816455043306,-0.0082049696154785,0.1530684952043275,-0.0855267151028044,-0.7051527348620281,0.5042559600626817,-2.0349520620537307,1.2054199626271966,5.333156988563445e-07,-1.7922385969906983e-14,1.1811910269344512e-08,1.6741785511397242e-14
8.35,20.11466041,-0.63111896,0.3510670520750525,-0.0110151038237623,0.1459113314858892,-0.0805575860339277,-0.7157163718437101,0.4969129068875908,-2.004135835187288,1.2163371423022526,9.819485845686216e-07,-8.101979275715851e-15,2.2067715177602028e-08,7.599407561855088e-15
8.36,20.34956798,-0.79146823,0.3551669626094116,-0.0138137265384317,0.1386868318891572,-0.0756860501518197,-0.7224499596733513,0.487153588210906,-1.9757689599660733,1.2256423340288063,1.4002823021213444e-06,-2.85213336715852e-15,3.1871607088515174e-08,2.684301207041178e-15
8.370000000000001,20.55666905,-0.94895916,0.3587815581653149,-0.0165624618089596,0.1314061718984754,-0.0709305323466285,-0.7280659990680588,0.4755517805190393,-1.9478460452660733,1.2336947115183416,1.8599244038862915e-06,-8.160179814392019e-16,4.283732116783124e-08,7.701960211099798e-16
8.38,20.72976084,-1.11227758,0.3618025798089854,-0.0194129059671146,0.1240711841356165,-0.0663195405951138,-0.7334987762860375,0.461099175151561,-1.9197600196154931,1.2396188586939825,2.450016213935672e-06,-1.6785859865743192e-16,5.706398574407434e-08,1.5875859261289238e-16
8.39,20.86782739,-1.26284039,0.3642122956933548,-0.0220407227326692,0.1166825032547886,-0.0618518821028977,-0.7388680880826722,0.4467658492215416,-1.8914669745497716,1.2455426184752898,3.226326055776084e-06,-3.334584447602489e-17,7.594282481047756e-08,3.160169126861056e-17
8.4,20.96646572,-1.41648256,0.3659338593205235,-0.0247222844690781,0.1092348423235259,-0.0575480287001461,-0.7447660931264266,0.4303853402752449,-1.8627057781319716,1.249696184253946,4.415660157157541e-06,-4.991050022666224e-18,1.0497788038881157e-07,4.7365690251656154e-18
8.41,21.0213434,-1.56403557,0.3668916555223793,-0.0272975703148062,0.1017176204367811,-0.0534126675044574,-0.7517221886743577,0.4135361195688045,-1.8333318825188043,1.2531533192713538,6.497956606206604e-06,-6.579905847289908e-19,1.5593012696362306e-07,6.251546197994174e-19
8.42,21.04254237,-1.70728567,0.3672616473469108,-0.0297977562136173,0.0941359964247094,-0.0494515316676871,-0.7581624012070515,0.3961135836769747,-1.8041355160691448,1.255707517837641,9.271088830258194e-06,-7.444099253404954e-20,2.2435274537640842e-07,7.07852118876448e-20
8.43,21.04998086,-1.84391055,0.3673914734887876,-0.0321823102097595,0.0865235514777212,-0.045665439066249,-0.7612444946989679,0.3786092601438824,-1.7761301683949566,1.257654013310736,1.0677906097459495e-05,-7.573317592296573e-21,2.602659695334585e-07,7.205942338481419e-21
8.44,21.00688552,-1.98295537,0.3666393179135211,-0.0346091001266023,0.0788590410627738,-0.0420668420918185,-0.7664510414946266,0.35985969744299,-1.7472973511735184,1.2577461878175056,1.4173133347993283e-05,-5.847044965913909e-22,3.477214265988984e-07,5.563575519140466e-22
8.45,20.97733443,-2.11423645,0.3661235540954679,-0.0369003872181764,0.0712145758376196,-0.0386514738082951,-0.7644465225155697,0.3415368283524088,-1.720431146221681,1.257321040442014,1.1860060229264005e-05,-4.197211079993326e-23,2.925015608390665e-07,3.993177745449764e-23
8.46,20.93704361,-2.25187409,0.3654203466281395,-0.0393026172108511,0.0636217349323582,-0.0354342706348947,-0.7592840905260237,0.3217203173399959,-1.6939832918760978,1.2541470098066827,8.111321219072472e-06,-2.07851888681697e-24,2.0091879034519693e-07,1.9754370153196043e-24
8.47,20.87249861,-2.38945141,0.3642938238624398,-0.0417037944209209,0.0560900033232405,-0.032418530119707,-0.7531731609119178,0.3015740515188259,-1.6672831755415864,1.2488994345262046,5.220397254284621e-06,-8.079000293233354e-26,1.297705511706684e-07,7.665041035544341e-26
8.48,20.88088856,-2.52368528,0.3644402561140175,-0.044046617420115,0.0487660242488268,-0.0296012930950622,-0.7323979074412582,0.2817237024644394,-1.6424281664615077,1.2418792486267756,1.2539985994616665e-06,-2.65028562070226e-27,3.1251760380485556e-08,2.508546793153688e-27
8.49,20.87168275,-2.65686097,0.3642795844192045,-0.0463709716942302,0.0416543151044215,-0.026981783426855,-0.7111709144406639,0.26195096682077,-1.6165321437460989,1.2323396412549126,2.810582579578541e-07,-6.894451568236497e-29,7.01746250887985e-09,6.504213680589697e-29
8.5,20.91383984,-2.81902218,0.3650153644427641,-0.0492012187277482,0.0348557476006119,-0.0246006415008555,-0.6798567503808555,0.2381141925999092,-1.590212331558297,1.212313134232358,2.899249467013244e-08,-5.854010492344441e-31,7.246449411305508e-10,5.482667697493919e-31
8.51,20.98705948,-2.97308099,0.366293288237889,-0.0518900522039526,0.0284320181158623,-0.0224409658322408,-0.6423729484748643,0.2159675668614377,-1.5621617893594404,1.188598012104546,1.673110492939592e-09,-4.4559418562672036e-33,4.182585105792295e-11,4.135060397599282e-33
8.52,21.09164958,-3.13896308,0.3681187298478791,-0.0547852408445421,0.0224377464370151,-0.0205140574442072,-0.5994271678848326,0.1926908388033962,-1.531184548742985,1.1533544872742068,5.1872438859455077e-11,-1.5077568204804196e-35,1.2955653057759536e-12,1.378500702871078e-35
8.53,21.23138665,-3.31882593,0.3705576018064689,-0.0579244397790628,0.0169256163593559,-0.018831818533824,-0.5512130077658417,0.1682238910382928,-1.4954940424762169,1.0999590555992376,7.746730684306018e-13,-1.7478836785011252e-38,1.9299810939064783e-14,1.5579297365666748e-38
8.540000000000001,21.39134352,-3.50645912,0.3733493758491534,-0.0611992567305829,0.0119195869833254,-0.0173947499400369,-0.5006029376031478,0.1437068593787444,-1.4527922584868729,1.021641449686238,6.219231932981194e-15,-6.993757317799333e-42,1.5416791701723384e-16,5.966079106623086e-42
8.55,21.55650171,-3.71056263,0.3762319300512878,-0.0647615349949601,0.0074169560270478,-0.016214031786357,-0.4502630956276836,0.1180718153679732,-1.4002817151191422,0.894730744094466,3.084442439400553e-17,-4.1982091810119405e-46,7.576701462124473e-19,3.2746190485015647e-46
8.56,21.71830922,-3.92488093,0.3790560038552414,-0.068502094977237,0.0033997550860461,-0.0152893604023657,-0.4017200941002561,0.0924671383991467,-1.3341387597153591,0.6899983295285251,1.0229837743898668e-19,-2.541807787552476e-51,2.473285877561482e-21,1.6176947029410554e-51
8.57,21.84493143,-4.14744367,0.3812659783258932,-0.0723865475824971,-0.0001969584871141,-0.0146159669290054,-0.3596713573159684,0.0673393473360148,-1.2540232893305747,0.3680058355358832,4.05704014165052e-22,-5.3231768328435776e-58,9.562995149833892e-24,1.911588907140573e-58
8.58,21.92173184,-4.38292296,0.3826063983472748,-0.0764964365132557,-0.0034563719396241,-0.0141944316112245,-0.3259413452510635,0.0421535317780978,-1.1632266124592054,-0.0732076654464912,2.9587405859071845e-24,-1.6625611601468542e-67,6.726704569658834e-26,-6.958311000021817e-70
8.59,21.92331698,-4.63080719,0.3826340642593798,-0.0808228324905266,-0.0064931339574295,-0.0140228917987642,-0.3036762017804939,0.0171539812460308,-1.077195170229326,-0.4926303694517294,8.677885865209736e-26,-1.2239162454951832e-82,1.8939644409106237e-27,-1.3642343079519565e-84
8.6,21.84546145,-4.87065856,0.3812752289199946,-0.0850090286124457,-0.0094199302442677,-0.0140690129835661,-0.2926796286837735,-0.0046121184801912,-1.012155309605072,-0.7537152102889715,1.3924488566315266e-26,-2.159539491277605e-91,2.934135146415638e-28,-3.7416447427133527e-93
8.61,21.66221029,-5.11092595,0.3780768928198957,-0.089202485653119,-0.0123777349662645,-0.0143136357540128,-0.295780472199747,-0.0244622770446779,-0.9891897115465986,-0.9135166183664072,2.400962461181204e-26,-2.7203827382589777e-77,4.9921440372195025e-28,-5.390422014817528e-79
8.620000000000001,21.39469116,-5.33576877,0.373407803189325,-0.093126733161588,-0.015465687627625,-0.014715412504829,-0.3087952661360016,-0.0401776750816144,-0.99594072858455,-1.0020996492375378,2.10690806341132e-25,-2.3926014471776817e-68,4.3982093422747765e-27,-5.012566448951862e-70
8.63,21.02960015,-5.54391534,0.3670357629953934,-0.0967595761348208,-0.0187927291827821,-0.0152335401498103,-0.3327041555157753,-0.0518127644981319,-1.0268507513120204,-1.0510835244562464,8.920932447949864e-24,-2.722211838834146e-63,1.8954170875972835e-25,-5.860743672307003e-65
8.64,20.57642722,-5.72849029,0.3591264032859836,-0.0999810167290247,-0.0224437087135127,-0.0158200537148423,-0.3650979530729963,-0.058651356503191,-1.065907177698577,-1.0723158212864252,9.426170568631137e-22,-9.75719324006998e-61,2.0453263997163472e-23,-2.1241970892401715e-62
8.65,20.03883658,-5.88574834,0.3497436765900801,-0.1027256874767906,-0.0264890509196019,-0.0164251674399693,-0.4045342206089986,-0.0605113725127183,-1.104391406699395,-1.072216240038535,1.6111278425459732e-19,-4.749285069264677e-60,3.5644283781476966e-21,-1.0338935933026332e-61
8.66,19.43249172,-6.02128966,0.339160962380536,-0.1050913297832899,-0.0309684356698826,-0.0170109879992239,-0.4479384750280095,-0.0585820559254458,-1.1359781983981692,-1.0572839796963944,2.6644229034255947e-17,-1.2024833746742955e-60,5.983783811614625e-19,-2.597411784252465e-62
8.67,18.76965698,-6.12162929,0.3275923137709354,-0.1068425866970227,-0.0358978688656438,-0.0175237818711403,-0.4929433195760331,-0.0512793871916369,-1.159401990015935,-1.0192857389325911,3.237352247579749e-15,-3.23034894793129e-63,7.347759930512633e-17,-6.834474233525993e-65
8.68,18.06968781,-6.1910252,0.3153755470919835,-0.1080537738139404,-0.0412614519560921,-0.0179207415719445,-0.5363583090449374,-0.0396959700804221,-1.1741349602283233,-0.9560196667281936,2.2373250397335778e-13,-5.809731003627913e-68,5.11066979260532e-15,-1.1837433257128486e-69
8.69,17.34706549,-6.22613772,0.3027634083595834,-0.1086666028966128,-0.0470210097279486,-0.0181586286533297,-0.5759557771855663,-0.0237887081385225,-1.1811325951927472,-0.8534141556898648,8.025931261167084e-12,-4.132675921978234e-76,1.838813672354843e-13,-7.836519016885639e-78
8.700000000000001,16.61807771,-6.22353598,0.2900401713917794,-0.1086211939673319,-0.0531156043697275,-0.0181939701968677,-0.6094594641780073,-0.0035341543538011,-1.1809823266112784,-0.6828485754295346,1.3877453492355108e-10,-1.6271335737419846e-86,3.1792485792894826e-12,-2.589027873248492e-88
8.71,15.90084809,-6.17622778,0.2775221530299516,-0.1077955101141399,-0.059461200109323,-0.017978333147017,-0.6345595739594514,0.021563704985067,-1.17379334245799,-0.3846374684546799,1.0751055042375524e-09,-1.6943951498079616e-77,2.455478862179861e-11,-1.6865629575148477e-79
8.72,15.20199933,-6.07999852,0.265324941194472,-0.1061159926903823,-0.0659694170028378,-0.0174629832288721,-0.6508216893516131,0.0515349918145049,-1.1603954479154843,0.0900291192892319,3.953658666188011e-09,-3.9644331559680736e-63,8.977479862891927e-11,3.500987083064746e-64
8.73,14.53760097,-5.9208964,0.2537290022676214,-0.1033391368494792,-0.0725350859296038,-0.0165854708312513,-0.6565668926764926,0.087751239762066,-1.1400494011571638,0.619659284922946,6.435383801174786e-09,-2.2733584776102088e-52,1.4479712133495202e-10,1.320453618282104e-52
8.74,13.90558755,-5.69497534,0.2426982871718316,-0.0993960705028835,-0.0790640267356123,-0.0152853157668645,-0.6528940806009805,0.1300155064387047,-1.113364091703022,0.9810576269835852,5.165512526414992e-09,-4.588909816028589e-44,1.1477852952420328e-10,3.8140383812969035e-44
8.75,13.30855952,-5.37547023,0.2322781823216361,-0.0938196543564368,-0.0854661688228472,-0.0134720028285368,-0.6402142087233941,0.1813312938327447,-1.079930434425422,1.196828033838147,2.093950895853817e-09,-6.256283531007187e-37,4.576467544381291e-11,5.824753468328295e-37
8.76,12.73785573,-4.98842353,0.2223175221325258,-0.0870644150824581,-0.0916717758728299,-0.0111026639586948,-0.6205607049981731,0.236933886984158,-1.0402969931174106,1.319228817324537,4.85861564961824e-10,-3.699024223075315e-31,1.0399647282678488e-11,3.5829286633511503e-31
8.77,12.20961614,-4.51202032,0.2130980020476409,-0.0787496105008881,-0.0975951160877005,-0.0081108612699941,-0.5923340214871743,0.2991802688701322,-0.9914917357962744,1.398774527884898,5.395888059860253e-11,-4.14512507250954e-26,1.1234567900567239e-12,4.084149434860267e-26
8.78,11.69968671,-3.91617393,0.2041980545413229,-0.0683501291592659,-0.1031934239535108,-0.0043972741496629,-0.5598307865809462,0.3713587120330653,-0.9358345357697668,1.455494808680303,3.789035632712373e-12,-2.0142640757653853e-21,7.620882461664191e-14,2.000937063743705e-21
8.790000000000001,11.20512313,-3.20854002,0.1955662917098726,-0.0559995875310047,-0.1084336380860868,0.000113643643554,-0.5240214132577056,0.4510917793217894,-0.872933457316208,1.4968109599178865,1.720211077307509e-13,-3.3586107676633937e-17,3.3110756328801538e-15,3.349456282959139e-17
8.8,10.72701029,-2.3781818,0.1872216484558117,-0.0415071026210052,-0.113286125379423,0.0055013514384845,-0.4852487293335433,0.5387707794929626,-0.8017280937432542,1.5284404806052485,4.867821537635107e-15,-2.422406345453217e-13,8.837899595437185e-17,2.420241797615599e-13
8.81,10.23036948,-1.45376841,0.1785536311215401,-0.0253730453159828,-0.1177756698201934,0.0117924442730658,-0.4489544440771256,0.6291092834582589,-0.7294631333219482,1.5532857867822023,1.3983904015332764e-16,-5.662813415061812e-10,2.3591769303593256e-18,5.66194850772401e-10
8.82,9.74072979,-0.41085965,0.1700078063825958,-0.0071708536560915,-0.1218911911612677,0.0190397574379857,-0.4115521341073633,0.7247313164918759,-0.6508593244987099,1.5738639784800692,2.7994754097810525e-18,-6.749254055287799e-07,4.249171255989551e-20,6.749222416847609e-07
8.83,9.24443749,0.72997821,0.1613458716953003,0.0127405232323145,-0.1256442201048318,0.0272563367659225,-0.3753028943564895,0.8216579327938436,-0.5699350767703831,1.5914458519089765,4.8460999389946084e-20,-0.0003625623428384,6.334597504504403e-22,0.0003624853345491
8.84,8.69213723,1.90902072,0.1517064136986796,0.0333186970527927,-0.1291175166555634,0.0363633070790084,-0.3473296550730987,0.9106970313084416,-0.5025723849555428,1.6071700936278466,1.8005535777265723e-21,-0.0623334240399755,2.0464564158298546e-23,0.0622923464277074
8.85,8.24199232,3.27579894,0.143849902908086,0.0571734771363401,-0.1321649688705976,0.0464932004390417,-0.3047452215033714,1.0129893360031692,-0.4009535465184538,1.621062313235473,7.602653233949142e-24,-4.340182893019211,7.575196488939671e-26,4.334721192912936
8.86,7.7019796,4.60333572,0.1344249029414358,0.0803433648886637,-0.1349268684329456,0.0574405311510163,-0.2761899562348618,1.0947330711976782,-0.3283925966134722,1.634800819517901,1.5744083691414e-25,-6.434944698715141,1.5723921860764863e-27,6.421816962853226
8.870000000000001,7.13744472,5.92332137,0.1245719105430847,0.1033814605602412,-0.1374413936970139,0.0690556109381247,-0.2514525264067864,1.1615079787106584,-0.2643487012468501,1.6485550169938867,4.7199765365504374e-27,-6.496663657912658,4.2258797936521813e-29,6.477104347045674
8.88,6.52619016,7.19946761,0.1139035059032555,0.125654414185187,-0.1397765567354436,0.0811450707803671,-0.2335163038430197,1.208945984224483,-0.2170544392395308,1.6629042873205446,3.577531929919364e-28,-6.499559714119901,2.2774283450806e-30,6.472107966510886
8.89,5.95304787,8.49804747,0.1039002858603353,0.148318908342274,-0.1418758748201097,0.0936213862508706,-0.2099318084665712,1.247631547050159,-0.1562380991995286,1.6773964511981228,1.003022593762634e-29,-6.499911360995317,3.5993969892799696e-33,6.463146952755204
8.9,5.36183926,9.72582899,0.0935817490496963,0.1697477383614146,-0.1437683994908319,0.1062698065459299,-0.1892524670722638,1.2648420295061806,-0.1031292286005429,1.693276128750401,4.087002203341172e-31,-6.499956875658556,-1.2330023647710375e-34,6.451435388487504
8.91,4.8015647,10.91117464,0.0838031132625337,0.190435922728107,-0.1454127556992032,0.1189316312364702,-0.1644356208370993,1.26618246905383,-0.040313820012243,1.710442761479747,7.681954823576237e-33,-6.4999608506423145,6.25960672729459e-35,6.436904507421004
8.92,4.20378628,11.95630585,0.0733699116361642,0.2086769034579592,-0.1468692905984989,0.1313227395485605,-0.1456534899295558,1.2391108312088372,0.0066778284319238,1.7307833894822169,3.9385436522518445e-34,-6.499891325501556,-1.4456613256532154e-36,6.417163974765653
8.93,3.59373726,12.86165065,0.0627225476385995,0.2244781510837688,-0.1481588874113287,0.143184179854021,-0.1289596812830036,1.1861440305462851,0.047785055353153,1.7551869338367845,2.967800993729826e-35,-6.499110978674524,-1.1723443028648015e-36,6.3892991914568125
8.94,3.00281924,13.66993776,0.0524090825802338,0.2385854224546984,-0.1492573108870379,0.1543415411402514,-0.1098423475709037,1.1157361286228633,0.0941331602336581,1.7839839938315334,1.617693894369805e-36,-6.483099160873752,-1.5058338283406969e-37,6.336789054006656
8.950000000000001,2.42206548,14.35803866,0.0422730173248968,0.2505950487456346,-0.1501561410086981,0.1646063658606603,-0.089883012166035,1.026482472041092,0.1416904674946972,1.8194828896274997,9.227996169230396e-38,-5.684464760838044,-1.3258720301999296e-38,5.5101002965238655
8.96,1.85634838,14.93239389,0.0323993912950628,0.260619438585184,-0.1508419721308134,0.173820268159343,-0.0685831122115152,0.92139022986813,0.191509018450237,1.864350528331249,6.014759141267168e-39,-0.2498915422148301,-1.1478554346640183e-39,0.2392295407174351
8.97,1.30692268,15.40047829,0.0228101038349882,0.2687890525424061,-0.151302028720364,0.1818550281994415,-0.0460056589550764,0.8034760040100053,0.2432267784897659,1.9228386534912756,5.824321648726929e-40,-0.0004017463144402,-1.3948977997851747e-40,0.0003771613290077
8.98,0.77872807,15.77687306,0.0135913687992008,0.2753583805661929,-0.1515189925597766,0.188621045331727,-0.021696383941252,0.6766017132284499,0.2976084291002568,2.001496633723947,1.1392940649154447e-40,-1.387339915420527e-07,-3.3226802743038147e-41,1.260837251731116e-07
8.99,0.27707789,16.08182069,0.0048359214649786,0.2806807207558463,-0.1514709651161054,0.1940728105321947,0.004802744367117,0.5451765200468724,0.3552537301753064,2.110479803369904,6.922979152256578e-41,-8.613874640661521e-12,-2.402056410964314e-41,7.390448112267518e-12
9.0,-0.20449852,16.32824853,-0.0035691724894554,0.2849816979324241,-0.1511486613948935,0.1981953327434878,0.0322303721211869,0.4122522211292495,0.4130104155316161,2.266853823584757,1.844653588338548e-40,-6.740352848083627e-17,-7.404182796592921e-41,5.17198636619533e-17
9.01,-0.65389611,16.53647812,-0.011412640085483,0.288615989878002,-0.1505281823599879,0.2010122116185843,0.0620479034905516,0.2816878875096022,0.4734621245665739,2.49289537197804,2.4981257020175653e-39,-5.890631032184366e-23,-1.1401225811782596e-39,3.558729465901514e-23
9.02,-1.08538156,16.71521028,-0.0189434818624323,0.2917354545492033,-0.1496096717600907,0.2025659724556497,0.0918510599897353,0.1553760837065713,0.5314678755111591,2.80612324219835,1.080471589030495e-37,-1.4618051029969258e-29,-5.480163707532809e-38,4.795336625414703e-30
9.03,-1.49532795,16.87994051,-0.0260983961245971,0.2946105394402708,-0.1483900638655297,0.2029258481056722,0.1219607894560829,0.0359875650022489,0.5876116395602348,-3.1092828185131345,9.701083653285136e-36,-3.2809047080012523e-34,-5.38003738694111e-36,-2.6495036678377578e-36
9.040000000000001,-1.89200213,17.03567587,-0.0330216666232457,0.2973286342340495,-0.1468801964816262,0.202170370627514,0.1509867383903763,-0.0755477478158362,0.6395960239976376,-2.7704439974432296,9.780064583319128e-34,-3.2959094684779104e-33,-5.8375572090935855e-34,-3.286243938528028e-35
9.05,-2.25082794,17.20025656,-0.0392843584488813,0.3002011091597536,-0.1450571636295168,0.2004042141011607,0.1823032852109128,-0.1766156526353009,0.692939176617605,-2.599865603422188,1.5070335055198307e-31,-1.4077130994576395e-28,-9.625361966445496e-32,-1.7349352937765748e-30
9.06,-2.59032315,17.37221111,-0.0452096676581309,0.3032022822210388,-0.1429281688979461,0.1977281501337953,0.2128994731571139,-0.2676063967365921,0.7428169489746098,-2.437881050011873,1.8242092121186636e-29,-8.270768805945712e-24,-1.2335722862004877e-29,-1.3527305472875888e-25
9.07,-2.91323483,17.54987154,-0.0508455396672772,0.3063030416750477,-0.1405057341774852,0.194238429658685,0.2422434720460508,-0.3489720475109796,0.7888565787001746,-2.316265986468058,1.4931554404412529e-27,-7.631592040115582e-20,-1.0592651684912848e-27,-1.4144233534765734e-21
9.08,-3.19731544,17.75429091,-0.0558036816528512,0.3098708327364002,-0.1377718390319381,0.1900585779856916,0.2733895145547632,-0.4179851672994255,0.8352024093030007,-2.226571023585646,1.2854554832934129e-25,-8.154972838512335e-17,-9.529499440054004e-26,-1.6175652837983869e-18
9.09,-3.49137032,17.93186014,-0.060935907490408,0.3129700004501313,-0.1347810178205929,0.1852310422596202,0.2990821211344756,-0.4827535726070637,0.8733736392984511,-2.152040388320275,4.07228651308945e-24,-3.0930514970507567e-14,-3.1211603699693103e-24,-6.432536147449156e-16
9.1,-3.80144027,18.0784302,-0.0663476490294022,0.315528130581977,-0.1315936247522831,0.1797932626041612,0.3187393068309286,-0.5437779655458118,0.903950525080706,-2.0887454016029343,4.937663198653576e-23,-5.133629770408321e-12,-3.879769305677396e-23,-1.1062770030981961e-13
9.11,-4.05112997,18.25329681,-0.0707055564027191,0.3185801286782778,-0.1281583815311646,0.1738673489019534,0.3435243221119228,-0.5925913702208976,0.939169214931798,-2.0395904955809616,1.060726634592645e-21,-2.2246965910987207e-10,-8.560923090763577e-22,-4.916127344959588e-12
9.120000000000001,-4.31268694,18.39100379,-0.0752705867107591,0.3209835688822557,-0.124531991531461,0.1674764249415501,0.3626389999703011,-0.6390923960402278,0.968084040728307,-1.995229164734128,9.930562615159344e-21,-6.4894401070073645e-09,-8.181242949183756e-21,-1.4643371747394918e-10
9.13,-4.56559919,18.52497383,-0.0796847381918861,0.3233217871792843,-0.1207388238617164,0.1606919904749003,0.3793167669745375,-0.6784434466651158,0.994384509749608,-1.957229543872969,6.46905956923221e-20,-9.576785124769337e-08,-5.42425902040633e-20,-2.197115786364213e-09
9.14,-4.81685256,18.60046425,-0.0840699367551177,0.3246393435619977,-0.1168122606677082,0.1535051593208105,0.392656319400762,-0.7186831154088705,1.0175781222910985,-1.9206464930607556,2.718133871991328e-19,-1.3309128458674824e-06,-2.3129325761082293e-19,-3.0988025340134574e-08
9.15,-5.03851378,18.66706976,-0.0879386548681052,0.3258018290114677,-0.1127443758195198,0.1459804216511768,0.4067884848189156,-0.7524737669635154,1.041344592462155,-1.888305393200741,1.2158633931972521e-18,-1.0929727980020076e-05,-1.0495211547277561e-18,-2.575609391978331e-07
9.16,-5.24963777,18.70243033,-0.0916234636235528,0.3264189873833495,-0.1085557767570427,0.1381477775855709,0.4188599062476467,-0.7832644065604685,1.0633907780307632,-1.8581397628257796,4.189691234547472e-18,-6.933162966027722e-05,-3.662323132571553e-18,-1.6507747860517496e-06
9.17,-5.44065798,18.70733359,-0.0949573952259038,0.3265045654144309,-0.1042526912890642,0.1300379882658933,0.4303085467977828,-0.81097893196763,1.0849449145598722,-1.8298148749603929,1.3219110217088057e-17,-0.0003459359177561,-1.1691072652765028e-17,-8.310144099126201e-06
9.18,-5.61595874,18.68376482,-0.0980169706691521,0.3260932127772857,-0.0998478174597211,0.1216840045789061,0.4404873829343946,-0.8353983686988944,1.1055858774199598,-1.803088229701808,3.577663415948242e-17,-0.0013660038316337,-3.197942927374663e-17,-3.3065584160915525e-05
9.19,-5.77483618,18.63591229,-0.1007899051042919,0.3252580285733763,-0.0953525245534577,0.1131236830142458,0.4495292906262693,-0.8560321564658935,1.1254813356180224,-1.777810938488591,8.484990293576052e-17,-0.0042179796637428,-7.65868745798317e-17,-0.0001027680854189
9.200000000000001,-5.91576934,18.56752873,-0.1032496527715318,0.3240645102971412,-0.090775734012336,0.1043985270614542,0.4576790541122597,-0.8725155952793372,1.1448518382968311,-1.7538051132648362,1.8192411851505455e-16,-0.0101212857480213,-1.6569504173807454e-16,-0.0002479685670257
9.21,-6.04867197,18.48334017,-0.1055692412495916,0.3225951427326284,-0.0861402188025004,0.0955544927196321,0.4635515209834862,-0.8844034341820661,1.1628732917461635,-1.7309180850016224,3.064836036464513e-16,-0.0186293332839467,-2.813795845428476e-16,-0.0004585564661197
9.22,-6.14600739,18.40676064,-0.1072680648074032,0.3212585777944987,-0.0814284181272319,0.0866676773263796,0.4711800675269503,-0.888681539325426,1.182065716368358,-1.7094294857073595,6.191240627207117e-16,-0.0224643133437012,-5.730196381829685e-16,-0.0005550889606001
9.23,-6.24059808,18.33660566,-0.1089189837896364,0.3200341424068278,-0.0766711058948418,0.0778066888878282,0.4757312232389307,-0.8860988438550018,1.1995701320695158,-1.688911583287194,9.107640140379146e-16,-0.0185853356223986,-8.488522877073423e-16,-0.0004607027036406
9.24,-6.31340298,18.30413413,-0.1101896690062217,0.3194674072951678,-0.0718699990572517,0.0690785386530287,0.4801106837591049,-0.8728150234801199,1.2171081883038684,-1.669612490613583,1.3200580233798806e-15,-0.0084383335971887,-1.2385264772032146e-15,-0.0002097052298637
9.25,-6.38239174,18.27915337,-0.1113937500150898,0.3190314107835172,-0.0670523838049476,0.0605381857327975,0.4817615252303394,-0.8540352920229926,1.233333938518907,-1.6506137615178689,1.4548950068926301e-15,-0.0027601825004704,-1.3730245846616474e-15,-6.873643489367598e-05
9.26,-6.43918605,18.30245407,-0.1123849977209882,0.3194380847165367,-0.0622316488214941,0.0522924504514069,0.4820734983452746,-0.8245735281389327,1.2490344610161856,-1.6322313847452885,1.406109853221629e-15,-0.0004655111665426,-1.3341222817945505e-15,-1.161093564836831e-05
9.27,-6.49498018,18.37246269,-0.1133587889927739,0.3206599656403142,-0.0574359645067715,0.0444353848423234,0.4795684314723558,-0.7857065609085031,1.2635150915972486,-1.6140387917912655,1.0234651263933839e-15,-4.079441710199077e-05,-9.75646307733553e-16,-1.0186932502888102e-06
9.28,-6.54332394,18.48188,-0.1142025467775678,0.3225696579584896,-0.0526819848909057,0.0370406114006865,0.4753979615865003,-0.7394773441635717,1.2773713636019404,-1.5955819856195106,6.284908273982501e-16,-1.9335893228413786e-06,-6.016987739577127e-16,-4.8321540167884464e-08
9.290000000000001,-6.59148439,18.63205302,-0.1150431051993099,0.3251906716051529,-0.0479950385017755,0.0301746722889118,0.4686946389131213,-0.6865939111776141,1.290218408495443,-1.576476863677184,2.9557719150497057e-16,-4.665100995963944e-08,-2.840500974496107e-16,-1.1662521829906034e-09
9.3,-6.63996625,18.80330604,-0.1158892732838009,0.3281796006581365,-0.0433987110796088,0.0238675394966748,0.459632742216592,-0.6307132792236002,1.3021438224043944,-1.5562099210236386,1.0710951298003773e-16,-6.607680235054243e-10,-1.0327813807290875e-16,-1.6517046728008545e-11
9.31,-6.70608277,18.98419662,-0.1170432242477616,0.3313367368649788,-0.0389385502638149,0.0181269824866383,0.4460160815794762,-0.5740557010037641,1.3121480596403177,-1.5343577532560482,2.3061009288413766e-17,-5.907934347859848e-12,-2.229610813192531e-17,-1.4757828287007736e-13
9.32,-6.77998924,19.16047099,-0.118333135487788,0.3344133050083575,-0.0346416566526988,0.0129363599966467,0.4296893611115475,-0.5190622489990742,1.3209603571585191,-1.5105766826947793,3.475232025209299e-18,-3.8073898324046415e-14,-3.3676499699717727e-18,-9.497377130272949e-16
9.33,-6.87541606,19.31097326,-0.119998647691496,0.337040065151583,-0.0305512631850853,0.0082469945989222,0.4090393467614353,-0.4689365397725468,1.32774222314328,-1.4848310635435356,2.8944672082626143e-19,-2.3549116378226184e-16,-2.80964225573624e-19,-5.860764282298592e-18
9.34,-6.97537273,19.42404363,-0.1217432206923254,0.3390135153945312,-0.0266818015576625,0.0039944741501931,0.3869461627422152,-0.4252520448728387,1.3335736860800622,-1.4573902156001388,1.765803803448321e-20,-1.7627544267606107e-18,-1.7164989156644727e-20,-4.3724897212765214e-20
9.35,-7.1007256,19.47557343,-0.1239310410006498,0.3399128800674254,-0.0230745400843971,8.283531067835269e-05,0.3607261473264853,-0.3911638839514208,1.3370137626586285,-1.429483445180206,5.201512856071048e-22,-2.69681607141931e-20,-5.060441454267524e-22,-6.660773436836326e-22
9.36,-7.24121118,19.45369113,-0.1263829769232237,0.3395309618845162,-0.0197512275202279,-0.003595003210739,0.3323312564169794,-0.3677838521418133,1.3385593126333315,-1.4027607635499897,8.506593463191323e-24,-1.2404622413615406e-21,-8.2789130026934e-24,-3.04862963121042e-23
9.370000000000001,-7.38471069,19.35722999,-0.1288875158477223,0.337847397391289,-0.0167129213136736,-0.0071405539515978,0.303830620655391,-0.3545550740858216,1.3388921311286577,-1.3786590420595837,9.490587745285296e-26,-2.0021722800157541e-22,-9.237295279358592e-26,-4.8953037403392885e-24
9.38,-7.52575428,19.17089133,-0.1313491908820552,0.3345951742505347,-0.013951037740175,-0.0106694224138478,0.2761883573499086,-0.352886846225078,1.338320849810677,-1.359236907534595,7.958833415818411e-28,-1.601796910903774e-22,-7.745377837358724e-28,-3.8982938017324164e-24
9.39,-7.65232026,18.90227028,-0.1335581839540685,0.3299068524878704,-0.0114389602745067,-0.0142771775389679,0.2512077465667954,-0.3607755125119476,1.337823545318617,-1.3445091513732363,6.871543996260793e-30,-4.917632147773408e-22,-6.686463187923654e-30,-1.1922832365473129e-23
9.4,-7.75452021,18.5506905,-0.1353419095769421,0.3237706277434332,-0.0091366920341829,-0.0180519791701836,0.2302268240324249,-0.3774801631216481,1.3384479078928833,-1.3342885302466905,8.66554347729533e-32,-4.813070491815892e-21,-8.433386969147179e-32,-1.163712594491094e-22
9.41,-7.81808525,18.12703351,-0.136451328814104,0.3163764183688444,-0.0069860410622307,-0.022058335013278,0.2150650971951866,-0.4006355843093759,1.341828097464579,-1.3271174788046691,2.837007031891497e-33,-9.621722900083664e-20,-2.763188674208296e-33,-2.3216988899032706e-21
9.42,-7.82398407,17.64386371,-0.1365542826450865,0.307943514512642,-0.0049057821941933,-0.0263362248648935,0.2080258868037008,-0.4277889851614828,1.3500500970663885,-1.3214452905908431,5.306631878771288e-34,-2.602949211185121e-18,-5.178259219492449e-34,-6.270666037705869e-20
9.43,-7.76108469,17.11606314,-0.1354564813666234,0.2987316567722392,-0.0028052008156678,-0.0308995658303756,0.2100581378525956,-0.4563340965483052,1.3639752163461747,-1.3158704692707248,8.547223209411757e-34,-6.710061895614828e-17,-8.365644825621375e-34,-1.613865732726032e-18
9.44,-7.60824276,16.55955882,-0.1327888864530207,0.289018824086667,-0.0005713718757447,-0.0357367638355088,0.2233828939922721,-0.4837198005132367,1.3843338431982106,-1.3092959211479551,1.842807802598966e-32,-1.2638810627054245e-15,-1.810968983226796e-32,-3.033858331958201e-17
9.450000000000001,-7.35144324,15.98654216,-0.1283068893114797,0.2790177967008861,0.0019182409472623,-0.0408181089855219,0.2489612823007672,-0.5081345150014146,1.40991996623119,-1.3011294442681465,4.170119617450295e-30,-1.5194396695293388e-14,-4.116453818980082e-30,-3.638210383508396e-16
9.46,-6.97926278,15.41505632,-0.1218111148728926,0.2690434871643606,0.0047905377864944,-0.0460892133767414,0.287229683923158,-0.5271104391218621,1.4385263817966412,-1.2905470741336889,5.3382528666247326e-27,-9.787831052277385e-14,-5.291786295379536e-27,-2.3358320642305087e-15
9.47,-6.48642674,14.8441254,-0.1132095033024021,0.2590788628089203,0.008166928035853,-0.051500098227832,0.3376390249359287,-0.5410884851091703,1.467693737386846,-1.2779175378876486,1.745403127387553e-23,-3.7518182538065163e-13,-1.736167598171971e-23,-8.916694916179185e-15
9.48,-5.86040271,14.28422092,-0.1022833227822984,0.2493066861362535,0.012173182271134,-0.0569890776395641,0.4006254235280374,-0.5488979411731295,1.4959108380579154,-1.262779878918549,9.117134585056932e-20,-8.015017250347648e-13,-9.0916761194375e-20,-1.8950816634756447e-14
9.49,-5.06081023,13.77419512,-0.0883278013321115,0.2404050566561354,0.016977424260133,-0.0624442373503475,0.4804241988999954,-0.5455159710784435,1.522680231782349,-1.2427112076850952,8.085508409580073e-16,-6.231987624286284e-13,-8.076185191306462e-16,-1.4629678722336793e-14
9.5,-4.13403526,13.2739021,-0.0721525266805398,0.2316732962323896,0.0226635064022199,-0.0678192228988702,0.5686082142085994,-0.5374985548521845,1.546580289656507,-1.2204651686314925,3.722242570925529e-12,-3.186172413453617e-13,-3.721155292807181e-12,-7.417074805183956e-15
9.51,-3.1463915,12.72242937,-0.0549148912317631,0.2220482813589279,0.0292092657286535,-0.0731574025060106,0.6545759326432602,-0.5338179607139557,1.5676816067478487,-1.2005940448269574,4.290550459619168e-09,-2.424368665271662e-13,-4.290529724896227e-09,-5.599385362508195e-15
9.52,-1.90908994,12.2993262,-0.0333199051697009,0.2146637379668025,0.0368540600927765,-0.0782465857019007,0.7644794364124551,-0.5089183195891105,1.587073034116954,-1.1685262366271096,1.0148608018415364e-05,-2.5060594365372742e-14,-1.0147268714642842e-05,-5.710708068021146e-16
9.53,-0.62484682,11.82752483,-0.0109056343296163,0.2064292506448826,0.0455253976129661,-0.0831419247225562,0.8671337520188183,-0.4895339020654766,1.6048067022441703,-1.139011904774693,0.0055812364191555,-4.081348397883559e-15,-0.0055780207901968,-9.17873027599984e-17
9.540000000000001,0.74495753,11.35188019,0.0130019616860244,0.1981276856074194,0.0552040414411847,-0.0878322916420245,0.967864382822058,-0.4690366919469255,1.6213964454697325,-1.1080612052591468,1.1362155494080943,-5.590653730889259e-16,-1.1347666635163032,-1.239076098403486e-17
9.55,2.16427361,10.85707333,0.0377737004085236,0.1894916767389648,0.0658148257393146,-0.0923301993126334,1.061078429812818,-0.4497907670608152,1.6373607921864963,-1.0773437750829769,6.208959463767122,-8.157619603703441e-17,-6.195259553077045,-1.7805506517957707e-18
9.56,3.62406378,10.35070537,0.0632518452632714,0.1806538886103579,0.0772696411128253,-0.0966376290362215,1.145481537351305,-0.4307429723589034,1.6530291828295138,-1.0461429978313568,6.49348700237399,-1.1402566746179613e-17,-6.471623868248348,-2.4484016071820993e-19
9.57,5.03687138,9.77500318,0.0879099895804704,0.1706059898839159,0.0893588107576178,-0.1008386318207571,1.2089169644790576,-0.4201002784534914,1.6692696663509603,-1.021933621841259,6.499569570745701,-3.879437288313173e-18,-6.468195056054196,-8.219978911352694e-20
9.58,6.36122781,9.13165393,0.1110243697539282,0.1593774272311798,0.1018269271601963,-0.1050086801435057,1.246811640258095,-0.4170048322749375,1.6866779676475945,-1.004750127745251,6.499910733769082,-3.072570436497474e-18,-6.456471821838139,-6.447000241726905e-20
9.59,7.74601448,8.53925742,0.1351934565831564,0.1490381576543563,0.1146457615458313,-0.109050792281765,1.2818834385633062,-0.4042112138258717,1.7039061424245172,-0.978558147638068,6.499978423257625,-8.056509840575907e-19,-6.442679763468288,-1.664503766746041e-20
9.6,8.9403588,7.83425701,0.1560386973696492,0.1367335792719463,0.1274342416310891,-0.1131060411647971,1.2788480085255722,-0.4055248883031414,1.724117747437049,-0.9663384531688364,6.499976842746392,-1.0645495363950804e-18,-6.4239872309298285,-2.1830400541952886e-20
9.61,10.09345179,7.14069773,0.1761639666268152,0.124628686278185,0.1400516919528539,-0.1171298518932531,1.261745032176735,-0.4023810728456876,1.745717957784008,-0.9499359570440338,6.49995720648532,-8.469866435189743e-19,-6.40109765401114,-1.7191168197319422e-20
9.620000000000001,11.09896634,6.40456118,0.1937135062010244,0.1117806797364132,0.1522202608967252,-0.1211571106550719,1.2168568943869402,-0.4027258761818179,1.770862898952015,-0.9373132311419976,6.499758821425131,-1.0094723920996769e-18,-6.370523947662414,-2.0323126523436632e-20
9.63,11.98500985,5.6564229,0.2091778827664517,0.0987232034902059,0.1637267396903997,-0.1251768420665306,1.1506478793676735,-0.4019731411459415,1.799930122279671,-0.9238156269053756,6.496468775984932,-1.0657869531767409e-18,-6.327188312489972,-2.1266277887259566e-20
9.64,12.7439961,4.89476188,0.2224246918063165,0.0854297109071075,0.1743686002613313,-0.1291810054644495,1.064186057093003,-0.4004163397918271,1.834313178755174,-0.9097430662534514,6.353944466180051,-1.0316484057147217e-18,-6.135223945651843,-2.0389128932042625e-20
9.65,13.40355701,4.17450865,0.2339362013032665,0.0728589205954835,0.1840039675820121,-0.133085123787552,0.9635367320682684,-0.3904118323103333,1.874948243775856,-0.8870534636406578,1.797429056696839,-3.8249915938178854e-19,-1.7151392111684327,-7.439318394161144e-21
9.66,13.9548034,3.46710948,0.2435572657984992,0.0605124759531084,0.1924963548647407,-0.1368520986469817,0.8492387282727225,-0.3766974859429083,1.924460918976299,-0.8604009236895973,0.0064262193432448,-9.089616474267817e-20,-0.0060293652166693,-1.7329975098835477e-21
9.67,14.44596975,2.82272918,0.2521297357810021,0.0492659180831196,0.1997954084930352,-0.1403782243760899,0.7299053628293414,-0.352612572910763,1.9838139184715375,-0.8215698148490416,5.763870461245137e-06,-5.958229653642505e-21,-5.280035821233105e-06,-1.1007692497831671e-22
9.68,14.88915843,2.24275341,0.2598648374545697,0.0391434313148303,0.2058795335252584,-0.143567650925894,0.608412503222443,-0.3189426549804721,2.05568071939244,-0.7694283677357429,1.584473186539512e-09,-1.0041024712615937e-22,-1.4020345126382659e-09,-1.7679701214444857e-24
9.69,15.35445037,1.75573134,0.2679857137905616,0.030643292663452,0.2108351910208548,-0.1462942863927323,0.4955657495595541,-0.2726635466837896,2.137723157072701,-0.6964783979024424,2.36725119367966e-13,-2.193265784141124e-25,-1.997090601399364e-13,-3.5540730987508325e-27
9.700000000000001,15.73637576,1.29809547,0.274651569343025,0.0226560399567232,0.2146009533692645,-0.148534259023292,0.3765762348410501,-0.223997263056014,2.243856809317697,-0.6134473869777667,4.559927872621052e-18,-1.9139736177239325e-28,-3.5653348348123505e-18,-2.724547494626816e-30
9.71,16.12279198,0.91967883,0.2813958046651357,0.0160514236443892,0.2172514818524427,-0.1501988111443838,0.2650528483177763,-0.1664552121091556,2.369458082364433,-0.506692841908119,3.625363431753857e-23,-2.21305371227514e-32,-2.528782472766193e-23,-2.536157996366317e-34
9.72,16.52334289,0.61002532,0.2883867368664952,0.010646950354532,0.2188761765520729,-0.1512246661233637,0.1624694699630492,-0.1025854978980066,2.5137226998964137,-0.3758575722756019,3.8733616989614638e-28,-8.020409755312866e-37,-2.2754959990179948e-28,-7.990946601806215e-39
9.73,16.9745604,0.3672559,0.2962619680586457,0.006409824652375,0.2196151860014541,-0.151560375537221,0.0739009449381151,-0.0335709413857302,2.664445203074568,-0.220644507650962,1.1499771457171115e-31,-2.3027039376171227e-40,-5.286170699108129e-32,-1.5287037790768713e-42
9.74,17.44426751,0.18989611,0.3044599036481728,0.0033143123562293,0.2195578604780617,-0.1511651497581109,-0.0057325523392393,0.0395225779110159,2.8211840597676328,-0.0447572401512305,7.902452308782569e-33,-3.187234133511183e-40,-2.478051316068255e-33,-2.5349468752286693e-42
9.75,17.94643744,0.04508389,0.3132244223311823,0.0007868623201069,0.2188111113047486,-0.1500523005055846,-0.0746749173313015,0.1112849252526102,2.971166388127851,0.1319890641898406,1.029318415083655e-31,-2.418563966889146e-36,-1.7622928983009336e-32,3.24065880510218e-37
9.76,18.51573854,-0.01657024,0.3231606009614078,-0.0002892052458456,0.2175263797662298,-0.1481677461706257,-0.1284731538518623,0.1884554334958665,-2.903278787827433,0.3164460054671352,8.656789169464379e-30,-6.291862013102655e-31,6.739676010883513e-32,1.949029549285329e-31
9.77,19.04589655,-0.11264866,0.3324136037917288,-0.0019660900149596,0.215697026357041,-0.1456316853691247,-0.1829353409189135,0.253606080150146,-2.7370601745009004,0.461862661173368,2.4483861006830625e-27,-1.3037480412788584e-26,2.441780447844553e-29,5.8147303585957606e-27
9.78,19.63807031,-0.1468894,0.3427489856476435,-0.0025637036662789,0.2134625832703186,-0.1424238904756486,-0.2234443086722088,0.3207794893475666,-2.6226828764678607,0.597871637449714,2.052455835696112e-25,-1.1933694399433772e-22,2.4116144893858877e-27,6.719261833077142e-23
9.790000000000001,20.26792685,-0.14047921,0.3537420560858628,-0.0024518247451005,0.2109197392134046,-0.1385598651057717,-0.254284405691444,0.3864025369877585,-2.5405849506407745,0.7163329081813553,5.7979919642890515e-24,-3.008028333352655e-19,8.062664241942086e-26,1.9747506322154424e-19
9.8,20.84955974,-0.17348618,0.3638934650542529,-0.0030279050477075,0.2080386484592129,-0.1341704596042222,-0.2881090754191289,0.4389405501548878,-2.4574847708954555,0.8035774053529013,2.222657374581525e-22,-7.998480228482768e-17,3.5427186067491356e-24,5.756653800366157e-17
9.81,21.38720183,-0.23072414,0.3732770897220565,-0.0040268959068323,0.2047999866238856,-0.1293581525406321,-0.3238661835327983,0.4812307063590995,-2.3773289330022203,0.8707951134989023,9.626231662517311e-21,-4.8758897734090266e-15,1.6861421291970447e-22,3.7289726327489766e-15
9.82,21.91801614,-0.2774321,0.3825415471482584,-0.0048421035957221,0.2012405065749525,-0.1241712138720032,-0.3559480048932527,0.5186938668628135,-2.310434075518122,0.9283320759859672,2.475183660239775e-19,-1.4571789343454299e-13,4.6099270138572015e-21,1.1666507423114325e-13
9.83,22.42275835,-0.33251878,0.391350960586551,-0.0058035475357146,0.1973690309954612,-0.1186830237645017,-0.3871475579492044,0.5488190107502631,-2.2500855025919324,0.9755435314352234,5.189609826190059e-18,-1.9080873406211664e-12,1.0125856795158198e-19,1.5800069365075136e-12
9.84,22.88527352,-0.39539548,0.3994233731434723,-0.0069009529735033,0.1931729947774975,-0.1129622319987338,-0.4196036217963088,0.5720791765766933,-2.1926024473874635,1.0147878749069117,1.1013086369156961e-16,-1.261843501620186e-11,2.233963745926954e-18,1.0718793362434589e-11
9.85,23.2679728,-0.49576316,0.406102735624484,-0.0086526994520914,0.1885901513591992,-0.1071151685382014,-0.4582843418297516,0.5847063460531545,-2.1323995453257942,1.0441579378846844,3.700112741342444e-15,-3.2976124848769856e-11,7.783600990196297e-17,2.8511466009914942e-11
9.86,23.59003673,-0.6136026,0.4117238116048966,-0.0107093856687977,0.1835927507032755,-0.1012123876317678,-0.4997400655924767,0.590278090643471,-2.0752063700868275,1.0677612452556473,1.332564352084349e-13,-4.7902195195384886e-11,2.892170570222719e-15,4.1974049357595183e-11
9.870000000000001,23.84673356,-0.74701061,0.4162040164678288,-0.0130377946918312,0.1781513575822556,-0.0953164869725927,-0.5441393121019027,0.5895900659174247,-2.021266847743184,1.086658941725824,5.058031970311092e-12,-4.173901359333689e-11,1.1276459946113273e-13,3.6947654546163256e-11
9.88,24.03692797,-0.8943691,0.4195235351412168,-0.0156096855230984,0.1722402423612509,-0.0894827354990333,-0.5911115221005857,0.5833751473560489,-1.9710855576634032,1.1015734073650574,1.9106087830908303e-10,-2.305692463923766e-11,4.357552211044343e-12,2.0568047955679024e-11
9.89,24.16229441,-1.04986349,0.4217115922907207,-0.0183235745969785,0.1658412066738895,-0.0837534148649639,-0.6399035687360387,0.5729320634068522,-1.9250513559862723,1.1134848254284282,6.674972186498162e-09,-8.864294558772596e-12,1.5514917090770768e-10,7.954651818797902e-12
9.9,24.22524055,-1.21025444,0.422810209685142,-0.0211229247648801,0.1589441336435616,-0.0781621975034523,-0.6897073030329255,0.5591217361512706,-1.8832043543009531,1.1229278802899971,2.03224764058346e-07,-2.502452390740334e-12,4.79769494476358e-09,2.255992512022644e-12
9.91,24.22904203,-1.37972595,0.4228765580275907,-0.0240807606027066,0.1515476292930139,-0.0727450257718336,-0.7396504350546572,0.5417171731617904,-1.84536298097376,1.1294869098170606,5.137197807562728e-06,-4.96120323843483e-13,1.2281904561620057e-07,4.4865882392047307e-13
9.92,24.17730178,-1.5383286,0.4219735203092857,-0.0268488990475948,0.143658795150386,-0.0675058611703975,-0.7888834142626687,0.5239164601435239,-1.8111891989009052,1.1355460240244346,0.0001041733736466,-9.011329725994133e-14,2.516005340256054e-06,8.17243684796632e-14
9.93,24.07708271,-1.70378498,0.420224367564499,-0.0297366576470257,0.1352973613054408,-0.0624720439089226,-0.8361433844946834,0.503381726147595,-1.7804005268799812,1.1389477735506175,0.0016123616549547,-1.1850475639537582e-14,3.92590821824439e-05,1.0764216991669535e-14
9.94,23.93226478,-1.87665127,0.4176968178700764,-0.032753743573233,0.1264900756693477,-0.0576681675164302,-0.8807285636091744,0.4803876392491605,-1.7525031372954685,1.1394788909548603,0.018855082388887,-1.1164810890595914e-15,0.0004620744935689,1.0143883878846462e-15
9.950000000000001,23.78572958,-2.03172983,0.415139296160008,-0.0354603750444846,0.117324716543193,-0.053080047155212,-0.9165359126156476,0.4588120361219073,-1.7281209235980404,1.140408300639867,0.1226269350525242,-1.0939737047967594e-16,0.0030200374694394,9.94363844998272e-17
9.96,23.59813004,-2.20133887,0.4118650665117812,-0.0384206112336314,0.1078291716530927,-0.0487385399158673,-0.9495544890098808,0.4341507239344033,-1.705337120642018,1.13712493902215,0.6098655277341081,-6.775119744587565e-18,0.0150798152346947,6.148906561648154e-18
9.97,23.35106108,-2.39815494,0.407552899680303,-0.041855699675967,0.0980054936402875,-0.0446881852975898,-0.98236780128072,0.4050354618278303,-1.6835004787096934,1.1269361618233589,2.241339784830237,-2.0841789192628174e-19,0.0556014906194941,1.882517681486192e-19
9.98,23.16891305,-2.5753254,0.4043738168307816,-0.0449479075402399,0.0880323700817061,-0.040902410494294,-0.9973123558579832,0.3785774803295219,-1.664540915150481,1.1167796890698878,3.346610348811403,-7.025186010225501e-21,0.0832176491688617,6.314461641208284e-21
9.99,22.91818781,-2.80220605,0.3999978358749286,-0.0489077218918048,0.0778878118169421,-0.0374522278828263,-1.0144558264766004,0.3450182611468378,-1.6456451592319483,1.092969881234089,4.573474976905999,-6.795264379914051e-23,0.1139459602719354,6.035070259660473e-23
10.0,22.71297896,-3.02261404,0.3964162657881974,-0.0527545670150075,0.0677129002109442,-0.0343220591790386,-1.0174911605996322,0.313016870378727,-1.6281380524592175,1.0641064354695846,4.722940989822699,-5.260895522985719e-25,0.1178361723277704,4.6005222343533515e-25
10.01,22.52472663,-3.25421591,0.3931306428051465,-0.0567967822002834,0.0575975574003274,-0.031520249624735,-1.0115342810615222,0.2801809554303126,-1.6111830627359138,1.024190548333138,4.276918720201241,-2.0960141519076133e-27,0.1068162091606659,1.7908082814230328e-27
10.02,22.38108189,-3.47628172,0.3906235691389754,-0.0606725617408916,0.0476629387254986,-0.029023319159151,-0.993461867483076,0.249693046558451,-1.594607131985615,0.9766060282749516,2.813094734599414,-6.744431670540673e-30,0.0703029405133058,5.588802375286744e-30
10.03,22.21346481,-3.72876596,0.3876980992103966,-0.0650792430382871,0.0379231427814913,-0.0268636434100335,-0.973979594400574,0.2159675749117121,-1.5777242040514678,0.902954697568614,1.413662526422229,-5.0008306728307575e-33,0.0353405235437201,3.926315389860039e-33
10.040000000000001,22.01942652,-4.01389176,0.384311492174957,-0.07005562703067,0.0283865161674474,-0.0250719106816158,-0.9536626614045866,0.1791732728418072,-1.5604666204521014,0.7882556379307717,0.5658637258185663,-4.865359516264008e-37,0.0141456680314567,3.4494911191997734e-37
10.05,21.86497434,-4.27187111,0.3816157930970741,-0.0745582160903248,0.0191520575696751,-0.0235902712294537,-0.9234458597770834,0.1481639452161867,-1.542664167182908,0.6564015381978375,0.1202390382041708,-4.1864430236673444e-41,0.003004518722189,2.554712942432294e-41
10.06,21.65783302,-4.57137327,0.3780004950461469,-0.0797855148991597,0.0101795219563,-0.02245962063338,-0.8972535613376903,0.1130650596073901,-1.5243322795398393,0.4490924241325921,0.0287175440382406,-7.934509462446721e-47,0.0007169901833686,3.4473273350153927e-47
10.07,21.44607585,-4.85373918,0.3743046352149415,-0.0847137297240497,0.001497693792028,-0.0216332101961906,-0.8681828164270671,0.0826410437189287,-1.5052089856815385,0.2171722899857795,0.0055352210059908,-2.467870246386722e-53,0.0001380168822214,5.301390078716162e-54
10.08,21.18949884,-5.14178833,0.3698265216055191,-0.0897411357991207,-0.0069251150639499,-0.0210980113897265,-0.8422808855979587,0.0535198806464214,-1.4856017398723498,-0.0374606763214297,0.0012201493740938,-6.4118766697428356e-62,3.036879178476101e-05,-5.2507790471343246e-64
10.09,20.87942314,-5.42679952,0.3644146797100929,-0.0947155194696478,-0.0151317820335555,-0.0208279632015305,-0.8206666969604357,0.0270048188195935,-1.4657804365524694,-0.2694761318420322,0.0003349053423646,-2.8379608688041844e-73,8.31651735334393e-06,-2.5882738733987673e-75
10.1,20.51519716,-5.70485695,0.3580577371377899,-0.0995685371327815,-0.023163933644081,-0.0207919158367565,-0.8032151610524204,0.0036047364774029,-1.4459673883901434,-0.4532271742606431,0.00011575151525,-1.069496259127247e-83,2.866479042941131e-06,-1.1146439105651894e-85
10.11,20.07704943,-5.96924956,0.3504106166391508,-0.1041830586952228,-0.0310885569697593,-0.0209503383949017,-0.79246233256799,-0.0158422558145209,-1.4268511302712978,-0.5833530106669085,6.005340033739023e-05,-6.059943721112048e-79,1.4825685284872834e-06,-8.14005917511835e-81
10.120000000000001,19.60023359,-6.19642139,0.3420886103054883,-0.1081479550965036,-0.0389184181248687,-0.0212327109406793,-0.7829861155108223,-0.0282372545777548,-1.4077688951334628,-0.6541634039610592,3.368257269991948e-05,-1.6586766396527664e-72,8.286225517755358e-07,-2.5306996744609605e-74
10.13,19.0712849,-6.38204714,0.3328567140908774,-0.1113877356104875,-0.0466845976716382,-0.0215673682720323,-0.7766179546770999,-0.0334657331353138,-1.38921622054015,-0.6795901604744345,2.303806031544086e-05,-6.521923230604361e-70,5.646006337770018e-07,-1.033067356788644e-71
10.14,18.50027168,-6.51727943,0.3228906533294628,-0.1137479843259993,-0.0544018430883747,-0.0218757442610947,-0.771724541673527,-0.0308375989062342,-1.370971122013806,-0.6623463268083761,1.73719495919604e-05,-4.92675074113529e-71,4.239866721575071e-07,-7.611573892730375e-73
10.15,17.89715261,-6.58879712,0.3123642397763966,-0.1149962034899199,-0.06206994115799,-0.0220671952657422,-0.7668098069616851,-0.0191451004647454,-1.3527133836001404,-0.5932807868048585,1.312813400919762e-05,-1.2386549367624208e-76,3.1897346797584853e-07,-1.6968799634559408e-78
10.16,17.26964961,-6.58868797,0.3014122463602546,-0.1149942984630413,-0.0696780562783869,-0.022048125070169,-0.7608115120395731,0.0019070195573161,-1.33413335139678,-0.4554482305583483,9.277991310441424e-06,-1.1545680062030604e-82,2.2431529429018686e-07,-1.2071793470934152e-84
10.17,16.62742435,-6.50227086,0.290203301033778,-0.1134860353634832,-0.0772029407631809,-0.0217133840033159,-0.7524884484792858,0.0334741066853036,-1.314772335994669,-0.210956208180447,5.644082606748278e-06,-7.267756184404908e-70,1.357042052620103e-07,-4.265804786187865e-72
10.18,15.98013759,-6.32218242,0.2789060158672117,-0.110342899140703,-0.0846100882824247,-0.0209581075490476,-0.740714751924525,0.0755276454268425,-1.294087518831763,0.1585168729733306,2.730316139384311e-06,-3.3389193720268485e-55,6.523165081298897e-08,5.341108466446543e-56
10.19,15.32898657,-6.04442803,0.2675412866404922,-0.1054951705233345,-0.0918667128753289,-0.0196830816812204,-0.7256624592903067,0.127502586782705,-1.2718973778581075,0.5712883115447818,1.052628875791357e-06,-2.210922300815598e-44,2.4966559215777173e-08,1.1960803033155568e-44
10.200000000000001,14.68046698,-5.66047103,0.2562224845313085,-0.0987938566872547,-0.0989344083383157,-0.0177885960223116,-0.7067695462988207,0.1894485658909149,-1.2476680943023348,0.9011614936448332,3.072516245744307e-07,-6.064358420993309e-36,7.225822244509982e-09,4.75457115902114e-36
10.21,14.04564908,-5.15961043,0.2451428220257124,-0.0900521901237404,-0.1057634511601711,-0.0151721156945104,-0.6829042821854301,0.2616480327800812,-1.2204241262545543,1.121356702381297,6.141181779823185e-08,-5.435422038155371e-29,1.4295798939555763e-09,4.896395903961653e-29
10.22,13.39862168,-4.55927366,0.233850063545094,-0.0795743368664524,-0.1123457803515525,-0.0117684258693695,-0.658232919138276,0.340368982514152,-1.1917428289309926,1.2603858736587017,1.1057552898212542e-08,-2.650843071384404e-23,2.5446447900342336e-10,2.5244712927222117e-23
10.23,12.76014235,-3.83674774,0.2227064970306666,-0.0669638806314513,-0.1186464011588426,-0.0074910534209203,-0.6300620807289035,0.4277372448448605,-1.159793415297871,1.355309423981546,1.4468278643801915e-09,-2.3718997087178517e-18,3.2844062905916664e-11,2.3172138048128426e-18
10.24,12.12089379,-3.00763326,0.2115495049200341,-0.0524931030794906,-0.1246478546132184,-0.002287988238081,-0.6001453454377068,0.5203065182840303,-1.1250433561474544,1.422262061856862,1.528538002034436e-10,-4.2275294056258145e-14,3.4153548288909905e-12,4.1811398124102e-14
10.25,11.48469418,-2.06267226,0.2004457270256303,-0.0360004223265525,-0.1303305460997231,0.0038954175935056,-0.5682691486503744,0.6183405831585738,-1.0868025630114608,1.4725976588260397,1.2508337797147506e-11,-2.3699097570696963e-10,2.7433027655531893e-13,2.358533491508808e-10
10.26,10.8161382,-1.05989097,0.1887772239407329,-0.0184985871386564,-0.1357278987483917,0.0110220496178468,-0.5397352648667825,0.7126632024340083,-1.0490041062707192,1.511158655391274,1.223807633060401e-12,-2.8822180295036805e-07,2.6318477943712122e-14,2.8771128789885255e-07
10.27,10.15927023,0.05578015,0.1773127151133416,0.0009735472747563,-0.1408107648929608,0.0191283336461504,-0.5082866144570026,0.8106284028305162,-1.006269875053517,1.5432237735411536,8.340195255770639e-14,-0.0001819851193495,1.7515099389955925e-15,0.0001819162042414
10.28,9.49870482,1.24856121,0.1657836737840553,0.0217915040271843,-0.145575752168495,0.0281914201505462,-0.476498727553346,0.906308650439442,-0.9603169725136916,1.5704909000854868,4.840089258177236e-15,-0.0483036933016304,9.888377641902728e-17,0.0483036910570155
10.290000000000001,8.83624433,2.50366907,0.1542215570691803,0.0436972686518443,-0.1500191422459191,0.0381633527662948,-0.4443390077425054,0.9971932615750584,-0.9107283177846112,1.594531639859883,2.347804207407425e-16,-3.081241731670088,4.643266739437209e-18,3.0803770699710658
10.3,8.19909366,3.84253011,0.1431011800463925,0.0670648020265198,-0.154101431957838,0.0490238546086467,-0.4082289711918263,1.0860501842350208,-0.8521804390880757,1.6163488166230833,6.375013888097675e-18,-6.401890001658959,1.2076800105568342e-19,6.395273667188661
10.31,7.52742507,5.14263856,0.1313783516686646,0.0897559751120199,-0.1578721253506773,0.0605776115001876,-0.3770693392840002,1.1553756891543194,-0.7962339293846836,1.637218901875694,2.4414207226234364e-19,-6.495567490310105,4.410461338650521e-21,6.481296204625442
10.32,6.85618356,6.42856857,0.1196629772431061,0.1121996877367235,-0.1613297875732828,0.072674536660168,-0.3457662222605004,1.2096925159978529,-0.7362031941884396,1.65771996537944,7.772739796539163e-21,-6.499563465744485,1.321363699575973e-22,6.475113416855017
10.33,6.1914895,7.69725118,0.1080618773776574,0.1343423764440187,-0.1644664373798754,0.0851685784911855,-0.3136649806593213,1.2494041831020015,-0.6706129926121639,1.6783405894481154,1.8766166917490108e-22,-6.499915389372666,2.934848807288969e-24,6.462497369051414
10.34,5.53537566,8.89969022,0.0966105306017541,0.1553288967465385,-0.1672738392957138,0.0978543240339,-0.2807401915837897,1.2685745542712443,-0.5988777510428881,1.7000277969987103,3.3631527550314406e-24,-6.499961744005622,4.657679471054825e-26,6.445949703658178
10.35,4.86703536,9.98388434,0.0849457918429875,0.174251653871301,-0.1697754938198682,0.1104688764435137,-0.2501654524154099,1.261455240961172,-0.5275767632667682,1.7240207050638936,6.876018155919603e-26,-6.499951429690382,8.226286557793172e-28,6.424058119113732
10.36,4.24527403,11.03417238,0.0740940094729085,0.1925826382636189,-0.1719126962587679,0.122888137921632,-0.2137202438900068,1.241926147812085,-0.4383331539710873,1.7495769958318983,5.2812383129977185e-28,-6.499899461968179,5.3995097478525225e-30,6.396640612782057
10.370000000000001,3.68234295,12.02316366,0.0642690086651009,0.209843792373132,-0.173616572497494,0.1349608217992583,-0.1703876238725821,1.2072683877624364,-0.3256679555613089,1.7777118529035307,1.307094591234218e-30,-6.499612874476901,1.3042346286743796e-32,6.361408489202855
10.38,3.09307793,12.85939539,0.0539843938992707,0.2244387893712802,-0.1749454504628596,0.1464223206901171,-0.1328877965365863,1.1461498890861097,-0.2224175985373134,1.8115662611064955,8.011954329413285e-33,-6.495271101476709,5.422736109525565e-35,6.3084676557473145
10.39,2.56345536,13.62533582,0.0447407362598965,0.2378069717489214,-0.1758351743424965,0.157147842866596,-0.0889723879636788,1.0725522176477225,-0.0973359131775526,1.8505167880017257,3.4933563870372427e-35,-6.386825200063015,1.1583474496348322e-38,6.1392595758521065
10.4,2.08822916,14.28894372,0.0364464743781554,0.2493891145461667,-0.176236799872088,0.1669824997782325,-0.0401625529591578,0.9834656911638414,0.044015146525334,1.897575837589917,4.649997079554831e-37,-3.050207319641493,-1.6506175838926562e-38,2.8891775291219752
10.41,1.62793876,14.86204121,0.0284128913828337,0.259391552681582,-0.1761634976714529,0.1758058430715724,0.0073302200635077,0.882334329333854,0.1798265343314297,1.955352911890545,1.3411951332396458e-37,-0.0327408171236838,-2.413961177682493e-38,0.0303542144274526
10.42,1.19885644,15.37427843,0.0209239921367378,0.2683317787218445,-0.1756076349532759,0.18355474670639,0.0555862718176921,0.774890363481635,0.3120490405218231,2.0262370262254983,1.1935204461612402e-36,-7.373338718011896e-05,-3.64668796910291e-37,6.622778227689223e-05
10.43,0.77232841,15.73939978,0.0134796736611926,0.2747043484486711,-0.174605262417224,0.1900577449849039,0.1002372536052125,0.6502998278515265,0.4266686666065936,2.124047773782434,1.0198472187629492e-34,-2.283021009625624e-08,-4.2221700868117e-35,1.942643504089321e-08
10.44,0.38483559,16.08056083,0.0067166481243549,0.2806587320507321,-0.1731413959550069,0.1953366041354239,0.1463866462216849,0.527885915051913,0.535696467015865,2.24784045238655,3.876755579690028e-32,-2.1539005033993014e-12,-1.9803667020561806e-32,1.6787285160372234e-12
10.450000000000001,0.02381108,16.37963061,0.0004155817444557,0.2858784844049472,-0.171222733368834,0.1993938867880247,0.1918662586173285,0.4057282652601637,0.6333193359619558,2.4093079342071824,2.1030889656779745e-29,-3.745586303135463e-17,-1.2447255168987437e-29,2.503666669125948e-17
10.46,-0.32296717,16.63890181,-0.0056368404923482,0.2904036205005439,-0.1688754031496101,0.2022429347571432,0.2347330219223503,0.2849047969118,0.716835680568002,2.618029590737368,7.421160286326317e-27,-9.514789192645838e-23,-4.8747531328220276e-27,4.761092612892965e-23
10.47,-0.64068385,16.88241291,-0.0111820426468534,0.2946536909606971,-0.1661054785304182,0.2039372298397554,0.2769924619192478,0.1694295082612572,0.7914901506506877,2.867525243549795,1.8692668242214714e-24,-9.689354295976387e-29,-1.3295506911201106e-24,2.6064945121618945e-29
10.48,-0.94371536,17.11342188,-0.0164709402336435,0.2986855580888379,-0.1629413364659413,0.2045378936920901,0.3164142064476438,0.060066385233461,0.8552754560642665,3.135681170236333,2.3964675289363683e-22,-1.7772985230325566e-33,-1.8085459817219584e-22,5.7082675409420055e-36
10.49,-1.2393549,17.3371779,-0.021630823605725,0.3025908373589962,-0.1594218017203611,0.2041154654509235,0.3519534745580899,-0.0422428241166728,0.9088920354385158,-2.8954167336390584,1.4569044198201527e-20,-5.781666035441332e-34,-1.1492098086000435e-20,-4.740239896231132e-36
10.5,-1.4923449,17.57963447,-0.0260463320803455,0.3068225027985883,-0.1555356242113465,0.2027775513432603,0.3886177509013936,-0.1337914107662914,0.959763557021906,-2.654688903365529,7.983637412462318e-19,-1.223733592170236e-30,-6.53932673499266e-19,-1.3492866236295958e-32
10.51,-1.73602378,17.82654789,-0.0302993308539176,0.3111319549449479,-0.1513214005805959,0.2006091670655973,0.4214223630749976,-0.2168384277662715,1.0030717377020353,-2.5256292045592508,2.3200675632027067e-17,-2.1560537567183942e-26,-1.9562887433672965e-17,-3.083350147386782e-28
10.52,-1.97032838,18.08164271,-0.0343887175764859,0.3155841994587302,-0.1468166757419701,0.1976990400998053,0.4504724838626691,-0.291012696579251,1.0403424052824206,-2.4222325901097115,3.9118615581706816e-16,-1.3445829860932773e-22,-3.3746955394009997e-16,-2.241776967141664e-24
10.53,-2.18549591,18.34692011,-0.0381440994183696,0.3202141635198602,-0.1420442389199155,0.1941363485800996,0.4772436822053891,-0.3562691519705228,1.0738484783471751,-2.3391052756880963,4.6934801946513375e-15,-1.677861291558644e-19,-4.126348713987502e-15,-3.0483722598303008e-21
10.540000000000001,-2.37863488,18.62463769,-0.0415150103587802,0.325061249681531,-0.1370227619999429,0.1900104754991657,0.5021476919973566,-0.4125873080934666,1.1044771662026682,-2.271746238753112,4.307668491427574e-14,-4.754360778915246e-17,-3.8483215649090144e-14,-9.130034663737357e-19
10.55,-2.57596421,18.89596942,-0.0449590568780346,0.3297968817351632,-0.1318076754503707,0.1853810460507958,0.5215086549571386,-0.4629429448369219,1.13010885793517,-2.214184904382639,2.2299527652439649e-13,-5.058658321355174e-15,-2.0172158607243685e-13,-1.0118074051108977e-16
10.56,-2.76569369,19.16568034,-0.0482704609921313,0.3345042253177463,-0.1264347708602057,0.1803127986271416,0.5372904590166053,-0.5068247423655201,1.152784563126418,-2.1648995983687804,8.101048429776929e-13,-2.2375727898758574e-13,-7.40469324320342e-13,-4.617689898804805e-15
10.57,-2.95671742,19.42829947,-0.051604454030072,0.3390877938149693,-0.1209504354995237,0.1748605020921948,0.548433536068119,-0.5452296534945924,1.1722402227723971,-2.121630062385557,1.926384897311942e-12,-5.068098629767549e-12,-1.7756746021295388e-12,-1.0726701876358593e-13
10.58,-3.13324733,19.67853454,-0.0546854821878213,0.3434552196904278,-0.1153760291154115,0.1690696532040755,0.5574406384113244,-0.5790848888120468,1.190306531879911,-2.0827370086031576,3.7867858053586495e-12,-6.889322192452369e-11,-3.5164984505428253e-12,-1.4893562181197928e-12
10.59,-3.30344467,19.91212264,-0.0576559861489575,0.3475321011289055,-0.1097432023366493,0.162978362900469,0.5632826778761293,-0.6091290303605548,1.2065422369255827,-2.0470833318354096,5.671878078563322e-12,-6.296164875009075e-10,-5.3005242730795566e-12,-1.3861909617745654e-11
10.6,-3.47314879,20.12371488,-0.0606178817971571,0.3512250823885756,-0.1040896235284072,0.1566161921964986,0.5653578808241234,-0.6362170703969388,1.2207757791555165,-2.013721546225718,6.180494966773142e-12,-4.285047168190783e-09,-5.8065709509401216e-12,-9.587198793836924e-11
10.61,-3.63689822,20.3065541,-0.063475848498921,0.3544162287793538,-0.0984424714159718,0.1500026877869784,0.5647152112436506,-0.6613504409521503,1.2336844846446322,-1.981835407219602,5.363031678192907e-12,-2.3941396239229768e-08,-5.061862563413936e-12,-5.43478736173554e-10
10.620000000000001,-3.79110224,20.474546,-0.0661672163677322,0.3573482405510349,-0.092821714207094,0.1431768455271682,0.5620757208876985,-0.6825842259809133,1.2456993720397649,-1.95212905933554,3.933561794554183e-12,-9.732346560920278e-08,-3.728013740416236e-12,-2.237564852940025e-09
10.63,-3.93492325,20.6149756,-0.0686773665257759,0.3597991994382936,-0.087244404529582,0.1361582239132591,0.5577309677513062,-0.7018621613910517,1.2569972650892258,-1.9234701694530465,2.492455868699186e-12,-3.362118539551576e-07,-2.37104484635878e-12,-7.819537642452962e-09
10.64,-4.06538492,20.73211888,-0.0709543522149262,0.3618437353708792,-0.08172181934555,0.1289720438901865,0.5522585184031145,-0.7186180023071462,1.2678797360712786,-1.8959490796252283,1.4296053430485148e-12,-9.594509964811289e-07,-1.3646822761067562e-12,-2.254740326370128e-08
10.65,-4.18112283,20.82329381,-0.0729743598138031,0.3634350380946545,-0.0762621032767926,0.1216388856487555,0.5459716068758478,-0.7333158241432494,1.2785062215566796,-1.869248060470131,7.606995378316936e-13,-2.3559483725518838e-06,-7.285203568359595e-13,-5.5887539244286366e-08
10.66,-4.28253269,20.9068213,-0.0747442957647896,0.3648928678110811,-0.0708729267011481,0.1142041805478482,0.5389176575643685,-0.7434705100906093,1.2889038979465308,-1.844074908166943,3.76014676765642e-13,-4.25906073648859e-06,-3.6121369142585683e-13,-1.0186595904739144e-07
10.67,-4.36882092,20.97284582,-0.0762503094840078,0.36604521307213,-0.0655598170216469,0.1066966929945686,0.531310967950033,-0.7507487553278478,1.2991761163347342,-1.8197009610952464,1.7555683225742124e-13,-6.379076354558406e-06,-1.6913827973685062e-13,-1.5369572731568906e-07
10.68,-4.4416552,21.0305192,-0.0775215074783272,0.3670518034438839,-0.0603297320849222,0.099156138624504,0.523008493672579,-0.7540554370066109,1.3092599916875274,-1.7963117498879366,7.618422965362474e-14,-7.399664650351001e-06,-7.36008358793247e-14,-1.794419914949011e-07
10.69,-4.50491075,21.08708807,-0.0786255250959871,0.3680391164795165,-0.0551939823198426,0.0916293997125426,0.5135749765078789,-0.7526738911960223,1.3189611813055675,-1.7739383810069675,2.9362172483153254e-14,-6.353072129315544e-06,-2.843867430484585e-14,-1.549332156576728e-07
10.700000000000001,-4.56716659,21.14995049,-0.0797120944825819,0.369136272684288,-0.0501743709764267,0.0841698599699619,0.5019611343416913,-0.7459539742582093,1.3278094109440923,-1.7525743711822392,9.002418486624498e-15,-3.85368022677337e-06,-8.738739782254503e-15,-9.443925428894992e-08
10.71,-4.63039364,21.21902379,-0.080815614681405,0.3703418291945058,-0.0452929924829151,0.0768261261273851,0.4881378493510773,-0.7343733842575672,1.3357654120302602,-1.7319582814963237,2.153345424619015e-15,-1.6863172696172462e-06,-2.0943211356252984e-15,-4.1499983374136794e-08
10.72,-4.68529888,21.30758752,-0.0817738918960027,0.3718875578808531,-0.040556357322378,0.0696606948318454,0.4736635160538071,-0.7165431295541101,1.3434740178268354,-1.712235240255183,4.631458259192255e-16,-4.7551506696900533e-07,-4.512668651765629e-16,-1.1744331569578931e-08
10.73,-4.76302544,21.40779242,-0.0831304762842516,0.3736364633124848,-0.0360129909632411,0.0627190303664597,0.4543366359136225,-0.6941664465384645,1.349034903037306,-1.6929502499801037,5.620875933261595e-17,-9.426869128430997e-08,-5.483652206154218e-17,-2.335409072854374e-09
10.74,-4.85658942,21.52133357,-0.0847634757965217,0.3756181302164855,-0.0316965785174652,0.0560439172710523,0.4316412445776788,-0.6675113095408708,1.3528749858377216,-1.6739515086433738,4.2408184559843595e-18,-1.2945295496041464e-08,-4.140829004403726e-18,-3.2153885810925335e-10
10.75,-4.989293,21.64489101,-0.0870795901967054,0.3777746143598208,-0.0276691593004148,0.0496684210097129,0.4027419217049724,-0.6375496261338476,1.3533060704914217,-1.6549877056259772,1.3043105348093124e-19,-1.271480367493631e-09,-1.2736788175065991e-19,-3.1649663956408236e-11
10.76,-5.12888921,21.78747344,-0.0895160036845108,0.3802631472188152,-0.0239410122272186,0.0436336044625397,0.3728147073195583,-0.6034816547172223,1.352197711827981,-1.636054741460658,2.7054957319499026e-21,-7.993345906864653e-11,-2.6413101353665048e-21,-1.993137520216211e-12
10.77,-5.29821817,21.93501754,-0.0924713515554886,0.382838277555707,-0.0205515249303657,0.0379555282886136,0.3389487296853605,-0.567807617392723,1.347458026868756,-1.616739741914473,2.2880022813014992e-23,-3.727181643886339e-12,-2.2313503730030366e-23,-9.305918683379589e-14
10.78,-5.49622127,22.07377134,-0.0959271575796442,0.3852599882153607,-0.0175332918796576,0.0326275866227624,0.3018233050707669,-0.5327941665850399,1.3382097215156392,-1.5967402460841218,6.872731450914434e-26,-1.5188931235697874e-13,-6.688229490203147e-26,-3.795667083962905e-15
10.790000000000001,-5.72071152,22.19729502,-0.0998452515807694,0.3874158831355405,-0.0149108745416781,0.0276325383053677,0.2622417337980003,-0.49950483173957,1.3231373376348774,-1.5759379847878563,6.068043938833315e-29,-5.930262815816236e-15,-5.883441945037857e-29,-1.482541681645065e-16
10.8,-5.98147332,22.31060366,-0.1043964035541964,0.3893934919744975,-0.0127179615534854,0.0229594003290594,0.2192912988192327,-0.4673137976307558,1.2984425591886606,-1.5543304839235736,7.951350023354806e-33,-2.0869864571349744e-16,-7.659075814217864e-33,-5.2165993012425474e-18
10.81,-6.25967582,22.38902044,-0.1092519531664759,0.3907621229743095,-0.0109565577655027,0.018561742554984,0.17614037879831,-0.4397657774076209,1.2621160249962466,-1.5319434498736249,1.4053638838004233e-37,-9.847146654042365e-18,-1.3391066269944476e-37,-2.4595116031213773e-19
10.82,-6.55064966,22.42393294,-0.1143304047116471,0.391371461049412,-0.009619239462644,0.0143831647681662,0.1337318302858467,-0.4178577786817214,1.208708456639868,-1.5090803632695244,1.515940220166063e-43,-7.536927025066631e-19,-1.41785312210585e-43,-1.879845899037426e-20
10.83,-6.85278408,22.40153065,-0.1196036451242505,0.3909804673289255,-0.0086942182460259,0.0103512416459483,0.0925021216618218,-0.4031923122218628,1.1280414977853557,-1.4863122518134346,1.6443372045119078e-51,-1.2464629435074865e-19,-1.4860141131740052e-51,-3.1025998067281085e-21
10.84,-7.15955175,22.30350068,-0.1249577510044219,0.3892695215867942,-0.0081589233124779,0.0063730256775447,0.0535294933547945,-0.3978215968402971,1.004470754395932,-1.4645341546293342,3.103979006807082e-63,-6.311276179219075e-20,-2.619621706368239e-63,-1.5669936627614833e-21
10.85,-7.45648981,22.15749411,-0.1301402978259064,0.3867212262107506,-0.0079699704160399,0.0024011567651432,0.0188952896437943,-0.3971868912400942,0.8226227423274055,-1.4435926175270095,2.561039214302272e-84,-5.795027256334796e-20,-1.8767848980327063e-84,-1.4345661383202024e-21
10.86,-7.73831421,21.92523622,-0.1350590615183639,0.3826675613165158,-0.0080778914142669,-0.0016610617327801,-0.0107920998226988,-0.406221849792423,0.5728148484942563,-1.4249061841228672,1.986488319398851e-93,-1.7834414932056688e-19,-1.077202346463944e-93,-4.401379996363804e-21
10.870000000000001,-8.00066889,21.60650994,-0.13963801449238,0.3771047383178824,-0.0084292361494241,-0.0059022184390466,-0.0351344735157161,-0.4241156706265818,0.2824656655439385,-1.408656893705011,5.095607484905189e-72,-1.5460796725313838e-18,-1.411870294150844e-72,-3.804156545614406e-20
10.88,-8.22779733,21.22520198,-0.1436021535952984,0.3704496589518196,-0.0089513819154836,-0.0103693966647324,-0.0522145766059623,-0.4467178225686642,0.0444982356196521,-1.3938767950072108,1.0399151997566724e-63,-2.0913459873580177e-17,-3.744162634175362e-65,-5.130423365289652e-19
10.89,-8.41589757,20.77707879,-0.1468851221070899,0.3626284338317795,-0.0095711741922136,-0.0151102385499755,-0.0619792276729857,-0.4740841885242404,-0.092324440806865,-1.380545342523112,4.7984443339532054e-60,-4.1372410008183485e-16,4.841037284076077e-63,-1.0119865199573489e-17
10.9,-8.57176229,20.25386401,-0.149605474658789,0.3534966132256817,-0.0102301756381543,-0.0201782009196956,-0.0659001445940826,-0.5067962369721102,-0.1441895882795477,-1.3687241125883058,1.0369958119732328e-58,-1.1797241029947363e-14,-5.771152788592434e-62,-2.8777454364990993e-16
10.91,-8.64656616,19.69209756,-0.1509110484835228,0.3436919390459416,-0.0108065405270139,-0.0255695348566274,-0.0576364888859535,-0.5391333936930931,-0.0310000323294884,-1.3567083119467298,1.670768761284126e-61,-2.6431350649903535e-13,1.3374863353517893e-63,-6.4285272040959055e-15
10.92,-8.69160464,19.0631287,-0.1516971182496164,0.3327143615464263,-0.0112600691823821,-0.0313183622958121,-0.0453528655368065,-0.574882743918377,0.1337866593961094,-1.3455747275140244,1.9615363297043765e-66,-6.668867922911023e-12,-2.663879229950269e-67,-1.617326992397678e-13
10.93,-8.64990491,18.41455829,-0.1509693206639238,0.3213946724609168,-0.0114754420159288,-0.0373876100089781,-0.0215372833546818,-0.6069247713167234,0.4252657139117046,-1.333276371086035,1.5335326914854563e-80,-1.025131927743372e-10,-6.329036856643368e-81,-2.4778889163745445e-12
10.94,-8.56031889,17.7200679,-0.1494057496511663,0.3092735285319573,-0.0114021490993879,-0.0437775030514794,0.0073292916540936,-0.6389893042500303,0.6991591721090579,-1.3209864787029504,2.613777962922819e-93,-1.375418012140664e-09,-1.6818644829204557e-93,-3.3130273242450776e-11
10.950000000000001,-8.40559074,16.99709181,-0.1467052339881466,0.2966552153482624,-0.0109716633555049,-0.0504618770548557,0.0430485743883036,-0.668437400337765,0.9270370031639886,-1.3079715122019635,1.5637094314047154e-67,-1.3416889158620682e-08,-1.2507247878538683e-67,-3.2193411963329315e-10
10.96,-8.15513831,16.28214832,-0.142334014465026,0.2841770974820633,-0.0100808245906497,-0.0573639839418312,0.0890838764855103,-0.6902106886974398,1.1062538639630457,-1.2928267976299708,2.760699617340692e-52,-6.86650601864388e-08,-2.468516024839189e-52,-1.6398619073902607e-09
10.97,-7.83116464,15.55229712,-0.1366796072337564,0.2714387909924317,-0.0086685908722235,-0.0644434902114183,0.1412233718426424,-0.7079506269588525,1.228413615708153,-1.2767133499899583,2.233949242469894e-42,-2.527299948257654e-07,-2.1045783881258624e-42,-6.004051015018739e-09
10.98,-7.41489375,14.82786823,-0.1294143096230492,0.2587951216653638,-0.0066561555763729,-0.0716338166432672,0.2012435295850378,-0.7190326431847763,1.316254271522123,-1.258802515624588,1.0253702599010464e-34,-5.722342297200131e-07,-9.924265344338636e-35,-1.3511175464957806e-08
10.99,-6.90086346,14.11540003,-0.120442788607568,0.2463602057596063,-0.0039673670624522,-0.0788637840842696,0.2688788513921141,-0.7229967441003844,1.380808165218485,-1.2388713554685062,1.96385373197959e-28,-7.909542049976404e-07,-1.928631594697562e-28,-1.8541491076083412e-08
11.0,-6.28483061,13.4170811,-0.1096909870746236,0.2341722412021026,-0.000530701845626,-0.0860644661882348,0.3436665216825674,-0.7200682103964086,1.429606498927504,-1.216843973836665,4.166780423271164e-23,-6.848609641401133e-07,-4.12546115487712e-23,-1.5920393573968162e-08
11.01,-5.56365257,12.73747422,-0.0971040557835443,0.2223108635268965,0.0037191145574851,-0.0931661588593059,0.4249816403110582,-0.7101692671069942,1.4676039296224426,-1.1924588130617844,1.7070775404241966e-18,-3.683643018943211e-07,-1.6980290739313386e-18,-8.479574986098015e-09
11.02,-4.73217739,12.08324697,-0.0825920762439317,0.2108924439581284,0.0088439715073446,-0.1000959711985772,0.5124856949860526,-0.6929812339272692,1.4981276670895758,-1.1652534063795856,1.9963359043400712e-14,-1.1835334319308157e-07,-1.9910864240951325e-14,-2.6931520605738396e-09
11.03,-3.79199643,11.45428153,-0.0661828229273706,0.1999149261488736,0.0148928855814192,-0.106787951276324,0.6048914074073625,-0.6691980077745763,1.523252335484323,-1.1350664140769695,8.005042897946742e-11,-2.31026144960914e-08,-7.996030624527868e-11,-5.186220884259323e-10
11.040000000000001,-2.73831664,10.86183434,-0.0477926413301482,0.1895747720391852,0.0219115659279062,-0.1131671933821507,0.7018680346488443,-0.6379242105827957,1.5445207683382662,-1.1008865267859438,1.3685579590402682e-07,-2.442234382072874e-09,-1.368087313657018e-07,-5.3938884333928935e-11
11.05,-1.59120575,10.29114647,-0.0277717794141657,0.1796143897064918,0.0299078972733199,-0.1191870818244,0.7996331345412412,-0.601988844224838,1.562861970739995,-1.0634185087483128,9.389101727387638e-05,-1.621099413290202e-10,-9.388807289970376e-05,-3.512955129388877e-12
11.06,-0.35676824,9.74623362,-0.0062267804545453,0.1701038663375658,0.0388742704516227,-0.1248013211802319,0.8966373178304629,-0.5614239355833044,1.5791201951015073,-1.0219980024860964,0.0289869365413641,-6.3261367100307904e-12,-0.0289859360850854,-1.3404672833540957e-13
11.07,0.92442947,9.19847054,0.0161343379539661,0.1605435970707008,0.0487410733611097,-0.1300094279830441,0.9866802909485458,-0.5208106802811382,1.5939294806875737,-0.9789291411044162,2.2890843128752554,-2.010186613104371e-13,-2.288474126010327,-4.154048286466709e-15
11.08,2.27635176,8.68644126,0.0397298331455677,0.1516070002680848,0.0594715510238193,-0.134759980080788,1.0730477662711675,-0.4750552097744805,1.6077450725869191,-0.930203929829676,6.327426231641996,-3.0933915138155266e-15,-6.323123612809864,-6.198732550543933e-17
11.09,3.58838988,8.12711511,0.0626292182512442,0.1418449173580811,0.0708728351705811,-0.1391234585650661,1.140128414676007,-0.4363478484277467,1.6212890988111135,-0.8849317116634395,6.491628722100364,-7.173153101949098e-17,-6.483385769320183,-1.392975707977695e-18
11.1,5.03854165,7.68515346,0.0879391412913677,0.1341312313980343,0.0830097094301938,-0.1429390278967774,1.2136874259610717,-0.3815569331710692,1.634006855764787,-0.822845590703785,6.499639524120239,-2.073692391027187e-19,-6.486706643877149,-3.83526517725089e-21
11.11,6.37248982,7.15876063,0.1112209289088208,0.1249439433556435,0.0955843703057599,-0.1463415049282172,1.257466087556865,-0.3402477031440431,1.647541702481499,-0.770431504210904,6.499940359472284,-1.760055894675135e-21,-6.480877685496338,-3.1021136204721923e-23
11.120000000000001,7.63224443,6.59655482,0.1332077946204979,0.1151316008973018,0.1083779512488388,-0.1493901668569335,1.279358094307685,-0.3048661928715857,1.6619021589087106,-0.722330183260823,6.499975696503736,-2.264413555168848e-23,-6.473115983882592,-3.788680132454268e-25
11.13,8.92929471,6.11315762,0.1558455925704122,0.1066947281623803,0.1213419263977044,-0.1519829992871776,1.2963975148868252,-0.2592832430244595,1.6763419423827248,-0.6601660502752112,6.499987941375524,-5.108681234729185e-26,-6.463946310828781,-7.866720607053716e-28
11.14,10.11407427,5.58705552,0.1765238968027419,0.0975125143157239,0.13422303481762,-0.1541971456616498,1.2881108419913565,-0.2214146374471857,1.6925124399710263,-0.6048919322866679,6.499984223985489,-2.3247540618820523e-28,-6.452065110398333,-3.2568065815083386e-30
11.15,11.22080027,5.06242352,0.1958399094201687,0.088355958554401,0.1468358949626912,-0.1560447541049015,1.261286014507372,-0.1847608443252053,1.7104092398107114,-0.54919094544094,6.499957726392402,-9.756872941298916e-31,-6.436931641570414,-1.2214983514830432e-32
11.16,12.23011661,4.54281654,0.2134558027473472,0.0792871059370566,0.1589845437718874,-0.1575343108892809,1.2148648809194296,-0.1489556784379165,1.7307694279714243,-0.4927565007843781,6.499747576617622,-4.135051134225528e-33,-6.417036467287713,-4.6102393505398254e-35
11.17,13.16033024,4.03948331,0.2296910933377755,0.0705022838388587,0.1705167297048188,-0.158660229427483,1.1532185932929595,-0.1125918538201977,1.753954918754893,-0.433532481485688,6.496963933442337,-1.8389025570524856e-35,-6.38864702027325,-1.870279515690152e-37
11.18,13.99672931,3.55578079,0.244289010969894,0.062060082264665,0.1812756584651967,-0.1594149337515267,1.075892876038001,-0.0754704324043853,1.7811358513061772,-0.3710554133779022,6.417775041448771,-1.3646845222906696e-37,-6.276771275241236,-1.3607038392314448e-39
11.19,14.74475196,3.09804867,0.2573444690918872,0.0540711496785312,0.1911292890698224,-0.1597849407746802,0.9853630604624144,-0.0370007023153454,1.813515367993335,-0.3041539827841402,3.551502367562451,-3.604400779910895e-39,-3.447707975236118,-3.540582308501302e-41
11.200000000000001,15.40790337,2.66205413,0.2689186446356301,0.0464616094348131,0.1999665426356354,-0.1597660563140379,0.8837253565814783,0.0018884460642358,1.852902049785647,-0.2343108752853569,0.0465376743836515,-9.742175169231415e-40,-0.0447030644255223,-7.358184919591861e-42
11.21,15.98978475,2.26383514,0.2790743905726783,0.0395113769153467,0.2076964912283221,-0.1593346111903676,0.7729948592685512,0.0431445123670175,1.902015207891146,-0.1579289058786999,9.51871522878821e-05,-4.9735276681218986e-39,-9.002555437830253e-05,-2.5324278414227363e-42
11.22,16.49941942,1.89675699,0.2879691935464931,0.0331046545857171,0.2142548636042897,-0.1584805510107466,0.6558372375968846,0.0854060179621255,1.9647331606716587,-0.0775126985928208,5.67175358127376e-08,-3.801723885097159e-37,-5.238134681332181e-08,-1.3061877734551875e-39
11.23,16.93541398,1.55256235,0.2955787341392771,0.0270973248500005,0.2195879146674417,-0.1572086738017464,0.5333051063151211,0.1271877208999984,2.0479892286582397,0.0037450153590608,7.278683462062541e-12,-1.269643837112934e-34,-6.4665295756689755e-12,2.496845921086413e-37
11.24,17.31089484,1.23469082,0.302132111424497,0.0215494200531486,0.223672065792867,-0.1555212385923871,0.4084151125426102,0.1687435209359603,2.161607739035769,0.0858321315303023,1.644381617737292e-16,-7.082533446469556e-32,-1.365732097921244e-16,5.905699828935802e-33
11.25,17.65716969,0.94918281,0.3081757476738465,0.0165663652378317,0.2265368645154059,-0.1534145627285756,0.2864798722538471,0.2106675863811223,2.3165706120029625,0.1693773582731549,8.729073746940358e-22,-4.095937604303101e-29,-6.4111013038389455e-22,6.972351318009956e-30
11.26,17.90403589,0.65392879,0.3124843756757333,0.0114132104590825,0.2281199175416012,-0.1509461763318705,0.1583053026195077,0.2468386396704688,2.5505098304344798,0.2420077437457585,9.753699923700739e-28,-7.636137954954258e-27,-5.4372266285159105e-28,1.8199550645835232e-27
11.27,18.14163842,0.3838611,0.3166313221353019,0.0066996400653272,0.2284968116719637,-0.1481229636736887,0.0376894130362562,0.2823212658182312,2.857773396466633,0.3133768102842243,1.1178110139418395e-31,-9.775515030123195e-25,-3.111733689430077e-32,2.9993020896763544e-25
11.28,18.35140673,0.12081418,0.320292469811146,0.002108605224097,0.2277190251828043,-0.1449786468064604,-0.0777786489159316,0.3144316867227889,-3.0711292677318927,0.3783252447736769,7.601575786434789e-31,-6.055271108472582e-23,3.5403776802009286e-33,2.2337004618398096e-23
11.290000000000001,18.54377738,-0.13611893,0.3236499710378477,-0.0023757235027916,0.225855723198338,-0.141547558661309,-0.1863301984466696,0.3431088145152045,2.94026525588303,0.43696573199771,1.3842111987241562e-26,-1.9540787125778e-21,-2.7680285018730727e-27,8.274305566593854e-22
11.3,18.72676968,-0.39057887,0.3268437891786449,-0.0068168872702189,0.2229885730555172,-0.1378681659222662,-0.2867150142820348,0.36793927390422,3.1229310788687803,0.4888956919194294,6.629080563994016e-22,-3.374250916695908e-20,-7.958744469384363e-24,1.5862229669815502e-20
11.31,18.90672932,-0.64540007,0.3299846774173486,-0.0112643562141018,0.219207922158898,-0.1339813844083118,-0.3780650896619944,0.3886781513955158,-2.987072024404806,0.534088579003968,6.885148584324458e-18,-3.246953497884108e-19,1.4528043590697644e-21,1.654166632338235e-19
11.32,19.09054273,-0.89288365,0.3331928266311668,-0.0155837595297246,0.2146122921250531,-0.1299155474051528,-0.459563003384417,0.4065837003158382,-2.8325360153140613,0.5750013939534289,1.1805274056597879e-14,-2.1180134321994877e-18,1.1655637685973342e-16,1.1523948609901084e-18
11.33,19.27865101,-1.14160984,0.3364759354674302,-0.0199248504811656,0.2092981789877327,-0.1257097593638459,-0.5314113137321416,0.4205788041307727,-2.699424150777217,0.6101140800879331,4.468233168988823e-12,-8.597320982632842e-18,4.5890362834988744e-14,4.926932346182325e-18
11.34,19.47222655,-1.38415812,0.3398544659917562,-0.0241581165622147,0.2033606205732108,-0.1213906461092165,-0.593755841452097,0.4319113254628697,-2.587176240197429,0.6416559288229945,4.98431360498394e-10,-2.559146799294497e-17,6.308762398064253e-12,1.531722049705746e-17
11.35,19.67612803,-1.61033291,0.3434132181674456,-0.0281056113327215,0.1968978211124724,-0.1169693376156129,-0.6462799460737373,0.4421308493602993,-2.494143338874358,0.6721849078694884,1.9845446698151753e-08,-6.682789334095913e-17,2.9959152136755077e-10,4.160880437907236e-17
11.36,19.86976608,-1.8478112,0.346792839697087,-0.0322503893952274,0.189975015032812,-0.1124950442017296,-0.6922806079661799,0.4474293413884183,-2.4133496805364474,0.6958242549825326,4.1240292318275443e-07,-1.0343329915218954e-16,6.947758651490111e-09,6.629135035072989e-17
11.370000000000001,20.06551596,-2.06793811,0.3502093196134708,-0.0360923287469686,0.1826723545303684,-0.1079737587360978,-0.7302660502442517,0.4521285465631076,-2.344888054799211,0.7193129023782446,4.425198891624735e-06,-1.507318532115235e-16,7.99763802661014e-08,9.929247441231067e-17
11.38,20.2417638,-2.28167582,0.353285424720999,-0.0398227555221414,0.1750361190660528,-0.1034264787041536,-0.7636235464317068,0.4547280031945103,-2.283143272486538,0.7403449379045485,3.257244055174019e-05,-1.770624806788335e-16,6.200795810905698e-07,1.194110651294315e-16
11.39,20.40547362,-2.47559132,0.3561427000978462,-0.0432072194677925,0.167120714382001,-0.0988541251031308,-0.7915404684050621,0.4572353601022087,-2.228031653095839,0.7619998495117943,0.0001622086050661,-2.0696555039526184e-16,3.2142513479364103e-06,1.4285313649690952e-16
11.4,20.54666969,-2.65115524,0.3586070364102227,-0.0462713879195004,0.1589642115493194,-0.0942597571525529,-0.8156502832683223,0.4594367950578838,-2.177060559721949,0.7839697939040792,0.000620624366512,-2.3542638234972527e-16,1.2712744088584091e-05,1.662015058463268e-16
11.41,20.66019489,-2.80447629,0.3605884249342077,-0.0489473450546153,0.1505960830702054,-0.089640967652478,-0.8368128479112665,0.461878950007416,-2.128927535428178,0.8071071594065643,0.0019510261744698,-2.759104086172181e-16,4.112350517347791e-05,1.9925325958539163e-16
11.42,20.741738,-2.93821563,0.3620116206860236,-0.0512815368770594,0.1420388750078451,-0.0849994009417128,-0.8557208062358901,0.4641566710764485,-2.0827124948890163,0.8308205890389164,0.0052997696742611,-3.19356917855173e-16,0.0001145736360993,2.3580710363836737e-16
11.43,20.79228375,-3.04856981,0.3628938104464135,-0.0532075806613979,0.1333159552295061,-0.08033148129563,-0.8722919778340763,0.4667919646083719,-2.038243582557633,0.8559096808127289,0.0124699810115027,-3.8544538780497237e-16,0.0002757430111765,2.91045249703351e-16
11.44,20.81098956,-3.13684972,0.363220288420166,-0.0547483557542622,0.1244487721348315,-0.0756359282819967,-0.886718309467323,0.4695553013632588,-1.995158517158456,0.8820458731834799,0.0258375107866796,-4.735557913790349e-16,0.0005830400857972,3.655801856500692e-16
11.450000000000001,20.79944438,-3.20300165,0.3630187870164306,-0.055902924739311,0.1154602429993429,-0.0709116984130286,-0.8988529135490404,0.4724229868968986,-1.9533539508531657,0.909201190742528,0.0469765217268862,-5.90707909733059e-16,0.0010794877586937,4.660642870046535e-16
11.46,20.76388157,-3.24913543,0.3623980988906694,-0.0567081110967017,0.1063809273111334,-0.0661609678359606,-0.907931568820806,0.4750730577067242,-1.9130492664235077,0.9369205444336562,0.0722364741113875,-7.235901242393091e-16,0.0016868110114195,5.830318294982029e-16
11.47,20.71595828,-3.28954557,0.3615616796917814,-0.0574134010908936,0.0972557374279341,-0.0614057108478456,-0.9125189883201084,0.4755256988116,-1.8746704157276133,0.9624679360646629,0.0874503759939444,-7.0985248427428695e-16,0.0020706531026882,5.825351119670523e-16
11.48,20.64712487,-3.31478262,0.3603603100519061,-0.057853870706884,0.0881145305264748,-0.0566531605524042,-0.9141206901457866,0.4752550295440638,-1.8370906555170707,0.987924790636807,0.0906580296274088,-6.49302259635937e-16,0.0021730122083095,5.421340117434674e-16
11.49,20.57979513,-3.33525124,0.3591851844043944,-0.0582111155192235,0.0790159916669822,-0.0519243826300538,-0.9098538859494484,0.47287779223513,-1.8012106053786376,1.0114571686804414,0.0689357596582513,-4.791652145652378e-16,0.0016695108437988,4.061834117517656e-16
11.5,20.51550782,-3.36151144,0.3580631591776442,-0.0586694424714558,0.0700160625139972,-0.047253254780006,-0.8999929152983569,0.467112785004707,-1.766374331274333,1.0313636564983426,0.0387068161224534,-2.4805280317539953e-16,0.0009456327391486,2.1285393068713286e-16
11.51,20.46373379,-3.39431243,0.3571595318871178,-0.0592419277448695,0.0611787835307617,-0.0426716728976881,-0.8837278983234067,0.4581581882317156,-1.7323043315040818,1.047789950555239,0.0151265429066597,-9.066984860346944e-17,0.000372236793665,7.8559213941581e-17
11.52,20.42794679,-3.44156334,0.3565349309077066,-0.060066611698933,0.0525669381503414,-0.0382193986324224,-0.861184538042202,0.4452274265266618,-1.6983166414517143,1.0593660149882247,0.0040535175321179,-2.097599302649253e-17,0.0001003404399481,1.8294469655480493e-17
11.53,20.40668599,-3.52743573,0.3561638599460986,-0.0615653676409897,0.0442349218285908,-0.0339656446942233,-0.8332016321749307,0.4253753938198422,-1.6634753362323185,1.0610529950196337,0.0007601992818711,-2.0918774437655252e-18,1.890558849695248e-05,1.8261830880762174e-18
11.540000000000001,20.40832644,-3.62859239,0.356192491199813,-0.0633308844183101,0.0362426734655923,-0.0299406592361904,-0.7992248363000104,0.4024985458033681,-1.6269983169323856,1.0566204235561834,9.30378360002608e-05,-1.2913439608776782e-19,2.321453835530284e-06,1.1245199735373683e-19
11.55,20.41791434,-3.75247542,0.3563598316231649,-0.065493051179157,0.0286225702753954,-0.0261811472507337,-0.762010319019574,0.3759511985456163,-1.5873121080666186,1.0429357876949583,8.438461065098703e-06,-4.1880770645366304e-21,2.1092626412572129e-07,3.618471893597549e-21
11.56,20.42322826,-3.92775525,0.3564525770233525,-0.068552261324993,0.0213851992968454,-0.0227588341432139,-0.72373709785514,0.3422313107520472,-1.5430141685069485,1.0086935297727924,6.330390357904749e-07,-3.774073932850237e-23,1.5818493401026963e-08,3.19368818642714e-23
11.57,20.43491826,-4.11997588,0.3566566060129106,-0.0719071442087508,0.0145526666255001,-0.0196900534263839,-0.6832532671344188,0.3068780716829574,-1.4925051053960956,0.956320418684059,3.523088407511152e-08,-1.606246722316204e-25,8.774787471193067e-10,1.3124759543197592e-25
11.58,20.45297294,-4.32025103,0.3569717196243046,-0.0754026049861763,0.0081427915659225,-0.0169753556976734,-0.6409875059578906,0.2714697728711012,-1.4332909824096995,0.8810196496196191,1.435964115074555e-09,-3.478232429908657e-28,3.548905881718339e-11,2.6828855193746274e-28
11.59,20.41095,-4.56555602,0.3562382809599366,-0.079683984733248,0.0020774682032515,-0.0146640637717918,-0.6065323362670028,0.2311291925881256,-1.3670141750692004,0.7475315335708362,9.031059565232751e-11,-1.120133951302017e-31,2.2020779044555807e-12,7.613408955962872e-32
11.6,20.34161254,-4.82439048,0.3550281139879667,-0.0842014982778696,-0.0036720040065344,-0.0127555655763768,-0.5749472209785185,0.1908498195414627,-1.292300497690562,0.5420228963539446,6.233833135246177e-12,-7.868516677476859e-36,1.4885170711824358e-13,4.062065781501274e-36
11.61,20.20704609,-5.11969863,0.3526794863727464,-0.0893555978033429,-0.0091863874203371,-0.0112784216312457,-0.5514383413803731,0.1477143945131456,-1.2157230567442765,0.2109209427887838,7.776318563696994e-13,-2.2241617418791704e-41,1.8069034237430856e-14,4.647225355476349e-42
11.620000000000001,20.00630992,-5.40876777,0.3491759792784033,-0.0944008060622513,-0.0145427210311102,-0.0101972741909709,-0.5356333610772249,0.1081147440274589,-1.1430708082964602,-0.1670485846621087,1.8377855963944163e-13,-4.0116253695392675e-48,4.140754966098112e-15,-5.568793631293667e-51
11.63,19.7513249,-5.68682257,0.3447256511361398,-0.0992537778232257,-0.0197963438807763,-0.0094704991352082,-0.5253622849667225,0.0726775055762855,-1.0768946676602658,-0.4851803518681774,7.100079337681171e-14,-1.1633962671264694e-56,1.5493671403240097e-15,-1.27864429445446e-58
11.64,19.42947621,-5.95151369,0.3391083318024092,-0.1038735093680171,-0.0250161743453927,-0.0090543172246786,-0.521983046461558,0.0416181910529487,-1.0237295179990882,-0.7035293564752569,5.25584043486875e-14,-1.9018293320763103e-68,1.1147586400454134e-15,-3.1098312335353083e-70
11.65,19.03973906,-6.19008054,0.3323061353175702,-0.1080372863866285,-0.0302671680005981,-0.0088888900572587,-0.5250993655206374,0.0165427167419964,-0.9854238900421652,-0.8364837416096669,7.26108397069905e-14,-3.1422782043916342e-86,1.5063645919144982e-15,-5.878145266877287e-88
11.66,18.60014688,-6.3923007,0.3246338044105506,-0.1115666939925382,-0.0355838858982501,-0.0089034825569227,-0.5316717897651183,-0.0014592499663968,-0.9564145704171422,-0.911604306170439,1.3919385360507213e-13,-3.7906337750517135e-102,2.836805098047207e-15,-7.501276556785454e-104
11.67,18.0882216,-6.55137118,0.3156990227503568,-0.114342997611266,-0.0410286525536291,-0.0090224972450198,-0.5444766655378195,-0.0119014688097087,-0.9412812617649576,-0.947933343829844,4.713609571090764e-13,-3.3341820828770176e-91,9.514138352127894e-15,-6.758702507130207e-93
11.68,17.54932265,-6.66131439,0.3062934617373165,-0.1162618686159776,-0.0465952505128795,-0.0091674822976035,-0.5566597959251495,-0.0144985052583761,-0.9259594154762806,-0.9548717764336628,1.473036246705212e-12,-3.394708624807785e-88,2.9434519134739154e-14,-6.911779423064837e-90
11.69,16.98091254,-6.70916237,0.2963728338161933,-0.117096973407406,-0.0522805623923955,-0.0092482285066876,-0.568531187951509,-0.0080746209084011,-0.9110178309577844,-0.9314361193931874,4.38584578664868e-12,-1.852894150507503e-95,8.67564200513932e-14,-3.715969678601477e-97
11.700000000000001,16.39872708,-6.69401043,0.2862117806819556,-0.1168325221663414,-0.0580591108751228,-0.0091809000602469,-0.5778548482728412,0.0067328446440675,-0.8926792735361619,-0.8751637109357358,1.0301635756339212e-11,-4.2630858690678313e-97,2.0117219473349654e-13,-8.219293093536917e-99
11.71,15.8139054,-6.60988672,0.2760047168289108,-0.1153642864478485,-0.0638913463732071,-0.0088810817634923,-0.5832235498083472,0.0299818296754577,-0.8689499806213421,-0.7707222548696694,1.7147012630357365e-11,-3.706665975417247e-75,3.290598825976784e-13,-6.5349206923270534e-77
11.72,15.23863042,-6.45454791,0.2659642743235663,-0.1126531127572186,-0.069723577563697,-0.0082694973636424,-0.5832231190490972,0.0611584399850026,-0.8377379837393142,-0.5867662797586164,1.8143614466670868e-11,-2.150031038329299e-60,3.3975450258071134e-13,-2.9077896168681742e-62
11.73,14.6800541,-6.22452208,0.2562152784158929,-0.1086384046590858,-0.0754963820617824,-0.0072704134839597,-0.5772804498084552,0.0999083879682513,-0.7980091844265378,-0.2645121895671327,1.1651500999144156e-11,-7.0852531108971935e-50,2.1082849398113297e-13,-6.347534322611525e-52
11.74,14.14171409,-5.91923534,0.2468194727461737,-0.103310145883406,-0.0811504283257693,-0.0058158291258961,-0.5654046263988008,0.1454584358063916,-0.7492581409621589,0.2214617473560263,4.490225722569699e-12,-9.2726091703809e-42,7.74313213125049e-14,2.0293883455173305e-42
11.75,13.62497997,-5.53638015,0.2378007609947782,-0.0966280622595575,-0.0866298377609063,-0.0038429073689861,-0.5479409435136116,0.1972921756909638,-0.6912067477978493,0.7078309574666902,1.0414860098424314e-12,-3.737016294829828e-35,1.6760106714685986e-14,2.4293024569279116e-35
11.76,13.13095404,-5.0746667,0.2291783819260512,-0.0885696423563153,-0.0918826349549743,-0.0012953658072678,-0.525279719406718,0.2547541561717874,-0.6234610459061727,1.033819813401122,1.4443481801255657e-13,-1.3160063022104609e-29,2.093649620879146e-15,1.1309232175986293e-29
11.77,12.65311163,-4.53233727,0.2208384585658865,-0.0791042081723512,-0.0968712898537458,0.0018773289088601,-0.4988654898772559,0.3172694716128645,-0.5478764301255151,1.2291311150458029,1.3000385934740404e-14,-7.668452995947444e-25,1.6230793057972303e-16,7.226206696068909e-25
11.78,12.16000092,-3.92759472,0.2122320530995396,-0.0685494595479447,-0.1016061894416137,0.005692635959005,-0.4734899587867084,0.381530705014438,-0.4746091817461473,1.3493792456648752,1.1674846504193042e-15,-7.794799111113637e-21,1.2589453435636313e-17,7.605091367204627e-21
11.790000000000001,11.72104391,-3.20805085,0.2045708080003299,-0.0559910499039027,-0.1060026454918073,0.0102345472258157,-0.4396456050194564,0.4541911266811511,-0.3818708195141607,1.4345939742493,3.815608207007357e-17,-4.79023895893657e-17,3.7988077401011434e-19,4.7460296691536346e-17
11.8,11.26063032,-2.41914389,0.1965350749339026,-0.0422220259600035,-0.1100889867140893,0.0155132311043513,-0.4086341222281297,0.5278683878534863,-0.2960628849398966,1.4953636920724702,1.3816235997971456e-18,-8.883197656087463e-14,1.3425011205307941e-20,8.858028774283325e-14
11.81,10.78131508,-1.56202718,0.1881694458409158,-0.0272625172966421,-0.1138896207169337,0.0215317184822577,-0.3800634002845131,0.6018487377907528,-0.2175191916557485,1.5420129050229283,5.487119624544279e-20,-6.326575916081019e-11,3.512873828806491e-22,6.323965101029264e-11
11.82,10.2989034,-0.6197893,0.1797497736748385,-0.0108173639536308,-0.1174069236028474,0.0283112796215286,-0.3517302885913209,0.6779561139269913,-0.1413996307160667,1.58001731359878,1.8636691292229483e-21,-2.465527493695215e-08,-1.3455736788845435e-24,2.4654230674721773e-08
11.83,9.80588589,0.39842503,0.1711449948553545,0.0069538285958571,-0.1206551146530987,0.0358540167064309,-0.3248191050251947,0.7542737084903747,-0.0710535050098649,1.6121596095107795,6.285411622084621e-23,-5.174475596914584e-06,2.864001154403125e-25,5.170066066826795e-06
11.84,9.2683527,1.44249911,0.1617632708511062,0.0251763589265878,-0.1236956127867985,0.0440880448718163,-0.3040498133699259,0.8234028165384082,-0.0182964459711191,1.6407079752332032,4.197902155031116e-24,-0.0004212940955937,2.6535188706547114e-26,0.0004202687159317
11.85,8.7571574,2.58705183,0.152841229745386,0.0451525723532446,-0.1264885167853608,0.0530452335359477,-0.2792903998561893,0.8957188664130035,0.0421946315056467,1.666228031618349,1.384826152334823e-25,-0.0286807335452009,-4.6532558615133006e-27,0.0285507020603686
11.86,8.277571,3.83358335,0.1444708680175995,0.0669086516071341,-0.1289912811545639,0.0627522976157139,-0.2502764369203629,0.9707064079768076,0.1104689935997419,1.6893392422414557,1.9570402931137464e-27,-1.3041581968983962,-2.1808573210570758e-28,1.2950379860137122
11.870000000000001,7.76751677,5.08173091,0.1355687423403751,0.0886929360798676,-0.1312519948104492,0.0730910542954363,-0.2260713655884907,1.0338756679720862,0.1648639293340293,1.712249471550687,4.775828177097964e-29,-5.570317158674085,-7.926916437441707e-30,5.514873986454162
11.88,7.23837306,6.30895448,0.126333442384657,0.1101120280344467,-0.1333006795912745,0.0839175447106444,-0.2048684780825695,1.082649041521024,0.2104014025629216,1.735819521337633,1.657958702088611e-30,-6.396128476915749,-3.456107490436323e-31,6.309525926860283
11.89,6.74068938,7.58318982,0.1176472235352152,0.1323516301627161,-0.1350965713323197,0.095189273416444,-0.1795891741044966,1.1271728705797874,0.2630932502510598,1.7589092934699906,2.4883937986368906e-32,-6.486344215959531,-6.431960208082984e-33,6.372289675288879
11.9,6.21300693,8.77264057,0.1084374273777248,0.153111462040532,-0.1366882884841951,0.1066830446830133,-0.159171715187571,1.149377126657151,0.3035320570163967,1.7848537953484107,8.016731939762507e-34,-6.495030463398349,-2.3837336803077114e-34,6.3472564430969225
11.91,5.70996206,9.94890336,0.099657638110958,0.1736411205947267,-0.1380465261981028,0.1182900411181509,-0.135823771390751,1.1606996435135828,0.3485282652456963,1.812124875463424,1.4625991286060285e-35,-6.497085655445034,-4.9808246002561293e-36,6.309365546160186
11.92,5.24283962,11.10570616,0.0915048135230083,0.1938311382510162,-0.1391301301822808,0.1299005035824287,-0.1083603984177836,1.1610462464275997,0.3998459176512508,1.841166122528504,1.3540446678725626e-37,-6.497276104917234,-5.268922060473637e-38,6.261899201251673
11.93,4.70441259,12.07216196,0.082107489067774,0.210698974036012,-0.1400505180026772,0.1411783546567786,-0.0920387820396512,1.127785107435208,0.4284069198615715,1.8782993885170225,1.0589714126701946e-38,-6.489233998315675,-4.4010613708914324e-39,6.185606022975277
11.94,4.26136139,13.06575488,0.0743747868728621,0.2280404419145166,-0.14068167271301,0.1521146482952397,-0.0631154710332772,1.0936293638459391,0.478946002198424,1.916462780810739,1.6439131730581854e-40,-6.454469039941787,-7.5829850159543e-41,6.0735405976078525
11.950000000000001,3.83392186,13.96817594,0.066914559721185,0.2437906606508539,-0.1410191257664376,0.1625405854329669,-0.033745305342765,1.0425937137729318,0.5281182556689835,1.9613549110056472,7.610014565741881e-42,-6.085244716127344,-3.837872225380546e-42,5.627869615920713
11.96,3.3744565,14.73223352,0.058895376390324,0.2571259810966739,-0.141126128718433,0.1722388599032754,-0.0107002951995321,0.9698274470306976,0.5651312190088179,2.017547371882122,2.2673719878682117e-42,-2.0775361058418147,-1.2149051979761538e-42,1.8739296439172528
11.97,2.98201328,15.45797505,0.0520459500741955,0.2697925603136351,-0.140925908628386,0.1811511059710547,0.0200220090046955,0.8912246067781096,0.6127978120235921,2.0816741268147068,3.015999654321701e-42,-0.0559845272074354,-1.7349983089738302e-42,0.0488427409186381
11.98,2.60337028,16.0826685,0.0454373830345666,0.2806955178317776,-0.1404229093892395,0.1891421612570476,0.0502999239146489,0.7991055285991644,0.6578373228459001,2.161141786582072,3.1298070318380073e-41,-0.0003427160067622,-1.9134637228930147e-41,0.0002847299680856
11.99,2.22547086,16.63850822,0.0388417939141897,0.290396751059141,-0.139641041851506,0.196137365717131,0.0781867537733588,0.699520446008473,0.6978925174321182,2.257655134894555,1.0576334201711165e-39,-7.492411735576327e-07,-6.795217026283701e-40,5.79307801384099e-07
12.0,1.86914576,17.13285822,0.0326227477116917,0.299024786216375,-0.138575338119857,0.2020841709932114,0.1065703731648881,0.5946805276079534,0.737244026758875,2.375027397664104,8.747382563724684e-38,-5.171530257289801e-10,-5.879195811632123e-38,3.5865755882014935e-10
12.01,1.52872088,17.57851545,0.0266812126999851,0.3068029722151926,-0.1372307684814952,0.2069582023475487,0.1344569638361615,0.4874031354336492,0.7747132503739611,2.515680477866519,9.812881697568536e-36,-1.0165118361701929e-13,-6.862846096192146e-36,5.955687280868947e-14
12.02,1.20167705,17.98136452,0.0209732210681525,0.3138340148752898,-0.135617088515754,0.2107517082791542,0.1613679965741481,0.37935059316063,0.809952356506664,2.6805584802327638,1.0120880233809789e-33,-4.847372498706341e-18,-7.32886692454675e-34,2.1583217467698146e-18
12.030000000000001,0.88717869,18.35356371,0.01548418919403,0.3203301162140457,-0.1337460892125756,0.2134809272296382,0.1870999303178146,0.272921895048352,0.8429938772764434,2.8644663321178,7.909623247924608e-32,-6.279341057985485e-23,-5.904894987715869e-32,1.7076305196816398e-23
12.040000000000001,0.58671989,18.70155389,0.0102401938674389,0.3264036906196534,-0.1316281617232152,0.215176252471436,0.211792748936077,0.1695325241798138,0.8742252167829023,3.057300108968121,4.513934128619209e-30,-4.960635390852995e-28,-3.4621281827156455e-30,4.0463625032954075e-29
12.05,0.28974616,19.02978393,0.0050570244870102,0.3321323855216061,-0.1292889405712448,0.2158782001151341,0.2339221151970045,0.0701947643698021,0.9024010410955536,-3.037194372201312,1.4478310072587354e-28,-4.116848420548096e-32,-1.1362418712588274e-28,1.7162708047409624e-35
12.06,0.01340189,19.34448157,0.0002339071064901,0.3376248954878619,-0.1267298034958841,0.2156388111519588,0.2559137075361188,-0.0239388963175399,0.9300492957831152,-2.864695314880373,3.970219782889078e-27,-4.2879424596927e-33,-3.182736557921564e-27,-4.0005994653004755e-35
12.07,-0.25881804,19.6452642,-0.0045172269615583,0.3428745427141698,-0.1239761196034041,0.2145113477212961,0.2753683892479611,-0.1127463430662491,0.9551627605030406,-2.9539613606401978,6.494201184799028e-26,-1.0810161103055485e-30,-5.302113459054512e-26,-3.877541070699177e-33
12.08,-0.52253007,19.93073581,-0.0091198701621764,0.347856962229639,-0.1210464359872153,0.2125484815905017,0.2929683616189366,-0.1962866130794773,0.9785600928471152,-2.7382951479089988,7.331550376713742e-25,-7.61616221595091e-27,-6.083343619744784e-25,-7.592957725044237e-29
12.09,-0.78416441,20.1994813,-0.0136862508314587,0.3525474558800244,-0.1179677932661516,0.2098019949499471,0.3078642721063178,-0.27464866405542,0.9997390544037488,-2.560519350251456,5.2279732136770096e-24,-5.526561684517655e-23,-4.398836195104056e-24,-7.389672938010836e-25
12.1,-1.02032572,20.45503551,-0.0178080432567817,0.3570077182618574,-0.1147338197323322,0.2063293352628732,0.3233973533818914,-0.3472659687073371,1.021399991488063,-2.419541061673944,3.862854632479091e-23,-1.3446779211472866e-19,-3.2947505447214943e-23,-2.249095637448049e-21
12.11,-1.26160388,20.68428481,-0.0220191415619354,0.3610088733547497,-0.1113817461822793,0.2021699509542401,0.3352073550053542,-0.4159384308633879,1.0403642435010136,-2.305796553712109,1.6430694447121435e-22,-1.166914869836897e-16,-1.4174658661917082e-22,-2.1816739962081233e-18
12.120000000000001,-1.47297239,20.89740244,-0.02570821799647,0.3647284776922967,-0.1078983844634717,0.1973784569970415,0.3483361718807126,-0.4791493957197829,1.0603325723845745,-2.215105075857243,8.083209218874881e-22,-3.453305123430545e-14,-7.053694947334362e-22,-6.902897106694203e-16
12.13,-1.67718117,21.08282182,-0.0292723335689507,0.3679646563703033,-0.1043037443554693,0.1919932456202099,0.3594640108003068,-0.5385211376832666,1.079022981827085,-2.140090079307384,2.9742284367792678e-21,-4.700792569289664e-12,-2.6221500151151186e-21,-9.844879586210025e-14
12.14,-1.86268121,21.24276627,-0.0325099200295319,0.3707562136430947,-0.10060106536659,0.186056471988516,0.3702678988878747,-0.593677363169297,1.0976026306994933,-2.0773686523369017,1.0280208558159204e-20,-3.2184456840074915e-10,-9.151968766309631e-21,-6.977374973057887e-12
12.15,-2.02074045,21.37320284,-0.0352685741807318,0.3730327612546028,-0.0967820039164522,0.1796049075922841,0.3819061450138602,-0.645156439623324,1.1167927921666978,-2.0236787662259266,3.8595757970790744e-20,-1.278219581776603e-08,-3.469132230973988e-20,-2.84641632644015e-10
12.16,-2.16550989,21.47472575,-0.0377952775650002,0.3748046703003087,-0.0928591041187407,0.1726764953449311,0.3922899797710832,-0.6928412247351855,1.1353227249198594,-1.9770902097731804,1.2167433559782327e-19,-3.1542173381601697e-07,-1.1033582935593402e-19,-7.175126038033857e-09
12.17,-2.2926832,21.54579375,-0.0400148705451596,0.376045040893116,-0.0888386634682365,0.1653070923641194,0.402044065050355,-0.7369402980810554,1.1535945522174171,-1.9359715705901648,3.5009728146161795e-19,-5.2184617259430925e-06,-3.2011840762817433e-19,-1.2077148525265352e-07
12.18,-2.39352613,21.58378166,-0.0417749117010178,0.3767080549985673,-0.0847150966742035,0.1575289266109497,0.4123566794033821,-0.7778165753171328,1.1722676392925542,-1.8990467115758085,1.0602435658327e-18,-6.211789751936428e-05,-9.773069239601372e-19,-1.4581379506152605e-06
12.19,-2.47410143,21.58863323,-0.0431812159818,0.3767927308689582,-0.0804922780423244,0.1493742140577014,0.4222818631878503,-0.8154712553246987,1.1908269537391882,-1.8655104032436105,3.023570052338411e-18,-0.000551607624121,-2.8083420634247918e-18,-1.3101654109872495e-05
12.200000000000001,-2.53762579,21.56356976,-0.0442899252190222,0.3763552907954834,-0.0761788546087079,0.1408794630918663,0.4313423433617275,-0.8494750965836764,1.2090499130461403,-1.8348757796502213,7.71777992443165e-18,-0.0036710256588429,-7.219342632840193e-18,-8.80515741277005e-05
12.21,-2.59300102,21.50767062,-0.0452564053065713,0.3753796667534501,-0.0717956379137262,0.1320792247262537,0.4383216694981063,-0.8800238365611291,1.2263995675246555,-1.8065401588428127,1.548878431506739e-17,-0.0189767656271118,-1.458131609204857e-17,-0.0004589200750613
12.22,-2.64063827,21.42540874,-0.046087832165667,0.3739439260985697,-0.0673628299443211,0.1230134398570163,0.4432807969405977,-0.9065784869239146,1.2429670669541455,-1.7802245344663608,2.4816382269527122e-17,-0.0751994720364835,-2.349788390078789e-17,-0.0018310969417606
12.23,-2.69017964,21.34380692,-0.0469524921881157,0.3725197056639499,-0.062912643249962,0.1137577232440788,0.4450186694358453,-0.9255716612936028,1.2582905428009403,-1.7563548059788832,2.7969003771918644e-17,-0.1919463267444938,-2.6617722454837225e-17,-0.0047000042110642
12.24,-2.74525557,21.23704469,-0.0479137485052136,0.3706563532336785,-0.0584798780305818,0.1043475375264774,0.4432765219381012,-0.9410185717603324,1.2723204399418249,-1.7335978973097144,2.1577046895839295e-17,-0.3964440871679227,-2.0625499489611443e-17,-0.0097533218427326
12.25,-2.81539126,21.12682584,-0.0491378472188717,0.3687326714034167,-0.0541096043436127,0.0948463747076494,0.4370273686968466,-0.95011628188265,1.2846749513206233,-1.712232115757836,1.0081416221238145e-17,-0.5865925590525947,-9.672657892731874e-18,-0.0144877452935618
12.26,-2.90181697,21.03166891,-0.0506462604167455,0.367071869668827,-0.0498446566474436,0.0853387741602587,0.4264947696168391,-0.950760054738918,1.2954304796531488,-1.6922626679853705,2.8568851506988283e-18,-0.5794684715161378,-2.7495493288238773e-18,-0.014357184340423
12.27,-3.00760051,20.96013752,-0.0524925314841606,0.3658234113947988,-0.0457280661053603,0.075914467931952,0.4116590542084096,-0.9424306228308617,1.3045149588287972,-1.6734073689318942,4.709223635700311e-19,-0.3715695594855723,-4.543717185307763e-19,-0.0092297754777031
12.280000000000001,-3.14495799,20.91208664,-0.0548898717624029,0.3649847653303181,-0.0418153483421451,0.0666554559004276,0.3912717763214584,-0.9259012031522956,1.3113070181413131,-1.6552539247900209,3.6319638556134114e-20,-0.1537699832040713,-3.5107157784406136e-20,-0.0038275347212638
12.290000000000001,-3.27816457,20.90423701,-0.0572147651687241,0.3648477634417548,-0.0381072634074429,0.0576592401722384,0.3708084934702998,-0.8996215728190933,1.3177367179544757,-1.6376824136869363,2.423612984553275e-21,-0.0361405192151293,-2.3466458977885768e-21,-0.0009010440519167
12.3,-3.43816462,20.9218918,-0.0600072928445796,0.365155897656003,-0.0346457811293248,0.0489938831318836,0.3461482278117572,-0.8665357040353489,1.3220799906323155,-1.6201233217113074,7.660298547416669e-23,-0.0054516143521566,-7.425271619400807e-23,-0.0001360874874725
12.31,-3.61654734,20.95595967,-0.0631206586372428,0.3657504941566443,-0.0314564653018372,0.040707593340853,0.3189315827488197,-0.828628979103226,1.3246832671918012,-1.6021741216159333,1.267360144664183e-24,-0.0005715480028095,-1.2292822998153926e-24,-1.4280083984765737e-05
12.32,-3.80768423,20.99454177,-0.066456626689765,0.3664238788339781,-0.0285534347755921,0.0328261401790117,0.2903030526244685,-0.7881453161840027,1.3257283960871449,-1.5834675405887606,1.1482186299627692e-26,-4.592437984754522e-05,-1.114011521591093e-26,-1.1479965246398304e-06
12.33,-4.01156073,21.03024837,-0.0700149428822072,0.3670470765686706,-0.0259478933742248,0.0253606499276311,0.2605541401367745,-0.7465490251382143,1.3250525907869872,-1.563725927630207,5.187536961065614e-29,-3.008513138735573e-06,-5.032142795748955e-29,-7.521052402365905e-08
12.34,-4.23203818,21.04209335,-0.0738630003111084,0.3672538104695035,-0.0236536131024744,0.0182900513265752,0.2294280271750071,-0.7070598601054757,1.3221791076322738,-1.5427458201029478,9.120808280338456e-32,-1.963293218204587e-07,-8.841193219349772e-32,-4.9058674229046495e-09
12.35,-4.45701704,21.02192266,-0.0777896221654918,0.3669017655166044,-0.0216647224698974,0.0115813506601975,0.1988890632576725,-0.670870066637665,1.3176739142929297,-1.5205191330315186,7.43922549631306e-35,-1.4062718666317658e-08,-7.202860012088053e-35,-3.510243336200807e-10
12.36,-4.67650209,20.98454353,-0.0816203589468961,0.3662493766265735,-0.0199601912654394,0.0052222625756753,0.1704531204458361,-0.6359088084523463,1.3121636148859492,-1.4969153246596434,3.4756190676640556e-38,-9.624709003963142e-10,-3.360351484464883e-38,-2.3981610921804594e-11
12.370000000000001,-4.92307801,20.81962513,-0.0859239206070303,0.3633710075494524,-0.0185636235375647,-0.0009518696336822,0.1396567727874453,-0.6174132209356589,1.3028178392021283,-1.473926992531284,1.803734238752328e-42,-2.196521264561565e-10,-1.7395352154487684e-42,-5.459947827870673e-12
12.38,-5.14312298,20.61591182,-0.0897644298359824,0.3598155395598166,-0.0174212332351404,-0.0069721500054749,0.1142390302424497,-0.6020280371793909,1.2940299446891792,-1.4507123365090424,8.979304411403268e-47,-6.240298116979548e-11,-8.63852200606123e-47,-1.5464379249696597e-12
12.39,-5.34995794,20.32998112,-0.0933743808962132,0.3548251074122844,-0.01650019999405,-0.012927598481446,0.0921033241090269,-0.5955448475970154,1.2850103105255557,-1.428845629554966,2.3424104628258297e-51,-3.662281653490157e-11,-2.2476569403415512e-51,-9.044360515202628e-13
12.4,-5.52722843,19.96248574,-0.0964683346133369,0.3484111030454167,-0.0157464933913812,-0.0188996181191273,0.0753706602668925,-0.5972019637682542,1.2778989523120152,-1.408918773520553,1.3705003203447743e-55,-4.2642556808283875e-11,-1.3122856212424736e-55,-1.0492809680105226e-12
12.41,-5.66425044,19.51786895,-0.0988598198355375,0.3406510761502685,-0.0150946781017564,-0.0249568876190132,0.0651815289624739,-0.6057269499884961,1.2745796251322967,-1.3911293342504405,1.2199219756957401e-58,-8.814012679343135e-11,-1.166929662919817e-58,-2.160964728868708e-12
12.42,-5.73998849,19.00340605,-0.1001816981770776,0.3316720046659101,-0.0144550347498178,-0.0311520518824682,0.0639643351938458,-0.6195164263454007,1.278024905091525,-1.3752927954076004,4.472957911231677e-59,-2.7731486437572576e-10,-4.283122587690024e-59,-6.775099640322626e-12
12.43,-5.74198844,18.43094761,-0.1002166038894528,0.3216807200570797,-0.0137278240554078,-0.037516388451506,0.0727210694410119,-0.6364336569039123,1.2894908302083286,-1.3608428050714758,1.8884237976263404e-56,-1.0920249730272566e-09,-1.8143976476142334e-56,-2.6587209865691883e-11
12.44,-5.6550626,17.81348179,-0.098699461776391,0.3109039084795531,-0.0128009649153984,-0.0440597380213578,0.0926859140009319,-0.654334956985073,1.309212070792492,-1.347087778331033,2.3374956125105177e-51,-4.487823132150645e-09,-2.2582026409431395e-51,-1.0888153433814718e-10
12.450000000000001,-5.46147826,17.15910215,-0.0953207776630909,0.2994828292035379,-0.0115482330651746,-0.050778834006418,0.1252731850224008,-0.6719095985061566,1.336178296876226,-1.333566825571116,6.27617375117946e-45,-1.738962066975139e-08,-6.10474219510386e-45,-4.203655124907865e-10
12.46,-5.14837046,16.48747671,-0.089856015639415,0.2877607539353823,-0.0098378522349452,-0.0576425096451041,0.1710380830229151,-0.686367563868499,1.3678774975700432,-1.3192928654732554,3.187244130691613e-38,-5.212653253373953e-08,-3.1220575345905064e-38,-1.2549761099566712e-09
12.47,-4.70630215,15.80715471,-0.082140468111188,0.2758868950616294,-0.0075384634919071,-0.0646093126918971,0.2299388743038606,-0.6966803046794401,1.401493314161492,-1.3038552099497236,8.038906575453599e-32,-1.1417456618243233e-07,-7.924353608519263e-32,-2.7361446440087766e-09
12.48,-4.12420322,15.12565539,-0.071980925210352,0.263992488077527,-0.0045176822659308,-0.0716299838985624,0.3020781225975824,-0.7020671206664191,1.4349266167198222,-1.2868762711628683,6.626819524277528e-26,-1.7550167089362804e-07,-6.565958350273052e-26,-4.183332026875181e-09
12.49,-3.40274227,14.45467491,-0.0593890562082858,0.252281669484915,-0.0006590956782824,-0.0786426633456914,0.3858586587649124,-0.7012679447130445,1.4665205481717165,-1.2676966897024278,1.362566018495401e-20,-1.7490623855475034e-07,-1.3551913250023871e-20,-4.142537925021658e-09
12.5,-2.54805261,13.78701167,-0.0444719075585349,0.2406287476523819,0.0041307832489565,-0.0856001277213117,0.4789878927238279,-0.6957464375619138,1.4955339715658875,-1.2466696405157414,6.760014401788747e-16,-1.254821548007013e-07,-6.740947503651455e-16,-2.9499711274172793e-09
12.51,-1.55018344,13.1380046,-0.0270558050378919,0.2293014374121606,0.0099457696993268,-0.0924380913650124,0.5814986450369372,-0.6837963643699693,1.5221236006215262,-1.2227035799202346,1.1054126169234354e-11,-5.700011213169319e-08,-1.1041083336964748e-11,-1.3280511474200927e-09
12.52,-0.42868804,12.50172326,-0.0074820177619211,0.2181962330601591,0.0168389842149009,-0.0991060492524971,0.6893214515575505,-0.666795788748597,1.5463063253012537,-1.1959655575589525,5.5014881474500226e-08,-1.7774380460923172e-08,-5.4998445811369777e-08,-4.097482324539992e-10
12.530000000000001,0.80174853,11.87711449,0.0139931516215245,0.2072947534868271,0.024832395876612,-0.1055598346178945,0.7993411661709762,-0.6453785365396374,1.568465794113623,-1.1662585295159382,9.119891095599648e-05,-3.893015003240809e-09,-9.119866421156389e-05,-8.862509640413749e-11
12.540000000000001,2.11453358,11.25578708,0.0369055731149829,0.1964505444494383,0.0339028324879427,-0.1117714312661961,0.9070436611332549,-0.6211596648302912,1.5890321539954158,-1.1339839986054665,0.0508243292981051,-6.592471188116314e-10,-0.0508159103067708,-1.4791786965714503e-11
12.55,3.49657628,10.64439286,0.0610267686331351,0.1857797022827758,0.0440041600069818,-0.1177073038767034,1.0101327519037469,-0.5935872610506351,1.6084627846482331,-1.0982531526464792,4.124121639620284,-8.051873340756233e-11,-4.121207262176776,-1.7760231419624485e-12
12.56,4.90008561,10.01969062,0.0855226275240947,0.174876591350192,0.0550218645643078,-0.1233699177120958,1.1017704557328265,-0.566261383539349,1.6272382781314756,-1.0611805405262038,6.452344026666403,-9.273876536259902e-12,-6.442107017343736,-2.0073113260551935e-13
12.57,6.29460194,9.37724624,0.1098615289554225,0.1636638216582583,0.0668028597368335,-0.1287691726236349,1.1780995172523876,-0.539925491153827,1.6458166138469812,-1.0233748791998902,6.49834480256982,-1.0721173306325676e-12,-6.480133621718219,-2.273499476693237e-14
12.58,7.59765039,8.66509984,0.1326040147209312,0.1512345222220338,0.0790882612290213,-0.1339867276972612,1.228540149219015,-0.521755507362735,1.6649562017660775,-0.9917283210368728,6.499801148079273,-2.396884656554607e-13,-6.471112373269479,-4.991157264082368e-15
12.59,8.91567566,7.99795644,0.1556078953069185,0.1395906733090843,0.09178188019263,-0.1389420091088166,1.2693618963606723,-0.4955281411554604,1.6841857269580036,-0.9513797472098604,6.499962240818962,-2.4436365605315543e-14,-6.458369713676599,-4.964369914802424e-16
12.6,10.1357531,7.29601144,0.176902263764222,0.1273394218911727,0.1046377809686645,-0.1436713538200643,1.2855900776032578,-0.4729344711246984,1.704653947066156,-0.9134251387315891,6.499980676047846,-3.2462094547613077e-15,-6.442037192663567,-6.431941828637673e-17
12.61,11.29998458,6.609697,0.1972219363455886,0.1153609752091916,0.1174857386453406,-0.1481405791627147,1.2847957676678583,-0.4469225342651263,1.726213717564656,-0.8702662749792699,6.499980910387549,-2.8598273222464343e-16,-6.42190296101272,-5.4936059405341095e-18
12.620000000000001,12.28281892,5.86246782,0.214375631580254,0.1023193657512142,0.1299969000201666,-0.1524242794135589,1.251116137482404,-0.4283700250843566,1.7507585259971603,-0.8349787541099113,6.4999321675402655,-4.991293577896613e-17,-6.395306554426844,-9.325497334500281e-19
12.63,13.17669909,5.13130949,0.2299767836650406,0.089558245539331,0.1419966303802651,-0.1564869931507564,1.1999730360100909,-0.4062713737198273,1.7776071228957455,-0.7942780772031545,6.499494958572424,-5.697695382757108e-18,-6.361432525104237,-1.0274445285628249e-19
12.64,13.95917117,4.41425484,0.2436334977659691,0.0770432809800954,0.1532962680013867,-0.1602999639585741,1.1299637621119862,-0.381297080781716,1.8077658346822087,-0.7483169724492504,6.490857520980603,-4.396622707079297e-19,-6.310004421758588,-7.574084473007491e-21
12.65,14.63463974,3.71930988,0.2554226483062069,0.0649142033079551,0.1637321699077454,-0.1638271657093916,1.04359019063607,-0.3527201750818117,1.8420511211601516,-0.695164536213602,6.106222804689626,-2.0200393392577588e-20,-5.8835696596726414,-3.267760933636779e-22
12.66,15.12832593,3.00048588,0.2640390977933332,0.0523683577655994,0.1730564184124414,-0.1670998765888071,0.9324248504694556,-0.327271087941504,1.883906887561068,-0.6450065904570337,0.4282606405453806,-1.1845904657862142e-21,-0.4074902609759888,-1.7812482457299306e-23
12.67,15.57970334,2.35980675,0.2719171197669576,0.0411863974982867,0.1812382149813548,-0.1700089659895784,0.8181796568912129,-0.2909089400770826,1.931115865767484,-0.573544685335554,0.0009448863184217,-1.5516032068670712e-23,-0.0008843386522637,-2.0432371682045708e-25
12.68,15.98821808,1.77836405,0.2790470470228861,0.031038307971601,0.1882554188375706,-0.1724818274230442,0.7017203856217243,-0.2472861433466248,1.985058028571867,-0.48350326557661,7.511201483402265e-07,-5.98494691124201e-26,-6.876935169525209e-07,-6.557474632567677e-28
12.69,16.23423458,1.18631426,0.2833408449621187,0.02070508980036,0.19393104717975,-0.1745495624323773,0.5675628342178469,-0.2067735009332864,2.054799334310183,-0.3941328766791869,5.158645613915362e-11,-2.685815466801024e-28,-4.5667905509188825e-11,-2.67347395221958e-30
12.700000000000001,16.47129703,0.67021802,0.2874783652474632,0.0116975111551972,0.1983203981139704,-0.1761249697038144,0.4389350934221283,-0.1575407271437326,2.135669111774429,-0.2799463909007725,8.910022892193617e-16,-3.064578952007109e-31,-7.526615481322277e-16,-2.8824496246934837e-33
12.71,16.71299082,0.2366382,0.291696717664587,0.0041301157259928,0.2015009491730923,-0.1771216691333731,0.3180551059121408,-0.0996699429558583,2.2284567426368938,-0.1387648756154472,3.99838733769331e-21,-1.6341428948939392e-34,-3.1643579126110846e-21,1.4044951520763531e-37
12.72,16.83982533,-0.21837255,0.2939103974692406,-0.0038113199934759,0.2033880221119931,-0.1776055697117169,0.1887072938901183,-0.0483900578343867,2.350511595818428,-0.0098800293017864,9.37467612214113e-28,-1.1566668654944283e-36,-6.66521434989989e-28,-4.6864840488574177e-39
12.73,16.99585717,-0.59824839,0.2966336668151856,-0.0104414041502551,0.2041087140700841,-0.1775085825943164,0.0720691958090906,0.00969871174004,2.48839037994109,0.1359817868910781,3.8164368491717775e-33,-2.024162937090723e-37,-2.3192692525084897e-33,2.793532923166838e-38
12.74,17.17263422,-0.93027762,0.2997190083796482,-0.0162364074266166,0.2037757811577998,-0.1768087724347354,-0.0332932912284377,0.0699810159581232,2.640578530037153,0.2823178457641359,3.60216684642927e-34,-5.864472246031158e-36,-1.7317872066929771e-34,1.6240707825386656e-36
12.75,17.31449595,-1.25285504,0.3021949626507235,-0.0218664454982052,0.2024234623874907,-0.1755420638721342,-0.1352318770308929,0.1266708562600967,-2.9762329275756967,0.4115145069017248,1.356717015875468e-30,-3.829053302978592e-33,1.6524200503234413e-33,1.5316130050100613e-33
12.76,17.43539296,-1.57263027,0.30430501353104,-0.0274475761280274,0.2001087022887408,-0.1737541228396146,-0.2314760098749478,0.1787941032519278,-2.799776366945209,0.5213809000270453,1.2521803908609879e-25,-4.470013808054138e-30,1.2530410885148806e-27,2.2283102615359226e-30
12.77,17.59762784,-1.85621744,0.3071365463486179,-0.0323971059609402,0.1969751946172347,-0.1714446205631051,-0.3133507671506759,0.2309502276509988,-2.6587197039961987,0.6219019086270318,1.698130182153949e-21,-5.68401290594241e-27,1.8584233747270937e-23,3.3118142016304976e-27
12.780000000000001,17.77146887,-2.13136458,0.3101706446971761,-0.037199329481386,0.1931197379661553,-0.1686543739558483,-0.3855456651078817,0.279024660725636,-2.542505256296153,0.7067219140778885,3.525936543735005e-18,-2.9932905300087454e-24,4.8850945684368645e-20,1.943312424587104e-24
12.790000000000001,17.95873576,-2.39896538,0.3134390685076462,-0.0418698445223569,0.1886385000366873,-0.16542518690745,-0.4481237929468893,0.3229187048398977,-2.4473783867739463,0.7782943962391558,1.4258485846875497e-15,-6.27731178017033e-22,2.303683576518824e-17,4.406214899006243e-22
12.8,18.15797622,-2.65996006,0.3169164705378342,-0.0464250610185459,0.1836219987129826,-0.1617995838662308,-0.5016501323703841,0.3625603041218633,-2.368899043199359,0.838888815346034,1.5780370444010962e-13,-5.673118301065838e-20,2.7875504763560085e-15,4.219691590094991e-20
12.81,18.36394539,-2.91866829,0.3205113107119341,-0.0509403714340526,0.1781497987030038,-0.1578251120057946,-0.5472200009979895,0.3974471860436992,-2.3028352237442107,0.8899231703647709,6.527517097419605e-12,-2.3262424361903903e-18,1.2233497457050034e-13,1.8074464368745512e-18
12.82,18.57454022,-3.17451995,0.3241868838831119,-0.0554058252977457,0.1722951810849534,-0.1535469761783714,-0.585461761804948,0.4278135827422505,-2.246363815123973,0.9333626674407742,1.2292635484819827e-10,-4.9116901068008656e-17,2.4048986549474997e-12,3.9471937004998866e-17
12.83,18.78548925,-3.42429172,0.3278686390105002,-0.0597651650627797,0.166122217273409,-0.1490043205166239,-0.6172963811545646,0.45426556617484,-2.197051526563775,0.9710726331803616,1.2495064045602902e-09,-6.136135145328382e-16,2.527364549919424e-11,5.065614914498976e-16
12.84,18.99098317,-3.66739597,0.33145518450733,-0.0640081346508711,0.1596839920236128,-0.1442340639754332,-0.6438225249795196,0.477025654118993,-2.152881559517564,1.0041392603989672,7.932109668184393e-09,-4.895768335272534e-15,1.6487967656911716e-10,4.130940691235544e-15
12.85,19.18633914,-3.9007161,0.3348647893972573,-0.0680803391305523,0.1530246798428814,-0.1392673932402346,-0.6659312180730389,0.4966670735197881,-2.112433032157245,1.0337069253871447,3.4919415517696426e-08,-2.7413061451641777e-14,7.428790396959889e-10,2.3556104017171467e-14
12.86,19.36711273,-4.11623973,0.3380198837434076,-0.0718419360899024,0.1461802984903953,-0.1341233337398406,-0.6844381352487441,0.5144059500395006,-2.074622843483708,1.0611907534467766,1.1585644442467585e-07,-1.236844970181435e-13,2.515288433203613e-09,1.0798335565723225e-13
12.870000000000001,19.52769976,-4.31927249,0.3408226561529065,-0.0753855262413138,0.1391775412173847,-0.1288277794949585,-0.700275727300949,0.5295554244881239,-2.038493473831239,1.086320307364993,3.140380438568214e-07,-4.292975098521802e-13,6.943331532508137e-09,3.7994928902569996e-13
12.88,19.66311052,-4.49472582,0.3431860197575343,-0.0784477645334019,0.1320351870421075,-0.1233849415282799,-0.714235417527862,0.5442837966679701,-2.0033476459058592,1.1108911185581718,7.410089377644106e-07,-1.4069330828386837e-12,1.6659020488828038e-08,1.2609389908756058e-12
12.89,19.76964224,-4.64814119,0.345045349029347,-0.0811253678630673,0.1247663701931902,-0.1178072024273134,-0.7268816848916145,0.557773910096564,-1.968743824792368,1.1343992482608976,1.5898693359742355e-06,-4.070730782254866e-12,3.629697314278603e-08,3.689802449400087e-12
12.9,19.84555498,-4.77812688,0.3463702762865574,-0.083394046134044,0.1173816314471069,-0.1121049332655615,-0.7384738746084832,0.5702269161753047,-1.934483864502136,1.1570769930092637,3.166502404259801e-06,-1.0642260006174912e-11,7.332639472364223e-08,9.745920465076644e-12
12.91,19.88881919,-4.88254428,0.3471253791993317,-0.0852164735604159,0.1098886646728919,-0.1062855710044967,-0.7492966774213788,0.5819362261063866,-1.9003962452154235,1.1791769445345968,5.979248862641547e-06,-2.587923415424912e-11,1.402855636942912e-07,2.392365478542117e-11
12.92,19.90139054,-4.96246542,0.3473447906482523,-0.0866113605953632,0.1022979486255331,-0.1003581903566324,-0.759071604735765,0.5927380647863345,-1.866593569990256,1.2006583730700158,1.0531109603259983e-05,-5.7932582026158196e-11,2.500415566817183e-07,5.4017277896148654e-11
12.93,19.87902939,-5.02939469,0.3469545149562199,-0.0877794967228195,0.0946139937523895,-0.0943475647383221,-0.7683954873145065,0.6010625618311507,-1.8328126095560275,1.2207564428843607,1.8010696986558473e-05,-1.0547965085734667e-10,4.3226687869053646e-07,9.909736368283656e-11
12.94,19.83104853,-5.06985922,0.3461170909712815,-0.0884857360015915,0.0868543229268205,-0.0882586853070749,-0.7759670825567827,0.6088879431246286,-1.7995242786685417,1.2406030766788347,2.7558588883291546e-05,-1.843058963292072e-10,6.67725881609624e-07,1.7437307670057602e-10
12.950000000000001,19.76128923,-5.10429668,0.344899561502395,-0.0890867830646154,0.0790408600661982,-0.0821245745428691,-0.7813462860623899,0.6134110764207028,-1.7667672048751606,1.2589042637703227,3.678160142021837e-05,-2.473896149146453e-10,8.985166739908106e-07,2.3548392049530074e-10
12.96,19.68207271,-5.13904337,0.343516972406423,-0.0896932272092851,0.0712110455188923,-0.0759846337056467,-0.7829814547304675,0.6139940837221411,-1.7348154179344608,1.2755283520655083,3.889765045522232e-05,-2.4330165641049184e-10,9.56732720222254e-07,2.3280002066739695e-10
12.97,19.58929749,-5.17131666,0.341897739353161,-0.0902565023802361,0.0633939305860343,-0.0698714536618357,-0.781711493285954,0.6113180043812209,-1.703234287750592,1.2909066416492403,3.43879930245559e-05,-1.850083014361852e-10,8.505811692230494e-07,1.7782839300197054e-10
12.98,19.49339842,-5.21159441,0.3402239848320604,-0.0909594817330313,0.055630531461957,-0.0638292429393074,-0.7763399124076025,0.6042210722527349,-1.6720596033077324,1.3046361485626936,2.35025570484262e-05,-9.844625180752892e-11,5.839001184247091e-07,9.498947460621272e-11
12.99,19.39677284,-5.26392971,0.3385375503194113,-0.0918729050330502,0.0479616466361326,-0.057903874276695,-0.7668884825825963,0.5925368662613575,-1.641011542203879,1.3167069813854222,1.235683145876711e-05,-3.5634735188230936e-11,3.079908368924905e-07,3.4493890699410946e-11
13.0,19.29054703,-5.34645887,0.3366835601843133,-0.0933133106039555,0.0404122163918193,-0.0521616800167528,-0.754943024431208,0.5742194259941273,-1.6096456330573214,1.3262840767603592,5.4914730681288345e-06,-7.178476343000606e-12,1.3715997636032425e-07,6.96558367586894e-12
13.01,19.19124804,-5.44814548,0.3349504658649084,-0.0950880767536468,0.0330271307299949,-0.0466476376135093,-0.7385085661823315,0.5514042403242657,-1.5778904143232877,1.3340945675495794,1.788064438472342e-06,-9.201226158430866e-13,4.470023215742189e-08,8.945431469398632e-13
13.02,19.08882324,-5.56990047,0.3331628158692117,-0.0972131022098796,0.0258330596913309,-0.0414030624827724,-0.7194071038665444,0.5244575130737994,-1.5453376920532538,1.3400949848959482,4.738494262628776e-07,-7.343187948752176e-14,1.184153199516557e-08,7.149227164353263e-14
13.030000000000001,18.97472788,-5.71558777,0.3311714761759635,-0.0997558252732203,0.0188417836454534,-0.0364696647120185,-0.6991276045876404,0.4933397770753126,-1.5117795304003598,1.3439730370802152,1.1184561897801817e-07,-3.3836963986726697e-15,2.7901873555785063e-09,3.297289143030837e-15
13.040000000000001,18.84283103,-5.8942878,0.3288694418704544,-0.102874729170133,0.0120545923317395,-0.0318963691892729,-0.6787191313715247,0.4573295522746428,-1.4771725274885432,1.3449245751280343,2.516762743643269e-08,-7.534640363817202e-17,6.258331232814583e-10,7.343838275849678e-17
13.05,18.7094947,-6.08410389,0.3265422838994287,-0.1061876449138949,0.0054938293340918,-0.0276962120606284,-0.6560762997646625,0.4200157128643854,-1.4411453122313047,1.343943666734478,4.585557274660727e-09,-1.055110391511309e-18,1.1347297026643594e-10,1.0281597705291092e-18
13.06,18.50599381,-6.3126884,0.3229905233381899,-0.1101771972324528,-0.0009151112909775,-0.0239166198453921,-0.6408940625070656,0.3779592215237065,-1.4055466658661755,1.3385036013237128,1.4198677630696502e-09,-5.352396561993247e-21,3.4914831607668555e-11,5.2090702547098845e-21
13.07,18.2650518,-6.5537895,0.3187852919573168,-0.1143852052576329,-0.0071971419067917,-0.0205629426701259,-0.6282030615813285,0.3353677175265711,-1.370016758264144,1.3295170923268846,5.240114673728072e-10,-1.3480861142675402e-23,1.2786341831939658e-11,1.3091517521214399e-23
13.08,17.97994638,-6.80070781,0.3138092636630356,-0.1186947427505929,-0.0133850946991601,-0.0176283740724351,-0.6187952792369635,0.293456859769134,-1.3352311660245173,1.3165637059176862,2.48508856605862e-10,-1.6952578280653802e-26,6.0100496388900265e-12,1.6409232792568634e-26
13.09,17.63200053,-7.09284884,0.3077364629618852,-0.1237935656042604,-0.0195352094328672,-0.0151577625777414,-0.6150114733706137,0.2470611494693328,-1.3026296115735512,1.2932708890600697,1.8536309127402527e-10,-3.1183705889021543e-30,4.440471465887132e-12,2.9993757637574033e-30
13.1,17.20192936,-7.37143122,0.300230305027481,-0.1286557453733025,-0.0257257636980043,-0.0131095151003231,-0.6190554265136042,0.2048247477418025,-1.2738589830813891,1.2635384281067503,2.618930372850763e-10,-2.669443024865873e-34,6.215776244275286e-12,2.544738868270217e-34
13.11,16.75084666,-7.62922828,0.2923574267136951,-0.1331551528722638,-0.0319451125502401,-0.011432876509782,-0.6219348852237081,0.1676638590541443,-1.245228804985235,1.2273155888299865,3.3788285818420977e-10,-1.216896257946095e-38,7.939154614971349e-12,1.1459753747410335e-38
13.120000000000001,16.21576557,-7.87212703,0.283018499928035,-0.1373945358087424,-0.0382681935463516,-0.0100868249504047,-0.6323080996110498,0.1346051559377064,-1.2211102076933635,1.1823872721814914,7.925866886788003e-10,-2.1222507727145016e-43,1.845519466107772e-11,1.964471196281713e-43
13.13,15.65926074,-8.06931436,0.2733056583412837,-0.140836103960459,-0.0446779119273108,-0.0089895951286244,-0.6409718380960437,0.1097229821780497,-1.1968639527437377,1.1384100755552533,1.612442487850245e-09,-7.951153800573419e-48,3.7184888290691693e-11,7.220530593186824e-48
13.14,15.06079038,-8.23128032,0.2628603800836879,-0.1436629432386124,-0.0511858841458613,-0.0080786202286098,-0.650797221854957,0.0910974900014434,-1.1740125502045895,1.09762151239368,3.565779596849837e-09,-7.469400641792025e-52,8.144800311638473e-11,6.649707757378777e-52
13.15,14.44526967,-8.33244317,0.2521175170799747,-0.1454285680518136,-0.0577680929052902,-0.0072603173146778,-0.6582208759430176,0.0818302913932144,-1.150532368909028,1.077954712238918,6.5283670407334556e-09,-3.497456628853677e-54,1.4758920209910619e-10,3.081672713690838e-54
13.16,13.82663329,-8.35392776,0.2413202753763559,-0.1458035448857546,-0.0643828140549556,-0.0064222392658432,-0.6614721149664389,0.0838078048834564,-1.1253204836225337,1.0942929309154097,8.726999581922041e-09,-1.0982652446687603e-53,1.9502090924394318e-10,9.760688883990087e-54
13.17,13.2155046,-8.29086993,0.2306540675824561,-0.1447029781330918,-0.0709767824053941,-0.0054543229402471,-0.6593968350437431,0.0967916325595874,-1.0975293731731692,1.1433542868979667,7.858290247485234e-09,-1.3779281024423964e-50,1.732704814903496e-10,1.2541518161993018e-50
13.18,12.62051042,-8.13583274,0.2202694601112524,-0.1419970687045517,-0.07748915127493,-0.0042458874874893,-0.6512368869537161,0.1208435452758056,-1.0664063264115615,1.211878721471081,4.4926659458537194e-09,-8.659271798706612e-46,9.750892560659247e-11,8.108660699256066e-46
13.19,12.044739,-7.88358956,0.2102203530933692,-0.137594594697851,-0.0838600175528049,-0.0026893779512262,-0.6370866277873952,0.1556509536262877,-1.0315973976394883,1.2840003169709595,1.6193758238923524e-09,-2.653038195929322e-40,3.4497222921627774e-11,2.544963960535444e-40
13.200000000000001,11.50084818,-7.52255201,0.2007276675129974,-0.1312933007270174,-0.090017672809786,-0.0006721378842476,-0.6157655256982326,0.2017240066978982,-0.9916362017492986,1.3504867750958789,3.2603929938105893e-10,-1.1243801683648315e-34,6.7889161884933655e-12,1.0972874412020728e-34
13.21,10.96607629,-7.06725483,0.1913941372853845,-0.1233468658609721,-0.095928260901421,0.0018869734132427,-0.5910588091634034,0.2559111297490033,-0.9487539950397372,1.405198665620564,4.750504282354112e-11,-1.6518185922587477e-29,9.634769769326196e-13,1.6292975496723138e-29
13.22,10.45580509,-6.50961578,0.182488224767282,-0.1136142284007788,-0.1015410235094795,0.0050702975870532,-0.5612762608059699,0.3183324173811131,-0.9009330409233968,1.4499244389158072,4.182192235417833e-12,-9.114036962478107e-25,8.21499708992726e-14,9.047774447119658e-25
13.23,9.95846013,-5.84909807,0.1738079176970825,-0.1020860195935457,-0.1068266828307876,0.0089505150135673,-0.5285659321307193,0.3880217426513483,-0.8493850937786399,1.4863954864506896,2.526650020653897e-13,-1.825963065270485e-20,4.775917960725885e-15,1.8194868940315115e-20
13.24,9.47198122,-5.08794977,0.1653172589760693,-0.0888014756625882,-0.1117629718283785,0.0135871662036422,-0.4936288997591905,0.4636651190075776,-0.7942814838083295,1.5164276528992835,1.061000045066262e-14,-1.3566068805232959e-16,1.9132685197470311e-16,1.354609733845464e-16
13.25,8.98014547,-4.23755052,0.1567331057595536,-0.0739592087935978,-0.1163535216377833,0.0190149040817921,-0.4590549809404102,0.5427737878149109,-0.7381961389971511,1.5415263114318931,3.820976938471954e-16,-3.607229102071165e-13,6.51010265884622e-18,3.605689738101285e-13
13.26,8.48384598,-3.29675463,0.148071045583085,-0.0575392229238674,-0.1206024858095826,0.0252622432127388,-0.4248964171798612,0.6247339130945667,-0.6813359809279477,1.5630953546554576,1.1704130678435906e-17,-4.124831433182448e-10,1.8584286006828964e-19,4.1247095782808444e-10
13.27,8.01819749,-2.2334129,0.1399439462756451,-0.0389804086615148,-0.1244678508621632,0.0323939713779072,-0.3865365052581412,0.7131728165169882,-0.617598030565342,1.5821346090511723,1.7523003994222982e-19,-3.12629600782342e-07,2.5134190124060357e-21,3.126095805905428e-07
13.280000000000001,7.41707682,-1.2135126,0.1294524113823508,-0.0211797903844369,-0.1281394598431753,0.040238802002453,-0.367160898101144,0.7844830624544505,-0.5793435772823402,1.5993901726537276,2.0120359666247212e-20,-3.720641108043808e-05,2.6809621376261195e-22,3.7191258528131496e-05
13.290000000000001,6.94028236,0.02357156,0.1211307782000824,0.0004114013318313,-0.1314394752027156,0.04898824813166,-0.3300015359541016,0.8749446129208782,-0.5153104921628904,1.6148952658215796,2.1749453734649705e-22,-0.0088172942857455,2.5366356097402883e-24,0.0088087538398237
13.3,6.32772254,1.1758072,0.1104395924756585,0.0205217070086554,-0.1345604304813084,0.0584030322499806,-0.3120955278592308,0.9414784118319148,-0.4798500705943281,1.6302787505667269,2.3900939947302438e-23,-0.3328897365057711,2.601375089082195e-25,0.3323031681350507
13.31,5.65331832,2.31127559,0.0986690183473144,0.0403393689664745,-0.1375800926819184,0.068350760700853,-0.3019662200610608,0.9947728450874328,-0.456840119179271,1.6456026984307508,7.223834604504248e-24,-3.015927230556706,7.568553974552345e-26,3.00752340712674
13.32,5.04636046,3.56595988,0.0880756052694556,0.0622377409000218,-0.1403945658893632,0.0788905501779181,-0.2814473207444383,1.0539789477063497,-0.418195552187707,1.6599579298059053,4.958729276540908e-25,-6.116099624780369,4.977706113995191e-27,6.091892782577535
13.33,4.37430186,4.7588255,0.076345969933112,0.0830571735028654,-0.1430897339821795,0.0898273482052713,-0.2695168092816788,1.0936798027355334,-0.3935300072715527,1.6752146002869996,1.0921590751284705e-25,-6.438161908232456,1.087092348261291e-27,6.4032210514612125
13.34,3.68835902,5.92722531,0.0643740088946313,0.1034495971670415,-0.1456756330677917,0.1010294064046223,-0.258589908561181,1.1202058199349272,-0.3709407126331264,1.69116060377235,2.729573150552383e-26,-6.481851024481379,2.7216638736878707e-28,6.435120086739504
13.35,3.01672188,7.07765489,0.0526517294229532,0.123528381150377,-0.1481236800784821,0.1123822576505449,-0.2448047010689963,1.1352851245920796,-0.3442553200997946,1.707879877477528,4.3755096158390076e-27,-6.491062951629955,4.378493913203855e-29,6.430380048228465
13.36,2.3056031,8.1259605,0.040240365339188,0.1418247656120047,-0.1504814951512192,0.1236650360600831,-0.2357815072737604,1.1282778409540462,-0.3256406862307855,1.7268319284033005,1.4070232905040777e-27,-6.48847384942108,1.4039304824960405e-29,6.409913899352296
13.370000000000001,1.62068372,9.12663018,0.0282862670474698,0.1592897462528827,-0.1527039786897745,0.1347482802881536,-0.2222483538554989,1.1083244228068794,-0.3001925358996828,1.747499965944343,2.255227885305336e-28,-6.473787895003406,2.20443209857438e-30,6.373314408148453
13.38,0.95401387,10.05236567,0.0166506831411931,0.1754468785559458,-0.1547610954118106,0.1454766127394307,-0.2057116722036532,1.072833245127924,-0.2702972195815712,1.7708282806119051,2.215936199063044e-29,-6.379673536917994,2.0265205340242492e-31,6.25287009237204
13.39,0.34404008,10.92976046,0.0060046321548246,0.19076030648129,-0.1565737137259533,0.1557448439247986,-0.1812618314142388,1.0268231185366243,-0.2278448692276888,1.7967914861518215,6.029173708867927e-31,-5.648474637568072,4.307396250450197e-33,5.505280743119161
13.4,-0.24583484,11.71874232,-0.0042906273741134,0.2045306376767989,-0.15812011527476,0.1654042485325712,-0.1546401548807005,0.9659404607774514,-0.1820068354858377,1.827224796230224,1.1196609138443094e-32,-1.735181584419596,3.334699422432956e-35,1.6786071049905056
13.41,-0.77766834,12.44480462,-0.0135728730215187,0.2172028153864017,-0.1593301599628775,0.1743558390411892,-0.1210044688117284,0.8951590508616619,-0.1245574374842033,1.862539493676911,7.448345667527341e-35,-0.0642529298007242,-9.19000471323325e-38,0.0615449971536494
13.42,-1.25124673,13.09757209,-0.0218383751933125,0.228595756987815,-0.1601408823657968,0.1824984368801673,-0.0810722402919168,0.8142597838976866,-0.0564391704180871,1.904687087211808,3.275773571459941e-37,-0.0007641118419573,2.2317157598405237e-39,0.0007220114981084
13.43,-1.68070836,13.7073813,-0.0293338946477941,0.2392389355113006,-0.1605158741343489,0.1897847081851335,-0.0374991768552232,0.7286271304967652,0.0178565488624984,1.9542847985823788,4.631987137134618e-39,-4.4758523984212855e-06,-5.27188149192314e-41,4.151380891853223e-06
13.44,-2.0665056,14.29032555,-0.0360673267309009,0.2494132320293695,-0.1604248119757978,0.1961979419775449,0.0091062158551105,0.6413233792410319,0.0970133580059881,2.012486991751609,1.2924598848525516e-39,-1.3744899648998892e-08,-1.2459805409488834e-40,1.2427749787408764e-08
13.450000000000001,-2.39963107,14.79307618,-0.0418814630046545,0.2581878858393453,-0.1598303010717517,0.2016555858442371,0.0594510904046254,0.5457643866693371,0.1816890911056521,2.086764737556937,2.528320567573284e-38,-1.1288640642958072e-11,-4.594425544073538e-39,9.820323181738294e-12
13.46,-2.69693903,15.28215885,-0.0470704657990421,0.2667239887452902,-0.1587238826181448,0.2061774945131674,0.1106418453606699,0.4521908668929584,0.2663510893278439,2.175885035720532,1.3958124203070917e-35,-4.262950751491566e-15,-3.651461794592795e-36,3.5062470418186698e-15
13.47,-2.96161731,15.74099352,-0.0516899732435575,0.2747321644590919,-0.1571052280201263,0.2097650930923389,0.1618654598018815,0.35875985791722,0.3491263204509534,2.286237096408624,2.999991795905737e-32,-5.569963416396358e-19,-1.0233504628333676e-32,4.203786331548232e-19
13.48,-3.19671383,16.17499757,-0.0557931815775382,0.2823069640985819,-0.1549813240446411,0.2124326528988656,0.2123903975484871,0.2667559806526248,0.4285239831646575,2.422585324987843,6.373870307110632e-29,-2.825759024071053e-23,-2.6496514821682685e-29,1.860779708805476e-23
13.49,-3.42280631,16.58137824,-0.0597392397675377,0.2893996448065425,-0.152389732411154,0.2141950734929098,0.2591591633487644,0.176242059404454,0.500146216773657,2.5903059307451994,5.193436788267476e-26,-9.26466693250581e-28,-2.49285739664713e-26,4.855864386531018e-28
13.5,-3.63735449,16.9678018,-0.0634838119126991,0.2961440082358204,-0.1493644991765899,0.2150819408632319,0.3025233234563633,0.0886867370322008,0.5651064550682984,2.7879100954556426,1.6570770689603945e-23,-1.405973574739775e-31,-8.878619502548546e-24,4.857208406237848e-32
13.51,-3.84495509,17.32997684,-0.0671071259118149,0.3024651551523625,-0.1459459402965419,0.2151199904985785,0.3418558880047432,0.0038049635346531,0.6232547788870015,3.008546229336732,2.1033749586609253e-21,-2.8206427159287585e-33,-1.2278416860326357e-21,3.8095488840963477e-34
13.52,-4.04922466,17.67128754,-0.0706723024699479,0.3084221506396492,-0.142178571639994,0.214343589475446,0.3767368656548669,-0.0776401023132632,0.6748310467614708,-3.049539115544185,1.149555603138995e-19,-5.092998905481564e-32,-7.181153139469913e-20,-5.33921667531718e-35
13.530000000000001,-4.26027408,17.98776333,-0.0743558097333723,0.3139456951779993,-0.1381193488820957,0.2127839658109764,0.4059222757897694,-0.1559623664469384,0.719172767252299,3.084430922828912,2.657634579444784e-18,-7.556894756872691e-29,-1.7503992346797206e-18,3.7680385196816994e-30
13.540000000000001,-4.47262506,18.28299402,-0.0780620335042089,0.319098442771434,-0.1338151235881733,0.2104795305357148,0.430422529392321,-0.2304435275262015,0.7581345203287385,-3.02601970840089,3.2315067579189187e-17,-3.3692994385301187e-25,-2.2214175555035425e-17,3.676431142717952e-28
13.55,-4.68279225,18.55411772,-0.0817301429493734,0.3238304440166233,-0.1293058583562415,0.2074663429393377,0.4509265231931086,-0.3013187596376616,0.7929380800027259,-2.8628841512334877,2.377832563250921e-16,-9.488083985425162e-22,-1.6936972593683687e-16,-8.895662497719337e-24
13.56,-4.8924032,18.80076121,-0.0853885441751066,0.3281351849957331,-0.1246318794074637,0.2037814610179462,0.4673978948778703,-0.3684881921392253,0.823896478908668,-2.715056848080761,1.1041463431823352e-15,-1.0746586291309729e-18,-8.100996107857118e-16,-1.0857112650983396e-20
13.57,-5.08924011,19.0236796,-0.0888239963440584,0.3320258448644779,-0.1198147574674525,0.1994641790123235,0.4817121940010503,-0.4317282005622027,0.8531016658069659,-2.5851536114067413,4.018171779787367e-15,-4.721041628941291e-16,-3.026653927074677e-15,-6.0008534010131456e-18
13.58,-5.28937617,19.22280815,-0.0923170295430273,0.3355012936967,-0.1148971447216238,0.1945545110033688,0.4917612745829615,-0.4909668008955625,0.8786882654779565,-2.47283030126143,9.499847425465321e-15,-8.894481976058848e-14,-7.313434706366533e-15,-1.3872717905746868e-15
13.59,-5.48428398,19.40358691,-0.0957188125653788,0.3386564782763727,-0.1099073866461415,0.1891003671369935,0.4989758075481532,-0.5454143866374447,0.9021459139773472,-2.377315719670826,1.7032395179385082e-14,-7.615610516076492e-12,-1.3364138301276428e-14,-1.333977253278788e-13
13.6,-5.65840324,19.55460829,-0.0987577669435149,0.3412922985982782,-0.1048509001557001,0.1831337980213883,0.505648649044066,-0.596656911560432,0.9256257578717884,-2.2939498803540217,2.9002880258312417e-14,-3.772628190800667e-10,-2.317316616937898e-14,-7.121223365378723e-12
13.61,-5.82594068,19.68562245,-0.1016818468918773,0.3435789270570128,-0.09975243671517,0.1767007426422755,0.5098463440531082,-0.6433055379114042,0.9474302735400492,-2.222344469384749,3.915054345681395e-14,-1.0556100323563908e-08,-3.17878999599888e-14,-2.099855698354163e-10
13.620000000000001,-5.97908387,19.78984947,-0.1043546997843846,0.3453980317255548,-0.094624463204007,0.1698372481000624,0.5127973511162263,-0.6863494542212061,0.96867200194374,-2.1593531466788534,4.7177943043775954e-14,-1.929442640397631e-07,-3.888305166214429e-14,-3.9951457222990924e-09
13.63,-6.12024319,19.86606442,-0.1068183946882608,0.3467282335422976,-0.089481955216865,0.1625775601157083,0.5142507987142994,-0.7259687984355502,0.9891547176885798,-2.103302796166337,4.960417134665279e-14,-2.4553393381504557e-06,-4.145053982660942e-14,-5.2498000517604944e-08
13.64,-6.24988901,19.91595961,-0.1090811411087088,0.3475990688887058,-0.0843394719984601,0.1549580158584617,0.514248321840409,-0.7619544257245427,1.0089288523004545,-2.053132960619513,4.5681209496579064e-14,-2.2354944810371944e-05,-3.866198551043045e-14,-4.906923585693028e-07
13.65,-6.37113857,19.94481759,-0.1111973451473032,0.3481027356551804,-0.079214701052175,0.1470215326983506,0.512477094628607,-0.7936483160112692,1.0277442976547484,-2.0082300109717157,3.5726953202790355e-14,-0.0001447595436321,-3.059055884885363e-14,-3.247091841535043e-06
13.66,-6.4799849,19.93785806,-0.1130970719845155,0.3479812689422891,-0.0741184189352442,0.138789625415413,0.5096282116930051,-0.8231907282936342,1.0461669022395748,-1.9663712966270477,2.528384340993897e-14,-0.000780205619306,-2.1886166618955764e-14,-1.7830349363039868e-05
13.67,-6.58196229,19.90820374,-0.1148769132026058,0.3474637034208491,-0.0690679408544492,0.1303017897633991,0.5050478080794203,-0.8487835652012532,1.0636669899247513,-1.9280507173745995,1.5160616038071028e-14,-0.0032022541046466,-1.3254343583083707e-14,-7.43437747878472e-05
13.68,-6.67558363,19.86406599,-0.1165109138357349,0.346693354358927,-0.0640769583180604,0.1216072021836352,0.4990982536389792,-0.8694587579765679,1.0805190854600206,-1.8930832813644467,7.938108036341102e-15,-0.0096618700559109,-7.004028671235519e-15,-0.0002272932240873
13.69,-6.77320648,19.78629906,-0.1182147539934154,0.345336065381259,-0.0591745585093039,0.1127265696215233,0.4902399808755769,-0.8880632562110427,1.095474368843314,-1.8596488855751696,3.0931259561726837e-15,-0.0255237976321199,-2.750650790830592e-15,-0.0006074163228332
13.700000000000001,-6.86819845,19.71761797,-0.1198726766328711,0.3441373542269005,-0.0543780305530115,0.1037381055791811,0.4796527956293355,-0.8988464042344044,1.1093819168087298,-1.8296592296747756,9.9522018476986e-16,-0.043445114730021,-8.91280477448108e-16,-0.0010436961045453
13.71,-6.96691282,19.64960175,-0.121595567408403,0.3429502472431396,-0.0497113307502256,0.0947032353758769,0.4666699802785111,-0.9034870203302724,1.121628023915577,-1.8018386840896488,2.4317233119392623e-16,-0.0529780694570462,-2.1908580951256991e-16,-0.0012828245526201
13.72,-7.06381427,19.5907396,-0.1232868167608597,0.3419229089208369,-0.0451882601165878,0.0856904550295172,0.4523070633638734,-0.901278034636151,1.132889867848775,-1.775954971191526,4.925094024779383e-17,-0.0447258777895173,-4.461068492692793e-17,-0.0010902060493415
13.73,-7.15974295,19.55952074,-0.1249610880739517,0.3413780370251177,-0.0408218375213769,0.0767879154793276,0.4366422595210234,-0.8902539550188281,1.1431195693644534,-1.7521367087175768,8.197614616038365e-18,-0.0233091129166358,-7.460442735975153e-18,-0.0005712729597364
13.74,-7.26134075,19.50899367,-0.1267343041967344,0.3404961732922321,-0.0366321619581414,0.0680126449687182,0.4189675563236254,-0.8775270510611122,1.15158099898446,-1.7281204655379945,1.0106933293354065e-18,-0.0109706046145288,-9.233209930810929e-19,-0.0002701824019741
13.75,-7.36413848,19.48592933,-0.1285284630488106,0.3400936246194327,-0.0326306439678049,0.0594430206383776,0.4001517990335899,-0.8569624330339274,1.1587713669238846,-1.70519620766249,9.910856885479881e-20,-0.0032576130193418,-9.082857263409245e-20,-8.055107619720888e-05
13.76,-7.46487032,19.47894831,-0.1302865653184027,0.3399717828352851,-0.0288222511705637,0.0511346943279463,0.3808392797240595,-0.8308326310429963,1.165061782551695,-1.6824955080612976,8.165998122623005e-21,-0.0006754526801531,-7.504193570433057e-21,-1.6758417166560988e-05
13.77,-7.57207704,19.47889005,-0.1321576755626663,0.3399707660064628,-0.0252220129567937,0.0431250307012721,0.3600238213770723,-0.8009663626675758,1.1693447717499934,-1.6593492362567062,4.815394711856479e-22,-0.0001059372834891,-4.433234772503422e-22,-2.635779719886589e-06
13.780000000000001,-7.68612338,19.47692035,-0.1341481596955152,0.3399363882561864,-0.0218430400732477,0.0354347479884949,0.3378972883545479,-0.7690282712776079,1.171407279510967,-1.635177648899328,1.9834690665186293e-23,-1.3584847270219003e-05,-1.8276511304541026e-23,-3.3876112492834694e-07
13.790000000000001,-7.80327883,19.46771197,-0.1361929080346708,0.3397756717064115,-0.0186910357535187,0.0280738426850111,0.3152004319729634,-0.7360905303485221,1.1715419189558811,-1.6095301178453725,6.030661679989762e-25,-1.4971190927274552e-06,-5.557218842638507e-25,-3.7393599712958794e-08
13.8,-7.92084469,19.44183484,-0.1382448193796095,0.3393240305869449,-0.015766241582429,0.0210368097804314,0.2924794171089273,-0.7037032904578594,1.1699380589658157,-1.581958777023177,1.409880675481041e-26,-1.556291968096428e-07,-1.298316122884695e-26,-3.890432814132422e-09
13.81,-8.04009696,19.38820729,-0.1403261641315868,0.3383880532696671,-0.0130692572416697,0.0143016529711694,0.2696984340759767,-0.6735156809263344,1.1661851604122446,-1.5521830339975011,2.4115737532137003e-28,-1.7186734819326428e-08,-2.2171980921649623e-28,-4.2957715540138254e-10
13.82,-8.15495826,19.29292366,-0.1423308719997078,0.336725040202915,-0.0105910331083123,0.0078274871113924,0.2478224133357018,-0.6474165859775993,1.1610801561386686,-1.520263415451381,3.4654068700048875e-30,-2.3642390898764932e-09,-3.179085954648106e-30,-5.901365085096819e-11
13.83,-8.26360885,19.1520925,-0.1442271825294422,0.3342670727715121,-0.0083194577591189,0.0015698285487,0.2271575349193915,-0.6257658562693669,1.154891926945856,-1.4866197306574285,4.403766305192129e-32,-4.3010534076293546e-10,-4.0289829970577136e-32,-1.0706189791682168e-11
13.84,-8.35824637,18.9562185,-0.1458789188493642,0.3308484265524607,-0.0062315596981326,-0.0045264328144601,0.2087898060985922,-0.609626136315919,1.149272573802706,-1.4521252204525348,6.427546398566999e-34,-1.165979212355334e-10,-5.865842736319319e-34,-2.890058126659126e-12
13.85,-8.43069675,18.70395364,-0.1471434165246852,0.3264455741583782,-0.0042939970793427,-0.0105148317503873,0.1937562618789577,-0.5988398935926253,1.1464624955264493,-1.4177722719599233,1.5171620414427876e-35,-4.806140538818224e-11,-1.3828271449020707e-35,-1.1845964001504909e-12
13.86,-8.47534487,18.3914766,-0.1479226732235108,0.3209918209734921,-0.0024675463557764,-0.0164504650891304,0.1826450723566708,-0.593563333874428,1.148497525804252,-1.3847271473599705,7.857653384489739e-37,-3.12322343389318e-11,-7.16847842786973e-37,-7.646673448578182e-13
13.870000000000001,-8.48176304,18.02341077,-0.1480346914219635,0.3145678603759064,-0.0007012831416749,-0.0223780991369669,0.17662632141012,-0.5927634047835612,1.1585290163288002,-1.3536006834456582,1.465061022472556e-37,-2.9678758268043317e-11,-1.3425207060064966e-37,-7.212665398719302e-13
13.88,-8.44021387,17.60264681,-0.1473095216039926,0.3072241439001767,0.0010652497196324,-0.028335042348582,0.1766532861307781,-0.595694321161633,1.178935076379542,-1.3247700564503215,1.4770465694463846e-37,-3.878145308960858e-11,-1.3652963298037582e-37,-9.351625357155229e-13
13.89,-8.32722334,17.17725123,-0.1453374648319192,0.2997995904057458,0.002919533397191,-0.0342903768971007,0.1854283677558328,-0.5955334548517675,1.2134234480656312,-1.2948135102710898,1.6765376936209223e-36,-3.927879746834167e-11,-1.5708400017180805e-36,-9.386495539196993e-13
13.9,-8.183606,16.62375338,-0.142830869385963,0.2901392305205361,0.0048863198129479,-0.0403825138512002,0.1966786415757275,-0.6092136954100801,1.2505555002945807,-1.2739752423015385,3.2171611592945974e-35,-1.2560230492225548e-10,-3.053996576769149e-35,-2.9811652297577668e-12
13.91,-7.9437027,16.08421959,-0.1386437669145633,0.2807225894592724,0.007076612449561,-0.0465459729091522,0.2190292636612741,-0.6163459057950982,1.2988882334871277,-1.249900614362924,7.068842087738653e-33,-2.322118856513452e-10,-6.809852141341555e-33,-5.465472894829108e-12
13.92,-7.62304677,15.51642062,-0.1330472651700189,0.2708126279433399,0.0095702663296515,-0.0527769278595778,0.249365388009009,-0.6230954950424678,1.3497423640779,-1.226386673684623,4.684919633910845e-30,-4.1520226212961475e-10,-4.571271692883861e-30,-9.687520965656231e-12
13.93,-7.20096901,14.93204744,-0.1256806185585764,0.2606133918919904,0.0124669539385164,-0.0590555065128287,0.2896687608865493,-0.6278578653252133,1.4007822052082195,-1.2022581536439028,8.474014516342754e-27,-6.333057684598705e-10,-8.352246890077443e-27,-1.463684934034458e-11
13.94,-6.69335456,14.32695041,-0.1168210750753763,0.2500524564244515,0.0158345096137424,-0.065368578146227,0.3367555675225485,-0.6313071633397288,1.4475259047822502,-1.17789206467703,1.5945245601341158e-23,-8.72443094806323e-10,-1.5824676014230494e-23,-1.9961017371486742e-11
13.950000000000001,-6.07936067,13.72140731,-0.1061048601077484,0.2394837355667182,0.0197607171312805,-0.0716762836611318,0.3926207517538919,-0.6307705514906037,1.4900290506166405,-1.151117898082944,3.459746619762062e-20,-8.826355061560595e-10,-3.4485092137832724e-20,-1.9959310357936994e-11
13.96,-5.35493086,13.10860362,-0.0934611747236515,0.2287882935078476,0.0243284878149318,-0.0779509814496761,0.4567770683650507,-0.6274697788543301,1.527836540847285,-1.1226356050305142,6.743479768420582e-17,-7.225012365840015e-10,-6.737281074496884e-17,-1.612519456996213e-11
13.97,-4.5439755,12.46408578,-0.0793073336049556,0.2175393351120056,0.0295778842749221,-0.0842003014997883,0.5249396459991374,-0.6249320050113507,1.5609393880956,-1.0953062651642615,7.125204569872398e-14,-6.307885334306612e-10,-7.124859723228641e-14,-1.3893206552950104e-11
13.98,-3.57993429,11.87876217,-0.0624816403655455,0.2073235109278464,0.0356316274330103,-0.0903084531669187,0.6053743158087284,-0.6108151667129402,1.5904800140693105,-1.0576875133633858,8.946676869504687e-11,-2.2038498865491728e-10,-8.944950194976352e-11,-4.761418448211721e-12
13.99,-2.53269477,11.27205008,-0.0442038626845405,0.1967343873456902,0.0425032918871999,-0.0962782672122167,0.687166445419099,-0.5969814045299221,1.6168394792820993,-1.0200450270970445,5.098815828030997e-08,-7.757824114702969e-11,-5.0934321004229154e-08,-1.6420305126607205e-12
14.0,-1.44544599,10.61696282,-0.025227791685249,0.185300957770822,0.0501418533635539,-0.102149526869378,0.7638561476352785,-0.5871259657160328,1.6411713861752315,-0.9865644467285112,1.0237067557414771e-05,-3.7432808260784895e-11,-1.0211820463279011e-05,-7.770991784116493e-13
14.01,-0.23941474,10.00952852,-0.0041785754908061,0.1746992292462751,0.0586019870931644,-0.1078296640123055,0.846013372960919,-0.56801371429267,1.6634777397810956,-0.9424687305596524,0.0017124999304917,-8.227065850140927e-12,-0.0017051766716932,-1.661859363597341e-13
14.02,1.03266447,9.40995269,0.0180233950698622,0.1642346568973973,0.0678576382622466,-0.113288092227543,0.9255651169083956,-0.5458428215238527,1.6847219179035384,-0.8936217453704476,0.1517762651830704,-1.3310372948564302e-12,-0.1507958674114823,-2.601025086111855e-14
14.030000000000001,2.35049692,8.82059536,0.0410239103119857,0.1539484310181345,0.0778523299714545,-0.1184946346805507,0.999469170920642,-0.5206542453006854,1.7054983335430525,-0.8392433409009844,3.452341019839428,-1.5440977201346305e-13,-3.4211764395818784,-2.895004385191481e-15
14.040000000000001,3.73053348,8.2711585,0.065110092081882,0.1443589487793154,0.088551550442616,-0.1233827515331065,1.0699220471163635,-0.4888116852556857,1.725787905886136,-0.772626986020785,6.318495293012047,-8.721687804502498e-15,-6.2430119757086855,-1.540555998663769e-16
14.05,5.04302668,7.67236381,0.0880174198319184,0.1339080098953566,0.0997435848499204,-0.1280134432011372,1.1192034407302625,-0.4630691668029968,1.747887616715755,-0.7131796827134705,6.480932542699118,-7.848245005528473e-16,-6.379907336318556,-1.2988037357063809e-17
14.06,6.279728,7.04214189,0.1096019297296784,0.1229085623731163,0.111218830281468,-0.1324201996824937,1.1475245431549854,-0.4406756481357343,1.7721067100611174,-0.6581759714473983,6.494716189709558,-9.067347829853343e-17,-6.363975525656922,-1.392030855643785e-18
14.07,7.55918545,6.48246022,0.1319326748713492,0.1131402744685559,0.122942302813104,-0.1364974728149373,1.1723472531634178,-0.4077273132442994,1.7961966380389534,-0.5815640163925642,6.498257260846522,-3.0532174985713348e-18,-6.334383580061247,-4.086550148251539e-20
14.08,8.67978227,5.86760561,0.1514907789677274,0.1024090371029903,0.1346074963483907,-0.1403195042951803,1.1665193535288974,-0.3822031480243748,1.8249436688606908,-0.5176381619082356,6.497888657731423,-1.99748639077407e-19,-6.289764494657106,-2.340865655888753e-21
14.09,9.69439438,5.22665261,0.1691991009178343,0.0912222969024551,0.1460033212948307,-0.1439169497823421,1.1395824946438229,-0.3597445487161253,1.8576564218051963,-0.4594273108583482,6.493713183226965,-1.676765677669895e-20,-6.229067571826104,-1.7636545215898512e-22
14.1,10.68997421,4.6679754,0.1865752469177797,0.0814715401320993,0.1570540423515076,-0.1471730346384023,1.1050721056675172,-0.325608485605965,1.8923626132099216,-0.3740338313230773,6.473424143761427,-2.9245039800045005e-22,-6.142408782056509,-2.9145611446701867e-24
14.11,11.54177303,4.06283714,0.2014419408913822,0.0709098850653098,0.1675231064445537,-0.1501557600284847,1.0469064093048237,-0.2982725390082968,1.9339970282329757,-0.3031637649562,6.168648979787783,-9.910056785195873e-24,-5.76708036617523,-9.723304202312124e-26
14.120000000000001,12.32444606,3.52290491,0.2151021622314426,0.0614862899141745,0.1772965656921404,-0.1527786742852332,0.977345924758513,-0.2622914256748077,1.9810982646967763,-0.210543070239403,2.708647683200535,-8.392598897057004e-26,-2.484219749553175,-4.896512287499091e-28
14.13,13.01570634,2.97063602,0.2271669301057005,0.0518473794273401,0.1862432518796225,-0.1550687512789272,0.8946686187483902,-0.2290076993694473,2.0361713689040664,-0.1241649244330221,0.0710950621444258,-8.001099654093823e-28,-0.0635440310197791,9.875668590553445e-31
14.14,13.61519333,2.45541339,0.2376299519040708,0.0428550481530556,0.1942465516860726,-0.1569861330816719,0.8003299806448814,-0.1917381802744427,2.101491606022545,-0.0280981825595114,0.0003960854060689,-3.3004127612401954e-30,-0.0003416476134295,-2.569446668454134e-32
14.15,14.12001878,1.96472573,0.2464408181544328,0.0342909328871491,0.2012005824799634,-0.1585130874008349,0.6954030793892253,-0.1526954319163302,2.1803710761156214,0.0710284485019993,6.274600495353935e-07,-8.780734399473531e-33,-5.144722374727877e-07,5.786877143038556e-34
14.16,14.57392141,1.49847553,0.2543629135313944,0.026153331759067,0.2070730284557415,-0.159635652283997,0.58724459757771,-0.1122564883161888,2.272641686854344,0.1709207784529165,3.3597060350421787e-10,-2.1467409705873805e-35,-2.5654263040563397e-10,3.685376522067934e-36
14.17,14.98026498,1.06718753,0.2614549467222025,0.0186259361347257,0.2118450796156908,-0.160329099455043,0.4772051159948612,-0.0693447171045943,2.380757048607653,0.2726864659074413,5.025526175780745e-14,-8.422305997614563e-38,-3.4645160702697424e-14,2.2544831273823198e-38
14.18,15.34453631,0.66403988,0.2678126808013213,0.011589682270548,0.2155133759059272,-0.160582334281076,0.3668296290237108,-0.0253234826033005,2.506481174351382,0.3715112811138526,1.8008480985517586e-18,-2.3147621439173025e-39,-1.068431584284426e-18,8.389467705579806e-40
14.19,15.71055126,0.31060324,0.2742008467903437,0.0054210492053621,0.2181406337190403,-0.1603585999471187,0.262725781311266,0.0223734333957246,2.643175582978312,0.4714565159020387,3.029174399741972e-23,-1.8916759224798484e-39,-1.4494108359416674e-23,8.599562732900444e-40
14.200000000000001,15.98943845,-0.05076997,0.2790683464974787,-0.0008861031376387,0.2196708414789676,-0.1597045998687682,0.1530207759927681,0.0654000078350638,2.80561151841796,0.5550358248276211,1.571972300724392e-28,-4.592217072594556e-38,-5.16444509353337e-29,2.421496489339126e-38
14.21,16.28193089,-0.37264303,0.2841733026126707,-0.006503847808108,0.2201950365780871,-0.1586019522033001,0.0524195099119385,0.1102647665467909,2.969365175160036,0.6355412628774579,3.5628515189230177e-32,-1.2864350822193662e-35,-6.1600453394240064e-33,7.636768517999403e-36
14.22,16.56247051,-0.67139062,0.2890696426639644,-0.011717976886006,0.2197686991071709,-0.1570584612224851,-0.0426337470916334,0.1543490980815328,3.132309660333308,0.7084561308177881,2.0526055422802308e-32,-9.004152333136979e-33,-1.0878710140743463e-34,5.8575521157310356e-33
14.23,16.83116248,-0.9559784,0.2937592022141342,-0.0166849706579473,0.2184488596016129,-0.1550960546267357,-0.1319839505557795,0.1962406595749059,2.8997405419475704,0.7726720767540626,1.442287322904549e-29,-5.262974580774603e-30,-3.435331230340886e-30,3.6730845359355394e-30
14.24,17.09311087,-1.22564846,0.2983310640899324,-0.021391601098998,0.2163003980719804,-0.1527364446064989,-0.2148461529632894,0.2359610020237293,3.0985751947251186,0.8295455153278172,1.0435969545703537e-25,-1.7964594322278305e-27,-3.595730926813545e-27,1.3249240174174912e-27
14.25,17.34791088,-1.48487051,0.3027781631985469,-0.0259158793652673,0.2133876079482491,-0.1500080758482116,-0.291279012373079,0.2728368758286876,-2.992948281966512,0.8794745124864943,4.9317277616429865e-22,-2.9905819433950584e-25,-1.2495335910546692e-25,2.303794751054128e-25
14.26,17.59531669,-1.73211395,0.3070962091716104,-0.0302310914472244,0.2097740768113454,-0.1469373421676325,-0.3613531136903148,0.3070733680578605,-2.8195195844219585,0.9238152468713376,7.292097360060012e-19,-2.591551661401485e-23,7.265113571234096e-21,2.0678075600007744e-23
14.27,17.83439585,-1.97294614,0.3112689276865127,-0.034434406107513,0.2055214377282856,-0.1435581702916006,-0.4252639083060685,0.3379171876032572,-2.669361154582932,0.9627554212234718,3.348425631057923e-16,-1.1347937281163012e-21,3.5959497787657916e-18,9.314466943185565e-22
14.280000000000001,18.08087425,-2.19716254,0.3155707873015603,-0.0383477205244816,0.2007116673406112,-0.1398899530277216,-0.4809770387673687,0.3668217263878485,-2.5467317322134218,0.998412676991818,4.593252019383472e-14,-3.235251949684396e-20,6.3119190440674185e-16,2.71982743193933e-20
14.290000000000001,18.27667611,-2.44095799,0.3189881744400893,-0.0426027538283628,0.1953452889876571,-0.1360011740500646,-0.5366378352955128,0.3888778977657683,-2.434333533950176,1.0273143179175028,4.446448881479777e-12,-3.6007133229859084e-19,7.304890835819548e-14,3.0822443162238733e-19
14.3,18.47907965,-2.66316893,0.3225207826307814,-0.0464810663653143,0.1895035738245644,-0.1319008058479724,-0.5841715163091734,0.4100368202091556,-2.34418214192566,1.0549450824283502,1.6837721400053648e-10,-3.335422814774268e-18,3.045040479685256e-12,2.9017762150941605e-18
14.31,18.66680839,-2.87468676,0.3257972672444017,-0.050172748925488,0.1832356424486785,-0.1276131087681294,-0.626793137588724,0.4287697079843853,-2.267506719901529,1.0803512427812645,3.626498032805607e-09,-2.2163612741068878e-17,6.986326854633374e-11,1.9553860782009528e-17
14.32,18.8352927,-3.0759855,0.3287378731918525,-0.053686074718604,0.1765832403205591,-0.1231622460549323,-0.6652402128118338,0.4450862713196458,-2.2009711393484874,1.1038034794725289,5.0245600816538726e-08,-1.0869126175611063e-16,1.0137440385516548e-09,9.706803683765406e-17
14.33,18.98974375,-3.25773637,0.3314335525475149,-0.0568582258184682,0.1695942773170682,-0.1185589210166438,-0.6988963003492279,0.4603325038289432,-2.143362389687586,1.1263737216713052,4.516057862982217e-07,-4.611155279134978e-16,9.439988448625998e-09,4.16387374803724e-16
14.34,19.12076467,-3.42145841,0.333720298990507,-0.05971571447455,0.1623023242490952,-0.1138159938454496,-0.7291953067971838,0.4742927171193436,-2.091697332074618,1.1480182522041689,3.020564072632744e-06,-1.671568126646842e-15,6.498946502007287e-08,1.524630538797553e-15
14.35,19.22825969,-3.56979462,0.3355964410190042,-0.0623046697389798,0.1547400924167641,-0.1089497554656699,-0.7562231832329913,0.4866238379778942,-2.044903015132641,1.1686335609711236,1.5515035973533126e-05,-5.053832645891434e-15,3.419550588955764e-07,4.651344310267185e-15
14.36,19.30994571,-3.68759983,0.3370221310208541,-0.0643607585294831,0.1469363501415722,-0.1039555697078937,-0.7803742275193479,0.4994185757777195,-2.001878168951374,1.189446015944465,6.401982250893582e-05,-1.5727761719152642e-14,1.44023483717841e-06,1.4600140418076747e-14
14.370000000000001,19.36448964,-3.77552671,0.3379741021863314,-0.0658953720864891,0.1389173412708351,-0.0988308382955551,-0.8019008870735834,0.5124731412337827,-1.9618532260738304,1.2103152145838445,0.0002187628135229,-4.93107571688649e-14,5.009100352883522e-06,4.614815006887932e-14
14.38,19.39016522,-3.84840076,0.3384222255946906,-0.0671672641982521,0.130706294430368,-0.0935939781872231,-0.8211046840468773,0.523686010833302,-1.924182113152178,1.2302216142709357,0.0006375116922588,-1.2818518585587688e-13,1.4822983858184812e-05,1.20839354561738e-13
14.39,19.38694898,-3.89393195,0.3383660916171563,-0.0679619333761032,0.1223258202072346,-0.0882461126352582,-0.8380474223132021,0.5347865551964048,-1.888474787365128,1.2500402669102348,0.0016037309974778,-3.263008302273711e-13,3.778991417573388e-05,3.09698950320335e-13
14.4,19.35737785,-3.91674477,0.337849978035121,-0.068360092196768,0.1138012841959734,-0.0827952200654822,-0.8524536011262882,0.5450892569777046,-1.85455569510538,1.2694829317583254,0.0034515520965399,-7.65497625989248e-13,8.227694123790802e-05,7.310984808235825e-13
14.41,19.30378724,-3.93965789,0.3369146454424688,-0.0687600015826725,0.1051601704872608,-0.0772800894625171,-0.8641113708711243,0.5515130602964226,-1.8222099137826997,1.2873734979396063,0.0063182731598031,-1.2642072832940713e-12,0.0001521200264034,1.2139058788139792e-12
14.42,19.23382656,-3.95104114,0.3356936012295347,-0.0689586767747502,0.0964389301861761,-0.0717212484679298,-0.8721240301083327,0.5558840994586428,-1.7914730546237732,1.3045537191212635,0.0094005649712265,-1.7433192325727933e-12,0.0002282524590436,1.6820677328369246e-12
14.43,19.15506633,-3.96018135,0.3343189758964067,-0.0691182035335739,0.0876819593137848,-0.0661504574131538,-0.8756970872393085,0.5570791054777144,-1.762247867615681,1.3206965973188582,0.0109191429994807,-1.8229756585026124e-12,0.0002670142648301,1.7664234787010232e-12
14.44,19.06862629,-3.99366459,0.3328103125928511,-0.0697025963158094,0.0789320032242915,-0.0606329641662859,-0.8749956089491909,0.5517493246867037,-1.734098412388352,1.3347603998253008,0.010012268829875,-1.0723468286478428e-12,0.0002462979025895,1.0427023361019377e-12
14.450000000000001,18.99620572,-4.02376939,0.33154633520018,-0.0702280241964638,0.0702578118783291,-0.0551913098874727,-0.8674191345964107,0.5441654278814323,-1.707315984619742,1.348239614112157,0.0062365230720495,-5.135437551177087e-13,0.0001541572982039,5.009167249466772e-13
14.46,18.93948863,-4.07636081,0.3305564352375301,-0.0711459176337629,0.0617246793183568,-0.0498807266283055,-0.853313255997104,0.5310583259166309,-1.6812993326534251,1.3601244169460178,0.0026596357073348,-1.4634946742292608e-13,6.599790774079833e-05,1.431239115137662e-13
14.47,18.90301943,-4.1284392,0.3299199276219617,-0.0720548570084006,0.0533981755152102,-0.0447204166965503,-0.8326503803148205,0.5160309931756264,-1.6555504147094564,1.371525230832495,0.0007595535332385,-3.3724115883487205e-14,1.89056970623009e-05,3.305888512879586e-14
14.48,18.88175643,-4.2119737,0.3295488182631102,-0.0735128090724078,0.0453307862850433,-0.0397702967037974,-0.8067389230165681,0.495011999275215,-1.6293281279603642,1.381194471842096,0.0001526792496773,-4.107306543155641e-15,3.808987369552916e-06,4.033939630733673e-15
14.49,18.86918483,-4.32163003,0.3293294024508664,-0.0754266730765613,0.037560622542518,-0.035077214866539,-0.7770163742526841,0.4693081837259302,-1.601917692461855,1.3894071695740466,2.289608905950466e-05,-2.79450424561769e-16,5.720626821978038e-07,2.748808232395352e-16
14.5,18.86521683,-4.45396463,0.3292601477861474,-0.077736347560871,0.0301209787995189,-0.0306782268235785,-0.7439643742997905,0.439898804295979,-1.5726827994463388,1.3962903293201605,2.5603718652843384e-06,-1.0795181490882224e-17,6.400915701256842e-08,1.0631772407905493e-17
14.51,18.86956529,-4.59848034,0.3293360427305386,-0.0802586225212283,0.0230402361262833,-0.0265916302736869,-0.7080742673234542,0.4086596549890943,-1.5408434323855422,1.4022207843966892,2.1298238132093065e-07,-2.672244685476747e-19,5.321633608801973e-09,2.634491567817117e-19
14.52,18.87297689,-4.76042786,0.3293955863832997,-0.0830851399606676,0.0163299756588126,-0.0228395170249416,-0.671026046747199,0.3752113248746112,-1.5055224338155868,1.4068913556611504,1.4332120346858568e-08,-3.6886339936829e-21,3.57370391648784e-10,3.639363771133219e-21
14.530000000000001,18.85967824,-4.92421966,0.3291634811547294,-0.0859438461584357,0.0099774211653293,-0.0194192861007535,-0.6352554493482289,0.3420230924187538,-1.466128530371259,1.410866847137001,9.183565264634125e-10,-3.5532804908747464e-23,2.2806044687649613e-11,3.508088612690044e-23
14.540000000000001,18.81907364,-5.09606713,0.328454797193274,-0.0889431503211578,0.0039543974913269,-0.0163349248781187,-0.6023023674003674,0.3084361222635459,-1.4225026931246247,1.4137697317290354,6.369566374269048e-11,-2.002558970326028e-25,1.5712864687439262e-12,1.9780043312344733e-25
14.55,18.74028683,-5.28713768,0.3270797079516308,-0.0922779605222543,-0.0017816748100981,-0.0136031427889957,-0.5736072301424178,0.2731782089122567,-1.375263300483933,1.4148572799755497,5.543051935941452e-12,-4.593089491623261e-28,1.3542178080693642e-13,4.53754681386541e-28
14.56,18.60473783,-5.46613774,0.3247139316038451,-0.0954021009305217,-0.0072967825459085,-0.0111951360445099,-0.5515107735811453,0.2408006744486213,-1.3268554031768616,1.4154974262066775,7.807531992518408e-13,-8.303104928717235e-31,1.883799013651461e-14,8.203519568739624e-31
14.57,18.41167011,-5.63853818,0.3213442642105265,-0.0984110562404086,-0.0126540631706325,-0.0090897713564746,-0.5357280624723147,0.2105364688034945,-1.279541309374549,1.415382915218535,1.8458185425400106e-13,-9.988484843182364e-34,4.389201144351476e-15,9.86850902207215e-34
14.58,18.136107,-5.80044614,0.3165347806439912,-0.1012368832275959,-0.0179462848752374,-0.007260520702686,-0.5292221704606035,0.1829250653789011,-1.2388970657376797,1.4147141741978655,1.0169343498270145e-13,-8.78345667284545e-37,2.3839128317123603e-15,8.677046596578683e-37
14.59,17.80033448,-5.93884929,0.3106744446322727,-0.1036524738902275,-0.0232292724007704,-0.0056637757203799,-0.5282987525532135,0.1596744982305888,-1.2040898581994215,1.414427310186218,9.503060799886397e-14,-9.735163133134638e-40,2.1979527012496027e-15,9.616790115459715e-40
14.6,17.39485228,-6.05557998,0.3035974451840426,-0.1056898087688523,-0.0285672716675469,-0.0042604063302956,-0.5337999266775614,0.1403369390084004,-1.177320362953156,1.41466744479076,1.632639962886378e-13,-1.5188512088016782e-42,3.7344813697098905e-15,1.5004395852434013e-42
14.61,16.92119128,-6.1249908,0.2953305011957537,-0.1069012561143615,-0.0340170365890114,-0.0029787002203483,-0.5449764921465606,0.1281706109947568,-1.1581746123882313,1.4176426732534146,4.7208663030962e-13,-1.615096960329915e-44,1.0709054523766578e-14,1.5962564947080834e-44
14.620000000000001,16.38810244,-6.15597274,0.2860263457321165,-0.1074419929760168,-0.0396183360314747,-0.0017637679928244,-0.5601299442462403,0.1214932227523766,-1.1444145081572237,1.4230664925352696,1.9122069328874865e-12,-1.1035804120106689e-45,4.31106904958596e-14,1.0916011996705445e-45
14.63,15.80431999,-6.13457544,0.2758374198642573,-0.1070685396399798,-0.0453950518673356,-0.0005458663460368,-0.5776715835862143,0.1217901646787815,-1.133782501331421,1.431998454717012,9.200351411522424e-12,-1.2409158967389794e-45,2.064126392506055e-13,1.2290233883858631e-45
14.64,15.18367865,-6.0485106,0.2650051850072677,-0.1055664248117777,-0.0513493962347764,0.0007557884730819,-0.5954344367439821,0.1301654819118542,-1.1236497383377528,1.4448637719904356,4.315778259106976e-11,-3.452001092177627e-44,9.636814376350532e-13,3.4247605554555164e-44
14.65,14.53250377,-5.89238004,0.2536400393449887,-0.1028414324767951,-0.0574736915141912,0.0022224123207669,-0.6124295279416031,0.1466623847685298,-1.1129742325783587,1.4609994215710351,1.8235646939587063e-10,-1.353141683717257e-41,4.051231148270357e-12,1.3450225951557608e-41
14.66,13.86729839,-5.65117527,0.2420300152620087,-0.0986316150687795,-0.0637374784517832,0.0039480368225515,-0.6263786937591039,0.1725624501784408,-1.0996019796192211,1.479774841316944,5.842561381337594e-10,-4.633509042013784e-38,1.2895661522701617e-11,4.61439750625743e-38
14.67,13.19558817,-5.31693202,0.2303064603037132,-0.092797969853713,-0.0701015539571234,0.0060284797603169,-0.6364075505339202,0.2080442937765041,-1.082906315245793,1.49989721373527,1.3509027653261924e-09,-5.368048858008583e-34,2.956951028057037e-11,5.354612111830582e-34
14.68,12.52734968,-4.88034896,0.218643498464658,-0.085178157998281,-0.0765155861380975,0.008562420085091,-0.6414032180975331,0.2533940324774566,-1.0619062888947306,1.520247787048389,2.103259449067103e-09,-1.0354345606792975e-29,4.5541959949006137e-11,1.0341168792460545e-29
14.69,11.87032279,-4.3325301,0.2071762159600194,-0.0756169151867591,-0.0829222918573009,0.0116500325235297,-0.6406705719202375,0.3087612438438259,-1.0358182867417367,1.5399943398815577,2.113638261720045e-09,-2.0393827115629172e-25,4.513100672734146e-11,2.0384189377600373e-25
14.700000000000001,11.22975244,-3.66821378,0.1959961542618669,-0.0640224081280269,-0.0892616795533166,0.0153873844489989,-0.633938769601698,0.3737351925469896,-1.003986061238581,1.5586176319013705,1.3440987271996936e-09,-2.8807269724230162e-21,2.8190015257023383e-11,2.880514135675047e-21
14.71,10.6080277,-2.88615942,0.1851450105077612,-0.0503729846164498,-0.0954754649048864,0.0198607742484947,-0.6213785351568801,0.4473389799495182,-0.9659053885046812,1.5759175705261212,5.420936704489182e-10,-2.3234369741976552e-17,1.1113579274715498e-11,2.3234066193207418e-17
14.72,10.00575013,-1.98882837,0.1746332839003506,-0.034711603313572,-0.1015096961048209,0.0251419967458589,-0.603423119993577,0.528122249736522,-0.9211038685894386,1.5919350896338265,1.4028009320235922e-10,-9.423571611333389e-14,2.7939969725089402e-12,9.421474078840801e-14
14.73,9.42098908,-0.98417657,0.1644272782404314,-0.0171771215674844,-0.1073181513295063,0.031281657167671,-0.5808455224684478,0.6139660421811141,-0.8693740360583467,1.6068569872103493,2.4010286537346743e-11,-1.7712473738796859e-10,4.609171659414507e-13,1.7701001322308667e-10
14.74,8.86500401,0.13335164,0.1547235081770003,0.0023274251809341,-0.1128442760977926,0.0383286337619666,-0.5526124768287375,0.7046976594296991,-0.8077773471102281,1.6208715167104455,2.385041261650975e-12,-1.7584362466192756e-07,4.3537397694818896e-14,1.7562401885799757e-07
14.75,8.32326097,1.3332103,0.1452683084292369,0.0232689093565013,-0.118057021755044,0.046281473999841,-0.5212745657250596,0.7952840237873181,-0.7384434790546949,1.6343361321661245,1.6192923064369217e-13,-7.511543155826959e-05,2.759675254443821e-15,7.49644072675159e-05
14.76,7.77789775,2.58063086,0.1357499246209587,0.0450405052855728,-0.1229535340922471,0.055086623684434,-0.4896512337202366,0.8805149684591573,-0.6653310087312094,1.647651530690755,9.356916633522616e-15,-0.0123406425352455,1.4520474676830874e-16,0.0123043469471598
14.77,7.25294237,3.88082196,0.1265877248139008,0.0677331208856996,-0.1275006517645978,0.0646963925202328,-0.4547117672351555,0.9609768835800776,-0.5823988431687354,1.66089042291912,3.322538791723831e-16,-0.86262728584985,4.454488058114946e-18,0.859141355847971
14.780000000000001,6.7409276,5.19780167,0.1176513812585593,0.0907187530071597,-0.1316798071997648,0.0750135251863601,-0.4179155435166405,1.0317132666125604,-0.4916359653836472,1.6744562272046273,7.853200879769665e-18,-5.489892176968137,8.736864723091649e-20,5.460528610848179
14.790000000000001,6.246443,6.53453022,0.1090209968881521,0.1140490674100694,-0.1354697988911125,0.0859478281692622,-0.3789991691348447,1.0934302982904345,-0.3921862000132208,1.6883708514598208,1.1227467451523886e-19,-6.436580402122352,1.1174532115833556e-21,6.392299956990166
14.8,5.7192555,7.77774355,0.0998198392377945,0.1357472333232522,-0.1389208323689444,0.0972602743321253,-0.345103347783131,1.1312446162861292,-0.3021094143647025,1.703935548962823,2.1925440599332787e-21,-6.48866641056306,2.1484632553791637e-23,6.431442224276997
14.81,5.21060499,8.99103414,0.0909422130963462,0.1569231489022168,-0.1420122732873132,0.108813076986437,-0.3091440918369469,1.1552802654314045,-0.2056838663853958,1.7204626365458708,2.5105621112895065e-23,-6.496177074084539,1.3571039423278746e-25,6.423804114621391
14.82,4.70983665,10.12902736,0.0822021567735997,0.176784877456589,-0.1447414580238142,0.1204165757377943,-0.2729184736500512,1.160349875135543,-0.1083546121220201,1.7387074573729444,2.02096063268272e-25,-6.49706933257509,-1.4627434631544872e-28,6.406000295628275
14.83,4.21845797,11.18878808,0.0736259809334961,0.1952811913038947,-0.1471059731424656,0.131891271458289,-0.2364515118651904,1.1474695720496957,-0.0113931959804283,1.758949226854808,1.128200477998435e-27,-6.4951801855629085,5.1167845190801166e-30,6.380921900603524
14.84,3.69388657,12.08017881,0.0644704828417,0.2108388944641505,-0.1491629134759505,0.1429511784873328,-0.2056940333484592,1.1059907029042102,0.0686111419738772,1.783240788094257,1.1532828395967458e-29,-6.472228754195063,-7.273423258715742e-31,6.32717736853354
14.85,3.22702382,12.93153637,0.0563221906992848,0.2256978869978956,-0.1508445327141561,0.1535067052237649,-0.1681619238205354,1.055552673643047,0.163300794734486,1.8096744119695607,3.2291310420107616e-32,-6.251812492815327,-5.312042166090341e-33,6.074813997618965
14.86,2.78139294,13.67047389,0.048544464594725,0.2385947796884171,-0.1521394950095586,0.1633809316015336,-0.1294962295402665,0.9874226377770684,0.2567031760486845,1.8406211381188653,6.94235699113183e-35,-3.3188635483094298,-1.7519758712876667e-35,3.199112741339278
14.870000000000001,2.33616729,14.28046234,0.0407738110878932,0.2492410865400539,-0.1530675569435723,0.1723922956147438,-0.0928061934013618,0.9011364013208796,0.3407059953262243,1.8779491205477383,2.8584434583619013e-37,-0.0864729679673494,-9.520359575780034e-38,0.0824360913071
14.88,1.896113,14.78473534,0.0330934148398672,0.2580423107189633,-0.1536426573590964,0.1804093732388529,-0.0575100415524169,0.8017077624110649,0.4169842231494836,1.9229567367687683,3.6488513309689986e-39,-0.0003548404379115,-1.47803101293727e-39,0.0003331114331296
14.89,1.46578097,15.18899812,0.0255827040395762,0.2650980272732288,-0.1538735756481943,0.1873243228688197,-0.02309182890979,0.6914949629965723,0.4870516280043153,1.9782272284220708,2.587748388587105e-40,-3.726126201601058e-07,-1.212271945784173e-40,3.421646827664999e-07
14.9,1.05175118,15.51174772,0.0183565210027355,0.2707310704527235,-0.1537615551405402,0.1930688859910146,0.0112020507654098,0.5744563122196099,0.5527333451835094,2.0467016928201724,1.632209196100702e-40,-8.663965993670535e-11,-8.574878378462918e-41,7.702363563337079e-11
14.91,0.64498624,15.75903379,0.0112571335180583,0.2750470265685406,-0.1533218692620253,0.1975950746219231,0.0439685878514853,0.4526188630907743,0.6118150762523173,2.13333514888876,8.937092270151495e-40,-3.115651311809195e-15,-5.134040781497392e-40,2.635793883553944e-15
14.92,0.25597337,15.95579497,0.0044675781039256,0.2784811569996498,-0.1525564168723861,0.2008992397274404,0.0765452389639117,0.3304165105516798,0.6671994425219632,2.2428650239781662,2.644887179798014e-38,-1.5188905493999924e-20,-1.636465538095504e-38,1.1885364766407643e-20
14.93,-0.1218023,16.11114857,-0.0021258511715018,0.2811925888244761,-0.1514775963872238,0.2029974775980378,0.1078820485162466,0.209823787059782,0.717607538714565,2.382125665818176,1.926608535627547e-36,-1.197387711170953e-26,-1.2666549969566836e-36,8.24271793489819e-27
14.94,-0.48973627,16.23906687,-0.0085475103779359,0.2834251843330299,-0.1501005499852231,0.2039305329687299,0.1377046402000543,0.0933055370691902,0.7632601069249161,2.556239931972418,1.8290139549965591e-34,-2.2424786482393895e-32,-1.2641010720379059e-34,1.2394374612931372e-32
14.950000000000001,-0.83582038,16.35571222,-0.0145878175862701,0.2854610297476712,-0.1484248572046967,0.2037646036068794,0.1675692780526705,-0.0165929361850508,0.806758027284436,2.7633333205425368,2.045943699049488e-32,-2.193358971518597e-34,-1.4770174416950132e-32,8.089611824110612e-35
14.96,-1.17086376,16.467201,-0.0204354277042806,0.2874068760377027,-0.1464664069198498,0.2025755232995001,0.1958450284846535,-0.1189080307379139,0.8463189518593612,2.8239401815814063,1.7054457120199903e-30,-2.2733237288881995e-31,-1.2769639932563294e-30,7.068448383175167e-32
14.97,-1.48626725,16.58513768,-0.0259402570770616,0.2894652594125736,-0.1442299720463971,0.2004549336875385,0.2236434873453236,-0.2120589611961937,0.883686445927878,3.065545934544014,1.1657655968344566e-28,-1.168639509423899e-26,-9.011754871506065e-29,8.393501930946888e-28
14.98,-1.78480134,16.71424279,-0.0311506598770067,0.2917185686632231,-0.1417253237196044,0.1974992977430205,0.2504648326792311,-0.2955635944517542,0.9185677271150028,-2.9865248665361315,5.836111191120628e-27,-2.2567384938024765e-22,-4.638093492998915e-27,-5.812402391619862e-26
14.99,-2.05620448,16.86388662,-0.0358875382702578,0.2943303462020178,-0.1389492823385688,0.1938151950467723,0.2776041381036151,-0.3684102696249008,0.9524917312200126,-2.7889802505110555,2.579693146981696e-25,-6.057305911237013e-19,-2.1021659787745064e-25,-6.057723558027932e-21
15.0,-2.2887515,17.03819222,-0.0399462494349589,0.297372552826682,-0.1358847756992854,0.1895108780861511,0.3064506639282836,-0.4304316960620523,0.9867158821226202,-2.6316024555152464,1.2017619631918722e-23,-2.702995275159972e-16,-1.0026077087331209e-23,-3.118384055080064e-18
15.01,-2.51428394,17.22144684,-0.0438825330830155,0.3005709493151731,-0.1325605628002036,0.1846689054750061,0.332421289908131,-0.4841972611144183,1.0172860961808352,-2.505589282299084,3.1595528317551417e-22,-3.4556185136327993e-14,-2.688062095243312e-22,-5.119225595018484e-16
15.02,-2.70861625,17.42457514,-0.0472742717355218,0.3041162069541519,-0.1289722469546747,0.1793833486657075,0.3588315845529619,-0.5285556809299676,1.047256546779714,-2.40791398150303,7.526126009635398e-21,-1.4160859027590526e-12,-6.518864120670562e-21,-2.4005195331966828e-14
15.030000000000001,-2.87589402,17.64148721,-0.0501938195874156,0.3079020367629683,-0.1251229329708253,0.1737355342368544,0.3849313983848782,-0.5647814428852266,1.0760967014455087,-2.3306997177479345,1.4880308727639025e-19,-2.446759120199e-11,-1.3098194756468593e-19,-4.4787125715561334e-13
15.040000000000001,-3.0146015,17.86692752,-0.0526147218105598,0.311836712439185,-0.121015028142031,0.167795659991245,0.4107904828795123,-0.5939874245610504,1.1039514219300632,-2.268199486634317,2.49752207480314e-18,-2.1645441749407547e-10,-2.230608517541849e-18,-4.167764367888956e-12
15.05,-3.12751223,18.09540448,-0.0545853858098901,0.3158243876561324,-0.1166560493292074,0.1616229170943284,0.4358978812822974,-0.6172742896915668,1.1305932691009364,-2.21619041782923,3.413417362470184e-17,-1.1396235868099874e-09,-3.0884834405953017e-17,-2.2763730092493102e-11
15.06,-3.22708017,18.32227232,-0.0563231741923183,0.3197839784310201,-0.1120711931654224,0.1552671186824951,0.4584856163785882,-0.6355798411834606,1.1551617283238522,-2.1717385674766367,3.2305975687530644e-16,-3.9881671234204595e-09,-2.9560090423351173e-16,-8.196137414808902e-11
15.07,-3.29224474,18.537648,-0.0574605104944646,0.3235429931757418,-0.1072567980960972,0.148762103097991,0.4814395069324417,-0.650501558450307,1.1794402398949262,-2.1318686289550435,2.923690760646392e-15,-1.0685690635858272e-08,-2.703054007561833e-15,-2.2485381271005267e-10
15.08,-3.32581858,18.74754574,-0.0580464845450024,0.3272063998312368,-0.1022146693804479,0.1421480764782204,0.5042128715650286,-0.6614026619771934,1.2031532951546426,-2.0966269831833992,2.4036889769506603e-14,-2.1206878595051442e-08,-2.2433996512451442e-14,-4.5507308886723796e-10
15.09,-3.35294602,18.93750602,-0.0585199476906396,0.3305218321652471,-0.0969816475282273,0.1354434351560548,0.5233021852219856,-0.670464132216448,1.2247757796131664,-2.063213166927233,1.3097396375087653e-13,-3.681081987169837e-08,-1.2322846391353844e-13,-8.038890433947326e-10
15.1,-3.37535859,19.0967798,-0.0589111208309733,0.3333016840383442,-0.0915952350533512,0.1286513122468381,0.5386412474875193,-0.679212290921568,1.2445619021019825,-2.0299680519705143,4.86852710909626e-13,-6.250230062517306e-08,-4.612352814244729e-13,-1.3876491122948e-09
15.11,-3.37026443,19.25661937,-0.0588222109663499,0.3360914108098161,-0.0860603849311665,0.1218170402993578,0.5534850122185816,-0.6834271947481624,1.2640165487306818,-2.0006355565231853,1.6887976302907745e-12,-7.710980667425983e-08,-1.6101484163097025e-12,-1.735703183131542e-09
15.120000000000001,-3.37392904,19.38062826,-0.0588861704766514,0.3382557742420596,-0.0804313003803981,0.1149339536010956,0.5629084550767488,-0.6883086698261105,1.2813586283889715,-1.970346295139612,3.5829061880465208e-12,-1.0015234715821913e-07,-3.4342678616821305e-12,-2.284917391403375e-09
15.13,-3.36858752,19.50369128,-0.0587929433655903,0.3404036291285073,-0.0747347492386685,0.1080429772125426,0.5696551141730756,-0.6890976388554387,1.2977722349470808,-1.9429696599085695,6.008913587248966e-12,-9.786515644338284e-08,-5.786956289336988e-12,-2.2585098837126635e-09
15.14,-3.37088322,19.61172639,-0.0588330108892283,0.3422891975057615,-0.0690182253454315,0.1011630899096994,0.571652389323612,-0.6879887302842135,1.3126597014753298,-1.9164833956923129,6.708696870847596e-12,-8.399006016103575e-08,-6.487054161976016e-12,-1.958702802064977e-09
15.15,-3.37401822,19.73811291,-0.0588877269612783,0.3444950584098992,-0.0633165890039804,0.094356505303718,0.5701636341452275,-0.6806584605982763,1.3265375581021503,-1.893841590668177,5.57139483740781e-12,-4.63491741308923e-08,-5.406504477939053e-12,-1.0900543133592964e-09
15.16,-3.40693171,19.84797701,-0.0594621757301006,0.3464125486846395,-0.0577008096656599,0.0876335096702041,0.5615779338319606,-0.6722995633512853,1.3383581971017018,-1.871096157299147,2.4971020975978254e-12,-2.3658151311188018e-08,-2.4301513582966818e-12,-5.608639722140031e-10
15.17,-3.42741222,20.00269281,-0.0598196280620882,0.3491128487994965,-0.0521792387765974,0.0810853596708968,0.5521570889061582,-0.6548149999306311,1.350033085256464,-1.8536602953669343,1.0293806594743145e-12,-6.0822548151417715e-09,-1.0044751009612469e-12,-1.4502877733449292e-10
15.18,-3.49568525,20.15411899,-0.0610112172259011,0.3517557342142141,-0.0468398900448467,0.0747307725070366,0.5339348731751751,-0.635458716386142,1.3592385462831178,-1.836603697595916,1.8645077271732436e-13,-1.3074033051571906e-09,-1.8230685711125161e-13,-3.134225590222921e-11
15.19,-3.56561662,20.34796181,-0.0622317498828315,0.3551389296545648,-0.0417010093244989,0.0686471205523308,0.513888072034706,-0.6083651954704873,1.3678970441950884,-1.823973898728196,2.6767118717175714e-14,-1.4404585047724594e-10,-2.6219773700354622e-14,-3.466289877347596e-12
15.200000000000001,-3.64847926,20.58038095,-0.0636779757777262,0.3591954088922184,-0.0367933929050245,0.0628990765435467,0.4907616419475386,-0.5748044008785236,1.375600433429662,-1.81557788258402,2.6139671931444736e-15,-8.282360817812721e-12,-2.564486733241778e-15,-1.9978885849669335e-13
15.21,-3.75764962,20.83806472,-0.0655833580053137,0.3636928391076702,-0.0321620526857941,0.0575265189068584,0.4631340219229685,-0.5372557636687418,1.381832316787194,-1.8107121068429357,1.4141049521424128e-16,-2.790866062855428e-13,-1.3890146918531248e-16,-6.74142566783319e-15
15.22,-3.88773237,21.12523639,-0.0678537302928624,0.3687049302676209,-0.0278396606091854,0.0525696842526082,0.4322392076609535,-0.4956834654251217,1.3867539053107063,-1.8110766183050229,4.406245414448039e-18,-4.949634494382281e-15,-4.3320758223699825e-18,-1.1954781354427722e-16
15.23,-4.02240917,21.44186123,-0.0702042838789123,0.3742310762192211,-0.0238326537868406,0.0480631951682204,0.4007006822344174,-0.4506489084387051,1.3909504972132671,-1.819459827350674,9.823320554768992e-20,-4.242619695224136e-17,-9.665404260801911e-20,-1.0222763620264846e-18
15.24,-4.19769601,21.76005415,-0.0732636163723288,0.379784590329756,-0.0201934135231848,0.0439990027513964,0.3639240263656483,-0.4064192416824836,1.3928013106074462,-1.836145384211494,7.885465898540286e-22,-2.444204617032752e-19,-7.761291773519749e-22,-5.8602900364008285e-21
15.25,-4.38736109,22.08746345,-0.0765738964943872,0.385498960616406,-0.0169329188712407,0.0403772914462497,0.3260494651943595,-0.3621711305146112,1.3931442432537775,-1.8712830249570025,3.2087206746138142e-24,-7.811284175796271e-22,-3.1583863431135303e-24,-1.8517039131959978e-23
15.26,-4.60086078,22.3950031,-0.0803001690368744,0.3908665400893369,-0.01407173308549,0.0371566827677335,0.2861185785750249,-0.3220608678515712,1.3912440459411868,-1.9351288086537697,4.639237028788919e-27,-2.256191966943801e-24,-4.5649009729828555e-27,-5.223295008085872e-26
15.27,-4.83914492,22.67144969,-0.0844590118351576,0.3956914432907477,-0.0116277320366408,0.0342815992416311,0.244400104884967,-0.2875083526103025,1.386541356008132,-2.061965375372664,1.7479580391238217e-30,-7.919786162568464e-27,-1.7184671156394076e-30,-1.7306542836894434e-28
15.280000000000001,-5.10060215,22.90134452,-0.0890223013518017,0.3997038650075603,-0.0096127692844364,0.0316780328808098,0.2014962752204105,-0.2603566360820884,1.378389791462494,-2.3473919211753653,1.1244683231527287e-34,-5.635081602124128e-29,-1.1037853903141847e-34,-1.0160810170759586e-30
15.290000000000001,-5.38085418,23.06693817,-0.0939136220106996,0.4025940194204555,-0.0080293607009974,0.029252354216655,0.158340858343928,-0.2425678664155238,1.3660766906232362,-2.958661136805317,6.613727411857168e-40,-1.6268167435169506e-30,-6.476056838658346e-40,-5.008494048892247e-33
15.3,-5.67581754,23.15579195,-0.0990617038154449,0.4041448104342982,-0.0068717855899331,0.0269004982338445,0.1157575111064213,-0.2351855982810145,1.3486363004486024,2.735173390702166,1.0679892950601612e-46,-3.346359687945049e-31,-1.0418227419310403e-46,1.3226801540766984e-31
15.31,-5.98096775,23.15885741,-0.104387579693097,0.4041983128043863,-0.0061261667177004,0.0245139334338732,0.074561887223284,-0.2386564799971741,1.3248734915627325,2.955731073789608,3.249418298488052e-56,-6.539237739464507e-31,-3.151939713858928e-56,1.2136546291361406e-31
15.32,-6.29288942,23.07138072,-0.1098316398429163,0.40267155654514,-0.0057726700036045,0.0219864040590625,0.0353496714095833,-0.2527529374810305,1.293194539336617,-1.614982206221787,3.2955509604390805e-72,-1.0704610224782092e-29,-3.1697262350390537e-72,-2.6729549469805513e-31
15.33,-6.59617399,22.87633527,-0.1151249541599115,0.3992673712516059,-0.0057700235926636,0.0191979901340395,0.0002646410940836,-0.278841392502362,1.2538915822567205,-1.4413953315168797,7.845274833593683e-112,-1.355563971029254e-27,-7.4555735871608265e-112,-3.354573355451117e-29
15.34,-6.88890585,22.61011875,-0.1202340889423986,0.3946210164544046,-0.0060754936251818,0.0160882873709813,-0.0305470032518149,-0.3109702763057705,1.2064731120434946,-1.412017036314297,3.0377640381024283e-75,-3.0052404010405465e-25,-2.838798320160953e-75,-7.399221937112312e-27
15.35,-7.16176597,22.24832927,-0.1249963964337854,0.3883065988293264,-0.0066353440466833,0.0125709283705177,-0.0559850421501349,-0.351735900046303,1.1535640967675294,-1.4066372329846624,2.33327378015025e-62,-1.3728014633622532e-22,-2.1334464593363667e-62,-3.376471277591565e-24
15.36,-7.40329738,21.80956555,-0.1292119147852698,0.380648727277028,-0.0073831516476001,0.0085935608974409,-0.0747807600916938,-0.3977367473077618,1.102019255058494,-1.4038000288662906,4.0525588648536075e-56,-6.277208566655333e-20,-3.615923163817084e-56,-1.5430429090447914e-21
15.370000000000001,-7.62016702,21.31067387,-0.1329970040508846,0.371941424850222,-0.0082654420692463,0.0041331972748778,-0.0882290421646086,-0.4460363622562378,1.0550366547344263,-1.3994648319011036,1.5429889460461921e-52,-1.915838411135381e-17,-1.3424508970963197e-52,-4.705329202110128e-19
15.38,-7.78777051,20.7596918,-0.1359222367892179,0.3623249736092681,-0.0091991704926382,-0.0008176760520594,-0.0933728423392092,-0.4950873326938292,1.0285886175355807,-1.3934956885892515,2.6842289928393387e-51,-3.5239821755429427e-15,-2.299494609247972e-51,-8.644225810027681e-17
15.39,-7.91306515,20.16716768,-0.1381090407923189,0.3519834768177861,-0.0101167308217047,-0.0062488898538674,-0.0917560329066355,-0.5431213801807147,1.0233827942368914,-1.3857533443344687,1.1907957232075248e-51,-3.624060919504624e-13,-1.0168999443834628e-51,-8.874894819908241e-15
15.4,-7.98776497,19.53874898,-0.139412798601966,0.3410155014216837,-0.0109447800230512,-0.0121405557878231,-0.0828049201346693,-0.5891665933956816,1.0415269899371666,-1.376504007649058,8.012436959149115e-54,-2.1351496670293208e-11,-6.916994641040421e-54,-5.217858077101973e-13
15.41,-8.00034535,18.89884699,-0.1396323676541181,0.3298471048061198,-0.0116007928907706,-0.0184388780042464,-0.0656012867719253,-0.6298322216422358,1.0811174654888815,-1.3647001013417326,9.83689677602714e-59,-6.073775036440293e-10,-8.682159039145698e-59,-1.480163336694689e-11
15.42,-7.94928615,18.24825374,-0.1387412165006838,0.3184921105023692,-0.0120076432919917,-0.0250906121903816,-0.0406850401221039,-0.6651734186134147,1.1329301669323053,-1.3509450395290723,1.553975168394056e-68,-9.442670537662102e-09,-1.4075914994741779e-68,-2.2932372750760068e-10
15.43,-7.83058648,17.59554257,-0.1366695164381531,0.3071001515213248,-0.0120903332582481,-0.0320329498375889,-0.0082689966256426,-0.6942337647208742,1.1892784460175645,-1.3350539742145755,1.26255699755093e-91,-8.15250493582552e-08,-1.1719576921968172e-91,-1.971542344130313e-09
15.44,-7.63246354,16.95013012,-0.1332116188114219,0.2958355792354615,-0.011765879049703,-0.0391934995978021,0.0324454208545012,-0.7160549760212018,1.2459294832653456,-1.316665376208758,5.1522262299300505e-73,-3.914814866469531e-07,-4.8833750321673526e-73,-9.417893627117126e-09
15.450000000000001,-7.33893263,16.31968766,-0.1280885379755467,0.2848322825640889,-0.0109388128714642,-0.0464937818846776,0.0827066178238982,-0.7300282286876981,1.3002175110573737,-1.2953826428103528,7.554579036129172e-54,-1.056441922836074e-06,-7.280478092880901e-54,-2.525044560333317e-08
15.46,-6.97403879,15.68707923,-0.1217199390473013,0.2737911825847168,-0.0095561949211759,-0.0538832604373505,0.1382617950288051,-0.7389478552671785,1.3468672172528846,-1.2723637558775542,7.939008522231483e-43,-2.0006923852393965e-06,-7.741397599876123e-43,-4.7460505061322944e-08
15.47,-6.52156985,15.06665252,-0.1138228662812927,0.2629626937279008,-0.0075508752052688,-0.0612954889415255,0.2005319715907505,-0.7412228504176455,1.3878618146236688,-1.246419949113953,8.659197528777771e-35,-2.4229712808187013e-06,-8.515184207054494e-35,-5.69566799325621e-08
15.48,-5.9503466,14.47592357,-0.10385313980485,0.2526525285635518,-0.0048230084578359,-0.0686455023647493,0.2727866747432546,-0.7350013423222643,1.424929429223887,-1.215863481151949,4.0500877623757015e-28,-1.6657662446763244e-06,-4.007224780084424e-28,-3.870783182462657e-08
15.49,-5.28811634,13.87076483,-0.0922950413615119,0.2420905160533315,-0.0013218563531197,-0.075913962868136,0.3501152104716893,-0.726846050338813,1.4568243386107786,-1.1841415834335005,1.0558860622732313e-22,-1.0065363463180672e-06,-1.0490600218062896e-22,-2.3089911554851405e-08
15.5,-4.51076534,13.31567885,-0.0787277069678414,0.2324024380706721,0.0030269307181022,-0.0829973583503434,0.434878707122124,-0.7083395482206312,1.4851055493244494,-1.1446707776810237,5.393200279406642e-18,-2.971918274525801e-07,-5.3734832771421716e-18,-6.70096723740979e-09
15.51,-3.63475764,12.75505956,-0.0634384883300187,0.2226177856099792,0.0082648814665761,-0.0898752477629098,0.5237950748473161,-0.6877889412565321,1.509974974561447,-1.102401758267704,5.938636245444931e-14,-7.404591305614799e-08,-5.927695801754108e-14,-1.6365846069927344e-09
15.52,-2.66124848,12.20573386,-0.0464475481896944,0.2130302434791566,0.0144234127279455,-0.0965074225426627,0.615853126137062,-0.663217477975417,1.5321473845696667,-1.0549026331246407,1.962115515339176e-10,-1.3280322910345438e-08,-1.960655685262216e-10,-2.864986302050859e-10
15.530000000000001,-1.59559011,11.67084335,-0.0278483009317585,0.2036946429419849,0.0215188142635422,-0.1028539090986161,0.7095401535595608,-0.634648655595247,1.5521802570244108,-1.0009167595745307,2.353661419425549e-07,-1.663672757097978e-09,-2.3532551098733966e-07,-3.483047947174917e-11
15.540000000000001,-0.44925366,11.15145845,-0.0078409555436351,0.1946296663518434,0.0295451444310192,-0.1088779496493812,0.8026330167478593,-0.6024040550766238,1.5705328225416149,-0.9392292611852526,0.000113098948004,-1.4332141329368382e-10,-0.0001130989440921,-2.8890092758926466e-12
15.55,0.75255856,10.63140612,0.0131346246860672,0.1855530409106753,0.0384576470885311,-0.1145689573708731,0.8912502657510502,-0.5691007721491044,1.5876122511366977,-0.8717921511525032,0.021461380175079,-1.008594908043552e-11,-0.0214583571753716,-1.9396915120134314e-13
15.56,1.98111198,10.10022961,0.034576926901704,0.1762822619019227,0.048171278105875,-0.1199329510244069,0.9713631017345816,-0.5363993653534875,1.603838309003679,-0.800636227283167,1.2947610275284993,-6.561088534073791e-13,-1.2940569241651845,-1.1900392532700254e-14
15.57,3.25285482,9.5965651,0.0567730266983674,0.1674916578769788,0.058624563589494,-0.1249258233469591,1.0453285483617378,-0.4992872322551422,1.619494092939306,-0.7167128628126912,5.905041115128372,-2.4531531151363923e-14,-5.898066550863597,-4.077121209162569e-16
15.58,4.50770227,9.07411813,0.0786742463111224,0.1583732380834108,0.0696760598229776,-0.1295706188509046,1.1051496233485771,-0.4644795503946414,1.635034891346821,-0.6314015702261737,6.4605412214522575,-9.437972665730468e-16,-6.447264717051254,-1.3872253723685226e-17
15.59,5.72450545,8.53577604,0.0999114681508596,0.1489773961108432,0.0811632436759985,-0.1338867160070228,1.1487183853019092,-0.4316097156117462,1.6508112275845972,-0.5455483081087448,6.494405084446783,-3.672625871811685e-17,-6.47370197062732,-4.562843834530182e-19
15.6,6.83490112,7.9439399,0.119291528592248,0.1386479068355491,0.0928421092470599,-0.1379439287844262,1.1678865571059605,-0.4057212777402845,1.6675199893190664,-0.4730079718463216,6.497632314519618,-2.58222407825142e-18,-6.467371124530326,-2.776807192435715e-20
15.610000000000001,8.02439871,7.45270131,0.1400521779822856,0.1300741760271946,0.1047334231135739,-0.1416028732414023,1.189131386651635,-0.3658944456976821,1.6838793864399146,-0.3633683340543817,6.499072187190524,-3.133310916917632e-20,-6.457709559627134,-3.1283758709808122e-22
15.620000000000001,9.02504409,6.87032504,0.1575167345081554,0.1199097926302111,0.1164975818590255,-0.1449924775732997,1.1764158745449762,-0.3389604331896831,1.7025806594080444,-0.2850168522878857,6.498490562585895,-1.3955884461247128e-21,-6.442338840428974,-1.3284961448018455e-23
15.63,10.0029456,6.32818552,0.1745843356178797,0.1104476730010294,0.1280430498455212,-0.1480582997629912,1.1545467986497937,-0.306582218969209,1.722176244223801,-0.191452860464106,6.496374499453454,-2.6079719435188326e-23,-6.422335201178959,-1.0417348779405189e-25
15.64,10.91616705,5.80646577,0.1905230567202164,0.1013419455908477,0.1392304903185139,-0.1507782626775949,1.1187440472990944,-0.2719962914603293,1.7434582931093232,-0.0918161053884143,6.483840756023228,-2.8208438746287183e-25,-6.387752407672044,-3.055402312308676e-28
15.65,11.79015927,5.34156526,0.2057770985960311,0.0932279009971469,0.1499671087828058,-0.1530854439552577,1.073661846429408,-0.2307181277663315,1.7663648051650758,0.0253725322481241,6.387241267345563,-8.471972892984665e-28,-6.265874766851823,1.485688252060972e-29
15.66,12.54817945,4.84611247,0.2190070465335911,0.0845806185234549,0.1600673719698963,-0.155036727211867,1.0100263187088956,-0.1951283256608927,1.7928096421307496,0.1235777912138676,4.899659667290663,-4.387378500123318e-30,-4.779772212674563,5.500353523775849e-31
15.67,13.26073423,4.40835274,0.231443473545415,0.0769402699023135,0.1694575598785193,-0.1565691427998563,0.9390187908621536,-0.1532415587989065,1.8220355538869977,0.2344000660324564,0.5686203764655835,-6.970062769817939e-33,-0.550820305270622,1.610798855098752e-33
15.68,13.92041349,4.01785317,0.2429570486395347,0.0701247666781914,0.1780637628118189,-0.1576408096940635,0.8606202933301296,-0.1071666894207475,1.8549088904526367,0.3489260795024025,0.010184118049349,-6.624290128188861e-36,-0.0097769400338543,2.2583951905070547e-36
15.69,14.53092154,3.66276608,0.2536124242219649,0.063927327826366,0.1858271609803153,-0.158231458432114,0.7763398168495175,-0.0590648738050416,1.8922204268160536,0.4589940881874134,8.325350013339664e-05,-1.5627144954603314e-38,-7.900010920718084e-05,6.929383187918283e-39
15.700000000000001,15.10872047,3.3426133,0.2636969179649651,0.0583396077059529,0.1927202385263144,-0.1583257657548912,0.6893077546000503,-0.00943073227772,1.9343865588190712,0.5619268123420652,3.554113230045244e-07,-6.744462070068343e-40,-3.322254704208279e-07,3.5956332335258436e-40
15.71,15.66130551,3.06325276,0.2733413463102297,0.0534638464828036,0.1987326028790314,-0.1579046373795528,0.6012364352716046,0.0421128375338381,1.9821438886203824,0.6576606938871326,7.779978506416672e-10,-3.0108536225200417e-39,-7.132111299765597e-10,1.8403198765541536e-39
15.72,16.19285422,2.82136371,0.2826186214344582,0.0492420861357824,0.2038653192072232,-0.1569578361681389,0.5132716328192838,0.0946801211414044,2.0364595277416355,0.744445832174601,8.331514027533364e-13,-9.363185378915436e-37,-7.445542666442455e-13,6.3428241417333465e-37
15.73,16.70953063,2.6077805,0.2916363259563423,0.0455143558943039,0.2081326832161108,-0.1554911546345502,0.4267364008886913,0.1466681533588497,2.0982126839566937,0.8207421130506866,4.3438733935366815e-16,-2.033366647828311e-33,-3.7540516612251717e-16,1.4874877367689518e-33
15.74,17.213789,2.41812693,0.3004372947935821,0.0422042766596424,0.2115561847570899,-0.15351878743924,0.3423501540979799,0.1972367195310552,2.1685369397544685,0.8871529100915295,1.1170790738910862e-19,-5.067110562323824e-30,-9.234423399834016e-20,3.9281822783698444e-30
15.75,17.70734686,2.24668874,0.3090515044996794,0.0392121157804828,0.2141628553880713,-0.1510643952890783,0.260667063098092,0.2454392150161388,2.2486097447129567,0.944482124346961,1.6508764071622266e-23,-6.278037635785328e-27,-1.2858790995964513e-23,5.086544189347338e-27
15.76,18.19020122,2.08286925,0.3174789028892893,0.0363529263010449,0.2159823983445253,-0.1481667507262208,0.1819542956453722,0.2897644562856979,2.339695734001772,0.9931556485364742,2.2749145471760825e-27,-2.7355037685500572e-24,-1.634639476971769e-27,2.2918629647567893e-24
15.77,18.66062742,1.91940966,0.3256893889669348,0.0335000182615849,0.2170445213030222,-0.1448739199663069,0.1062122958497158,0.3292830759914561,2.443102446722973,1.034226906084236,9.359641416049302e-31,-4.098223346313733e-22,-6.017779197394757e-31,3.5227036551304853e-22
15.780000000000001,19.1157814,1.75052277,0.3336333245214912,0.0305523859676314,0.2173772767807149,-0.1412403186825393,0.0332755477692601,0.3633601283767066,2.5599486160426026,1.0687767403093416,8.415940630503951e-33,-2.2778873798482404e-20,-4.6256406685921386e-33,1.9971022620302603e-20
15.790000000000001,19.55242979,1.569422,0.3412542766005235,0.0273915812532344,0.2170065132031952,-0.137327244288269,-0.0370763577519796,0.3913074394271105,2.6906812461457,1.0975804184985376,8.891008478096649e-33,-5.010486684790664e-19,-3.877551131743672e-33,4.460541396486896e-19
15.8,19.96631564,1.37583201,0.3484779474104388,0.0240127985288315,0.215954535427897,-0.1331933268263474,-0.1051977775298031,0.4133917461920953,2.896541303902666,1.1217775072109597,6.964031332840823e-31,-5.0508742370430826e-18,-1.6799593749320255e-31,4.550906802270594e-18
15.81,20.35301272,1.16949943,0.3552270846642867,0.0204116156536969,0.2142400278866271,-0.1288943625741274,-0.1714507541270179,0.4298964252220783,3.0685863347497637,1.1421978985270735,5.394414585004624e-28,-2.604540547796516e-17,-3.6807871973741925e-29,2.369329973990982e-17
15.82,20.7202229,0.96047221,0.3616361113521277,0.0167634024384064,0.2118944019066905,-0.1244694902993325,-0.2345625979936227,0.4424872274794283,-3.042990652581917,1.16022117113005,6.3694073336206e-25,-8.605252789431383e-17,1.1356248214474475e-28,7.89131718747038e-17
15.83,21.0427461,0.72797319,0.3672652031061959,0.0127055290317462,0.2089167741232444,-0.119983273176404,-0.2977627783446772,0.4486217122929394,-2.8716031647244766,1.1747041616994895,7.122608295772143e-22,-1.435568166982153e-16,6.5071351108592224e-24,1.3246252173243442e-16
15.84,21.32950151,0.49684508,0.3722700291586022,0.0086715825183346,0.2053219453889688,-0.1154626418547399,-0.3594828734274989,0.4520631321663319,-2.7120465381734515,1.1878461820927415,4.594475666827636e-19,-1.8155568821894051e-16,4.654448888426586e-21,1.6843055770113422e-16
15.85,21.57688033,0.26735705,0.3765876040673006,0.0046662608009191,0.2011224175522337,-0.1109323245657384,-0.4199527836734422,0.4530317289000801,-2.5682292197471392,1.1998189764983584,1.6403046064797702e-16,-1.7847505506130822e-16,2.1592444754691887e-18,1.6635881165953134e-16
15.860000000000001,21.77172941,0.03743396,0.3799883620577824,0.0006533458540598,0.196315779017167,-0.1064179905784057,-0.4806638535067644,0.4514333987333595,-2.438993048078177,1.2106083957201177,3.8019765482584e-14,-1.348269582552115e-16,6.209587308365207e-16,1.2619358999543095e-16
15.870000000000001,21.93810491,-0.16694489,0.3828921623274343,-0.0029137379998797,0.190935475982777,-0.1019086803269562,-0.5380303034389152,0.4509310251448867,-2.330247926021513,1.2220341180613048,4.3764350646891976e-12,-1.146183792167556e-16,8.014103057850833e-14,1.0773322258690776e-16
15.88,22.06066298,-0.3525072,0.3850312041738239,-0.0061524112769861,0.1849953498574865,-0.0974032107243959,-0.5940126125291755,0.4505469602561104,-2.236103503284904,1.233615862981034,3.2193689734201405e-10,-9.905175743243037e-17,6.34392235230374e-12,9.34871107830218e-17
15.89,22.14200612,-0.5142663,0.3864509097907347,-0.0089756401670489,0.1785149874946486,-0.0928938443648542,-0.6480362362836848,0.4509366359540998,-2.1549937619064945,1.2456552332822068,1.5382082492400533e-08,-9.331102378357758e-17,3.1933615229470476e-10,8.84337473692817e-17
15.9,22.17954972,-0.64904271,0.3871061692237864,-0.0113279322755667,0.1715122576880082,-0.0883692450503289,-0.70027298066418,0.4524599314526282,-2.0844126519660326,1.2582997405740048,5.114381131516959e-07,-9.962632275738228e-17,1.1046658825768784e-08,9.481330471278942e-17
15.91,22.17920033,-0.76325068,0.3871000712179129,-0.0133212373840856,0.1640146614090557,-0.0838275919759451,-0.7497596278951295,0.4541653074383032,-2.023146497003798,1.2711118141118765,1.1655689137511726e-05,-1.0897783610429291e-16,2.596217373195227e-07,1.0413316618533574e-16
15.92,22.14322186,-0.84662297,0.3864721284565828,-0.0147763583495131,0.1560535821261284,-0.0792536653736193,-0.7961079282926086,0.4573926602325077,-1.9695405490683136,1.2846416669132712,0.0001865809074268,-1.4078310164160002e-16,4.25821258721428e-06,1.3507362837716514e-16
15.93,22.07480072,-0.92030716,0.3852779542856148,-0.0160623900716782,0.1476650376676065,-0.0746617695443023,-0.8388544458523554,0.4591895829317902,-1.922255697594659,1.297671676175847,0.0021302629758297,-1.5697207431087131e-16,4.956858119145811e-05,1.5116958936477454e-16
15.94,21.98259866,-0.98673779,0.3836687247614935,-0.0172218232893523,0.1388964134459205,-0.0700684900077281,-0.8768624221684662,0.4593279536573503,-1.8804842152494028,1.31014421424677,0.0168817753350329,-1.4750785333327227e-16,0.0003989224650918,1.425394898017323e-16
15.950000000000001,21.87290652,-1.05682527,0.3817542357549349,-0.018445080579778,0.1298021558664552,-0.0655036986775713,-0.9094257579467112,0.4564791330157683,-1.843288337959778,1.3215961205525804,0.0920539696381622,-1.012183874562843e-16,0.0022022406363084,9.810084706623982e-17
15.96,21.76719832,-1.12614451,0.3799092796185782,-0.0196549295527582,0.1204631416956067,-0.0609889585302099,-0.9339014170846964,0.4514740147360733,-1.810541200937401,1.332357699567425,0.3063104023428694,-5.5068106346823077e-17,0.0073993782154044,5.351475094316178e-17
15.97,21.68002639,-1.21109988,0.3783878424247602,-0.0211376804765082,0.1109749529747951,-0.0565657401501008,-0.9488188720813528,0.4423218380109969,-1.7816151852643871,1.341740104279619,0.5992323293372732,-1.887817228284012e-17,0.0145862051609153,1.838658978590127e-17
15.98,21.58867514,-1.31350521,0.3767934623364478,-0.0229249906565995,0.1013965387626433,-0.0522742439081255,-0.957841421215032,0.4291496241974608,-1.7546288347458605,1.3497635274838384,0.8642263674692634,-4.011085064111043e-18,0.0211694930562031,3.913801734936571e-18
15.99,21.50159798,-1.4578555,0.3752736791911619,-0.0254443784933081,0.0917941940229402,-0.0481834212890427,-0.9602344739704984,0.4090822619083662,-1.7292955595279873,1.3553489443009334,0.9208744402623488,-3.5730241805465864e-19,0.0226741160790333,3.4906755774624044e-19
16.0,21.42385396,-1.6279964,0.3739167900684255,-0.0284138973906146,0.082236084086157,-0.0443343067059011,-0.955810993678168,0.3849114583141003,-1.7052159840576326,1.3592183796301671,0.7248384968280321,-1.6751281725740154e-20,0.0179230416697194,1.6378909492083442e-20
16.01,21.37226363,-1.82275073,0.3730163689477351,-0.0318130016816301,0.0728073609212395,-0.0407618255891843,-0.9428723164916092,0.3572481116716177,-1.6822871825599193,1.361327110303871,0.3752167183300409,-3.9980381147994363e-22,0.0093096313351143,3.910921101340712e-22
16.02,21.33182387,-2.04059802,0.3723105619870188,-0.0356151541586771,0.0635659792962833,-0.0374945975241092,-0.9241381624958028,0.32672280650758,-1.6596373750798894,1.36157836479368,0.1385632899376926,-4.612555269657866e-24,0.0034474260541514,4.512288189145662e-24
16.03,21.27948855,-2.29485016,0.371397138337934,-0.0400526911319186,0.0545337316770318,-0.0345749634615412,-0.9032247619250044,0.2919634062567568,-1.6364863722930691,1.3589731099173024,0.0435803178995201,-1.7003505633822404e-26,0.0010866359428542,1.6624652523479692e-26
16.04,21.20170559,-2.58590476,0.3700395695839869,-0.0451325522049937,0.0457115354104432,-0.0320405156876811,-0.8822196266590393,0.2534447773860593,-1.6124686298428426,1.3529069754926444,0.0131818798376602,-1.5108852413228086e-29,0.0003291967022612,1.4752722135870234e-29
16.05,21.08833461,-2.90424691,0.3680608727067743,-0.0506886708703714,0.0370855744522199,-0.0299110641357018,-0.862596095822196,0.212945155197897,-1.5874405089660495,1.3431564197366843,0.0041981442613969,-2.7443025410405574e-33,0.0001049357896213,2.673719408925579e-33
16.06,20.9272251,-3.24980749,0.3652489813009996,-0.0567198407564726,0.0286258414207386,-0.0282024308684463,-0.8459733031482956,0.170863326725586,-1.5614316242876964,1.328696943757266,0.0015597914273665,-5.460087031081572e-38,3.8992689794860814e-05,5.301323677207463e-38
16.07,20.67517965,-3.65066997,0.3608499583338288,-0.0637162108801826,0.0202462475440267,-0.0269640573294649,-0.8379593876710557,0.1238373538981114,-1.5348137640919968,1.3052551580273686,0.0009557282096402,-9.086806279127642e-45,2.387426319595948e-05,8.769213063194345e-45
16.080000000000002,20.34829183,-4.04845755,0.3551446895901622,-0.0706589138747229,0.011888338706166,-0.0261612913361313,-0.8357908837862374,0.0802765993333829,-1.5082204130552956,1.275776534030482,0.0008316407499288,-1.3748053599483626e-53,2.074127030243232e-05,1.315563692286247e-53
16.09,19.96726196,-4.44421682,0.3484944638102162,-0.0775662161815121,0.0035256571968157,-0.0257609611201604,-0.8362681509349016,0.0400330215970766,-1.4818880849606535,1.2388558951434612,0.0008517796803052,-4.962543140287137e-66,2.119194863918273e-05,4.6922809704559833e-66
16.1,19.51048308,-4.8465098,0.3405221684006442,-0.0845875532401718,-0.0048948312697235,-0.0257414365694406,-0.8420488466538022,0.0019524550719865,-1.4564785328506322,1.191288810629694,0.0012024420368379,-2.5517380712477212e-79,2.9822670534276504e-05,2.3705333450041655e-79
16.11,18.98179063,-5.20307503,0.3312947444177087,-0.0908107905018027,-0.0134165365022447,-0.0260111294422444,-0.8521705232522874,-0.0269692872803874,-1.432269477177462,1.143267188591086,0.0021967612063756,-3.1367688869009668e-71,5.428251960576337e-05,2.854886469330824e-71
16.12,18.39495457,-5.53346559,0.3210525230012777,-0.0965771935913106,-0.0220605067028372,-0.0265097267090849,-0.864397020059117,-0.049859726684043,-1.4090941660599672,1.0945102383127958,0.0045221361767336,-2.531933142704638e-62,0.0001112773932078,2.250475009769363e-62
16.13,17.76386617,-5.81139779,0.3100379525501348,-0.101428025578622,-0.0308268524328742,-0.027145321858092,-0.8766345730038655,-0.063559514900721,-1.3865688690467526,1.0577629192858402,0.0092606520089622,-6.181132308402461e-58,0.0002268229502214,5.3860881948610216e-58
16.14,17.09693038,-6.02762769,0.2983977271152452,-0.10520194927488,-0.0397036415314439,-0.0278199949652938,-0.8876789098568396,-0.0674673107201666,-1.364362598190979,1.042161365365354,0.0176290106074569,-9.386735492499044e-57,0.0004295791767535,8.106411015480033e-57
16.15,16.42636658,-6.14253091,0.2866941809605605,-0.1072073887850234,-0.0486362290391503,-0.0283905570147852,-0.8932587507708187,-0.057056204949151,-1.3411683115593145,1.062486345932482,0.0246754774172654,-1.0712702173432584e-59,0.0005977258682628,9.359547542770276e-60
16.16,15.75338203,-6.1673773,0.2749483847480081,-0.107641040097758,-0.0575720755532185,-0.0287403722835999,-0.893584651406675,-0.0349815268814672,-1.3167518243615202,1.1067121800151951,0.0258786402538883,-4.029552446509468e-67,0.0006225798292978,3.603905075068911e-67
16.17,15.09294205,-6.08234873,0.2634215325852026,-0.1061570115929955,-0.0664426077808269,-0.0287367869500098,-0.8870532227606976,0.0003585333590099,-1.2902134429166194,1.1673705526016915,0.0186163937437815,-5.4514711022342095e-77,0.0004442262574104,5.0146161989791935e-77
16.18,14.47024617,-5.87225755,0.2525534392405991,-0.1024902287725955,-0.0751512502252184,-0.0282392812149084,-0.8708642444393245,0.0497505735101508,-1.2598850958162204,1.233660684980358,0.0077708801060973,-4.843494029464362e-62,0.0001835500927365,4.5714622427340815e-62
16.19,13.84276113,-5.56028376,0.2416017592855908,-0.0970452589571701,-0.0836661449151759,-0.0271517576682887,-0.8514894689956227,0.1087523546619534,-1.227675548544059,1.2933137985723628,0.002666990580935,-1.955979919280725e-47,6.225696753216622e-05,1.8813640552414106e-47
16.2,13.25874025,-5.11458496,0.2314086720291961,-0.0892663474249824,-0.0918947571713472,-0.0253467810597248,-0.8228612256172857,0.1804976608564183,-1.1900315142296989,1.34712738241862,0.0005173468744945,-7.055268506321426e-37,1.1897131477603717e-05,6.88006125896992e-37
16.21,12.6963302,-4.55629912,0.2215927649103901,-0.0795224213497202,-0.0997822073740391,-0.0227389337988423,-0.7887450202690759,0.2607847260882164,-1.1475468980201784,1.3923158318555895,6.794030869053845e-05,-5.11982971751668e-29,1.5338882168331828e-06,5.0387672474962803e-29
16.22,12.15470426,-3.87849544,0.2121396089431809,-0.0676925154515861,-0.1072807817882552,-0.0192449138257719,-0.7498574414217591,0.3494019973071028,-1.0993665098668244,1.430509205810438,6.051158609194614e-06,-1.0281850446277284e-22,1.335452775005929e-07,1.0181189783676553e-22
16.23,11.61327911,-3.10965668,0.2026899574225767,-0.0542737476726357,-0.1143759073209675,-0.0148307756224972,-0.7095125532711134,0.4414138203274049,-1.046631729856091,1.4622522066756198,4.359728047858389e-07,-1.1680436971378886e-17,9.36383371759545e-09,1.1611941197992529e-17
16.240000000000002,11.07377853,-2.2420707,0.1932738959851576,-0.039131515777494,-0.1210540756636189,-0.0094604187249598,-0.6678168342652748,0.5370356897538481,-0.9886392752995372,1.4894651810829656,2.4934421351248584e-08,-2.0722376208540672e-13,5.182737312236889e-10,2.065412639326509e-13
16.25,10.51493268,-1.30678636,0.1835201958915513,-0.0228077246021519,-0.1273333749624054,-0.0031473014482188,-0.627929929878553,0.6313117276739986,-0.9279478132404232,1.5128977412908695,1.399591190355879e-09,-6.689228864351733e-10,2.8003971971797108e-11,6.678061299387331e-10
16.26,9.93676553,-0.30668053,0.1734292754971793,-0.0053525850002612,-0.1332326910483532,0.004086720623775,-0.5899316085946897,0.7234022071992796,-0.8650385209567157,1.533652261116324,7.818490590872824e-11,-6.056912442807106e-07,1.4959599125469788e-12,6.052750116555836e-07
16.27,9.3348651,0.74588533,0.1629241312245097,0.0130181548508244,-0.138777423432607,0.0121995971460416,-0.554473238425484,0.811287652226821,-0.8013596588916628,1.5524275058895565,4.641231774094773e-12,-0.0001879744847265,8.423703230500868e-14,0.0001879428911505
16.28,8.69543103,1.81689705,0.1517639013535818,0.031710835692272,-0.1440112990283529,0.0211021955955445,-0.5233875595745106,0.890259844950151,-0.7406107876472008,1.5697160858195474,3.5192583034703983e-13,-0.0196578357984279,6.0120806622094136e-15,0.0196578243716328
16.29,8.02540247,2.89570792,0.1400696968991854,0.0505396373800765,-0.1489671826076776,0.0306933343780886,-0.4955883579325679,0.9591138782546034,-0.682647071782394,1.5860312565879835,3.222098657601385e-14,-0.7337014223875379,5.125448587794219e-16,0.7336165940865983
16.3,7.33557259,3.97692161,0.128029894214548,0.0694103761882138,-0.1536625977622866,0.0408682310966794,-0.4695415154608239,1.0174896718589148,-0.6259787418173041,1.6017580399587026,3.1716245769956986e-15,-4.6308066052566605,4.6179389354979516e-17,4.628595419476714
16.31,6.6195461,5.03666566,0.1155328744325498,0.0879063990891332,-0.1581236067248091,0.0514949256636531,-0.4461008962523465,1.0626694566975865,-0.5728001161646841,1.6172374700034151,3.7115399704657024e-16,-6.219223327688278,4.880129915665387e-18,6.212542588799936
16.32,5.9027408,6.07667756,0.1030222618518041,0.1060580310040552,-0.1623417886452194,0.0624510033466458,-0.4218181920409631,1.0956077682990937,-0.5173382917995323,1.6327148535650349,3.705517767485248e-17,-6.438228052983504,4.339830273509006e-19,6.42593557061657
16.330000000000002,5.17690288,7.04912549,0.0903540003119769,0.1230304491867586,-0.166321602031011,0.073557979051149,-0.3979813385792355,1.1106975704505442,-0.4621113623750121,1.6486539814801195,3.5790944904650714e-18,-6.469551430901776,3.7802645438466703e-20,6.450024156344075
16.34,4.47583094,8.0201077,0.0781179866656327,0.1399772857295496,-0.1700235813444901,0.0847373566782571,-0.3701979313478519,1.1179377627106373,-0.3983474061097742,1.664846929712911,2.0541914888668504e-19,-6.478698709987935,2.0457739173060985e-21,6.450169367824789
16.35,3.79587518,8.91735538,0.0662505198857324,0.1556372119514301,-0.1734176064415412,0.0958203960901531,-0.3394025097050553,1.108303941189427,-0.3274314302632302,1.6820420990522789,7.364480168406181e-21,-6.468594082780885,7.352856983768268e-23,6.428751172582347
16.36,3.14635799,9.73533783,0.0549143063719308,0.16991369892746,-0.1764651593406215,0.1066442571426654,-0.3047552899080897,1.0823861052514443,-0.2472358107362492,1.700592394366057,1.4119961470869534e-22,-6.403960931082844,1.164929921462632e-24,6.350281175993194
16.37,2.55158245,10.52553263,0.0445335148886035,0.1837051999195981,-0.1791003217835343,0.1171279297604037,-0.2635162442912457,1.0483672617736652,-0.1513630452766556,1.7201879862805294,9.472431634314193e-25,-6.0797322005573085,-4.4485788758027866e-29,6.012246769997272
16.38,2.00236675,11.24643275,0.0349478926199581,0.1962872805916203,-0.1812766731451442,0.1271434720943328,-0.2176351361610279,1.0015542333931031,-0.0444410332624166,1.741695476878317,2.6353018602451267e-27,-4.0112506244553305,2.100932730970111e-29,3.9530103967350896
16.39,1.51224905,11.91942963,0.0263937250326563,0.2080332920032694,-0.1829359453975733,0.1366035375077321,-0.1659272252428835,0.9460065413397852,0.0748308333585324,1.765187118443315,2.7905974689476395e-30,-0.6145408280232798,-1.964198619497622e-31,0.6030035345582956
16.4,1.07940724,12.53950844,0.0188392103078646,0.2188557088596178,-0.1840296479607925,0.1454238723993527,-0.1093702563219413,0.8820334891622379,0.2014267618275025,1.791234679785227,2.1946589442394305e-33,-0.0238106592559221,-4.39072646035623e-34,0.0232362560075376
16.41,0.70110738,13.10882173,0.012236632191031,0.2287921002454791,-0.1845198240805894,0.153533059303449,-0.0490176119796882,0.810918690409502,0.3292817085602777,1.820407865404176,7.16866985775287e-36,-0.0004406934575724,-2.309062761296777e-36,0.0004270753903568
16.42,0.37124197,13.62874088,0.00647939469809,0.2378664012571494,-0.1843829536727625,0.1608709310090411,0.01368704078269,0.7337871705590961,0.4518972830494603,1.8534595839863792,1.4408380119643768e-36,-3.991243071985672e-06,-6.296647043186153e-37,3.833281151991914e-06
16.43,0.084813,14.09536628,0.0014802660984939,0.2460105508605849,-0.1836075291269127,0.1673811006270996,0.077542454584996,0.6510169618059743,0.5648761819506711,1.8915962428642288,6.157294546049277e-35,-1.5399926042083765e-08,-3.297886412887412e-35,1.4616179575378052e-08
16.44,-0.18078345,14.52649465,-0.0031552664356145,0.2535351604158413,-0.1822165675226315,0.173039709743813,0.1390961604281015,0.5658609116712596,0.6625117129662228,1.9354037817839944,6.719846055248169e-32,-2.6242018709286e-11,-4.1330350006187135e-32,2.452057707188525e-11
16.45,-0.42282366,14.90918384,-0.007379665022333,0.2602143467931315,-0.1802312656208994,0.1778124435420468,0.198530190173244,0.4772733798234708,0.7470430261949068,1.9872727047287209,1.701237578575726e-28,-1.4536560835003773e-14,-1.1557001707862159e-28,1.3296062755254031e-14
16.46,-0.64553727,15.27334456,-0.0112667508058356,0.2665701503635646,-0.1776802456150941,0.1817122146089033,0.2551020005804889,0.3899771066855935,0.8196433385963048,2.0473659788892005,2.7711277334674284e-25,-3.148909705921461e-18,-2.025109680534628e-25,2.7984565884882363e-18
16.47,-0.85502742,15.61736092,-0.0149230436738324,0.2725743685262907,-0.1746013171540047,0.1847538067774007,0.3078928461090065,0.3041592168497997,0.8815311090137423,2.117864486827761,1.8208371193196465e-22,-2.386540091092136e-22,-1.4050705169624002e-22,2.0384553738141432e-22
16.48,-1.06263127,15.9430174,-0.0185464143961488,0.2782581463327458,-0.1710475085960399,0.1869581496730905,0.3553808557964221,0.2204342895689453,0.9334295911151964,2.2011328272883945,4.072483940384491e-20,-7.258991756177908e-27,-3.272942864135156e-20,5.864131414790603e-27
16.490000000000002,-1.25739473,16.26076697,-0.0219456780357251,0.283803922526042,-0.1670560441423942,0.188363202002478,0.3991464453646471,0.1405052329387731,0.9786159931931094,2.2983451485380426,4.1883650121520834e-18,-2.321659402372922e-31,-3.475420899843757e-18,1.733617005796231e-31
16.5,-1.4452403,16.57383578,-0.0252242017175106,0.2892680040458425,-0.162671720462895,0.1890128851081774,0.4384323679498517,0.0649683105699304,1.0177576789319216,2.4107860688248604,2.0341815770164998e-16,-7.078646458534131e-35,-1.731131507840519e-16,4.7238063388636207e-35
16.51,-1.62922484,16.88407441,-0.0284353377132778,0.294682689606219,-0.1579422765973664,0.1889545616641225,0.4729443865527853,-0.0058323444054866,1.0517392206235143,2.5387434778463724,5.028159450366414e-15,-4.376446811310484e-36,-4.3664525540687806e-15,2.482044407021904e-36
16.52,-1.80217382,17.19634842,-0.0314538668522436,0.3001328992491247,-0.1529043284249816,0.1882424937677959,0.5037948172385818,-0.0712067896326776,1.0821140165118928,2.679497682684003,7.626253727032603e-14,-1.001847728432991e-34,-6.734594356549565e-14,4.4703440388268233e-35
16.53,-1.96740083,17.50976086,-0.0343376221899692,0.3056029782438338,-0.1475979171484997,0.1869293888864865,0.5306411276481074,-0.1313104881309135,1.1092368114441142,-2.754495466422198,7.278730179054459e-13,-5.64370135424539e-32,-6.518076986590843e-13,-5.6169464879954645e-34
16.54,-2.12063645,17.82694627,-0.0370120882903041,0.311138907987622,-0.1420559625007137,0.185070889814548,0.5541954647787165,-0.1858499071938866,1.1339548100910206,-2.6749857413929954,4.863830797437752e-12,-5.63988918498865e-29,-4.407771853500411e-12,-6.000014889399305e-31
16.55,-2.25658674,18.14350446,-0.0393848684698452,0.3166638906772758,-0.1363032573943776,0.1827157308395494,0.5752705106335121,-0.2355158974998293,1.1569891820623022,-2.604589899469206,2.5092891163593654e-11,-3.3860113681131176e-26,-2.2978567839317857e-11,-4.131831511719469e-28
16.56,-2.3906061,18.46196044,-0.0417239475632608,0.322221996050941,-0.1303843295183999,0.1799151456565117,0.5918927875978959,-0.2800585183038275,1.1776180037604007,-2.542615107143719,8.700305948900449e-11,-8.445516365377845e-24,-8.037677081446083e-11,-1.1698569419182058e-25
16.57,-2.50631701,18.77362083,-0.0437434839232396,0.3276614960044906,-0.1243195976512576,0.1767075477851209,0.6064731867141261,-0.320759787139027,1.1971913673348078,-2.4866054487383646,2.51417145364167e-10,-9.991635816791444e-22,-2.341088683821001e-10,-1.5264114560459732e-23
16.580000000000002,-2.60865454,19.07154092,-0.0455296107700981,0.3328611824828285,-0.1181353535542942,0.1731215992879866,0.6184244096964645,-0.3585948497135052,1.2155703181904294,-2.434826180679509,5.839606318137016e-10,-6.574262272045608e-20,-5.47581665020428e-10,-1.0793948405702498e-21
16.59,-2.69859709,19.36673855,-0.0470994044052377,0.3380133530704124,-0.1118579157644704,0.169200548618693,0.6277437789822805,-0.3921050669292989,1.2328716135125837,-2.3882908436230896,1.1000573124548171e-09,-2.1729935208480145e-18,-1.037986127390929e-09,-3.763316468113015e-20
16.6,-2.78514968,19.63125134,-0.0486100320768664,0.3426299721695487,-0.1055241184567818,0.1649493197621859,0.6333797307687692,-0.4251228856506363,1.2487917993999609,-2.342697698488865,1.5609330076608435e-09,-5.770941294415679e-17,-1.480899387980641e-09,-1.0450690027181657e-18
16.61,-2.85428213,19.8805282,-0.0498166209493368,0.3469806741255817,-0.0991497510078905,0.1603948150923614,0.6374367448892532,-0.4554504669825477,1.2642117826910833,-2.2999812328270504,1.969357643177492e-09,-1.0100437209282154e-15,-1.8777583422465315e-09,-1.8973562954539505e-17
16.62,-2.90368791,20.11145593,-0.0506789144798527,0.3510111233482382,-0.092746615174642,0.1555595447889114,0.6403135833247529,-0.4835270303449178,1.2793094586913734,-2.2594414185554497,2.2802509843772277e-09,-1.2684884993159495e-14,-2.1843178082416234e-09,-2.4583182561382333e-16
16.63,-2.96886812,20.29942224,-0.0518165237514941,0.3542917543405625,-0.0863728873092669,0.1504334009256569,0.6373727865376327,-0.5126143863255543,1.292548640836288,-2.218211067637445,1.6988905571045191e-09,-1.582719621578334e-13,-1.6337260911985901e-09,-3.1571755050758188e-15
16.64,-3.00482201,20.47110211,-0.0524440375108939,0.3572881333314584,-0.0800225194116027,0.1450440250101213,0.6350367897663182,-0.5389375915534751,1.3061137388127064,-2.1792825918464325,1.3301744697664346e-09,-1.4095102777067564e-12,-1.2839821631385235e-09,-2.8832313737519504e-14
16.65,-3.04928117,20.60372606,-0.0532199962355649,0.3596028579259587,-0.0737398442348067,0.1393883980466693,0.628267517679726,-0.5655626963453106,1.3184116380529494,-2.140215743405144,7.390794718839048e-10,-1.1945356029801989e-11,-7.157328643402694e-10,-2.501535859233388e-13
16.66,-3.10245819,20.7090776,-0.0541481103209638,0.3614415891710053,-0.0675657417894782,0.1334808831273582,0.617410244532756,-0.5907514919310206,1.3295834244078475,-2.102222832395232,2.9570479533382185e-10,-8.390326951525195e-11,-2.8716915794090037e-10,-1.7950056001623297e-12
16.67,-3.14833794,20.78702378,-0.0549488630184556,0.3628020066513573,-0.0615161549063603,0.1273360685807941,0.6049586883116955,-0.6144814546563138,1.3403836797350204,-2.0652054469223367,1.0253912158775673e-10,-4.952898538229336e-10,-9.983743258574906e-11,-1.0805323576643422e-11
16.68,-3.21284144,20.85693084,-0.0560746614725158,0.3640221150187466,-0.0556394740984287,0.12099445004495,0.5876680807932761,-0.6341618535845346,1.3498516839587418,-2.0305305028580305,2.324931996671379e-11,-2.047056876057247e-09,-2.2685887971490547e-11,-4.5435547941527774e-11
16.69,-3.28218253,20.91243449,-0.0572848917999375,0.3649908364581212,-0.049961160623188,0.1144862101297212,0.5678313475239831,-0.6508239915227749,1.3586077218597452,-1.9973418906367149,4.051449189793419e-12,-6.561000114064428e-09,-3.960868622495971e-12,-1.4790669376694228e-10
16.7,-3.3625424,20.95139733,-0.0586874361179121,0.3656708663020489,-0.0445118025769011,0.1078374170709862,0.5449358046288019,-0.6648793058736368,1.3664552342560978,-1.9652460077644307,5.0394237773545e-13,-1.7059837533888357e-08,-4.934910163145771e-13,-3.9006274542085256e-10
16.71,-3.45862378,21.01192664,-0.060364372548772,0.3667273020555092,-0.0393245846036121,0.10112338371007,0.5187217973288097,-0.6714033360915145,1.3732347989845073,-1.936374400163988,4.186580873496922e-14,-2.5446837419371373e-08,-4.1054047897176206e-14,-5.888240612090411e-10
16.72,-3.57730244,21.07602156,-0.0624357059176269,0.3678459694433116,-0.034437772006532,0.0943903237740549,0.4886812597081146,-0.673305993601648,1.378663003528391,-1.9090944668738372,2.079616717629343e-15,-2.7217482941087945e-08,-2.0414735150666325e-15,-6.365133848077787e-10
16.73,-3.71962592,21.14917242,-0.0649197192465231,0.369122692800977,-0.0298863768153622,0.0876883419539987,0.4551395191169073,-0.6701981820055152,1.3826240296298578,-1.883400061134983,5.845944423372064e-17,-2.029407744495252e-08,-5.743085849844491e-17,-4.790660379629382e-10
16.740000000000002,-3.89312214,21.25046779,-0.0679477995252876,0.3708906305245029,-0.0257107802998085,0.0810888144586446,0.4175596515554514,-0.6599527495355371,1.3846507230448415,-1.8599852182945305,7.76114621065768e-19,-8.93811956799399e-09,-7.627508502805162e-19,-2.1268615503930142e-10
16.75,-4.0787442,21.32907529,-0.0711875156366221,0.3722625902162643,-0.0219208950127551,0.0745899665909439,0.3789885287052795,-0.6498847867699648,1.3853281450749553,-1.835970717931118,6.032253210743196e-21,-3.952056867922177e-09,-5.92913778112418e-21,-9.476062397402891e-11
16.76,-4.29153016,21.45376883,-0.074901331240639,0.3744389030452316,-0.0185435591118094,0.0682804708453636,0.3377335900945143,-0.6309495745579401,1.3836959409396603,-1.814573720902407,1.8806507535986105e-23,-8.690816170288404e-10,-1.8479359563699672e-23,-2.0970147583674477e-11
16.77,-4.54613219,21.51836841,-0.0793449749464004,0.3755663784116371,-0.0156205715594262,0.0621009287212097,0.2922987552383859,-0.6179542124155052,1.3784162428337057,-1.790670640254645,1.3652895918173066e-26,-2.9500409424741366e-10,-1.3401839939890804e-26,-7.164396591458087e-12
16.78,-4.79984163,21.58680206,-0.0837730400177914,0.3767607709232945,-0.0131313811830502,0.0560801825092578,0.2489190376375543,-0.6020746211950939,1.3710772849270334,-1.76714578469623,4.425807217600656e-30,-7.74856552549383e-11,-4.338113373996648e-30,-1.8926863160299735e-12
16.79,-5.07834118,21.66142117,-0.088633774130614,0.3780631200777024,-0.0110884767680563,0.050247105687671,0.2042904414994365,-0.5833076821588042,1.3594190512791156,-1.7439304325407192,2.2764366548748693e-34,-1.5419368053201992e-11,-2.2259283015754852e-34,-3.785618622594346e-13
16.8,-5.38729036,21.61318683,-0.0940259545429506,0.3772212720321759,-0.009508292200273,0.0444569327927025,0.1580184567782992,-0.5790172894967545,1.3414390841447843,-1.7163825493328433,6.131180969511577e-40,-1.0263794938960222e-11,-5.9711083351120716e-40,-2.533151056540192e-13
16.81,-5.70346814,21.54029295,-0.0995442978255969,0.3759490338216223,-0.0083726001111637,0.0387053633000213,0.1135692089109545,-0.5751569492682406,1.3170309378293128,-1.6883846090796366,4.313138097381672e-47,-7.100520941429175e-12,-4.1754034441689797e-47,-1.7602453490588717e-13
16.82,-6.01920719,21.40651071,-0.1050549838252159,0.373614093252929,-0.0076518411611079,0.0329404319749267,0.0720758950055735,-0.5764931325093655,1.2850904998472328,-1.6591477027178705,6.669625056174803e-57,-7.726997223970139e-12,-6.399980625906629e-57,-1.9225624571056245e-13
16.830000000000002,-6.33391361,21.19878184,-0.11054764703138,0.3699885405199817,-0.0073155181124939,0.0270970333452028,0.0336323048614046,-0.5843398629725025,1.2435403526187254,-1.6289296749899014,4.4942087095366135e-73,-1.4774449744293116e-11,-4.2562586199979225e-73,-3.685981620084575e-13
16.84,-6.63580353,20.9127792,-0.1158166201139623,0.3649968527825857,-0.0073176514011415,0.0211098321714309,-0.0002133288647599,-0.5987201173770965,1.1925047096689825,-1.5983105405695397,1.0983043124649415e-106,-4.8707383418616405e-11,-1.0208049667888332e-106,-1.217119911324236e-12
16.85,-6.91267837,20.5624724,-0.1206489976878948,0.3588828457304605,-0.0075976859923981,0.0149378131183499,-0.0280034591256543,-0.6172019053080061,1.1350901049430808,-1.5679760939462246,8.803703100314427e-77,-2.19095876309326e-10,-7.982445183832086e-77,-5.477370205671826e-12
16.86,-7.16527892,20.1140865,-0.1250577089777433,0.3510570354559424,-0.0080990645784573,0.0084996767978472,-0.0501378586059351,-0.6438136320504031,1.0742307516371892,-1.53824816035601,1.261477574989741e-64,-1.7898390599657767e-09,-1.109278375951006e-64,-4.471694600973366e-11
16.87,-7.37502191,19.61166756,-0.1287184147362209,0.3422881707285626,-0.0087437192005447,0.0017800551493487,-0.0644654622087259,-0.671962164849736,1.023408718189894,-1.5094517018249294,3.0004901437521362e-59,-1.514365040280177e-08,-2.562359336622964e-59,-3.777205690514208e-10
16.88,-7.53787606,19.05521788,-0.1315607558542576,0.3325762916908937,-0.0094534019664458,-0.0052335115493803,-0.0709682765901229,-0.701356669873054,0.9931120061845304,-1.481613958628534,3.606520559816971e-57,-1.289628004785158e-07,-3.0215331784068035e-57,-3.2084492420703213e-09
16.89,-7.6454071,18.44837602,-0.1334375265503513,0.3219849031949673,-0.010144342702201,-0.0125459221875867,-0.0690940735755124,-0.7312410638205253,0.9921557057775838,-1.454676848857253,1.0387396479496304e-57,-1.04505083862603e-06,-8.697095140030517e-58,-2.5912578810391063e-08
16.9,-7.69383553,17.80651967,-0.1342827621054229,0.3107823965626342,-0.0107343105604473,-0.0201395750725214,-0.0589967858246414,-0.7593652884936202,1.0197848747746765,-1.4283408378104658,5.104355789245732e-61,-6.967617070337182e-06,-4.349349121483034e-61,-1.7205721524351406e-07
16.91,-7.67901636,17.13735073,-0.1340241187965102,0.2991031953075538,-0.0111424959566768,-0.0279862984765736,-0.0408185396229459,-0.784672340405096,1.0688101252759932,-1.402351422284016,1.3680738715235302e-68,-3.640246367506535e-05,-1.1994594470235834e-68,-8.945737920398368e-07
16.92,-7.58355257,16.4593425,-0.1323579613445777,0.2872697193384348,-0.0112723810665776,-0.0360341119987692,-0.0129885109900745,-0.8047813522194315,1.1331170258856145,-1.376190563065647,3.8609368855418505e-88,-0.0001313847325258,-3.4975445307001844e-88,-3.210535608400577e-06
16.93,-7.41583155,15.77725875,-0.1294306773207744,0.2753651121265849,-0.0110475387609322,-0.0442274082558981,0.0224842305645421,-0.8193296257130597,1.198275711039744,-1.3496135568965135,5.685803882591826e-80,-0.0003291659484737,-5.296622710364206e-80,-7.991337219909745e-06
16.94,-7.16535613,15.10133273,-0.1250590565464588,0.2635679775776838,-0.0103856234868823,-0.0525003385930753,0.0661915274049851,-0.8272930337175887,1.260028664366603,-1.3222169700149615,1.309445938395205e-58,-0.0005488861044204,-1.2468788863331106e-58,-1.3225953481789857e-05
16.95,-6.84213369,14.41852443,-0.119417760752129,0.2516507245827387,-0.0092263594201142,-0.0608086455842935,0.1159264066768252,-0.8308306991219838,1.3137072006079002,-1.2943002520580325,1.2319371434368775e-46,-0.0007022612617894,-1.1915643638417716e-46,-1.677928424829054e-05
16.96,-6.41656002,13.75628962,-0.1119900990008332,0.2400925467269196,-0.0074779535942719,-0.0690749088234853,0.1748405825842048,-0.8266263239190516,1.361946805664379,-1.2648177149188655,9.222924503505448e-38,-0.0005673969996724,-9.023141200977588e-38,-1.3425098870696484e-05
16.97,-5.90146501,13.10207417,-0.10299999511574,0.2286743331070032,-0.0050760079675374,-0.0772442339893296,0.2401945626734992,-0.8169325165845941,1.4031011704666054,-1.2341123916712022,7.0132571913111214e-31,-0.0003302469871179,-6.915205005494665e-31,-7.727905826107132e-06
16.98,-5.28774045,12.46268425,-0.0922884808433866,0.2175148737989401,-0.0019528762775926,-0.0852573507548044,0.3123131689944329,-0.8013116765473557,1.438561414688009,-1.2017806403975,3.4902193116429665e-25,-0.0001334126175961,-3.4598549329531525e-25,-3.08281349884854e-06
16.990000000000002,-4.57445551,11.83626937,-0.0798393101354963,0.2065818716594549,0.0019509088791776,-0.093062693066195,0.3903785156771062,-0.7805342311392098,1.4691847307116617,-1.167774978299032,2.440506312899519e-20,-3.852710694437692e-05,-2.4279632789749348e-20,-8.776541916194866e-07
17.0,-3.76117439,11.22494013,-0.0656448768471892,0.1959121636077403,0.0066862568444512,-0.1006108951314144,0.4735347965272825,-0.7548202065218237,1.495850173540232,-1.131853273871926,3.825363095411292e-16,-7.87576949749081e-06,-3.8146639372995295e-16,-1.7653712159628724e-07
17.01,-2.8515001,10.6255119,-0.0497680653659475,0.1854501673648384,0.0122905462617096,-0.1078618857727945,0.5604289417257583,-0.7250990641378954,1.5192956536047415,-1.0940619124667188,1.7545337195961849e-12,-1.1760131891885202e-06,-1.7522160306719218e-12,-2.58858630355896e-08
17.02,-1.84640107,10.04588838,-0.0322257779838463,0.1753338285188392,0.018791904610938,-0.114769811502909,0.6501358349229674,-0.690792573011588,1.5402111612562492,-1.0537655100146863,2.966100445071845e-09,-1.1910580377109285e-07,-2.964718385238085e-09,-2.567937710161977e-09
17.03,-0.7607737,9.47772804,-0.0132780059275795,0.1654175599065888,0.0261913874599869,-0.1213051362627114,0.7399482849047687,-0.6535324759801416,1.5590857752134928,-1.0113849635568253,1.9345333863608314e-06,-8.791007009699482e-09,-1.9344012341956008e-06,-1.8516062308885263e-10
17.04,0.39002591,8.91840446,0.006807236297587,0.1556555218515469,0.0344644166618133,-0.1274460499574584,0.8273029201828088,-0.6140913694748243,1.5764024879571772,-0.9670418272638038,0.0005187196107699,-4.812953862746351e-10,-0.0005187114897541,-9.874067331404255e-12
17.05,1.59736727,8.37663126,0.0278793182250932,0.1461997957124811,0.0435717221231922,-0.1331630777519005,0.9107305461377472,-0.571702779444116,1.592591914361999,-0.9199323523003444,0.0635281505228624,-1.7581418022806568e-11,-0.0635131178379385,-3.4989732872106666e-13
17.06,2.83880901,7.84683285,0.0495465640597806,0.1369530690861503,0.0534424792845303,-0.1384386468477204,0.9870757161340068,-0.5275569095820937,1.6080220364477782,-0.8704739715384715,2.337177786581613,-4.460816040416388e-13,-2.3355646041497926,-8.570376988640553e-15
17.07,4.0913376,7.32280907,0.0714073119306427,0.1278071287664039,0.0639763473410903,-0.1432671098104913,1.053386805655833,-0.4828462962770169,1.6230459837548783,-0.8193118233431061,6.087814447527678,-8.307499548390593e-15,-6.079537054685956,-1.5318274734781052e-16
17.080000000000002,5.32819059,6.80252413,0.0929944689692792,0.1187264435148627,0.0750413364996321,-0.1476483925542031,1.1064989158544003,-0.4381282743712617,1.6380213188014086,-0.7668044439520926,6.46343286139057,-1.1505173703114782e-16,-6.448887111658558,-2.02044557674752e-18
17.09,6.53458527,6.28628133,0.1140500282138226,0.1097163069151481,0.0864927357131935,-0.1515844944889013,1.14513992135596,-0.3936101934697645,1.6532453757727927,-0.7131145406825415,6.493576187357532,-1.1687717518700385e-18,-6.4715976967976,-1.9340432913402895e-20
17.1,7.63179747,5.72723903,0.1331999936968732,0.0999591781222263,0.098090683432285,-0.1551413762770316,1.1597947719089707,-0.3556881788129711,1.669497777890209,-0.6647101529499669,6.496717161875131,-1.808450953980552e-20,-6.465211053439936,-2.803848373787161e-22
17.11,8.70751655,5.1988679,0.1519748334693974,0.0907373622312433,0.1097279204406083,-0.1582853805411682,1.1637237008325665,-0.3144004264137288,1.6863044326554322,-0.6119891903514645,6.497344543012185,-1.379944500377187e-22,-6.4542020030039495,-1.959071368832296e-24
17.12,9.73151576,4.69447928,0.1698469912217183,0.0819341201026527,0.1212650825603679,-0.1609964685384164,1.153716211975771,-0.271108799724775,1.7041485997931456,-0.555927579141891,6.496123739769628,-5.6200516770757445e-25,-6.43865051555334,-7.13594385198e-27
17.13,10.72191035,4.23763409,0.1871326377111576,0.0739606673652537,0.1325975944906138,-0.1632274984801481,1.1332511930248166,-0.2231029941732104,1.723038495960234,-0.4928753030590482,6.491120752495006,-7.813184717643884e-28,-6.416297535330191,-8.713044523492239e-30
17.14,11.54183261,3.71503591,0.2014429807585506,0.0648396084593237,0.1434495401056822,-0.1650866583844132,1.0851945615066747,-0.1859159904264871,1.745283579808655,-0.4417726402695208,6.43005523308341,-3.898076769601327e-30,-6.332742909336156,-4.0015379839334167e-32
17.150000000000002,12.32289541,3.25344067,0.2150750982833965,0.0567832517097903,0.1537417754645788,-0.166509193720789,1.029223535889861,-0.1422535336376074,1.769422798451273,-0.3813448891756105,5.719659495788456,-6.842345382299369e-33,-5.607562132584488,-6.81256679421392e-35
17.16,12.9971312,2.78063869,0.2268427327536816,0.0485313004488419,0.163314705380082,-0.1675326861541866,0.9572929915501684,-0.1023492433397394,1.797403843513267,-0.3247577946088271,1.2200124953148,-2.8935413419197163e-35,-1.1889168597210171,-2.8862033476816644e-37
17.17,13.5960346,2.33135549,0.2372955689850702,0.0406898293349457,0.1720662709010126,-0.1681483896897451,0.8751565520929253,-0.061570353555844,1.829563036553425,-0.2658998865922475,0.0212605340942042,-2.908192499014836e-37,-0.0205547092414292,-2.6190283155131558e-39
17.18,14.11990905,1.87927381,0.2464389030046446,0.0327995155309983,0.1799071306680935,-0.1683851121889624,0.7840859767082436,-0.0236722499217348,1.8671847756914373,-0.2101872582044537,0.0001225048035098,-2.19072703486943e-38,-0.0001171771713141,-1.271469763799088e-40
17.19,14.58808291,1.45763998,0.2546100783334156,0.0254406169597042,0.1867852803130628,-0.1682278396891417,0.6878149644968253,0.0157272499820674,1.911260079660413,-0.1513189046007377,2.877660056841891e-07,-1.5932629979567294e-38,-2.712858259741942e-07,8.03559575527406e-43
17.2,15.00566469,1.04827953,0.2618982552907542,0.0182959292797586,0.1926648169995944,-0.1676888026876582,0.5879536686532826,0.0539037001483635,1.9636298269618568,-0.0933454897986807,2.440472328263473e-10,-1.2757286448324917e-37,-2.254924339293645e-10,-1.1003850382855367e-40
17.21,15.38184919,0.65552634,0.2684639134107228,0.0114410929665478,0.1975303199394262,-0.1667757382052601,0.4865502939831029,0.0913064482397942,2.0264781643500296,-0.0356667767341807,6.695428628611256e-14,-5.833450852346958e-36,-6.013164505993772e-14,-4.770581169112727e-38
17.22,15.72811231,0.27760901,0.2745073449329511,0.0048451912577018,0.2013884039257025,-0.1655002261644325,0.3858083986277007,0.1275512040827907,2.102303266873055,0.0210586696880748,5.594004732257657e-18,-6.53003868236787e-34,-4.822864647858691e-18,9.087011951925548e-36
17.23,16.05258658,-0.0915712,0.2801704892824561,-0.0015982189400022,0.2042616210223378,-0.1638830350120788,0.2873217096634928,0.1617191152353367,2.194230125301816,0.0753224389257045,1.4881449083651227e-22,-8.35614977997311e-32,-1.2082257056810597e-22,5.930108278553304e-33
17.240000000000002,16.36582793,-0.44248101,0.285637582193348,-0.0077227505020499,0.2061903243502889,-0.1619327465800167,0.192870332795147,0.1950288432062574,2.305064753474136,0.1290068725600736,2.244909057740284e-27,-1.0260579223900963e-29,-1.6662221024966066e-27,1.3437172778110124e-30
17.25,16.67819705,-0.77354569,0.2910894518189054,-0.0135009192051113,0.2072308398860111,-0.1596571069869312,0.104051553572199,0.2275639593085082,2.4363116911205007,0.1822361549372516,1.1931257376745752e-31,-1.0327464472811609e-27,-7.732978879396164e-32,1.881944106227367e-28
17.26,16.98967077,-1.10107032,0.2965256937663402,-0.0192173023799875,0.2074402675743688,-0.1570865803660812,0.0209427688357655,0.2570526620849598,2.588954145872898,0.2314339452087448,5.856934819541503e-34,-5.745795427360035e-26,-3.076494008214626e-34,1.3117020990617704e-26
17.27,17.3098457,-1.4082984,0.3021138004771826,-0.0245794439305681,0.2068887678318213,-0.1542289600345687,-0.0551499742547588,0.2857620331513057,2.7575320056802104,0.2801961268167346,2.2135538200363306e-33,-2.447477962513721e-24,-8.285347718427235e-34,6.727975669482906e-25
17.28,17.64067501,-1.69923133,0.3078878611987836,-0.0296571814615422,0.2056481120646208,-0.1510983555474642,-0.1240655767200283,0.3130604487104015,2.9768911447687967,0.3275687722795048,6.9053728871430275e-31,-7.378393647351731e-23,-1.1450951525838663e-31,2.3644798176440192e-23
17.29,17.98337521,-1.96871534,0.3138691080360267,-0.0343605647175196,0.2037901836371959,-0.1477025934473726,-0.1857928427425251,0.3395762100092301,3.075661352836003,0.3745635636355838,6.923264445438253e-28,-1.742093809084682e-21,-4.1496314665930905e-29,6.364317588927886e-22
17.3,18.33955579,-2.21827625,0.3200856318886897,-0.0387162242812928,0.2013870786654664,-0.1440524408226354,-0.2403104971729171,0.3650152624736653,-3.1174268676509684,0.4207683717960072,4.240351874056547e-25,-3.1625125841590805e-20,3.111369118869008e-27,1.292090363189056e-20
17.31,18.7027105,-2.44761687,0.3264238772723149,-0.042718973208858,0.1984999929686025,-0.1401589270727715,-0.2887085696864486,0.3893513749864627,-3.03539083614346,0.4661913588061523,1.093661661670628e-22,-4.497607734412654e-19,-6.195263372934264e-26,2.0234175417757808e-19
17.32,19.07289302,-2.64766282,0.3328847810796446,-0.0462104336916379,0.1951883360318783,-0.1360217166209948,-0.3311656936723621,0.4137210451776027,-2.9617518414186077,0.5125385478654226,1.1285261943995297e-20,-5.790396958727421e-18,3.095747054438321e-23,2.8420947844578152e-18
17.330000000000002,19.45413203,-2.81816677,0.3395386570411883,-0.0491862890067937,0.1915147618143287,-0.1316415877230709,-0.3673574217550389,0.438012889792484,-2.8973184460504804,0.5596279722211939,4.761065472316631e-19,-6.701413591256046e-17,3.8583113365012465e-21,3.5596930726809365e-17
17.34,19.81015153,-2.97057995,0.3457523695174922,-0.0518464008212285,0.1874914944758743,-0.12703573849882,-0.4023267338453744,0.4605849224250115,-2.8337628536715638,0.60516192421374,1.498523575025591e-17,-5.949025723185886e-16,1.477781520845609e-19,3.385181766980489e-16
17.35,20.18020911,-3.08264751,0.3522110927104545,-0.0538023487279048,0.1831835307753807,-0.1221921096208254,-0.4307963700492932,0.4843628877993839,-2.7797801459130045,0.6531711033016273,2.1430876203036024e-16,-5.512447596556575e-15,2.1402891831667157e-18,3.3498081251450303e-15
17.36,20.51863051,-3.17642027,0.3581176603996633,-0.0554389921385872,0.1785924503293557,-0.1171299516603169,-0.4591080446025877,0.5062157960509539,-2.7249339645801576,0.6994304913736779,2.7451108833217595e-15,-3.9441749058915295e-14,2.7529010382957626e-17,2.53874087892546e-14
17.37,20.82279894,-3.24602644,0.3634264009837851,-0.0566538489847901,0.1737178975110113,-0.1118606218044115,-0.487455281834369,0.5269329855904623,-2.6689901261005486,0.7450605112168247,3.219548195791662e-14,-2.3948034683521804e-13,3.459744858392884e-16,1.6233737075559538e-13
17.38,21.09403522,-3.29471377,0.3681603671206464,-0.0575036031972951,0.1685629197587037,-0.1064001132077621,-0.5154977752308608,0.5460508596650403,-2.612579275265695,0.7895600020236009,3.366563988651484e-13,-1.1999619554686096e-12,4.03979313367375e-15,8.518646550107607e-13
17.39,21.31912979,-3.33101591,0.3720890084955073,-0.0581371950658151,0.163114569314844,-0.1007755666194712,-0.5448350443858866,0.5624546588290087,-2.5534298249122416,0.8317468877372536,3.6153101372157507e-12,-4.574644897547134e-12,4.903068809644683e-14,3.3806907972367097e-12
17.400000000000002,21.49299891,-3.35253011,0.3751235971070524,-0.0585126886917476,0.1573558920377665,-0.0950098911329395,-0.5758677277078663,0.5765675486532821,-2.491330710142293,0.8722938767000521,4.082103799787684e-11,-1.4006009744391391e-11,6.190147506901216e-13,1.0725020529160822e-11
17.41,21.61786025,-3.37085836,0.3773028385985045,-0.0588325770003763,0.1512759466125649,-0.0891403693495346,-0.6079945425200594,0.5869521783404009,-2.4276044546647584,0.9098164557731973,4.571517915054161e-10,-3.0947410734405435e-11,7.572840176456904e-12,2.4428999453707742e-11
17.42,21.68939864,-3.38473237,0.3785514190455803,-0.0590747241553309,0.1448608208923962,-0.083200434248343,-0.6415125720167749,0.5939935101190648,-2.362363688924027,0.9449465018125808,5.165881773327089e-09,-5.1635882053570417e-11,9.183861526580428e-11,4.185011077298684e-11
17.43,21.71151554,-3.41280955,0.3789374317709146,-0.059564763391006,0.1381047582826754,-0.0772459640001919,-0.6756062609722125,0.5954470248152299,-2.2971421615189334,0.9755827217305544,5.521520719501306e-08,-5.4484232811804096e-11,1.0395871163408186e-09,4.5117302750322856e-11
17.44,21.69360404,-3.43398604,0.3786248171219437,-0.0599343628655217,0.131016806945257,-0.0713009935958459,-0.7087951337417272,0.5944970404345024,-2.2338961435914397,1.0050424225752643,5.055001562318324e-07,-4.736551363552125e-11,9.97640227694419e-09,3.9988953974767217e-11
17.45,21.64103622,-3.47623184,0.3777073355823479,-0.0606716911706607,0.123614360796539,-0.0654244895253153,-0.7402446148719531,0.5876504070531797,-2.173426174467372,1.0299523971180524,3.8045252236530745e-06,-2.5270510197131542e-11,7.810626028278032e-08,2.1666240829805136e-11
17.46,21.55941114,-3.54158039,0.3762827091841442,-0.0618122385295648,0.1159227307536217,-0.0596732765536316,-0.7691630042916042,0.5751212971682819,-2.1161975969710887,1.050412008659002,2.2787149252087144e-05,-8.263192806467136e-12,4.837628409339419e-07,7.1703015369225976e-12
17.47,21.46961866,-3.60214871,0.3747155347646129,-0.0628693551359663,0.1079945205847464,-0.0540625584018664,-0.7928210168876857,0.5610718151766335,-2.063939660083756,1.0702706407450255,9.359946827890768e-05,-2.312999723271847e-12,2.0433035783376024e-06,2.0295486426797456e-12
17.48,21.36343033,-3.69395411,0.3728621987789187,-0.0644716616370768,0.0998689527734701,-0.048652942852711,-0.8125567811275054,0.5409615549154521,-2.014842440201001,1.0848182596771938,0.0002940126713359,-3.619957339851841e-13,6.574670494689896e-06,3.201301041685956e-13
17.490000000000002,21.24421422,-3.80971935,0.3707814851379989,-0.0664921462344382,0.0915879130667615,-0.0434897716929007,-0.8281039706710287,0.516317115981134,-1.968546033679332,1.0948240164826728,0.0007065026963639,-3.4316144769305964e-14,1.6130941401506665e-05,3.0506386697604625e-14
17.5,21.10562623,-3.95206812,0.368362668408778,-0.0689766009571023,0.0831827359924776,-0.0386170193205743,-0.8405177074282529,0.4872752372325617,-1.9239335729866027,1.0993796121522723,0.0013995418673066,-1.8604120165899214e-15,3.254434166825437e-05,1.6577392439167241e-15
17.51,20.96672111,-4.10750093,0.3659383167169002,-0.0716894152572291,0.0747082292227626,-0.0340559640686523,-0.8474506769713696,0.4561055251921327,-1.8818916216932973,1.0996904560030465,0.002007026944095,-6.707230165673584e-17,4.740340808037479e-05,5.977493594608519e-17
17.52,20.77033765,-4.31640338,0.3625107787434415,-0.0753354508252119,0.066140358764389,-0.0298775474961382,-0.8567870458375285,0.4178416572514903,-1.8382379701829448,1.087191126122243,0.0033177623781133,-8.296046640333491e-19,7.949652044781062e-05,7.345771738843013e-19
17.53,20.55543948,-4.52724972,0.3587600981204311,-0.0790154136739913,0.0575087560703412,-0.0260775124546359,-0.8631602694046431,0.3800035041501676,-1.7955407886730912,1.0681525838343722,0.0046266365128556,-7.133523138270252e-21,0.0001122188206694,6.252059283633811e-21
17.54,20.29543148,-4.76564626,0.3542221024389057,-0.0831762182223537,0.0488062954448396,-0.0226833907174546,-0.8702460625503357,0.3394121737182029,-1.752331738840419,1.0334176550360268,0.006740042526378,-2.4984453271475346e-23,0.0001651818321434,2.146549194158534e-23
17.55,19.97219615,-5.02823616,0.3485805816716352,-0.0877592765598364,0.0400030702367966,-0.0197139129416864,-0.8803225208041628,0.2969477775767692,-1.708286988011681,0.9755149784657678,0.0116579130780093,-3.123670722956354e-26,0.000288119573993,2.58653034937882e-26
17.56,19.62549433,-5.29849444,0.3425294933899785,-0.0924761733766131,0.0311243729067331,-0.0171622832633738,-0.8878697330065296,0.255162967831315,-1.6650597298279632,0.8873668060096829,0.0174799599515434,-1.595154152953304e-29,0.0004346352792483,1.2368291549120153e-29
17.57,19.17024131,-5.60681875,0.334583829261331,-0.0978574477500528,0.022082295301183,-0.0150597269284278,-0.9042077605548696,0.2102556334945649,-1.6210367030524018,0.729724892363641,0.0426519914714896,-1.013570681841759e-33,0.001064653366094,6.7557171453880655e-34
17.580000000000002,18.69567249,-5.89782893,0.3263010408250266,-0.1029365335478741,0.0129138923247715,-0.0133598809637569,-0.9168402976413332,0.1699845964671249,-1.5783674283944886,0.502983466431519,0.0839663205610385,-2.513348564689038e-38,0.0020990842665222,1.212660850660616e-38
17.59,18.15320569,-6.18764587,0.3168332090822691,-0.107994793378929,0.0035904236572969,-0.0120387435278528,-0.932346866747309,0.1321137435903922,-1.536648410643412,0.1833602247474432,0.1901327873385499,-8.914484404937739e-44,0.0047499254874972,1.6337748242191788e-44
17.6,17.57451843,-6.44678646,0.3067332110559246,-0.1125176498999897,-0.005872046738046,-0.0110333034915371,-0.9462470395341536,0.1005440036315508,-1.4960617099337197,-0.1448922790116741,0.3863202546778935,-1.1499674399060156e-49,0.0096250862143878,5.88536975327907e-53
17.61,16.95692348,-6.6701871,0.2959541457347348,-0.1164167266190522,-0.0154612738111236,-0.0102768882454352,-0.9589227073079492,0.0756415246102035,-1.4565157364787635,-0.4018141389124233,0.7149995403382409,-8.902527728931922e-56,0.0177333334025671,-8.872093702290017e-58
17.62,16.30355079,-6.86286094,0.2845506410516226,-0.119779519509513,-0.0251609670514972,-0.0097130400506273,-0.9699693240372058,0.0563848194807837,-1.4178657963751553,-0.5775175136739209,1.178295010731767,-4.881169141879956e-62,0.0290425961344666,-6.479977522806374e-64
17.63,15.65476291,-6.96498279,0.2732271563985887,-0.1215618820302407,-0.034902287196333,-0.0092100743263104,-0.9741320144837788,0.0502965724316966,-1.378906145973424,-0.633794774056828,1.415903215252864,-1.7697950296901995e-64,0.0346207277330356,-2.611998860733662e-66
17.64,15.00659431,-6.98496729,0.2619144802205466,-0.1219106773546055,-0.0446264291317053,-0.0086569882771204,-0.9724141935370744,0.0553086049189927,-1.3392703310132044,-0.6058451115671576,1.3423336899586435,-1.6418632064073002e-62,0.0324993646705351,-2.304278098403483e-64
17.650000000000002,14.38006143,-6.9100215,0.2509794185925441,-0.1206026265585973,-0.0542513968299671,-0.0079347448008756,-0.9624967698263758,0.0722243476244894,-1.2977119017513334,-0.4706800995151404,0.8970567168320681,-7.539733032593943e-57,0.0214566336301683,-8.075740558897328e-59
17.66,13.76036023,-6.73933889,0.2401635922739842,-0.1176236530381999,-0.0637212585925895,-0.006933274766531,-0.9469861762620856,0.1001470034344473,-1.2543342173052765,-0.1757531661684756,0.4449851625619666,-7.883617596271064e-50,0.0104900665909797,-1.8144518111595002e-52
17.67,13.18452746,-6.4528133,0.2301134144966049,-0.1126228381014806,-0.0729364420363077,-0.0055261522894078,-0.9215183443716748,0.1407122477123012,-1.2066198281469591,0.3447469796315983,0.1251616837093044,-1.7629552562017778e-42,0.0028977906506152,5.939919933155173e-43
17.68,12.61837567,-6.07246711,0.2202322016950454,-0.1059845447885646,-0.0818511005463904,-0.0036277401896822,-0.8914658510084561,0.1898412099725925,-1.1558094651487192,0.8440986508834313,0.0255613707574623,-5.450069540974858e-36,0.0005792393226147,4.072734639291521e-36
17.69,12.07255875,-5.57769012,0.210705899327951,-0.0973490572499576,-0.0904104608321573,-0.001134767302309,-0.8559360285765477,0.2492972887372808,-1.10060781290927,1.1621144240502257,0.0035909186691129,-4.456727477444856e-30,7.929772499364691e-05,4.090334944533888e-30
17.7,11.55547521,-4.97396645,0.2016810890470832,-0.0868120914362339,-0.0985547741777448,0.0020375753605796,-0.8144313345589124,0.3172342662889322,-1.0395279023679185,1.3415851601387234,0.0003261765701735,-7.627212542820675e-25,6.978740862299276e-06,7.428334201608038e-25
17.71,11.08260358,-4.24371553,0.1934279221643108,-0.0740668085165162,-0.1062107482798438,0.00598673537481,-0.7655974102097879,0.3949160014229846,-0.9698936597258212,1.4520134261822648,1.6592366135733812e-05,-4.371643755020874e-20,3.410002930430367e-07,4.340948284836064e-20
17.72,10.5301174,-3.49688906,0.1837852192515447,-0.0610322276739695,-0.1134757732998228,0.0106543592320587,-0.7265025019980361,0.4667623857249578,-0.9054586802028362,1.5223096536346117,1.3692219010663088e-06,-1.8765556382706166e-16,2.6980608028054525e-08,1.8743583708740958e-16
17.73,10.00915681,-2.6342485,0.1746927416829125,-0.0459763096407218,-0.1202961938772952,0.0161121653217516,-0.6820420577471344,0.5457806089692099,-0.8334378483791199,1.5755754577244718,6.856178736219933e-08,-4.71277381990277e-13,1.279349445211289e-09,4.712720200589722e-13
17.740000000000002,9.53048076,-1.64145543,0.1663382685599715,-0.0286488017782393,-0.1266107165260068,0.0224406038356116,-0.6314522648712914,0.6328438513861268,-0.7513275290706165,1.6175998901947222,1.8108961418690963e-09,-7.787268550738071e-10,3.1296740348865035e-11,7.778772354890825e-10
17.75,8.96794744,-0.65266914,0.1565202099737966,-0.0113912254191598,-0.1325309099270744,0.0295334491836291,-0.5920193401066632,0.7092845348016374,-0.6799324435824426,1.6532980805560744,9.133210592278964e-11,-2.3590957190954322e-07,1.4473835559874397e-12,2.351100796149795e-07
17.76,8.49088594,0.51139757,0.1481939160642937,0.0089255713831981,-0.1379399771575475,0.037522532555336,-0.5409067230472229,0.7989083371705653,-0.5906298558095775,1.6831732440014762,1.4226943814816956e-12,-9.155436095333903e-05,1.938882450375506e-14,9.097892136476136e-05
17.77,7.88319283,1.59289668,0.1375876704531096,0.0278012917100865,-0.1430161438967093,0.0461872386871146,-0.5076166739162818,0.8664706131780279,-0.5255066663945657,1.713007169227456,8.29933099813936e-14,-0.00538334313182,9.886255962923435e-16,0.0053291862196567
17.78,7.32654151,2.80069385,0.127872272133537,0.0488813290228561,-0.1476877439574496,0.0555927397857761,-0.4671600060739652,0.940550109866005,-0.4491776359228549,1.739501952606008,2.0915222603825685e-15,-0.3149939073206725,2.1675622306137178e-17,0.3105368582344918
17.79,6.72107764,3.98682289,0.1173049341001701,0.0695831861243757,-0.1520216359243931,0.0656014270541369,-0.4333891966944282,1.0008687268362828,-0.3835889202541561,1.7666434351732534,8.255071328573476e-17,-3.4942464365829338,8.2175158384827225e-19,3.427662062439255
17.8,6.12176142,5.20357259,0.1068448928005634,0.0908194745620289,-0.156009388209921,0.0761508217142814,-0.3987752285527322,1.0549394660142863,-0.3171753915310603,1.7934236012211908,2.486363428853748e-18,-6.1288296794204,2.4704671000731672e-20,5.978038583495863
17.81,5.51157176,6.40463894,0.0961950741719387,0.1117820369044395,-0.1596673754816779,0.0871193517312675,-0.3657987271757624,1.096853001698821,-0.2543485248182067,1.82135241753522,7.38703124404584e-20,-6.445852372211225,6.331431712298806e-22,6.24516258345683
17.82,4.90881071,7.59399328,0.0856749092466605,0.1325401861103236,-0.16298851002827,0.0983972142214218,-0.3321134546591617,1.1277862490152517,-0.1912793020316273,1.8504777960869248,1.6603198542474289e-21,-6.486867135042183,6.6015768568110864e-24,6.235493397165525
17.830000000000002,4.30661182,8.7415989,0.0751645558643053,0.1525696826937145,-0.1659770437020626,0.1098416462756562,-0.2988533673793159,1.144443205423669,-0.1300626356112229,1.881938816185357,3.196830959540873e-23,-6.493929323872883,-3.734741902028308e-26,6.182897087507411
17.84,3.72650256,9.85015082,0.0650397392559975,0.1719175636270193,-0.1686104747303577,0.1213229994704094,-0.2633431028294696,1.148135319475149,-0.0661095528119829,1.9158623313655607,3.707338535953717e-25,-6.495075431335026,1.996041634193467e-27,6.113069582536096
17.85,3.17181033,10.90795304,0.0553585335072678,0.1903796952009247,-0.1708655494828315,0.1327056757533613,-0.2255074752473476,1.13826762829501,0.0005712505466669,1.952987392792611,2.4932432998004487e-27,-6.492861035725767,-7.090569790560982e-31,6.025314419467307
17.86,2.66050042,11.92511045,0.046434492079692,0.2081324410164826,-0.1726992724269047,0.1438778425084498,-0.1833722944073472,1.1172166755090729,0.0731553074516338,1.993249812780096,7.477885383583249e-30,-6.483160666825198,-5.1155444730996425e-31,5.914127859036918
17.87,2.16067861,12.81841327,0.0377109558219144,0.2237235164428329,-0.1741159841026123,0.1546283045195131,-0.1416711675707394,1.075046201106154,0.1431612192411394,2.0412599404591987,2.349072956465048e-32,-6.39712717347833,-3.4091342093218124e-33,5.702994251715351
17.88,1.69620383,13.63323743,0.0296043416184381,0.2379448808596299,-0.1750907143906963,0.164823247703525,-0.0974730288084257,1.0194943184014011,0.2153055382224146,2.095865821446813,8.075093216383077e-35,-5.417521886406288,-1.7204815477052407e-35,4.688311889812366
17.89,1.30084018,14.4081659,0.0227039441832356,0.251469934128572,-0.1755585584072688,0.1743923256896721,-0.0467844016572387,0.9569077986145594,0.2953892588810524,2.15571630623758,6.010572548957543e-37,-1.3007578897629029,-1.7401094638401193e-37,1.0845945833896335
17.900000000000002,0.94448165,15.09222693,0.0164843145171687,0.2634090513866557,-0.1755017546894116,0.1832072481592931,0.0056803717857195,0.8814922469622738,0.3749540210116365,2.2255065464009505,1.092331845972195e-37,-0.0339404283265411,-3.9946085795569134e-38,0.0269219481954018
17.91,0.63233804,15.70189033,0.0110363807836076,0.2740496850455589,-0.1748999716128834,0.1911750166701077,0.0601783076528128,0.7967768510813353,0.4538328647342802,2.305782403458838,1.4695814453021285e-36,-0.0003072177208192,-6.447981338987117e-37,0.0002278759242158
17.92,0.359619,16.22516383,0.0062765356027294,0.2831825305089935,-0.1737437289613427,0.1981986164763897,0.1156242651540531,0.7023599806280879,0.5300565473570739,2.3996787000772506,6.15285531064054e-34,-9.392561125338084e-07,-3.113267073427553e-34,6.345218218463592e-07
17.93,0.11793547,16.69319698,0.0020583622563869,0.291351249984974,-0.1720383604883459,0.2042342703293569,0.1705368472997104,0.6035653852968372,0.6016485910608176,2.505647835986629,1.0596648608126109e-30,-1.0620363507732084e-09,-5.9993169029774716e-31,6.308086795907357e-10
17.94,-0.08527606,17.11081027,-0.0014883480201282,0.2986399768955599,-0.1697821425612392,0.2092532927563016,0.2256217927106321,0.5019022426943984,0.6696708325594217,2.6237129082896264,2.257442443572986e-27,-3.836473166345411e-13,-1.4011093080443248e-27,1.9008536854730655e-13
17.95,-0.29394568,17.45600646,-0.0051303199380136,0.3046647869763998,-0.1670341503592538,0.2132060790157106,0.2747992201985952,0.3952786259409739,0.7280952286336914,2.7569397481407134,1.50488647312296e-24,-2.6956889323796118e-17,-1.0012185948682703e-24,1.0105034889920728e-17
17.96,-0.46779538,17.77894015,-0.008164569606618,0.3103010431325145,-0.1637990201967291,0.2161182714639604,0.3235130162524213,0.2912192448249406,0.7835537094239802,2.895419477375252,6.099535741123894e-22,-6.128553562690627e-22,-4.304226938006357e-22,1.4849679423267988e-22
17.97,-0.63959483,18.06716044,-0.0111630356622334,0.3153314361640674,-0.1601267397194485,0.218003153122443,0.3672280477281362,0.1884881658482926,0.8323694368790147,3.037469317472562,8.904040586632188e-20,-6.263510840871481e-27,-6.583878500403346e-20,6.542047020401575e-28
17.98,-0.8108524,18.35874291,-0.014152044127698,0.320420510306665,-0.1560680007285812,0.2189285462648184,0.4058738990866621,0.0925393142375296,0.8754949309235,-3.111347322857276,5.366310478884299e-18,-4.1003799232494275e-31,-4.1202654235129675e-18,-3.262526228892365e-33
17.990000000000002,-0.99517626,18.57420233,-0.0173691023746831,0.3241809865901023,-0.1516897189493221,0.2188586902450824,0.437828177926004,-0.0069856019736094,0.9125249924252642,-2.9735933346783425,1.2849331956951706e-16,-6.794519890121623e-33,-1.016426195467924e-16,-1.0091180759640638e-35
18.0,-1.17852149,18.8087177,-0.0205690803060094,0.328274051943135,-0.1470372038300723,0.2178905133883833,0.4652515119249045,-0.0968176856698908,0.945821276794057,-2.8530979720107066,1.7019093875566138e-15,-4.799142429323195e-31,-1.3802453203596545e-15,-4.6016784806394056e-33
18.01,-1.37594616,19.03711695,-0.0240147908221727,0.3322603708647207,-0.1421736630007128,0.216085840233732,0.4863540829358737,-0.1804673154651044,0.9746052473667168,3.1185013173396965,1.1241616800803326e-14,-1.94749488305547e-27,-9.302781573245284e-15,3.0367575710930146e-29
18.02,-1.59099128,19.26098009,-0.027768036206519,0.3361675197315737,-0.1371634080458768,0.2135086457870121,0.5010254954837032,-0.2577194446720401,0.9992505262140378,-3.0097767131833506,3.89570038762136e-14,-1.1063008265971138e-23,-3.2768260966512905e-14,1.2448990439056882e-26
18.03,-1.815807,19.48380267,-0.0316918107307606,0.3400565074003622,-0.132056479296041,0.2102270431878593,0.5106928749834989,-0.3281602599152264,1.020967442421358,-2.8688581564182765,8.387673711758958e-14,-2.2426136521385962e-20,-7.152213493782618e-14,-2.0669665902598134e-22
18.04,-2.03919079,19.71911919,-0.0355905933618442,0.3441635554586973,-0.1268850397717315,0.2063257156712988,0.5171439524310514,-0.390132751656133,1.0410140889543693,-2.747505446597228,1.343330658749348e-13,-1.1250722317850874e-17,-1.159325035678457e-13,-1.1198984305731913e-19
18.05,-2.27777998,19.93851058,-0.0397547602870105,0.3479926575647242,-0.1217010132598749,0.2018493657629173,0.5184026511855797,-0.4476349908380799,1.058259507506212,-2.638619475928281,1.3450805183522306e-13,-2.3375211809516727e-15,-1.172398491941048e-13,-2.658882234976609e-17
18.06,-2.51969388,20.15958445,-0.0439769543483509,0.3518511244863502,-0.1165369347958322,0.1968656236581815,0.5164078464043723,-0.4983742104736697,1.073890328493787,-2.5454075290652765,1.0042937431188939e-13,-1.840722523227086e-13,-8.829610776424348e-14,-2.535995237301498e-15
18.07,-2.75670853,20.37870725,-0.0481136403663128,0.3556755388125392,-0.1114120130447399,0.1914351872961704,0.5124921751091502,-0.5430436362010249,1.088679564817975,-2.465073693720856,6.289751888043653e-14,-6.705587596523552e-12,-5.5736395621120315e-14,-1.0575896841604793e-13
18.080000000000002,-2.98336786,20.59379389,-0.0520695919551772,0.3594295088575909,-0.1063366496216191,0.1856140255832983,0.5075363423121743,-0.5821161712873272,1.10312317048176,-2.395293534969749,3.5703313176759885e-14,-1.3022860790636313e-10,-3.1874322954820325e-14,-2.238589182385256e-12
18.09,-3.19827636,20.79952807,-0.0558204528706994,0.3630202476824816,-0.1013183630294888,0.1794491957477,0.5018286592129585,-0.6164829835597387,1.117375435195968,-2.333512469819845,1.881402651043056e-14,-1.5560244778901264e-09,-1.6915563346276883e-14,-2.8411859680428564e-11
18.1,-3.39974105,20.99156462,-0.0593366750377091,0.3663719177641523,-0.0963615745623825,0.1729805169655113,0.4956788467105471,-0.6468678782187641,1.131602981626261,-2.277818259295268,9.455774148190951e-15,-1.269382194239734e-08,-8.559714726246391e-15,-2.426443119814358e-10
18.11,-3.58397806,21.16707883,-0.0625522174662388,0.3694352186126891,-0.0914650795031991,0.166242877322203,0.4896495059184411,-0.6737639643309681,1.1461157024335549,-2.226883204601327,4.7815316970373886e-15,-7.58495448396824e-08,-4.3574748999991615e-15,-1.5041798513214163e-09
18.12,-3.74580506,21.31341482,-0.0653766314348637,0.3719892634523545,-0.086620648921743,0.1592535615348509,0.4844430581455275,-0.6989315787351004,1.161302126094048,-2.1783899477350874,2.6105886378515448e-15,-3.83868587164158e-07,-2.395125784441834e-15,-7.856603608670363e-09
18.13,-3.89657881,21.4447923,-0.0680081297979425,0.3742822330413275,-0.0818352689606866,0.1520485970867004,0.4785379961057359,-0.7204964448151903,1.1763436686636957,-2.13376192626362,1.3234312480704074e-15,-1.4708892065571084e-06,-1.2219897004580908e-15,-3.09176278515099e-08
18.14,-4.0243784,21.5413582,-0.0702386534261413,0.3759676259414792,-0.0770994741945866,0.1446366237436742,0.4735794766099305,-0.741197334302502,1.1921075597128894,-2.090207695413085,7.354900873928197e-16,-5.192405803546726e-06,-6.834840169341217e-16,-1.1180708927992477e-07
18.150000000000002,-4.13789781,21.61129553,-0.0722199408955627,0.3771882626200329,-0.0724156376235244,0.1370375368001875,0.4683836571063098,-0.7599086943488278,1.2079817035412466,-2.0485232095128385,3.976267224594947e-16,-1.5792442282863298e-05,-3.717963697713826e-16,-3.474444652209609e-07
18.16,-4.24088617,21.64953428,-0.0740174268687919,0.37785565470938,-0.0677905926096743,0.1292642175969531,0.4625045013849359,-0.777331920323316,1.2237382800312488,-2.007995204722297,1.992950201711229e-16,-4.3591200810743966e-05,-1.874390049566881e-16,-9.778977949090409e-07
18.17,-4.34052891,21.6579883,-0.0757565207575006,0.3780032051934094,-0.0632397573536091,0.1213321151375339,0.4550835256064571,-0.7932102459417926,1.2389503096557148,-1.968676779165811,8.416542154381952e-17,-0.0001080025022734,-7.958432395780932e-17,-2.4657855811524717e-06
18.18,-4.43901565,21.64190116,-0.0774754386400562,0.3777224316331801,-0.0587798608634897,0.1132633189214922,0.4459896490120205,-0.8068796216043348,1.2535435306998537,-1.9308095480641727,2.925019713857355e-17,-0.0002318416827256,-2.7794071111564856e-17,-5.3765913487848445e-06
18.19,-4.54679302,21.60682778,-0.0793565086056963,0.377110285672377,-0.0544395553083819,0.1050863444394318,0.4340305555107131,-0.8176974482059145,1.2669314700980492,-1.8945108317290091,7.21786474094121e-18,-0.0004172285815186,-6.888035996055783e-18,-9.810131526136076e-06
18.2,-4.65444957,21.56771517,-0.0812354698645342,0.3764276418488285,-0.0502323658747083,0.0968477572633762,0.4207189433674468,-0.8238587176057217,1.2797652277476204,-1.8603542069177692,1.4662270742604496e-18,-0.0005682273159148,-1.404732546770139e-18,-1.351955307893564e-05
18.21,-4.77086694,21.52760633,-0.0832673362775467,0.375727610531673,-0.0461816906636806,0.088595006757888,0.4050675211027031,-0.8252750505486864,1.2915450864747988,-1.8279435922762288,2.1355110422140356e-19,-0.0005850862835061,-2.0530104598948928e-19,-1.4062908382020496e-05
18.22,-4.88859434,21.48894687,-0.0853220670273591,0.3750528756676299,-0.0422985543863817,0.0803753105854779,0.3883136277299722,-0.8219696172411789,1.302754953724911,-1.796875682402439,2.5125494024270607e-20,-0.0004560290135831,-2.423080266449244e-20,-1.1057062651102924e-05
18.23,-5.04160527,21.46485588,-0.0879926115473977,0.3746324085720648,-0.0386366652869738,0.0722493400394321,0.3661889099407306,-0.8125970546044518,1.311346983498597,-1.7672559820183198,1.313328683027667e-21,-0.0002466903021929,-1.2694984655515326e-21,-6.025572057753189e-06
18.240000000000002,-5.18411868,21.47579388,-0.0904799397801423,0.374823312685648,-0.0351845724949928,0.0642994464833543,0.345209279198174,-0.7949893556079363,1.3200449191431445,-1.7393249817444332,6.749053564719263e-23,-7.97568904851151e-05,-6.538597421186824e-23,-1.959955847341973e-06
18.25,-5.33915674,21.50642884,-0.0931858643930468,0.3753579936038648,-0.0319606266301,0.056580836118819,0.3223945864892291,-0.771861036453405,1.327438048622824,-1.7117537845138666,2.1801338372333483e-24,-1.7703305516392173e-05,-2.1160837207515926e-24,-4.372742636720173e-07
18.26,-5.50189932,21.56159188,-0.0960262582472371,0.3763207702772741,-0.0289742195750104,0.049149613706397,0.2986407055089118,-0.7431222412420908,1.3337498431630537,-1.6841218288483693,4.699863476584508e-26,-2.5901037835294776e-06,-4.568827635335476e-26,-6.424790295242409e-08
18.27,-5.67668433,21.63722325,-0.0990768321548683,0.3776407867015682,-0.0262383791507974,0.0420507902975775,0.2735840424213552,-0.7098823408820937,1.3386062355772257,-1.6556368627552696,5.846026653560369e-28,-2.571953376048953e-07,-5.689619709854721e-28,-6.401673513608055e-09
18.28,-5.87568784,21.72528204,-0.1025500986273937,0.3791777025223904,-0.023779664216884,0.0353136650777507,0.2458714933912938,-0.6737125219825718,1.3410001632811446,-1.625365975135332,2.8145533922356984e-30,-1.8468598202345043e-08,-2.740790677957344e-30,-4.6087417995854444e-10
18.29,-6.07873888,21.8123864,-0.1060940078249925,0.3806979603972329,-0.0215947142625578,0.0289458717636515,0.2184949954326707,-0.6367793314100455,1.34202039877773,-1.5922746396344132,7.771944088531223e-33,-1.083360034672207e-09,-7.570057933238515e-33,-2.7076345581333418e-11
18.3,-6.30054688,21.88546868,-0.109965287732256,0.3819734868080972,-0.0196981059626708,0.0229353765830392,0.1896608299886712,-0.6010495180611396,1.3403312645954126,-1.5554842976682646,6.734184511551871e-36,-5.945986613360958e-11,-6.556672559796114e-36,-1.4862830766149057e-12
18.31,-6.52094892,21.9454189,-0.1138120290083683,0.3830198155343922,-0.0180753533315499,0.017270235735023,0.1622752631121195,-0.5665140848017269,1.3371241355205703,-1.514319698232688,2.8801068544653957e-39,-3.0446295345027004e-12,-2.802068281493276e-39,-7.596730053050296e-14
18.32,-6.77382183,21.95842751,-0.1182254938769676,0.3832468586100001,-0.0167557755043321,0.0118934032030512,0.1319577827217579,-0.5376832531971006,1.3290466001639114,-1.468959864783992,1.0193565305482369e-43,-2.2108021197644725e-13,-9.898018251575711e-44,-5.49215300573223e-15
18.330000000000002,-7.0158349,21.9338603,-0.1224494187813271,0.3828180799074712,-0.0157081814009035,0.006762758079085,0.1047594103428802,-0.5130645123967141,1.319356100976263,-1.4198671295575267,1.1587088494325988e-48,-2.1057091798724838e-14,-1.1223788703335638e-48,-5.192042726387839e-16
18.34,-7.27208695,21.8427994,-0.1269218607688122,0.3812287673826419,-0.014934975576006,0.0018003090036137,0.0773205824897406,-0.4962449075470567,1.3051346869801388,-1.370110303397423,4.220632397902674e-55,-3.961497694317703e-15,-4.072983751336919e-55,-9.666618169987665e-17
18.35,-7.55729554,21.65426604,-0.1318996897192828,0.3779382395007941,-0.0144560510504849,-0.0031073415025841,0.0478924525521027,-0.490765050619712,1.2831655160811244,-1.3254504750312313,5.92896457529016e-65,-2.2752544789885498e-15,-5.686042359451997e-65,-5.4875352591569966e-17
18.36,-7.80513606,21.42711405,-0.1362253228131376,0.3739736893728368,-0.014201564480971,-0.0079885859793148,0.0254486569513974,-0.4881244476731645,1.2619395881660038,-1.2830057111812194,1.0956678251143455e-76,-1.7472257247226649e-15,-1.0439528283691035e-76,-4.159505973764057e-17
18.37,-8.03664854,21.12801679,-0.1402659778485952,0.3687534574021434,-0.0141331369756405,-0.0129131823614677,0.0068427505330457,-0.4924596382152162,1.2397851653113563,-1.2476590293939145,4.086638319286347e-90,-2.7473134762642504e-15,-3.8653128174550526e-90,-6.461002009865359e-17
18.38,-8.24698931,20.75392592,-0.1439371168362753,0.3622243400189933,-0.0142079221376507,-0.0179492834675472,-0.0074785162010219,-0.5036101106080485,1.2188171684281417,-1.2204457128397523,1.2436613949669896e-89,-8.539229929156669e-15,-1.1675822293350897e-89,-1.9878280720173823e-16
18.39,-8.42379682,20.31828315,-0.1470229900280281,0.3546209393199849,-0.0143693811168732,-0.0231416809977159,-0.0161458979222495,-0.519239753016789,1.2033925876999738,-1.1991741913302898,3.546229758412476e-83,-4.007330197211668e-14,-3.310055134302545e-83,-9.250100275914032e-16
18.400000000000002,-8.56488792,19.81260575,-0.1494854942682887,0.3457952037370605,-0.0145619174878278,-0.0285418656049758,-0.0192536370954605,-0.5400184607261024,1.1958150429225918,-1.1840159949291418,8.912660107322096e-81,-2.9082474799903685e-13,-8.294604509750462e-81,-6.671158500893608e-15
18.41,-8.65476357,19.26045295,-0.1510541202781587,0.3361583194029548,-0.0147137590120854,-0.0341654912677801,-0.0151841524257559,-0.5623625662803425,1.200441435114997,-1.1708904071292332,1.1800306581036572e-83,-2.258053204940426e-12,-1.1001871240353912e-83,-5.1508257784016975e-14
18.42,-8.68460848,18.66948838,-0.1515750122226201,0.3258440418938222,-0.0147473053963818,-0.0400156796838212,-0.003354638429648,-0.5850188416040196,1.2180871989551474,-1.1583960669668878,6.256127971019696e-91,-1.667575030222593e-11,-5.871843800328862e-91,-3.7831830729249817e-13
18.43,-8.65284618,18.04114541,-0.1510206555096139,0.3148773882355622,-0.0145894495419585,-0.0460920542243584,0.0157855854423367,-0.6076374540538388,1.2458533248206656,-1.1461540007354416,2.6904582914310138e-83,-1.1413881698177517e-10,-2.5500006522250126e-83,-2.5752894209762697e-12
18.44,-8.5427968,17.39619365,-0.1490999314888355,0.3036208565070301,-0.0141519710317201,-0.0523658265587479,0.043747851023838,-0.6273772334388525,1.2822505305409664,-1.1317850748364269,8.736197290832152e-67,-5.817424713599614e-10,-8.375989477531673e-67,-1.3039473182080388e-11
18.45,-8.35314564,16.74182584,-0.1457898943166089,0.2921999837034654,-0.0133532048131447,-0.0587997667365047,0.079876621857555,-0.6433940177758082,1.32250667812558,-1.1148410420718178,1.7106591991080338e-54,-2.1235855850731316e-09,-1.6583533127864462e-54,-4.721987550016656e-11
18.46,-8.08102173,16.07724901,-0.1410404361137082,0.2806009298874987,-0.0121159859110536,-0.0653594404175897,0.123721890209092,-0.6559673681083901,1.3632552801480111,-1.095744304079142,3.4583430309766384e-45,-5.811431150142818e-09,-3.3843626923658284e-45,-1.2802538534276562e-10
18.47,-7.71736214,15.41590795,-0.1346933789117556,0.2690583509118693,-0.0103596851341113,-0.0719946617641603,0.1756300776942627,-0.6635221346571978,1.4028268700715902,-1.0732427813610237,1.203840036635506e-37,-1.0783556572124832e-08,-1.186954180193154e-37,-2.348763567759214e-10
18.48,-7.2645017,14.75549362,-0.1267894731817253,0.257531946426017,-0.0080157768309732,-0.0786614593175,0.2343908303137694,-0.6666797553338639,1.4396775382113836,-1.0478509044121311,2.102010022062686e-31,-1.4417375469732278e-08,-2.084029886368304e-31,-3.0985972269947074e-10
18.490000000000002,-6.72156677,14.09610125,-0.1173134710291404,0.2460233785069883,-0.0050231409640513,-0.0853187287013394,0.2992635866922546,-0.6657269383840736,1.4734730722937055,-1.0196937540392652,4.155905597827989e-26,-1.4275777437361697e-08,-4.1363098965609365e-26,-3.021031245674365e-10
18.5,-6.09011953,13.44150515,-0.1062926376385095,0.2345985212912742,-0.0013310276497353,-0.091923462401391,0.3692113314315357,-0.6604733700050541,1.5042832061887932,-0.9883848249439916,1.5024690523740078e-21,-1.0327164328493776e-08,-1.4991590035148369e-21,-2.146225639410604e-10
18.51,-5.36720329,12.79014765,-0.093675369034372,0.2232301883087153,0.0031073142027394,-0.0984380711331596,0.4438341852474176,-0.6514608731767549,1.5325021457853416,-0.9541508615470998,1.4944555422024226e-17,-5.655109011701651e-09,-1.4933639714160834e-17,-1.150881753327516e-10
18.52,-4.56452919,12.13588921,-0.0796660631688898,0.2118112243717535,0.0083155748993777,-0.1048361490327367,0.520826069663934,-0.6398077899578424,1.558405790511059,-0.9178225199849464,4.4700919434886105e-14,-2.529594152272111e-09,-4.4697500903893136e-14,-5.027099639295067e-11
18.53,-3.70408238,11.45343974,-0.0646484332961077,0.1999002341417632,0.0142826065105077,-0.1111266901304048,0.5967031611129052,-0.6290541097667082,1.5823976302919311,-0.8830166496322526,4.0462150925493325e-11,-1.2049429191811259e-09,-4.045943819924112e-11,-2.3366470842623632e-11
18.54,-2.72584026,10.81240624,-0.0475748874204182,0.1887120889511802,0.0210718169528546,-0.1172279744040195,0.678921044234825,-0.6101284273615899,1.604966367779187,-0.8395263657849473,2.5961563100188424e-08,-3.0031051709483985e-10,-2.5946464587517264e-08,-5.631770744750232e-12
18.55,-1.69402959,10.14628247,-0.0295663939717096,0.1770860359388827,0.0286535346249707,-0.1231518177955169,0.7581717672114877,-0.5923843391496545,1.6264381185497767,-0.797587185588654,6.558279085839803e-06,-7.988749167939222e-11,-6.548166869477235e-06,-1.444969638433158e-12
18.56,-0.64785703,9.44131694,-0.0113072382556916,0.1647820663273159,0.0369447070719181,-0.1289279056688926,0.8291172446949041,-0.5776087873376854,1.6473550832107124,-0.7597124388618463,0.0005823819397161,-2.645457251979269e-11,-0.0005806822544174,-4.612279398211156e-13
18.57,0.527633,8.79270641,0.0092089330921752,0.1534616770157104,0.0460139146654521,-0.1344606446362271,0.9069207593532648,-0.5532738967333551,1.6671552234109754,-0.7097714033833804,0.0519764610137641,-3.827891670115523e-12,-0.051736214068746,-6.30832850022981e-14
18.580000000000002,1.65333624,8.07788342,0.0288561610305431,0.1409856622712599,0.0556871032799338,-0.1398221676716485,0.9673188614483598,-0.536152303542249,1.6875642489369789,-0.6697435920390469,1.1114246184408456,-9.810921878350268e-13,-1.103883024380328,-1.532398908634487e-14
18.59,2.85560083,7.39717074,0.0498396366061828,0.1291049847451854,0.0659640243549643,-0.1449496460011423,1.0276921075028898,-0.512747832949301,1.707415244772285,-0.621220790994561,5.283456689636192,-1.3894448585230022e-13,-5.234397142963729,-2.0060265270902497e-15
18.6,4.05589767,6.70950433,0.0707887684654664,0.1171029417353161,0.0767387593058435,-0.1498395108488276,1.0774734950877465,-0.488986484768454,1.7277587968900552,-0.5723000045500318,6.365546573005202,-1.7872385126835338e-14,-6.287558215313667,-2.3475529452577035e-16
18.61,5.25758303,6.03114851,0.0917621345704798,0.1052633991762501,0.0879147037504665,-0.1544685330958363,1.1175944444625237,-0.4629022247009595,1.7486382995036724,-0.5199497281012316,6.478606055394506,-1.7126805891945485e-15,-6.376761027390005,-2.016719974189103e-17
18.62,6.41957657,5.34638102,0.1120427477303842,0.0933119518651328,0.0993466214237022,-0.1588369939166629,1.1431917673233971,-0.4368460820825992,1.7707696753440902,-0.4677545333374532,6.493319261446349,-1.5047282714355546e-16,-6.364332377042143,-1.6038346897350785e-18
18.63,7.56385377,4.68537379,0.1320141524258858,0.0817751993221453,0.1109270830787525,-0.1629072857055181,1.1580461655052567,-0.4070291788855933,1.7938847824368347,-0.4094860082081847,6.49663311202585,-8.079781183766705e-18,-6.336132151500314,-8.072366214646103e-20
18.64,8.62583533,4.0222623,0.1505492272433516,0.0702017205138399,0.1224716962801191,-0.1666797730283104,1.1544613201364822,-0.3772487322791777,1.8193466217214755,-0.3513392716134903,6.496265894858981,-3.8057616468960495e-19,-6.297217716304218,-3.8065686574135665e-21
18.650000000000002,9.63926434,3.3817138,0.1682369002030781,0.059022040170129,0.1338537290073295,-0.1701242942598206,1.1382032727212583,-0.3444521231510808,1.8466832379985147,-0.2880731922935839,6.492882656892007,-1.0947195720850165e-20,-6.248019974020797,-1.0487966758828904e-22
18.66,10.57127124,2.75875604,0.1845034892593836,0.0481493761572803,0.1449139103496437,-0.1732211250819189,1.1060181342312505,-0.3096830822097844,1.8769619747688264,-0.2214492891195734,6.47257430854965,-2.0622786550085552e-22,-6.172336747264778,-1.3813067259289347e-24
18.67,11.43150915,2.17709297,0.1995174731393583,0.0379974404485221,0.1555190437991007,-0.1759230537954075,1.0605133449455355,-0.2701928713488199,1.9103681975265248,-0.146488053683462,6.303762090458994,-1.713366923784579e-24,-5.944622749058695,6.953037511199901e-28
18.68,12.22752875,1.62488851,0.2134106360697666,0.0283596544773248,0.165558083930257,-0.1782038797049332,1.0039040131158248,-0.2280825909526117,1.947184241984632,-0.0671598096794695,4.574967761268278,-7.783963381811575e-27,-4.255352965025058,-4.0570569602116674e-29
18.69,12.95625929,1.11595238,0.2261293833526028,0.0194770433264669,0.1749273066147112,-0.1800236778039787,0.9369222684452762,-0.1819798099045248,1.98813007703352,0.0186554917630127,0.5400619523467252,-1.6715455817212657e-29,-0.4937874936810271,2.0060309064652757e-31
18.7,13.62698229,0.64639015,0.2378357080714567,0.01128163636996,0.1835464133035613,-0.1813530562317253,0.8619106688851846,-0.13293784277469,2.033573526145401,0.1082906114594347,0.0116621473920074,-2.5608895501307877e-32,-0.0104370757106622,2.7928139271672377e-33
18.71,14.23948063,0.20658956,0.2485258207674564,0.0036056680222463,0.1913448950772066,-0.1821799731435577,0.7798481773644008,-0.0826916911832213,2.084360881269314,0.1976907009081155,0.0001117193249551,-7.444983319741497e-35,-9.732032707595494e-05,1.463570459076327e-35
18.72,14.8106517,-0.17899838,0.2584946365310954,-0.0031241110867359,0.1982839574896081,-0.1824642628901732,0.6939062412402905,-0.0284289746615596,2.140476395005447,0.2907937778130531,5.37223090795444e-07,-1.3558853962039837e-36,-4.524216484284383e-07,3.865440777988983e-37
18.73,15.34189565,-0.53723464,0.2677665925898956,-0.0093765133237664,0.2043342343047843,-0.1822066354701888,0.6050276815175307,0.0257627419984406,2.20265860084134,0.3795462998520428,1.186823349331095e-09,-1.1377365511056182e-36,-9.57697443922794e-10,4.210073944852469e-37
18.740000000000002,15.84901128,-0.84553006,0.2766174300217209,-0.0147572834715852,0.209493975632839,-0.1813813880949163,0.5159741328055745,0.0825247375272672,2.270482550735581,0.4675111879854001,1.2619838949102469e-12,-6.099367898309215e-35,-9.653938346230929e-13,2.751243996006677e-35
18.75,16.33455161,-1.13712046,0.2850917074314407,-0.0198464960187924,0.2137697849706634,-0.180011059670042,0.427580933782373,0.1370328424874008,2.344169551062176,0.5470784030089124,6.111673292115375e-16,-3.4740874724589577e-32,-4.3724682643003934e-16,1.808441550432089e-32
18.76,16.806065,-1.3998963,0.2933211685541808,-0.0244327996214862,0.2171824596607773,-0.1781038034788987,0.3412674690113353,0.1907256191143021,2.423159662784414,0.6207954911839788,1.4441085083087934e-19,-4.3767221310053937e-29,-9.503306748092344e-20,2.5461960386798076e-29
18.77,17.26822255,-1.64408869,0.3013873394646311,-0.0286947608353003,0.2197620815646494,-0.1756834489407002,0.2579621903872606,0.2420354538199008,2.5066967498487087,0.6872548478977624,2.066474781880368e-23,-3.998678063046331e-26,-1.225669004690178e-23,2.536443403641824e-26
18.78,17.72386077,-1.87364743,0.3093397266015574,-0.0327013166750299,0.2215447773675384,-0.1727800470024845,0.1782695802888727,0.2903401938215273,2.5937924857217483,0.746686987477301,3.21028064290544e-27,-1.777651854140333e-23,-1.6730875205098224e-27,1.207146244871762e-23
18.79,18.1921345,-2.08347264,0.3175126449906524,-0.0363634574432185,0.2225932861141125,-0.1694174874785764,0.1048508746574292,0.3362559523908767,2.680536833123462,0.8006660782001264,2.3133356259842597e-30,-4.004503611639485e-21,-1.0300716414357129e-30,2.8740027584497358e-21
18.8,18.63234485,-2.30133165,0.325195764999509,-0.0401658144728537,0.2229168166708879,-0.1656565327910223,0.0323530556775286,0.3760954687553464,2.7721138698912773,0.8466163136100435,2.794996112742677e-32,-3.184231098058536e-19,-1.0076103559477116e-32,2.384842904168795e-19
18.81,19.05217784,-2.51962241,0.3325232329835014,-0.0439757069615345,0.2225378993449062,-0.1615457797135186,-0.0378917325981684,0.411075307750451,2.8663532311549917,0.8868204908846624,3.114687532613983e-32,-1.17011652424756e-17,-8.413755517716632e-33,9.068646863613941e-18
18.82,19.49264563,-2.71769958,0.3402108461679843,-0.047432805751067,0.2215346001270998,-0.1571053512813241,-0.1003299217806268,0.4440428432193832,2.9267831126223505,0.9243343625847296,1.2900915212204588e-30,-2.9154095624565143e-16,-2.742656806127357e-31,2.327128495350392e-16
18.830000000000002,19.9052252,-2.92467272,0.3474117180909468,-0.0510451685072582,0.2199195485193044,-0.1523935500855132,-0.1615051607795697,0.4711801195811848,3.0115510869885536,0.9566787051103764,4.067389554507099e-28,-3.568227258215579e-15,-5.369531187843e-29,2.9163628317643685e-15
18.84,20.29147424,-3.13121985,0.354153035571614,-0.0546500959863029,0.2177098616833143,-0.1474537577481494,-0.2209686835989753,0.493979233736303,3.097035530902225,0.985554085084462,2.483604015289679e-25,-2.6611899079723424e-14,-8.957481219133908e-27,2.2184720616104187e-14
18.85,20.65268246,-3.33771567,0.3604573082958821,-0.0582541279369085,0.2149263741316992,-0.1423279018348624,-0.2783487551614708,0.5125855913286157,-3.101010603572016,1.0114448795689814,1.3171740351479846e-22,-1.2812121639572305e-13,1.07232410193881e-24,1.0860619732080904e-13
18.86,20.98115298,-3.53512782,0.36619020036562,-0.0616996199378494,0.2115815692835113,-0.1370441098691801,-0.3344804848188609,0.5283791965683429,-3.0154737542949133,1.0355228158520198,4.850141005500941e-20,-4.645889369310684e-13,-5.947822823620374e-23,3.9965386539191594e-13
18.87,21.25849118,-3.73856708,0.3710306650971745,-0.0652503048526702,0.2076662346763677,-0.1316489425358148,-0.391533460714291,0.5395167333364387,-2.926757321455516,1.0568215712947644,1.3891892773626165e-17,-1.0992989813043508e-12,8.599292967564931e-20,9.573934387937949e-13
18.88,21.51605113,-3.91188176,0.3755259342459465,-0.0682752166607106,0.2032158098972982,-0.1261391740498486,-0.4450424779070397,0.5509768485967361,-2.842016696640575,1.0784790597474627,1.946161314102592e-15,-2.6560046407169044e-12,1.900743175143186e-17,2.340913262352235e-12
18.89,21.73214299,-4.06792631,0.3792974486897051,-0.0709987078380035,0.1982379113062818,-0.1205291787493391,-0.4977898591015688,0.5609995300508552,-2.757541613460427,1.099477106769041,1.834336245070609e-13,-5.636168097428752e-12,1.825929207888731e-15,5.022415203069651e-12
18.900000000000002,21.906749,-4.19876805,0.3823448984579753,-0.0732823270000418,0.192742542945326,-0.1148225429879176,-0.5495368360956832,0.5706635761422618,-2.6741113330860435,1.120450765346761,1.1814144141857011e-11,-1.1556238709463906e-11,1.258658491300343e-13,1.0405661645788336e-11
18.91,22.03693831,-4.30489138,0.3846171305683748,-0.0751345285217223,0.1867380827702487,-0.1090237844821487,-0.6004460175076365,0.5798758505768049,-2.591899163635836,1.1413555979819607,5.482887426975905e-10,-2.274205508874369e-11,6.8714699760513344e-12,2.0680298088561773e-11
18.92,22.122008,-4.38349008,0.3861018767525258,-0.0765063346245096,0.1802342594945649,-0.1031339881724225,-0.6503823275682784,0.5889796309725229,-2.5114383677831547,1.1623687561105294,1.8822761878700792e-08,-4.424209338011168e-11,2.7606801145255447e-10,4.060937155716406e-11
18.93,22.16156918,-4.43133354,0.3867923495994999,-0.0773413605270558,0.1732424118759618,-0.0971505095853142,-0.6991847618604528,0.5983478587109498,-2.4331967021896856,1.1836580783620854,4.891304990039024e-07,-8.772377315775429e-11,8.047103940308148e-09,8.124405349348943e-11
18.94,22.15671445,-4.4532315,0.3867076185767045,-0.0777235520285258,0.1657772364921288,-0.0910777106713469,-0.7465175383831845,0.607279891396636,-2.357709611434881,1.20488570427718,9.717389326598663e-06,-1.6744278792600846e-10,1.7352900633678645e-07,1.5638087222565187e-10
18.95,22.11142433,-4.44465657,0.3859171568640812,-0.0775738912668978,0.1578602131412434,-0.0849142949113362,-0.7917023350886975,0.6163415760011952,-2.285663864487959,1.2262959931947095,0.0001459835032524,-3.2220965547255146e-10,2.773638920705977e-06,3.0332054176935527e-10
18.96,22.02619157,-4.41683048,0.3844295645715191,-0.0770882343784415,0.1495144513134294,-0.0786741831879036,-0.8345761827812687,0.6240111723431636,-2.2170259201699807,1.2472633105367374,0.0016946848824585,-5.543189378984512e-10,3.383205840944757e-05,5.2562895539119e-10
18.97,21.90771562,-4.37137886,0.3823617691595909,-0.0762949539590762,0.1407725080363935,-0.0723728467009602,-0.8741943277037608,0.6301336486944591,-2.152286118775498,1.2677741598613743,0.0148005094214569,-8.449532645911384e-10,0.0003077573872358,8.065545896301946e-10
18.98,21.76010809,-4.31945436,0.3797855317603545,-0.0753887004716244,0.131672141763936,-0.0660394696067739,-0.910036627245605,0.6333377094185364,-2.0913533268791435,1.2873901272538206,0.0964528461123088,-1.028234456719658e-09,0.0020756297676255,9.87326922286925e-10
18.990000000000002,21.58799,-4.28495782,0.3767815043876107,-0.0747866222680785,0.1222563775532251,-0.0597323018450889,-0.94157642107128,0.6307167761686188,-2.0340273853183946,1.305219636096499,0.4527467415592255,-7.972221176024404e-10,0.0100319696043184,7.693509676359225e-10
19.0,21.40880456,-4.2382977,0.3736541284879759,-0.0739722495447028,0.1125895301202819,-0.0534667579465955,-0.9666847432941648,0.626554389849243,-1.980909991957224,1.3227665054815934,1.330424914099851,-5.490715599164452e-10,0.0302134677571368,5.323178664748534e-10
19.01,21.22344642,-4.21406652,0.3704190186496033,-0.0735493356720594,0.1027337598245463,-0.0473017965280073,-0.9855770295734076,0.616496141858728,-1.9310673073440336,1.3387234707844822,2.521223526717649,-2.361356010641679e-10,0.0584631869190332,2.2982428820544487e-10
19.02,21.04757102,-4.20567233,0.3673494138463413,-0.0734028294185214,0.0927680554671839,-0.0412829118392694,-0.9965704357364406,0.6018884688739051,-1.8845423915841155,1.3535494427764014,3.321366694146888,-6.913096610416727e-11,0.0783732521003088,6.75110455563513e-11
19.03,20.88037952,-4.22242738,0.3644313716899932,-0.0736952602073577,0.0827651656195202,-0.0354635102423503,-1.0002889847662126,0.581940159691821,-1.8402940915427888,1.367029527306611,3.5497976257272086,-1.250478123279582e-11,0.0850023054277456,1.2246893503428303e-11
19.04,20.72702715,-4.2761677,0.3617548679177566,-0.0746332057324331,0.0727993871353918,-0.0299072886626991,-0.996577848413038,0.5556221579652325,-1.797719052736312,1.3788361950740964,3.187688184598525,-1.2114426576620485e-12,0.0772726888222521,1.18926296946899e-12
19.05,20.5783159,-4.3652702,0.3591593669705001,-0.0761883377291913,0.0629273965832517,-0.0246696526792625,-0.987199055213862,0.5237635983435771,-1.7556602801127503,1.389074269441494,2.38898023462001,-6.219265463292856e-14,0.0585055905942115,6.117194646158793e-14
19.06,20.41398309,-4.49784874,0.3562912183669459,-0.0785022697696783,0.0531748862057863,-0.0198106446464637,-0.9752510377467324,0.4859008032799815,-1.7128775804174174,1.397403648657071,1.5292350663630083,-1.4398826839505633e-15,0.0377651038509488,1.4183634928520262e-15
19.07,20.24278583,-4.68141518,0.3533032625095531,-0.081706108543843,0.043576407092814,-0.0153934742847264,-0.9598479112970748,0.441717036173659,-1.669327468464347,1.4033566437052352,0.7764944253595218,-1.2114310936654515e-17,0.0192977088957018,1.194545568024801e-17
19.080000000000002,20.07514939,-4.87438761,0.3503774546852312,-0.0850741128129172,0.0341766790005781,-0.0114202948401087,-0.9399728092237766,0.3973179444618432,-1.6247871629866184,1.4082280280867796,0.290512086765574,-6.008815388283433e-20,0.007249855174279,5.929855129770525e-20
19.09,19.83912758,-5.15712027,0.3462580969942147,-0.0900087286328389,0.0249226849987744,-0.0079947662953131,-0.9253994001802244,0.3425528544795083,-1.5780720896316485,1.4082857704813871,0.1343312192774809,-3.590916275255679e-23,0.0033581715238291,3.543762444234959e-23
19.1,19.57623379,-5.45664573,0.3416697347756682,-0.0952364341033895,0.0158185087295199,-0.0051152183190462,-0.9104176269253118,0.2879547976266454,-1.5300287705343376,1.4054988165941995,0.0594610177776816,-6.061147933884288e-27,0.0014850131140476,5.978808424790353e-27
19.11,19.2883534,-5.76543296,0.3366452741182428,-0.1006257879550025,0.0068696303343542,-0.0027673103365438,-0.8948878395167441,0.2347907982502894,-1.4807140205237972,1.399372823903679,0.0251362655952402,-2.230874480890222e-31,0.0006253006078431,2.198285268617813e-31
19.12,18.94292246,-6.09726085,0.3306163668769838,-0.106417277185448,-0.0019618944844582,-0.0009526604471029,-0.8831524818811121,0.1814649889440569,-1.430906302127528,1.3878120853323554,0.0129981722493395,-5.660501615838193e-37,0.0003211147098553,5.5663093006237706e-37
19.13,18.47971738,-6.48493979,0.3225319131190201,-0.1131835511290896,-0.0107898430757109,0.0002877163029909,-0.8827948591254453,0.1240376750094172,-1.3833211312181652,1.3653866252730793,0.0127840936394842,-3.09494282717467e-45,0.0003128988807916,3.030085103253376e-45
19.14,18.04320858,-6.80072819,0.3149133973450907,-0.1186950984486945,-0.0195320299479872,0.0010844694427263,-0.8742186872274916,0.0796753139735322,-1.3340046011822444,1.3403192841191651,0.0079214820422889,-7.605255488080837e-55,0.0001915119752973,7.404761489394369e-55
19.150000000000002,17.54079813,-7.08954729,0.3061446807961643,-0.1237359426863412,-0.0282328492935588,0.001502796458712,-0.8700819345573322,0.0418327015985719,-1.2866666823090125,1.3090385340517086,0.006337573939759,-7.99303511077274e-69,0.0001510548214452,7.721535731602589e-69
19.16,16.99669323,-7.34003356,0.2966482588149299,-0.1281077528288807,-0.0369021019599928,0.0016198260399307,-0.8669252666432687,0.0117029581218708,-1.2406401116526546,1.2738374912979027,0.0053863084907901,-2.7147611991840687e-96,0.0001263480436892,2.596246512243354e-96
19.17,16.43170165,-7.51636099,0.2867872954978849,-0.1311852470439606,-0.0455219302408425,0.0015549431491459,-0.8619828280848325,-0.0064882890784772,-1.19481592890919,1.2458173370461327,0.0041476832037158,-1.061094605729371e-108,9.557041455570133e-05,1.005687091484202e-108
19.18,15.84698633,-7.62058638,0.2765820879770326,-0.1330043232636357,-0.0540744489661594,0.0014169345575861,-0.8552518725318621,-0.0138008591559852,-1.149103108358602,1.231644492424897,0.0028889400170882,-8.357366485691898e-93,6.526937561843847e-05,7.882396135088582e-93
19.19,15.26576342,-7.63524802,0.26643783450951,-0.1332602171553778,-0.0625132615633863,0.0013294164734653,-0.8438812597225627,-0.0087518084120765,-1.1016145140542295,1.239188613680285,0.0015356623320892,-1.4637998074362045e-102,3.3928567215999983e-05,1.3842391225003464e-102
19.2,14.66562223,-7.57117024,0.2559633947671731,-0.1321418489170092,-0.0708249824062588,0.0013924433215333,-0.8311720842874101,0.0063026848068039,-1.054166299662387,1.263495124478923,0.0007515537928876,-2.0258512350322505e-109,1.6207056923640473e-05,1.931186243454597e-109
19.21,14.10597722,-7.39675031,0.2461957467003165,-0.1290976468574112,-0.0789208115752436,0.0017385698676288,-0.8095829168983546,0.0346126546095413,-1.0009900170541095,1.3036382971713256,0.0002131356824828,-6.338948780519391e-73,4.462376392628846e-06,6.114703508759864e-73
19.22,13.51326622,-7.14863089,0.2358509882375284,-0.1247671460402725,-0.0868149649704834,0.00244144138162,-0.7894153395241329,0.0702871513991345,-0.9494611215724555,1.3452668527121598,6.437404341653376e-05,-1.4784355600607736e-57,1.306195719506272e-06,1.4411096408557936e-57
19.23,12.95693897,-6.81802512,0.2261412460064627,-0.1189969868276814,-0.0944316202044103,0.0035785118605673,-0.7616655233925771,0.1137070478947081,-0.8918284604153754,1.3858666808875946,1.1661325763798489e-05,-4.1023325933890263e-47,2.2758575056642398e-07,4.032612928465493e-47
19.240000000000002,12.40566814,-6.39483869,0.2165197549527608,-0.111610990274421,-0.1017426140447502,0.0052320127329911,-0.731099384034131,0.1653500872424111,-0.8316322308952326,1.423996514372074,1.6595637118739126e-06,-5.546256188516922e-39,3.092085231984316e-08,5.4868068399546514e-39
19.25,11.86775259,-5.9062185,0.2071313575075846,-0.1030829591672007,-0.1087127164408087,0.0074400117960055,-0.6970102396057394,0.2207999063014087,-0.767783983465813,1.4573539666015305,1.7212069835233145e-07,-1.0596881240437614e-32,3.0256235121595687e-09,1.0529009690014336e-32
19.26,11.35629821,-5.33771868,0.1982047946028384,-0.0931607655112056,-0.1152941315682213,0.0102532351035038,-0.6581415127411601,0.2813223307497882,-0.6983245883818386,1.4872639264537344,1.1404165189314074e-08,-1.938815739186953e-27,1.8524151862334127e-10,1.9320800249499523e-27
19.27,10.79346551,-4.75155515,0.1883815108499489,-0.082930281957593,-0.1215454744447915,0.013634808401683,-0.6251342876571414,0.3381573298179856,-0.6358420453922384,1.5128912224533744,1.0338479249642071e-09,-1.9341534584217602e-23,1.5311463523477526e-11,1.930923691905409e-23
19.28,10.26173592,-4.0902557,0.1791010787741694,-0.0713884292134654,-0.1274159133510128,0.0176215831616548,-0.587043890622038,0.398677475997115,-0.5672747161443571,1.5365377228005046,5.5749618902729636e-11,-7.331437540701963e-20,7.24752936266613e-13,7.327151654735408e-20
19.29,9.69038155,-3.39854163,0.1691290638220115,-0.0593157412095948,-0.1329519788164432,0.0221864561378047,-0.5536065465431552,0.4564872976150861,-0.505447624231429,1.558101486589284,3.817504968932483e-12,-6.456027027182645e-17,4.3639046686562514e-14,6.455508749575102e-17
19.3,9.07947141,-2.68224286,0.158466670445192,-0.0468139692451093,-0.1381983873509732,0.0272935032653266,-0.5246408534529163,0.5107047127521059,-0.4508920882460143,1.5782028864964075,3.422922290834743e-13,-1.7880206545979458e-14,3.555714758779566e-15,1.7879717948283556e-14
19.31,8.44001543,-1.92077037,0.147306058172625,-0.0335237671312497,-0.1431837625770888,0.03293293873661,-0.4985375226116577,0.563943547128455,-0.4017343750888639,1.5973044338113631,3.6173056963759835e-14,-2.580230848666669e-12,3.6048724532642943e-16,2.579327735192401e-12
19.32,7.79506397,-1.10608192,0.1360495316800805,-0.0193047713007805,-0.1479060910307331,0.0391030203563038,-0.4722328453643548,0.6170081619692833,-0.3536735375838315,1.6156092896988,3.4415133921770415e-15,-2.349520087146894e-10,3.441302301840435e-17,2.3471700566526465e-10
19.330000000000002,7.11654279,-0.25370632,0.1242071030445633,-0.0044280106171183,-0.1524011800155639,0.0457790331744058,-0.4495088984831702,0.6676012818103326,-0.3122188407726559,1.6333537620064038,4.277498622616504e-16,-1.2294334466931053e-08,4.2349789450242516e-18,1.2270374152935208e-08
19.34,6.42266823,0.64959222,0.1120967073767364,0.0113375230343393,-0.1566797358950714,0.0529522525614883,-0.427855587950687,0.7173219387081323,-0.2736611843206157,1.650597589801107,5.547085125795194e-17,-4.545936853146885e-07,5.12713560276886e-19,4.531522388666937e-07
19.35,5.71781438,1.60829086,0.0997946869488782,0.0280699708367311,-0.1607470852899512,0.0606174952763542,-0.406734939487913,0.7665242714864763,-0.2371393146331014,1.6674029849770806,7.149101898437376e-18,-1.279076195388953e-05,5.51823757625593e-20,1.273133593697728e-05
19.36,5.00950406,2.61584083,0.0874323397390235,0.0456550351916012,-0.1645994723678371,0.0687586534584155,-0.3852387077886699,0.8141158182062905,-0.2012550191388418,1.6839271909678184,8.31678971321058e-19,-0.0002656915316067,4.150138572140379e-21,0.000263999138483
19.37,4.30607842,3.66931975,0.0751552462780752,0.0640417109459552,-0.1682236981038452,0.0773542687468475,-0.3624225736007474,0.8595615288430616,-0.1645852318083063,1.7002822815531289,7.799938291289194e-20,-0.0041120959083439,8.898875195219794e-23,0.0040777915120933
19.38,3.6176051,4.76063333,0.0631391200319387,0.0830887260886817,-0.1715956646573371,0.086371371379617,-0.3371966553492622,0.901710263277131,-0.1255329434352286,1.7166436266894465,5.0985134809370275e-21,-0.0459562437914622,-6.272172994590627e-24,0.0454700090977689
19.39,2.94892414,5.88181235,0.0514684356345422,0.1026569914919651,-0.1746880847965834,0.0957666730993967,-0.3092420139245838,0.9395301719778262,-0.083646708786364,1.7331827781145082,2.1617118589762967e-22,-0.3519629315668449,5.147339742007217e-25,0.347348201695716
19.400000000000002,2.30112263,7.01385682,0.0401621663856512,0.1224148947724592,-0.1774757279453651,0.105473339865582,-0.2787643148782187,0.9706666766187174,-0.0392397692035229,1.7502542130114596,5.8775035675381894e-24,-1.5101955013988648,4.803058348655289e-26,1.486022509842155
19.41,1.68299779,8.14787581,0.029373852739288,0.1422072599280999,-0.1799254382413445,0.1154161400616831,-0.2449710295979101,0.9942800196099556,0.0087759738249852,1.7680504002492234,8.970749497736345e-26,-3.3276526659462755,-4.4624954220920755e-28,3.263330965458489
19.42,1.09387678,9.26259287,0.0190917514221136,0.1616627428532511,-0.1820091604277451,0.1254965057918998,-0.2083722186400273,1.008036573021518,0.0596063830256689,1.787027057823869,8.147431207234883e-28,-4.463543514348253,-4.288820042731855e-29,4.359923873836982
19.43,0.52888977,10.31845954,0.0092308678666155,0.1800910927068195,-0.1837091494556561,0.1355712411629052,-0.1699989027911274,1.0074735371007344,0.1117436152838944,1.8081078794751129,5.4414071967150715e-30,-4.513825787403153,-6.139000907440184e-31,4.3876963344768045
19.44,0.00219898,11.33580926,3.837944118550491e-05,0.1978471949650619,-0.1849926941139746,0.1455338340942855,-0.1283544658318363,0.9962592931378768,0.1671357265371147,1.8309750525900372,2.738453532706467e-32,-3.798008412199199,-4.603888363000869e-33,3.670545796436374
19.45,-0.51124881,12.27571116,-0.0089229750314029,0.2142515777658124,-0.1858641330405081,0.1552359117868254,-0.0871438926533608,0.9702077692541792,0.2207103020687249,1.8568737368062729,2.6925053023648223e-34,-1.905271526994808,-5.873690599473965e-35,1.8280445118116688
19.46,-0.95997877,13.19653056,-0.0167547902857453,0.230322908112051,-0.1862631155175313,0.164616614560337,-0.0398982477023128,0.938070277351014,0.2808058499988228,1.884442710059188,6.402305834458702e-36,-0.521954746618666,-1.7637091364636983e-36,0.4965541586954878
19.47,-1.38646473,14.02705219,-0.0241983745012742,0.2448182450645812,-0.1861912472330098,0.1735293828157837,0.0071868284521506,0.8912768255448563,0.3391822625945622,1.9163624478645165,2.12344354046371e-36,-0.0517647234920464,-7.041364400087776e-37,0.0487114422655183
19.48,-1.78629079,14.77128358,-0.0311766556835506,0.2578075332167752,-0.1856468521888176,0.1818461011290394,0.054439504419204,0.83167183132544,0.3962870139471143,1.9533273106395228,1.389788740635102e-35,-0.0020769250997209,-5.361714541306554e-36,0.0019271038002488
19.490000000000002,-2.15928284,15.46253318,-0.0376865950398139,0.269872114689869,-0.1846307199261011,0.1894942304766738,0.1016132262716748,0.7648129347635836,0.4518681181344464,1.9948937313550592,1.0019581182146766e-33,-4.3403342957673705e-05,-4.378421166528773e-34,3.9564481695476376e-05
19.5,-2.49829259,16.08330668,-0.0436034313736767,0.280706656173998,-0.1831369083558849,0.1963876076751873,0.1493811570215958,0.6893377198512467,0.5067176340259445,2.042997814733504,3.084910933732865e-31,-3.817737718211169e-07,-1.498507569789939e-31,3.400471747859155e-07
19.51,-2.83164463,16.60190026,-0.0494215220399166,0.2897578216247026,-0.1811991611923769,0.202409619423636,0.1937747163507699,0.6022011748447716,0.5567313742708471,2.101395084658674,9.986631045296825e-29,-9.164742358479851e-10,-5.280319069037888e-29,7.905592738055751e-10
19.52,-3.13492752,17.08754951,-0.0547148070353803,0.2982340000470437,-0.1788195842161131,0.2075462523626321,0.2379576976264315,0.5136632938997154,0.6055068272272177,2.1676191651222374,3.153510912747589e-26,-9.743950121505072e-13,-1.795336482258956e-26,8.059952449945193e-13
19.53,-3.41165687,17.52753909,-0.0595446453297841,0.3059132668925107,-0.17600710624031,0.211772935770012,0.281247797580259,0.4226683407379283,0.6524870128047978,2.2444116001995376,7.169815748022142e-24,-3.5048700958612437e-16,-4.3530755148017076e-24,2.739187222597935e-16
19.54,-3.67642625,17.91900057,-0.0641657427692481,0.3127455586132406,-0.172791258769934,0.2150681623196216,0.3215847470376705,0.3295226549610192,0.6960100318126865,2.3343909219228034,8.541104363524509e-22,-3.630420931377809e-20,-5.475287883713551e-22,2.6220061290793802e-20
19.55,-3.91567055,18.27760746,-0.0683413435208772,0.3190044295640777,-0.1691840748086981,0.217437296132666,0.3607183961235291,0.2369133813044007,0.7379186270376403,2.437957386169698,6.76304077399187e-20,-1.5019458128490587e-24,-4.5488767509033085e-20,9.715719721917828e-25
19.56,-4.13116905,18.62872659,-0.0721025018789862,0.3251326144493157,-0.1652011711835158,0.2189230624066832,0.3982903625183152,0.1485766274017576,0.7780842446466847,2.552239727292162,3.519280400002231e-18,-8.724176073607936e-29,-2.469751091819e-18,4.850837764864852e-29
19.57,-4.3599335,18.88698065,-0.0760951947430002,0.3296399981029588,-0.1609069646292479,0.2194597772133378,0.429420655426715,0.0536714806654458,0.8129869785688559,2.693259050051338,7.647888471720936e-17,-3.246125422626197e-32,-5.554085895857214e-17,1.4081193720323186e-32
19.580000000000002,-4.55279776,19.14945228,-0.0794613110894225,0.334220992239535,-0.1562992511995822,0.2191169820526841,0.4607713429666621,-0.0342795160653787,0.8480036319969101,2.8415427468104,1.4780531704985688e-15,-1.2860152823317596e-32,-1.1083534686043943e-15,3.780801385796675e-33
19.59,-4.71289181,19.39528925,-0.082255479374775,0.3385116567891616,-0.1513817956537793,0.2179370176835001,0.4917455545802204,-0.1179964369183726,0.8827040410368793,2.9964977346402195,2.4154498683564655e-14,-3.315935870679674e-30,-1.8657141663316605e-14,4.875160053469652e-31
19.6,-4.87021315,19.60291541,-0.0850012547414244,0.3421354168944341,-0.146198615063351,0.2159358769736811,0.5183180590427461,-0.2001140709818708,0.9144782319507196,-3.125539805558632,2.3653655918511293e-13,-1.820234662189327e-26,-1.8739132774559386e-13,-1.0582698921744322e-28
19.61,-5.01061778,19.78148843,-0.0874517778199688,0.3452521040486638,-0.1407736697510544,0.2131446999145688,0.5424945312297699,-0.2791177059112831,0.9448720691205876,-2.9672457178814264,1.7386738976004025e-12,-1.2310601858631561e-22,-1.4090932586273745e-12,-2.6478739823048146e-25
19.62,-5.13307614,19.92807555,-0.0895890793985614,0.3478105319336798,-0.1351291791425529,0.2095929036876245,0.5644490608500535,-0.3551796226943765,0.9741220218694232,-2.817096463915981,9.982388518560535e-12,-3.796262437820895e-19,-8.258017433333771e-12,-3.7862391660426244e-21
19.63,-5.23999843,20.04871727,-0.0914552254028336,0.349916127162949,-0.1292900774536493,0.2053197260015038,0.5839101688904803,-0.4273177686121555,1.0021799424858275,-2.680613328621173,4.4656578345296026e-11,-4.033925296734998e-16,-3.763311284064776e-11,-4.253128478687412e-18
19.64,-5.33161616,20.13708411,-0.0930542564445368,0.3514584194705319,-0.123280858751954,0.2003573427793028,0.6009218701694342,-0.4962383222200274,1.0291768610238092,-2.557956242932478,1.5900863181415766e-10,-1.7261141556116257e-13,-1.3626600881384089e-10,-2.319930868254945e-15
19.650000000000002,-5.4037559,20.19539065,-0.0943133324290694,0.3524760605689778,-0.1171197809926006,0.1947422363780136,0.6161077759354613,-0.5615106401290294,1.05553177279276,-2.449613383619518,4.79924682610576e-10,-3.265928764094104e-11,-4.1766746530593616e-10,-5.261086272694634e-13
19.66,-5.45708666,20.22098201,-0.0952441297836603,0.3529227140610409,-0.1108254902654814,0.1885084054104862,0.6294290727118208,-0.623383096752644,1.0812827029740673,-2.353997505657897,1.2352020027658222e-09,-3.167326999386897e-09,-1.090299665838081e-09,-5.676019716971675e-11
19.67,-5.48946276,20.2242542,-0.0958091993276152,0.3529798245502918,-0.1044132525613967,0.1817041923900897,0.6412237704083747,-0.680421302039543,1.1066452072066673,-2.271019069241401,2.802378410431474e-09,-1.5838963769195465e-07,-2.5062751167786803e-09,-3.043301220046035e-09
19.68,-5.50125329,20.20530192,-0.0960149828966704,0.3526490448635319,-0.0978983732794675,0.174377680968824,0.6514879281930499,-0.7326511421267182,1.131654548218828,-2.1984913442852174,5.632124329050093e-09,-4.529358271999939e-06,-5.09852972780913e-09,-9.152996291763434e-08
19.69,-5.50141545,20.16797838,-0.0960178131225854,0.3519976262020321,-0.0913072107761425,0.1665812991097437,0.6591162503323932,-0.7796381859079079,1.155862059393855,-2.1348786113940896,9.276804510927881e-09,-7.802784946039443e-05,-8.49093254121562e-09,-1.639068333042824e-06
19.7,-5.49124911,20.11825922,-0.0958403770167082,0.3511298631587062,-0.0846663141381547,0.1583739473961206,0.6640896637989144,-0.8207351713624684,1.1793229734293094,-2.0789526770323787,1.2569243370569532e-08,-0.0008316643955379,-1.1620141432485262e-08,-1.8014990067262943e-05
19.71,-5.48279292,20.06408238,-0.095692788659034,0.35018429892238,-0.0780161385438511,0.1498227262516717,0.6650175594302561,-0.8551221144447558,1.201536284278596,-2.029729527843852,1.2675828764927058e-08,-0.0055236824279725,-1.1823166727969343e-08,-0.0001226485113589
19.72,-5.47078833,20.01592882,-0.095483269038182,0.3493438607538234,-0.0713874378739061,0.1410052368619279,0.6628700669946322,-0.8817489389745559,1.2229447010667325,-1.986477244288944,1.0221952705027945e-08,-0.0225328589636596,-9.611091362585374e-09,-0.0005104534275028
19.73,-5.46419556,19.99014097,-0.0953682034948553,0.3488937778643129,-0.0648201848798963,0.1320159286237779,0.6567252994008788,-0.8989308238148623,1.243246858042833,-1.9488942128046896,6.1286162085655346e-09,-0.0533731722502113,-5.803553110121227e-09,-0.0012287470740465
19.740000000000002,-5.46045566,20.01106693,-0.09530292992616,0.3492590047654536,-0.0583477829240239,0.1229746436034273,0.6472401955873686,-0.9041285020352392,1.2627109445193672,-1.9171462651769624,2.8448935272244743e-09,-0.0659204050173509,-2.711281214690718e-09,-0.0015369158928824
19.75,-5.48823496,20.05020745,-0.0957877701750592,0.3499421357103963,-0.052037698696671,0.1139559632527493,0.6310084227351935,-0.901868035067662,1.280171302180075,-1.888292046630682,7.73145009368093e-10,-0.054747697559124,-7.408086779647037e-10,-0.0012901451529048
19.76,-5.53959246,20.11617144,-0.0966841276456522,0.3510934245236489,-0.0459412720864349,0.105039963233306,0.6096426610235084,-0.8916000019441824,1.2961333888729825,-1.8621585157400424,1.3432692215201146e-10,-0.0294510690083135,-1.2930572912674922e-10,-0.0007002967469415
19.77,-5.62786547,20.21662555,-0.0982247823107981,0.3528466794903095,-0.0401221044878137,0.0963101449672504,0.5819167598622338,-0.8729818266057401,1.3100980353083096,-1.83856773959126,1.2807036075222448e-11,-0.0098597000715569,-1.2375517014936e-11,-0.0002362231455584
19.78,-5.74697951,20.33880369,-0.1003037144941503,0.3549790903072721,-0.034629724891234,0.0878263894680444,0.5492379596578884,-0.8483755499204652,1.3223408378411454,-1.816369468518057,6.982597733836423e-13,-0.0022798569252881,-6.76881062383283e-13,-5.498279266868507e-05
19.79,-5.89917575,20.47680262,-0.1029600399913058,0.3573876260000013,-0.0295110936240394,0.0796352151257191,0.5118631267195575,-0.8191174342326918,1.3327027450040452,-1.7949187097153003,2.02598300898186e-14,-0.000382240566269,-1.9689989083999545e-14,-9.272740873268191e-06
19.8,-6.09186199,20.61723139,-0.1063230493025938,0.3598385704010271,-0.0248171973076341,0.0717608640287607,0.4693896316404587,-0.7874351096957143,1.3406919097397318,-1.7732628823431866,2.629637678288412e-16,-5.169492772667573e-05,-2.5605368393105597e-16,-1.260895048090886e-06
19.81,-6.30777075,20.75648136,-0.1100913680484921,0.3622689408608304,-0.0205706147521993,0.0642194199228662,0.4246582555435684,-0.7541444105896051,1.3468046788454793,-1.75095321114556,1.7391561613305506e-18,-5.80879600464433e-06,-1.6958424955644288e-18,-1.4240150491976606e-07
19.82,-6.57928507,20.86225083,-0.1148301868988056,0.3641149663604198,-0.0168315741748666,0.0569823730274883,0.3739040577332054,-0.7237046895376728,1.3490800131530436,-1.7262705143861137,2.970992578634805e-21,-7.212491749440878e-07,-2.8984904615903127e-21,-1.7768977171629542e-08
19.830000000000002,-6.86552421,20.93602334,-0.1198260023398826,0.3654025395573802,-0.0136002801926706,0.0500235982282329,0.3231293982196658,-0.6958774799256832,1.3488132105087325,-1.6991376421265068,1.9996492223816242e-24,-9.897235270288435e-08,-1.950734015118088e-24,-2.449642812844854e-09
19.84,-7.17076909,20.96398222,-0.1251535305207376,0.3658905140685502,-0.0108796438221415,0.043299627937604,0.2720636370528661,-0.6723970290627806,1.3451351569389245,-1.6690024638876335,3.6625788609963325e-28,-1.7343360149315346e-08,-3.5700024524081258e-28,-4.3103994544889717e-10
19.85,-7.48468285,20.93422972,-0.1306323592000528,0.3653712349828506,-0.0086562086290988,0.0367536571840418,0.2223435193042407,-0.6545970753561173,1.337826981778158,-1.635778364831864,1.5155871685245154e-32,-4.423746353212111e-09,-1.4747669605693214e-32,-1.103083577197344e-10
19.86,-7.79731334,20.83555526,-0.136088790592676,0.3636490407682232,-0.0069019414947648,0.030317740385244,0.1754267134334299,-0.6435916798799131,1.3267486366310712,-1.5999405670239928,1.0826626236585203e-37,-1.8514034285676398e-09,-1.0506753871563731e-37,-4.626100527529253e-11
19.87,-8.0955892,20.66309467,-0.1412946864288937,0.3606390356427911,-0.0055714543928129,0.0239221709766326,0.1330487101951758,-0.6395569408610395,1.3123287439660447,-1.5626036934269578,1.0776281964812033e-43,-1.3245058826609462e-09,-1.0419344730316097e-43,-3.3111284926698066e-11
19.88,-8.37631433,20.39728127,-0.1461942642404828,0.3559997166168704,-0.0046162838448846,0.0174770854069031,0.0955170547928477,-0.6445085569730792,1.2946570952907448,-1.525240157315509,6.954882907716801e-51,-1.9157045185743056e-09,-6.692119680921047e-51,-4.783178977585768e-11
19.89,-8.60669687,20.08230816,-0.1502151981025903,0.3505023987921242,-0.0039472455854741,0.0109565070572495,0.0669038259410393,-0.6520578349652557,1.2779426449118647,-1.4888395410002295,1.3279703262769323e-58,-3.3906602207541903e-09,-1.2715788970492716e-58,-8.441933188163828e-11
19.900000000000002,-8.78965441,19.69682603,-0.1534084095669396,0.3437744664160234,-0.0034839913748702,0.0043094270734063,0.0463254210603962,-0.6647079983844517,1.2638714182288535,-1.454375677783443,1.4625785340340482e-66,-8.80876313698324e-09,-1.3944005735364088e-66,-2.1840860249090394e-10
19.91,-8.90318276,19.26774583,-0.1553898530687961,0.3362856041709076,-0.0031226902324923,-0.0024759675428369,0.036130114237781,-0.6785394616242277,1.257655038085277,-1.4215860370477174,6.126083219375645e-72,-2.4649800730577668e-08,-5.828914016598e-72,-6.079778949609576e-10
19.92,-8.9653958,18.7710986,-0.156475675454471,0.327617474786498,-0.0027900429860486,-0.0094405765760039,0.0332647246443669,-0.6964609033165902,1.2583994597599897,-1.3914246933124887,9.73245365104916e-74,-9.114758954152364e-08,-9.262569859921592e-74,-2.234840862122387e-09
19.93,-8.92326861,18.25629217,-0.1557404172843577,0.3186324075725603,-0.0023497902438241,-0.0165576297678145,0.0440252742224635,-0.711705319181194,1.2738505396863788,-1.361849892368726,1.0688155464930331e-67,-2.7151814227260815e-07,-1.022159774816863e-67,-6.612214996721697e-09
19.94,-8.81284684,17.70731673,-0.1538131938319779,0.3090509786319757,-0.0017228704669812,-0.0238219733871258,0.0626919776842758,-0.726434361931021,1.297026041648971,-1.3333906576074437,4.8051685189048653e-60,-7.663052414665411e-07,-4.626708829395596e-60,-1.8523267772610693e-08
19.95,-8.61816454,17.13758096,-0.1504153467016225,0.2991072135790906,-0.0008166313636192,-0.0312106671702956,0.090623910336222,-0.7388693783171288,1.3271205561342094,-1.3051998593472058,4.741708393796533e-52,-1.8224360346879237e-06,-4.6020396271154964e-52,-4.3691906245475166e-08
19.96,-8.33788917,16.55461471,-0.1455236186828772,0.2889325330885862,0.0004548020680886,-0.0386919851628042,0.1271433431707713,-0.7481317992507438,1.3610443837679038,-1.276685709382655,1.0659421148395452e-44,-3.4739294652626623e-06,-1.0426527518319095e-44,-8.252861714702598e-08
19.97,-7.97126786,15.96165883,-0.1391248697154024,0.2785835006635258,0.0021698070349468,-0.0462317532234891,0.1715004966858486,-0.7539768060686342,1.3962168147795233,-1.2474991095975456,3.372253926607726e-38,-5.266926764569033e-06,-3.3211644365890395e-38,-1.2385791750763252e-07
19.98,-7.52419009,15.36180149,-0.1313218906164285,0.2681140150382707,0.0043908362524588,-0.0537939133927411,0.2221029217511625,-0.756216016925088,1.4305917602027756,-1.2173001395545613,1.3959487578938588e-32,-6.309708055655096e-06,-1.3822982945084522e-32,-1.467026745847994e-07
19.990000000000002,-7.00923367,14.74480347,-0.1223342055831457,0.2573453681109849,0.0071566492668233,-0.0613579878126237,0.2765813014365055,-0.7564074419884103,1.4629544484429842,-1.1867259475655827,8.15306884059776e-28,-6.636067052726112e-06,-8.105874201519588e-28,-1.5239602951414679e-07
20.0,-6.39117427,14.14788797,-0.111547034080245,0.2469272272797967,0.0105453511256026,-0.068857048101425,0.3388701858778769,-0.7499060288800125,1.4941687089826403,-1.1527558410079823,2.113929971672081e-23,-4.512433832582101e-06,-2.1077493550462704e-23,-1.021159384781464e-07
